date,Market_and_Exchange_Names,contract_code,open_interest,dealer_longs,dealer_shorts,asset_mgr_longs,asset_mgr_shorts,lev_longs,lev_shorts,change_lev_longs,change_lev_shorts,lev_net,lev_net_pct,lev_net_wow,lev_net_pct_wow,lev_net_4w,asset_mgr_net,asset_mgr_net_pct,dealer_net,dealer_net_pct,positioning_pctile,positioning_signal
2014-01-07,NASDAQ-100 STOCK INDEX (MINI) - CHICAGO MERCANTILE EXCHANGE,209742,432342,66403,310932,191423,18417,126031,58989,4800.0,28589.0,67042,0.15506705339754176,,,,173006,0.400160058472228,-244529,-0.5655915918416439,,
2014-01-14,NASDAQ-100 STOCK INDEX (MINI) - CHICAGO MERCANTILE EXCHANGE,209742,431180,58887,288789,189439,19128,133083,67188,7052.0,8199.0,65895,0.1528248063453778,-1147.0,-0.0022422470521639704,,170311,0.39498817199313513,-229902,-0.5331926341667054,0.0,EXTREME_SHORT
2014-01-21,NASDAQ-100 STOCK INDEX (MINI) - CHICAGO MERCANTILE EXCHANGE,209742,423596,56967,340606,187883,18437,125500,24489,-7583.0,-42699.0,101011,0.2384607031227868,35116.0,0.08563589677740902,,169446,0.40001794162362253,-283639,-0.6695979187716598,0.6666666666666666,NEUTRAL
2014-01-28,NASDAQ-100 STOCK INDEX (MINI) - CHICAGO MERCANTILE EXCHANGE,209742,428422,50838,337115,185737,24327,132943,31273,7443.0,6784.0,101670,0.23731274304307434,659.0,-0.0011479600797124623,,161410,0.3767546951370378,-286277,-0.6682126501440169,0.5,NEUTRAL
2014-02-04,NASDAQ-100 STOCK INDEX (MINI) - CHICAGO MERCANTILE EXCHANGE,209742,397238,51285,306446,170868,22159,115081,29902,-17862.0,-1371.0,85179,0.21442812621149035,-16491.0,-0.022884616831583993,18137.0,148709,0.3743574381101506,-255161,-0.6423378428045655,0.4,NEUTRAL
2014-02-11,NASDAQ-100 STOCK INDEX (MINI) - CHICAGO MERCANTILE EXCHANGE,209742,405971,54516,301570,186415,20056,108553,39432,-6528.0,9530.0,69121,0.17026092996790412,-16058.0,-0.044167196243586226,3226.0,166359,0.4097805015629195,-247054,-0.6085508570809245,0.3333333333333333,NEUTRAL
2014-02-18,NASDAQ-100 STOCK INDEX (MINI) - CHICAGO MERCANTILE EXCHANGE,209742,436373,59240,317738,188384,20958,127133,41745,18580.0,2313.0,85388,0.195676634438886,16267.0,0.025415704470981876,-15623.0,167426,0.3836763502783169,-258498,-0.5923785385438605,0.42857142857142855,NEUTRAL
2014-02-25,NASDAQ-100 STOCK INDEX (MINI) - CHICAGO MERCANTILE EXCHANGE,209742,460568,60120,343793,188005,20573,151345,45612,24212.0,3867.0,105733,0.22957087769884144,20345.0,0.03389424325995544,4063.0,167432,0.363533723576106,-283673,-0.6159199075923643,0.625,NEUTRAL
2014-03-04,NASDAQ-100 STOCK INDEX (MINI) - CHICAGO MERCANTILE EXCHANGE,209742,475074,60196,359001,200581,19648,155368,47880,4023.0,2268.0,107488,0.22625527812509208,1755.0,-0.003315599573749356,22309.0,180933,0.38085224617638513,-298805,-0.6289651717416656,0.5555555555555556,NEUTRAL
2014-03-11,NASDAQ-100 STOCK INDEX (MINI) - CHICAGO MERCANTILE EXCHANGE,209742,467493,66552,349047,197280,19692,138640,43420,-16728.0,-4460.0,95220,0.20368219417189135,-12268.0,-0.022573083953200734,26099.0,177588,0.3798730676181248,-282495,-0.6042764276684357,0.4,NEUTRAL
2014-03-18,NASDAQ-100 STOCK INDEX (MINI) - CHICAGO MERCANTILE EXCHANGE,209742,545159,68981,344632,184297,20438,143388,46260,4748.0,2840.0,97128,0.17816453548414315,1908.0,-0.02551765868774819,11740.0,163859,0.3005710260676243,-275651,-0.5056341360960748,0.2727272727272727,NEUTRAL
2014-03-25,NASDAQ-100 STOCK INDEX (MINI) - CHICAGO MERCANTILE EXCHANGE,209742,378710,26742,279197,187565,20263,113920,44795,-29468.0,-1465.0,69125,0.18252752765968683,-28003.0,0.004362992175543673,-36608.0,167302,0.4417681075229067,-252455,-0.6666182567135803,0.3333333333333333,NEUTRAL
2014-04-01,NASDAQ-100 STOCK INDEX (MINI) - CHICAGO MERCANTILE EXCHANGE,209742,366668,24278,267903,171128,21777,112830,44581,-1090.0,-214.0,68249,0.18613295951651085,-876.0,0.0036054318568240207,-39239.0,149351,0.407319427929353,-243625,-0.6644294020749015,0.38461538461538464,NEUTRAL
2014-04-08,NASDAQ-100 STOCK INDEX (MINI) - CHICAGO MERCANTILE EXCHANGE,209742,371802,30870,234734,162506,23090,103499,81345,-9331.0,36764.0,22154,0.059585478292209296,-46095.0,-0.12654748122430154,-73066.0,139416,0.37497377636483936,-203864,-0.5483133495785392,0.0,EXTREME_SHORT
2014-04-15,NASDAQ-100 STOCK INDEX (MINI) - CHICAGO MERCANTILE EXCHANGE,209742,350529,35784,213881,153394,31130,93076,66279,-10423.0,-15066.0,26797,0.07644731249054999,4643.0,0.016861834198340697,-70331.0,122264,0.3487985302214653,-178097,-0.5080806438269017,0.06666666666666667,EXTREME_SHORT
2014-04-22,NASDAQ-100 STOCK INDEX (MINI) - CHICAGO MERCANTILE EXCHANGE,209742,328921,31431,180711,147991,34282,79772,72382,-13304.0,6103.0,7390,0.022467400986863107,-19407.0,-0.05397991150368689,-61735.0,113709,0.3457030715582161,-149280,-0.45384758042204665,0.0,EXTREME_SHORT
2014-04-29,NASDAQ-100 STOCK INDEX (MINI) - CHICAGO MERCANTILE EXCHANGE,209742,348922,31548,186600,145082,41523,94052,79383,14280.0,7001.0,14669,0.04204091458836072,7279.0,0.019573513601497613,-53580.0,103559,0.29679699187784087,-155052,-0.4443743873989029,0.058823529411764705,EXTREME_SHORT
2014-05-06,NASDAQ-100 STOCK INDEX (MINI) - CHICAGO MERCANTILE EXCHANGE,209742,347676,29319,177204,137647,42986,101001,84313,6949.0,4930.0,16688,0.04799871144398808,2019.0,0.005957796855627362,-5466.0,94661,0.2722678585809777,-147885,-0.42535291478272874,0.1111111111111111,EXTREME_SHORT
2014-05-13,NASDAQ-100 STOCK INDEX (MINI) - CHICAGO MERCANTILE EXCHANGE,209742,361384,32622,177300,139004,41524,102228,98618,1227.0,14305.0,3610,0.009989374183693799,-13078.0,-0.03800933726029428,-23187.0,97480,0.2697407743563633,-144678,-0.40034423217408627,0.0,EXTREME_SHORT
2014-05-20,NASDAQ-100 STOCK INDEX (MINI) - CHICAGO MERCANTILE EXCHANGE,209742,353944,37001,170012,138639,40370,89694,99749,-12534.0,1131.0,-10055,-0.02840844879415953,-13665.0,-0.038397822977853324,-17445.0,98269,0.2776399656442827,-133011,-0.3757967362068576,0.0,EXTREME_SHORT
2014-05-27,NASDAQ-100 STOCK INDEX (MINI) - CHICAGO MERCANTILE EXCHANGE,209742,350156,35288,176832,143862,31842,101001,86762,11307.0,-12987.0,14239,0.040664732290750405,24294.0,0.06907318108490994,-430.0,112020,0.31991455237094324,-141544,-0.4042312569254846,0.14285714285714285,EXTREME_SHORT
2014-06-03,NASDAQ-100 STOCK INDEX (MINI) - CHICAGO MERCANTILE EXCHANGE,209742,368538,32907,188726,145775,33042,106384,83563,5383.0,-3199.0,22821,0.061923058137831104,8582.0,0.0212583258470807,6133.0,112733,0.305892472418041,-155819,-0.4228030759378951,0.3181818181818182,NEUTRAL
2014-06-10,NASDAQ-100 STOCK INDEX (MINI) - CHICAGO MERCANTILE EXCHANGE,209742,364774,36369,191414,146562,33050,96019,65948,-10365.0,-17615.0,30071,0.08243734476689676,7250.0,0.02051428662906566,26461.0,113512,0.3111844594187086,-155045,-0.4250439998464803,0.391304347826087,NEUTRAL
2014-06-17,NASDAQ-100 STOCK INDEX (MINI) - CHICAGO MERCANTILE EXCHANGE,209742,479145,40418,203856,147798,33911,102888,61876,6869.0,-4072.0,41012,0.08559413121288963,10941.0,0.0031567864459928624,51067.0,113887,0.23768796502102704,-163438,-0.34110342380698955,0.4166666666666667,NEUTRAL
2014-06-24,NASDAQ-100 STOCK INDEX (MINI) - CHICAGO MERCANTILE EXCHANGE,209742,342676,25893,209474,177620,29501,92081,47198,-10807.0,-14678.0,44883,0.1309779500169256,3871.0,0.04538381880403598,30644.0,148119,0.43224211791896716,-183581,-0.5357276260957873,0.44,NEUTRAL
2014-07-01,NASDAQ-100 STOCK INDEX (MINI) - CHICAGO MERCANTILE EXCHANGE,209742,358922,25485,205766,181561,29601,93115,60376,1034.0,13178.0,32739,0.09121480433074595,-12144.0,-0.039763145686179655,9918.0,151960,0.4233788956932147,-180281,-0.5022846189422772,0.4230769230769231,NEUTRAL
2014-07-08,NASDAQ-100 STOCK INDEX (MINI) - CHICAGO MERCANTILE EXCHANGE,209742,360969,24760,215268,190012,28291,90868,59461,-2247.0,-915.0,31407,0.08700747155572916,-1332.0,-0.004207332775016795,1336.0,161721,0.44801908197102797,-190508,-0.5277683125143711,0.4074074074074074,NEUTRAL
2014-07-15,NASDAQ-100 STOCK INDEX (MINI) - CHICAGO MERCANTILE EXCHANGE,209742,358224,25563,211973,193512,26336,87887,60807,-2981.0,1346.0,27080,0.07559515833668319,-4327.0,-0.01141231321904597,-13932.0,167176,0.4666800661038903,-186410,-0.5203727276787709,0.2857142857142857,NEUTRAL
2014-07-22,NASDAQ-100 STOCK INDEX (MINI) - CHICAGO MERCANTILE EXCHANGE,209742,362936,27820,221834,187806,25917,97055,55854,9168.0,-4953.0,41201,0.11352139220137986,14121.0,0.037926233864696665,-3682.0,161889,0.4460538497145502,-194014,-0.5345680781184562,0.4827586206896552,NEUTRAL
2014-07-29,NASDAQ-100 STOCK INDEX (MINI) - CHICAGO MERCANTILE EXCHANGE,209742,373435,29684,226163,193913,26566,100711,60879,3656.0,5025.0,39832,0.10666381030165892,-1369.0,-0.006857581899720938,7093.0,167347,0.4481288577664118,-196479,-0.5261397565841445,0.4666666666666667,NEUTRAL
2014-08-05,NASDAQ-100 STOCK INDEX (MINI) - CHICAGO MERCANTILE EXCHANGE,209742,361091,29137,216697,180813,28366,99770,58119,-941.0,-2760.0,41651,0.1153476547463105,1819.0,0.008683844444651576,10244.0,152447,0.422184435502408,-187560,-0.519425851101246,0.5161290322580645,NEUTRAL
2014-08-12,NASDAQ-100 STOCK INDEX (MINI) - CHICAGO MERCANTILE EXCHANGE,209742,344332,33350,203290,165934,33906,94897,50534,-4873.0,-7585.0,44363,0.12883786578070003,2712.0,0.013490211034389535,17283.0,132028,0.383432268856801,-169940,-0.4935353089460172,0.53125,NEUTRAL
2014-08-19,NASDAQ-100 STOCK INDEX (MINI) - CHICAGO MERCANTILE EXCHANGE,209742,358871,38470,201533,165671,30160,92649,67922,-2248.0,17388.0,24727,0.06890219605373518,-19636.0,-0.059935669726964846,-16474.0,135511,0.37760365145135716,-163063,-0.45437775690986454,0.24242424242424243,NEUTRAL
2014-08-26,NASDAQ-100 STOCK INDEX (MINI) - CHICAGO MERCANTILE EXCHANGE,209742,360386,34630,195242,158799,29602,104380,69566,11731.0,1644.0,34814,0.09660197676935287,10087.0,0.027699780715617683,-5018.0,129197,0.35849616799764694,-160612,-0.445666590822063,0.4411764705882353,NEUTRAL
2014-09-02,NASDAQ-100 STOCK INDEX (MINI) - CHICAGO MERCANTILE EXCHANGE,209742,367413,35399,200815,165571,29927,103600,70277,-780.0,711.0,33323,0.09069630089300051,-1491.0,-0.005905675876352351,-8328.0,135644,0.36918671903280503,-165416,-0.45021814688103035,0.4,NEUTRAL
2014-09-09,NASDAQ-100 STOCK INDEX (MINI) - CHICAGO MERCANTILE EXCHANGE,209742,365790,30311,201721,165329,29118,103196,64405,-404.0,-5872.0,38791,0.10604718554361792,5468.0,0.015350884650617402,-5572.0,136211,0.3723748598922879,-171410,-0.468602203450067,0.4722222222222222,NEUTRAL
2014-09-16,NASDAQ-100 STOCK INDEX (MINI) - CHICAGO MERCANTILE EXCHANGE,209742,507516,27154,209328,164470,29438,113286,71385,10090.0,6980.0,41901,0.08256094389142411,3110.0,-0.023486241652193804,17174.0,135032,0.26606451816297416,-182174,-0.3589522300774754,0.32432432432432434,NEUTRAL
2014-09-23,NASDAQ-100 STOCK INDEX (MINI) - CHICAGO MERCANTILE EXCHANGE,209742,377838,19703,242223,188210,29905,115850,45963,2564.0,-25422.0,69887,0.18496551432095237,27986.0,0.10240457042952826,35073.0,158305,0.4189758573780297,-222520,-0.5889296470974333,0.7631578947368421,NEUTRAL
2014-09-30,NASDAQ-100 STOCK INDEX (MINI) - CHICAGO MERCANTILE EXCHANGE,209742,378107,14802,245288,182728,30451,125818,45632,9968.0,-331.0,80186,0.21207224410021502,10299.0,0.02710672977926265,46863.0,152277,0.40273520458494555,-230486,-0.6095787700307056,0.8461538461538461,EXTREME_LONG
2014-10-07,NASDAQ-100 STOCK INDEX (MINI) - CHICAGO MERCANTILE EXCHANGE,209742,375071,17309,245476,177633,34956,130376,39618,4558.0,-6014.0,90758,0.24197551930167888,10572.0,0.029903275201463853,51967.0,142677,0.38039997760424027,-228167,-0.608330156157101,0.975,EXTREME_LONG
2014-10-14,NASDAQ-100 STOCK INDEX (MINI) - CHICAGO MERCANTILE EXCHANGE,209742,365555,20539,228798,174435,32419,119195,53214,-11181.0,13596.0,65981,0.1804954110872509,-24777.0,-0.06148010821442798,24080.0,142016,0.3884942074380052,-208259,-0.5697063369397218,0.6829268292682927,NEUTRAL
2014-10-21,NASDAQ-100 STOCK INDEX (MINI) - CHICAGO MERCANTILE EXCHANGE,209742,322938,21824,184507,159154,32628,83296,52968,-35899.0,-246.0,30328,0.09391276344066044,-35653.0,-0.08658264764659046,-39559.0,126526,0.391796567762233,-162683,-0.5037592355188921,0.40476190476190477,NEUTRAL
2014-10-28,NASDAQ-100 STOCK INDEX (MINI) - CHICAGO MERCANTILE EXCHANGE,209742,327867,22327,191926,159063,31775,81222,50017,-2074.0,-2951.0,31205,0.09517578774320075,877.0,0.0012630243025403137,-48981.0,127288,0.38823059350285327,-169599,-0.5172798726312804,0.4186046511627907,NEUTRAL
2014-11-04,NASDAQ-100 STOCK INDEX (MINI) - CHICAGO MERCANTILE EXCHANGE,209742,340285,20088,214938,162948,29472,97003,49199,15781.0,-818.0,47804,0.14048224282586655,16599.0,0.0453064550826658,-42954.0,133476,0.3922476747432299,-194850,-0.5726082548452033,0.5909090909090909,NEUTRAL
2014-11-11,NASDAQ-100 STOCK INDEX (MINI) - CHICAGO MERCANTILE EXCHANGE,209742,347041,18578,225152,171773,29169,106181,45094,9178.0,-4105.0,61087,0.17602242962647066,13283.0,0.03554018680060411,-4894.0,142604,0.4109139842266476,-206574,-0.5952437896386882,0.6666666666666666,NEUTRAL
2014-11-18,NASDAQ-100 STOCK INDEX (MINI) - CHICAGO MERCANTILE EXCHANGE,209742,365218,18983,225960,180778,29117,109276,52831,3095.0,7737.0,56445,0.1545515281284055,-4642.0,-0.02147090149806516,26117.0,151661,0.41526156980214557,-206977,-0.5667217935589155,0.6086956521739131,NEUTRAL
2014-11-25,NASDAQ-100 STOCK INDEX (MINI) - CHICAGO MERCANTILE EXCHANGE,209742,369453,23263,220733,179632,28595,108919,50122,-357.0,-2709.0,58797,0.1591460889477146,2352.0,0.00459456081930909,27592.0,151037,0.4088124876506619,-197470,-0.5344928854279164,0.6382978723404256,NEUTRAL
2014-12-02,NASDAQ-100 STOCK INDEX (MINI) - CHICAGO MERCANTILE EXCHANGE,209742,381828,23916,227528,185600,29418,114657,61619,5738.0,11497.0,53038,0.13890547576395654,-5759.0,-0.020240613183758055,5234.0,156182,0.40903757712896904,-203612,-0.5332558115172277,0.5416666666666666,NEUTRAL
2014-12-09,NASDAQ-100 STOCK INDEX (MINI) - CHICAGO MERCANTILE EXCHANGE,209742,384883,23412,228152,184849,30764,117270,60824,2613.0,-795.0,56446,0.1466575556727629,3408.0,0.0077520799088063586,-4641.0,154085,0.40034244172904493,-204740,-0.5319538664996896,0.5714285714285714,NEUTRAL
2014-12-16,NASDAQ-100 STOCK INDEX (MINI) - CHICAGO MERCANTILE EXCHANGE,209742,447764,21364,216489,167865,32155,127328,66211,10058.0,5387.0,61117,0.1364937779723247,4671.0,-0.010163777700438192,4672.0,135710,0.30308376734172465,-195125,-0.43577643580100234,0.52,NEUTRAL
2014-12-23,NASDAQ-100 STOCK INDEX (MINI) - CHICAGO MERCANTILE EXCHANGE,209742,340204,14143,206102,172843,28351,95936,71963,-31392.0,5752.0,23973,0.07046654360324982,-37144.0,-0.06602723436907489,-34824.0,144492,0.4247216376056719,-191959,-0.564246746070005,0.17647058823529413,EXTREME_SHORT
2014-12-30,NASDAQ-100 STOCK INDEX (MINI) - CHICAGO MERCANTILE EXCHANGE,209742,334697,16841,204569,166063,27838,92457,68320,-3479.0,-3643.0,24137,0.07211597355219795,164.0,0.0016494299489481362,-28901.0,138225,0.4129854764159822,-187728,-0.5608894014586328,0.19230769230769232,EXTREME_SHORT
2015-01-06,NASDAQ-100 STOCK INDEX (MINI) - CHICAGO MERCANTILE EXCHANGE,209742,336023,16350,204438,165429,28984,95550,65556,3093.0,-2764.0,29994,0.0892617469637495,5857.0,0.017145773411551546,-26452.0,136445,0.40605851385173036,-188088,-0.5597473982435726,0.32075471698113206,NEUTRAL
2015-01-13,NASDAQ-100 STOCK INDEX (MINI) - CHICAGO MERCANTILE EXCHANGE,209742,316911,13371,188394,147158,28074,94897,61258,-653.0,-4298.0,33639,0.10614652063197554,3645.0,0.016884773668226036,-27478.0,119084,0.375764804629691,-175023,-0.5522780843833127,0.4444444444444444,NEUTRAL
2015-01-20,NASDAQ-100 STOCK INDEX (MINI) - CHICAGO MERCANTILE EXCHANGE,209742,305680,14737,177065,139319,34356,87298,58305,-7599.0,-2953.0,28993,0.09484755299659775,-4646.0,-0.011298967635377785,5020.0,104963,0.34337542528133996,-162328,-0.5310389950274798,0.38181818181818183,NEUTRAL
2015-01-27,NASDAQ-100 STOCK INDEX (MINI) - CHICAGO MERCANTILE EXCHANGE,209742,301513,19980,178451,131450,33866,86137,56276,-1161.0,-2029.0,29861,0.09903718910959063,868.0,0.0041896361129928755,5724.0,97584,0.32364773658183893,-158471,-0.5255859614676648,0.42857142857142855,NEUTRAL
2015-02-03,NASDAQ-100 STOCK INDEX (MINI) - CHICAGO MERCANTILE EXCHANGE,209742,301683,27094,180381,129752,34217,81067,47795,-5070.0,-8481.0,33272,0.11028795126009752,3411.0,0.011250762150506896,3278.0,95535,0.3166734618788596,-153287,-0.5081061909355185,0.49122807017543857,NEUTRAL
2015-02-10,NASDAQ-100 STOCK INDEX (MINI) - CHICAGO MERCANTILE EXCHANGE,209742,314616,24908,185797,128819,34245,93859,55754,12792.0,7959.0,38105,0.12111590001779948,4833.0,0.01082794875770196,4466.0,94574,0.3006013680168841,-160889,-0.5113821293259084,0.5344827586206896,NEUTRAL
2015-02-17,NASDAQ-100 STOCK INDEX (MINI) - CHICAGO MERCANTILE EXCHANGE,209742,330495,15152,201149,141967,31323,105876,57611,12017.0,1857.0,48265,0.14603851798060485,10160.0,0.02492261796280537,19272.0,110644,0.33478267447313875,-185997,-0.5627830980801525,0.6271186440677966,NEUTRAL
2015-02-24,NASDAQ-100 STOCK INDEX (MINI) - CHICAGO MERCANTILE EXCHANGE,209742,343761,11804,208215,146103,31468,120251,60868,14375.0,3257.0,59383,0.1727450176139818,11118.0,0.026706499633376957,29522.0,114635,0.33347296522874903,-196411,-0.5713591710519809,0.7333333333333333,NEUTRAL
2015-03-03,NASDAQ-100 STOCK INDEX (MINI) - CHICAGO MERCANTILE EXCHANGE,209742,350139,12387,213764,153469,31875,127703,61838,7452.0,970.0,65865,0.18811100734279815,6482.0,0.015365989728816337,32593.0,121594,0.3472735113769103,-201377,-0.575134446605491,0.8360655737704918,EXTREME_LONG
2015-03-10,NASDAQ-100 STOCK INDEX (MINI) - CHICAGO MERCANTILE EXCHANGE,209742,349658,14674,210513,144591,37353,129612,55020,1909.0,-6818.0,74592,0.21332845237346207,8727.0,0.02521744503066392,36487.0,107238,0.3066939695359466,-195839,-0.5600872852901978,0.8870967741935484,EXTREME_LONG
2015-03-17,NASDAQ-100 STOCK INDEX (MINI) - CHICAGO MERCANTILE EXCHANGE,209742,404598,19314,203058,134546,37812,112411,44500,-17201.0,-10520.0,67911,0.16784808624857267,-6681.0,-0.0454803661248894,19646.0,96734,0.2390866984018705,-183744,-0.4541396645559296,0.6825396825396826,NEUTRAL
2015-03-24,NASDAQ-100 STOCK INDEX (MINI) - CHICAGO MERCANTILE EXCHANGE,209742,334803,14308,229233,153089,28052,111172,42437,-1239.0,-2063.0,68735,0.20529983303614363,824.0,0.03745174678757096,9352.0,125037,0.3734643954803272,-214925,-0.6419446659677482,0.859375,EXTREME_LONG
2015-03-31,NASDAQ-100 STOCK INDEX (MINI) - CHICAGO MERCANTILE EXCHANGE,209742,319836,14059,212040,154608,27366,91329,37010,-19843.0,-5427.0,54319,0.1698339148813767,-14416.0,-0.035465918154766934,-11546.0,127242,0.39783514050951113,-197981,-0.6190078665315975,0.676923076923077,NEUTRAL
2015-04-07,NASDAQ-100 STOCK INDEX (MINI) - CHICAGO MERCANTILE EXCHANGE,209742,319792,14123,212683,150820,28114,94399,39905,3070.0,2895.0,54494,0.17040451293340672,175.0,0.0005705980520300247,-20098.0,122706,0.38370565867814077,-198560,-0.6209035873317656,0.696969696969697,NEUTRAL
2015-04-14,NASDAQ-100 STOCK INDEX (MINI) - CHICAGO MERCANTILE EXCHANGE,209742,330619,12962,221309,155133,28174,106998,44599,12599.0,4694.0,62399,0.1887338598205185,7905.0,0.01832934688711177,-5512.0,126959,0.3840039441169443,-208347,-0.6301724946237209,0.8208955223880597,EXTREME_LONG
2015-04-21,NASDAQ-100 STOCK INDEX (MINI) - CHICAGO MERCANTILE EXCHANGE,209742,333550,13377,218701,154287,29996,110221,46865,3223.0,2266.0,63356,0.18994453605156647,957.0,0.0012106762310479802,-5379.0,124291,0.3726307899865088,-205324,-0.6155718782791185,0.8235294117647058,EXTREME_LONG
2015-04-28,NASDAQ-100 STOCK INDEX (MINI) - CHICAGO MERCANTILE EXCHANGE,209742,365930,10316,232022,154490,27107,139616,61527,29395.0,14662.0,78089,0.21339873746344928,14733.0,0.023454201411882813,23770.0,127383,0.3481075615554888,-221706,-0.6058699751318558,0.8985507246376812,EXTREME_LONG
2015-05-05,NASDAQ-100 STOCK INDEX (MINI) - CHICAGO MERCANTILE EXCHANGE,209742,341880,15331,207361,148695,27203,112841,49729,-26775.0,-11798.0,63112,0.1846027846027846,-14977.0,-0.028795952860664692,8618.0,121492,0.3553644553644554,-192030,-0.5616883116883117,0.7428571428571429,NEUTRAL
2015-05-12,NASDAQ-100 STOCK INDEX (MINI) - CHICAGO MERCANTILE EXCHANGE,209742,309386,16826,190944,137846,27269,97549,51933,-15292.0,2204.0,45616,0.14744041423981694,-17496.0,-0.037162370362967656,-16783.0,110577,0.35740789822422475,-174118,-0.5627856464093398,0.5492957746478874,NEUTRAL
2015-05-19,NASDAQ-100 STOCK INDEX (MINI) - CHICAGO MERCANTILE EXCHANGE,209742,318845,16652,194394,141496,27079,98692,56814,1143.0,4881.0,41878,0.13134281547460364,-3738.0,-0.0160975987652133,-21478.0,114417,0.3588483432388778,-177742,-0.5574558170898085,0.4722222222222222,NEUTRAL
2015-05-26,NASDAQ-100 STOCK INDEX (MINI) - CHICAGO MERCANTILE EXCHANGE,209742,316571,15469,188366,145989,26913,91979,56786,-6713.0,-28.0,35193,0.11116937432677029,-6685.0,-0.020173441147833343,-42896.0,119076,0.376143108496988,-172897,-0.5461555227737221,0.3972602739726027,NEUTRAL
2015-06-02,NASDAQ-100 STOCK INDEX (MINI) - CHICAGO MERCANTILE EXCHANGE,209742,330764,15254,204206,154700,26654,98000,55684,6021.0,-1102.0,42316,0.12793411616741845,7123.0,0.016764741840648162,-20796.0,128046,0.38712193588177674,-188952,-0.5712592664256085,0.44594594594594594,NEUTRAL
2015-06-09,NASDAQ-100 STOCK INDEX (MINI) - CHICAGO MERCANTILE EXCHANGE,209742,319357,16288,183018,144944,28553,89304,58871,-8696.0,3187.0,30433,0.09529460760215057,-11883.0,-0.032639508565267886,-15183.0,116391,0.3644542001584434,-166730,-0.5220803051130866,0.30666666666666664,NEUTRAL
2015-06-16,NASDAQ-100 STOCK INDEX (MINI) - CHICAGO MERCANTILE EXCHANGE,209742,390932,18042,184765,143774,28955,87810,50272,-1494.0,-8599.0,37538,0.09602181453552025,7105.0,0.0007272069333696812,-4340.0,114819,0.2937058107292317,-166723,-0.4264757042145437,0.3157894736842105,NEUTRAL
2015-06-23,NASDAQ-100 STOCK INDEX (MINI) - CHICAGO MERCANTILE EXCHANGE,209742,346623,16407,243949,168494,25695,102938,38773,15128.0,-11499.0,64165,0.1851146634816501,26627.0,0.08909284894612984,28972.0,142799,0.41197208494531523,-227542,-0.6564538417819937,0.7792207792207793,NEUTRAL
2015-06-30,NASDAQ-100 STOCK INDEX (MINI) - CHICAGO MERCANTILE EXCHANGE,209742,310974,20350,207430,157966,28390,76290,39236,-26648.0,463.0,37054,0.11915465601625859,-27111.0,-0.0659600074653915,-5262.0,129576,0.41667792162688844,-187080,-0.6015937023674005,0.4358974358974359,NEUTRAL
2015-07-07,NASDAQ-100 STOCK INDEX (MINI) - CHICAGO MERCANTILE EXCHANGE,209742,296093,20665,193493,150996,27780,67604,35546,-8686.0,-3690.0,32058,0.10827003677898499,-4996.0,-0.010884619237273602,1625.0,123216,0.4161395237307197,-172828,-0.5836949877234517,0.379746835443038,NEUTRAL
2015-07-14,NASDAQ-100 STOCK INDEX (MINI) - CHICAGO MERCANTILE EXCHANGE,209742,303999,18306,204133,154903,26895,77370,30727,9766.0,-4819.0,46643,0.15343142576126895,14585.0,0.04516138898228396,9105.0,128008,0.4210803325010938,-185827,-0.6112750370889378,0.6,NEUTRAL
2015-07-21,NASDAQ-100 STOCK INDEX (MINI) - CHICAGO MERCANTILE EXCHANGE,209742,344873,16925,226214,160642,27291,110031,46010,32661.0,15283.0,64021,0.18563645167931384,17378.0,0.03220502591804489,-144.0,133351,0.3866669759592662,-209289,-0.6068581767781184,0.7901234567901234,NEUTRAL
2015-07-28,NASDAQ-100 STOCK INDEX (MINI) - CHICAGO MERCANTILE EXCHANGE,209742,361523,17572,254657,167796,29721,115976,37204,5945.0,-8806.0,78772,0.21788931824531219,14751.0,0.03225286656599835,41718.0,138075,0.38192590789520997,-237085,-0.655795066980524,0.926829268292683,EXTREME_LONG
2015-08-04,NASDAQ-100 STOCK INDEX (MINI) - CHICAGO MERCANTILE EXCHANGE,209742,353171,18738,238603,168822,29357,105370,43080,-10606.0,5876.0,62290,0.1763734847991483,-16482.0,-0.041515833446163886,30232.0,139465,0.39489369172440547,-219865,-0.6225454524861894,0.6987951807228916,NEUTRAL
2015-08-11,NASDAQ-100 STOCK INDEX (MINI) - CHICAGO MERCANTILE EXCHANGE,209742,344511,25918,225216,159939,31121,90120,39481,-15250.0,-3599.0,50639,0.1469880497284557,-11651.0,-0.029385435070692606,3996.0,128818,0.3739154918130336,-199298,-0.5784953165501246,0.5476190476190477,NEUTRAL
2015-08-18,NASDAQ-100 STOCK INDEX (MINI) - CHICAGO MERCANTILE EXCHANGE,209742,350713,24914,229315,163758,32146,99220,44632,9100.0,5151.0,54588,0.15564863577911284,3949.0,0.008660586050657143,-9433.0,131612,0.37526980750642264,-204401,-0.5828155785499824,0.611764705882353,NEUTRAL
2015-08-25,NASDAQ-100 STOCK INDEX (MINI) - CHICAGO MERCANTILE EXCHANGE,209742,316080,43455,139342,145725,47991,71466,79277,-27754.0,34645.0,-7811,-0.024712098202986584,-62399.0,-0.18036073398209942,-86583.0,97734,0.309206529992407,-95887,-0.303363072639838,0.011627906976744186,EXTREME_SHORT
2015-09-01,NASDAQ-100 STOCK INDEX (MINI) - CHICAGO MERCANTILE EXCHANGE,209742,295040,52514,112707,134713,45985,53301,82421,-18165.0,3144.0,-29120,-0.09869848156182212,-21309.0,-0.07398638335883553,-91410.0,88728,0.30073210412147505,-60193,-0.20401640455531453,0.0,EXTREME_SHORT
2015-09-08,NASDAQ-100 STOCK INDEX (MINI) - CHICAGO MERCANTILE EXCHANGE,209742,296107,57490,104882,133827,44743,50260,82471,-3041.0,50.0,-32211,-0.10878162285930423,-3091.0,-0.010083141297482112,-82850.0,89084,0.3008507059947924,-47392,-0.16005025210481347,0.0,EXTREME_SHORT
2015-09-15,NASDAQ-100 STOCK INDEX (MINI) - CHICAGO MERCANTILE EXCHANGE,209742,323515,55183,121295,130198,44606,53829,65817,3569.0,-16654.0,-11988,-0.03705546883452081,20223.0,0.07172615402478343,-66576.0,85592,0.264568876249942,-66112,-0.20435528491723723,0.02247191011235955,EXTREME_SHORT
2015-09-22,NASDAQ-100 STOCK INDEX (MINI) - CHICAGO MERCANTILE EXCHANGE,209742,266500,24951,118894,142454,47561,51160,53660,-2669.0,-12157.0,-2500,-0.009380863039399626,9488.0,0.027674605795121182,5311.0,94893,0.3560712945590994,-93943,-0.3525065666041276,0.05555555555555555,EXTREME_SHORT
2015-09-29,NASDAQ-100 STOCK INDEX (MINI) - CHICAGO MERCANTILE EXCHANGE,209742,260494,25362,117440,139513,54834,46684,44448,-4476.0,-9212.0,2236,0.008583690987124463,4736.0,0.01796455402652409,31356.0,84679,0.32507082696722384,-92078,-0.3534745521969796,0.06593406593406594,EXTREME_SHORT
2015-10-06,NASDAQ-100 STOCK INDEX (MINI) - CHICAGO MERCANTILE EXCHANGE,209742,260686,25684,113617,145215,53191,45619,48778,-1065.0,4330.0,-3159,-0.012118027051702047,-5395.0,-0.020701718038826512,29052.0,92024,0.35300706597208903,-87933,-0.3373138565170358,0.05434782608695652,EXTREME_SHORT
2015-10-13,NASDAQ-100 STOCK INDEX (MINI) - CHICAGO MERCANTILE EXCHANGE,209742,268193,25408,123427,148894,53484,46472,47733,853.0,-1045.0,-1261,-0.004701837855574157,1898.0,0.00741618919612789,10727.0,95410,0.3557512686759162,-98019,-0.3654793376411763,0.07526881720430108,EXTREME_SHORT
2015-10-20,NASDAQ-100 STOCK INDEX (MINI) - CHICAGO MERCANTILE EXCHANGE,209742,288365,26085,145786,149742,50790,64569,49433,18097.0,1700.0,15136,0.05248903299637612,16397.0,0.05719087085195028,17636.0,98952,0.34314844034470204,-119701,-0.4151023875990498,0.14893617021276595,EXTREME_SHORT
2015-10-27,NASDAQ-100 STOCK INDEX (MINI) - CHICAGO MERCANTILE EXCHANGE,209742,324354,26530,186014,158000,46384,88483,44826,23914.0,-4607.0,43657,0.13459676772908613,28521.0,0.08210773473271002,41421.0,111616,0.344117846550374,-159484,-0.4916973430264464,0.5263157894736842,NEUTRAL
2015-11-03,NASDAQ-100 STOCK INDEX (MINI) - CHICAGO MERCANTILE EXCHANGE,209742,341687,25403,194883,163653,44059,98553,54995,10070.0,10169.0,43558,0.1274792426987272,-99.0,-0.007117525030358923,46717.0,119594,0.350010389625593,-169480,-0.4960095057757538,0.4791666666666667,NEUTRAL
2015-11-10,NASDAQ-100 STOCK INDEX (MINI) - CHICAGO MERCANTILE EXCHANGE,209742,364914,26152,219654,160794,42563,119474,57223,20921.0,2228.0,62251,0.17059087894682035,18693.0,0.04311163624809314,63512.0,118231,0.32399688693774426,-193502,-0.530267405470878,0.711340206185567,NEUTRAL
2015-11-17,NASDAQ-100 STOCK INDEX (MINI) - CHICAGO MERCANTILE EXCHANGE,209742,349775,28317,217262,159895,43259,104885,43644,-14589.0,-13579.0,61241,0.17508684154099063,-1010.0,0.0044959625941702885,46105.0,116636,0.333460081480952,-188945,-0.540190122221428,0.7244897959183674,NEUTRAL
2015-11-24,NASDAQ-100 STOCK INDEX (MINI) - CHICAGO MERCANTILE EXCHANGE,209742,337248,29167,193749,158726,41524,88582,51472,-16303.0,7828.0,37110,0.1100377170509536,-24131.0,-0.06504912449003704,-6547.0,117202,0.34752467027232187,-164582,-0.4880147547205617,0.40404040404040403,NEUTRAL
2015-12-01,NASDAQ-100 STOCK INDEX (MINI) - CHICAGO MERCANTILE EXCHANGE,209742,346572,31618,190166,161615,50984,90845,54612,2263.0,3140.0,36233,0.10454681855429752,-877.0,-0.0054908984966560714,-7325.0,110631,0.31921505488037116,-158548,-0.4574749258451346,0.36,NEUTRAL
2015-12-08,NASDAQ-100 STOCK INDEX (MINI) - CHICAGO MERCANTILE EXCHANGE,209742,337224,32209,175827,158216,52666,85899,59808,-4946.0,5196.0,26091,0.07736993808269874,-10142.0,-0.02717688047159879,-36160.0,105550,0.3129967024885536,-143618,-0.42588309254382845,0.21782178217821782,NEUTRAL
2015-12-15,NASDAQ-100 STOCK INDEX (MINI) - CHICAGO MERCANTILE EXCHANGE,209742,385220,25933,193007,157749,48176,93291,49845,7392.0,-9963.0,43446,0.1127823062146306,17355.0,0.03541236813193187,-17795.0,109573,0.2844426561445408,-167074,-0.43371060692591246,0.4411764705882353,NEUTRAL
2015-12-22,NASDAQ-100 STOCK INDEX (MINI) - CHICAGO MERCANTILE EXCHANGE,209742,307993,8378,187201,161330,47850,87143,41358,-6148.0,-8487.0,45785,0.1486559759475053,2339.0,0.03587366973287469,8675.0,113480,0.36844993230365625,-178823,-0.58060735146578,0.6116504854368932,NEUTRAL
2015-12-29,NASDAQ-100 STOCK INDEX (MINI) - CHICAGO MERCANTILE EXCHANGE,209742,316070,11047,198453,164097,45260,93114,39579,5971.0,-1779.0,53535,0.16937703673236942,7750.0,0.02072106078486413,17302.0,118837,0.3759831682855064,-187406,-0.5929256177429051,0.6826923076923077,NEUTRAL
2016-01-05,NASDAQ-100 STOCK INDEX (MINI) - CHICAGO MERCANTILE EXCHANGE,209742,302181,12519,169282,154280,51710,87874,41851,-5240.0,2272.0,46023,0.1523027589424881,-7512.0,-0.017074277789881326,19932.0,102570,0.33943232698283476,-156763,-0.5187718618973397,0.6095238095238096,NEUTRAL
2016-01-12,NASDAQ-100 STOCK INDEX (MINI) - CHICAGO MERCANTILE EXCHANGE,209742,300742,16562,161148,153121,69051,84793,33330,-3081.0,-8521.0,51463,0.1711200962951633,5440.0,0.018817337352675212,8017.0,84070,0.27954193295249746,-144586,-0.480764243105386,0.7264150943396226,NEUTRAL
2016-01-19,NASDAQ-100 STOCK INDEX (MINI) - CHICAGO MERCANTILE EXCHANGE,209742,277245,16480,140914,148911,69254,65472,30470,-19321.0,-2860.0,35002,0.1262493462461,-16461.0,-0.044870750049063296,-10783.0,79657,0.2873162726108676,-124434,-0.44882324298003573,0.4672897196261682,NEUTRAL
2016-01-26,NASDAQ-100 STOCK INDEX (MINI) - CHICAGO MERCANTILE EXCHANGE,209742,268896,38385,129007,127418,62081,54354,41693,-11118.0,11223.0,12661,0.047085118410091636,-22341.0,-0.07916422783600838,-40874.0,65337,0.24298241699393075,-90622,-0.33701505414732835,0.12037037037037036,EXTREME_SHORT
2016-02-02,NASDAQ-100 STOCK INDEX (MINI) - CHICAGO MERCANTILE EXCHANGE,209742,271070,43448,118383,125484,60052,54105,53318,-249.0,11625.0,787,0.0029033091083483973,-11874.0,-0.04418180930174324,-45236.0,65432,0.2413841443169661,-74935,-0.276441509573173,0.07339449541284404,EXTREME_SHORT
2016-02-09,NASDAQ-100 STOCK INDEX (MINI) - CHICAGO MERCANTILE EXCHANGE,209742,285308,54974,112693,123168,68965,57468,52423,3363.0,-895.0,5045,0.017682644720792968,4258.0,0.01477933561244457,-46418.0,54203,0.18998065248783771,-57719,-0.2023041765390385,0.1,EXTREME_SHORT
2016-02-16,NASDAQ-100 STOCK INDEX (MINI) - CHICAGO MERCANTILE EXCHANGE,209742,269592,55913,91366,126720,70534,43949,59074,-13519.0,6651.0,-15125,-0.05610329683373394,-20170.0,-0.0737859415545269,-50127.0,56186,0.20841122881984628,-35453,-0.13150612777827236,0.018018018018018018,EXTREME_SHORT
2016-02-23,NASDAQ-100 STOCK INDEX (MINI) - CHICAGO MERCANTILE EXCHANGE,209742,260667,55125,92598,125767,65785,38064,50758,-5885.0,-8316.0,-12694,-0.04869814744482424,2431.0,0.007405149388909703,-25355.0,59982,0.2301096801666494,-37473,-0.14375812818653685,0.026785714285714284,EXTREME_SHORT
2016-03-01,NASDAQ-100 STOCK INDEX (MINI) - CHICAGO MERCANTILE EXCHANGE,209742,258086,44226,105787,130096,54972,38664,46195,600.0,-4563.0,-7531,-0.02918019574870392,5163.0,0.019517951696120316,-8318.0,75124,0.29108126748448193,-61561,-0.23852901745929653,0.04424778761061947,EXTREME_SHORT
2016-03-08,NASDAQ-100 STOCK INDEX (MINI) - CHICAGO MERCANTILE EXCHANGE,209742,262306,49260,98792,124489,56514,44321,57052,5657.0,10857.0,-12731,-0.048534917234070135,-5200.0,-0.019354721485366214,-17776.0,67975,0.25914390063513604,-49532,-0.18883288983096078,0.03508771929824561,EXTREME_SHORT
2016-03-15,NASDAQ-100 STOCK INDEX (MINI) - CHICAGO MERCANTILE EXCHANGE,209742,277389,39679,86194,125429,53846,32962,54974,-11359.0,-2078.0,-22012,-0.0793542642282138,-9281.0,-0.030819346994143668,-6887.0,71583,0.2580599807490564,-46515,-0.1676886971004618,0.017391304347826087,EXTREME_SHORT
2016-03-22,NASDAQ-100 STOCK INDEX (MINI) - CHICAGO MERCANTILE EXCHANGE,209742,211397,39315,57845,94051,50538,36199,58250,3237.0,3276.0,-22051,-0.10431084641693118,-39.0,-0.02495658218871738,-9357.0,43513,0.20583546597160793,-18530,-0.08765498091269035,0.008620689655172414,EXTREME_SHORT
2016-03-29,NASDAQ-100 STOCK INDEX (MINI) - CHICAGO MERCANTILE EXCHANGE,209742,220059,38120,70131,87692,46141,49432,63212,13233.0,4962.0,-13780,-0.06261957020617198,8271.0,0.0416912762107592,-6249.0,41551,0.1888175443858238,-32011,-0.14546553424308936,0.03418803418803419,EXTREME_SHORT
2016-04-05,NASDAQ-100 STOCK INDEX (MINI) - CHICAGO MERCANTILE EXCHANGE,209742,216778,41051,74557,76486,42824,54851,58409,5419.0,-4803.0,-3558,-0.016413104650840952,10222.0,0.04620646555533103,9173.0,33662,0.15528328520421814,-33506,-0.15456365498343927,0.1016949152542373,EXTREME_SHORT
2016-04-12,NASDAQ-100 STOCK INDEX (MINI) - CHICAGO MERCANTILE EXCHANGE,209742,224476,38322,81905,82364,46250,58706,56206,3855.0,-2203.0,2500,0.011137048058589782,6058.0,0.027550152709430734,24512.0,36114,0.16088134143516455,-43583,-0.19415438621500739,0.15966386554621848,EXTREME_SHORT
2016-04-19,NASDAQ-100 STOCK INDEX (MINI) - CHICAGO MERCANTILE EXCHANGE,209742,235390,25092,89906,82601,44014,81527,59658,22821.0,3452.0,21869,0.09290539105314584,19369.0,0.08176834299455606,43920.0,38587,0.16392794936063554,-64814,-0.2753472959768894,0.35,NEUTRAL
2016-04-26,NASDAQ-100 STOCK INDEX (MINI) - CHICAGO MERCANTILE EXCHANGE,209742,226799,23891,81454,78787,42708,79020,63328,-2507.0,3670.0,15692,0.06918901758826097,-6177.0,-0.023716373464884866,29472.0,36079,0.15907918465248966,-57563,-0.25380623371355254,0.24793388429752067,NEUTRAL
2016-05-03,NASDAQ-100 STOCK INDEX (MINI) - CHICAGO MERCANTILE EXCHANGE,209742,240748,57914,45982,76060,68999,64339,84297,-14681.0,20969.0,-19958,-0.0828999617857677,-35650.0,-0.15208897937402865,-16400.0,7061,0.0293294232973898,11932,0.04956219781680429,0.02459016393442623,EXTREME_SHORT
2016-05-10,NASDAQ-100 STOCK INDEX (MINI) - CHICAGO MERCANTILE EXCHANGE,209742,233057,72543,39441,74766,71344,43428,77521,-20911.0,-6776.0,-34093,-0.14628610168327918,-14135.0,-0.06338613989751149,-36593.0,3422,0.014683103275164444,33102,0.1420339230317047,0.0,EXTREME_SHORT
2016-05-17,NASDAQ-100 STOCK INDEX (MINI) - CHICAGO MERCANTILE EXCHANGE,209742,223775,83833,38783,64666,74220,34036,62670,-9392.0,-14851.0,-28634,-0.12795888727516477,5459.0,0.01832721440811441,-50503.0,-9554,-0.042694670986481956,45050,0.20131828845939,0.008064516129032258,EXTREME_SHORT
2016-05-24,NASDAQ-100 STOCK INDEX (MINI) - CHICAGO MERCANTILE EXCHANGE,209742,221353,55782,38166,66425,61423,54454,72749,20418.0,10079.0,-18295,-0.0826507885594503,10339.0,0.04530809871571448,-33987.0,5002,0.02259738968977154,17616,0.0795832900389875,0.048,EXTREME_SHORT
2016-05-31,NASDAQ-100 STOCK INDEX (MINI) - CHICAGO MERCANTILE EXCHANGE,209742,231894,30201,77642,75636,32262,83421,75397,28967.0,2648.0,8024,0.0346020164385452,26319.0,0.1172528049979955,27982.0,43374,0.18704235555900542,-47441,-0.20458054110929993,0.20634920634920634,NEUTRAL
2016-06-07,NASDAQ-100 STOCK INDEX (MINI) - CHICAGO MERCANTILE EXCHANGE,209742,243822,27771,92689,78702,33241,91376,73797,7955.0,-1600.0,17579,0.0720976778141431,9555.0,0.0374956613755979,51672.0,45461,0.18645159173495418,-64918,-0.26625160978090573,0.29133858267716534,NEUTRAL
2016-06-14,NASDAQ-100 STOCK INDEX (MINI) - CHICAGO MERCANTILE EXCHANGE,209742,287606,27825,103139,73388,37533,105619,65213,14243.0,-8584.0,40406,0.1404908103447077,22827.0,0.0683931325305646,69040.0,35855,0.12466707926816548,-75314,-0.2618651905732147,0.625,NEUTRAL
2016-06-21,NASDAQ-100 STOCK INDEX (MINI) - CHICAGO MERCANTILE EXCHANGE,209742,218337,20452,101486,75587,35853,82474,42297,-23145.0,-22916.0,40177,0.18401370358665733,-229.0,0.043522893241949634,58472.0,39734,0.18198473002743465,-81034,-0.3711418586863427,0.8294573643410853,EXTREME_LONG
2016-06-28,NASDAQ-100 STOCK INDEX (MINI) - CHICAGO MERCANTILE EXCHANGE,209742,206056,30567,68276,71497,59577,68346,35234,-14128.0,-7063.0,33112,0.16069418022285203,-7065.0,-0.0233195233638053,25088.0,11920,0.05784835190433669,-37709,-0.1830036494933416,0.7153846153846154,NEUTRAL
2016-07-05,NASDAQ-100 STOCK INDEX (MINI) - CHICAGO MERCANTILE EXCHANGE,209742,200097,24946,80284,73741,31748,66316,44528,-2030.0,9294.0,21788,0.1088871897129892,-11324.0,-0.05180699050986283,4209.0,41993,0.20986321634007507,-55338,-0.2765558704028546,0.4732824427480916,NEUTRAL
2016-07-12,NASDAQ-100 STOCK INDEX (MINI) - CHICAGO MERCANTILE EXCHANGE,209742,229036,22966,101237,79328,28610,85627,56127,19311.0,11599.0,29500,0.12880071255173858,7712.0,0.01991352283874938,-10906.0,50718,0.22144117082030773,-78271,-0.34174103634363157,0.5606060606060606,NEUTRAL
2016-07-19,NASDAQ-100 STOCK INDEX (MINI) - CHICAGO MERCANTILE EXCHANGE,209742,252162,20433,128936,76229,27414,110014,54419,24387.0,-1708.0,55595,0.22047334649947256,26095.0,0.09167263394773398,15418.0,48815,0.19358586940141656,-108503,-0.43029084477439106,0.9548872180451128,EXTREME_LONG
2016-07-26,NASDAQ-100 STOCK INDEX (MINI) - CHICAGO MERCANTILE EXCHANGE,209742,273914,19550,147688,86512,26140,122652,59194,12638.0,4775.0,63458,0.23167125448133355,7863.0,0.011197907981860988,30346.0,60372,0.22040494461765373,-128138,-0.4678037632249538,0.9701492537313433,EXTREME_LONG
2016-08-02,NASDAQ-100 STOCK INDEX (MINI) - CHICAGO MERCANTILE EXCHANGE,209742,284511,19855,146696,83276,26552,133656,66703,11004.0,7509.0,66953,0.2353265778827532,3495.0,0.0036553234014196634,45165.0,56724,0.19937366217826374,-126841,-0.44582107545929683,0.9703703703703703,EXTREME_LONG
2016-08-09,NASDAQ-100 STOCK INDEX (MINI) - CHICAGO MERCANTILE EXCHANGE,209742,289203,18419,146860,85135,26841,136863,70895,3207.0,4192.0,65968,0.22810275135458485,-985.0,-0.007223826528168359,36468.0,58294,0.2015677569043198,-128441,-0.4441205658309215,0.9485294117647058,EXTREME_LONG
2016-08-16,NASDAQ-100 STOCK INDEX (MINI) - CHICAGO MERCANTILE EXCHANGE,209742,296690,18078,144210,87137,26883,139343,74131,2480.0,3236.0,65212,0.21979844281910413,-756.0,-0.008304308535480726,9617.0,60254,0.2030873976204119,-126132,-0.425130607705012,0.927007299270073,EXTREME_LONG
2016-08-23,NASDAQ-100 STOCK INDEX (MINI) - CHICAGO MERCANTILE EXCHANGE,209742,297330,19146,150171,86028,27077,141780,71702,2437.0,-2429.0,70078,0.23569098308276998,4866.0,0.01589254026366585,6620.0,58951,0.19826791780176908,-131025,-0.4406719806275855,0.9710144927536232,EXTREME_LONG
2016-08-30,NASDAQ-100 STOCK INDEX (MINI) - CHICAGO MERCANTILE EXCHANGE,209742,305439,20946,149729,89056,26908,144181,79331,2401.0,7629.0,64850,0.21231735305576563,-5228.0,-0.02337363002700435,-2103.0,62148,0.20347106950978755,-128783,-0.4216324699858237,0.8848920863309353,EXTREME_LONG
2016-09-06,NASDAQ-100 STOCK INDEX (MINI) - CHICAGO MERCANTILE EXCHANGE,209742,309012,22099,153316,88498,27040,145982,74003,1801.0,-5328.0,71979,0.23293270164265464,7129.0,0.020615348586889015,6011.0,61458,0.19888548017552715,-131217,-0.4246339947963186,0.9571428571428572,EXTREME_LONG
2016-09-13,NASDAQ-100 STOCK INDEX (MINI) - CHICAGO MERCANTILE EXCHANGE,209742,321461,32244,115851,65941,26813,118148,75295,-27834.0,1292.0,42853,0.13330699524981257,-29126.0,-0.09962570639284207,-22359.0,39128,0.12171927543310075,-83607,-0.26008442703780554,0.5531914893617021,NEUTRAL
2016-09-20,NASDAQ-100 STOCK INDEX (MINI) - CHICAGO MERCANTILE EXCHANGE,209742,274840,23972,133134,80986,26913,123312,73104,5164.0,-2191.0,50208,0.18268083248435454,7355.0,0.04937383723454197,-19870.0,54073,0.19674355988939018,-109162,-0.39718381603842234,0.7816901408450704,NEUTRAL
2016-09-27,NASDAQ-100 STOCK INDEX (MINI) - CHICAGO MERCANTILE EXCHANGE,209742,297206,22205,151872,80836,26812,143483,72794,20171.0,-310.0,70689,0.23784513098658844,20481.0,0.055164298502233894,5839.0,54024,0.18177291171779844,-129667,-0.4362866160171733,0.9790209790209791,EXTREME_LONG
2016-10-04,NASDAQ-100 STOCK INDEX (MINI) - CHICAGO MERCANTILE EXCHANGE,209742,295870,21422,149660,81349,28993,142225,71431,-1258.0,-1363.0,70794,0.2392740054753777,105.0,0.0014288744887892557,-1185.0,52356,0.17695609558251935,-128238,-0.43342684287017946,0.9861111111111112,EXTREME_LONG
2016-10-11,NASDAQ-100 STOCK INDEX (MINI) - CHICAGO MERCANTILE EXCHANGE,209742,297468,20785,150027,69777,29920,147275,69573,5050.0,-1858.0,77702,0.2612112899538774,6908.0,0.021937284478499686,34849.0,39857,0.13398752134683395,-129242,-0.43447362405367973,0.993103448275862,EXTREME_LONG
2016-10-18,NASDAQ-100 STOCK INDEX (MINI) - CHICAGO MERCANTILE EXCHANGE,209742,304774,21354,156905,85697,28576,150318,75954,3043.0,6381.0,74364,0.24399719136146783,-3338.0,-0.01721409859240955,24156.0,57121,0.18742084298529402,-135551,-0.4447590673745136,0.9863013698630136,EXTREME_LONG
2016-10-25,NASDAQ-100 STOCK INDEX (MINI) - CHICAGO MERCANTILE EXCHANGE,209742,316293,16807,173081,85647,28763,165582,67326,15264.0,-8628.0,98256,0.3106486706945775,23892.0,0.06665147933310969,27567.0,56884,0.17984590237532921,-156274,-0.4940798563357393,0.9931972789115646,EXTREME_LONG
2016-11-01,NASDAQ-100 STOCK INDEX (MINI) - CHICAGO MERCANTILE EXCHANGE,209742,316487,15121,175631,71699,29732,183669,65141,18087.0,-2185.0,118528,0.3745114333290151,20272.0,0.06386276263443758,47734.0,41967,0.13260260295051612,-160510,-0.507161431591187,0.9932432432432432,EXTREME_LONG
2016-11-08,NASDAQ-100 STOCK INDEX (MINI) - CHICAGO MERCANTILE EXCHANGE,209742,299111,13868,157473,65442,32282,172428,64285,-11241.0,-856.0,108143,0.3615480540668849,-10385.0,-0.012963379262130204,30441.0,33160,0.11086185396056983,-143605,-0.4801060475876848,0.9865771812080537,EXTREME_LONG
2016-11-15,NASDAQ-100 STOCK INDEX (MINI) - CHICAGO MERCANTILE EXCHANGE,209742,255504,32135,93757,61164,32238,112768,85033,-59660.0,20748.0,27735,0.1085501596843885,-80408.0,-0.2529978943824964,-46629.0,28926,0.11321153484876949,-61622,-0.2411782203018348,0.41333333333333333,NEUTRAL
2016-11-22,NASDAQ-100 STOCK INDEX (MINI) - CHICAGO MERCANTILE EXCHANGE,209742,250586,28811,98714,64142,30882,106962,76065,-5806.0,-8968.0,30897,0.123298987174064,3162.0,0.0147488274896755,-67359.0,33260,0.13272888349708284,-69903,-0.2789581221616531,0.4768211920529801,NEUTRAL
2016-11-29,NASDAQ-100 STOCK INDEX (MINI) - CHICAGO MERCANTILE EXCHANGE,209742,255284,36548,102262,65183,30282,102942,76433,-4020.0,368.0,26509,0.10384121214020464,-4388.0,-0.019457775033859356,-92019.0,34901,0.13671440434966547,-65714,-0.2574152708356184,0.375,NEUTRAL
2016-12-06,NASDAQ-100 STOCK INDEX (MINI) - CHICAGO MERCANTILE EXCHANGE,209742,254185,59998,85922,53233,35219,82237,74902,-20705.0,-1531.0,7335,0.028856934909613077,-19174.0,-0.07498427723059156,-100808.0,18014,0.07086964218974369,-25924,-0.1019887090111533,0.16993464052287582,EXTREME_SHORT
2016-12-13,NASDAQ-100 STOCK INDEX (MINI) - CHICAGO MERCANTILE EXCHANGE,209742,299000,45584,94260,42607,30989,94389,66663,12152.0,-8239.0,27726,0.09272909698996655,20391.0,0.06387216208035347,-9.0,11618,0.0388561872909699,-48676,-0.1627959866220736,0.3246753246753247,NEUTRAL
2016-12-20,NASDAQ-100 STOCK INDEX (MINI) - CHICAGO MERCANTILE EXCHANGE,209742,221956,13037,90738,65306,25109,98732,69314,4343.0,2651.0,29418,0.13253978265962624,1692.0,0.03981068566965969,-1479.0,40197,0.181103461947413,-77701,-0.3500738885184451,0.535483870967742,NEUTRAL
2016-12-27,NASDAQ-100 STOCK INDEX (MINI) - CHICAGO MERCANTILE EXCHANGE,209742,224401,14720,99297,61460,24362,103202,62576,4470.0,-6738.0,40626,0.1810419739662479,11208.0,0.04850219130662167,14117.0,37098,0.16532011889430082,-84577,-0.3769011724546682,0.7435897435897436,NEUTRAL
2017-01-03,NASDAQ-100 STOCK INDEX (MINI) - CHICAGO MERCANTILE EXCHANGE,209742,229623,21615,93188,61153,27166,98112,65104,-5090.0,2528.0,33008,0.14374866629213973,-7618.0,-0.037293307674108184,25673.0,33987,0.14801217648057904,-71573,-0.3116978699868916,0.5769230769230769,NEUTRAL
2017-01-10,NASDAQ-100 STOCK INDEX (MINI) - CHICAGO MERCANTILE EXCHANGE,209742,222116,22653,83651,63184,26774,89501,66707,-8611.0,1603.0,22794,0.10262205334149724,-10214.0,-0.04112661295064249,-4932.0,36410,0.16392335536386393,-60998,-0.2746222694447946,0.3782051282051282,NEUTRAL
2017-01-17,NASDAQ-100 STOCK INDEX (MINI) - CHICAGO MERCANTILE EXCHANGE,209742,225374,22208,87178,63936,26896,93345,66379,3844.0,-328.0,26966,0.11965000399336215,4172.0,0.01702795065186491,-2452.0,37040,0.16434903759972314,-64970,-0.2882763761569658,0.4807692307692308,NEUTRAL
2017-01-24,NASDAQ-100 STOCK INDEX (MINI) - CHICAGO MERCANTILE EXCHANGE,209742,223472,26594,83614,58785,28124,92748,62749,-597.0,-3630.0,29999,0.13424053125223742,3033.0,0.014590527258875274,-10627.0,30661,0.1372028710531968,-57020,-0.2551550082336937,0.5576923076923077,NEUTRAL
2017-01-31,NASDAQ-100 STOCK INDEX (MINI) - CHICAGO MERCANTILE EXCHANGE,209742,237584,26274,97519,64615,27644,101645,66475,8897.0,3726.0,35170,0.14803185399690214,5171.0,0.013791322744664714,2162.0,36971,0.15561233079668665,-71245,-0.2998728870631019,0.6282051282051282,NEUTRAL
2017-02-07,NASDAQ-100 STOCK INDEX (MINI) - CHICAGO MERCANTILE EXCHANGE,209742,231695,30452,82826,60498,25805,93449,73569,-8196.0,7094.0,19880,0.08580245581475647,-15290.0,-0.062229398182145665,-2914.0,34693,0.14973564384212004,-52374,-0.2260471740866225,0.2948717948717949,NEUTRAL
2017-02-14,NASDAQ-100 STOCK INDEX (MINI) - CHICAGO MERCANTILE EXCHANGE,209742,228852,30119,76028,59236,25527,92128,74777,-1321.0,1208.0,17351,0.0758175589463933,-2529.0,-0.009984896868363166,-9615.0,33709,0.14729606907521017,-45909,-0.2006056315872267,0.26282051282051283,NEUTRAL
2017-02-21,NASDAQ-100 STOCK INDEX (MINI) - CHICAGO MERCANTILE EXCHANGE,209742,234577,32046,66580,55524,25608,97544,78518,5416.0,3741.0,19026,0.08110769598042433,1675.0,0.005290137034031028,-10973.0,29916,0.12753168469202011,-34534,-0.14721818422095942,0.28205128205128205,NEUTRAL
2017-02-28,NASDAQ-100 STOCK INDEX (MINI) - CHICAGO MERCANTILE EXCHANGE,209742,239259,31592,68917,48140,26626,106013,79628,8469.0,1110.0,26385,0.11027798327335649,7359.0,0.029170287292932154,-8785.0,21514,0.08991929248220548,-37325,-0.15600249102437108,0.46153846153846156,NEUTRAL
2017-03-07,NASDAQ-100 STOCK INDEX (MINI) - CHICAGO MERCANTILE EXCHANGE,209742,234280,31762,50465,39969,28964,98974,80823,-7039.0,1195.0,18151,0.07747567013829605,-8234.0,-0.032802313135060435,-1729.0,11005,0.04697370667577258,-18703,-0.07983182516646747,0.28205128205128205,NEUTRAL
2017-03-14,NASDAQ-100 STOCK INDEX (MINI) - CHICAGO MERCANTILE EXCHANGE,209742,304608,36636,44850,42813,31569,92449,89066,-6525.0,8243.0,3383,0.011106077319046118,-14768.0,-0.06636959281924994,-13968.0,11244,0.03691301607311692,-8214,-0.02696580523164198,0.14743589743589744,EXTREME_SHORT
2017-03-21,NASDAQ-100 STOCK INDEX (MINI) - CHICAGO MERCANTILE EXCHANGE,209742,238636,12593,75734,74356,27678,93849,76179,1400.0,-12887.0,17670,0.07404582711745085,14287.0,0.06293974979840473,-1356.0,46678,0.19560334568128865,-63141,-0.26459126032953956,0.26282051282051283,NEUTRAL
2017-03-28,NASDAQ-100 STOCK INDEX (MINI) - CHICAGO MERCANTILE EXCHANGE,209742,239468,12945,82534,77676,23589,99805,75754,5956.0,-425.0,24051,0.10043513120750998,6381.0,0.02638930409005913,-2334.0,54087,0.22586316334541567,-69589,-0.2905983262899427,0.4166666666666667,NEUTRAL
2017-04-04,NASDAQ-100 STOCK INDEX (MINI) - CHICAGO MERCANTILE EXCHANGE,209742,242137,13112,84839,70449,27192,105511,72156,5706.0,-3598.0,33355,0.13775259460553324,9304.0,0.03731746339802326,15204.0,43257,0.17864679912611456,-71727,-0.2962248644362489,0.6217948717948718,NEUTRAL
2017-04-11,NASDAQ-100 STOCK INDEX (MINI) - CHICAGO MERCANTILE EXCHANGE,209742,248870,18437,96051,71898,26623,109079,71668,3568.0,-488.0,37411,0.15032346204845903,4056.0,0.012570867442925793,34028.0,45275,0.18192228874512797,-77614,-0.3118656326596215,0.6858974358974359,NEUTRAL
2017-04-18,NASDAQ-100 STOCK INDEX (MINI) - CHICAGO MERCANTILE EXCHANGE,209742,255345,18823,103342,67303,28412,119978,69046,10899.0,-2622.0,50932,0.1994634709902289,13521.0,0.04914000894176987,33262.0,38891,0.15230766218253736,-84519,-0.33099923632732187,0.8589743589743589,EXTREME_LONG
2017-04-25,NASDAQ-100 STOCK INDEX (MINI) - CHICAGO MERCANTILE EXCHANGE,209742,274869,17218,114112,71824,25277,135684,74826,15706.0,5780.0,60858,0.22140728856291542,9926.0,0.021943817572686514,36807.0,46547,0.16934248678461375,-96894,-0.3525097410038964,0.9102564102564102,EXTREME_LONG
2017-05-02,NASDAQ-100 STOCK INDEX (MINI) - CHICAGO MERCANTILE EXCHANGE,209742,272977,20339,106876,72766,26190,125468,75850,-10216.0,1024.0,49618,0.1817662293892892,-11240.0,-0.0396410591736262,16263.0,46576,0.17062243339182423,-86537,-0.3170120559607586,0.7884615384615384,NEUTRAL
2017-05-09,NASDAQ-100 STOCK INDEX (MINI) - CHICAGO MERCANTILE EXCHANGE,209742,269319,23588,110521,73687,25152,121642,71766,-3826.0,-4084.0,49876,0.18519302388617215,258.0,0.0034267944968829345,12465.0,48535,0.18021379850660368,-86933,-0.3227882176898028,0.8205128205128205,EXTREME_LONG
2017-05-16,NASDAQ-100 STOCK INDEX (MINI) - CHICAGO MERCANTILE EXCHANGE,209742,269961,29927,97769,71672,24797,114117,80055,-7525.0,8289.0,34062,0.12617378065720605,-15814.0,-0.059019243228966095,-16870.0,46875,0.17363619189438476,-67842,-0.25130296598397545,0.5064102564102564,NEUTRAL
2017-05-23,NASDAQ-100 STOCK INDEX (MINI) - CHICAGO MERCANTILE EXCHANGE,209742,270209,34808,99531,64572,23749,113891,81120,-226.0,1065.0,32771,0.12128019422002968,-1291.0,-0.00489358643717637,-28087.0,40823,0.1510793496885744,-64723,-0.23952940131527817,0.4935897435897436,NEUTRAL
2017-05-30,NASDAQ-100 STOCK INDEX (MINI) - CHICAGO MERCANTILE EXCHANGE,209742,275501,30733,103405,65056,23815,122517,81995,8626.0,875.0,40522,0.14708476557253874,7751.0,0.025804571352509062,-9096.0,41241,0.14969455646258997,-72672,-0.2637812566923532,0.6346153846153846,NEUTRAL
2017-06-06,NASDAQ-100 STOCK INDEX (MINI) - CHICAGO MERCANTILE EXCHANGE,209742,316206,27349,124511,76601,30384,138828,86888,16311.0,4893.0,51940,0.16426000771648863,11418.0,0.017175242143949887,2064.0,46217,0.1461610469124558,-97162,-0.30727437177030165,0.6987179487179487,NEUTRAL
2017-06-13,NASDAQ-100 STOCK INDEX (MINI) - CHICAGO MERCANTILE EXCHANGE,209742,448235,27921,113752,65493,30545,138125,94798,-703.0,7910.0,43327,0.09666134951532121,-8613.0,-0.06759865820116742,9265.0,34948,0.07796803016274945,-85831,-0.1914866085870135,0.33974358974358976,NEUTRAL
2017-06-20,NASDAQ-100 STOCK INDEX (MINI) - CHICAGO MERCANTILE EXCHANGE,209742,284706,6848,113503,91270,32348,120713,76102,-17412.0,-18696.0,44611,0.1566914641770809,1284.0,0.0600301146617597,11840.0,58922,0.2069573524969618,-106655,-0.3746145146221014,0.6794871794871795,NEUTRAL
2017-06-27,NASDAQ-100 STOCK INDEX (MINI) - CHICAGO MERCANTILE EXCHANGE,209742,285882,15194,97146,82864,35429,124445,85312,3732.0,9210.0,39133,0.13688514841787872,-5478.0,-0.019806315759202192,-1389.0,47435,0.16592510196514645,-81952,-0.2866637283914342,0.5641025641025641,NEUTRAL
2017-07-03,NASDAQ-100 STOCK INDEX (MINI) - CHICAGO MERCANTILE EXCHANGE,209742,292139,36742,94105,75628,39305,116522,90304,-7923.0,4992.0,26218,0.08974495017782631,-12915.0,-0.0471401982400524,-25722.0,36323,0.12433464891712506,-57363,-0.19635515970137504,0.2692307692307692,NEUTRAL
2017-07-11,NASDAQ-100 STOCK INDEX (MINI) - CHICAGO MERCANTILE EXCHANGE,209742,279925,45344,84945,72486,40107,105054,84505,-11468.0,-5799.0,20549,0.07340894882557827,-5669.0,-0.01633600135224804,-22778.0,32379,0.1156702688220059,-39601,-0.14147003661695096,0.21153846153846154,NEUTRAL
2017-07-18,NASDAQ-100 STOCK INDEX (MINI) - CHICAGO MERCANTILE EXCHANGE,209742,283514,35716,83288,73798,40864,116343,85632,11289.0,1127.0,30711,0.10832269305924928,10162.0,0.03491374423367101,-13900.0,32934,0.11616357569643827,-47572,-0.16779418300330848,0.3974358974358974,NEUTRAL
2017-07-25,NASDAQ-100 STOCK INDEX (MINI) - CHICAGO MERCANTILE EXCHANGE,209742,290215,40575,93249,66449,42521,125418,80400,9075.0,-5232.0,45018,0.15511948038523163,14307.0,0.046796787325982345,5885.0,23928,0.08244921868270076,-52674,-0.1814999224712713,0.6666666666666666,NEUTRAL
2017-08-01,NASDAQ-100 STOCK INDEX (MINI) - CHICAGO MERCANTILE EXCHANGE,209742,292801,46047,91155,63364,39471,122180,88272,-3238.0,7872.0,33908,0.11580561541798012,-11110.0,-0.039313864967251505,7690.0,23893,0.08160149726264596,-45108,-0.15405685089873328,0.4423076923076923,NEUTRAL
2017-08-08,NASDAQ-100 STOCK INDEX (MINI) - CHICAGO MERCANTILE EXCHANGE,209742,299774,54914,87037,62604,40532,119882,91334,-2298.0,3062.0,28548,0.09523174124507129,-5360.0,-0.020573874172908832,7999.0,22072,0.07362880036294008,-32123,-0.10715739190189943,0.3141025641025641,NEUTRAL
2017-08-15,NASDAQ-100 STOCK INDEX (MINI) - CHICAGO MERCANTILE EXCHANGE,209742,302526,59680,78285,60561,41905,120990,95926,1108.0,4592.0,25064,0.08284907743466677,-3484.0,-0.012382663810404523,-5647.0,18656,0.06166742693190007,-18605,-0.06149884638014584,0.25,NEUTRAL
2017-08-22,NASDAQ-100 STOCK INDEX (MINI) - CHICAGO MERCANTILE EXCHANGE,209742,293728,72066,69157,56667,45602,98786,97366,-22204.0,1440.0,1420,0.004834404619239569,-23644.0,-0.0780146728154272,-43598.0,11065,0.037670906416821005,2909,0.009903720448850637,0.1282051282051282,EXTREME_SHORT
2017-08-29,NASDAQ-100 STOCK INDEX (MINI) - CHICAGO MERCANTILE EXCHANGE,209742,290894,83178,62375,52341,46107,95658,102011,-3128.0,4645.0,-6353,-0.021839570427715938,-7773.0,-0.026673975046955508,-40261.0,6234,0.0214304867064979,20803,0.07151402228990629,0.09615384615384616,EXTREME_SHORT
2017-09-05,NASDAQ-100 STOCK INDEX (MINI) - CHICAGO MERCANTILE EXCHANGE,209742,281453,78342,64221,52086,42308,88428,94263,-7230.0,-7748.0,-5835,-0.020731702984157212,518.0,0.0011078674435587264,-34383.0,9778,0.03474114683446259,14121,0.050171787118986115,0.10256410256410256,EXTREME_SHORT
2017-09-12,NASDAQ-100 STOCK INDEX (MINI) - CHICAGO MERCANTILE EXCHANGE,209742,357762,87126,71479,52176,53334,91065,89742,2637.0,-4521.0,1323,0.0036979891659818537,7158.0,0.024429692150139064,-23741.0,-1158,-0.0032367887031042983,15647,0.043735779652394606,0.14102564102564102,EXTREME_SHORT
2017-09-19,NASDAQ-100 STOCK INDEX (MINI) - CHICAGO MERCANTILE EXCHANGE,209742,264612,47396,76043,75022,54559,85575,63964,-5490.0,-25778.0,21611,0.08167052136713376,20288.0,0.07797253220115191,20191.0,20463,0.0773320937825949,-28647,-0.10826039635390686,0.2692307692307692,NEUTRAL
2017-09-26,NASDAQ-100 STOCK INDEX (MINI) - CHICAGO MERCANTILE EXCHANGE,209742,267660,58323,68677,69877,56854,80790,73618,-4785.0,9654.0,7172,0.026795187924979452,-14439.0,-0.05487533344215431,13525.0,13023,0.048655010087424344,-10354,-0.038683404318912054,0.1794871794871795,EXTREME_SHORT
2017-10-03,NASDAQ-100 STOCK INDEX (MINI) - CHICAGO MERCANTILE EXCHANGE,209742,269830,64395,69721,67964,53116,80419,77417,-371.0,3799.0,3002,0.011125523477745246,-4170.0,-0.015669664447234208,8837.0,14848,0.05502723937293852,-5326,-0.019738353778304858,0.16666666666666666,EXTREME_SHORT
2017-10-10,NASDAQ-100 STOCK INDEX (MINI) - CHICAGO MERCANTILE EXCHANGE,209742,282136,65454,75513,68391,55545,88538,76768,8119.0,-649.0,11770,0.04171746958913432,8768.0,0.030591946111389073,10447.0,12846,0.04553123316414779,-10059,-0.035653018402472564,0.20512820512820512,NEUTRAL
2017-10-17,NASDAQ-100 STOCK INDEX (MINI) - CHICAGO MERCANTILE EXCHANGE,209742,278487,62722,71545,68536,57475,87623,71317,-915.0,-5451.0,16306,0.05855210476611117,4536.0,0.01683463517697685,-5305.0,11061,0.03971819151342792,-8823,-0.031681909748031326,0.22435897435897437,NEUTRAL
2017-10-24,NASDAQ-100 STOCK INDEX (MINI) - CHICAGO MERCANTILE EXCHANGE,209742,279448,57235,74389,63043,52212,91957,72781,4334.0,1464.0,19176,0.06862099567719218,2870.0,0.010068890911081013,12004.0,10831,0.03875855257507658,-17154,-0.06138530245340815,0.23076923076923078,NEUTRAL
2017-10-31,NASDAQ-100 STOCK INDEX (MINI) - CHICAGO MERCANTILE EXCHANGE,209742,271964,47588,75294,64747,50431,89222,63226,-2735.0,-9555.0,25996,0.09558618052389287,6820.0,0.026965184846700685,22994.0,14316,0.05263931990998809,-27706,-0.10187377741171626,0.36538461538461536,NEUTRAL
2017-11-07,NASDAQ-100 STOCK INDEX (MINI) - CHICAGO MERCANTILE EXCHANGE,209742,275700,51376,76477,61575,49432,88170,60409,-1052.0,-2817.0,27761,0.10069278200943053,1765.0,0.005106601485537668,15991.0,12143,0.04404425099746101,-25101,-0.09104461371055494,0.3974358974358974,NEUTRAL
2017-11-14,NASDAQ-100 STOCK INDEX (MINI) - CHICAGO MERCANTILE EXCHANGE,209742,286304,55416,70851,60467,47961,95589,73785,7419.0,13376.0,21804,0.07615681233933162,-5957.0,-0.02453596967009891,5498.0,12506,0.04368084274058343,-15435,-0.053911227227003464,0.28205128205128205,NEUTRAL
2017-11-21,NASDAQ-100 STOCK INDEX (MINI) - CHICAGO MERCANTILE EXCHANGE,209742,294625,59771,80552,71081,55849,86668,63891,-8921.0,-9894.0,22777,0.07730844293593551,973.0,0.001151630596603892,3601.0,15232,0.05169961815867628,-20781,-0.07053372931692829,0.28846153846153844,NEUTRAL
2017-11-28,NASDAQ-100 STOCK INDEX (MINI) - CHICAGO MERCANTILE EXCHANGE,209742,294553,64965,74758,71439,58335,88029,70402,1361.0,6511.0,17627,0.059843220065658814,-5150.0,-0.0174652228702767,-8369.0,13104,0.04448774923358445,-9793,-0.03324698780864564,0.23076923076923078,NEUTRAL
2017-12-05,NASDAQ-100 STOCK INDEX (MINI) - CHICAGO MERCANTILE EXCHANGE,209742,304281,60722,68859,74458,62377,92868,87408,4839.0,17006.0,5460,0.01794393997653485,-12167.0,-0.04189928008912397,-22301.0,12081,0.039703432025003205,-8137,-0.026741728862465945,0.1858974358974359,EXTREME_SHORT
2017-12-12,NASDAQ-100 STOCK INDEX (MINI) - CHICAGO MERCANTILE EXCHANGE,209742,362049,68844,66763,67670,63181,81098,77383,-11770.0,-10025.0,3715,0.010261042013650086,-1745.0,-0.0076828979628847625,-18089.0,4489,0.012398874185538422,2081,0.005747840761885822,0.16025641025641027,EXTREME_SHORT
2017-12-19,NASDAQ-100 STOCK INDEX (MINI) - CHICAGO MERCANTILE EXCHANGE,209742,275883,39508,52148,102865,60065,79423,102134,-1675.0,24751.0,-22711,-0.0823211288843459,-26426.0,-0.09258217089799597,-45488.0,42800,0.1551382288868832,-12640,-0.04581652367126644,0.04487179487179487,EXTREME_SHORT
2017-12-26,NASDAQ-100 STOCK INDEX (MINI) - CHICAGO MERCANTILE EXCHANGE,209742,287695,53870,49757,90751,60561,82771,117039,3348.0,14905.0,-34268,-0.11911225429708545,-11557.0,-0.03679112541273956,-51895.0,30190,0.10493752063817585,4113,0.014296390274422565,0.01282051282051282,EXTREME_SHORT
2018-01-02,NASDAQ-100 STOCK INDEX (MINI) - CHICAGO MERCANTILE EXCHANGE,209742,276944,49341,50827,78236,55400,88400,106241,5629.0,-10798.0,-17841,-0.06442096597145994,16427.0,0.05469128832562552,-23301.0,22836,0.08245710324108844,-1486,-0.005365705702235831,0.0641025641025641,EXTREME_SHORT
2018-01-09,NASDAQ-100 STOCK INDEX (MINI) - CHICAGO MERCANTILE EXCHANGE,209742,259301,44358,50041,80279,55994,75578,86872,-12822.0,-19369.0,-11294,-0.04355555898357507,6547.0,0.020865406987884867,-15009.0,24285,0.09365563572836202,-5683,-0.021916614282243417,0.09615384615384616,EXTREME_SHORT
2018-01-16,NASDAQ-100 STOCK INDEX (MINI) - CHICAGO MERCANTILE EXCHANGE,209742,274087,52843,64646,79145,56480,78975,83656,3397.0,-3216.0,-4681,-0.01707851886444815,6613.0,0.02647704011912692,18030.0,22665,0.08269272165407335,-11803,-0.04306296905727014,0.1346153846153846,EXTREME_SHORT
2018-01-23,NASDAQ-100 STOCK INDEX (MINI) - CHICAGO MERCANTILE EXCHANGE,209742,255968,58822,63947,74155,57012,61093,71998,-17882.0,-11658.0,-10905,-0.04260298162270284,-6224.0,-0.02552446275825469,23363.0,17143,0.06697321540192525,-5125,-0.02002203400425053,0.10256410256410256,EXTREME_SHORT
2018-01-30,NASDAQ-100 STOCK INDEX (MINI) - CHICAGO MERCANTILE EXCHANGE,209742,259722,56196,67373,69443,57742,64624,64713,3531.0,-7285.0,-89,-0.0003426740899885262,10816.0,0.042260307532714314,17752.0,11701,0.04505201715680612,-11177,-0.04303447532361525,0.17307692307692307,EXTREME_SHORT
2018-02-06,NASDAQ-100 STOCK INDEX (MINI) - CHICAGO MERCANTILE EXCHANGE,209742,245714,51892,67854,55736,51215,73991,65550,9367.0,837.0,8441,0.03435294692203131,8530.0,0.03469562101201983,19735.0,4521,0.018399439999348836,-15962,-0.06496170344384121,0.2564102564102564,NEUTRAL
2018-02-13,NASDAQ-100 STOCK INDEX (MINI) - CHICAGO MERCANTILE EXCHANGE,209742,230028,74618,24251,41840,67104,51384,78757,-22607.0,13207.0,-27373,-0.11899855669744552,-35814.0,-0.15335150361947683,-22692.0,-25264,-0.10983010763907003,50367,0.21896030048515833,0.019230769230769232,EXTREME_SHORT
2018-02-20,NASDAQ-100 STOCK INDEX (MINI) - CHICAGO MERCANTILE EXCHANGE,209742,232293,84183,26390,43205,60721,41359,76980,-10025.0,-1777.0,-35621,-0.1533451287813236,-8248.0,-0.03434657208387806,-24716.0,-17516,-0.0754047689771108,57793,0.2487935495258144,0.0,EXTREME_SHORT
2018-02-27,NASDAQ-100 STOCK INDEX (MINI) - CHICAGO MERCANTILE EXCHANGE,209742,231434,78051,38604,51754,67099,34295,55210,-7064.0,-21770.0,-20915,-0.09037133696863901,14706.0,0.06297379181268457,-20826.0,-15345,-0.06630400027653673,39447,0.17044600188390643,0.05128205128205128,EXTREME_SHORT
2018-03-06,NASDAQ-100 STOCK INDEX (MINI) - CHICAGO MERCANTILE EXCHANGE,209742,242052,74022,43123,43296,70773,48533,53149,14238.0,-2061.0,-4616,-0.01907028241865384,16299.0,0.07130105454998517,-13057.0,-27477,-0.11351693024639334,30899,0.127654388313255,0.16025641025641027,EXTREME_SHORT
2018-03-13,NASDAQ-100 STOCK INDEX (MINI) - CHICAGO MERCANTILE EXCHANGE,209742,294100,69616,52740,47061,69072,56631,55086,8098.0,1937.0,1545,0.005253315198911934,6161.0,0.024323597617565775,28918.0,-22011,-0.0748418905134308,16876,0.05738184291057463,0.22435897435897437,NEUTRAL
2018-03-20,NASDAQ-100 STOCK INDEX (MINI) - CHICAGO MERCANTILE EXCHANGE,209742,231638,45900,61121,75829,54240,54627,57853,-2004.0,2767.0,-3226,-0.013926903185142335,-4771.0,-0.01918021838405427,32395.0,21589,0.09320146090019772,-15221,-0.06571028933076611,0.1794871794871795,EXTREME_SHORT
2018-03-27,NASDAQ-100 STOCK INDEX (MINI) - CHICAGO MERCANTILE EXCHANGE,209742,234482,59880,51025,61161,51205,53230,66495,-1397.0,8642.0,-13265,-0.05657150655487415,-10039.0,-0.04264460336973181,7650.0,9956,0.042459549133835435,8855,0.03776409276618248,0.09615384615384616,EXTREME_SHORT
2018-04-03,NASDAQ-100 STOCK INDEX (MINI) - CHICAGO MERCANTILE EXCHANGE,209742,253749,72354,37532,58682,61654,58232,87844,5002.0,21349.0,-29612,-0.11669799683939641,-16347.0,-0.060126490284522265,-24996.0,-2972,-0.011712361428025331,34822,0.13723009745851214,0.03205128205128205,EXTREME_SHORT
2018-04-10,NASDAQ-100 STOCK INDEX (MINI) - CHICAGO MERCANTILE EXCHANGE,209742,242932,71780,37965,53475,62107,55595,83276,-2637.0,-4568.0,-27681,-0.11394546622100012,1931.0,0.0027525306183962955,-29226.0,-8632,-0.03553257701743698,33815,0.139195330380518,0.038461538461538464,EXTREME_SHORT
2018-04-17,NASDAQ-100 STOCK INDEX (MINI) - CHICAGO MERCANTILE EXCHANGE,209742,238235,75801,42759,46991,61633,53999,66881,-1596.0,-16395.0,-12882,-0.05407265934896216,14799.0,0.059872806872037956,-9656.0,-14642,-0.061460322790521965,33042,0.13869498604319264,0.12179487179487179,EXTREME_SHORT
2018-04-24,NASDAQ-100 STOCK INDEX (MINI) - CHICAGO MERCANTILE EXCHANGE,209742,244199,87655,27971,42855,59545,48245,89949,-5754.0,23068.0,-41704,-0.17077875011773186,-28822.0,-0.1167060907687697,-28439.0,-16690,-0.06834589822235144,59684,0.24440722525481268,0.0,EXTREME_SHORT
2018-05-01,NASDAQ-100 STOCK INDEX (MINI) - CHICAGO MERCANTILE EXCHANGE,209742,239248,84165,34213,44984,59039,45961,69821,-2284.0,-20128.0,-23860,-0.09972915134086806,17844.0,0.0710495987768638,5752.0,-14055,-0.05874657259412827,49952,0.20878753427405872,0.0641025641025641,EXTREME_SHORT
2018-05-08,NASDAQ-100 STOCK INDEX (MINI) - CHICAGO MERCANTILE EXCHANGE,209742,235042,82520,45709,46816,56642,45701,67414,-260.0,-2407.0,-21713,-0.0923792343496056,2147.0,0.007349916991262459,5968.0,-9826,-0.04180529437292058,36811,0.15661456250372274,0.07692307692307693,EXTREME_SHORT
2018-05-15,NASDAQ-100 STOCK INDEX (MINI) - CHICAGO MERCANTILE EXCHANGE,209742,248298,86625,37452,51529,60757,51324,76086,5623.0,8672.0,-24762,-0.09972694101442621,-3049.0,-0.007347706664820611,-11880.0,-9228,-0.037165019452432155,49173,0.19804025807698813,0.07051282051282051,EXTREME_SHORT
2018-05-22,NASDAQ-100 STOCK INDEX (MINI) - CHICAGO MERCANTILE EXCHANGE,209742,245088,88552,38360,50019,62080,43506,83887,-7818.0,7801.0,-40381,-0.16476122861992426,-15619.0,-0.06503428760549805,1323.0,-12061,-0.04921089567828698,50192,0.20479174827000915,0.00641025641025641,EXTREME_SHORT
2018-05-29,NASDAQ-100 STOCK INDEX (MINI) - CHICAGO MERCANTILE EXCHANGE,209742,251285,85507,51761,50845,61525,46913,73505,3407.0,-10382.0,-26592,-0.10582406430944943,13789.0,0.05893716431047483,-2732.0,-10680,-0.04250154207374097,33746,0.1342937302266351,0.0641025641025641,EXTREME_SHORT
2018-06-05,NASDAQ-100 STOCK INDEX (MINI) - CHICAGO MERCANTILE EXCHANGE,209742,259707,71115,62885,54820,59427,59203,64506,12290.0,-8999.0,-5303,-0.02041916467403651,21289.0,0.08540489963541292,16410.0,-4607,-0.017739221507314013,8230,0.031689557847882424,0.22435897435897437,NEUTRAL
2018-06-12,NASDAQ-100 STOCK INDEX (MINI) - CHICAGO MERCANTILE EXCHANGE,209742,292508,73026,48925,49581,60399,53059,67136,-6144.0,2630.0,-14077,-0.04812517948227057,-8774.0,-0.027706014808234057,10685.0,-10818,-0.036983603867244655,24101,0.08239432767650799,0.1794871794871795,EXTREME_SHORT
2018-06-19,NASDAQ-100 STOCK INDEX (MINI) - CHICAGO MERCANTILE EXCHANGE,209742,225971,43578,52728,80217,49472,50108,69714,-2951.0,2578.0,-19606,-0.08676334573905502,-5529.0,-0.03863816625678445,20775.0,30745,0.1360572816865881,-9150,-0.04049192152975382,0.10897435897435898,EXTREME_SHORT
2018-06-26,NASDAQ-100 STOCK INDEX (MINI) - CHICAGO MERCANTILE EXCHANGE,209742,235491,48085,51434,80003,47902,51408,82817,1300.0,13103.0,-31409,-0.13337664709054697,-11803.0,-0.046613301351491956,-4817.0,32101,0.13631518826621825,-3349,-0.014221350285148902,0.02564102564102564,EXTREME_SHORT
2018-07-03,NASDAQ-100 STOCK INDEX (MINI) - CHICAGO MERCANTILE EXCHANGE,209742,242301,47581,53033,74573,53153,63902,84308,12494.0,1491.0,-20406,-0.08421756410415145,11003.0,0.04915908298639553,-15103.0,21420,0.08840244159124395,-5452,-0.02250093891482082,0.12179487179487179,EXTREME_SHORT
2018-07-10,NASDAQ-100 STOCK INDEX (MINI) - CHICAGO MERCANTILE EXCHANGE,209742,243295,45234,58807,77333,47408,64143,87137,241.0,2829.0,-22994,-0.09451077909533694,-2588.0,-0.01029321499118549,-8917.0,29925,0.12299882858258493,-13573,-0.05578824061324729,0.10256410256410256,EXTREME_SHORT
2018-07-17,NASDAQ-100 STOCK INDEX (MINI) - CHICAGO MERCANTILE EXCHANGE,209742,248675,43939,69998,76602,48297,70196,79279,6053.0,-7858.0,-9083,-0.03652558560369961,13911.0,0.057985193491637325,10523.0,28305,0.11382326329546597,-26059,-0.10479139439026842,0.23076923076923078,NEUTRAL
2018-07-24,NASDAQ-100 STOCK INDEX (MINI) - CHICAGO MERCANTILE EXCHANGE,209742,239453,48297,69026,74166,49388,59717,65312,-10479.0,-13967.0,-5595,-0.023365754448680952,3488.0,0.013159831155018658,25814.0,24778,0.10347750915628537,-20729,-0.0865681365445411,0.25,NEUTRAL
2018-07-31,NASDAQ-100 STOCK INDEX (MINI) - CHICAGO MERCANTILE EXCHANGE,209742,239608,57424,69341,66506,49738,61198,66227,1481.0,915.0,-5029,-0.02098844779807018,566.0,0.0023773066506107728,15377.0,16768,0.06998096891589596,-11917,-0.049735401155220196,0.26282051282051283,NEUTRAL
2018-08-07,NASDAQ-100 STOCK INDEX (MINI) - CHICAGO MERCANTILE EXCHANGE,209742,244972,66362,72344,69515,50045,53948,64889,-7250.0,-1338.0,-10941,-0.04466224711395588,-5912.0,-0.023673799315885702,12053.0,19470,0.07947847100893163,-5982,-0.024419117286873602,0.21153846153846154,NEUTRAL
2018-08-14,NASDAQ-100 STOCK INDEX (MINI) - CHICAGO MERCANTILE EXCHANGE,209742,237572,67944,71939,64704,48352,52681,59704,-1267.0,-5185.0,-7023,-0.029561564494132306,3918.0,0.015100682619823575,2060.0,16352,0.06882966006094994,-3995,-0.01681595474214133,0.24358974358974358,NEUTRAL
2018-08-21,NASDAQ-100 STOCK INDEX (MINI) - CHICAGO MERCANTILE EXCHANGE,209742,239836,67421,69458,63945,51506,52761,60297,80.0,593.0,-7536,-0.03142147133874815,-513.0,-0.0018599068446158405,-1941.0,12439,0.051864607481779214,-2037,-0.00849330375756767,0.24358974358974358,NEUTRAL
2018-08-28,NASDAQ-100 STOCK INDEX (MINI) - CHICAGO MERCANTILE EXCHANGE,209742,246273,68954,74474,64359,53018,58996,58209,6235.0,-2088.0,787,0.003195640610217117,8323.0,0.034617111948965266,5816.0,11341,0.04605052116959634,-5520,-0.0224141501504428,0.34615384615384615,NEUTRAL
2018-09-04,NASDAQ-100 STOCK INDEX (MINI) - CHICAGO MERCANTILE EXCHANGE,209742,266283,69265,76251,86901,54903,55019,68801,-3977.0,10592.0,-13782,-0.05175696533387411,-14569.0,-0.05495260594409123,-2841.0,31998,0.12016538795191582,-6986,-0.02623524596012513,0.1794871794871795,EXTREME_SHORT
2018-09-11,NASDAQ-100 STOCK INDEX (MINI) - CHICAGO MERCANTILE EXCHANGE,209742,263631,82018,68507,82302,70872,43533,67356,-11486.0,-1445.0,-23823,-0.09036494190743881,-10041.0,-0.0386079765735647,-16800.0,11430,0.043356054485246424,13511,0.051249663355219986,0.10897435897435898,EXTREME_SHORT
2018-09-18,NASDAQ-100 STOCK INDEX (MINI) - CHICAGO MERCANTILE EXCHANGE,209742,308395,82706,64001,80690,68652,34810,63453,-8723.0,-3903.0,-28643,-0.0928776406880786,-4820.0,-0.0025126987806397966,-21107.0,12038,0.03903435529110394,18705,0.060652734318001264,0.09615384615384616,EXTREME_SHORT
2018-09-25,NASDAQ-100 STOCK INDEX (MINI) - CHICAGO MERCANTILE EXCHANGE,209742,247101,49326,83483,106515,51210,37814,58287,3004.0,-5166.0,-20473,-0.08285276061205742,8170.0,0.01002488007602119,-21260.0,55305,0.22381536294875376,-34157,-0.13823092581575955,0.14102564102564102,EXTREME_SHORT
2018-10-02,NASDAQ-100 STOCK INDEX (MINI) - CHICAGO MERCANTILE EXCHANGE,209742,247207,43768,82192,104115,53679,48740,55125,10926.0,-3162.0,-6385,-0.025828556634723127,14088.0,0.05702420397733429,7397.0,50436,0.20402334885339007,-38424,-0.1554324917983714,0.2692307692307692,NEUTRAL
2018-10-09,NASDAQ-100 STOCK INDEX (MINI) - CHICAGO MERCANTILE EXCHANGE,209742,247730,67198,67667,87516,61358,35757,60482,-12983.0,5357.0,-24725,-0.09980624066524038,-18340.0,-0.07397768403051726,-902.0,26158,0.10559076413837645,-469,-0.001893190166713761,0.07692307692307693,EXTREME_SHORT
2018-10-16,NASDAQ-100 STOCK INDEX (MINI) - CHICAGO MERCANTILE EXCHANGE,209742,250718,79566,66069,67842,62913,48061,53886,12304.0,-6596.0,-5825,-0.023233274036965835,18900.0,0.07657296662827455,22818.0,4929,0.0196595378074171,13497,0.05383339050247689,0.28846153846153844,NEUTRAL
2018-10-23,NASDAQ-100 STOCK INDEX (MINI) - CHICAGO MERCANTILE EXCHANGE,209742,254359,77081,60772,58846,60660,60037,64492,11976.0,10606.0,-4455,-0.017514615169897663,1370.0,0.005718658867068172,16018.0,-1814,-0.007131652506889868,16309,0.06411803789132682,0.3269230769230769,NEUTRAL
2018-10-30,NASDAQ-100 STOCK INDEX (MINI) - CHICAGO MERCANTILE EXCHANGE,209742,248265,84505,50629,52690,74834,53257,50136,-6780.0,-14356.0,3121,0.012571244436388537,7576.0,0.0300858596062862,9506.0,-22144,-0.08919501339294705,33876,0.13645096972992568,0.4166666666666667,NEUTRAL
2018-11-06,NASDAQ-100 STOCK INDEX (MINI) - CHICAGO MERCANTILE EXCHANGE,209742,243313,94359,38879,53859,83979,38852,51035,-14405.0,899.0,-12183,-0.05007130732842059,-15304.0,-0.06264255176480912,12542.0,-30120,-0.1237911661111408,55480,0.22801905364694858,0.21153846153846154,NEUTRAL
2018-11-13,NASDAQ-100 STOCK INDEX (MINI) - CHICAGO MERCANTILE EXCHANGE,209742,248663,95410,38890,54854,82232,38078,54982,-774.0,3947.0,-16904,-0.06797955465831265,-4721.0,-0.01790824732989206,-11079.0,-27378,-0.11010081918097989,56520,0.2272955767444292,0.17307692307692307,EXTREME_SHORT
2018-11-20,NASDAQ-100 STOCK INDEX (MINI) - CHICAGO MERCANTILE EXCHANGE,209742,256397,85192,50702,58061,85018,38966,39084,888.0,-15898.0,-118,-0.0004602237935701276,16786.0,0.06751933086474253,4337.0,-26957,-0.10513773562093161,34490,0.1345179545782517,0.36538461538461536,NEUTRAL
2018-11-27,NASDAQ-100 STOCK INDEX (MINI) - CHICAGO MERCANTILE EXCHANGE,209742,240730,81022,55812,53134,82319,48280,39042,9314.0,-42.0,9238,0.03837494288206705,9356.0,0.038835166675637176,6117.0,-29185,-0.12123540896439995,25210,0.10472313380135422,0.4807692307692308,NEUTRAL
2018-12-04,NASDAQ-100 STOCK INDEX (MINI) - CHICAGO MERCANTILE EXCHANGE,209742,243099,95772,44966,53629,84164,32653,47879,-15627.0,8837.0,-15226,-0.06263291909880336,-24464.0,-0.10100786198087042,-3043.0,-30535,-0.1256072628846684,50806,0.20899304398619492,0.1858974358974359,EXTREME_SHORT
2018-12-11,NASDAQ-100 STOCK INDEX (MINI) - CHICAGO MERCANTILE EXCHANGE,209742,253480,93234,54963,53306,84304,47279,53809,14626.0,5930.0,-6530,-0.02576140129398769,8696.0,0.03687151780481567,10374.0,-30998,-0.1222897270001578,38271,0.15098232602177686,0.30128205128205127,NEUTRAL
2018-12-18,NASDAQ-100 STOCK INDEX (MINI) - CHICAGO MERCANTILE EXCHANGE,209742,272148,70140,53609,51106,75043,57295,51075,10016.0,-2734.0,6220,0.022855211135117657,12750.0,0.04861661242910535,6338.0,-23937,-0.0879558181577671,16531,0.060742684127754014,0.46794871794871795,NEUTRAL
2018-12-24,NASDAQ-100 STOCK INDEX (MINI) - CHICAGO MERCANTILE EXCHANGE,209742,208265,37339,44686,49602,71257,67201,44699,9906.0,-6376.0,22502,0.10804503877271746,16282.0,0.0851898276375998,13264.0,-21655,-0.10397810481838043,-7347,-0.035277170912059154,0.6794871794871795,NEUTRAL
2018-12-31,NASDAQ-100 STOCK INDEX (MINI) - CHICAGO MERCANTILE EXCHANGE,209742,203989,70539,36771,48361,69474,41791,44498,-25410.0,-201.0,-2707,-0.013270323399791166,-25209.0,-0.12131536217250863,12519.0,-21113,-0.10350067895817912,33768,0.1655383378515508,0.3782051282051282,NEUTRAL
2019-01-08,NASDAQ-100 STOCK INDEX (MINI) - CHICAGO MERCANTILE EXCHANGE,209742,205311,91052,37060,46753,63630,28983,42487,-12808.0,-2011.0,-13504,-0.06577338768989484,-10797.0,-0.05250306429010367,-6974.0,-16877,-0.08220212263346825,53992,0.26297665492837696,0.1794871794871795,EXTREME_SHORT
2019-01-15,NASDAQ-100 STOCK INDEX (MINI) - CHICAGO MERCANTILE EXCHANGE,209742,208903,98242,39303,46718,60657,25174,46642,-3809.0,4155.0,-21468,-0.10276539829490242,-7964.0,-0.03699201060500758,-27688.0,-13939,-0.06672474784948038,58939,0.28213572806517856,0.07692307692307693,EXTREME_SHORT
2019-01-22,NASDAQ-100 STOCK INDEX (MINI) - CHICAGO MERCANTILE EXCHANGE,209742,206783,91858,49405,49378,58475,28338,47824,3164.0,1182.0,-19486,-0.09423405212227311,1982.0,0.008531346172629309,-41988.0,-9097,-0.043992978146172555,42453,0.20530217667796677,0.10897435897435898,EXTREME_SHORT
2019-01-29,NASDAQ-100 STOCK INDEX (MINI) - CHICAGO MERCANTILE EXCHANGE,209742,217732,83944,54020,50229,56771,44037,50064,15699.0,2240.0,-6027,-0.02768081862105708,13459.0,0.06655323350121603,-3320.0,-6542,-0.03004611173369096,29924,0.13743501184942958,0.3141025641025641,NEUTRAL
2019-02-05,NASDAQ-100 STOCK INDEX (MINI) - CHICAGO MERCANTILE EXCHANGE,209742,215458,83376,49922,55310,48552,33513,55560,-10524.0,5496.0,-22047,-0.10232620742789778,-16020.0,-0.0746453888068407,-8543.0,6758,0.031365741815110135,33454,0.15526924040880358,0.08333333333333333,EXTREME_SHORT
2019-02-12,NASDAQ-100 STOCK INDEX (MINI) - CHICAGO MERCANTILE EXCHANGE,209742,215006,86048,51586,56376,64939,29682,41383,-3831.0,-14177.0,-11701,-0.05442173706780276,10346.0,0.047904470360095014,9767.0,-8563,-0.0398267955312875,34462,0.16028389905397988,0.23076923076923078,NEUTRAL
2019-02-19,NASDAQ-100 STOCK INDEX (MINI) - CHICAGO MERCANTILE EXCHANGE,209742,221601,89196,53849,59475,66327,28472,42110,-1210.0,727.0,-13638,-0.0615430435783232,-1937.0,-0.007121306510520439,5848.0,-6852,-0.030920438084665682,35347,0.15950740294493257,0.22435897435897437,NEUTRAL
2019-02-26,NASDAQ-100 STOCK INDEX (MINI) - CHICAGO MERCANTILE EXCHANGE,209742,223287,87825,54192,63077,68573,29696,42658,1224.0,548.0,-12962,-0.058050849355314016,676.0,0.0034921942230091846,-6935.0,-5496,-0.024614061723253033,33633,0.150626771822811,0.23076923076923078,NEUTRAL
2019-03-05,NASDAQ-100 STOCK INDEX (MINI) - CHICAGO MERCANTILE EXCHANGE,209742,232670,94796,54476,62304,67007,27312,44877,-2384.0,2219.0,-17565,-0.07549318777667942,-4603.0,-0.017442338421365403,4482.0,-4703,-0.02021317746164095,40320,0.17329264623715993,0.19230769230769232,EXTREME_SHORT
2019-03-12,NASDAQ-100 STOCK INDEX (MINI) - CHICAGO MERCANTILE EXCHANGE,209742,257837,103710,46228,55381,69353,29119,53956,1807.0,9079.0,-24837,-0.09632830043787353,-7272.0,-0.020835112661194116,-13136.0,-13972,-0.054189274619236186,57482,0.22293929885935687,0.10897435897435898,EXTREME_SHORT
2019-03-19,NASDAQ-100 STOCK INDEX (MINI) - CHICAGO MERCANTILE EXCHANGE,209742,199340,66853,36852,64879,63480,23740,46809,-5379.0,-7147.0,-23069,-0.11572689876592757,1768.0,-0.01939859832805403,-9431.0,1399,0.007018159927761614,30001,0.150501655463028,0.057692307692307696,EXTREME_SHORT
2019-03-26,NASDAQ-100 STOCK INDEX (MINI) - CHICAGO MERCANTILE EXCHANGE,209742,193624,50216,46072,68311,48155,29788,47243,6048.0,434.0,-17455,-0.09014894847746147,5614.0,0.0255779502884661,-4493.0,20156,0.1040986654546957,4144,0.021402305499318267,0.15384615384615385,EXTREME_SHORT
2019-04-02,NASDAQ-100 STOCK INDEX (MINI) - CHICAGO MERCANTILE EXCHANGE,209742,196541,55124,48433,70463,45443,24633,50789,-5155.0,3546.0,-26156,-0.13308164708635858,-8701.0,-0.04293269860889712,-8591.0,25020,0.12730168260057698,6691,0.03404378730137732,0.03205128205128205,EXTREME_SHORT
2019-04-09,NASDAQ-100 STOCK INDEX (MINI) - CHICAGO MERCANTILE EXCHANGE,209742,201019,53701,52610,73866,43244,24834,50293,201.0,-496.0,-25459,-0.12664971967823938,697.0,0.006431927408119209,-622.0,30622,0.15233385898845384,1091,0.005427347663653685,0.04487179487179487,EXTREME_SHORT
2019-04-16,NASDAQ-100 STOCK INDEX (MINI) - CHICAGO MERCANTILE EXCHANGE,209742,209067,55927,45170,72785,48587,27273,54231,2439.0,3938.0,-26958,-0.12894430971889395,-1499.0,-0.002294590040654576,-3889.0,24198,0.11574280015497425,10757,0.051452405209813125,0.038461538461538464,EXTREME_SHORT
2019-04-23,NASDAQ-100 STOCK INDEX (MINI) - CHICAGO MERCANTILE EXCHANGE,209742,217253,53925,49248,72989,55136,40804,54569,13531.0,338.0,-13765,-0.06335930919250828,13193.0,0.06558500052638568,3690.0,17853,0.08217608042236471,4677,0.021527896047465397,0.24358974358974358,NEUTRAL
2019-04-30,NASDAQ-100 STOCK INDEX (MINI) - CHICAGO MERCANTILE EXCHANGE,209742,219945,53250,54133,73446,54023,43531,55959,2727.0,1390.0,-12428,-0.056505035349746525,1337.0,0.00685427384276175,13728.0,19423,0.08830844074655027,-883,-0.004014640023642274,0.2692307692307692,NEUTRAL
2019-05-07,NASDAQ-100 STOCK INDEX (MINI) - CHICAGO MERCANTILE EXCHANGE,209742,208882,51656,44323,69888,53182,40976,54731,-2555.0,-1228.0,-13755,-0.06585057592324853,-1327.0,-0.009345540573502002,11704.0,16706,0.0799781694928237,7333,0.035105944983292,0.21794871794871795,NEUTRAL
2019-05-14,NASDAQ-100 STOCK INDEX (MINI) - CHICAGO MERCANTILE EXCHANGE,209742,216460,58605,37505,67469,37823,39940,74969,-1036.0,20238.0,-35029,-0.16182666543472235,-21274.0,-0.09597608951147382,-8071.0,29646,0.13695832948350734,21100,0.09747759401275062,0.01282051282051282,EXTREME_SHORT
2019-05-21,NASDAQ-100 STOCK INDEX (MINI) - CHICAGO MERCANTILE EXCHANGE,209742,216280,53735,47020,73184,35339,40287,71490,347.0,-3479.0,-31203,-0.14427131496208617,3826.0,0.017555350472636178,-17438.0,37845,0.1749815054558905,6715,0.03104771592380248,0.02564102564102564,EXTREME_SHORT
2019-05-28,NASDAQ-100 STOCK INDEX (MINI) - CHICAGO MERCANTILE EXCHANGE,209742,223713,54355,45479,78989,44411,39355,72971,-932.0,1481.0,-33616,-0.15026395426282782,-2413.0,-0.005992639300741648,-21188.0,34578,0.15456410669026832,8876,0.03967583466316218,0.02564102564102564,EXTREME_SHORT
2019-06-04,NASDAQ-100 STOCK INDEX (MINI) - CHICAGO MERCANTILE EXCHANGE,209742,222720,58465,40486,76661,47976,40475,73773,1120.0,802.0,-33298,-0.14950610632183908,318.0,0.0007578479409887373,-19543.0,28685,0.1287940014367816,17979,0.08072467672413793,0.03205128205128205,EXTREME_SHORT
2019-06-11,NASDAQ-100 STOCK INDEX (MINI) - CHICAGO MERCANTILE EXCHANGE,209742,219921,55495,45380,82879,50336,34035,65634,-6440.0,-8139.0,-31599,-0.1436834135894253,1699.0,0.005822692732413787,3430.0,32543,0.14797586406027619,10115,0.045993788678661884,0.04487179487179487,EXTREME_SHORT
2019-06-18,NASDAQ-100 STOCK INDEX (MINI) - CHICAGO MERCANTILE EXCHANGE,209742,247705,51758,52988,81600,47385,26959,54698,-7076.0,-10936.0,-27739,-0.1119840132415575,3860.0,0.03169940034786779,3464.0,34215,0.1381280151793464,-1230,-0.00496558406168628,0.10897435897435898,EXTREME_SHORT
2019-06-25,NASDAQ-100 STOCK INDEX (MINI) - CHICAGO MERCANTILE EXCHANGE,209742,216956,29884,62435,87721,39005,48255,58462,21296.0,3764.0,-10207,-0.04704640572281937,17532.0,0.06493760751873813,23409.0,48716,0.22454322535444976,-32551,-0.15003503014436106,0.3333333333333333,NEUTRAL
2019-07-02,NASDAQ-100 STOCK INDEX (MINI) - CHICAGO MERCANTILE EXCHANGE,209742,209069,31643,57954,83613,37790,45989,52840,-2266.0,-5622.0,-6851,-0.03276908580420818,3356.0,0.01427731991861119,26447.0,45823,0.21917644414045123,-26311,-0.12584840411538775,0.36538461538461536,NEUTRAL
2019-07-09,NASDAQ-100 STOCK INDEX (MINI) - CHICAGO MERCANTILE EXCHANGE,209742,210823,32332,57066,80516,37290,48007,51622,2018.0,-1218.0,-3615,-0.017147085469801683,3236.0,0.0156220003344065,27984.0,43226,0.20503455505329116,-24734,-0.11732116514801516,0.4551282051282051,NEUTRAL
2019-07-16,NASDAQ-100 STOCK INDEX (MINI) - CHICAGO MERCANTILE EXCHANGE,209742,216097,27334,59741,87650,35177,53307,60993,5300.0,9371.0,-7686,-0.035567360953645814,-4071.0,-0.01842027548384413,20053.0,52473,0.24282151071046798,-32407,-0.14996506198605256,0.36538461538461536,NEUTRAL
2019-07-23,NASDAQ-100 STOCK INDEX (MINI) - CHICAGO MERCANTILE EXCHANGE,209742,224625,37014,59482,86268,37677,53319,65471,12.0,4478.0,-12152,-0.054099053978853645,-4466.0,-0.01853169302520783,-1945.0,48591,0.21632053422370617,-22468,-0.10002448525319978,0.3076923076923077,NEUTRAL
2019-07-30,NASDAQ-100 STOCK INDEX (MINI) - CHICAGO MERCANTILE EXCHANGE,209742,228217,38729,57892,90548,38749,50046,67067,-3273.0,1596.0,-17021,-0.07458252452709482,-4869.0,-0.02048347054824118,-10170.0,51799,0.22697257434809853,-19163,-0.08396832838920852,0.23717948717948717,NEUTRAL
2019-08-06,NASDAQ-100 STOCK INDEX (MINI) - CHICAGO MERCANTILE EXCHANGE,209742,204915,34820,47677,94787,36471,26705,50880,-23341.0,-16187.0,-24175,-0.11797574604104141,-7154.0,-0.04339322151394659,-20560.0,58316,0.28458629187711976,-12857,-0.06274308859771124,0.08974358974358974,EXTREME_SHORT
2019-08-13,NASDAQ-100 STOCK INDEX (MINI) - CHICAGO MERCANTILE EXCHANGE,209742,194142,38145,42729,86488,35282,22846,49999,-3859.0,-881.0,-27153,-0.13986154464258121,-2978.0,-0.021885798601539802,-19467.0,51206,0.2637553955352268,-4584,-0.02361158327409834,0.05128205128205128,EXTREME_SHORT
2019-08-20,NASDAQ-100 STOCK INDEX (MINI) - CHICAGO MERCANTILE EXCHANGE,209742,191768,44433,36135,82499,36237,18276,54442,-4570.0,4443.0,-36166,-0.18859246589629136,-9013.0,-0.04873092125371015,-24014.0,46262,0.24123941429226983,8298,0.043271035834967254,0.0,EXTREME_SHORT
2019-08-27,NASDAQ-100 STOCK INDEX (MINI) - CHICAGO MERCANTILE EXCHANGE,209742,200114,49229,37052,83530,40538,18772,53163,496.0,-1279.0,-34391,-0.17185704148635278,1775.0,0.016735424409938582,-17370.0,42992,0.21483754260071758,12177,0.06085031532026745,0.00641025641025641,EXTREME_SHORT
2019-09-03,NASDAQ-100 STOCK INDEX (MINI) - CHICAGO MERCANTILE EXCHANGE,209742,200086,46398,41514,83656,41465,20342,51317,1570.0,-1846.0,-30975,-0.15480843237407915,3416.0,0.017048609112273627,-6800.0,42191,0.2108643283388143,4884,0.024409503913317275,0.03205128205128205,EXTREME_SHORT
2019-09-10,NASDAQ-100 STOCK INDEX (MINI) - CHICAGO MERCANTILE EXCHANGE,209742,204212,38960,46155,80006,42565,34958,54054,14616.0,2737.0,-19096,-0.09351066538695081,11879.0,0.06129776698712834,8057.0,37441,0.18334377999334026,-7195,-0.03523299316396686,0.20512820512820512,NEUTRAL
2019-09-17,NASDAQ-100 STOCK INDEX (MINI) - CHICAGO MERCANTILE EXCHANGE,209742,249740,35957,49915,88296,45886,42693,55044,7735.0,990.0,-12351,-0.049455433650997034,6745.0,0.04405523173595378,23815.0,42410,0.1698166092736446,-13958,-0.05589012573075999,0.3782051282051282,NEUTRAL
2019-09-24,NASDAQ-100 STOCK INDEX (MINI) - CHICAGO MERCANTILE EXCHANGE,209742,202930,32505,42600,81901,44446,44709,57441,2016.0,2397.0,-12732,-0.06274084659734884,-381.0,-0.013285412946351806,21659.0,37455,0.1845710343468191,-10095,-0.049746217907652886,0.3141025641025641,NEUTRAL
2019-10-01,NASDAQ-100 STOCK INDEX (MINI) - CHICAGO MERCANTILE EXCHANGE,209742,206517,33370,45749,85067,45150,43323,52309,-1386.0,-5132.0,-8986,-0.04351215638422019,3746.0,0.019228690213128653,21989.0,39917,0.19328675121176464,-12379,-0.05994179655912104,0.4166666666666667,NEUTRAL
2019-10-08,NASDAQ-100 STOCK INDEX (MINI) - CHICAGO MERCANTILE EXCHANGE,209742,202812,38557,39878,76449,47973,43561,51492,238.0,-817.0,-7931,-0.03910518115298898,1055.0,0.004406975231231208,11165.0,28476,0.1404058931424176,-1321,-0.0065134212965702225,0.42948717948717946,NEUTRAL
2019-10-15,NASDAQ-100 STOCK INDEX (MINI) - CHICAGO MERCANTILE EXCHANGE,209742,214331,34989,43102,83968,46401,52295,56128,8734.0,4636.0,-3833,-0.01788355394226687,4098.0,0.02122162721072211,8518.0,37567,0.17527562508456546,-8113,-0.037852667136345185,0.532051282051282,NEUTRAL
2019-10-22,NASDAQ-100 STOCK INDEX (MINI) - CHICAGO MERCANTILE EXCHANGE,209742,218954,36680,50309,87165,44159,48148,59556,-4147.0,3428.0,-11408,-0.052102268056304066,-7575.0,-0.034218714114037194,1324.0,43006,0.19641568548644922,-13629,-0.06224595120436256,0.3717948717948718,NEUTRAL
2019-10-29,NASDAQ-100 STOCK INDEX (MINI) - CHICAGO MERCANTILE EXCHANGE,209742,229678,33228,58286,91178,45389,58765,60293,10617.0,737.0,-1528,-0.006652792169907436,9880.0,0.04544947588639663,7458.0,45789,0.19936171509678768,-25058,-0.10910056688058935,0.5769230769230769,NEUTRAL
2019-11-05,NASDAQ-100 STOCK INDEX (MINI) - CHICAGO MERCANTILE EXCHANGE,209742,226851,34640,55666,91500,38568,53310,65047,-5455.0,4754.0,-11737,-0.05173880652939595,-10209.0,-0.045086014359488516,-3806.0,52932,0.23333377415131518,-21026,-0.09268638886317451,0.38461538461538464,NEUTRAL
2019-11-12,NASDAQ-100 STOCK INDEX (MINI) - CHICAGO MERCANTILE EXCHANGE,209742,231853,33710,55271,95303,40313,54419,67284,1109.0,2237.0,-12865,-0.055487744389764206,-1128.0,-0.0037489378603682566,-9032.0,54990,0.2371761417794896,-21561,-0.0929942679197595,0.3525641025641026,NEUTRAL
2019-11-19,NASDAQ-100 STOCK INDEX (MINI) - CHICAGO MERCANTILE EXCHANGE,209742,232945,32184,49591,97249,38582,51824,71753,-2595.0,4469.0,-19929,-0.08555238360986499,-7064.0,-0.030064639220100782,-8521.0,58667,0.25184914894073707,-17407,-0.07472579364227608,0.25,NEUTRAL
2019-11-26,NASDAQ-100 STOCK INDEX (MINI) - CHICAGO MERCANTILE EXCHANGE,209742,224422,33409,43399,98307,38167,41497,71777,-10327.0,24.0,-30280,-0.13492438352746167,-10351.0,-0.04937199991759668,-28752.0,60140,0.26797729277878285,-9990,-0.04451435242534155,0.07692307692307693,EXTREME_SHORT
2019-12-03,NASDAQ-100 STOCK INDEX (MINI) - CHICAGO MERCANTILE EXCHANGE,209742,210730,41118,38006,81196,39022,34927,61838,-6570.0,-9939.0,-26911,-0.12770369667346843,3369.0,0.007220686853993241,-15174.0,42174,0.20013287144687514,3112,0.01476771223840934,0.10256410256410256,EXTREME_SHORT
2019-12-10,NASDAQ-100 STOCK INDEX (MINI) - CHICAGO MERCANTILE EXCHANGE,209742,213003,45833,34706,71316,37986,37545,64521,2618.0,2683.0,-26976,-0.12664610357600598,-65.0,0.0010575930974624503,-14111.0,33330,0.1564766693426853,11127,0.05223870086336812,0.11538461538461539,EXTREME_SHORT
2019-12-17,NASDAQ-100 STOCK INDEX (MINI) - CHICAGO MERCANTILE EXCHANGE,209742,276325,42973,37142,65714,42245,56441,72755,18896.0,8234.0,-16314,-0.0590391748846467,10662.0,0.06760692869135927,3615.0,23469,0.08493259748484575,5831,0.021101963267891072,0.358974358974359,NEUTRAL
2019-12-24,NASDAQ-100 STOCK INDEX (MINI) - CHICAGO MERCANTILE EXCHANGE,209742,211094,21883,49985,83795,41957,53046,57349,-3395.0,-15406.0,-4303,-0.02038428377879049,12011.0,0.03865489110585621,25977.0,41838,0.19819606431258113,-28102,-0.13312552701640026,0.5769230769230769,NEUTRAL
2019-12-31,NASDAQ-100 STOCK INDEX (MINI) - CHICAGO MERCANTILE EXCHANGE,209742,216734,21743,57643,81146,40447,58921,58007,5875.0,658.0,914,0.004217150977696162,5217.0,0.024601434756486653,27825.0,40699,0.18778318122675722,-35900,-0.16564083161848164,0.6602564102564102,NEUTRAL
2020-01-07,NASDAQ-100 STOCK INDEX (MINI) - CHICAGO MERCANTILE EXCHANGE,209742,210289,21830,47504,77914,44759,54684,51020,-4237.0,-6987.0,3664,0.017423640799090773,2750.0,0.01320648982139461,30640.0,33155,0.1576639767177551,-25674,-0.12208912496611805,0.7051282051282052,NEUTRAL
2020-01-14,NASDAQ-100 STOCK INDEX (MINI) - CHICAGO MERCANTILE EXCHANGE,209742,215871,21929,50801,77012,37277,60052,64650,5368.0,13630.0,-4598,-0.021299757725678763,-8262.0,-0.03872339852476954,11716.0,39735,0.18406826299039705,-28872,-0.13374654307433606,0.5576923076923077,NEUTRAL
2020-01-21,NASDAQ-100 STOCK INDEX (MINI) - CHICAGO MERCANTILE EXCHANGE,209742,216925,26081,46324,77499,44071,60317,62364,265.0,-2286.0,-2047,-0.009436441166301717,2551.0,0.011863316559377045,2256.0,33428,0.15409934309093004,-20243,-0.0933179670392993,0.6346153846153846,NEUTRAL
2020-01-28,NASDAQ-100 STOCK INDEX (MINI) - CHICAGO MERCANTILE EXCHANGE,209742,206168,24103,47055,77879,40610,50139,54112,-10178.0,-8252.0,-3973,-0.019270691862946724,-1926.0,-0.009834250696645007,-4887.0,37269,0.18077005160839704,-22952,-0.11132668503356485,0.5897435897435898,NEUTRAL
2020-02-04,NASDAQ-100 STOCK INDEX (MINI) - CHICAGO MERCANTILE EXCHANGE,209742,204786,34460,42286,74245,41805,41865,53258,-8274.0,-854.0,-11393,-0.05563368589649683,-7420.0,-0.0363629940335501,-15057.0,32440,0.15840926625843563,-7826,-0.038215503012901275,0.38461538461538464,NEUTRAL
2020-02-11,NASDAQ-100 STOCK INDEX (MINI) - CHICAGO MERCANTILE EXCHANGE,209742,207829,33813,41890,72888,49763,47331,57433,5466.0,4175.0,-10102,-0.04860726847552555,1291.0,0.007026417420971279,-5504.0,23125,0.11126936086879118,-8077,-0.03886368119944762,0.44871794871794873,NEUTRAL
2020-02-18,NASDAQ-100 STOCK INDEX (MINI) - CHICAGO MERCANTILE EXCHANGE,209742,208321,28761,46569,70924,41607,54482,61529,7151.0,4096.0,-7047,-0.033827602594073566,3055.0,0.014779665881451985,-5000.0,29317,0.14072993121192776,-17808,-0.08548346062086876,0.5128205128205128,NEUTRAL
2020-02-25,NASDAQ-100 STOCK INDEX (MINI) - CHICAGO MERCANTILE EXCHANGE,209742,214665,23960,67641,72148,33201,47624,45397,-6858.0,-16132.0,2227,0.010374304148324133,9274.0,0.0442019067423977,6200.0,38947,0.18143153285351593,-43681,-0.20348449910325392,0.7243589743589743,NEUTRAL
2020-03-03,NASDAQ-100 STOCK INDEX (MINI) - CHICAGO MERCANTILE EXCHANGE,209742,216843,25980,51877,77560,38893,49190,59888,1566.0,14491.0,-10698,-0.04933523332549356,-12925.0,-0.05970953747381769,695.0,38667,0.1783179535424247,-25897,-0.1194274198383162,0.44871794871794873,NEUTRAL
2020-03-10,NASDAQ-100 STOCK INDEX (MINI) - CHICAGO MERCANTILE EXCHANGE,209742,220158,32054,40114,72923,54699,50039,62556,849.0,2668.0,-12517,-0.05685462258923137,-1819.0,-0.007519389263737811,-2415.0,18224,0.08277691476121694,-8060,-0.036610070949045684,0.3717948717948718,NEUTRAL
2020-03-17,NASDAQ-100 STOCK INDEX (MINI) - CHICAGO MERCANTILE EXCHANGE,209742,296271,36586,45725,59441,65875,62183,46442,12144.0,-16114.0,15741,0.05313041100883988,28258.0,0.10998503359807126,22788.0,-6434,-0.0217166040550712,-9139,-0.030846758542010525,0.8012820512820513,EXTREME_LONG
2020-03-24,NASDAQ-100 STOCK INDEX (MINI) - CHICAGO MERCANTILE EXCHANGE,209742,199855,33447,65000,63431,39534,49024,40809,-13159.0,-5633.0,8215,0.041104800980711016,-7526.0,-0.012025610028128866,5988.0,23897,0.11957168947486928,-31553,-0.15787946261039254,0.7948717948717948,NEUTRAL
2020-03-31,NASDAQ-100 STOCK INDEX (MINI) - CHICAGO MERCANTILE EXCHANGE,209742,186519,35916,40543,60210,38825,38738,45848,-10286.0,5039.0,-7110,-0.03811944091486658,-15325.0,-0.0792242418955776,3588.0,21385,0.11465319886982023,-4627,-0.024807124207185328,0.5128205128205128,NEUTRAL
2020-04-07,NASDAQ-100 STOCK INDEX (MINI) - CHICAGO MERCANTILE EXCHANGE,209742,183367,33060,30868,61496,39491,41939,48728,3201.0,2880.0,-6789,-0.037024110117960154,321.0,0.0010953307969064283,5728.0,22005,0.12000523540222614,2192,0.011954168416345362,0.5192307692307693,NEUTRAL
2020-04-14,NASDAQ-100 STOCK INDEX (MINI) - CHICAGO MERCANTILE EXCHANGE,209742,177937,32055,26596,65814,33990,35034,54070,-6905.0,5342.0,-19036,-0.1069816845287939,-12247.0,-0.06995757441083375,-34777.0,31824,0.17884981763208327,5459,0.03067939776437728,0.16666666666666666,EXTREME_SHORT
2020-04-21,NASDAQ-100 STOCK INDEX (MINI) - CHICAGO MERCANTILE EXCHANGE,209742,179254,32342,28406,62232,37220,36890,54841,1856.0,771.0,-17951,-0.10014281410735604,1085.0,0.006838870421437868,-26166.0,25012,0.13953384582770817,3936,0.021957669005991498,0.19230769230769232,EXTREME_SHORT
2020-04-28,NASDAQ-100 STOCK INDEX (MINI) - CHICAGO MERCANTILE EXCHANGE,209742,181751,33842,35009,63428,37129,34107,51789,-2783.0,-3052.0,-17682,-0.09728694752711127,269.0,0.0028558665802447675,-10572.0,26299,0.14469796589839945,-1167,-0.006420872512393329,0.21794871794871795,NEUTRAL
2020-05-05,NASDAQ-100 STOCK INDEX (MINI) - CHICAGO MERCANTILE EXCHANGE,209742,184505,34688,47540,64453,31762,34810,48055,703.0,-3734.0,-13245,-0.07178667244790114,4437.0,0.025500275079210127,-6456.0,32691,0.17718219018454784,-12852,-0.0696566488713043,0.3269230769230769,NEUTRAL
2020-05-12,NASDAQ-100 STOCK INDEX (MINI) - CHICAGO MERCANTILE EXCHANGE,209742,196564,36072,51464,69920,28919,36804,56060,1994.0,8005.0,-19256,-0.09796300441586456,-6011.0,-0.026176331967963415,-220.0,41001,0.20858855131153212,-15392,-0.07830528479273927,0.21794871794871795,NEUTRAL
2020-05-19,NASDAQ-100 STOCK INDEX (MINI) - CHICAGO MERCANTILE EXCHANGE,209742,198166,40272,40640,63880,30927,39266,65905,2462.0,9845.0,-26639,-0.13442770202759302,-7383.0,-0.036464697611728464,-8688.0,32953,0.16628987818293753,-368,-0.001857028955522138,0.08333333333333333,EXTREME_SHORT
2020-05-26,NASDAQ-100 STOCK INDEX (MINI) - CHICAGO MERCANTILE EXCHANGE,209742,210002,39703,42314,72655,31262,40874,73602,1608.0,7697.0,-32728,-0.1558461347987162,-6089.0,-0.02141843277112318,-15046.0,41393,0.19710764659384197,-2611,-0.01243321492176265,0.03205128205128205,EXTREME_SHORT
2020-06-02,NASDAQ-100 STOCK INDEX (MINI) - CHICAGO MERCANTILE EXCHANGE,209742,209734,42270,43458,73607,32781,41064,70259,190.0,-3343.0,-29195,-0.1392001296880811,3533.0,0.016646005110635104,-15950.0,40826,0.19465608818789515,-1188,-0.0056643176595115715,0.08333333333333333,EXTREME_SHORT
2020-06-09,NASDAQ-100 STOCK INDEX (MINI) - CHICAGO MERCANTILE EXCHANGE,209742,216274,49463,37182,72443,32855,37615,76797,-3449.0,6538.0,-39182,-0.18116833276306907,-9987.0,-0.04196820307498797,-19926.0,39588,0.18304558106845945,12281,0.056784449355909636,0.00641025641025641,EXTREME_SHORT
2020-06-16,NASDAQ-100 STOCK INDEX (MINI) - CHICAGO MERCANTILE EXCHANGE,209742,228649,37436,45690,78374,24347,35954,75909,-1661.0,-888.0,-39955,-0.174743821315641,-773.0,0.006424511447428061,-13316.0,54027,0.2362879347821333,-8254,-0.03609899890224755,0.01282051282051282,EXTREME_SHORT
2020-06-23,NASDAQ-100 STOCK INDEX (MINI) - CHICAGO MERCANTILE EXCHANGE,209742,182561,13762,49004,79756,24875,41059,55853,5105.0,-20056.0,-14794,-0.08103592771731093,25161.0,0.09370789359833008,17934.0,54881,0.3006173279068366,-35242,-0.19304232557884762,0.3525641025641026,NEUTRAL
2020-06-30,NASDAQ-100 STOCK INDEX (MINI) - CHICAGO MERCANTILE EXCHANGE,209742,194081,14381,55058,82938,24355,46851,58670,5792.0,2817.0,-11819,-0.0608972542392094,2975.0,0.020138673478101526,17376.0,58583,0.3018481974021156,-40677,-0.20958774944481942,0.42948717948717946,NEUTRAL
2020-07-07,NASDAQ-100 STOCK INDEX (MINI) - CHICAGO MERCANTILE EXCHANGE,209742,212535,22681,57186,82135,21790,55721,75973,8870.0,17303.0,-20252,-0.09528783494483262,-8433.0,-0.03439058070562322,18930.0,60345,0.2839297056955325,-34505,-0.1623497306326017,0.2692307692307692,NEUTRAL
2020-07-14,NASDAQ-100 STOCK INDEX (MINI) - CHICAGO MERCANTILE EXCHANGE,209742,223283,34911,47287,68793,28190,65539,88883,9818.0,12910.0,-23344,-0.10454893565564777,-3092.0,-0.009261100710815151,16611.0,40603,0.18184546069338015,-12376,-0.0554274172238818,0.21153846153846154,NEUTRAL
2020-07-21,NASDAQ-100 STOCK INDEX (MINI) - CHICAGO MERCANTILE EXCHANGE,209742,222203,49651,43445,65920,28945,52543,91702,-12996.0,2819.0,-39159,-0.17623074395935248,-15815.0,-0.07168180830370471,-24365.0,36975,0.16640189376381057,6206,0.027929415894474872,0.01282051282051282,EXTREME_SHORT
2020-07-28,NASDAQ-100 STOCK INDEX (MINI) - CHICAGO MERCANTILE EXCHANGE,209742,220915,47419,44012,66979,28371,52329,92785,-214.0,1083.0,-40456,-0.18312925785935766,-1297.0,-0.0068985139000051765,-28637.0,38608,0.1747640495213091,3407,0.015422221216304913,0.00641025641025641,EXTREME_SHORT
2020-08-04,NASDAQ-100 STOCK INDEX (MINI) - CHICAGO MERCANTILE EXCHANGE,209742,228566,50202,38963,67607,29412,55360,96723,3031.0,3938.0,-41363,-0.1809674229762957,-907.0,0.0021618348830619583,-21111.0,38195,0.1671070937934776,11239,0.04917179283007971,0.019230769230769232,EXTREME_SHORT
2020-08-11,NASDAQ-100 STOCK INDEX (MINI) - CHICAGO MERCANTILE EXCHANGE,209742,235063,59328,40945,65736,32071,48712,98928,-6648.0,2205.0,-50216,-0.2136278359418539,-8853.0,-0.03266041296555819,-26872.0,33665,0.1432169248244088,18383,0.07820456643538115,0.0,EXTREME_SHORT
2020-08-18,NASDAQ-100 STOCK INDEX (MINI) - CHICAGO MERCANTILE EXCHANGE,209742,229944,42824,45096,85562,27117,40061,98485,-8651.0,-443.0,-58424,-0.2540792540792541,-8208.0,-0.04045141813740019,-19265.0,58445,0.254170580663118,-2272,-0.009880666597084508,0.0,EXTREME_SHORT
2020-08-25,NASDAQ-100 STOCK INDEX (MINI) - CHICAGO MERCANTILE EXCHANGE,209742,234983,41479,43170,83345,28924,43198,100936,3137.0,2451.0,-57738,-0.24571139188792382,686.0,0.008367862191330261,-17282.0,54421,0.23159547711962142,-1691,-0.007196265261742339,0.00641025641025641,EXTREME_SHORT
2020-09-01,NASDAQ-100 STOCK INDEX (MINI) - CHICAGO MERCANTILE EXCHANGE,209742,245148,44103,43638,82174,32209,50115,102256,6917.0,1320.0,-52141,-0.21269192487803287,5597.0,0.033019467009890946,-10778.0,49965,0.2038156542170444,465,0.0018968133535660092,0.019230769230769232,EXTREME_SHORT
2020-09-08,NASDAQ-100 STOCK INDEX (MINI) - CHICAGO MERCANTILE EXCHANGE,209742,250803,45203,40742,69136,36955,54746,78121,4631.0,-24135.0,-23375,-0.09320063954577895,28766.0,0.11949128533225392,26841.0,32181,0.12831186229829786,4461,0.017786868578127057,0.34615384615384615,NEUTRAL
2020-09-15,NASDAQ-100 STOCK INDEX (MINI) - CHICAGO MERCANTILE EXCHANGE,209742,348364,79019,23801,73777,32472,64098,71579,9352.0,-6542.0,-7481,-0.021474664431456753,15894.0,0.0717259751143222,50943.0,41305,0.11856850880113903,55218,0.15850661951292327,0.7371794871794872,NEUTRAL
2020-09-22,NASDAQ-100 STOCK INDEX (MINI) - CHICAGO MERCANTILE EXCHANGE,209742,332017,124962,9942,74906,32999,64101,45919,3.0,-25660.0,18182,0.05476225614953451,25663.0,0.07623692058099127,75920.0,41907,0.12621944057081413,115020,0.3464280443471268,0.9423076923076923,EXTREME_LONG
2020-09-29,NASDAQ-100 STOCK INDEX (MINI) - CHICAGO MERCANTILE EXCHANGE,209742,275596,81205,15633,70680,34360,53195,56842,-10906.0,10923.0,-3647,-0.0132331383619501,-21829.0,-0.06799539451148462,48494.0,36320,0.13178710866630866,65572,0.23792798153819358,0.8205128205128205,EXTREME_LONG
2020-10-06,NASDAQ-100 STOCK INDEX (MINI) - CHICAGO MERCANTILE EXCHANGE,209742,277502,92137,19013,67902,36229,46904,54587,-6291.0,-2255.0,-7683,-0.02768628694567967,-4036.0,-0.01445314858372957,15692.0,31673,0.1141361143343111,73124,0.26350801075307567,0.7051282051282052,NEUTRAL
2020-10-13,NASDAQ-100 STOCK INDEX (MINI) - CHICAGO MERCANTILE EXCHANGE,209742,226211,41440,50961,67015,37152,45772,71387,-1132.0,16800.0,-25615,-0.11323498857261584,-17932.0,-0.08554870162693617,-18134.0,29863,0.13201391621097117,-9521,-0.04208902308022156,0.23717948717948717,NEUTRAL
2020-10-20,NASDAQ-100 STOCK INDEX (MINI) - CHICAGO MERCANTILE EXCHANGE,209742,219891,50495,45149,55115,37541,44716,73052,-1056.0,1665.0,-28336,-0.12886384617833382,-2721.0,-0.015628857605717986,-46518.0,17574,0.07992141561046155,5346,0.02431204551345894,0.1794871794871795,EXTREME_SHORT
2020-10-27,NASDAQ-100 STOCK INDEX (MINI) - CHICAGO MERCANTILE EXCHANGE,209742,227676,59810,44747,54224,35507,48087,80881,3371.0,7829.0,-32794,-0.1440380189391943,-4458.0,-0.015174172760860472,-29147.0,18717,0.08220892847730986,15063,0.06615980604016233,0.1282051282051282,EXTREME_SHORT
2020-11-03,NASDAQ-100 STOCK INDEX (MINI) - CHICAGO MERCANTILE EXCHANGE,209742,222955,52949,39151,51595,34802,51007,84637,2920.0,3756.0,-33630,-0.15083761297122739,-836.0,-0.0067995940320330905,-25947.0,16793,0.07532013186517458,13798,0.06188692785539683,0.10897435897435898,EXTREME_SHORT
2020-11-10,NASDAQ-100 STOCK INDEX (MINI) - CHICAGO MERCANTILE EXCHANGE,209742,238100,57015,40712,54872,39444,59611,79611,8604.0,-5026.0,-20000,-0.08399832003359933,13630.0,0.06683929293762805,5615.0,15428,0.06479630407391852,16303,0.0684712305753885,0.42948717948717946,NEUTRAL
2020-11-17,NASDAQ-100 STOCK INDEX (MINI) - CHICAGO MERCANTILE EXCHANGE,209742,238473,63201,39056,60621,34727,52350,84014,-7261.0,4403.0,-31664,-0.13277813421225884,-11664.0,-0.04877981417865951,-3328.0,25894,0.1085825229690573,24145,0.10124835935305045,0.1858974358974359,EXTREME_SHORT
2020-11-24,NASDAQ-100 STOCK INDEX (MINI) - CHICAGO MERCANTILE EXCHANGE,209742,247258,70766,37725,63376,33726,47005,93286,-5345.0,9272.0,-46281,-0.18717695686287197,-14617.0,-0.05439882265061313,-13487.0,29650,0.1199152302453308,33041,0.1336296500012133,0.03205128205128205,EXTREME_SHORT
2020-12-01,NASDAQ-100 STOCK INDEX (MINI) - CHICAGO MERCANTILE EXCHANGE,209742,245965,69501,39259,66517,33075,45701,93536,-1304.0,250.0,-47835,-0.19447888927286403,-1554.0,-0.007301932409992051,-14205.0,33442,0.13596243367958855,30242,0.12295245258471733,0.02564102564102564,EXTREME_SHORT
2020-12-08,NASDAQ-100 STOCK INDEX (MINI) - CHICAGO MERCANTILE EXCHANGE,209742,244507,59802,46008,70670,29554,45533,104704,-168.0,11168.0,-59171,-0.24200125149791213,-11336.0,-0.047522362225048104,-39171.0,41116,0.1681587848200665,13794,0.0564155627446249,0.01282051282051282,EXTREME_SHORT
2020-12-15,NASDAQ-100 STOCK INDEX (MINI) - CHICAGO MERCANTILE EXCHANGE,209742,276828,58768,39431,67886,31866,42220,107724,-3313.0,3020.0,-65504,-0.23662346294449985,-6333.0,0.005377788553412283,-33840.0,36020,0.13011689568974236,19337,0.06985203808863265,0.019230769230769232,EXTREME_SHORT
2020-12-21,NASDAQ-100 STOCK INDEX (MINI) - CHICAGO MERCANTILE EXCHANGE,209742,212706,40391,49496,76432,24490,41623,85836,-597.0,-21888.0,-44213,-0.20785967485637452,21291.0,0.028763788088125325,2068.0,51942,0.2441962144932442,-9105,-0.042805562607542806,0.038461538461538464,EXTREME_SHORT
2020-12-29,NASDAQ-100 STOCK INDEX (MINI) - CHICAGO MERCANTILE EXCHANGE,209742,216887,42414,43225,79630,21236,41964,98604,341.0,12768.0,-56640,-0.2611498153416295,-12427.0,-0.05329014048525499,-8805.0,58394,0.26923697593677814,-811,-0.003739274368680465,0.0,EXTREME_SHORT
2021-01-05,NASDAQ-100 STOCK INDEX (MINI) - CHICAGO MERCANTILE EXCHANGE,209742,220898,43197,39997,79503,21924,45851,102932,3887.0,4328.0,-57081,-0.25840433141087743,-441.0,0.0027454839307520795,2090.0,57579,0.26065876558411577,3200,0.014486324004744271,0.00641025641025641,EXTREME_SHORT
2021-01-12,NASDAQ-100 STOCK INDEX (MINI) - CHICAGO MERCANTILE EXCHANGE,209742,232289,53308,31491,77760,24308,46853,117449,1002.0,14517.0,-70596,-0.3039145202743135,-13515.0,-0.04551018886343605,-5092.0,53452,0.23010990619443883,21817,0.09392179569415685,0.0,EXTREME_SHORT
2021-01-19,NASDAQ-100 STOCK INDEX (MINI) - CHICAGO MERCANTILE EXCHANGE,209742,235051,51534,35461,79996,22686,50825,113677,3972.0,-3772.0,-62852,-0.26739728824808234,7744.0,0.03651723202623114,-18639.0,57310,0.24381942642235088,16073,0.06838090456964659,0.00641025641025641,EXTREME_SHORT
2021-01-26,NASDAQ-100 STOCK INDEX (MINI) - CHICAGO MERCANTILE EXCHANGE,209742,232059,45994,39134,77792,21848,52949,107694,2124.0,-5983.0,-54745,-0.23590983327515846,8107.0,0.03148745497292388,1895.0,55944,0.24107662275541997,6860,0.029561447735274218,0.05128205128205128,EXTREME_SHORT
2021-02-02,NASDAQ-100 STOCK INDEX (MINI) - CHICAGO MERCANTILE EXCHANGE,209742,234732,44780,42666,81903,26752,48966,103787,-3983.0,-3907.0,-54821,-0.23354719424705622,-76.0,0.0023626390281022425,2260.0,55151,0.2349530528432425,2114,0.009006015370720651,0.057692307692307696,EXTREME_SHORT
2021-02-09,NASDAQ-100 STOCK INDEX (MINI) - CHICAGO MERCANTILE EXCHANGE,209742,234372,46910,44902,80589,25848,48331,102355,-635.0,-1432.0,-54024,-0.230505350468486,797.0,0.0030418437785702246,16572.0,54741,0.23356458962674723,2008,0.008567576331643711,0.0641025641025641,EXTREME_SHORT
2021-02-16,NASDAQ-100 STOCK INDEX (MINI) - CHICAGO MERCANTILE EXCHANGE,209742,235353,51430,41539,72793,26006,49983,102293,1652.0,-62.0,-52310,-0.22226187896478905,1714.0,0.008243471503696947,10542.0,46787,0.1987950015508619,9891,0.04202623293520796,0.07051282051282051,EXTREME_SHORT
2021-02-23,NASDAQ-100 STOCK INDEX (MINI) - CHICAGO MERCANTILE EXCHANGE,209742,240070,69657,34252,57138,34541,51726,103574,1743.0,1281.0,-51848,-0.2159703419835881,462.0,0.00629153698120094,2897.0,22597,0.09412671304202941,35405,0.14747781896946724,0.07692307692307693,EXTREME_SHORT
2021-03-02,NASDAQ-100 STOCK INDEX (MINI) - CHICAGO MERCANTILE EXCHANGE,209742,244016,86577,26127,49907,41642,48155,97593,-3571.0,-5981.0,-49438,-0.20260146875614715,2410.0,0.013368873227440958,5383.0,8265,0.03387072978821061,60450,0.24772965707166744,0.10256410256410256,EXTREME_SHORT
2021-03-09,NASDAQ-100 STOCK INDEX (MINI) - CHICAGO MERCANTILE EXCHANGE,209742,253528,86221,24463,50384,54451,57779,90891,9624.0,-6702.0,-33112,-0.1306049036003913,16326.0,0.07199656515575587,20912.0,-4067,-0.016041620649395728,61758,0.2435943958852671,0.28205128205128205,NEUTRAL
2021-03-16,NASDAQ-100 STOCK INDEX (MINI) - CHICAGO MERCANTILE EXCHANGE,209742,257385,74758,21724,53611,50700,49093,87970,-8686.0,-2921.0,-38877,-0.1510460982574742,-5765.0,-0.02044119465708291,13433.0,2911,0.011309905394642267,53034,0.20604930357246926,0.1987179487179487,EXTREME_SHORT
2021-03-23,NASDAQ-100 STOCK INDEX (MINI) - CHICAGO MERCANTILE EXCHANGE,209742,221777,67838,23243,57748,46919,46733,84779,-2360.0,-3191.0,-38046,-0.17155070183111865,831.0,-0.020504603573644448,13802.0,10829,0.04882832755425495,44595,0.20108036451029637,0.16666666666666666,EXTREME_SHORT
2021-03-30,NASDAQ-100 STOCK INDEX (MINI) - CHICAGO MERCANTILE EXCHANGE,209742,222230,71601,22754,55218,45524,45922,84645,-811.0,-134.0,-38723,-0.17424740134095307,-677.0,-0.0026966995098344215,10715.0,9694,0.04362147324843631,48847,0.21980380686675965,0.16025641025641027,EXTREME_SHORT
2021-04-06,NASDAQ-100 STOCK INDEX (MINI) - CHICAGO MERCANTILE EXCHANGE,209742,214588,48222,25810,61618,42177,52895,81002,6973.0,-3643.0,-28107,-0.1309812291460846,10616.0,0.043266172194868474,5005.0,19441,0.09059686468954462,22412,0.10444200048464966,0.30128205128205127,NEUTRAL
2021-04-13,NASDAQ-100 STOCK INDEX (MINI) - CHICAGO MERCANTILE EXCHANGE,209742,214302,47714,31671,58575,39171,55631,76007,2736.0,-4995.0,-20376,-0.09508077386118655,7731.0,0.03590045528489805,18501.0,19404,0.09054511857098861,16043,0.07486164384840086,0.4551282051282051,NEUTRAL
2021-04-20,NASDAQ-100 STOCK INDEX (MINI) - CHICAGO MERCANTILE EXCHANGE,209742,218144,47764,44018,53222,34451,61494,71773,5863.0,-4234.0,-10279,-0.04712025084347954,10097.0,0.04796052301770701,27767.0,18771,0.086048665101951,3746,0.017172143171483058,0.717948717948718,NEUTRAL
2021-04-27,NASDAQ-100 STOCK INDEX (MINI) - CHICAGO MERCANTILE EXCHANGE,209742,217879,60435,41638,51077,33544,53393,73358,-8101.0,1585.0,-19965,-0.09163342956411587,-9686.0,-0.04451317872063633,18758.0,17533,0.08047127075119677,18797,0.08627265592370077,0.48717948717948717,NEUTRAL
2021-05-04,NASDAQ-100 STOCK INDEX (MINI) - CHICAGO MERCANTILE EXCHANGE,209742,237240,69189,36843,50764,37600,60277,89168,6884.0,15810.0,-28891,-0.12177963243972349,-8926.0,-0.030146202875607625,-784.0,13164,0.05548811330298432,32346,0.13634294385432474,0.33974358974358976,NEUTRAL
2021-05-11,NASDAQ-100 STOCK INDEX (MINI) - CHICAGO MERCANTILE EXCHANGE,209742,227436,70088,31612,50144,38936,50991,79685,-9286.0,-9483.0,-28694,-0.1261629645262843,197.0,-0.004383332086560818,-8318.0,11208,0.04927979739355247,38476,0.16917286621291264,0.33974358974358976,NEUTRAL
2021-05-18,NASDAQ-100 STOCK INDEX (MINI) - CHICAGO MERCANTILE EXCHANGE,209742,227977,67060,30664,46795,48892,55393,74812,4402.0,-4873.0,-19419,-0.08517964531509757,9275.0,0.04098331921118674,-9140.0,-2097,-0.00919829631936555,36396,0.15964768375757205,0.5128205128205128,NEUTRAL
2021-05-25,NASDAQ-100 STOCK INDEX (MINI) - CHICAGO MERCANTILE EXCHANGE,209742,233388,73101,30379,49158,49321,53862,79533,-1531.0,4721.0,-25671,-0.10999280168646203,-6252.0,-0.024813156371364456,-5706.0,-163,-0.0006984078016007678,42722,0.18305139938642948,0.3717948717948718,NEUTRAL
2021-06-01,NASDAQ-100 STOCK INDEX (MINI) - CHICAGO MERCANTILE EXCHANGE,209742,238373,74907,32215,49133,51183,57404,79277,3542.0,-256.0,-21873,-0.09175955330511425,3798.0,0.01823324838134778,7018.0,-2050,-0.008599967278173283,42692,0.17909746489745063,0.4807692307692308,NEUTRAL
2021-06-08,NASDAQ-100 STOCK INDEX (MINI) - CHICAGO MERCANTILE EXCHANGE,209742,238155,73795,31613,55367,50964,52023,80936,-5381.0,1659.0,-28913,-0.12140412756398145,-7040.0,-0.0296445742588672,-219.0,4403,0.01848795952215994,42182,0.17711994289433353,0.34615384615384615,NEUTRAL
2021-06-15,NASDAQ-100 STOCK INDEX (MINI) - CHICAGO MERCANTILE EXCHANGE,209742,288897,71602,34728,58831,54377,66679,86892,14656.0,5956.0,-20213,-0.06996611248991855,8700.0,0.0514380150740629,-794.0,4454,0.015417259438484996,36874,0.1276371855713282,0.5705128205128205,NEUTRAL
2021-06-22,NASDAQ-100 STOCK INDEX (MINI) - CHICAGO MERCANTILE EXCHANGE,209742,223769,52124,32900,55144,50879,62490,70153,-4189.0,-16739.0,-7663,-0.03424513672581993,12550.0,0.03572097576409862,18008.0,4265,0.01905983402526713,19224,0.0859100232829391,0.7756410256410257,NEUTRAL
2021-06-29,NASDAQ-100 STOCK INDEX (MINI) - CHICAGO MERCANTILE EXCHANGE,209742,224134,57434,35749,56771,45341,56697,72641,-5793.0,2488.0,-15944,-0.0711360168470647,-8281.0,-0.03689088012124478,5929.0,11430,0.05099627901166267,21685,0.09675015838739326,0.5576923076923077,NEUTRAL
2021-07-06,NASDAQ-100 STOCK INDEX (MINI) - CHICAGO MERCANTILE EXCHANGE,209742,228288,64925,37402,61516,44342,49407,72149,-7290.0,-492.0,-22742,-0.09961977852537146,-6798.0,-0.028483761678306754,6171.0,17174,0.07522953462293244,27523,0.12056262265208859,0.4166666666666667,NEUTRAL
2021-07-13,NASDAQ-100 STOCK INDEX (MINI) - CHICAGO MERCANTILE EXCHANGE,209742,232282,70099,37883,63194,43877,48594,77571,-813.0,5422.0,-28977,-0.12474922723241577,-6235.0,-0.02512944870704431,-8764.0,19317,0.08316184637638732,32216,0.13869348464366588,0.3333333333333333,NEUTRAL
2021-07-20,NASDAQ-100 STOCK INDEX (MINI) - CHICAGO MERCANTILE EXCHANGE,209742,234532,55800,42385,62028,49096,61207,77431,12613.0,-140.0,-16224,-0.069176061262429,12753.0,0.055573165969986765,-8561.0,12932,0.05513959715518565,13415,0.05719901761806491,0.5769230769230769,NEUTRAL
2021-07-27,NASDAQ-100 STOCK INDEX (MINI) - CHICAGO MERCANTILE EXCHANGE,209742,234722,63603,40249,62298,46279,53698,81676,-7509.0,4245.0,-27978,-0.11919632586634402,-11754.0,-0.05002026460391501,-12034.0,16019,0.06824669183118753,23354,0.09949642555874609,0.3525641025641026,NEUTRAL
2021-08-03,NASDAQ-100 STOCK INDEX (MINI) - CHICAGO MERCANTILE EXCHANGE,209742,223043,64660,38642,63955,41591,38446,75229,-15252.0,-6447.0,-36783,-0.1649143887053169,-8805.0,-0.045718062838972895,-14041.0,22364,0.10026766139264626,26018,0.11665015266114606,0.1794871794871795,EXTREME_SHORT
2021-08-10,NASDAQ-100 STOCK INDEX (MINI) - CHICAGO MERCANTILE EXCHANGE,209742,233359,82364,35687,62488,49027,30037,77931,-8409.0,2702.0,-47894,-0.20523742388337282,-11111.0,-0.04032303517805591,-18917.0,13461,0.057683654797972224,46677,0.20002228326312677,0.10256410256410256,EXTREME_SHORT
2021-08-17,NASDAQ-100 STOCK INDEX (MINI) - CHICAGO MERCANTILE EXCHANGE,209742,234502,85234,35513,65104,47574,29395,80419,-642.0,2488.0,-51024,-0.21758449821323486,-3130.0,-0.01234707432986204,-34800.0,17530,0.07475415987923344,49721,0.21202804240475562,0.07692307692307693,EXTREME_SHORT
2021-08-24,NASDAQ-100 STOCK INDEX (MINI) - CHICAGO MERCANTILE EXCHANGE,209742,227123,69889,41105,65066,43356,38426,71282,9031.0,-9137.0,-32856,-0.14466170313002205,18168.0,0.07292279508321281,-4878.0,21710,0.09558697269761318,28784,0.12673309176085204,0.24358974358974358,NEUTRAL
2021-08-31,NASDAQ-100 STOCK INDEX (MINI) - CHICAGO MERCANTILE EXCHANGE,209742,230598,69434,41290,64860,44172,41144,73419,2718.0,2137.0,-32275,-0.13996218527480725,581.0,0.004699517855214802,4508.0,20688,0.08971456820961153,28144,0.12204789286984276,0.2692307692307692,NEUTRAL
2021-09-07,NASDAQ-100 STOCK INDEX (MINI) - CHICAGO MERCANTILE EXCHANGE,209742,234329,65092,43138,63395,43051,45146,74565,4002.0,1146.0,-29419,-0.1255457071041143,2856.0,0.014416478170692942,18475.0,20344,0.08681810616697037,21954,0.09368878798612208,0.36538461538461536,NEUTRAL
2021-09-14,NASDAQ-100 STOCK INDEX (MINI) - CHICAGO MERCANTILE EXCHANGE,209742,277699,59833,50404,71450,42837,48653,77642,3507.0,3077.0,-28989,-0.10439000500541953,430.0,0.021155702098694773,22035.0,28613,0.10303602101556002,9429,0.03395402936272727,0.4423076923076923,NEUTRAL
2021-09-21,NASDAQ-100 STOCK INDEX (MINI) - CHICAGO MERCANTILE EXCHANGE,209742,222302,52309,61941,74690,44851,41480,55741,-7173.0,-21901.0,-14261,-0.06415146962240556,14728.0,0.040238535383013974,18595.0,29839,0.13422731239485025,-9632,-0.04332844508821333,0.6346153846153846,NEUTRAL
2021-09-28,NASDAQ-100 STOCK INDEX (MINI) - CHICAGO MERCANTILE EXCHANGE,209742,230609,64075,52060,69453,44818,36382,62174,-5098.0,6433.0,-25792,-0.1118429896491464,-11531.0,-0.04769152002674083,6483.0,24635,0.10682583940782883,12015,0.05210117558291307,0.4230769230769231,NEUTRAL
2021-10-05,NASDAQ-100 STOCK INDEX (MINI) - CHICAGO MERCANTILE EXCHANGE,209742,225151,65638,50749,64135,48994,35557,57509,-825.0,-4665.0,-21952,-0.09749901177432034,3840.0,0.014343977874826053,7467.0,15141,0.06724820231755578,14889,0.06612895345790158,0.48717948717948717,NEUTRAL
2021-10-12,NASDAQ-100 STOCK INDEX (MINI) - CHICAGO MERCANTILE EXCHANGE,209742,230615,66051,59154,64642,51068,41517,55648,5960.0,-1861.0,-14131,-0.06127528564924224,7821.0,0.0362237261250781,14858.0,13574,0.05886000476985452,6897,0.029906987836870975,0.6730769230769231,NEUTRAL
2021-10-19,NASDAQ-100 STOCK INDEX (MINI) - CHICAGO MERCANTILE EXCHANGE,209742,237365,68092,66853,67435,42274,47404,57630,5887.0,1982.0,-10226,-0.04308133044046089,3905.0,0.01819395520878135,4035.0,25161,0.10600130600551892,1239,0.005219809154677396,0.7948717948717948,NEUTRAL
2021-10-26,NASDAQ-100 STOCK INDEX (MINI) - CHICAGO MERCANTILE EXCHANGE,209742,245510,64937,78396,66439,39731,58026,63888,10622.0,6258.0,-5862,-0.023876827827787054,4364.0,0.019204502612673837,19930.0,26708,0.10878579283939555,-13459,-0.05482057757321494,0.8653846153846154,EXTREME_LONG
2021-11-02,NASDAQ-100 STOCK INDEX (MINI) - CHICAGO MERCANTILE EXCHANGE,209742,255587,71280,85433,71353,39405,60882,63786,2856.0,-102.0,-2904,-0.011362080230997664,2958.0,0.01251474759678939,19048.0,31948,0.12499853278922637,-14153,-0.05537449087786155,0.9166666666666666,EXTREME_LONG
2021-11-09,NASDAQ-100 STOCK INDEX (MINI) - CHICAGO MERCANTILE EXCHANGE,209742,262897,70435,91500,78737,36992,61363,70161,481.0,6375.0,-8798,-0.03346557777380495,-5894.0,-0.022103497542807285,5333.0,41745,0.15878842284240596,-21065,-0.08012643734998878,0.8269230769230769,EXTREME_LONG
2021-11-16,NASDAQ-100 STOCK INDEX (MINI) - CHICAGO MERCANTILE EXCHANGE,209742,264338,74300,89951,77003,36285,56569,75565,-4794.0,5404.0,-18996,-0.07186253962729536,-10198.0,-0.03839696185349041,-8770.0,40718,0.15403763363572395,-15651,-0.059208286360644326,0.5961538461538461,NEUTRAL
2021-11-23,NASDAQ-100 STOCK INDEX (MINI) - CHICAGO MERCANTILE EXCHANGE,209742,258727,67252,87062,75604,38980,53188,60562,-3381.0,-15003.0,-7374,-0.02850108415434029,11622.0,0.04336145547295507,-1512.0,36624,0.14155461161765104,-19810,-0.07656719244609182,0.8461538461538461,EXTREME_LONG
2021-11-30,NASDAQ-100 STOCK INDEX (MINI) - CHICAGO MERCANTILE EXCHANGE,209742,258476,67945,86472,81474,42263,51046,58319,-2142.0,-2243.0,-7273,-0.028138008944737617,101.0,0.0003630752096026729,-4369.0,39211,0.15170073817298318,-18527,-0.07167783469258268,0.8461538461538461,EXTREME_LONG
2021-12-07,NASDAQ-100 STOCK INDEX (MINI) - CHICAGO MERCANTILE EXCHANGE,209742,251880,63899,87713,73962,40157,50141,54417,-905.0,-3902.0,-4276,-0.01697633793870097,2997.0,0.011161671006036648,4522.0,33805,0.13421073527076385,-23814,-0.09454502143878037,0.9102564102564102,EXTREME_LONG
2021-12-14,NASDAQ-100 STOCK INDEX (MINI) - CHICAGO MERCANTILE EXCHANGE,209742,269716,54921,84213,67698,39968,52818,52587,2677.0,-1830.0,231,0.0008564564208278337,4507.0,0.0178327943595288,19227.0,27730,0.10281184653487371,-29292,-0.10860312328523336,0.9487179487179487,EXTREME_LONG
2021-12-21,NASDAQ-100 STOCK INDEX (MINI) - CHICAGO MERCANTILE EXCHANGE,209742,208070,45341,66064,71272,43901,36515,43320,-16303.0,-9267.0,-6805,-0.03270533954919018,-7036.0,-0.033561795970018016,569.0,27371,0.13154707550343633,-20723,-0.09959628971019369,0.8397435897435898,EXTREME_LONG
2021-12-28,NASDAQ-100 STOCK INDEX (MINI) - CHICAGO MERCANTILE EXCHANGE,209742,211097,52497,69779,74926,37671,32778,48881,-3737.0,5561.0,-16103,-0.07628246730176175,-9298.0,-0.04357712775257157,-8830.0,37255,0.17648284911675674,-17282,-0.08186757746438841,0.5833333333333334,NEUTRAL
2022-01-04,NASDAQ-100 STOCK INDEX (MINI) - CHICAGO MERCANTILE EXCHANGE,209742,210931,44292,76702,74755,33669,35097,45095,2319.0,-3786.0,-9998,-0.04739938652924416,6105.0,0.02888308077251759,-5722.0,41086,0.1947840763093144,-32410,-0.15365214216971426,0.7628205128205128,NEUTRAL
2022-01-11,NASDAQ-100 STOCK INDEX (MINI) - CHICAGO MERCANTILE EXCHANGE,209742,220222,40419,57348,72744,47083,45935,48243,10838.0,3148.0,-2308,-0.010480333481668498,7690.0,0.03691905304757566,-2539.0,25661,0.11652332646147978,-16929,-0.0768724287310078,0.9358974358974359,EXTREME_LONG
2022-01-18,NASDAQ-100 STOCK INDEX (MINI) - CHICAGO MERCANTILE EXCHANGE,209742,235810,41049,63221,74249,49458,51366,53453,5431.0,5210.0,-2087,-0.008850345617234214,221.0,0.001629987864434284,4718.0,24791,0.1051312497349561,-22172,-0.09402485051524533,0.9423076923076923,EXTREME_LONG
2022-01-25,NASDAQ-100 STOCK INDEX (MINI) - CHICAGO MERCANTILE EXCHANGE,209742,243347,41923,72075,73024,55176,61464,47679,10098.0,-5774.0,13785,0.056647503359400365,15872.0,0.06549784897663458,29888.0,17848,0.07334382589471003,-30152,-0.1239053696984142,0.9935897435897436,EXTREME_LONG
2022-02-01,NASDAQ-100 STOCK INDEX (MINI) - CHICAGO MERCANTILE EXCHANGE,209742,239334,69195,44207,66491,60357,43780,52157,-17684.0,4478.0,-8377,-0.03500129526101599,-22162.0,-0.09164879862041636,1621.0,6134,0.025629455071155792,24988,0.10440639441115764,0.8012820512820513,EXTREME_LONG
2022-02-08,NASDAQ MINI - CHICAGO MERCANTILE EXCHANGE,209742,233767,62585,46120,63801,63306,53194,49853,9414.0,-2304.0,3341,0.014292008709527008,11718.0,0.049293303970543,5649.0,495,0.0021174930593283055,16465,0.07043338024614253,0.9615384615384616,EXTREME_LONG
2022-02-15,NASDAQ MINI - CHICAGO MERCANTILE EXCHANGE,209742,235945,61278,41769,63363,60616,58365,53352,5171.0,3499.0,5013,0.02124647693318358,1672.0,0.006954468223656571,7100.0,2747,0.0116425438131768,19509,0.08268452393566297,0.967948717948718,EXTREME_LONG
2022-02-22,NASDAQ MINI - CHICAGO MERCANTILE EXCHANGE,209742,257929,69890,53680,64606,67136,56665,57857,-1700.0,4505.0,-1192,-0.004621426826762404,-6205.0,-0.025867903759945982,-14977.0,-2530,-0.009808900899084632,16210,0.0628467524008545,0.9294871794871795,EXTREME_LONG
2022-03-01,NASDAQ MINI - CHICAGO MERCANTILE EXCHANGE,209742,249537,73655,52456,66676,64091,54527,45619,-2138.0,-12238.0,8908,0.03569811290510025,10100.0,0.040319539731862655,17285.0,2585,0.010359185211010792,21199,0.08495333357377864,0.967948717948718,EXTREME_LONG
2022-03-08,NASDAQ MINI - CHICAGO MERCANTILE EXCHANGE,209742,248009,66169,59430,60789,62398,61795,46107,7268.0,488.0,15688,0.06325576894386897,6780.0,0.027557656038768724,12347.0,-1609,-0.006487667786249693,6739,0.027172401001576557,0.9935897435897436,EXTREME_LONG
2022-03-15,NASDAQ MINI - CHICAGO MERCANTILE EXCHANGE,209742,264733,64662,41768,58460,63051,53805,50902,-7990.0,4795.0,2903,0.010965765507133603,-12785.0,-0.05229000343673537,-2110.0,-4591,-0.017342001186100714,22894,0.08647958509139397,0.9358974358974359,EXTREME_LONG
2022-03-22,NASDAQ MINI - CHICAGO MERCANTILE EXCHANGE,209742,212808,68455,16043,63260,48994,31043,70492,-22762.0,19590.0,-39449,-0.18537367016277584,-42352.0,-0.19633943566990944,-38257.0,14266,0.0670369534979888,52412,0.24628773354385172,0.14102564102564102,EXTREME_SHORT
2022-03-29,NASDAQ MINI - CHICAGO MERCANTILE EXCHANGE,209742,223320,73515,14835,70800,45216,31433,86160,390.0,15668.0,-54727,-0.2450608991581587,-15278.0,-0.05968722899538287,-63635.0,25584,0.11456206340677055,58680,0.26276195593766793,0.038461538461538464,EXTREME_SHORT
2022-04-05,NASDAQ MINI - CHICAGO MERCANTILE EXCHANGE,209742,232689,68107,24200,77067,39916,37633,92938,6200.0,6778.0,-55305,-0.23767775872516536,-578.0,0.007383140432993346,-70993.0,37151,0.15965945962207065,43907,0.1886939219301299,0.05128205128205128,EXTREME_SHORT
2022-04-12,NASDAQ MINI - CHICAGO MERCANTILE EXCHANGE,209742,228302,57311,36861,72050,44129,47142,75179,9509.0,-17759.0,-28037,-0.1228066333190248,27268.0,0.11487112540614056,-30940.0,27921,0.12229853439742096,20450,0.08957433574826326,0.3782051282051282,NEUTRAL
2022-04-19,NASDAQ MINI - CHICAGO MERCANTILE EXCHANGE,209742,237109,57263,43068,76385,44405,47473,72012,331.0,-3167.0,-24539,-0.10349248657790298,3498.0,0.01931414674112182,14910.0,31980,0.1348746778907591,14195,0.05986698100873438,0.4551282051282051,NEUTRAL
2022-04-26,NASDAQ MINI - CHICAGO MERCANTILE EXCHANGE,209742,236977,52832,46126,71860,48896,48537,59896,1064.0,-12116.0,-11359,-0.047932921760339614,13180.0,0.05555956481756337,43368.0,22964,0.09690391894572047,6706,0.02829810487937648,0.6987179487179487,NEUTRAL
2022-05-03,NASDAQ MINI - CHICAGO MERCANTILE EXCHANGE,209742,226722,46593,47988,72031,48121,49744,54819,1207.0,-5077.0,-5075,-0.02238424149398823,6284.0,0.025548680266351383,50230.0,23910,0.10545954958054357,-1395,-0.0061529097308598195,0.8205128205128205,EXTREME_LONG
2022-05-10,NASDAQ MINI - CHICAGO MERCANTILE EXCHANGE,209742,249921,51380,54824,71521,59957,61804,52194,12060.0,-2625.0,9610,0.03845215087967798,14685.0,0.06083639237366621,37647.0,11564,0.046270621516399185,-3444,-0.013780354592051089,0.9615384615384616,EXTREME_LONG
2022-05-17,NASDAQ MINI - CHICAGO MERCANTILE EXCHANGE,209742,243553,51112,50680,74683,62687,55014,52989,-6790.0,795.0,2025,0.00831441205815572,-7585.0,-0.03013773882152226,26564.0,11996,0.049254166444264696,432,0.00177374123907322,0.9166666666666666,EXTREME_LONG
2022-05-24,NASDAQ MINI - CHICAGO MERCANTILE EXCHANGE,209742,255244,62575,49490,77931,64550,51886,66349,-3128.0,13360.0,-14463,-0.05666342793562239,-16488.0,-0.06497783999377811,-3104.0,13381,0.0524243468994374,13085,0.051264672235194556,0.6217948717948718,NEUTRAL
2022-05-31,NASDAQ MINI - CHICAGO MERCANTILE EXCHANGE,209742,263080,72535,46224,84781,62577,48239,80106,-3647.0,13757.0,-31867,-0.12113045461456591,-17404.0,-0.06446702667894352,-26792.0,22204,0.08440018245400639,26311,0.10001140337539911,0.3717948717948718,NEUTRAL
2022-06-07,NASDAQ MINI - CHICAGO MERCANTILE EXCHANGE,209742,268293,76091,42760,79046,57498,51532,86922,3293.0,6816.0,-35390,-0.13190802592687845,-3523.0,-0.010777571312312537,-45000.0,21548,0.08031517780933532,33331,0.1242335804512231,0.2948717948717949,NEUTRAL
2022-06-14,NASDAQ MINI - CHICAGO MERCANTILE EXCHANGE,209742,302267,64636,45105,78178,63043,61567,81001,10035.0,-5921.0,-19434,-0.06429415053578459,15956.0,0.06761387539109386,-21459.0,15135,0.050071625417263545,19531,0.06461505887179216,0.5769230769230769,NEUTRAL
2022-06-21,NASDAQ MINI - CHICAGO MERCANTILE EXCHANGE,209742,236624,38911,34604,79534,63666,52559,66582,-9008.0,-14419.0,-14023,-0.059262796673203055,5411.0,0.005031353862581536,440.0,15868,0.06705997700993982,4307,0.01820187301372642,0.6089743589743589,NEUTRAL
2022-06-28,NASDAQ MINI - CHICAGO MERCANTILE EXCHANGE,209742,248045,47022,42463,81914,61182,56558,75548,3999.0,8966.0,-18990,-0.07655868894757,-4967.0,-0.01729589227436694,12877.0,20732,0.08358160817593582,4559,0.018379729484569333,0.532051282051282,NEUTRAL
2022-07-05,NASDAQ MINI - CHICAGO MERCANTILE EXCHANGE,209742,259449,57022,44721,79179,70241,57344,73263,786.0,-2285.0,-15919,-0.06135695261881911,3071.0,0.015201736328750881,19471.0,8938,0.0344499304294871,12301,0.04741201546354004,0.6025641025641025,NEUTRAL
2022-07-12,NASDAQ MINI - CHICAGO MERCANTILE EXCHANGE,209742,254260,57335,31197,84162,67716,53362,82432,-3982.0,9169.0,-29070,-0.11433178636041846,-13151.0,-0.05297483374159935,-9636.0,16446,0.06468182175725636,26138,0.10280028317470306,0.391025641025641,NEUTRAL
2022-07-19,NASDAQ MINI - CHICAGO MERCANTILE EXCHANGE,209742,256388,57667,33864,82941,68513,54560,80168,1198.0,-2264.0,-25608,-0.09987986957267891,3462.0,0.01445191678773955,-11585.0,14428,0.05627408459054246,23803,0.09283975849103702,0.44871794871794873,NEUTRAL
2022-07-26,NASDAQ MINI - CHICAGO MERCANTILE EXCHANGE,209742,267158,58975,38807,90294,66935,51502,88292,-3058.0,8124.0,-36790,-0.13770877158834846,-11182.0,-0.03782890201566955,-17800.0,23359,0.08743515073477118,20168,0.07549090800200631,0.27564102564102566,NEUTRAL
2022-08-02,NASDAQ MINI - CHICAGO MERCANTILE EXCHANGE,209742,262325,62492,28651,87693,64132,52728,89224,1226.0,932.0,-36496,-0.13912513103974078,294.0,-0.0014163594513923183,-20577.0,23561,0.08981606785476032,33841,0.12900409797007528,0.27564102564102566,NEUTRAL
2022-08-09,NASDAQ MINI - CHICAGO MERCANTILE EXCHANGE,209742,258784,66934,22334,88895,50947,45081,99398,-7647.0,10174.0,-54317,-0.20989319277853344,-17821.0,-0.07076806173879266,-25247.0,37948,0.14663966860393224,44600,0.1723445035241746,0.11538461538461539,EXTREME_SHORT
2022-08-16,NASDAQ MINI - CHICAGO MERCANTILE EXCHANGE,209742,267796,65488,17126,99862,50223,44206,104853,-875.0,5455.0,-60647,-0.2264671615707479,-6330.0,-0.016573968792214455,-35039.0,49639,0.18536124512688762,48362,0.18059268995802774,0.08333333333333333,EXTREME_SHORT
2022-08-23,NASDAQ MINI - CHICAGO MERCANTILE EXCHANGE,209742,262158,58272,30877,93916,54408,50101,90339,5895.0,-14514.0,-40238,-0.15348759145248286,20409.0,0.07297957011826503,-3448.0,39508,0.15070301116120813,27395,0.10449805079379611,0.23076923076923078,NEUTRAL
2022-08-30,NASDAQ MINI - CHICAGO MERCANTILE EXCHANGE,209742,263641,64812,20750,87252,62262,50675,88760,574.0,-1579.0,-38085,-0.14445780436275085,2153.0,0.009029787089732011,-1589.0,24990,0.0947879882112418,44062,0.16712878497654007,0.25,NEUTRAL
2022-09-06,NASDAQ MINI - CHICAGO MERCANTILE EXCHANGE,209742,286754,77852,18358,80092,72918,61842,96694,11167.0,7934.0,-34852,-0.12153971696994637,3233.0,0.022918087392804487,19465.0,7174,0.025017959644852383,59494,0.20747400210633504,0.3782051282051282,NEUTRAL
2022-09-13,NASDAQ MINI - CHICAGO MERCANTILE EXCHANGE,209742,314969,92584,10621,75342,66376,53012,101049,-8830.0,4355.0,-48037,-0.15251342195581152,-13185.0,-0.030973704985865158,12610.0,8966,0.02846629350825002,81963,0.2602256095044274,0.23076923076923078,NEUTRAL
2022-09-20,NASDAQ MINI - CHICAGO MERCANTILE EXCHANGE,209742,271815,98360,12483,74235,74355,46345,87205,-6667.0,-13844.0,-40860,-0.15032282986590145,7177.0,0.0021905920899100706,-622.0,-120,-0.00044147673969427735,85877,0.3159391497893788,0.25,NEUTRAL
2022-09-27,NASDAQ MINI - CHICAGO MERCANTILE EXCHANGE,209742,282054,97992,8477,74137,84831,51285,83312,4940.0,-3893.0,-32027,-0.11354917852609783,8833.0,0.03677365133980362,6058.0,-10694,-0.03791472554900835,89515,0.3173683053599665,0.4230769230769231,NEUTRAL
2022-10-04,NASDAQ MINI - CHICAGO MERCANTILE EXCHANGE,209742,272171,87622,9984,71489,84687,50625,70637,-660.0,-12675.0,-20012,-0.07352730452546377,12015.0,0.04002187400063406,14840.0,-13198,-0.04849157331236612,77638,0.28525449074295206,0.5833333333333334,NEUTRAL
2022-10-11,NASDAQ MINI - CHICAGO MERCANTILE EXCHANGE,209742,281284,78780,12213,78991,82555,57979,77822,7354.0,7185.0,-19843,-0.0705443608594872,169.0,0.0029829436659765673,28194.0,-3564,-0.012670468281167788,66567,0.2366540578205657,0.6089743589743589,NEUTRAL
2022-10-18,NASDAQ MINI - CHICAGO MERCANTILE EXCHANGE,209742,274388,73306,18677,78545,78681,58125,71437,146.0,-6385.0,-13312,-0.04851524119130574,6531.0,0.02202911966818146,27548.0,-136,-0.0004956484977477149,54629,0.19909398370191117,0.717948717948718,NEUTRAL
2022-10-25,NASDAQ MINI - CHICAGO MERCANTILE EXCHANGE,209742,281590,78882,17450,81202,73721,59536,92800,1411.0,21363.0,-33264,-0.11812919492879718,-19952.0,-0.06961395373749144,-1237.0,7481,0.026566994566568414,61432,0.21816115629106148,0.4166666666666667,NEUTRAL
2022-11-01,NASDAQ MINI - CHICAGO MERCANTILE EXCHANGE,209742,282466,81825,17901,78807,69758,59164,91130,-372.0,-1670.0,-31966,-0.11316760247250997,1298.0,0.004961592456287217,-11954.0,9049,0.03203571403283935,63924,0.22630688295228452,0.4423076923076923,NEUTRAL
2022-11-08,NASDAQ MINI - CHICAGO MERCANTILE EXCHANGE,209742,273054,77222,17493,77131,68750,55002,89105,-4162.0,-2025.0,-34103,-0.12489470947138662,-2137.0,-0.011727106998876649,-14260.0,8381,0.030693562445523594,59729,0.2187442776886623,0.3717948717948718,NEUTRAL
2022-11-15,NASDAQ MINI - CHICAGO MERCANTILE EXCHANGE,209742,268428,70255,32778,80205,56465,50543,88483,-4459.0,-622.0,-37940,-0.14134143979018582,-3837.0,-0.016446730318799202,-24628.0,23740,0.08844084819765449,37477,0.13961658247276737,0.27564102564102566,NEUTRAL
2022-11-22,NASDAQ MINI - CHICAGO MERCANTILE EXCHANGE,209742,252712,62439,32731,78435,57571,48654,76002,-1889.0,-12481.0,-27348,-0.10821805058722973,10592.0,0.033123389202956086,5916.0,20864,0.08256038494412613,29708,0.11755674443635443,0.46794871794871795,NEUTRAL
2022-11-29,NASDAQ MINI - CHICAGO MERCANTILE EXCHANGE,209742,254245,67093,32427,76706,60890,47659,78138,-995.0,2136.0,-30479,-0.11988043029361442,-3131.0,-0.011662379706384687,1487.0,15816,0.06220771303270468,34666,0.1363487974198116,0.41025641025641024,NEUTRAL
2022-12-06,NASDAQ MINI - CHICAGO MERCANTILE EXCHANGE,209742,250102,62693,33455,80681,60357,45490,77637,-2169.0,-501.0,-32147,-0.12853555749254303,-1668.0,-0.008655127198928608,1956.0,20324,0.08126284475933819,29238,0.11690430304435791,0.34615384615384615,NEUTRAL
2022-12-13,NASDAQ MINI - CHICAGO MERCANTILE EXCHANGE,209742,312984,64069,34945,80650,61006,44423,75194,-1067.0,-2443.0,-30771,-0.09831492983666897,1376.0,0.030220627655874063,7169.0,19644,0.062763591749099,29124,0.09305268000920175,0.5192307692307693,NEUTRAL
2022-12-20,NASDAQ MINI - CHICAGO MERCANTILE EXCHANGE,209742,245045,53807,42983,79662,68658,54712,62794,10289.0,-12400.0,-8082,-0.032981697239282584,22689.0,0.06533323259738638,19266.0,11004,0.04490603766655104,10824,0.04417147870799241,0.7948717948717948,NEUTRAL
2022-12-27,NASDAQ MINI - CHICAGO MERCANTILE EXCHANGE,209742,250781,57119,39875,77709,68324,55492,70797,780.0,8003.0,-15305,-0.06102934432831833,-7223.0,-0.028047647089035746,15174.0,9385,0.037423090266008985,17244,0.06876119004230782,0.6794871794871795,NEUTRAL
2023-01-03,NASDAQ MINI - CHICAGO MERCANTILE EXCHANGE,209742,244658,49729,41408,74060,68315,58604,60419,3112.0,-10378.0,-1815,-0.007418518912114053,13490.0,0.05361082541620428,30332.0,5745,0.023481758209418863,8321,0.03401074152490415,0.9038461538461539,EXTREME_LONG
2023-01-10,NASDAQ MINI - CHICAGO MERCANTILE EXCHANGE,209742,253625,57402,46310,80035,62578,58130,70408,-474.0,9989.0,-12278,-0.04841005421389847,-10463.0,-0.04099153530178441,18493.0,17457,0.06882996550024642,11092,0.043733859043863975,0.7371794871794872,NEUTRAL
2023-01-17,NASDAQ MINI - CHICAGO MERCANTILE EXCHANGE,209742,275015,67087,45495,85630,57478,62729,80707,4599.0,10299.0,-17978,-0.0653709797647401,-5700.0,-0.01696092555084163,-9896.0,28152,0.10236532552769849,21592,0.0785120811592095,0.6538461538461539,NEUTRAL
2023-01-24,NASDAQ MINI - CHICAGO MERCANTILE EXCHANGE,209742,273887,68143,43761,88155,52070,58034,87343,-4695.0,6636.0,-29309,-0.10701128567620953,-11331.0,-0.04164030591146943,-14004.0,36085,0.13175141572984478,24382,0.0890221149598192,0.47435897435897434,NEUTRAL
2023-01-31,NASDAQ MINI - CHICAGO MERCANTILE EXCHANGE,209742,278449,73016,48610,89321,51290,61614,89943,3580.0,2600.0,-28329,-0.10173855894616249,980.0,0.005272726730047042,-26514.0,38031,0.13658156430800614,24406,0.08764980301599215,0.5064102564102564,NEUTRAL
2023-02-07,NASDAQ MINI - CHICAGO MERCANTILE EXCHANGE,209742,279306,71879,51959,88290,39391,67375,106342,5761.0,16399.0,-38967,-0.13951365169384117,-10638.0,-0.03777509274767868,-26689.0,48899,0.17507321718831675,19920,0.07131962793495306,0.28846153846153844,NEUTRAL
2023-02-14,NASDAQ MINI - CHICAGO MERCANTILE EXCHANGE,209742,276184,78647,42734,83332,37354,58982,104828,-8393.0,-1514.0,-45846,-0.1659980302986415,-6879.0,-0.026484378604800324,-27868.0,45978,0.16647597254004576,35913,0.13003287663296934,0.21153846153846154,NEUTRAL
2023-02-21,NASDAQ MINI - CHICAGO MERCANTILE EXCHANGE,209742,268297,75857,40071,75605,42130,58301,93137,-681.0,-11691.0,-34836,-0.12984118346459333,11010.0,0.036156846834048156,-5527.0,33475,0.12476844690771793,35786,0.13338203557997294,0.3525641025641026,NEUTRAL
2023-02-28,NASDAQ MINI - CHICAGO MERCANTILE EXCHANGE,209742,268253,76744,36907,73978,49795,58658,89854,357.0,-3283.0,-31196,-0.11629320082161243,3640.0,0.013547982642980905,-2867.0,24183,0.09014997036379835,39837,0.14850532892456003,0.44871794871794873,NEUTRAL
2023-03-07,NASDAQ MINI - CHICAGO MERCANTILE EXCHANGE,209742,260810,70161,31962,71463,47212,59788,87644,1130.0,-2210.0,-27856,-0.10680572063954603,3340.0,0.009487480182066396,11111.0,24251,0.09298339787584832,38199,0.14646294237184157,0.5128205128205128,NEUTRAL
2023-03-14,NASDAQ MINI - CHICAGO MERCANTILE EXCHANGE,209742,306461,61692,31013,73935,53880,65156,71184,5368.0,-16460.0,-6028,-0.019669713275098626,21828.0,0.0871360073644474,39818.0,20055,0.06544062702921416,30679,0.10010735460629575,0.8782051282051282,EXTREME_LONG
2023-03-21,NASDAQ MINI - CHICAGO MERCANTILE EXCHANGE,209742,214876,43438,18463,74903,50562,43411,73840,-21745.0,2656.0,-30429,-0.14161190640183174,-24401.0,-0.12194219312673311,4407.0,24341,0.1132792866583518,24975,0.11622982557381932,0.28205128205128205,NEUTRAL
2023-03-28,NASDAQ MINI - CHICAGO MERCANTILE EXCHANGE,209742,220074,46923,18398,74720,50400,41075,81969,-2336.0,8129.0,-40894,-0.18581931532121013,-10465.0,-0.04420740891937838,-9698.0,24320,0.11050828357734217,28525,0.12961549297054628,0.16025641025641027,EXTREME_SHORT
2023-04-04,NASDAQ MINI - CHICAGO MERCANTILE EXCHANGE,209742,232186,42278,28338,69137,36464,46145,90486,5070.0,8517.0,-44341,-0.1909718932235363,-3447.0,-0.0051525779023261775,-16485.0,32673,0.14071907866968722,13940,0.06003807292429345,0.15384615384615385,EXTREME_SHORT
2023-04-11,NASDAQ MINI - CHICAGO MERCANTILE EXCHANGE,209742,237470,40601,37534,79593,39338,48720,84931,2575.0,-5555.0,-36211,-0.15248662989009137,8130.0,0.03848526333344493,-30183.0,40255,0.1695161494083463,3067,0.012915315618815008,0.2564102564102564,NEUTRAL
2023-04-18,NASDAQ MINI - CHICAGO MERCANTILE EXCHANGE,209742,245059,41477,37587,81209,42596,54568,86193,5848.0,1262.0,-31625,-0.12905055517242786,4586.0,0.023436074717663513,-1196.0,38613,0.15756613713432274,3890,0.01587372836745437,0.38461538461538464,NEUTRAL
2023-04-25,NASDAQ MINI - CHICAGO MERCANTILE EXCHANGE,209742,247654,40422,41907,79224,38074,51598,87590,-2970.0,1397.0,-35992,-0.14533179355067957,-4367.0,-0.01628123837825171,4902.0,41150,0.1661592382921334,-1485,-0.005996268988185129,0.28205128205128205,NEUTRAL
2023-05-02,NASDAQ-100 Consolidated - CHICAGO MERCANTILE EXCHANGE,20974+,255954,35815,40996,82084,38832,49705,84041,39385.0,66523.0,-34336,-0.13414910491728982,1656.0,0.011182688633389753,10005.0,43252,0.16898348922071935,-5181,-0.020241918469725027,0.358974358974359,NEUTRAL
2023-05-09,NASDAQ-100 Consolidated - CHICAGO MERCANTILE EXCHANGE,20974+,264599,34203,44576,82954,38373,56149,85997,6444.0,1956.0,-29848,-0.11280465912569586,4488.0,0.02134444579159396,6363.0,44581,0.16848514166720208,-10373,-0.03920271807527617,0.5256410256410257,NEUTRAL
2023-05-16,NASDAQ-100 Consolidated - CHICAGO MERCANTILE EXCHANGE,20974+,283785,40625,51425,89061,37925,64723,92432,8575.0,6435.0,-27709,-0.09764081963458252,2139.0,0.015163839491113343,3916.0,51136,0.1801927515548743,-10800,-0.038056979755801044,0.6025641025641025,NEUTRAL
2023-05-23,NASDAQ-100 Consolidated - CHICAGO MERCANTILE EXCHANGE,20974+,285583,42636,55579,91039,32184,64908,98840,185.0,6408.0,-33932,-0.11881659622596583,-6223.0,-0.02117577659138331,2060.0,58855,0.2060871970670523,-12943,-0.045321325148905925,0.47435897435897434,NEUTRAL
2023-05-30,NASDAQ-100 Consolidated - CHICAGO MERCANTILE EXCHANGE,20974+,310068,43679,60478,93537,28824,70386,110343,5479.0,11503.0,-39957,-0.12886528116413173,-6025.0,-0.010048684938165908,-5621.0,64713,0.20870583226905065,-16799,-0.05417843827805514,0.38461538461538464,NEUTRAL
2023-06-06,NASDAQ-100 Consolidated - CHICAGO MERCANTILE EXCHANGE,20974+,318085,42327,67824,95470,23056,73478,111628,3092.0,1285.0,-38150,-0.11993649496203845,1807.0,0.00892878620209328,-8302.0,72414,0.22765612965087947,-25497,-0.08015781945077574,0.4551282051282051,NEUTRAL
2023-06-13,NASDAQ-100 Consolidated - CHICAGO MERCANTILE EXCHANGE,20974+,335337,47592,58001,92653,21853,61041,101170,-12438.0,-10458.0,-40129,-0.11966767759000647,-1979.0,0.0002688173720319792,-12420.0,70800,0.21113089220694406,-10409,-0.031040416059068935,0.46153846153846156,NEUTRAL
2023-06-20,NASDAQ-100 Consolidated - CHICAGO MERCANTILE EXCHANGE,20974+,255039,37045,73875,93134,25816,53986,69993,-7054.0,-31177.0,-16007,-0.0627629499801991,24122.0,0.05690472760980737,17925.0,67318,0.2639517877657927,-36830,-0.14440928642286083,0.7307692307692307,NEUTRAL
2023-06-27,NASDAQ-100 Consolidated - CHICAGO MERCANTILE EXCHANGE,20974+,265818,40739,72336,90580,25455,50148,75344,-3838.0,5351.0,-25196,-0.09478665854080612,-9189.0,-0.03202370856060702,14761.0,65125,0.24499845759128427,-31597,-0.11886704436870339,0.6282051282051282,NEUTRAL
2023-07-03,NASDAQ-100 Consolidated - CHICAGO MERCANTILE EXCHANGE,20974+,259143,36736,65149,91364,28692,44081,76610,-6067.0,1266.0,-32529,-0.12552528912608096,-7333.0,-0.030738630585274845,5621.0,62672,0.24184330659134146,-28413,-0.10964216668017272,0.40384615384615385,NEUTRAL
2023-07-11,NASDAQ-100 Consolidated - CHICAGO MERCANTILE EXCHANGE,20974+,271791,39746,67877,92160,28126,43740,80417,-342.0,3807.0,-36677,-0.13494560158356972,-4148.0,-0.009420312457488755,3452.0,64034,0.2356001486436269,-28131,-0.10350232347649481,0.3269230769230769,NEUTRAL
2023-07-18,NASDAQ-100 Consolidated - CHICAGO MERCANTILE EXCHANGE,20974+,278468,37533,75492,96423,24979,46820,76385,3081.0,-4032.0,-29565,-0.10617018831607222,7112.0,0.028775413267497496,-13558.0,71444,0.2565608974819369,-37959,-0.13631368774868208,0.5641025641025641,NEUTRAL
2023-07-25,NASDAQ-100 Consolidated - CHICAGO MERCANTILE EXCHANGE,20974+,272910,44688,72557,94940,30870,39912,79516,-6908.0,3131.0,-39604,-0.1451174379832179,-10039.0,-0.03894724966714569,-14408.0,64070,0.2347660400864754,-27869,-0.10211791433073174,0.2564102564102564,NEUTRAL
2023-08-01,NASDAQ-100 Consolidated - CHICAGO MERCANTILE EXCHANGE,20974+,276532,47696,61185,95911,30754,40282,93951,370.0,14435.0,-53669,-0.1940788046229731,-14065.0,-0.0489613666397552,-21140.0,65157,0.2356219171741426,-13489,-0.04877916479828736,0.15384615384615385,EXTREME_SHORT
2023-08-08,NASDAQ-100 Consolidated - CHICAGO MERCANTILE EXCHANGE,20974+,281647,52803,62768,93838,27319,37985,97053,-2297.0,3102.0,-59068,-0.2097235191569589,-5399.0,-0.015644714533985776,-22391.0,66519,0.23617862075576876,-9965,-0.03538116862597507,0.12179487179487179,EXTREME_SHORT
2023-08-15,NASDAQ-100 Consolidated - CHICAGO MERCANTILE EXCHANGE,20974+,281293,51410,67762,91705,28830,38954,77535,969.0,-19518.0,-38581,-0.13715591927278672,20487.0,0.07256759988417216,-9016.0,62875,0.22352138161987678,-16352,-0.058131556775319684,0.3141025641025641,NEUTRAL
2023-08-22,NASDAQ-100 Consolidated - CHICAGO MERCANTILE EXCHANGE,20974+,278608,49997,61932,85062,29046,39913,71641,959.0,-5893.0,-31728,-0.11388043415838742,6853.0,0.023275485114399308,7876.0,56016,0.20105668178946765,-11935,-0.04283796588755528,0.5,NEUTRAL
2023-08-29,NASDAQ-100 Consolidated - CHICAGO MERCANTILE EXCHANGE,20974+,282272,51955,62759,88079,24041,42975,71368,3062.0,-274.0,-28393,-0.1005873767146582,3335.0,0.013293057443729217,25276.0,64038,0.22686628500170047,-10804,-0.038275138873143634,0.5833333333333334,NEUTRAL
2023-09-05,NASDAQ-100 Consolidated - CHICAGO MERCANTILE EXCHANGE,20974+,291708,57637,62500,86894,25186,46239,74642,3264.0,3274.0,-28403,-0.09736791586106655,-10.0,0.003219460853591649,30665.0,61708,0.2115403074307184,-4863,-0.016670780369410505,0.6217948717948718,NEUTRAL
2023-09-12,NASDAQ-100 Consolidated - CHICAGO MERCANTILE EXCHANGE,20974+,319625,52776,57159,81382,30425,39088,71672,-7152.0,-2970.0,-32584,-0.10194446617129449,-4181.0,-0.004576550310227939,5997.0,50957,0.15942745404771216,-4383,-0.013712944857254595,0.5769230769230769,NEUTRAL
2023-09-19,NASDAQ-100 Consolidated - CHICAGO MERCANTILE EXCHANGE,20974+,241955,41754,72958,87878,19446,44866,65435,5778.0,-6237.0,-20569,-0.08501167572482486,12015.0,0.01693279044646963,11159.0,68432,0.28282945175755825,-31204,-0.12896613006550806,0.6666666666666666,NEUTRAL
2023-09-26,NASDAQ-100 Consolidated - CHICAGO MERCANTILE EXCHANGE,20974+,248727,44823,66683,84713,25951,38317,70025,-6549.0,4590.0,-31708,-0.12748113393399188,-11139.0,-0.04246945820916702,-3315.0,58762,0.23625099004129024,-21860,-0.08788752326848312,0.3782051282051282,NEUTRAL
2023-10-03,NASDAQ-100 Consolidated - CHICAGO MERCANTILE EXCHANGE,20974+,263748,47027,70150,81523,32354,42786,65548,4469.0,-4478.0,-22762,-0.08630207622427469,8946.0,0.04117905770971719,5641.0,49169,0.18642416245810395,-23123,-0.08767080698242262,0.6666666666666666,NEUTRAL
2023-10-10,NASDAQ-100 Consolidated - CHICAGO MERCANTILE EXCHANGE,20974+,264373,47529,75965,83343,26688,43065,60022,280.0,-5526.0,-16957,-0.06414043794184732,5805.0,0.02216163828242737,15627.0,56655,0.2142994935186271,-28436,-0.10756015175528515,0.7564102564102564,NEUTRAL
2023-10-17,NASDAQ-100 Consolidated - CHICAGO MERCANTILE EXCHANGE,20974+,265176,44161,80399,84789,23022,45499,57301,2433.0,-2720.0,-11802,-0.044506290162005614,5155.0,0.019634147779841703,8767.0,61767,0.23292831930491448,-36238,-0.13665640932814432,0.8269230769230769,EXTREME_LONG
2023-10-24,NASDAQ-100 Consolidated - CHICAGO MERCANTILE EXCHANGE,20974+,262564,50946,74949,86158,24870,45162,58236,-337.0,935.0,-13074,-0.049793574138114895,-1272.0,-0.0052872839761092805,18634.0,61288,0.23342118493015038,-24003,-0.09141771149129355,0.7884615384615384,NEUTRAL
2023-10-31,NASDAQ-100 Consolidated - CHICAGO MERCANTILE EXCHANGE,20974+,270325,59618,72290,80381,34446,46983,55445,1821.0,-2790.0,-8462,-0.03130306113012115,4612.0,0.018490513007993745,14300.0,45935,0.16992509016924073,-12672,-0.04687690742624619,0.8653846153846154,EXTREME_LONG
2023-11-07,NASDAQ-100 Consolidated - CHICAGO MERCANTILE EXCHANGE,20974+,279223,49653,86324,88577,23030,62112,46464,15129.0,-8981.0,15648,0.056041228695343864,24110.0,0.08734428982546502,32605.0,65547,0.23474785386590646,-36671,-0.1313323042872543,0.9807692307692307,EXTREME_LONG
2023-11-14,NASDAQ-100 Consolidated - CHICAGO MERCANTILE EXCHANGE,20974+,284718,46759,100323,101016,16433,46765,45174,-15347.0,-1290.0,1591,0.00558798530475769,-14057.0,-0.050453243390586176,13393.0,84583,0.2970764054257195,-53564,-0.18813000934257756,0.9358974358974359,EXTREME_LONG
2023-11-21,NASDAQ-100 Consolidated - CHICAGO MERCANTILE EXCHANGE,20974+,295027,49488,110707,110056,16983,45606,48468,-1158.0,3294.0,-2862,-0.009700807044778952,-4453.0,-0.015288792349536642,10212.0,93073,0.3154728211316252,-61219,-0.20750304209445236,0.9038461538461539,EXTREME_LONG
2023-11-28,NASDAQ-100 Consolidated - CHICAGO MERCANTILE EXCHANGE,20974+,304631,52741,120104,111623,15948,49655,44636,4049.0,-3832.0,5019,0.01647567056537253,7881.0,0.02617647761015148,13481.0,95675,0.3140684959836655,-67363,-0.22112982592053992,0.9551282051282052,EXTREME_LONG
2023-12-05,NASDAQ-100 Consolidated - CHICAGO MERCANTILE EXCHANGE,20974+,288233,53836,108350,107624,17805,47537,67228,-2118.0,22591.0,-19691,-0.06831625802735981,-24710.0,-0.08479192859273235,-35339.0,89819,0.3116194190117023,-54514,-0.18913170941564636,0.6858974358974359,NEUTRAL
2023-12-12,NASDAQ-100 Consolidated - CHICAGO MERCANTILE EXCHANGE,20974+,348789,59248,97991,99939,18643,56010,89780,8473.0,22553.0,-33770,-0.09682071395600206,-14079.0,-0.028504455928642244,-35361.0,81296,0.23308074509230509,-38743,-0.11107861773163717,0.5833333333333334,NEUTRAL
2023-12-19,NASDAQ-100 Consolidated - CHICAGO MERCANTILE EXCHANGE,20974+,283394,58391,105451,109481,20143,45363,88183,-10647.0,-1597.0,-42820,-0.15109705921790864,-9050.0,-0.05427634526190658,-39958.0,89338,0.3152430891267987,-47060,-0.16605856157857965,0.1794871794871795,EXTREME_SHORT
2023-12-26,NASDAQ-100 Consolidated - CHICAGO MERCANTILE EXCHANGE,20974+,286224,57560,107420,110383,19524,47464,90354,2101.0,2171.0,-42890,-0.1498476717535916,-70.0,0.0012493874643170477,-47909.0,90859,0.3174401867069149,-49860,-0.17419922857622003,0.19230769230769232,EXTREME_SHORT
2024-01-02,NASDAQ-100 Consolidated - CHICAGO MERCANTILE EXCHANGE,20974+,281637,48282,106272,115882,26698,44770,80633,-2694.0,-9721.0,-35863,-0.12733767225187032,7027.0,0.02250999950172128,-16172.0,89184,0.3166629384633411,-57990,-0.20590334366578256,0.3269230769230769,NEUTRAL
2024-01-09,NASDAQ-100 Consolidated - CHICAGO MERCANTILE EXCHANGE,20974+,287400,48810,102282,114427,26088,47469,84084,2699.0,3451.0,-36615,-0.1274008350730689,-752.0,-6.316282119858685e-05,-2845.0,88339,0.3073729993041058,-53472,-0.18605427974947808,0.32051282051282054,NEUTRAL
2024-01-16,NASDAQ-100 Consolidated - CHICAGO MERCANTILE EXCHANGE,20974+,284650,47963,97953,112408,26545,50162,83623,2693.0,-461.0,-33461,-0.11755137888635166,3154.0,0.009849456186717245,9359.0,85863,0.3016441243632531,-49990,-0.17561918145090463,0.42948717948717946,NEUTRAL
2024-01-23,NASDAQ-100 Consolidated - CHICAGO MERCANTILE EXCHANGE,20974+,302456,53686,115403,118140,23690,53148,87486,2987.0,3862.0,-34338,-0.11353056312323115,-877.0,0.004020815763120508,8552.0,94450,0.31227682704261117,-61717,-0.2040528209061814,0.4551282051282051,NEUTRAL
2024-01-30,NASDAQ-100 Consolidated - CHICAGO MERCANTILE EXCHANGE,20974+,309275,51195,126850,122771,25136,54341,79659,1193.0,-7827.0,-25318,-0.08186242017621857,9020.0,0.031668142947012576,10545.0,97635,0.31568991997413304,-75655,-0.24462048338857004,0.6282051282051282,NEUTRAL
2024-02-06,NASDAQ-100 Consolidated - CHICAGO MERCANTILE EXCHANGE,20974+,301342,47010,118102,120796,24425,47476,79344,-6866.0,-315.0,-31868,-0.10575359558242794,-6550.0,-0.023891175406209372,4747.0,96371,0.3198060675246066,-71092,-0.23591799350903625,0.5,NEUTRAL
2024-02-13,NASDAQ-100 Consolidated - CHICAGO MERCANTILE EXCHANGE,20974+,312885,47378,120895,121486,21449,53128,87885,5653.0,8541.0,-34757,-0.11108554261150264,-2889.0,-0.005331947029074691,-1296.0,100037,0.3197244994167186,-73517,-0.2349649232145996,0.46153846153846156,NEUTRAL
2024-02-20,NASDAQ-100 Consolidated - CHICAGO MERCANTILE EXCHANGE,20974+,304972,45414,111057,118017,22397,49608,82696,-3520.0,-5189.0,-33088,-0.1084952061172829,1669.0,0.0025903364942197332,1250.0,95620,0.31353698044410633,-65643,-0.21524271080623794,0.46794871794871795,NEUTRAL
2024-02-27,NASDAQ-100 Consolidated - CHICAGO MERCANTILE EXCHANGE,20974+,307552,45145,102513,116179,22552,49455,94466,-153.0,11770.0,-45011,-0.14635248673395068,-11923.0,-0.03785728061666778,-19693.0,93627,0.30442656851524297,-57368,-0.1865310581625221,0.14102564102564102,EXTREME_SHORT
2024-03-05,NASDAQ-100 Consolidated - CHICAGO MERCANTILE EXCHANGE,20974+,309873,54117,91144,108185,25727,41526,97378,-7929.0,2911.0,-55852,-0.180241582842003,-10841.0,-0.033889096108052325,-23984.0,82458,0.2661025645990454,-37027,-0.11949088820258622,0.07051282051282051,EXTREME_SHORT
2024-03-12,NASDAQ-100 Consolidated - CHICAGO MERCANTILE EXCHANGE,20974+,353521,51833,81747,108217,24812,46013,109481,4487.0,12103.0,-63468,-0.17953106038962324,-7616.0,0.0007105224523797637,-28711.0,83405,0.23592657861909194,-29914,-0.08461732117752552,0.07692307692307693,EXTREME_SHORT
2024-03-19,NASDAQ-100 Consolidated - CHICAGO MERCANTILE EXCHANGE,20974+,255935,28656,73691,108302,20817,54966,92548,8953.0,-16933.0,-37582,-0.14684197159435014,25886.0,0.0326890887952731,-4494.0,87485,0.3418250727723836,-45035,-0.17596264676578038,0.14102564102564102,EXTREME_SHORT
2024-03-26,NASDAQ-100 Consolidated - CHICAGO MERCANTILE EXCHANGE,20974+,260574,37296,78052,107062,23599,54213,101253,-752.0,8704.0,-47040,-0.1805245342973589,-9458.0,-0.03368256270300876,-2029.0,83463,0.3203044048907412,-40756,-0.15640854421392772,0.07051282051282051,EXTREME_SHORT
2024-04-02,NASDAQ-100 Consolidated - CHICAGO MERCANTILE EXCHANGE,20974+,266623,37932,78292,106294,23451,51623,96996,-2591.0,-4257.0,-45373,-0.17017661642093893,1667.0,0.010347917876419976,10479.0,82843,0.31071212911114193,-40360,-0.15137478762147302,0.08974358974358974,EXTREME_SHORT
2024-04-09,NASDAQ-100 Consolidated - CHICAGO MERCANTILE EXCHANGE,20974+,267024,36415,83345,108344,17696,50428,92609,-1195.0,-4387.0,-42181,-0.15796707412067829,3192.0,0.01220954230026064,21287.0,90648,0.3394751033614956,-46930,-0.17575199233027744,0.10897435897435898,EXTREME_SHORT
2024-04-16,NASDAQ-100 Consolidated - CHICAGO MERCANTILE EXCHANGE,20974+,263134,31033,72173,107827,18862,46479,97910,-3948.0,5301.0,-51431,-0.19545554736370063,-9250.0,-0.03748847324302235,-13849.0,88965,0.3380976992710938,-41140,-0.1563461962346181,0.04487179487179487,EXTREME_SHORT
2024-04-23,NASDAQ-100 Consolidated - CHICAGO MERCANTILE EXCHANGE,20974+,263107,30319,75567,104460,20794,47218,93100,739.0,-4810.0,-45882,-0.174385326122072,5549.0,0.021070221241628634,1158.0,83666,0.31799229971076404,-45248,-0.1719756600926619,0.09615384615384616,EXTREME_SHORT
2024-04-30,NASDAQ-100 Consolidated - CHICAGO MERCANTILE EXCHANGE,20974+,261962,33231,66174,97023,22596,45784,99667,-1434.0,6567.0,-53883,-0.20569013826432841,-8001.0,-0.031304812142256416,-8510.0,74427,0.2841137264183355,-32943,-0.12575488047884809,0.038461538461538464,EXTREME_SHORT
2024-05-07,NASDAQ-100 Consolidated - CHICAGO MERCANTILE EXCHANGE,20974+,242910,28954,61583,99428,18613,43005,90022,-2779.0,-9645.0,-47017,-0.19355728459100077,6866.0,0.012132853673327643,-4836.0,80815,0.33269523691902353,-32629,-0.13432547033880862,0.0641025641025641,EXTREME_SHORT
2024-05-14,NASDAQ-100 Consolidated - CHICAGO MERCANTILE EXCHANGE,20974+,256748,37825,64692,100524,18175,43412,96704,407.0,6682.0,-53292,-0.2075653948618879,-6275.0,-0.014008110270887136,-1861.0,82349,0.3207386230856715,-26867,-0.10464346362970695,0.038461538461538464,EXTREME_SHORT
2024-05-21,NASDAQ-100 Consolidated - CHICAGO MERCANTILE EXCHANGE,20974+,258244,32357,71069,104981,18975,42446,80283,-966.0,-16421.0,-37837,-0.14651647279317234,15455.0,0.061048922068715566,8045.0,86006,0.33304161955360045,-38712,-0.14990474125245892,0.19230769230769232,EXTREME_SHORT
2024-05-28,NASDAQ-100 Consolidated - CHICAGO MERCANTILE EXCHANGE,20974+,265906,32170,77868,111197,19404,40368,83318,-2079.0,3035.0,-42950,-0.16152324505652374,-5113.0,-0.015006772263351398,10933.0,91793,0.34520845712394604,-45698,-0.17185772415816117,0.14102564102564102,EXTREME_SHORT
2024-06-04,NASDAQ-100 Consolidated - CHICAGO MERCANTILE EXCHANGE,20974+,254627,31589,73264,107990,22693,35637,72022,-4731.0,-11296.0,-36385,-0.14289529390048974,6565.0,0.018627951156033995,10632.0,85297,0.33498804133104504,-41675,-0.16367078118188566,0.23717948717948717,NEUTRAL
2024-06-11,NASDAQ-100 Consolidated - CHICAGO MERCANTILE EXCHANGE,20974+,267660,45391,73491,104676,22514,36933,81315,1297.0,9293.0,-44382,-0.16581483972203542,-7997.0,-0.022919545821545678,8910.0,82162,0.3069640588806695,-28100,-0.1049839348427109,0.1346153846153846,EXTREME_SHORT
2024-06-18,NASDAQ-100 Consolidated - CHICAGO MERCANTILE EXCHANGE,20974+,345118,36581,65009,101271,24897,42957,97628,6024.0,16313.0,-54671,-0.15841248500512867,-10289.0,0.007402354716906756,-16834.0,76374,0.22129822263689522,-28428,-0.0823718264477657,0.15384615384615385,EXTREME_SHORT
2024-06-25,NASDAQ-100 Consolidated - CHICAGO MERCANTILE EXCHANGE,20974+,252655,27551,83332,109006,21066,43263,82764,306.0,-14863.0,-39501,-0.15634363064257584,15170.0,0.00206885436255283,3449.0,87940,0.34806356494033364,-55781,-0.22077932358354277,0.16666666666666666,EXTREME_SHORT
2024-07-02,NASDAQ-100 Consolidated - CHICAGO MERCANTILE EXCHANGE,20974+,265554,28162,90090,108399,23153,46649,88234,3387.0,5470.0,-41585,-0.15659715161511406,-2084.0,-0.0002535209725382237,-5200.0,85246,0.3210119222455696,-61928,-0.23320303968307765,0.16666666666666666,EXTREME_SHORT
2024-07-09,NASDAQ-100 Consolidated - CHICAGO MERCANTILE EXCHANGE,20974+,271471,32578,92934,112601,25680,42359,88166,-4290.0,-68.0,-45807,-0.16873625543796575,-4222.0,-0.012139103822851688,-1425.0,86921,0.32018521315352283,-60356,-0.2223294569217338,0.1282051282051282,EXTREME_SHORT
2024-07-16,NASDAQ-100 Consolidated - CHICAGO MERCANTILE EXCHANGE,20974+,264434,24410,91233,113066,24887,40926,83128,-1434.0,-5038.0,-42202,-0.15959369823850186,3605.0,0.009142557199463885,12469.0,88179,0.3334631703941248,-66823,-0.2527019974738498,0.16025641025641027,EXTREME_SHORT
2024-07-23,NASDAQ-100 Consolidated - CHICAGO MERCANTILE EXCHANGE,20974+,252187,19266,88062,104036,28175,40321,73462,-604.0,-9666.0,-33141,-0.13141438694302243,9061.0,0.02817931129547943,6360.0,75861,0.3008124923172091,-68796,-0.272797566884891,0.34615384615384615,NEUTRAL
2024-07-30,NASDAQ-100 Consolidated - CHICAGO MERCANTILE EXCHANGE,20974+,266789,18720,97648,102725,30397,39401,72051,-921.0,-1410.0,-32650,-0.12238135755222292,491.0,0.009033029390799516,8935.0,72328,0.2711056302921035,-78928,-0.2958442814358913,0.4166666666666667,NEUTRAL
2024-08-06,NASDAQ-100 Consolidated - CHICAGO MERCANTILE EXCHANGE,20974+,257764,17079,104893,96816,26567,35253,69017,-4148.0,-3035.0,-33764,-0.13098803556741825,-1114.0,-0.008606678015195338,12043.0,70249,0.2725322387920734,-87814,-0.3406759671637622,0.33974358974358976,NEUTRAL
2024-08-13,NASDAQ-100 Consolidated - CHICAGO MERCANTILE EXCHANGE,20974+,252979,20372,94697,95751,24906,27875,72364,-7379.0,3347.0,-44489,-0.17586044691456604,-10725.0,-0.044872411347147784,-2287.0,70845,0.2800430075223635,-74325,-0.29379909004304705,0.10256410256410256,EXTREME_SHORT
2024-08-20,NASDAQ-100 Consolidated - CHICAGO MERCANTILE EXCHANGE,20974+,253133,28551,84382,95896,24908,27006,82930,-869.0,10566.0,-55924,-0.2209273385927556,-11435.0,-0.04506689167818956,-22783.0,70988,0.2804375565414229,-55831,-0.22055994279686963,0.019230769230769232,EXTREME_SHORT
2024-08-27,NASDAQ-100 Consolidated - CHICAGO MERCANTILE EXCHANGE,20974+,253674,27872,96061,96045,22930,27296,75398,290.0,-7531.0,-48102,-0.18962132500768702,7822.0,0.03130601358506857,-15452.0,73115,0.2882242563289892,-68189,-0.2688056324258694,0.07692307692307693,EXTREME_SHORT
2024-09-03,NASDAQ-100 Consolidated - CHICAGO MERCANTILE EXCHANGE,20974+,263973,30842,100986,88752,22064,27312,75487,17.0,88.0,-48175,-0.18249972535069875,-73.0,0.007121599656988276,-14411.0,66688,0.252631897959261,-70144,-0.2657241460300864,0.09615384615384616,EXTREME_SHORT
2024-09-10,NASDAQ-100 Consolidated - CHICAGO MERCANTILE EXCHANGE,20974+,269479,29751,103030,82379,24075,33363,68006,6051.0,-7480.0,-34643,-0.12855547185494973,13532.0,0.05394425349574902,9846.0,58304,0.21635823199581414,-73279,-0.2719284248494317,0.3717948717948718,NEUTRAL
2024-09-17,NASDAQ-100 Consolidated - CHICAGO MERCANTILE EXCHANGE,20974+,278372,32127,95524,77175,22998,22907,76810,-10456.0,8804.0,-53903,-0.19363657264380038,-19260.0,-0.06508110078885065,2021.0,54177,0.19462086704122541,-63397,-0.22774201428304572,0.0641025641025641,EXTREME_SHORT
2024-09-24,NASDAQ-100 Consolidated - CHICAGO MERCANTILE EXCHANGE,20974+,232823,33745,92424,85948,21153,25587,73295,2680.0,-3515.0,-47708,-0.20491102683154155,6195.0,-0.011274454187741173,394.0,64795,0.27830154237339094,-58679,-0.252032660003522,0.05128205128205128,EXTREME_SHORT
2024-10-01,NASDAQ-100 Consolidated - CHICAGO MERCANTILE EXCHANGE,20974+,239651,35602,90131,92181,23223,23226,75739,-2361.0,2444.0,-52513,-0.21912280774960255,-4805.0,-0.014211780918060996,-4338.0,68958,0.28774342689995036,-54529,-0.22753504053811585,0.02564102564102564,EXTREME_SHORT
2024-10-08,NASDAQ-100 Consolidated - CHICAGO MERCANTILE EXCHANGE,20974+,257025,35668,90005,94535,22556,31029,86879,7804.0,11139.0,-55850,-0.21729403754498589,-3337.0,0.0018287702046166643,-21207.0,71979,0.2800466880653633,-54337,-0.21140745063709757,0.03205128205128205,EXTREME_SHORT
2024-10-15,NASDAQ-100 Consolidated - CHICAGO MERCANTILE EXCHANGE,20974+,249104,41398,84552,93380,24445,26751,84810,-4278.0,-2069.0,-58059,-0.2330713276382555,-2209.0,-0.015777290093269614,-4156.0,68935,0.27673180679555526,-43154,-0.17323688098143747,0.01282051282051282,EXTREME_SHORT
2024-10-22,NASDAQ-100 Consolidated - CHICAGO MERCANTILE EXCHANGE,20974+,254792,50022,91647,93426,23931,31280,81097,4529.0,-3714.0,-49817,-0.19552026751232376,8242.0,0.037551060125931734,-2109.0,69495,0.2727518917391441,-41625,-0.16336855160287608,0.07692307692307693,EXTREME_SHORT
2024-10-29,NASDAQ-100 Consolidated - CHICAGO MERCANTILE EXCHANGE,20974+,267750,46230,98981,93505,24107,40570,84572,9290.0,3475.0,-44002,-0.16433986928104574,5815.0,0.031180398231278023,8511.0,69398,0.2591895424836601,-52751,-0.197015873015873,0.1987179487179487,EXTREME_SHORT
2024-11-05,NASDAQ-100 Consolidated - CHICAGO MERCANTILE EXCHANGE,20974+,263529,44564,103964,93663,26153,36237,77250,-4333.0,-7322.0,-41013,-0.15562993067176667,2989.0,0.008709938609279072,14837.0,67510,0.25617673956186987,-59400,-0.2254021379051262,0.24358974358974358,NEUTRAL
2024-11-12,NASDAQ-100 Consolidated - CHICAGO MERCANTILE EXCHANGE,20974+,288619,47468,111541,101905,24807,37924,87176,1688.0,9926.0,-49252,-0.17064711609422803,-8239.0,-0.01501718542246136,8807.0,77098,0.26712725080469407,-64073,-0.22199855172389898,0.17307692307692307,EXTREME_SHORT
2024-11-19,NASDAQ-100 Consolidated - CHICAGO MERCANTILE EXCHANGE,20974+,287341,49320,122999,100791,23470,32771,74914,-5154.0,-12262.0,-42143,-0.14666546020233798,7109.0,0.023981655891890052,7674.0,77321,0.26909142795493857,-73679,-0.2564165921326925,0.30128205128205127,NEUTRAL
2024-11-26,NASDAQ-100 Consolidated - CHICAGO MERCANTILE EXCHANGE,20974+,289033,54340,121639,100964,24737,32672,80451,-99.0,5537.0,-47779,-0.16530638370013112,-5636.0,-0.018640923497793144,-3777.0,76227,0.2637311310473199,-67299,-0.23284192462452385,0.20512820512820512,NEUTRAL
2024-12-03,NASDAQ-100 Consolidated - CHICAGO MERCANTILE EXCHANGE,20974+,307679,55461,125601,103987,24551,39670,92154,6997.0,11703.0,-52484,-0.17058037760133127,-4705.0,-0.005273993901200147,-11471.0,79436,0.2581781662056884,-70140,-0.2279648594801725,0.1794871794871795,EXTREME_SHORT
2024-12-10,NASDAQ-100 Consolidated - CHICAGO MERCANTILE EXCHANGE,20974+,306813,47087,126092,102890,23160,40332,89319,662.0,-2835.0,-48987,-0.15966402988139355,3497.0,0.010916347719937713,265.0,79730,0.25986512957404023,-79005,-0.2575021267025843,0.23076923076923078,NEUTRAL
2024-12-17,NASDAQ-100 Consolidated - CHICAGO MERCANTILE EXCHANGE,20974+,340251,43740,115825,98029,26080,40566,96594,234.0,7275.0,-56028,-0.16466667254468026,-7041.0,-0.005002642663286705,-13885.0,71949,0.21145859968082387,-72085,-0.21185830460454194,0.21794871794871795,NEUTRAL
2024-12-24,NASDAQ-100 Consolidated - CHICAGO MERCANTILE EXCHANGE,20974+,251693,29664,99136,93874,28200,36361,79617,-4205.0,-16977.0,-43256,-0.17186016297632434,12772.0,-0.007193490431644078,4523.0,65674,0.2609289888872555,-69472,-0.27601880068178297,0.17307692307692307,EXTREME_SHORT
2024-12-31,NASDAQ-100 Consolidated - CHICAGO MERCANTILE EXCHANGE,20974+,258092,29954,114417,97433,28566,40710,73148,4349.0,-6469.0,-32438,-0.1256838646684128,10818.0,0.046176298307911534,20046.0,68867,0.26683120747640376,-84463,-0.327259271887544,0.5,NEUTRAL
2025-01-07,NASDAQ-100 Consolidated - CHICAGO MERCANTILE EXCHANGE,20974+,247811,31488,93153,95783,30576,37186,77467,-3524.0,4318.0,-40281,-0.16254726384220233,-7843.0,-0.03686339917378953,8706.0,65207,0.26313198364882917,-61665,-0.24883883282017344,0.23717948717948717,NEUTRAL
2025-01-14,NASDAQ-100 Consolidated - CHICAGO MERCANTILE EXCHANGE,20974+,261461,31569,93468,98997,33522,43254,82724,6068.0,5258.0,-39470,-0.1509594165095368,811.0,0.011587847332665546,16558.0,65475,0.25041975667499167,-61899,-0.23674276469530828,0.32051282051282054,NEUTRAL
2025-01-21,NASDAQ-100 Consolidated - CHICAGO MERCANTILE EXCHANGE,20974+,263439,33112,95661,97058,35956,37722,78467,-5532.0,-4258.0,-40745,-0.1546657860073869,-1275.0,-0.0037063694978501094,2511.0,61102,0.23193984186092417,-62549,-0.23743257452389357,0.2948717948717949,NEUTRAL
2025-01-28,NASDAQ-100 Consolidated - CHICAGO MERCANTILE EXCHANGE,20974+,279517,32573,84146,100985,41860,40002,90156,2280.0,11690.0,-50154,-0.1794309469549258,-9409.0,-0.024765160947538917,-17716.0,59125,0.21152559593870857,-51573,-0.18450756125745482,0.16025641025641027,EXTREME_SHORT
2025-02-04,NASDAQ-100 Consolidated - CHICAGO MERCANTILE EXCHANGE,20974+,271345,35228,82002,101199,41876,37317,85909,-2685.0,-4247.0,-48592,-0.17907829515929904,1562.0,0.0003526517956267683,-8311.0,59323,0.21862573476570418,-46774,-0.17237833754076914,0.16666666666666666,EXTREME_SHORT
2025-02-11,NASDAQ-100 Consolidated - CHICAGO MERCANTILE EXCHANGE,20974+,276366,38678,82417,107132,41911,35021,87838,-2296.0,1929.0,-52817,-0.19111251022195205,-4225.0,-0.012034215062653009,-13347.0,65221,0.2359950210952143,-43739,-0.15826476484082702,0.10897435897435898,EXTREME_SHORT
2025-02-18,NASDAQ-100 Consolidated - CHICAGO MERCANTILE EXCHANGE,20974+,303715,43020,86929,109363,42777,35308,103650,287.0,15812.0,-68342,-0.2250201669328153,-15525.0,-0.03390765671086324,-27597.0,66586,0.21923843076568494,-43909,-0.144573037222396,0.02564102564102564,EXTREME_SHORT
2025-02-25,NASDAQ-100 Consolidated - CHICAGO MERCANTILE EXCHANGE,20974+,301391,35607,105257,103894,45171,49778,84612,14470.0,-19038.0,-34834,-0.11557743927323642,33508.0,0.10944272765957887,15320.0,58723,0.19483992554522198,-69650,-0.2310951554625055,0.6346153846153846,NEUTRAL
2025-03-04,NASDAQ-100 Consolidated - CHICAGO MERCANTILE EXCHANGE,20974+,304391,30741,107030,98223,49517,57481,78075,7704.0,-6537.0,-20594,-0.06765640245605159,14240.0,0.047921036817184834,27998.0,48706,0.16001130125397925,-76289,-0.2506283037277712,0.8333333333333334,EXTREME_LONG
2025-03-11,NASDAQ-100 Consolidated - CHICAGO MERCANTILE EXCHANGE,20974+,319420,31703,118091,89876,51022,70931,74874,13450.0,-3202.0,-3943,-0.012344248951224093,16651.0,0.055312153504827495,48874.0,38854,0.12163922108822241,-86388,-0.27045269551061296,0.9487179487179487,EXTREME_LONG
2025-03-18,NASDAQ-100 Consolidated - CHICAGO MERCANTILE EXCHANGE,20974+,320476,34316,93585,83392,49232,57757,66975,-13175.0,-7899.0,-9218,-0.02876346434678416,-5275.0,-0.016419215395560065,59124.0,34160,0.10659144522522747,-59269,-0.18494052596762317,0.9294871794871795,EXTREME_LONG
2025-03-25,NASDAQ-100 Consolidated - CHICAGO MERCANTILE EXCHANGE,20974+,231229,42186,63749,90110,50112,30114,65561,-27643.0,-1414.0,-35447,-0.15329824546229062,-26229.0,-0.12453478111550646,-613.0,39998,0.1729800327813553,-21563,-0.09325387386530236,0.32051282051282054,NEUTRAL
2025-04-01,NASDAQ-100 Consolidated - CHICAGO MERCANTILE EXCHANGE,20974+,257117,41033,77411,92898,45284,45875,78239,15761.0,12678.0,-32364,-0.12587265719497348,3083.0,0.02742558826731714,-11770.0,47614,0.18518417685333913,-36378,-0.14148422702505084,0.532051282051282,NEUTRAL
2025-04-08,NASDAQ-100 Consolidated - CHICAGO MERCANTILE EXCHANGE,20974+,266758,39959,83757,87141,49711,64374,62615,18499.0,-15624.0,1759,0.006593991557891422,34123.0,0.1324666487528649,5702.0,37430,0.14031444230351106,-43798,-0.16418626620382518,0.967948717948718,EXTREME_LONG
2025-04-15,NASDAQ-100 Consolidated - CHICAGO MERCANTILE EXCHANGE,20974+,249669,45859,74590,88071,47982,41642,63580,-22732.0,966.0,-21938,-0.08786833767908711,-23697.0,-0.09446232923697853,-12720.0,40089,0.16056859281688957,-28731,-0.11507636110209918,0.7692307692307693,NEUTRAL
2025-04-22,NASDAQ-100 Consolidated - CHICAGO MERCANTILE EXCHANGE,20974+,257271,47261,79385,85041,51287,45980,56909,4338.0,-6672.0,-10929,-0.04248049721888592,11009.0,0.04538784046020119,24518.0,33754,0.1312001741354447,-32124,-0.12486444255279452,0.9038461538461539,EXTREME_LONG
2025-04-29,NASDAQ-100 Consolidated - CHICAGO MERCANTILE EXCHANGE,20974+,265803,57193,64890,83601,43741,40341,79959,-5640.0,23050.0,-39618,-0.14905023645331317,-28689.0,-0.10656973923442725,-7254.0,39860,0.1499606851690914,-7697,-0.02895753622043393,0.358974358974359,NEUTRAL
2025-05-06,NASDAQ-100 Consolidated - CHICAGO MERCANTILE EXCHANGE,20974+,280451,61437,57134,81977,40761,46175,98984,5834.0,19025.0,-52809,-0.1883002734880603,-13191.0,-0.03925003703474714,-54568.0,41216,0.1469632841387622,4303,0.015343143722076227,0.12179487179487179,EXTREME_SHORT
2025-05-13,NASDAQ-100 Consolidated - CHICAGO MERCANTILE EXCHANGE,20974+,307490,78594,57522,85032,41669,49535,120159,3360.0,21176.0,-70624,-0.22967901395167323,-17815.0,-0.04137874046361292,-48686.0,43363,0.14102247227552114,21072,0.06852905785554002,0.00641025641025641,EXTREME_SHORT
2025-05-20,NASDAQ-100 Consolidated - CHICAGO MERCANTILE EXCHANGE,20974+,301110,76725,59871,88281,38950,46184,113200,-3351.0,-6959.0,-67016,-0.22256318288997376,3608.0,0.007115831061699468,-56087.0,49331,0.16383049383946066,16854,0.055972900269004686,0.02564102564102564,EXTREME_SHORT
2025-05-27,NASDAQ-100 Consolidated - CHICAGO MERCANTILE EXCHANGE,20974+,295593,63528,62462,90322,38742,46880,107270,696.0,-5930.0,-60390,-0.20430118439881864,6626.0,0.018261998491155118,-20772.0,51580,0.17449668970510127,1066,0.0036063100276393554,0.08333333333333333,EXTREME_SHORT
2025-06-03,NASDAQ-100 Consolidated - CHICAGO MERCANTILE EXCHANGE,20974+,298126,59897,68633,93380,38827,44221,104914,-2659.0,-2356.0,-60693,-0.20358170706345638,-303.0,0.0007194773353622619,-7884.0,54553,0.18298638830561575,-8736,-0.02930304636294721,0.08974358974358974,EXTREME_SHORT
2025-06-10,NASDAQ-100 Consolidated - CHICAGO MERCANTILE EXCHANGE,20974+,298671,62728,75551,92721,38897,45276,97043,1055.0,-7871.0,-51767,-0.17332449417586576,8926.0,0.030257212887590618,18857.0,53824,0.18021167103602292,-12823,-0.04293352886621064,0.21153846153846154,NEUTRAL
2025-06-17,NASDAQ-100 Consolidated - CHICAGO MERCANTILE EXCHANGE,20974+,334937,57046,72947,95143,39821,43278,98694,-1998.0,1652.0,-55416,-0.1654520103780711,-3649.0,0.00787248379779465,11600.0,55322,0.16517136058422927,-15901,-0.04747459970083926,0.26282051282051283,NEUTRAL
2025-06-24,NASDAQ-100 Consolidated - CHICAGO MERCANTILE EXCHANGE,20974+,259948,46948,85248,89391,39567,49552,79166,6274.0,-19528.0,-29614,-0.11392278455691138,25802.0,0.051529225821159735,30776.0,49824,0.19166910305137952,-38300,-0.14733715973964023,0.6730769230769231,NEUTRAL
2025-07-01,NASDAQ-100 Consolidated - CHICAGO MERCANTILE EXCHANGE,20974+,274168,48047,110991,90760,35797,59078,71595,9526.0,-7571.0,-12517,-0.04565448921828952,17097.0,0.06826829533862186,48176.0,54963,0.20047197338857928,-62944,-0.22958186221586765,0.9102564102564102,EXTREME_LONG
2025-07-08,NASDAQ-100 Consolidated - CHICAGO MERCANTILE EXCHANGE,20974+,279888,46850,119765,93282,31906,59326,66787,248.0,-4809.0,-7461,-0.02665709140799177,5056.0,0.018997397810297748,44306.0,61376,0.21928771508603442,-72915,-0.2605149202538158,0.9423076923076923,EXTREME_LONG
2025-07-15,NASDAQ-100 Consolidated - CHICAGO MERCANTILE EXCHANGE,20974+,281893,48313,120985,98776,30589,54678,71263,-4648.0,4477.0,-16585,-0.05883438042093986,-9124.0,-0.032177289012948085,38831.0,68187,0.2418896531662723,-72672,-0.25779994536934225,0.8782051282051282,EXTREME_LONG
2025-07-22,NASDAQ-100 Consolidated - CHICAGO MERCANTILE EXCHANGE,20974+,281535,49424,116337,96649,31017,49879,71361,-4799.0,98.0,-21482,-0.07630312394551299,-4897.0,-0.01746874352457313,8132.0,65632,0.23312199193705935,-66913,-0.2376720478803701,0.8205128205128205,EXTREME_LONG
2025-07-29,NASDAQ-100 Consolidated - CHICAGO MERCANTILE EXCHANGE,20974+,293645,54205,119996,103869,30372,62001,80600,12121.0,9239.0,-18599,-0.06333838478434844,2883.0,0.012964739161164543,-6082.0,73497,0.2502920192749749,-65791,-0.22404944746207156,0.8589743589743589,EXTREME_LONG
2025-08-05,NASDAQ-100 Consolidated - CHICAGO MERCANTILE EXCHANGE,20974+,290285,44630,123482,107843,31159,57303,72545,-4698.0,-8055.0,-15242,-0.052507018964121466,3357.0,0.01083136582022698,-7781.0,76684,0.2641679728542639,-78852,-0.27163649516854127,0.8782051282051282,EXTREME_LONG
2025-08-12,NASDAQ-100 Consolidated - CHICAGO MERCANTILE EXCHANGE,20974+,316811,51967,129983,117325,35019,69838,84135,12535.0,11591.0,-14297,-0.045127852252604864,945.0,0.007379166711516602,2288.0,82306,0.2597952722601172,-78016,-0.2462540757738841,0.9038461538461539,EXTREME_LONG
2025-08-19,NASDAQ-100 Consolidated - CHICAGO MERCANTILE EXCHANGE,20974+,304458,51774,130173,114801,31893,54422,73270,-15416.0,-10865.0,-18848,-0.06190673261993444,-4551.0,-0.01677888036732958,2634.0,82908,0.27231342254104013,-78399,-0.25750349801943123,0.8525641025641025,EXTREME_LONG
2025-08-26,NASDAQ-100 Consolidated - CHICAGO MERCANTILE EXCHANGE,20974+,298322,49149,132389,111354,31134,59337,73660,4915.0,391.0,-14323,-0.04801187978090788,4525.0,0.013894852839026563,4276.0,80220,0.26890407009875233,-83240,-0.2790273596985807,0.8910256410256411,EXTREME_LONG
2025-09-02,NASDAQ-100 Consolidated - CHICAGO MERCANTILE EXCHANGE,20974+,296057,49928,117984,108642,33047,61295,79318,1957.0,5658.0,-18023,-0.06087679061802288,-3700.0,-0.012864910837115003,-2781.0,75595,0.2553393434372435,-68056,-0.22987465251623843,0.8525641025641025,EXTREME_LONG
2025-09-09,NASDAQ-100 Consolidated - CHICAGO MERCANTILE EXCHANGE,20974+,310398,49851,115779,114431,34308,67639,92878,6345.0,13560.0,-25239,-0.08131173525602614,-7216.0,-0.020434944638003258,-10942.0,80123,0.25812988485750554,-65928,-0.2123982757620861,0.7756410256410257,NEUTRAL
2025-09-16,NASDAQ-100 Consolidated - CHICAGO MERCANTILE EXCHANGE,20974+,365891,54904,119452,115084,33011,72204,96713,4565.0,3836.0,-24509,-0.06698442978919951,730.0,0.014327305466826631,-5661.0,82073,0.2243099720955148,-64548,-0.17641319409332287,0.8076923076923077,EXTREME_LONG
2025-09-23,NASDAQ-100 Consolidated - CHICAGO MERCANTILE EXCHANGE,20974+,281162,48393,108609,111566,33275,51145,77091,-21059.0,-19623.0,-25946,-0.09228131824357488,-1437.0,-0.025296888454375374,-11623.0,78291,0.27845512551482776,-60216,-0.21416834422859418,0.7371794871794872,NEUTRAL
2025-09-30,NASDAQ-100 Consolidated - CHICAGO MERCANTILE EXCHANGE,20974+,285789,44390,133410,112083,32132,61325,64046,10180.0,-13045.0,-2721,-0.009521010255818103,23225.0,0.08276030798775678,15302.0,79951,0.27975534397754986,-89020,-0.3114885457452876,0.9615384615384616,EXTREME_LONG
2025-10-07,NASDAQ-100 Consolidated - CHICAGO MERCANTILE EXCHANGE,20974+,294285,47430,133465,117355,32892,58303,67874,-3022.0,3828.0,-9571,-0.032522894473044836,-6850.0,-0.023001884217226733,15668.0,84463,0.287010890803133,-86035,-0.29235265134138677,0.9166666666666666,EXTREME_LONG
2025-10-14,NASDAQ-100 Consolidated - CHICAGO MERCANTILE EXCHANGE,20974+,290000,43861,129095,114036,30314,49861,59779,-8442.0,-8095.0,-9918,-0.0342,-347.0,-0.0016771055269551652,14591.0,83722,0.28869655172413794,-85234,-0.2939103448275862,0.9038461538461539,EXTREME_LONG
2025-10-21,NASDAQ-100 Consolidated - CHICAGO MERCANTILE EXCHANGE,20974+,300347,46190,139396,116262,34067,59520,60177,9659.0,399.0,-657,-0.0021874698265672704,9261.0,0.03201253017343273,25289.0,82195,0.2736667920771641,-93206,-0.3103277209361172,0.967948717948718,EXTREME_LONG
2025-10-28,NASDAQ-100 Consolidated - CHICAGO MERCANTILE EXCHANGE,20974+,310555,51073,143059,114981,38364,64761,54518,5241.0,-5660.0,10243,0.03298288547922268,10900.0,0.03517035530578995,12964.0,76617,0.246709922558001,-91986,-0.2961987409637584,0.9871794871794872,EXTREME_LONG
2025-11-04,NASDAQ-100 Consolidated - CHICAGO MERCANTILE EXCHANGE,20974+,304760,46341,145667,112162,31746,58946,54441,-5815.0,-76.0,4505,0.01478212363827274,-5738.0,-0.018200761840949937,14076.0,80416,0.2638666491665573,-99326,-0.3259154744717154,0.9743589743589743,EXTREME_LONG
2025-11-10,NASDAQ-100 Consolidated - CHICAGO MERCANTILE EXCHANGE,20974+,309882,47677,148559,108709,34472,67485,55760,8539.0,1319.0,11725,0.03783698310969982,7220.0,0.023054859471427082,21643.0,74237,0.23956538295222052,-100882,-0.32554972537933796,0.9871794871794872,EXTREME_LONG
2025-11-18,NASDAQ-100 Consolidated - CHICAGO MERCANTILE EXCHANGE,20974+,315545,47222,146844,110069,32157,64172,63239,-3313.0,7479.0,933,0.002956789047520956,-10792.0,-0.03488019406217887,1590.0,77912,0.24691248474860955,-99622,-0.31571408198513684,0.9487179487179487,EXTREME_LONG
2025-11-25,NASDAQ-100 Consolidated - CHICAGO MERCANTILE EXCHANGE,20974+,315399,49345,140289,111357,34045,64121,66414,-51.0,3176.0,-2293,-0.0072701562148263,-3226.0,-0.010226945262347256,-12536.0,77312,0.24512442969064582,-90944,-0.2883458730053044,0.9358974358974359,EXTREME_LONG
2025-12-02,NASDAQ-100 Consolidated - CHICAGO MERCANTILE EXCHANGE,20974+,328582,59392,139826,110167,32881,65073,81022,952.0,14608.0,-15949,-0.04853887309712644,-13656.0,-0.04126871688230014,-20454.0,77286,0.23521069322117463,-80434,-0.24479125454224515,0.8205128205128205,EXTREME_LONG
2025-12-09,NASDAQ-100 Consolidated - CHICAGO MERCANTILE EXCHANGE,20974+,347119,71807,137190,112113,31342,61735,97829,-3338.0,16807.0,-36094,-0.10398163165945973,-20145.0,-0.055442758562333286,-47819.0,80771,0.23268965398033528,-65383,-0.188359035374036,0.6410256410256411,NEUTRAL
2025-12-16,NASDAQ-100 Consolidated - CHICAGO MERCANTILE EXCHANGE,20974+,403867,49057,128156,112598,31490,66617,90566,4882.0,-7263.0,-23949,-0.05929922474477984,12145.0,0.04468240691467989,-24882.0,81108,0.2008284905674393,-79099,-0.19585408067507373,0.8012820512820513,EXTREME_LONG
2025-12-23,NASDAQ-100 Consolidated - CHICAGO MERCANTILE EXCHANGE,20974+,274369,36753,121710,107815,30908,60366,73602,-6251.0,-16965.0,-13236,-0.04824160163866909,10713.0,0.011057623106110748,-10943.0,76907,0.28030499072417076,-84957,-0.30964504007376925,0.8333333333333334,EXTREME_LONG
2025-12-30,NASDAQ-100 Consolidated - CHICAGO MERCANTILE EXCHANGE,20974+,286451,44646,125360,112588,30962,58837,81915,-1529.0,8313.0,-23078,-0.08056526247071925,-9842.0,-0.03232366083205016,-7129.0,81626,0.284956240334298,-80714,-0.28177244973834964,0.7307692307692307,NEUTRAL
2026-06-02,,20974+,345837,74497,90883,117527,37247,38413,113251,2072.0,6235.0,-74838,-0.21639674181767712,-51760.0,-0.13583147934695788,-38744.0,80280,0.23213247859540767,-16386,-0.047380702469660564,0.04487179487179487,EXTREME_SHORT
