date,Market_and_Exchange_Names,contract_code,open_interest,dealer_longs,dealer_shorts,asset_mgr_longs,asset_mgr_shorts,lev_longs,lev_shorts,change_lev_longs,change_lev_shorts,lev_net,lev_net_pct,lev_net_wow,lev_net_pct_wow,lev_net_4w,asset_mgr_net,asset_mgr_net_pct,dealer_net,dealer_net_pct,positioning_pctile,positioning_signal
2014-01-07,E-MINI S&P 500 STOCK INDEX - CHICAGO MERCANTILE EXCHANGE,13874A,2790363,215413,864500,1315307,389102,512931,764062,-6348.0,-16821.0,-251131,-0.0899994015115596,,,,926205,0.33192993169705876,-649087,-0.23261740497562503,,
2014-01-14,E-MINI S&P 500 STOCK INDEX - CHICAGO MERCANTILE EXCHANGE,13874A,2885511,233338,880848,1349206,395064,543684,830570,30753.0,66508.0,-286886,-0.09942294449752574,-35755.0,-0.009423542985966135,,954142,0.33066656131271027,-647510,-0.22440046147805362,0.0,EXTREME_SHORT
2014-01-21,E-MINI S&P 500 STOCK INDEX - CHICAGO MERCANTILE EXCHANGE,13874A,2871444,244770,887235,1341463,402426,517028,865161,-26656.0,34591.0,-348133,-0.12123969682152952,-61247.0,-0.021816752324003777,,939037,0.32702605379035776,-642465,-0.2237428276504783,0.0,EXTREME_SHORT
2014-01-28,E-MINI S&P 500 STOCK INDEX - CHICAGO MERCANTILE EXCHANGE,13874A,2912005,228418,863379,1263308,436765,557384,873135,40356.0,7974.0,-315751,-0.10843078909548576,32382.0,0.012808907726043761,,826543,0.2838398285717229,-634961,-0.21804941955800214,0.25,NEUTRAL
2014-02-04,E-MINI S&P 500 STOCK INDEX - CHICAGO MERCANTILE EXCHANGE,13874A,2985967,224615,856374,1226807,490647,599042,914463,41658.0,41328.0,-315421,-0.10563445610751894,330.0,0.002796332987966818,-64290.0,736160,0.24653989813015348,-631759,-0.21157601540807383,0.4,NEUTRAL
2014-02-11,E-MINI S&P 500 STOCK INDEX - CHICAGO MERCANTILE EXCHANGE,13874A,3078305,242962,858325,1285435,436064,551982,999244,-47060.0,84781.0,-447262,-0.1452948944305389,-131841.0,-0.03966043832301995,-160376.0,849371,0.27592165168818555,-615363,-0.1999031934782291,0.0,EXTREME_SHORT
2014-02-18,E-MINI S&P 500 STOCK INDEX - CHICAGO MERCANTILE EXCHANGE,13874A,3163772,262169,891338,1287102,427487,556690,1020978,4708.0,21734.0,-464288,-0.14675140939359727,-17026.0,-0.0014565149630583751,-116155.0,859615,0.27170573606441933,-629169,-0.198866732495262,0.0,EXTREME_SHORT
2014-02-25,E-MINI S&P 500 STOCK INDEX - CHICAGO MERCANTILE EXCHANGE,13874A,3190988,267709,914035,1237923,455667,573234,1003564,16544.0,-17414.0,-430330,-0.13485791861329469,33958.0,0.011893490780302579,-114579.0,782256,0.2451453907065774,-646326,-0.20254729883033093,0.25,NEUTRAL
2014-03-04,E-MINI S&P 500 STOCK INDEX - CHICAGO MERCANTILE EXCHANGE,13874A,3301075,300681,919010,1260456,450879,601829,1051941,28595.0,48377.0,-450112,-0.13635315768348188,-19782.0,-0.0014952390701871987,-134691.0,809577,0.24524647273994077,-618329,-0.18731140613285066,0.2222222222222222,NEUTRAL
2014-03-11,E-MINI S&P 500 STOCK INDEX - CHICAGO MERCANTILE EXCHANGE,13874A,3368513,285700,910100,1276794,437763,559171,1035810,-42658.0,-16131.0,-476639,-0.14149834066248224,-26527.0,-0.005145182979000351,-29377.0,839031,0.24908052900493483,-624400,-0.18536369015052043,0.2,NEUTRAL
2014-03-18,E-MINI S&P 500 STOCK INDEX - CHICAGO MERCANTILE EXCHANGE,13874A,3878357,294591,969417,1301308,458725,632513,1037709,73342.0,1899.0,-405196,-0.10447619958657751,71443.0,0.03702214107590472,59092.0,842583,0.2172525633921787,-674826,-0.17399790684560498,0.7272727272727273,NEUTRAL
2014-03-25,E-MINI S&P 500 STOCK INDEX - CHICAGO MERCANTILE EXCHANGE,13874A,2801131,218619,818898,1351769,376532,446653,875058,-185860.0,-162651.0,-428405,-0.15294000887498657,-23209.0,-0.04846380928840906,1925.0,975237,0.3481582974876934,-600279,-0.21429879573643645,0.0,EXTREME_SHORT
2014-04-01,E-MINI S&P 500 STOCK INDEX - CHICAGO MERCANTILE EXCHANGE,13874A,2801019,218892,840808,1341138,368907,471774,846655,25121.0,-28403.0,-374881,-0.1338373641878188,53524.0,0.01910264468716777,75231.0,972231,0.3470990378858551,-621916,-0.22203205333487563,0.46153846153846156,NEUTRAL
2014-04-08,E-MINI S&P 500 STOCK INDEX - CHICAGO MERCANTILE EXCHANGE,13874A,2760817,212307,859101,1322107,391072,423830,823723,-47944.0,-22932.0,-399893,-0.1448458916328029,-25012.0,-0.011008527444984095,76746.0,931035,0.33723169626961874,-646794,-0.2342763029929184,0.21428571428571427,NEUTRAL
2014-04-15,E-MINI S&P 500 STOCK INDEX - CHICAGO MERCANTILE EXCHANGE,13874A,2808434,222387,834138,1296443,410920,467503,843015,43673.0,19292.0,-375512,-0.1337086789292538,24381.0,0.011137212703549088,29684.0,885523,0.3153084601596477,-611751,-0.2178263758379225,0.5333333333333333,NEUTRAL
2014-04-22,E-MINI S&P 500 STOCK INDEX - CHICAGO MERCANTILE EXCHANGE,13874A,2793289,218761,835912,1275479,384703,501410,844658,33907.0,1643.0,-343248,-0.12288309587729733,32264.0,0.01082558305195648,85157.0,890776,0.3188986173646909,-617151,-0.22094061874729037,0.5625,NEUTRAL
2014-04-29,E-MINI S&P 500 STOCK INDEX - CHICAGO MERCANTILE EXCHANGE,13874A,2852227,228751,870105,1265628,378667,501794,837504,384.0,-7154.0,-335710,-0.1177010104735703,7538.0,0.005182085403727027,39171.0,886961,0.31097139182821004,-641354,-0.22486078422229366,0.6470588235294118,NEUTRAL
2014-05-06,E-MINI S&P 500 STOCK INDEX - CHICAGO MERCANTILE EXCHANGE,13874A,2851024,237090,800126,1282981,391718,488370,872421,-13424.0,34917.0,-384051,-0.1347063370915152,-48341.0,-0.01700532661794489,15842.0,891263,0.3126115388716475,-563036,-0.1974855350218027,0.3888888888888889,NEUTRAL
2014-05-13,E-MINI S&P 500 STOCK INDEX - CHICAGO MERCANTILE EXCHANGE,13874A,2952843,230187,840324,1297456,379967,508172,899972,19802.0,27551.0,-391800,-0.13268568630299682,-7749.0,0.0020206507885183744,-16288.0,917489,0.3107137765197811,-610137,-0.20662696933091262,0.5263157894736842,NEUTRAL
2014-05-20,E-MINI S&P 500 STOCK INDEX - CHICAGO MERCANTILE EXCHANGE,13874A,2964178,250143,822003,1271398,385608,487688,926725,-20484.0,26753.0,-439037,-0.14811424954911614,-47237.0,-0.015428563246119326,-95789.0,885790,0.29883158163915935,-571860,-0.192923636839623,0.05,EXTREME_SHORT
2014-05-27,E-MINI S&P 500 STOCK INDEX - CHICAGO MERCANTILE EXCHANGE,13874A,3042386,241663,870547,1301021,382356,510091,914835,22403.0,-11890.0,-404744,-0.13303505866776932,34293.0,0.015079190881346821,-69034.0,918665,0.30195543892195137,-628884,-0.20670749865401694,0.5238095238095238,NEUTRAL
2014-06-03,E-MINI S&P 500 STOCK INDEX - CHICAGO MERCANTILE EXCHANGE,13874A,3090854,249931,903252,1344724,381113,523101,940213,13010.0,25378.0,-417112,-0.13495040529251787,-12368.0,-0.001915346624748543,-33061.0,963611,0.3117620567001871,-653321,-0.21137232622440272,0.3181818181818182,NEUTRAL
2014-06-10,E-MINI S&P 500 STOCK INDEX - CHICAGO MERCANTILE EXCHANGE,13874A,3215901,282890,907552,1334860,364200,530797,985490,7696.0,45277.0,-454693,-0.1413889917631171,-37581.0,-0.006438586470599222,-62893.0,970660,0.30183143075610847,-624662,-0.19424167597199044,0.2608695652173913,NEUTRAL
2014-06-17,E-MINI S&P 500 STOCK INDEX - CHICAGO MERCANTILE EXCHANGE,13874A,3542606,316752,902836,1297706,374879,583446,1040648,52649.0,55158.0,-457202,-0.12905810016693925,-2509.0,0.01233089159617784,-18165.0,922827,0.2604938285544596,-586084,-0.16543866295038173,0.625,NEUTRAL
2014-06-24,E-MINI S&P 500 STOCK INDEX - CHICAGO MERCANTILE EXCHANGE,13874A,2864180,259249,746827,1355296,403350,418086,994539,-165360.0,-46109.0,-576453,-0.20126283962600117,-119251.0,-0.07220473945906192,-171709.0,951946,0.3323624911842133,-487578,-0.17023301608139152,0.0,EXTREME_SHORT
2014-07-01,E-MINI S&P 500 STOCK INDEX - CHICAGO MERCANTILE EXCHANGE,13874A,2941198,256113,780272,1350572,426478,459645,991794,41559.0,-2745.0,-532149,-0.18092933559726343,44304.0,0.020333504028737737,-115037.0,924094,0.3141896601316878,-524159,-0.17821275548262988,0.038461538461538464,EXTREME_SHORT
2014-07-08,E-MINI S&P 500 STOCK INDEX - CHICAGO MERCANTILE EXCHANGE,13874A,2931095,257411,762293,1342757,406324,442266,994698,-17379.0,2904.0,-552432,-0.18847290858876972,-20283.0,-0.007543572991506292,-97739.0,936433,0.3194823095123154,-504882,-0.17225030236140418,0.037037037037037035,EXTREME_SHORT
2014-07-15,E-MINI S&P 500 STOCK INDEX - CHICAGO MERCANTILE EXCHANGE,13874A,2937915,225784,790689,1341807,403634,470996,939589,28730.0,-55109.0,-468593,-0.1594984878732026,83839.0,0.028974420715567134,-11391.0,938173,0.3193329282841743,-564905,-0.19228092031253458,0.10714285714285714,EXTREME_SHORT
2014-07-22,E-MINI S&P 500 STOCK INDEX - CHICAGO MERCANTILE EXCHANGE,13874A,2959472,211146,794242,1341966,406484,496014,933760,25018.0,-5829.0,-437746,-0.14791354674076998,30847.0,0.011584941132432608,138707.0,935482,0.31609760119372643,-583096,-0.1970270372552942,0.20689655172413793,NEUTRAL
2014-07-29,E-MINI S&P 500 STOCK INDEX - CHICAGO MERCANTILE EXCHANGE,13874A,2972352,215095,766890,1349737,410104,479430,968927,-16584.0,35167.0,-489497,-0.1646833887776414,-51751.0,-0.01676984203687143,42652.0,939633,0.316124402493379,-551795,-0.18564254839265337,0.1,EXTREME_SHORT
2014-08-05,E-MINI S&P 500 STOCK INDEX - CHICAGO MERCANTILE EXCHANGE,13874A,2932157,198447,733495,1273071,450407,548417,962171,68987.0,-6756.0,-413754,-0.1411090879512932,75743.0,0.023574300826348205,138678.0,822664,0.28056614976619604,-535048,-0.18247590425751417,0.41935483870967744,NEUTRAL
2014-08-12,E-MINI S&P 500 STOCK INDEX - CHICAGO MERCANTILE EXCHANGE,13874A,2959433,207640,744844,1288935,462840,523915,986809,-24502.0,24638.0,-462894,-0.15641306966570961,-49140.0,-0.01530398171441641,5699.0,826095,0.2791396189743103,-537204,-0.18152260922953822,0.15625,EXTREME_SHORT
2014-08-19,E-MINI S&P 500 STOCK INDEX - CHICAGO MERCANTILE EXCHANGE,13874A,3004564,223217,755120,1317425,464094,524561,993462,646.0,6653.0,-468901,-0.15606290962682107,-6007.0,0.0003501600388885473,-31155.0,853331,0.28401159036718804,-531903,-0.17703167581053358,0.18181818181818182,EXTREME_SHORT
2014-08-26,E-MINI S&P 500 STOCK INDEX - CHICAGO MERCANTILE EXCHANGE,13874A,3027601,233699,786822,1322772,464934,517469,952373,-7092.0,-41089.0,-434904,-0.14364640519011587,33997.0,0.012416504436705195,54593.0,857838,0.28333918505113453,-553123,-0.18269349230628473,0.38235294117647056,NEUTRAL
2014-09-02,E-MINI S&P 500 STOCK INDEX - CHICAGO MERCANTILE EXCHANGE,13874A,3081045,253834,787150,1309963,465769,526007,963340,8538.0,10967.0,-437333,-0.14194307450881113,-2429.0,0.0017033306813047377,-23579.0,844194,0.27399599811103054,-533316,-0.17309581651679867,0.4,NEUTRAL
2014-09-09,E-MINI S&P 500 STOCK INDEX - CHICAGO MERCANTILE EXCHANGE,13874A,3245197,257194,791151,1303723,476562,549406,977513,23399.0,14173.0,-428107,-0.13192018851243853,9226.0,0.010022885996372605,34787.0,827161,0.2548877618215474,-533957,-0.1645376228315261,0.7222222222222222,NEUTRAL
2014-09-16,E-MINI S&P 500 STOCK INDEX - CHICAGO MERCANTILE EXCHANGE,13874A,3658403,244003,799048,1303740,484859,582531,1049620,33125.0,72107.0,-467089,-0.1276756551970901,-38982.0,0.004244533315348437,1812.0,818881,0.22383564631889927,-555045,-0.15171783972405445,0.7567567567567568,NEUTRAL
2014-09-23,E-MINI S&P 500 STOCK INDEX - CHICAGO MERCANTILE EXCHANGE,13874A,2799012,214385,651689,1386756,463969,451038,909420,-131493.0,-140200.0,-458382,-0.16376564301975124,8707.0,-0.03608998782266115,-23478.0,922787,0.3296831167569128,-437304,-0.15623512868112033,0.10526315789473684,EXTREME_SHORT
2014-09-30,E-MINI S&P 500 STOCK INDEX - CHICAGO MERCANTILE EXCHANGE,13874A,2799895,200183,633049,1352881,476107,473681,906028,22643.0,-3392.0,-432347,-0.1544154334358967,26035.0,0.009350209583854546,4986.0,876774,0.3131453143778606,-432866,-0.15460079752990738,0.20512820512820512,NEUTRAL
2014-10-07,E-MINI S&P 500 STOCK INDEX - CHICAGO MERCANTILE EXCHANGE,13874A,2775750,208740,610591,1291606,490526,525602,905870,51921.0,-158.0,-380268,-0.13699648743582815,52079.0,0.017418946000068547,47839.0,801080,0.2885994776186616,-401851,-0.14477204359182202,0.5,NEUTRAL
2014-10-14,E-MINI S&P 500 STOCK INDEX - CHICAGO MERCANTILE EXCHANGE,13874A,2829396,198048,646707,1282618,532029,548439,890818,22837.0,-15052.0,-342379,-0.12100780519941358,37889.0,0.015988682236414573,124710.0,750589,0.2652824136317433,-448659,-0.15857059245153382,0.8292682926829268,EXTREME_LONG
2014-10-21,E-MINI S&P 500 STOCK INDEX - CHICAGO MERCANTILE EXCHANGE,13874A,2829815,232412,590561,1299141,526142,448436,991619,-100003.0,100801.0,-543183,-0.1919500037988349,-200804.0,-0.07094219859942132,-84801.0,772999,0.2731623798728892,-358149,-0.12656269049390154,0.023809523809523808,EXTREME_SHORT
2014-10-28,E-MINI S&P 500 STOCK INDEX - CHICAGO MERCANTILE EXCHANGE,13874A,2882162,225881,639247,1322616,540770,479376,970197,30940.0,-21422.0,-490821,-0.17029611798365255,52362.0,0.02165388581518235,-58474.0,781846,0.2712706641750186,-413366,-0.14342219486621502,0.09302325581395349,EXTREME_SHORT
2014-11-04,E-MINI S&P 500 STOCK INDEX - CHICAGO MERCANTILE EXCHANGE,13874A,2879808,214552,716205,1299927,552977,530110,842597,50734.0,-127600.0,-312487,-0.10850966453319111,178334.0,0.06178645345046144,67781.0,746950,0.25937493055092564,-501653,-0.17419668255661488,0.8636363636363636,EXTREME_LONG
2014-11-11,E-MINI S&P 500 STOCK INDEX - CHICAGO MERCANTILE EXCHANGE,13874A,2920705,215477,759476,1321920,540380,554773,837438,24663.0,-5159.0,-282665,-0.09677971585627443,29822.0,0.01172994867691668,59714.0,781540,0.26758607938836687,-543999,-0.18625605804078124,0.9555555555555556,EXTREME_LONG
2014-11-18,E-MINI S&P 500 STOCK INDEX - CHICAGO MERCANTILE EXCHANGE,13874A,3024708,201516,816968,1379330,539515,573195,835575,18422.0,-1863.0,-262380,-0.08674556353869531,20285.0,0.01003415231757912,280803.0,839815,0.27765159479857227,-615452,-0.20347484782002098,0.9782608695652174,EXTREME_LONG
2014-11-25,E-MINI S&P 500 STOCK INDEX - CHICAGO MERCANTILE EXCHANGE,13874A,3086154,201794,798118,1400287,544616,581613,847476,8418.0,11901.0,-265863,-0.08614702960383701,-3483.0,0.0005985339348583002,224958.0,855671,0.2772612773050211,-596324,-0.19322561349822465,0.9787234042553191,EXTREME_LONG
2014-12-02,E-MINI S&P 500 STOCK INDEX - CHICAGO MERCANTILE EXCHANGE,13874A,3111438,199051,824274,1378844,541906,658053,862859,76440.0,15383.0,-204806,-0.06582358382201413,61057.0,0.02032344578182288,107681.0,836938,0.2689875228109961,-625223,-0.20094342230184242,0.9791666666666666,EXTREME_LONG
2014-12-09,E-MINI S&P 500 STOCK INDEX - CHICAGO MERCANTILE EXCHANGE,13874A,3105541,172600,836098,1375726,545671,642024,785084,-16029.0,-77775.0,-143060,-0.046066047751422375,61746.0,0.019757536070591754,139605.0,830055,0.26728193251996996,-663498,-0.2136497312384541,0.9795918367346939,EXTREME_LONG
2014-12-16,E-MINI S&P 500 STOCK INDEX - CHICAGO MERCANTILE EXCHANGE,13874A,3295783,170690,813628,1292526,596170,707002,723084,64978.0,-62000.0,-16082,-0.004879568830836254,126978.0,0.04118647892058612,246298.0,696356,0.21128696883259607,-642938,-0.19507898426565098,0.98,EXTREME_LONG
2014-12-23,E-MINI S&P 500 STOCK INDEX - CHICAGO MERCANTILE EXCHANGE,13874A,2739124,192761,838775,1370315,482957,534734,720658,-172268.0,-2426.0,-185924,-0.06787717533050712,-169842.0,-0.06299760649967087,79939.0,887358,0.32395685627959886,-646014,-0.2358469350054981,0.9215686274509803,EXTREME_LONG
2014-12-30,E-MINI S&P 500 STOCK INDEX - CHICAGO MERCANTILE EXCHANGE,13874A,2750182,186235,855539,1378656,465347,538445,728081,3711.0,7423.0,-189636,-0.06895398195464882,-3712.0,-0.0010768066241416963,15170.0,913309,0.3320903852908644,-669304,-0.24336716624572483,0.9038461538461539,EXTREME_LONG
2015-01-06,E-MINI S&P 500 STOCK INDEX - CHICAGO MERCANTILE EXCHANGE,13874A,2749558,169837,855931,1324782,481802,581047,686216,42602.0,-41865.0,-105169,-0.03824942045230543,84467.0,0.030704561502343387,37891.0,842980,0.3065874587842846,-686094,-0.2495288333615803,0.9622641509433962,EXTREME_LONG
2015-01-13,E-MINI S&P 500 STOCK INDEX - CHICAGO MERCANTILE EXCHANGE,13874A,2714557,169590,799405,1341198,484711,527316,702010,-53731.0,15794.0,-174694,-0.0643545153039704,-69525.0,-0.026105094851664977,-158612.0,856487,0.3155163070806765,-629815,-0.23201391608280836,0.9259259259259259,EXTREME_LONG
2015-01-20,E-MINI S&P 500 STOCK INDEX - CHICAGO MERCANTILE EXCHANGE,13874A,2707586,166950,792657,1305638,492649,499290,686843,-28026.0,-15167.0,-187553,-0.06926945256771161,-12859.0,-0.004914937263741204,-1629.0,812989,0.30026340806903273,-625707,-0.2310940446582306,0.8545454545454545,EXTREME_LONG
2015-01-27,E-MINI S&P 500 STOCK INDEX - CHICAGO MERCANTILE EXCHANGE,13874A,2701901,164167,796636,1325268,474620,483251,681386,-16039.0,-5457.0,-198135,-0.07333170238287784,-10582.0,-0.00406224981516623,-8499.0,850648,0.3148331489569751,-632469,-0.23408296603021353,0.8392857142857143,EXTREME_LONG
2015-02-03,E-MINI S&P 500 STOCK INDEX - CHICAGO MERCANTILE EXCHANGE,13874A,2734995,155402,750345,1306369,515806,493941,745059,10690.0,63673.0,-251118,-0.09181662123696753,-52983.0,-0.01848491885408969,-145949.0,790563,0.28905464178179485,-594943,-0.2175298309503308,0.7719298245614035,NEUTRAL
2015-02-10,E-MINI S&P 500 STOCK INDEX - CHICAGO MERCANTILE EXCHANGE,13874A,2791625,160825,768251,1300323,521101,514128,775013,20187.0,29954.0,-260885,-0.09345273810056867,-9767.0,-0.001636116863601142,-86191.0,779222,0.2791284646039493,-607426,-0.2175886804280661,0.7586206896551724,NEUTRAL
2015-02-17,E-MINI S&P 500 STOCK INDEX - CHICAGO MERCANTILE EXCHANGE,13874A,2811472,164369,796629,1289483,488940,500225,765675,-13903.0,-9338.0,-265450,-0.0944167325870576,-4565.0,-0.0009639944864889283,-77897.0,800543,0.2847415873250738,-632260,-0.22488575379729905,0.7457627118644068,NEUTRAL
2015-02-24,E-MINI S&P 500 STOCK INDEX - CHICAGO MERCANTILE EXCHANGE,13874A,2886254,184975,809846,1316528,494220,496486,780969,-3739.0,15294.0,-284483,-0.09856478327964205,-19033.0,-0.0041480506925844485,-86348.0,822308,0.28490493213694984,-624871,-0.21649896370866875,0.7166666666666667,NEUTRAL
2015-03-03,E-MINI S&P 500 STOCK INDEX - CHICAGO MERCANTILE EXCHANGE,13874A,2982284,202619,794785,1289425,517454,526372,811887,29886.0,30918.0,-285515,-0.09573702571586074,-1032.0,0.0028277575637813135,-34397.0,771971,0.2588522756384033,-592166,-0.19856123695798253,0.7377049180327869,NEUTRAL
2015-03-10,E-MINI S&P 500 STOCK INDEX - CHICAGO MERCANTILE EXCHANGE,13874A,3181958,231205,798014,1249496,576237,547967,895327,21595.0,83440.0,-347360,-0.10916548867081212,-61845.0,-0.013428462954951384,-86475.0,673259,0.21158638800386428,-566809,-0.17813214379322417,0.6129032258064516,NEUTRAL
2015-03-17,E-MINI S&P 500 STOCK INDEX - CHICAGO MERCANTILE EXCHANGE,13874A,3423320,227945,809456,1254989,597721,511369,842592,-36598.0,-52735.0,-331223,-0.09675490459553883,16137.0,0.01241058407527329,-65773.0,657268,0.19199724244300853,-581511,-0.16986755547246532,0.7301587301587301,NEUTRAL
2015-03-24,E-MINI S&P 500 STOCK INDEX - CHICAGO MERCANTILE EXCHANGE,13874A,2631895,197137,588276,1284145,521122,382354,752678,-129015.0,-89914.0,-370324,-0.14070622118283593,-39101.0,-0.043951316587297104,-85841.0,763023,0.2899139213380473,-391139,-0.14861497134194182,0.34375,NEUTRAL
2015-03-31,E-MINI S&P 500 STOCK INDEX - CHICAGO MERCANTILE EXCHANGE,13874A,2663980,193285,594581,1244945,518005,425456,776031,43102.0,23353.0,-350575,-0.13159821019677326,19749.0,0.009108010986062676,-65060.0,726940,0.27287742400468473,-401296,-0.15063776755080743,0.5076923076923077,NEUTRAL
2015-04-07,E-MINI S&P 500 STOCK INDEX - CHICAGO MERCANTILE EXCHANGE,13874A,2671481,182567,612598,1242310,517384,411325,755103,-14131.0,-20928.0,-343778,-0.12868442635377156,6797.0,0.0029137838430016993,3582.0,724926,0.2713573482274439,-430031,-0.160971011959284,0.5303030303030303,NEUTRAL
2015-04-14,E-MINI S&P 500 STOCK INDEX - CHICAGO MERCANTILE EXCHANGE,13874A,2691356,183909,634271,1264626,517696,431488,748491,20163.0,-6612.0,-317003,-0.11778560695797954,26775.0,0.010898819395792014,14220.0,746930,0.2775292454807168,-450362,-0.16733646533568952,0.5970149253731343,NEUTRAL
2015-04-21,E-MINI S&P 500 STOCK INDEX - CHICAGO MERCANTILE EXCHANGE,13874A,2716999,177301,641743,1248487,537866,451535,726909,20047.0,-21582.0,-275374,-0.10135226402365256,41629.0,0.01643334293432698,94950.0,710621,0.2615462869143492,-464442,-0.17093933416979543,0.6911764705882353,NEUTRAL
2015-04-28,E-MINI S&P 500 STOCK INDEX - CHICAGO MERCANTILE EXCHANGE,13874A,2745013,180985,643412,1272620,539431,447341,731820,-4194.0,4911.0,-284479,-0.1036348461737704,-9105.0,-0.00228258215011784,66096.0,733189,0.26709855290302814,-462427,-0.1684607686739553,0.6811594202898551,NEUTRAL
2015-05-05,E-MINI S&P 500 STOCK INDEX - CHICAGO MERCANTILE EXCHANGE,13874A,2745079,187021,592546,1229592,516499,422587,770747,-24754.0,38927.0,-348160,-0.12683059394647658,-63681.0,-0.02319574777270618,-4382.0,713093,0.2597713945573151,-405525,-0.14772798888483718,0.5285714285714286,NEUTRAL
2015-05-12,E-MINI S&P 500 STOCK INDEX - CHICAGO MERCANTILE EXCHANGE,13874A,2756816,190709,633148,1237641,528117,428068,729143,5481.0,-41604.0,-301075,-0.10921113342348565,47085.0,0.017619460522990932,15928.0,709524,0.257370821991747,-442439,-0.16048912948851138,0.6056338028169014,NEUTRAL
2015-05-19,E-MINI S&P 500 STOCK INDEX - CHICAGO MERCANTILE EXCHANGE,13874A,2770193,191466,642469,1260746,511579,437340,711512,9272.0,-17631.0,-274172,-0.09897216547727902,26903.0,0.010238967946206629,1202.0,749167,0.2704385578910928,-451003,-0.16280562401247856,0.7222222222222222,NEUTRAL
2015-05-26,E-MINI S&P 500 STOCK INDEX - CHICAGO MERCANTILE EXCHANGE,13874A,2782314,206229,590247,1245080,520935,417023,752986,-20317.0,41474.0,-335963,-0.12074949125080778,-61791.0,-0.021777325773528755,-51484.0,724145,0.2602671732953218,-384018,-0.13802108604564403,0.5616438356164384,NEUTRAL
2015-06-02,E-MINI S&P 500 STOCK INDEX - CHICAGO MERCANTILE EXCHANGE,13874A,2849220,206661,631331,1258847,538566,443017,741280,25994.0,-11706.0,-298263,-0.10468233411249395,37700.0,0.01606715713831383,49897.0,720281,0.2527993626325801,-424670,-0.14904780957595412,0.6621621621621622,NEUTRAL
2015-06-09,E-MINI S&P 500 STOCK INDEX - CHICAGO MERCANTILE EXCHANGE,13874A,2971541,225204,596508,1209468,563794,451318,807197,8301.0,65917.0,-355879,-0.11976243975768801,-57616.0,-0.015080105645194061,-54804.0,645674,0.21728591326857008,-371304,-0.12495334912087701,0.56,NEUTRAL
2015-06-16,E-MINI S&P 500 STOCK INDEX - CHICAGO MERCANTILE EXCHANGE,13874A,3213131,238184,648064,1150918,559646,467464,812754,16146.0,5557.0,-345290,-0.10746216073978931,10589.0,0.012300279017898694,-71118.0,591272,0.18401739611612475,-409880,-0.1275640488980997,0.6447368421052632,NEUTRAL
2015-06-23,E-MINI S&P 500 STOCK INDEX - CHICAGO MERCANTILE EXCHANGE,13874A,2575407,239030,483766,1237200,485196,342256,812196,-125208.0,-558.0,-469940,-0.1824721296478576,-124650.0,-0.0750099689080683,-133977.0,752004,0.29199423625081394,-244736,-0.0950280868227818,0.03896103896103896,EXTREME_SHORT
2015-06-30,E-MINI S&P 500 STOCK INDEX - CHICAGO MERCANTILE EXCHANGE,13874A,2641281,247125,472107,1178706,519821,408673,832735,66417.0,20539.0,-424062,-0.1605516414194476,45878.0,0.02192048822841,-125799.0,658885,0.24945660836541056,-224982,-0.08517912331175669,0.10256410256410256,EXTREME_SHORT
2015-07-07,E-MINI S&P 500 STOCK INDEX - CHICAGO MERCANTILE EXCHANGE,13874A,2686827,251554,502113,1190322,531332,374412,824223,-34261.0,-8512.0,-449811,-0.16741345832835533,-25749.0,-0.00686181690890772,-93932.0,658990,0.24526700081546002,-250559,-0.09325460850289208,0.0759493670886076,EXTREME_SHORT
2015-07-14,E-MINI S&P 500 STOCK INDEX - CHICAGO MERCANTILE EXCHANGE,13874A,2630905,232843,504513,1188726,523314,374328,780160,-84.0,-44063.0,-405832,-0.1542556648757747,43979.0,0.01315779345258064,-60542.0,665412,0.2529213331534206,-271670,-0.10326104515366386,0.175,EXTREME_SHORT
2015-07-21,E-MINI S&P 500 STOCK INDEX - CHICAGO MERCANTILE EXCHANGE,13874A,2651956,225981,534887,1205332,507574,415523,788568,41195.0,8408.0,-373045,-0.14066786930099895,32787.0,0.01358779557477574,96895.0,697758,0.26311070017752936,-308906,-0.11648232474445278,0.3333333333333333,NEUTRAL
2015-07-28,E-MINI S&P 500 STOCK INDEX - CHICAGO MERCANTILE EXCHANGE,13874A,2705198,250568,549361,1164534,539786,459825,778391,44302.0,-10177.0,-318566,-0.11776069625957139,54479.0,0.02290717304142756,105496.0,624748,0.23094353906811996,-298793,-0.11045143460848338,0.5975609756097561,NEUTRAL
2015-08-04,E-MINI S&P 500 STOCK INDEX - CHICAGO MERCANTILE EXCHANGE,13874A,2711872,283348,529774,1135574,543542,440861,790537,-18964.0,12146.0,-349676,-0.1289426639605409,-31110.0,-0.01118196770096952,100135.0,592032,0.21831118872867156,-246426,-0.09086933306586742,0.4819277108433735,NEUTRAL
2015-08-11,E-MINI S&P 500 STOCK INDEX - CHICAGO MERCANTILE EXCHANGE,13874A,2779583,301589,547455,1154164,558924,446474,825410,5613.0,34873.0,-378936,-0.13632836292350328,-29260.0,-0.007385698962962373,26896.0,595240,0.2141472299981688,-245866,-0.08845427533554494,0.35714285714285715,NEUTRAL
2015-08-18,E-MINI S&P 500 STOCK INDEX - CHICAGO MERCANTILE EXCHANGE,13874A,2843824,313974,577133,1144190,568381,464642,820367,18168.0,-5043.0,-355725,-0.12508685488272128,23211.0,0.011241508040782,17320.0,575809,0.20247701686180297,-263159,-0.09253702057511294,0.5294117647058824,NEUTRAL
2015-08-25,E-MINI S&P 500 STOCK INDEX - CHICAGO MERCANTILE EXCHANGE,13874A,3147605,408077,676746,1085613,745605,505566,761525,40924.0,-58842.0,-255959,-0.08131865338884645,99766.0,0.043768201493874836,62607.0,340008,0.10802117800677023,-268669,-0.08535664417866917,0.8837209302325582,EXTREME_LONG
2015-09-01,E-MINI S&P 500 STOCK INDEX - CHICAGO MERCANTILE EXCHANGE,13874A,3220963,552055,578294,1001778,787307,460622,845419,-44944.0,83894.0,-384797,-0.11946644528359997,-128838.0,-0.03814779189475352,-35121.0,214471,0.06658598686169323,-26239,-0.00814632145727846,0.5862068965517241,NEUTRAL
2015-09-08,E-MINI S&P 500 STOCK INDEX - CHICAGO MERCANTILE EXCHANGE,13874A,3282448,601598,490404,996867,829955,401426,870770,-59196.0,25351.0,-469344,-0.1429859665712907,-84547.0,-0.023519521287690734,-90408.0,166912,0.05084985352395529,111194,0.033875327194825326,0.25,NEUTRAL
2015-09-15,E-MINI S&P 500 STOCK INDEX - CHICAGO MERCANTILE EXCHANGE,13874A,3538131,637896,499361,1026253,839326,365093,890865,-36333.0,20095.0,-525772,-0.14860162046006775,-56428.0,-0.00561565388877705,-170047.0,186927,0.05283213086231121,138535,0.039154853226180716,0.1797752808988764,EXTREME_SHORT
2015-09-22,E-MINI S&P 500 STOCK INDEX - CHICAGO MERCANTILE EXCHANGE,13874A,2885655,586966,314586,977399,819451,391787,873278,26694.0,-17587.0,-481491,-0.16685674482916357,44281.0,-0.01825512436909582,-225532.0,157948,0.054735579963647765,272380,0.09439104813291956,0.07777777777777778,EXTREME_SHORT
2015-09-29,E-MINI S&P 500 STOCK INDEX - CHICAGO MERCANTILE EXCHANGE,13874A,2916818,573435,342915,970069,808514,442754,901838,50967.0,28560.0,-459084,-0.1573920621718599,22407.0,0.009464682657303686,-74287.0,161555,0.0553874118988569,230520,0.07903132797452567,0.13186813186813187,EXTREME_SHORT
2015-10-06,E-MINI S&P 500 STOCK INDEX - CHICAGO MERCANTILE EXCHANGE,13874A,2931539,591508,354339,1075361,743614,355250,959888,-87504.0,58050.0,-604638,-0.20625275665785103,-145554.0,-0.048860694485991146,-135294.0,331747,0.11316479159922484,237169,0.08090255664345587,0.0,EXTREME_SHORT
2015-10-13,E-MINI S&P 500 STOCK INDEX - CHICAGO MERCANTILE EXCHANGE,13874A,2935847,540244,357502,1150677,715902,342571,968404,-12679.0,8516.0,-625833,-0.21316948737451236,-21195.0,-0.0069167307166613234,-100061.0,434775,0.14809184538567574,182742,0.062245069310492,0.0,EXTREME_SHORT
2015-10-20,E-MINI S&P 500 STOCK INDEX - CHICAGO MERCANTILE EXCHANGE,13874A,2978653,552737,378287,1194864,716882,315924,947265,-26647.0,-21139.0,-631341,-0.21195520256975217,-5508.0,0.001214284804760185,-149850.0,477982,0.16046917851794082,174450,0.05856674140962374,0.010638297872340425,EXTREME_SHORT
2015-10-27,E-MINI S&P 500 STOCK INDEX - CHICAGO MERCANTILE EXCHANGE,13874A,2845888,476714,380443,1229222,671867,326542,876277,10618.0,-70988.0,-549735,-0.19316817808712078,81606.0,0.018787024482631393,-90651.0,557355,0.19584572548181797,96271,0.03382810567387051,0.042105263157894736,EXTREME_SHORT
2015-11-03,E-MINI S&P 500 STOCK INDEX - CHICAGO MERCANTILE EXCHANGE,13874A,2860279,494706,381722,1262995,662829,331533,858985,4991.0,-17292.0,-527452,-0.1844057869879127,22283.0,0.008762391099208067,77186.0,600166,0.20982778253450102,112984,0.039501041681598195,0.07291666666666667,EXTREME_SHORT
2015-11-10,E-MINI S&P 500 STOCK INDEX - CHICAGO MERCANTILE EXCHANGE,13874A,2926441,536867,374846,1199281,661746,372148,911398,40615.0,52413.0,-539250,-0.18426819471159678,-11798.0,0.0001375922763159343,86583.0,537535,0.18368215863569434,162021,0.05536451956489128,0.08247422680412371,EXTREME_SHORT
2015-11-17,E-MINI S&P 500 STOCK INDEX - CHICAGO MERCANTILE EXCHANGE,13874A,2875410,540052,352310,1099102,670313,355877,853905,-16271.0,-57493.0,-498028,-0.17320243026211915,41222.0,0.011065764449477627,133313.0,428789,0.14912273380144048,187742,0.06529225397421586,0.11224489795918367,EXTREME_SHORT
2015-11-24,E-MINI S&P 500 STOCK INDEX - CHICAGO MERCANTILE EXCHANGE,13874A,2876955,513605,372170,1092601,672850,396855,769672,40978.0,-84233.0,-372817,-0.1295873588568469,125211.0,0.04361507140527224,176918.0,419751,0.14590113505425006,141435,0.049161352888731316,0.5151515151515151,NEUTRAL
2015-12-01,E-MINI S&P 500 STOCK INDEX - CHICAGO MERCANTILE EXCHANGE,13874A,2906354,503778,391444,1080511,658243,417509,757646,20654.0,-12026.0,-340137,-0.11703219910582124,32680.0,0.012555159751025669,187315.0,422268,0.1452913168870688,112334,0.03865117600952946,0.67,NEUTRAL
2015-12-08,E-MINI S&P 500 STOCK INDEX - CHICAGO MERCANTILE EXCHANGE,13874A,2933232,449584,401582,1048969,642192,452484,736480,34975.0,-21166.0,-283996,-0.09682016287835397,56141.0,0.02021203622746727,255254.0,406777,0.1386787679938034,48002,0.01636488351415776,0.801980198019802,EXTREME_LONG
2015-12-15,E-MINI S&P 500 STOCK INDEX - CHICAGO MERCANTILE EXCHANGE,13874A,3144839,399381,391161,1028223,692811,465308,679497,12824.0,-56983.0,-214189,-0.06810809710767388,69807.0,0.028712065770680098,283839.0,335412,0.10665474448771463,8220,0.002613806302961773,0.9313725490196079,EXTREME_LONG
2015-12-22,E-MINI S&P 500 STOCK INDEX - CHICAGO MERCANTILE EXCHANGE,13874A,2550333,229348,323340,1065870,727860,368001,636884,-97307.0,-42613.0,-268883,-0.10543054573657636,-54694.0,-0.03732244862890248,103934.0,338010,0.13253563358196754,-93992,-0.036854795040490794,0.7184466019417476,NEUTRAL
2015-12-29,E-MINI S&P 500 STOCK INDEX - CHICAGO MERCANTILE EXCHANGE,13874A,2506414,224302,325372,1108270,696605,336708,623583,-31293.0,-13301.0,-286875,-0.11445635078642236,-17992.0,-0.009025805049846,53262.0,411665,0.16424461401827473,-101070,-0.040324543351577195,0.6538461538461539,NEUTRAL
2016-01-05,E-MINI S&P 500 STOCK INDEX - CHICAGO MERCANTILE EXCHANGE,13874A,2573728,243284,311833,1050217,761632,327433,630899,-9275.0,7316.0,-303466,-0.11790911860149945,-16591.0,-0.0034527678150770985,-19470.0,288585,0.11212723333623444,-68549,-0.02663412761566102,0.6095238095238096,NEUTRAL
2016-01-12,E-MINI S&P 500 STOCK INDEX - CHICAGO MERCANTILE EXCHANGE,13874A,2745684,316899,325631,1064281,866036,331859,597909,4426.0,-32990.0,-266050,-0.09689753081563647,37416.0,0.021011587785862984,-51861.0,198245,0.07220240930857302,-8732,-0.0031802640070743757,0.7924528301886793,NEUTRAL
2016-01-19,E-MINI S&P 500 STOCK INDEX - CHICAGO MERCANTILE EXCHANGE,13874A,2863447,385625,329119,1099697,914899,312908,717902,-18951.0,119993.0,-404994,-0.14143582891528986,-138944.0,-0.04453829809965339,-136111.0,184798,0.06453690255136554,56506,0.01973355888898939,0.32710280373831774,NEUTRAL
2016-01-26,E-MINI S&P 500 STOCK INDEX - CHICAGO MERCANTILE EXCHANGE,13874A,2899270,390849,353021,1119151,955121,379786,732607,66878.0,14705.0,-352821,-0.12169304687041911,52173.0,0.019742782044870746,-65946.0,164030,0.056576310588527454,37828,0.013047422282160681,0.5555555555555556,NEUTRAL
2016-02-02,E-MINI S&P 500 STOCK INDEX - CHICAGO MERCANTILE EXCHANGE,13874A,2989501,415611,335510,1151031,927778,346535,785889,-33251.0,53282.0,-439354,-0.1469656641693714,-86533.0,-0.02527261729895229,-135888.0,223253,0.074679018337843,80101,0.026794103765143414,0.25688073394495414,NEUTRAL
2016-02-09,E-MINI S&P 500 STOCK INDEX - CHICAGO MERCANTILE EXCHANGE,13874A,3067305,404283,366329,1161957,969362,349098,728691,2563.0,-57198.0,-379593,-0.12375456630494848,59761.0,0.023211097864422922,-113543.0,192595,0.06278964758965933,37954,0.012373728729291674,0.5454545454545454,NEUTRAL
2016-02-16,E-MINI S&P 500 STOCK INDEX - CHICAGO MERCANTILE EXCHANGE,13874A,3102033,400327,383592,1149008,949591,375629,762342,26531.0,33651.0,-386713,-0.12466437333194069,-7120.0,-0.0009098070269922126,18281.0,199417,0.06428590540461691,16735,0.005394849119915874,0.5405405405405406,NEUTRAL
2016-02-23,E-MINI S&P 500 STOCK INDEX - CHICAGO MERCANTILE EXCHANGE,13874A,3092895,387070,382900,1164749,915350,361877,736813,-13752.0,-25529.0,-374936,-0.12122493650770556,11777.0,0.0034394368242351286,-22115.0,249399,0.08063610306848439,4170,0.0013482513955371909,0.5803571428571429,NEUTRAL
2016-03-01,E-MINI S&P 500 STOCK INDEX - CHICAGO MERCANTILE EXCHANGE,13874A,3149871,410804,403846,1126246,888063,372546,744497,10669.0,7684.0,-371951,-0.11808451838186389,2985.0,0.0031404181258416763,67403.0,238183,0.07561674747949995,6958,0.002208979351852822,0.6194690265486725,NEUTRAL
2016-03-08,E-MINI S&P 500 STOCK INDEX - CHICAGO MERCANTILE EXCHANGE,13874A,3271582,447342,388862,1136009,944938,388984,800675,16438.0,56178.0,-411691,-0.1258385087092422,-39740.0,-0.007753990327378321,-32098.0,191071,0.058403243446137065,58480,0.017875144196294025,0.5175438596491229,NEUTRAL
2016-03-15,E-MINI S&P 500 STOCK INDEX - CHICAGO MERCANTILE EXCHANGE,13874A,3396546,464051,395944,1173409,985615,413724,781769,24740.0,-18906.0,-368045,-0.10835860901044768,43646.0,0.01747989969879453,18668.0,187794,0.05528969723948977,68107,0.02005184089954913,0.7130434782608696,NEUTRAL
2016-03-22,E-MINI S&P 500 STOCK INDEX - CHICAGO MERCANTILE EXCHANGE,13874A,2820719,538277,264253,1211745,910591,357231,710786,-56493.0,-70983.0,-353555,-0.12534215567023868,14490.0,-0.016983546659791002,21381.0,301154,0.10676497729834131,274024,0.09714686220073676,0.5172413793103449,NEUTRAL
2016-03-29,E-MINI S&P 500 STOCK INDEX - CHICAGO MERCANTILE EXCHANGE,13874A,2849125,556538,262331,1197153,936396,366032,723559,8801.0,12773.0,-357527,-0.1254865967621638,-3972.0,-0.00014444109192512933,14424.0,260757,0.09152178300355372,294207,0.10326222963190453,0.5128205128205128,NEUTRAL
2016-04-05,E-MINI S&P 500 STOCK INDEX - CHICAGO MERCANTILE EXCHANGE,13874A,2867791,543267,278475,1171061,922523,409021,722785,42989.0,-774.0,-313764,-0.10940964665835132,43763.0,0.016076950103812493,97927.0,248538,0.08666531138426754,264792,0.09233308842938694,0.6779661016949152,NEUTRAL
2016-04-12,E-MINI S&P 500 STOCK INDEX - CHICAGO MERCANTILE EXCHANGE,13874A,2857883,494077,280365,1202755,916272,389679,702494,-19342.0,-20291.0,-312815,-0.1094568951913007,949.0,-4.724853294937881e-05,55230.0,286483,0.10024308202960024,213712,0.07477982828548264,0.6722689075630253,NEUTRAL
2016-04-19,E-MINI S&P 500 STOCK INDEX - CHICAGO MERCANTILE EXCHANGE,13874A,2874380,446187,317748,1273535,855722,426314,721470,36635.0,18976.0,-295156,-0.10268510078695231,17659.0,0.006771794404348386,58399.0,417813,0.14535760755362895,128439,0.044684070999659056,0.775,NEUTRAL
2016-04-26,E-MINI S&P 500 STOCK INDEX - CHICAGO MERCANTILE EXCHANGE,13874A,2868896,393852,318371,1292982,887658,460023,682587,33709.0,-38883.0,-222564,-0.07757827401202413,72592.0,0.025106826774928176,134963.0,405324,0.14128222145382754,75481,0.026310120687539736,0.9090909090909091,EXTREME_LONG
2016-05-03,E-MINI S&P 500 STOCK INDEX - CHICAGO MERCANTILE EXCHANGE,13874A,2811993,390403,278289,1241490,887336,438428,663438,-21595.0,-19149.0,-225010,-0.08001798013010701,-2446.0,-0.0024397061180828766,88754.0,354154,0.12594412574995742,112114,0.0398699427772402,0.9016393442622951,EXTREME_LONG
2016-05-10,E-MINI S&P 500 STOCK INDEX - CHICAGO MERCANTILE EXCHANGE,13874A,2865334,386270,290726,1252219,855650,439320,698000,892.0,34562.0,-258680,-0.09027917862280628,-33670.0,-0.01026119849269927,54135.0,396569,0.13840236426189756,95544,0.033344803782037274,0.8617886178861789,EXTREME_LONG
2016-05-17,E-MINI S&P 500 STOCK INDEX - CHICAGO MERCANTILE EXCHANGE,13874A,2850259,383615,287632,1277085,872375,408081,725844,-31239.0,27844.0,-317763,-0.11148565797003009,-59083.0,-0.021206479347223806,-22607.0,404710,0.1419906050643117,95983,0.03367518530772116,0.6451612903225806,NEUTRAL
2016-05-24,E-MINI S&P 500 STOCK INDEX - CHICAGO MERCANTILE EXCHANGE,13874A,2973946,369025,314827,1335003,893579,492436,816047,84355.0,90203.0,-323611,-0.10881535844968268,-5848.0,0.002670299520347405,-101047.0,441424,0.1484304018970082,54198,0.018224271725175913,0.68,NEUTRAL
2016-05-31,E-MINI S&P 500 STOCK INDEX - CHICAGO MERCANTILE EXCHANGE,13874A,2989845,412253,317427,1322372,884614,485000,830759,-7436.0,14712.0,-345759,-0.11564445648520241,-22148.0,-0.006829098035519732,-120749.0,437758,0.14641494793208343,94826,0.031716025412688614,0.626984126984127,NEUTRAL
2016-06-07,E-MINI S&P 500 STOCK INDEX - CHICAGO MERCANTILE EXCHANGE,13874A,3123389,445207,319926,1347883,889739,472240,911975,-12760.0,81216.0,-439735,-0.14078777891578667,-93976.0,-0.02514332243058426,-181055.0,458144,0.14668169734861716,125281,0.040110597815385785,0.30708661417322836,NEUTRAL
2016-06-14,E-MINI S&P 500 STOCK INDEX - CHICAGO MERCANTILE EXCHANGE,13874A,3341912,378776,322007,1281929,902563,486913,792889,14673.0,-119086.0,-305976,-0.09155716847122246,133759.0,0.04923061044456421,11787.0,379366,0.11351765097345472,56769,0.01698698230234668,0.859375,EXTREME_LONG
2016-06-21,E-MINI S&P 500 STOCK INDEX - CHICAGO MERCANTILE EXCHANGE,13874A,2781212,296327,192236,1319980,998668,352995,707445,-133918.0,-85444.0,-354450,-0.1274444378925447,-48474.0,-0.03588726942132224,-30839.0,321312,0.11552948858267546,104091,0.037426488883263845,0.4573643410852713,NEUTRAL
2016-06-28,E-MINI S&P 500 STOCK INDEX - CHICAGO MERCANTILE EXCHANGE,13874A,2950885,426185,149569,1242141,1041762,356011,769161,3016.0,61716.0,-413150,-0.14000884480418585,-58700.0,-0.012564406911641152,-67391.0,200379,0.06790471333176318,276616,0.09374001358914359,0.3230769230769231,NEUTRAL
2016-07-05,E-MINI S&P 500 STOCK INDEX - CHICAGO MERCANTILE EXCHANGE,13874A,3003946,420311,182905,1314906,1004936,348891,807178,-7120.0,38017.0,-458287,-0.15256166389142814,-45137.0,-0.01255281908724229,-18552.0,309970,0.10318760723395161,237406,0.07903138072388785,0.19083969465648856,EXTREME_SHORT
2016-07-12,E-MINI S&P 500 STOCK INDEX - CHICAGO MERCANTILE EXCHANGE,13874A,2969096,333074,232294,1330373,987290,392771,751800,43880.0,-55378.0,-359029,-0.1209219910706828,99258.0,0.03163967282074534,-53053.0,343083,0.11555133279624505,100780,0.0339429914020968,0.5606060606060606,NEUTRAL
2016-07-19,E-MINI S&P 500 STOCK INDEX - CHICAGO MERCANTILE EXCHANGE,13874A,2966710,288325,291891,1403669,966047,414857,732760,22086.0,-19040.0,-317903,-0.10715674939579534,41126.0,0.013765241674887463,36547.0,437622,0.1475108790545756,-3566,-0.0012020049145349562,0.7218045112781954,NEUTRAL
2016-07-26,E-MINI S&P 500 STOCK INDEX - CHICAGO MERCANTILE EXCHANGE,13874A,2963940,287153,279043,1393874,953881,428160,742061,13303.0,9301.0,-313901,-0.10590666477728969,4002.0,0.001250084618505648,99249.0,439993,0.14844868654561158,8110,0.0027362227305545994,0.7238805970149254,NEUTRAL
2016-08-02,E-MINI S&P 500 STOCK INDEX - CHICAGO MERCANTILE EXCHANGE,13874A,2943229,305332,252077,1341125,927441,438032,766646,9872.0,24585.0,-328614,-0.11165084334246503,-14713.0,-0.00574417856517534,129673.0,413684,0.1405544726557125,53255,0.01809407287030673,0.6370370370370371,NEUTRAL
2016-08-09,E-MINI S&P 500 STOCK INDEX - CHICAGO MERCANTILE EXCHANGE,13874A,2920958,284625,266393,1378558,907496,409893,739353,-28139.0,-27293.0,-329460,-0.11279176215474512,-846.0,-0.001140918812280095,29569.0,471062,0.16126969302537045,18232,0.00624178779701728,0.6323529411764706,NEUTRAL
2016-08-16,E-MINI S&P 500 STOCK INDEX - CHICAGO MERCANTILE EXCHANGE,13874A,2942915,277267,280494,1386641,922266,424662,715790,14769.0,-23563.0,-291128,-0.09892504540566072,38332.0,0.013866716749084407,26775.0,464375,0.15779422783192854,-3227,-0.0010965318400293586,0.7956204379562044,NEUTRAL
2016-08-23,E-MINI S&P 500 STOCK INDEX - CHICAGO MERCANTILE EXCHANGE,13874A,3004043,277805,308229,1394123,894491,469402,726478,44740.0,10688.0,-257076,-0.0855766711728161,34052.0,0.013348374232844615,56825.0,499632,0.16631985627369514,-30424,-0.010127684590400338,0.8985507246376812,EXTREME_LONG
2016-08-30,E-MINI S&P 500 STOCK INDEX - CHICAGO MERCANTILE EXCHANGE,13874A,3052142,277390,311806,1390232,888075,473662,709629,4260.0,-16849.0,-235967,-0.07731193371736964,21109.0,0.008264737455446466,92647.0,502157,0.16452609347795744,-34416,-0.011276015336114768,0.920863309352518,EXTREME_LONG
2016-09-06,E-MINI S&P 500 STOCK INDEX - CHICAGO MERCANTILE EXCHANGE,13874A,3151038,290751,310286,1399994,888269,462461,724466,-11201.0,14837.0,-262005,-0.0831487909698328,-26038.0,-0.005836857252463162,67455.0,511725,0.16239886665917708,-19535,-0.006199544404097951,0.8928571428571429,EXTREME_LONG
2016-09-13,E-MINI S&P 500 STOCK INDEX - CHICAGO MERCANTILE EXCHANGE,13874A,3514714,304218,318736,1326529,934677,445245,716685,-17216.0,-7781.0,-271440,-0.07722961242365667,-9435.0,0.005919178546176129,19688.0,391852,0.11148901446888708,-14518,-0.00413063481125349,0.9219858156028369,EXTREME_LONG
2016-09-20,E-MINI S&P 500 STOCK INDEX - CHICAGO MERCANTILE EXCHANGE,13874A,2898741,362042,366600,1390389,942128,342841,715881,-102404.0,-804.0,-373040,-0.12869035212183497,-101600.0,-0.0514607396981783,-115964.0,448261,0.1546398936641804,-4558,-0.001572406779356969,0.4154929577464789,NEUTRAL
2016-09-27,E-MINI S&P 500 STOCK INDEX - CHICAGO MERCANTILE EXCHANGE,13874A,2887362,365329,336801,1391298,918950,340017,759911,-2824.0,44030.0,-419894,-0.14542478566941036,-46854.0,-0.016734433547575395,-183927.0,472348,0.16359154134465995,28528,0.009880299041131663,0.21678321678321677,NEUTRAL
2016-10-04,E-MINI S&P 500 STOCK INDEX - CHICAGO MERCANTILE EXCHANGE,13874A,2925178,380408,322905,1337470,915808,365715,799891,25698.0,39980.0,-434176,-0.1484272068229694,-14282.0,-0.0030024211535590317,-172171.0,421662,0.14414917656293053,57503,0.01965794902053824,0.1875,EXTREME_SHORT
2016-10-11,E-MINI S&P 500 STOCK INDEX - CHICAGO MERCANTILE EXCHANGE,13874A,2944782,385666,313270,1320081,938514,348414,802573,-17301.0,2682.0,-454159,-0.15422499865864434,-19983.0,-0.0057977918356749425,-182719.0,381567,0.1295739379010059,72396,0.024584502350258865,0.16551724137931034,EXTREME_SHORT
2016-10-18,E-MINI S&P 500 STOCK INDEX - CHICAGO MERCANTILE EXCHANGE,13874A,2946199,370723,348497,1339697,982502,357307,744399,8893.0,-58174.0,-387092,-0.13138691581933196,67067.0,0.02283808283931238,-14052.0,357195,0.12123926455748577,22226,0.007543957485560208,0.4041095890410959,NEUTRAL
2016-10-25,E-MINI S&P 500 STOCK INDEX - CHICAGO MERCANTILE EXCHANGE,13874A,3000750,400636,337622,1363112,993238,385641,784393,28334.0,39994.0,-398752,-0.132884112305257,-11660.0,-0.0014971964859250564,21142.0,369874,0.1232605182037824,63014,0.02099941681246355,0.38095238095238093,NEUTRAL
2016-11-01,E-MINI S&P 500 STOCK INDEX - CHICAGO MERCANTILE EXCHANGE,13874A,2986724,370191,349416,1264332,998857,405631,705497,19990.0,-78896.0,-299866,-0.10039963518557456,98886.0,0.032484477119682456,134310.0,265475,0.08888501247520694,20775,0.00695578165240578,0.7635135135135135,NEUTRAL
2016-11-08,E-MINI S&P 500 STOCK INDEX - CHICAGO MERCANTILE EXCHANGE,13874A,2930959,318605,345469,1241028,1006885,443107,641456,37476.0,-64041.0,-198349,-0.06767375456292633,101517.0,0.032725880622648224,255810.0,234143,0.07988613965599656,-26864,-0.009165600747059239,0.959731543624161,EXTREME_LONG
2016-11-15,E-MINI S&P 500 STOCK INDEX - CHICAGO MERCANTILE EXCHANGE,13874A,2913769,298273,330225,1263626,976993,425277,656414,-17830.0,14958.0,-231137,-0.07932578045823124,-32788.0,-0.01165202589530491,155955.0,286633,0.09837190250840064,-31952,-0.010965865859647763,0.9,EXTREME_LONG
2016-11-22,E-MINI S&P 500 STOCK INDEX - CHICAGO MERCANTILE EXCHANGE,13874A,3036641,332188,329710,1286784,994573,433704,689959,8427.0,33545.0,-256255,-0.08438765069693784,-25118.0,-0.005061870238706592,142497.0,292211,0.09622836548673354,2478,0.0008160332419933736,0.8741721854304636,EXTREME_LONG
2016-11-29,E-MINI S&P 500 STOCK INDEX - CHICAGO MERCANTILE EXCHANGE,13874A,3081271,338513,339916,1340206,1001802,425907,726701,-7797.0,36742.0,-300794,-0.09762010546946374,-44539.0,-0.013232454772525909,-928.0,338404,0.10982610747318233,-1403,-0.00045533158232430706,0.7763157894736842,NEUTRAL
2016-12-06,E-MINI S&P 500 STOCK INDEX - CHICAGO MERCANTILE EXCHANGE,13874A,3051926,369322,348658,1251300,997382,413482,664019,-12425.0,-62682.0,-250537,-0.08209143996283003,50257.0,0.015528665506633718,-52188.0,253918,0.0831992649887317,20664,0.006770806369486023,0.8823529411764706,EXTREME_LONG
2016-12-13,E-MINI S&P 500 STOCK INDEX - CHICAGO MERCANTILE EXCHANGE,13874A,3389480,389537,374619,1301283,967475,437870,753534,24388.0,89515.0,-315664,-0.09313050969470243,-65127.0,-0.011039069731872408,-84527.0,333808,0.0984835431983667,14918,0.00440126509081039,0.8181818181818182,EXTREME_LONG
2016-12-20,E-MINI S&P 500 STOCK INDEX - CHICAGO MERCANTILE EXCHANGE,13874A,2757555,307730,394917,1385255,953663,336605,560455,-101265.0,-193079.0,-223850,-0.0811769846838957,91814.0,0.011953525010806737,32405.0,431592,0.15651256275940098,-87187,-0.03161750173613944,0.8903225806451613,EXTREME_LONG
2016-12-27,E-MINI S&P 500 STOCK INDEX - CHICAGO MERCANTILE EXCHANGE,13874A,2754179,300113,386652,1357263,968995,361717,533532,25112.0,-26923.0,-171815,-0.0623833817627685,52035.0,0.018793602921127195,128979.0,388268,0.14097413421567734,-86539,-0.03142097881074542,0.9743589743589743,EXTREME_LONG
2017-01-03,E-MINI S&P 500 STOCK INDEX - CHICAGO MERCANTILE EXCHANGE,13874A,2812086,256067,435649,1371345,964200,414006,514564,52289.0,-18968.0,-100558,-0.035759219312638375,71257.0,0.026624162450130127,149979.0,407145,0.1447839788683561,-179582,-0.06386077808431179,0.9871794871794872,EXTREME_LONG
2017-01-10,E-MINI S&P 500 STOCK INDEX - CHICAGO MERCANTILE EXCHANGE,13874A,2831782,264268,431439,1410174,938655,392660,584724,-21346.0,70160.0,-192064,-0.06782442998790161,-91506.0,-0.03206521067526324,123600.0,471519,0.16650963951321113,-167171,-0.05903385218212419,0.9423076923076923,EXTREME_LONG
2017-01-17,E-MINI S&P 500 STOCK INDEX - CHICAGO MERCANTILE EXCHANGE,13874A,2810749,267095,412480,1412352,891138,360222,626621,-32438.0,41897.0,-266399,-0.09477865152669271,-74335.0,-0.026954221538791096,-42549.0,521214,0.18543598165471195,-145385,-0.05172464706026757,0.782051282051282,NEUTRAL
2017-01-24,E-MINI S&P 500 STOCK INDEX - CHICAGO MERCANTILE EXCHANGE,13874A,2869436,274383,468874,1400327,850553,386501,645891,26279.0,19270.0,-259390,-0.0903975554778012,7009.0,0.004381096048891503,-87575.0,549774,0.1915965367410181,-194491,-0.06778021883046007,0.8141025641025641,EXTREME_LONG
2017-01-31,E-MINI S&P 500 STOCK INDEX - CHICAGO MERCANTILE EXCHANGE,13874A,2839486,257535,478374,1409346,837355,392578,608843,6077.0,-37048.0,-216265,-0.07616343239586319,43125.0,0.014234123081938013,-115707.0,571991,0.20144173980783847,-220839,-0.07777428731819773,0.9038461538461539,EXTREME_LONG
2017-02-07,E-MINI S&P 500 STOCK INDEX - CHICAGO MERCANTILE EXCHANGE,13874A,2890204,275607,478389,1420077,850569,387751,627626,-4827.0,18783.0,-239875,-0.08299587157169529,-23610.0,-0.006832439175832095,-47811.0,569508,0.19704768244732898,-202782,-0.07016182940719755,0.8461538461538461,EXTREME_LONG
2017-02-14,E-MINI S&P 500 STOCK INDEX - CHICAGO MERCANTILE EXCHANGE,13874A,3018235,277125,522478,1432733,833535,403451,619395,15700.0,-8231.0,-215944,-0.07154645016044145,23931.0,0.011449421411253838,50455.0,599198,0.19852595970824008,-245353,-0.08129022425357867,0.9102564102564102,EXTREME_LONG
2017-02-21,E-MINI S&P 500 STOCK INDEX - CHICAGO MERCANTILE EXCHANGE,13874A,3056454,260358,555511,1455129,797186,433815,600641,30364.0,-18754.0,-166826,-0.0545815510392108,49118.0,0.01696489912123065,92564.0,657943,0.21526350470185385,-295153,-0.09656713302408608,0.967948717948718,EXTREME_LONG
2017-02-28,E-MINI S&P 500 STOCK INDEX - CHICAGO MERCANTILE EXCHANGE,13874A,3117551,247210,576014,1448346,782750,455377,637972,21562.0,37331.0,-182595,-0.058570012166601286,-15769.0,-0.003988461127390486,33670.0,665596,0.2134996348095027,-328804,-0.10546868359170387,0.9615384615384616,EXTREME_LONG
2017-03-07,E-MINI S&P 500 STOCK INDEX - CHICAGO MERCANTILE EXCHANGE,13874A,3231427,229044,624196,1411848,778633,500019,577725,44642.0,-60247.0,-77706,-0.024046961296046606,104889.0,0.03452305087055468,162169.0,633215,0.19595522349723513,-395152,-0.12228405592947017,0.9871794871794872,EXTREME_LONG
2017-03-14,E-MINI S&P 500 STOCK INDEX - CHICAGO MERCANTILE EXCHANGE,13874A,3542383,243258,641318,1471927,787365,495446,612138,-4573.0,34413.0,-116692,-0.03294166666901913,-38986.0,-0.008894705372972527,99252.0,684562,0.19324900780068108,-398060,-0.11237068380240081,0.9807692307692307,EXTREME_LONG
2017-03-21,E-MINI S&P 500 STOCK INDEX - CHICAGO MERCANTILE EXCHANGE,13874A,2867968,230627,480480,1481447,857543,365220,622153,-130226.0,10015.0,-256933,-0.08958712231098813,-140241.0,-0.056645455641968996,-90107.0,623904,0.21754217620280283,-249853,-0.08711847551995001,0.7756410256410257,NEUTRAL
2017-03-28,E-MINI S&P 500 STOCK INDEX - CHICAGO MERCANTILE EXCHANGE,13874A,2884815,222952,509972,1485396,838911,393863,619748,28643.0,-2405.0,-225885,-0.07830138154439713,31048.0,0.011285740766591001,-43290.0,646485,0.22409929232897083,-287020,-0.09949338172465132,0.8461538461538461,EXTREME_LONG
2017-04-04,E-MINI S&P 500 STOCK INDEX - CHICAGO MERCANTILE EXCHANGE,13874A,2853269,232082,522382,1464489,809083,384436,577060,-9427.0,-42688.0,-192624,-0.06750993334312327,33261.0,0.010791448201273854,-114918.0,655406,0.22970354354952163,-290300,-0.10174294817628482,0.9230769230769231,EXTREME_LONG
2017-04-11,E-MINI S&P 500 STOCK INDEX - CHICAGO MERCANTILE EXCHANGE,13874A,2886007,203034,508257,1460750,796732,409968,592727,25532.0,15667.0,-182759,-0.06332590322892495,9865.0,0.004184030114198323,-66067.0,664018,0.2300819090182387,-305223,-0.10575961873966348,0.9358974358974359,EXTREME_LONG
2017-04-18,E-MINI S&P 500 STOCK INDEX - CHICAGO MERCANTILE EXCHANGE,13874A,2916029,202872,535788,1446459,786704,419900,617317,9932.0,24590.0,-197417,-0.06770062986342043,-14658.0,-0.004374726634495479,59516.0,659755,0.22625117925781946,-332916,-0.11416758886828629,0.9038461538461539,EXTREME_LONG
2017-04-25,E-MINI S&P 500 STOCK INDEX - CHICAGO MERCANTILE EXCHANGE,13874A,2955256,206314,582267,1447409,706998,464726,667832,44826.0,50515.0,-203106,-0.06872704090610086,-5689.0,-0.0010264110426804335,22779.0,740411,0.2505403931165354,-375953,-0.12721503653152214,0.8782051282051282,EXTREME_LONG
2017-05-02,E-MINI S&P 500 STOCK INDEX - CHICAGO MERCANTILE EXCHANGE,13874A,2958197,227200,582279,1473758,711758,441613,651460,-23113.0,-16372.0,-209847,-0.07093746630126391,-6741.0,-0.002210425395163043,-17223.0,762000,0.2575893356662859,-355079,-0.12003223585177052,0.8589743589743589,EXTREME_LONG
2017-05-09,E-MINI S&P 500 STOCK INDEX - CHICAGO MERCANTILE EXCHANGE,13874A,3038006,238624,555069,1399337,756305,472038,666610,30425.0,15150.0,-194572,-0.06404595645959883,15275.0,0.006891509841665075,-11813.0,643032,0.21166251811220912,-316445,-0.10416207209597347,0.9294871794871795,EXTREME_LONG
2017-05-16,E-MINI S&P 500 STOCK INDEX - CHICAGO MERCANTILE EXCHANGE,13874A,3065532,274042,543518,1401366,778204,449085,672123,-22953.0,5513.0,-223038,-0.07275670258865345,-28466.0,-0.00871074612905462,-25621.0,623162,0.20328021367906124,-269476,-0.08790513359508235,0.8397435897435898,EXTREME_LONG
2017-05-23,E-MINI S&P 500 STOCK INDEX - CHICAGO MERCANTILE EXCHANGE,13874A,3069954,261014,509755,1372854,751970,490975,682968,41890.0,10845.0,-191993,-0.06253937355413143,31045.0,0.010217329034522021,11113.0,620884,0.20224537566360928,-248741,-0.08102434108133216,0.9358974358974359,EXTREME_LONG
2017-05-30,E-MINI S&P 500 STOCK INDEX - CHICAGO MERCANTILE EXCHANGE,13874A,3086131,252728,509826,1393947,760441,516066,699518,25091.0,16550.0,-183452,-0.05944400934373816,8541.0,0.0030953642103932685,26395.0,633506,0.20527514872181382,-257098,-0.08330754592076617,0.9423076923076923,EXTREME_LONG
2017-06-06,E-MINI S&P 500 STOCK INDEX - CHICAGO MERCANTILE EXCHANGE,13874A,3142563,261483,515102,1352671,739556,523106,704706,7040.0,5188.0,-181600,-0.05778722654088399,1852.0,0.0016567828028541745,12972.0,613115,0.19510030506946083,-253619,-0.08070450775370294,0.9487179487179487,EXTREME_LONG
2017-06-13,E-MINI S&P 500 STOCK INDEX - CHICAGO MERCANTILE EXCHANGE,13874A,3472466,254257,521210,1361475,736480,515602,693695,-7504.0,-11011.0,-178093,-0.05128718322943983,3507.0,0.006500043311444159,44945.0,624995,0.17998592354827952,-266953,-0.0768770666149071,0.9551282051282052,EXTREME_LONG
2017-06-20,E-MINI S&P 500 STOCK INDEX - CHICAGO MERCANTILE EXCHANGE,13874A,2824898,173963,531558,1484894,755200,316255,590150,-199347.0,-103545.0,-273895,-0.09695748306664524,-95802.0,-0.045670299837205414,-81902.0,729694,0.2583080875840473,-357595,-0.12658687145518174,0.6089743589743589,NEUTRAL
2017-06-27,E-MINI S&P 500 STOCK INDEX - CHICAGO MERCANTILE EXCHANGE,13874A,2876159,186955,531171,1439924,775516,353695,580645,37440.0,-9505.0,-226950,-0.07890732049236499,46945.0,0.018050162574280257,-43498.0,664408,0.23100530951174814,-344216,-0.11967905807710909,0.7692307692307693,NEUTRAL
2017-07-03,E-MINI S&P 500 STOCK INDEX - CHICAGO MERCANTILE EXCHANGE,13874A,2852197,190490,557327,1423247,799946,357279,488693,3584.0,-91952.0,-131414,-0.046074657535927564,95536.0,0.03283266295643742,50186.0,623301,0.21853364266213027,-366837,-0.1286155900170991,0.9551282051282052,EXTREME_LONG
2017-07-11,E-MINI S&P 500 STOCK INDEX - CHICAGO MERCANTILE EXCHANGE,13874A,2844657,165837,585049,1443361,754396,363768,487101,6489.0,-1592.0,-123333,-0.04335601796631369,8081.0,0.002718639569613872,54760.0,688965,0.24219615932606287,-419212,-0.14736820643051166,0.9615384615384616,EXTREME_LONG
2017-07-18,E-MINI S&P 500 STOCK INDEX - CHICAGO MERCANTILE EXCHANGE,13874A,2914099,203921,604262,1468513,750761,395984,540516,32216.0,53415.0,-144532,-0.0495974913686872,-21199.0,-0.006241473402373507,129363.0,717752,0.24630323129035767,-400341,-0.13738071355846182,0.9423076923076923,EXTREME_LONG
2017-07-25,E-MINI S&P 500 STOCK INDEX - CHICAGO MERCANTILE EXCHANGE,13874A,2995537,212264,642659,1537747,774285,409122,566693,13138.0,26177.0,-157571,-0.05260192079082982,-13039.0,-0.0030044294221426224,69379.0,763462,0.25486648971453196,-430395,-0.14367874608125356,0.9294871794871795,EXTREME_LONG
2017-08-01,E-MINI S&P 500 STOCK INDEX - CHICAGO MERCANTILE EXCHANGE,13874A,3059594,239927,598268,1577820,774525,390480,631687,-18642.0,64994.0,-241207,-0.07883627697008165,-83636.0,-0.02623435617925183,-109793.0,803295,0.2625495408867974,-358341,-0.11712044147033887,0.7435897435897436,NEUTRAL
2017-08-08,E-MINI S&P 500 STOCK INDEX - CHICAGO MERCANTILE EXCHANGE,13874A,3113437,239126,606188,1625284,777211,374860,647671,-15620.0,15984.0,-272811,-0.08762374186469808,-31604.0,-0.008787464894616431,-149478.0,848073,0.2723912512120849,-367062,-0.11789607433842407,0.6602564102564102,NEUTRAL
2017-08-15,E-MINI S&P 500 STOCK INDEX - CHICAGO MERCANTILE EXCHANGE,13874A,3165620,229139,662671,1587658,773027,425515,579829,50655.0,-67842.0,-154314,-0.04874684895849786,118497.0,0.03887689290620022,-9782.0,814631,0.25733695137129536,-433532,-0.13695010771981475,0.9423076923076923,EXTREME_LONG
2017-08-22,E-MINI S&P 500 STOCK INDEX - CHICAGO MERCANTILE EXCHANGE,13874A,3230474,212283,700131,1553045,773984,482024,593115,56509.0,13286.0,-111091,-0.03438845197330175,43223.0,0.014358396985196108,46480.0,779061,0.2411599659987977,-487848,-0.1510143712656409,0.9743589743589743,EXTREME_LONG
2017-08-29,E-MINI S&P 500 STOCK INDEX - CHICAGO MERCANTILE EXCHANGE,13874A,3301271,233553,737354,1569763,792775,510901,583587,28877.0,-9528.0,-72686,-0.022017580501570457,38405.0,0.012370871471731295,168521.0,776988,0.23536025973026753,-503801,-0.15260819242043444,0.9871794871794872,EXTREME_LONG
2017-09-05,E-MINI S&P 500 STOCK INDEX - CHICAGO MERCANTILE EXCHANGE,13874A,3327423,256774,706752,1546095,773377,466714,588868,-44187.0,5281.0,-122154,-0.036711292793251714,-49468.0,-0.014693712291681257,150657.0,772718,0.23222716198090834,-449978,-0.1352331819549243,0.9551282051282052,EXTREME_LONG
2017-09-12,E-MINI S&P 500 STOCK INDEX - CHICAGO MERCANTILE EXCHANGE,13874A,3693118,239622,690649,1620238,775357,470110,615328,3396.0,26460.0,-145218,-0.03932124562497055,-23064.0,-0.0026099528317188384,9096.0,844881,0.22877173163706116,-451027,-0.12212634418938144,0.9423076923076923,EXTREME_LONG
2017-09-19,E-MINI S&P 500 STOCK INDEX - CHICAGO MERCANTILE EXCHANGE,13874A,3090538,170067,668155,1768637,760177,346040,640438,-124070.0,25110.0,-294398,-0.09525784830990591,-149180.0,-0.05593660268493536,-183307.0,1008460,0.32630564646026033,-498088,-0.1611654669834184,0.5641025641025641,NEUTRAL
2017-09-26,E-MINI S&P 500 STOCK INDEX - CHICAGO MERCANTILE EXCHANGE,13874A,3060234,183203,635877,1704353,761279,349817,633947,3777.0,-6491.0,-284130,-0.0928458412003788,10268.0,0.0024120071095271173,-211444.0,943074,0.3081705516636963,-452674,-0.14792136810453058,0.5897435897435898,NEUTRAL
2017-10-03,E-MINI S&P 500 STOCK INDEX - CHICAGO MERCANTILE EXCHANGE,13874A,3013291,188565,615605,1610282,763320,379126,592765,29309.0,-41182.0,-213639,-0.07089889426543936,70491.0,0.02194694693493944,-91485.0,846962,0.28107540891337746,-427040,-0.14171880512038168,0.7692307692307693,NEUTRAL
2017-10-10,E-MINI S&P 500 STOCK INDEX - CHICAGO MERCANTILE EXCHANGE,13874A,3069650,205773,681347,1607874,756069,403234,591641,24108.0,-1124.0,-188407,-0.06137735572459401,25232.0,0.009521538540845344,-43189.0,851805,0.2774925480103595,-475574,-0.1549277604938674,0.8653846153846154,EXTREME_LONG
2017-10-17,E-MINI S&P 500 STOCK INDEX - CHICAGO MERCANTILE EXCHANGE,13874A,3081534,210043,667928,1597042,765315,392709,578161,-10525.0,-13480.0,-185452,-0.06018171469144913,2955.0,0.00119564103314488,108946.0,831727,0.26990680615563545,-457885,-0.1485899555221523,0.8653846153846154,EXTREME_LONG
2017-10-24,E-MINI S&P 500 STOCK INDEX - CHICAGO MERCANTILE EXCHANGE,13874A,3162041,245158,729984,1584279,755568,417701,581529,24992.0,3368.0,-163828,-0.051810839897395385,21624.0,0.008370874794053747,120302.0,828711,0.262081041959924,-484826,-0.15332691764591289,0.8974358974358975,EXTREME_LONG
2017-10-31,E-MINI S&P 500 STOCK INDEX - CHICAGO MERCANTILE EXCHANGE,13874A,3187695,253738,769281,1554545,747066,440191,560608,22490.0,-20921.0,-120417,-0.03777557137680989,43411.0,0.014035268520585495,93222.0,807479,0.2533112484099012,-515543,-0.16172908637746083,0.9487179487179487,EXTREME_LONG
2017-11-07,E-MINI S&P 500 STOCK INDEX - CHICAGO MERCANTILE EXCHANGE,13874A,3244403,267297,720631,1529460,752444,484670,640153,44479.0,79545.0,-155483,-0.047923454638650005,-35066.0,-0.010147883261840115,32924.0,777016,0.23949429217023901,-453334,-0.139728017758583,0.9102564102564102,EXTREME_LONG
2017-11-14,E-MINI S&P 500 STOCK INDEX - CHICAGO MERCANTILE EXCHANGE,13874A,3263629,246510,740777,1513847,732469,501755,619259,17085.0,-20894.0,-117504,-0.036004092376921516,37979.0,0.011919362261728489,67948.0,781378,0.23941998309244097,-494267,-0.151447054796976,0.9551282051282052,EXTREME_LONG
2017-11-21,E-MINI S&P 500 STOCK INDEX - CHICAGO MERCANTILE EXCHANGE,13874A,3329620,264582,708957,1493678,731192,521968,630188,20213.0,10929.0,-108220,-0.03250220745910945,9284.0,0.003501884917812066,55608.0,762486,0.2290009070104096,-444375,-0.13346117574978525,0.9743589743589743,EXTREME_LONG
2017-11-28,E-MINI S&P 500 STOCK INDEX - CHICAGO MERCANTILE EXCHANGE,13874A,3387929,262310,699608,1504354,734082,538959,656701,16991.0,26513.0,-117742,-0.03475338473740152,-9522.0,-0.00225117727829207,2675.0,770272,0.22735777520721362,-437298,-0.12907531415209705,0.9551282051282052,EXTREME_LONG
2017-12-05,E-MINI S&P 500 STOCK INDEX - CHICAGO MERCANTILE EXCHANGE,13874A,3513444,296004,740926,1436275,714966,575487,644130,36528.0,-12571.0,-68643,-0.0195372403829405,49099.0,0.01521614435446102,86840.0,721309,0.20529970023714622,-444922,-0.12663415156182936,0.9871794871794872,EXTREME_LONG
2017-12-12,E-MINI S&P 500 STOCK INDEX - CHICAGO MERCANTILE EXCHANGE,13874A,3830224,287484,785655,1457650,724654,484531,644318,-90956.0,188.0,-159787,-0.04171740347300837,-91144.0,-0.02218016309006787,-42283.0,732996,0.19137157513503128,-498171,-0.13006315035360858,0.9102564102564102,EXTREME_LONG
2017-12-19,E-MINI S&P 500 STOCK INDEX - CHICAGO MERCANTILE EXCHANGE,13874A,2988232,187624,758456,1541503,737614,402466,556510,-82065.0,-87808.0,-154044,-0.05155021430732286,5743.0,-0.00983281083431449,-45824.0,803889,0.269018268996517,-570832,-0.1910266672734915,0.8653846153846154,EXTREME_LONG
2017-12-26,E-MINI S&P 500 STOCK INDEX - CHICAGO MERCANTILE EXCHANGE,13874A,3061310,221187,824975,1539279,746682,420751,570387,18285.0,13877.0,-149636,-0.048879727959598995,4408.0,0.0026704863477238633,-31894.0,792597,0.2589077878424596,-603788,-0.19723190398881524,0.8782051282051282,EXTREME_LONG
2018-01-02,E-MINI S&P 500 STOCK INDEX - CHICAGO MERCANTILE EXCHANGE,13874A,3051095,208927,881416,1587828,734283,348963,501994,-71788.0,-68393.0,-153031,-0.05015609150157566,-3395.0,-0.0012763635419766675,-84388.0,853545,0.2797503846979527,-672489,-0.22040906625326318,0.8717948717948718,EXTREME_LONG
2018-01-09,E-MINI S&P 500 STOCK INDEX - CHICAGO MERCANTILE EXCHANGE,13874A,3241341,215602,929902,1722242,734827,357685,613902,8722.0,111908.0,-256217,-0.07904660447635717,-103186.0,-0.028890512974781506,-96430.0,987415,0.30463163240152763,-714300,-0.22037175354274666,0.6538461538461539,NEUTRAL
2018-01-16,E-MINI S&P 500 STOCK INDEX - CHICAGO MERCANTILE EXCHANGE,13874A,3322427,207250,970531,1736878,740830,426192,610683,68507.0,-3219.0,-184491,-0.0555289852869604,71726.0,0.023517619189396766,-30447.0,996048,0.2997953002428646,-763281,-0.22973597313048563,0.8333333333333334,EXTREME_LONG
2018-01-23,E-MINI S&P 500 STOCK INDEX - CHICAGO MERCANTILE EXCHANGE,13874A,3417469,229548,1028566,1778863,725020,480173,604182,53981.0,-6501.0,-124009,-0.03628679587144756,60482.0,0.019242189415512846,25627.0,1053843,0.3083694394886976,-799018,-0.2338040228016699,0.9358974358974359,EXTREME_LONG
2018-01-30,E-MINI S&P 500 STOCK INDEX - CHICAGO MERCANTILE EXCHANGE,13874A,3395965,212367,1100636,1684703,694580,509045,536961,28872.0,-67221.0,-27916,-0.008220343849244619,96093.0,0.02806645202220294,125115.0,990123,0.29155865858452606,-888269,-0.26156600553892634,0.9935897435897436,EXTREME_LONG
2018-02-06,E-MINI S&P 500 STOCK INDEX - CHICAGO MERCANTILE EXCHANGE,13874A,3428810,262178,1128287,1609828,720194,557318,487639,48273.0,-49322.0,69679,0.020321627620078102,97595.0,0.02854197146932272,325896.0,889634,0.2594585293439998,-866109,-0.25259754842058907,0.9935897435897436,EXTREME_LONG
2018-02-13,E-MINI S&P 500 STOCK INDEX - CHICAGO MERCANTILE EXCHANGE,13874A,3341713,279821,1060986,1498752,722235,470038,489119,-87280.0,1480.0,-19081,-0.005709945767335496,-88760.0,-0.026031573387413597,165410.0,776517,0.2323709426871787,-781165,-0.23376184609510153,0.9871794871794872,EXTREME_LONG
2018-02-20,E-MINI S&P 500 STOCK INDEX - CHICAGO MERCANTILE EXCHANGE,13874A,3327297,319887,1053378,1567355,696574,418900,535965,-51138.0,46846.0,-117065,-0.03518321328093044,-97984.0,-0.029473267513594942,6944.0,870781,0.26170822742905125,-733491,-0.2204465065787635,0.9294871794871795,EXTREME_LONG
2018-02-27,E-MINI S&P 500 STOCK INDEX - CHICAGO MERCANTILE EXCHANGE,13874A,3331246,305463,1076172,1585511,677675,412143,539154,-6757.0,3189.0,-127011,-0.03812717523713349,-9946.0,-0.002943961956203056,-99095.0,907836,0.2725214529338272,-770709,-0.2313575761141627,0.8910256410256411,EXTREME_LONG
2018-03-06,E-MINI S&P 500 STOCK INDEX - CHICAGO MERCANTILE EXCHANGE,13874A,3320841,313298,1052884,1493745,692141,444490,497652,32347.0,-41502.0,-53162,-0.01600859541302941,73849.0,0.022118579824104083,-122841.0,801604,0.24138584171901034,-739586,-0.22271045196081354,0.9743589743589743,EXTREME_LONG
2018-03-13,E-MINI S&P 500 STOCK INDEX - CHICAGO MERCANTILE EXCHANGE,13874A,3763469,328777,1026964,1506889,674349,460328,544039,15838.0,46387.0,-83711,-0.02224304225702404,-30549.0,-0.006234446843994629,-64630.0,832540,0.2212161173640596,-698187,-0.1855168728638392,0.9551282051282052,EXTREME_LONG
2018-03-20,E-MINI S&P 500 STOCK INDEX - CHICAGO MERCANTILE EXCHANGE,13874A,2757489,145689,792152,1405269,658049,333829,444749,-126499.0,-99290.0,-110920,-0.040225001804177644,-27209.0,-0.017981959547153606,6145.0,747220,0.27097841550773183,-646463,-0.23443901317466725,0.8653846153846154,EXTREME_LONG
2018-03-27,E-MINI S&P 500 STOCK INDEX - CHICAGO MERCANTILE EXCHANGE,13874A,2974542,180526,890947,1255548,682507,423760,403739,89931.0,-41010.0,20021,0.006730784100543882,130941.0,0.04695578590472153,147032.0,573041,0.192648481682222,-710421,-0.23883374314432274,0.9871794871794872,EXTREME_LONG
2018-04-03,E-MINI S&P 500 STOCK INDEX - CHICAGO MERCANTILE EXCHANGE,13874A,3052445,196977,870585,1234369,735246,418351,422436,-5409.0,18697.0,-4085,-0.0013382714512464597,-24106.0,-0.008069055551790341,49077.0,499123,0.16351580454357081,-673608,-0.22067817765758269,0.9807692307692307,EXTREME_LONG
2018-04-10,E-MINI S&P 500 STOCK INDEX - CHICAGO MERCANTILE EXCHANGE,13874A,3030240,192038,907318,1214577,654356,396803,433942,-21548.0,11506.0,-37139,-0.01225612492739849,-33054.0,-0.01091785347615203,46572.0,560221,0.1848767754369291,-715280,-0.2360473097840435,0.9615384615384616,EXTREME_LONG
2018-04-17,E-MINI S&P 500 STOCK INDEX - CHICAGO MERCANTILE EXCHANGE,13874A,3007691,168543,947460,1303859,666036,369858,429620,-26945.0,-4322.0,-59762,-0.0198697273090886,-22623.0,-0.007613602381690109,51158.0,637823,0.21206400524521968,-778917,-0.258975074234687,0.9423076923076923,EXTREME_LONG
2018-04-24,E-MINI S&P 500 STOCK INDEX - CHICAGO MERCANTILE EXCHANGE,13874A,3040799,163531,1024112,1283288,666882,425049,443465,55191.0,13845.0,-18416,-0.006056302965108841,41346.0,0.013813424343979757,-38437.0,616406,0.20271185303599482,-860581,-0.28301147165596935,0.967948717948718,EXTREME_LONG
2018-05-01,E-MINI S&P 500 STOCK INDEX - CHICAGO MERCANTILE EXCHANGE,13874A,2994612,160111,1011908,1233427,725442,448920,365350,23871.0,-78115.0,83570,0.027906787256579482,101986.0,0.03396309022168832,87655.0,507985,0.1696329941909002,-851797,-0.2844431933085154,0.9935897435897436,EXTREME_LONG
2018-05-08,E-MINI S&P 500 STOCK INDEX - CHICAGO MERCANTILE EXCHANGE,13874A,2989404,176446,953299,1222784,715674,396094,400886,-52826.0,35536.0,-4792,-0.0016029951120691615,-88362.0,-0.029509782368648645,32347.0,507110,0.1696358203842639,-776853,-0.25986885680222543,0.967948717948718,EXTREME_LONG
2018-05-15,E-MINI S&P 500 STOCK INDEX - CHICAGO MERCANTILE EXCHANGE,13874A,3055622,171491,928399,1235608,735250,401481,421080,5387.0,20194.0,-19599,-0.0064140787047612564,-14807.0,-0.004811083592692095,40163.0,500358,0.1637499664552749,-756908,-0.24770995888889397,0.9487179487179487,EXTREME_LONG
2018-05-22,E-MINI S&P 500 STOCK INDEX - CHICAGO MERCANTILE EXCHANGE,13874A,3128400,190587,896223,1264657,832685,406479,427893,4998.0,6813.0,-21414,-0.006845032604526275,-1815.0,-0.000430953899765019,-2998.0,431972,0.13808080808080808,-705636,-0.22555811277330265,0.9423076923076923,EXTREME_LONG
2018-05-29,E-MINI S&P 500 STOCK INDEX - CHICAGO MERCANTILE EXCHANGE,13874A,3209503,212641,862294,1242910,857380,405636,471071,-843.0,43178.0,-65435,-0.02038789183247375,-44021.0,-0.013542859227947476,-149005.0,385530,0.12012140197407511,-649653,-0.2024154518627962,0.9038461538461539,EXTREME_LONG
2018-06-05,E-MINI S&P 500 STOCK INDEX - CHICAGO MERCANTILE EXCHANGE,13874A,3242617,197310,860912,1269321,855048,360139,445781,-45497.0,-25290.0,-85642,-0.026411383151324994,-20207.0,-0.006023491318851243,-80850.0,414273,0.12775884416815184,-663602,-0.20465013290191225,0.8782051282051282,EXTREME_LONG
2018-06-12,E-MINI S&P 500 STOCK INDEX - CHICAGO MERCANTILE EXCHANGE,13874A,3411142,166647,904216,1351669,852426,371663,469107,11524.0,23326.0,-97444,-0.02856638627181161,-11802.0,-0.0021550031204866163,-77845.0,499243,0.14635655742270476,-737569,-0.21622348175479061,0.8717948717948718,EXTREME_LONG
2018-06-19,E-MINI S&P 500 STOCK INDEX - CHICAGO MERCANTILE EXCHANGE,13874A,2679161,104211,587533,1449532,835902,314219,412618,-57444.0,-56489.0,-98399,-0.036727542689670385,-955.0,-0.008161156417858775,-76985.0,613630,0.22903812051608693,-483322,-0.18040050597929724,0.8076923076923077,EXTREME_LONG
2018-06-26,E-MINI S&P 500 STOCK INDEX - CHICAGO MERCANTILE EXCHANGE,13874A,2687018,115652,539489,1368518,866717,335956,429691,21737.0,17073.0,-93735,-0.034884396010745,4664.0,0.001843146678925385,-28300.0,501801,0.18675014458407052,-423837,-0.15773508030091352,0.8397435897435898,EXTREME_LONG
2018-07-03,E-MINI S&P 500 STOCK INDEX - CHICAGO MERCANTILE EXCHANGE,13874A,2677808,127526,546782,1353492,874842,306650,398174,-29306.0,-31517.0,-91524,-0.03417870138561092,2211.0,0.0007056946251340832,-5882.0,478650,0.17874694526269247,-419256,-0.15656686364369662,0.8525641025641025,EXTREME_LONG
2018-07-10,E-MINI S&P 500 STOCK INDEX - CHICAGO MERCANTILE EXCHANGE,13874A,2720946,129262,525465,1385362,855232,310066,434216,3416.0,36042.0,-124150,-0.04562751337218747,-32626.0,-0.011448811986576553,-26706.0,530130,0.19483297353199952,-396203,-0.1456122245718952,0.75,NEUTRAL
2018-07-17,E-MINI S&P 500 STOCK INDEX - CHICAGO MERCANTILE EXCHANGE,13874A,2777242,162110,512462,1383818,855920,321909,472027,11843.0,37811.0,-150118,-0.05405290572445613,-25968.0,-0.008425392352268662,-51719.0,527898,0.19007994261933242,-350352,-0.12615105201491264,0.6794871794871795,NEUTRAL
2018-07-24,E-MINI S&P 500 STOCK INDEX - CHICAGO MERCANTILE EXCHANGE,13874A,2779106,183506,538163,1367045,852329,337301,488085,15392.0,16058.0,-150784,-0.054256296809117754,-666.0,-0.00020339108466162215,-57049.0,514716,0.1852092003687517,-354657,-0.12761549937281988,0.6730769230769231,NEUTRAL
2018-07-31,E-MINI S&P 500 STOCK INDEX - CHICAGO MERCANTILE EXCHANGE,13874A,2762632,173958,556686,1343110,861946,333057,427497,-4244.0,-60588.0,-94440,-0.03418479189410678,56344.0,0.020071504915010974,-2916.0,481164,0.17416869130597198,-382728,-0.13853745269004342,0.8461538461538461,EXTREME_LONG
2018-08-07,E-MINI S&P 500 STOCK INDEX - CHICAGO MERCANTILE EXCHANGE,13874A,2830470,192084,553619,1373200,860077,339650,482248,6593.0,54751.0,-142598,-0.05037961893254477,-48158.0,-0.01619482703843799,-18448.0,513123,0.1812854402272414,-361535,-0.12772967033743512,0.6987179487179487,NEUTRAL
2018-08-14,E-MINI S&P 500 STOCK INDEX - CHICAGO MERCANTILE EXCHANGE,13874A,2819606,193120,555971,1340748,860389,344881,471792,5231.0,-10456.0,-126911,-0.045010189366883176,15687.0,0.005369429565661596,23207.0,480359,0.1703638735341037,-362851,-0.12868854726511433,0.7435897435897436,NEUTRAL
2018-08-21,E-MINI S&P 500 STOCK INDEX - CHICAGO MERCANTILE EXCHANGE,13874A,2828985,207470,527857,1356441,861797,340436,506464,-4445.0,34672.0,-166028,-0.0586881867524925,-39117.0,-0.013677997385609326,-15244.0,494644,0.17484857643289023,-320387,-0.11325157256047663,0.6217948717948718,NEUTRAL
2018-08-28,E-MINI S&P 500 STOCK INDEX - CHICAGO MERCANTILE EXCHANGE,13874A,2876521,185637,589891,1401508,816791,347694,519404,7258.0,12940.0,-171710,-0.05969363686202882,-5682.0,-0.0010054501095363155,-77270.0,584717,0.20327228620962615,-404254,-0.1405357374411659,0.6089743589743589,NEUTRAL
2018-09-04,E-MINI S&P 500 STOCK INDEX - CHICAGO MERCANTILE EXCHANGE,13874A,2893316,209049,640511,1409846,774585,295334,523408,-52360.0,4004.0,-228074,-0.07882789159566393,-56364.0,-0.019134254733635114,-85476.0,635261,0.21956156880202507,-431462,-0.14912370442772238,0.46794871794871795,NEUTRAL
2018-09-11,E-MINI S&P 500 STOCK INDEX - CHICAGO MERCANTILE EXCHANGE,13874A,2918387,216435,684755,1400952,745039,291099,513146,-4235.0,-10262.0,-222047,-0.07608552258490735,6027.0,0.0027423690107565846,-95136.0,655913,0.22475189205544022,-468320,-0.1604722060508082,0.5,NEUTRAL
2018-09-18,E-MINI S&P 500 STOCK INDEX - CHICAGO MERCANTILE EXCHANGE,13874A,3299237,214677,710525,1469812,749218,243478,478012,-47621.0,-35134.0,-234534,-0.07108734534681807,-12487.0,0.004998177238089277,-68506.0,720594,0.21841231775710565,-495848,-0.150291718964112,0.5128205128205128,NEUTRAL
2018-09-25,E-MINI S&P 500 STOCK INDEX - CHICAGO MERCANTILE EXCHANGE,13874A,2732088,160453,717559,1539119,732786,184271,431992,-59207.0,-46020.0,-247721,-0.09067094471334745,-13187.0,-0.019583599366529383,-76011.0,806333,0.295134344135328,-557106,-0.20391217266793749,0.3525641025641026,NEUTRAL
2018-10-02,E-MINI S&P 500 STOCK INDEX - CHICAGO MERCANTILE EXCHANGE,13874A,2783452,168381,731908,1535399,732025,198578,416117,14307.0,-15875.0,-217539,-0.07815439245943526,30182.0,0.012516552253912197,10535.0,803374,0.28862505981780895,-563527,-0.2024561587553872,0.46153846153846156,NEUTRAL
2018-10-09,E-MINI S&P 500 STOCK INDEX - CHICAGO MERCANTILE EXCHANGE,13874A,2840595,205746,738694,1450785,732574,224310,391052,25732.0,-25065.0,-166742,-0.058699673835939305,50797.0,0.019454718623495952,55305.0,718211,0.2528382257942438,-532948,-0.1876184390946263,0.6153846153846154,NEUTRAL
2018-10-16,E-MINI S&P 500 STOCK INDEX - CHICAGO MERCANTILE EXCHANGE,13874A,2875182,250651,739109,1306676,788562,304332,328781,80022.0,-62271.0,-24449,-0.008503461693903203,142293.0,0.0501962121420361,210085.0,518114,0.18020215763732522,-488458,-0.16988768015381286,0.9294871794871795,EXTREME_LONG
2018-10-23,E-MINI S&P 500 STOCK INDEX - CHICAGO MERCANTILE EXCHANGE,13874A,2919850,301279,722639,1233952,793784,338497,400755,34165.0,71974.0,-62258,-0.02132232820179119,-37809.0,-0.012818866507887987,185463.0,440168,0.1507502097710499,-421360,-0.14430878298542735,0.8910256410256411,EXTREME_LONG
2018-10-30,E-MINI S&P 500 STOCK INDEX - CHICAGO MERCANTILE EXCHANGE,13874A,2988190,305666,711526,1161987,802768,381923,410941,43426.0,10186.0,-29018,-0.009710895224199264,33240.0,0.011611432977591925,188521.0,359219,0.1202129048019035,-405860,-0.13582135004802237,0.9230769230769231,EXTREME_LONG
2018-11-06,E-MINI S&P 500 STOCK INDEX - CHICAGO MERCANTILE EXCHANGE,13874A,2940426,283076,647654,1209996,804548,298629,406855,-83294.0,-4086.0,-108226,-0.036806231478023935,-79208.0,-0.02709533625382467,58516.0,405448,0.13788750337536126,-364578,-0.1239881568180937,0.7628205128205128,NEUTRAL
2018-11-13,E-MINI S&P 500 STOCK INDEX - CHICAGO MERCANTILE EXCHANGE,13874A,2967052,289082,692722,1251085,775397,285460,418415,-13169.0,11560.0,-132955,-0.044810471808380846,-24729.0,-0.008004240330356911,-108506.0,475688,0.1603234456288599,-403640,-0.1360407569533665,0.717948717948718,NEUTRAL
2018-11-20,E-MINI S&P 500 STOCK INDEX - CHICAGO MERCANTILE EXCHANGE,13874A,3049639,312210,784329,1227153,785100,302245,378121,16785.0,-40294.0,-75876,-0.024880321900395425,57079.0,0.01993014990798542,-13618.0,442053,0.14495256651688937,-472119,-0.15481143833745567,0.8589743589743589,EXTREME_LONG
2018-11-27,E-MINI S&P 500 STOCK INDEX - CHICAGO MERCANTILE EXCHANGE,13874A,3037661,311759,748550,1215873,769887,328074,376861,25829.0,-1260.0,-48787,-0.01606071250215215,27089.0,0.008819609398243274,-19769.0,445986,0.14681888466158666,-436791,-0.14379188461121897,0.9038461538461539,EXTREME_LONG
2018-12-04,E-MINI S&P 500 STOCK INDEX - CHICAGO MERCANTILE EXCHANGE,13874A,3072144,321787,729399,1213418,729758,305182,417175,-22892.0,40314.0,-111993,-0.036454345890036405,-63206.0,-0.020393633387884254,-3767.0,483660,0.1574340265300064,-407612,-0.13267997854267247,0.7628205128205128,NEUTRAL
2018-12-11,E-MINI S&P 500 STOCK INDEX - CHICAGO MERCANTILE EXCHANGE,13874A,3135184,344265,765417,1165132,785622,359637,376565,54455.0,-40610.0,-16928,-0.005399364120255781,95065.0,0.031054981769780624,116027.0,379510,0.12104871675793191,-421152,-0.13433087180848077,0.9615384615384616,EXTREME_LONG
2018-12-18,E-MINI S&P 500 STOCK INDEX - CHICAGO MERCANTILE EXCHANGE,13874A,3220465,323907,847353,1161761,787759,404687,356910,45050.0,-19655.0,47777,0.014835435255467766,64705.0,0.020234799375723547,123653.0,374002,0.11613291869341849,-523446,-0.16253739754973273,0.9807692307692307,EXTREME_LONG
2018-12-24,E-MINI S&P 500 STOCK INDEX - CHICAGO MERCANTILE EXCHANGE,13874A,2808490,190718,951184,1275156,738849,436477,287420,31790.0,-69490.0,149057,0.053073715768971935,101280.0,0.03823828051350417,197844.0,536307,0.19095919871532388,-760466,-0.27077397462693475,0.9935897435897436,EXTREME_LONG
2018-12-31,E-MINI S&P 500 STOCK INDEX - CHICAGO MERCANTILE EXCHANGE,13874A,2694884,183177,889633,1307877,678486,296016,285201,-140461.0,-2219.0,10815,0.004013159750104272,-138242.0,-0.04906055601886766,122808.0,629391,0.23355031236966045,-706456,-0.26214709056122637,0.9615384615384616,EXTREME_LONG
2019-01-08,E-MINI S&P 500 STOCK INDEX - CHICAGO MERCANTILE EXCHANGE,13874A,2628458,158947,825575,1317591,648060,236322,292549,-59694.0,7348.0,-56227,-0.021391629617060648,-67042.0,-0.02540478936716492,-39299.0,669531,0.2547238723236209,-666628,-0.2536194224902966,0.8461538461538461,EXTREME_LONG
2019-01-15,E-MINI S&P 500 STOCK INDEX - CHICAGO MERCANTILE EXCHANGE,13874A,2655210,194051,758701,1309964,648491,219550,333977,-16772.0,41428.0,-114427,-0.04309527306691373,-58200.0,-0.02170364344985308,-162204.0,661473,0.2491226682635272,-564650,-0.21265737926567013,0.6730769230769231,NEUTRAL
2019-01-22,E-MINI S&P 500 STOCK INDEX - CHICAGO MERCANTILE EXCHANGE,13874A,2676983,208806,724527,1284827,626521,248348,390817,28798.0,56840.0,-142469,-0.053219986828455766,-28042.0,-0.010124713761542038,-291526.0,658306,0.24591340326031208,-515721,-0.1926500840685204,0.5705128205128205,NEUTRAL
2019-01-29,E-MINI S&P 500 STOCK INDEX - CHICAGO MERCANTILE EXCHANGE,13874A,2694025,217106,752287,1249671,605099,282534,386884,34186.0,-3933.0,-104350,-0.03873386475626618,38119.0,0.014486122072189585,-115165.0,644572,0.2392598435426546,-535181,-0.19865480090199608,0.6923076923076923,NEUTRAL
2019-02-05,E-MINI S&P 500 STOCK INDEX - CHICAGO MERCANTILE EXCHANGE,13874A,2653040,231557,598044,1227930,618568,237804,423181,-44730.0,36297.0,-185377,-0.06987342821819498,-81027.0,-0.031139563461928796,-129150.0,609362,0.2296844374754998,-366487,-0.1381385128004101,0.4230769230769231,NEUTRAL
2019-02-12,E-MINI S&P 500 STOCK INDEX - CHICAGO MERCANTILE EXCHANGE,13874A,2645788,244025,570328,1223186,652067,207255,385705,-30549.0,-37476.0,-178450,-0.0674468249156773,6927.0,0.002426603302517677,-64023.0,571119,0.21585969850947997,-326303,-0.12332923121580414,0.4551282051282051,NEUTRAL
2019-02-19,E-MINI S&P 500 STOCK INDEX - CHICAGO MERCANTILE EXCHANGE,13874A,2628240,251247,544878,1220037,663302,202578,398879,-4677.0,13174.0,-196301,-0.07468914558792196,-17851.0,-0.007242320672244659,-53832.0,556735,0.21182806745198307,-293631,-0.11172153228015706,0.3782051282051282,NEUTRAL
2019-02-26,E-MINI S&P 500 STOCK INDEX - CHICAGO MERCANTILE EXCHANGE,13874A,2699419,227032,585757,1271900,622046,205879,424348,3301.0,25469.0,-218469,-0.08093185978167895,-22168.0,-0.006242714193756993,-114119.0,649854,0.24073847001891888,-358725,-0.1328897070073227,0.28846153846153844,NEUTRAL
2019-03-05,E-MINI S&P 500 STOCK INDEX - CHICAGO MERCANTILE EXCHANGE,13874A,2623571,249320,524131,1267188,609774,231651,423779,25772.0,-569.0,-192128,-0.07323148487309854,26341.0,0.007700374908580415,-6751.0,657414,0.25057983946308293,-274811,-0.10474692699378062,0.3782051282051282,NEUTRAL
2019-03-12,E-MINI S&P 500 STOCK INDEX - CHICAGO MERCANTILE EXCHANGE,13874A,2879657,232926,549265,1280253,609343,215864,388143,-15787.0,-35636.0,-172279,-0.059826222359121245,19849.0,0.013405262513977292,6171.0,670910,0.2329826086926325,-316339,-0.10985301374434525,0.4935897435897436,NEUTRAL
2019-03-19,E-MINI S&P 500 STOCK INDEX - CHICAGO MERCANTILE EXCHANGE,13874A,2498540,225422,593294,1377648,626463,196647,399911,-19217.0,11768.0,-203264,-0.08135311021636636,-30985.0,-0.021526887857245117,-6963.0,751185,0.30064957935434294,-367872,-0.14723478511450688,0.26282051282051283,NEUTRAL
2019-03-26,E-MINI S&P 500 STOCK INDEX - CHICAGO MERCANTILE EXCHANGE,13874A,2504206,234958,619412,1344827,595376,220875,363443,24228.0,-36468.0,-142568,-0.056931418581378686,60696.0,0.024421691634987676,75901.0,749451,0.29927689654924555,-384454,-0.15352331237925315,0.532051282051282,NEUTRAL
2019-04-02,E-MINI S&P 500 STOCK INDEX - CHICAGO MERCANTILE EXCHANGE,13874A,2527763,258123,619386,1360005,599532,213888,391808,-6987.0,28365.0,-177920,-0.07038634555533885,-35352.0,-0.013454926973960162,14208.0,760473,0.300848220343442,-361263,-0.1429180662902337,0.3974358974358974,NEUTRAL
2019-04-09,E-MINI S&P 500 STOCK INDEX - CHICAGO MERCANTILE EXCHANGE,13874A,2558637,282494,645589,1360015,579678,223731,412101,9843.0,20293.0,-188370,-0.07362122880267892,-10450.0,-0.003234883247340073,-16091.0,780337,0.30498151945742985,-363095,-0.14190954011843024,0.3525641025641026,NEUTRAL
2019-04-16,E-MINI S&P 500 STOCK INDEX - CHICAGO MERCANTILE EXCHANGE,13874A,2621649,274545,677146,1398971,578645,237792,425806,14061.0,13705.0,-188014,-0.07171593146145804,356.0,0.0019052973412208851,15250.0,820326,0.3129045879139427,-402601,-0.15356784985327937,0.36538461538461536,NEUTRAL
2019-04-23,E-MINI S&P 500 STOCK INDEX - CHICAGO MERCANTILE EXCHANGE,13874A,2682940,278574,692020,1396624,599768,277345,410109,39553.0,-15697.0,-132764,-0.04948452071235287,55250.0,0.022231410749105167,9804.0,796856,0.2970085055946089,-413446,-0.154101843500041,0.6089743589743589,NEUTRAL
2019-04-30,E-MINI S&P 500 STOCK INDEX - CHICAGO MERCANTILE EXCHANGE,13874A,2638914,258069,706919,1396753,607834,261788,347531,-15557.0,-62578.0,-85743,-0.03249177502563554,47021.0,0.016992745686717325,92177.0,788919,0.2989559341456372,-448850,-0.1700889077855512,0.8012820512820513,EXTREME_LONG
2019-05-07,E-MINI S&P 500 STOCK INDEX - CHICAGO MERCANTILE EXCHANGE,13874A,2642843,269057,670080,1363097,606365,267684,332686,5896.0,-14845.0,-65002,-0.024595482970422383,20741.0,0.00789629205521316,123368.0,756732,0.28633255929315515,-401023,-0.15173924444244324,0.8205128205128205,EXTREME_LONG
2019-05-14,E-MINI S&P 500 STOCK INDEX - CHICAGO MERCANTILE EXCHANGE,13874A,2660327,264305,636211,1328718,619585,260831,372226,-6853.0,39540.0,-111395,-0.04187267204369989,-46393.0,-0.017277189073277507,76619.0,709133,0.2665585847153376,-371906,-0.13979710013092375,0.6538461538461539,NEUTRAL
2019-05-21,E-MINI S&P 500 STOCK INDEX - CHICAGO MERCANTILE EXCHANGE,13874A,2653510,254614,594027,1325889,629536,250653,374269,-10178.0,2043.0,-123616,-0.046585842902419815,-12221.0,-0.004713170858719924,9148.0,696353,0.2624271248271158,-339413,-0.12791095567757424,0.6089743589743589,NEUTRAL
2019-05-28,E-MINI S&P 500 STOCK INDEX - CHICAGO MERCANTILE EXCHANGE,13874A,2695841,250867,601784,1327864,643359,275724,375607,25071.0,1338.0,-99883,-0.037050775620669024,23733.0,0.00953506728175079,-14140.0,684505,0.2539114881033414,-350917,-0.13016976891441298,0.6923076923076923,NEUTRAL
2019-06-04,E-MINI S&P 500 STOCK INDEX - CHICAGO MERCANTILE EXCHANGE,13874A,2714128,218625,582704,1349709,649626,309488,378037,33764.0,2430.0,-68549,-0.02525636226441789,31334.0,0.011794413356251133,-3547.0,700083,0.25794030347868635,-364079,-0.13414216278672192,0.8076923076923077,EXTREME_LONG
2019-06-11,E-MINI S&P 500 STOCK INDEX - CHICAGO MERCANTILE EXCHANGE,13874A,2730040,226972,579688,1422136,634425,225209,415710,-84279.0,37673.0,-190501,-0.06977956366939679,-121952.0,-0.044523201404978896,-79106.0,787711,0.2885346002256377,-352716,-0.1291981069874434,0.358974358974359,NEUTRAL
2019-06-18,E-MINI S&P 500 STOCK INDEX - CHICAGO MERCANTILE EXCHANGE,13874A,3066008,245736,560659,1426852,638227,211185,432061,-14024.0,16351.0,-220876,-0.0720402556027251,-30375.0,-0.0022606919333283126,-97260.0,788625,0.2572155715184044,-314923,-0.1027143438634211,0.3076923076923077,NEUTRAL
2019-06-25,E-MINI S&P 500 STOCK INDEX - CHICAGO MERCANTILE EXCHANGE,13874A,2467541,181589,560508,1504974,594310,154791,402835,-56394.0,-29226.0,-248044,-0.10052274713976384,-27168.0,-0.02848249153703873,-148161.0,910664,0.3690572922597841,-378919,-0.15356137952722973,0.07692307692307693,EXTREME_SHORT
2019-07-02,E-MINI S&P 500 STOCK INDEX - CHICAGO MERCANTILE EXCHANGE,13874A,2545506,199410,569817,1502007,601101,181371,430659,26580.0,27824.0,-249288,-0.09793259179118022,-1244.0,0.002590155348583617,-180739.0,900906,0.3539202028987557,-370407,-0.14551409425080908,0.08974358974358974,EXTREME_SHORT
2019-07-09,E-MINI S&P 500 STOCK INDEX - CHICAGO MERCANTILE EXCHANGE,13874A,2566398,197833,557961,1526024,618702,165988,439264,-15383.0,8605.0,-273276,-0.10648231490205338,-23988.0,-0.008549723110873167,-82775.0,907322,0.35353908474055856,-360128,-0.1403242988811556,0.057692307692307696,EXTREME_SHORT
2019-07-16,E-MINI S&P 500 STOCK INDEX - CHICAGO MERCANTILE EXCHANGE,13874A,2641285,199583,610754,1569319,611584,175453,446425,9465.0,7161.0,-270972,-0.10259097371165929,2304.0,0.003891341190394096,-50096.0,957735,0.36260191535559394,-411171,-0.15567081931711269,0.0641025641025641,EXTREME_SHORT
2019-07-23,E-MINI S&P 500 STOCK INDEX - CHICAGO MERCANTILE EXCHANGE,13874A,2639816,207442,614157,1522933,627966,188862,402643,13409.0,-43782.0,-213781,-0.08098329580546523,57191.0,0.021607677906194056,34263.0,894967,0.3390262806195583,-406715,-0.15406945029502056,0.1987179487179487,EXTREME_SHORT
2019-07-30,E-MINI S&P 500 STOCK INDEX - CHICAGO MERCANTILE EXCHANGE,13874A,2641389,217744,602765,1514444,621668,183033,402720,-5829.0,77.0,-219687,-0.08317101343270529,-5906.0,-0.0021877176272400572,29601.0,892776,0.337994895867288,-385021,-0.1457645958243939,0.16025641025641027,EXTREME_SHORT
2019-08-06,E-MINI S&P 500 STOCK INDEX - CHICAGO MERCANTILE EXCHANGE,13874A,2602448,217959,529620,1456252,682183,176295,348678,-6738.0,-54042.0,-172383,-0.06623878748009566,47304.0,0.016932225952609625,100893.0,774069,0.29743879608737617,-311661,-0.11975685969517931,0.3974358974358974,NEUTRAL
2019-08-13,E-MINI S&P 500 STOCK INDEX - CHICAGO MERCANTILE EXCHANGE,13874A,2555212,232037,491152,1418872,673362,125150,376611,-51145.0,27933.0,-251461,-0.09841101247176359,-79078.0,-0.03217222499166793,19511.0,745510,0.29176052711086203,-259115,-0.1014064586421792,0.0641025641025641,EXTREME_SHORT
2019-08-20,E-MINI S&P 500 STOCK INDEX - CHICAGO MERCANTILE EXCHANGE,13874A,2576472,247978,497549,1396839,740261,132157,341015,7007.0,-35596.0,-208858,-0.08106356288754545,42603.0,0.017347449584218147,4923.0,656578,0.25483607040945916,-249571,-0.09686540354407112,0.1858974358974359,EXTREME_SHORT
2019-08-27,E-MINI S&P 500 STOCK INDEX - CHICAGO MERCANTILE EXCHANGE,13874A,2601022,247757,479411,1413221,711065,134708,373167,2551.0,32152.0,-238459,-0.09167896311526777,-29601.0,-0.010615400227722324,-18772.0,702156,0.2699538873565852,-231654,-0.08906268382197459,0.11538461538461539,EXTREME_SHORT
2019-09-03,E-MINI S&P 500 STOCK INDEX - CHICAGO MERCANTILE EXCHANGE,13874A,2619124,239488,445355,1398710,695156,138775,413838,4067.0,40671.0,-275063,-0.10502099175144056,-36604.0,-0.013342028636172787,-102680.0,703554,0.26862187510022434,-205867,-0.07860147133163607,0.04487179487179487,EXTREME_SHORT
2019-09-10,E-MINI S&P 500 STOCK INDEX - CHICAGO MERCANTILE EXCHANGE,13874A,2733454,265542,509261,1425285,663845,159922,446904,21147.0,33066.0,-286982,-0.10498877976362507,-11919.0,3.22119878154864e-05,-35521.0,761440,0.2785633122049978,-243719,-0.08916155164857356,0.05128205128205128,EXTREME_SHORT
2019-09-17,E-MINI S&P 500 STOCK INDEX - CHICAGO MERCANTILE EXCHANGE,13874A,2967550,281616,539918,1377429,663096,180831,422575,20909.0,-24329.0,-241744,-0.08146248588903304,45238.0,0.023526293874592027,-32886.0,714333,0.2407147310070597,-258302,-0.08704217283617799,0.1794871794871795,EXTREME_SHORT
2019-09-24,E-MINI S&P 500 STOCK INDEX - CHICAGO MERCANTILE EXCHANGE,13874A,2478195,194506,555224,1452385,637864,145953,340491,-34878.0,-82084.0,-194538,-0.07849987591775466,47206.0,0.002962609971278382,43921.0,814521,0.32867510425935004,-360718,-0.14555674593807186,0.24358974358974358,NEUTRAL
2019-10-01,E-MINI S&P 500 STOCK INDEX - CHICAGO MERCANTILE EXCHANGE,13874A,2477294,205440,557940,1418996,652504,146148,311572,195.0,-28919.0,-165424,-0.06677608713378388,29114.0,0.011723788783970776,109639.0,766492,0.30940695775309673,-352500,-0.1422923560949972,0.391025641025641,NEUTRAL
2019-10-08,E-MINI S&P 500 STOCK INDEX - CHICAGO MERCANTILE EXCHANGE,13874A,2491160,228773,584857,1361850,656190,168068,297587,21920.0,-13985.0,-129519,-0.05199144173798552,35905.0,0.014784645395798365,157463.0,705660,0.2832656272579842,-356084,-0.1429390324186323,0.5256410256410257,NEUTRAL
2019-10-15,E-MINI S&P 500 STOCK INDEX - CHICAGO MERCANTILE EXCHANGE,13874A,2527826,242272,575789,1390991,632189,165985,363899,-2083.0,66312.0,-197914,-0.078294154740081,-68395.0,-0.026302713002095482,43830.0,758802,0.3001796800887403,-333517,-0.13193827423248278,0.23717948717948717,NEUTRAL
2019-10-22,E-MINI S&P 500 STOCK INDEX - CHICAGO MERCANTILE EXCHANGE,13874A,2533853,249403,551283,1398083,615143,174099,388379,8114.0,24480.0,-214280,-0.08456686319214256,-16366.0,-0.006272708452061557,-19742.0,782940,0.30899187916583953,-301880,-0.11913871878123948,0.12179487179487179,EXTREME_SHORT
2019-10-29,E-MINI S&P 500 STOCK INDEX - CHICAGO MERCANTILE EXCHANGE,13874A,2626285,267107,609849,1419546,583612,182993,413741,8894.0,25362.0,-230748,-0.08786098995348944,-16468.0,-0.0032941267613468828,-65324.0,835934,0.3182952345232905,-342742,-0.13050449589439075,0.10897435897435898,EXTREME_SHORT
2019-11-05,E-MINI S&P 500 STOCK INDEX - CHICAGO MERCANTILE EXCHANGE,13874A,2677630,267680,621243,1421632,556650,185344,464135,2351.0,50394.0,-278791,-0.10411856753920444,-48043.0,-0.016257577585715,-149272.0,864982,0.3230401511784675,-353563,-0.13204326213853296,0.019230769230769232,EXTREME_SHORT
2019-11-12,E-MINI S&P 500 STOCK INDEX - CHICAGO MERCANTILE EXCHANGE,13874A,2750302,271719,645446,1448889,530818,183592,468230,-1752.0,4095.0,-284638,-0.10349336181990196,-5847.0,0.0006252057193024824,-86724.0,918071,0.3338073418846367,-373727,-0.1358858045407377,0.02564102564102564,EXTREME_SHORT
2019-11-19,E-MINI S&P 500 STOCK INDEX - CHICAGO MERCANTILE EXCHANGE,13874A,2794058,290650,687903,1440339,537669,182996,473723,-596.0,5493.0,-290727,-0.10405188439180575,-6089.0,-0.000558522571903794,-76447.0,902670,0.32306773875130723,-397253,-0.14217779301646566,0.02564102564102564,EXTREME_SHORT
2019-11-26,E-MINI S&P 500 STOCK INDEX - CHICAGO MERCANTILE EXCHANGE,13874A,2887170,311121,738804,1447559,546078,206491,505108,23495.0,31385.0,-298617,-0.10342896331009258,-7890.0,0.0006229210817131764,-67869.0,901481,0.31223689633793644,-427683,-0.14813225407579048,0.038461538461538464,EXTREME_SHORT
2019-12-03,E-MINI S&P 500 STOCK INDEX - CHICAGO MERCANTILE EXCHANGE,13874A,2893602,304660,760619,1423216,577580,213452,441793,6961.0,-63315.0,-228341,-0.07891237288334747,70276.0,0.024516590426745102,50450.0,845636,0.29224337002808265,-455959,-0.15757488417550167,0.20512820512820512,NEUTRAL
2019-12-10,E-MINI S&P 500 STOCK INDEX - CHICAGO MERCANTILE EXCHANGE,13874A,2963845,284277,773847,1428639,537059,219011,450392,5559.0,8599.0,-231381,-0.07806784767759448,-3040.0,0.0008445252057529967,53257.0,891580,0.30081870003323385,-489570,-0.1651807027695443,0.25,NEUTRAL
2019-12-17,E-MINI S&P 500 STOCK INDEX - CHICAGO MERCANTILE EXCHANGE,13874A,3199738,249315,821663,1401876,527852,302347,479155,83336.0,28763.0,-176808,-0.05525702416885382,54573.0,0.022810823508740655,113919.0,874024,0.2731548645545354,-572348,-0.17887339525923684,0.48717948717948717,NEUTRAL
2019-12-24,E-MINI S&P 500 STOCK INDEX - CHICAGO MERCANTILE EXCHANGE,13874A,2716155,248767,896238,1542418,490988,262305,471911,-40042.0,-7244.0,-209606,-0.07717011731657435,-32798.0,-0.021913093147720525,89011.0,1051430,0.38710235608792576,-647471,-0.23837778035495027,0.25,NEUTRAL
2019-12-31,E-MINI S&P 500 STOCK INDEX - CHICAGO MERCANTILE EXCHANGE,13874A,2720284,215961,872769,1518381,490510,293349,482680,31044.0,10769.0,-189331,-0.06959971826471059,20275.0,0.007570399051863755,39010.0,1027871,0.3778542975659894,-656808,-0.24144831936665437,0.3525641025641026,NEUTRAL
2020-01-07,E-MINI S&P 500 STOCK INDEX - CHICAGO MERCANTILE EXCHANGE,13874A,2709583,211413,842691,1517347,485703,306634,496926,13285.0,14246.0,-190292,-0.07022925667897975,-961.0,-0.0006295384142691596,41089.0,1031644,0.3807390288468742,-631278,-0.2329797610923895,0.33974358974358976,NEUTRAL
2020-01-14,E-MINI S&P 500 STOCK INDEX - CHICAGO MERCANTILE EXCHANGE,13874A,2703002,167771,872490,1564147,470129,263419,499376,-43215.0,2450.0,-235957,-0.08729442301559526,-45665.0,-0.017065166336615506,-59149.0,1094018,0.4047418388887615,-704719,-0.26071715818190294,0.1282051282051282,EXTREME_SHORT
2020-01-21,E-MINI S&P 500 STOCK INDEX - CHICAGO MERCANTILE EXCHANGE,13874A,2772927,184098,904477,1581681,480609,277495,535211,14076.0,35835.0,-257716,-0.09294005936687118,-21759.0,-0.0056456363512759206,-48110.0,1101072,0.397079331695353,-720379,-0.2597901062667715,0.08333333333333333,EXTREME_SHORT
2020-01-28,E-MINI S&P 500 STOCK INDEX - CHICAGO MERCANTILE EXCHANGE,13874A,2741743,190418,943378,1539295,488504,274379,503260,-3116.0,-31951.0,-228881,-0.08348010736236036,28835.0,0.009459952004510816,-39550.0,1050791,0.3832565634342825,-752960,-0.27462822007752,0.14102564102564102,EXTREME_SHORT
2020-02-04,E-MINI S&P 500 STOCK INDEX - CHICAGO MERCANTILE EXCHANGE,13874A,2697443,164104,948131,1517375,459615,260162,479644,-14217.0,-23616.0,-219482,-0.08136668689570085,9399.0,0.0021134204666595074,-29190.0,1057760,0.39213432869573145,-784027,-0.2906556320189157,0.16025641025641027,EXTREME_SHORT
2020-02-11,E-MINI S&P 500 STOCK INDEX - CHICAGO MERCANTILE EXCHANGE,13874A,2779131,177530,946960,1544700,442721,264185,547817,4023.0,68173.0,-283632,-0.10205780152141083,-64150.0,-0.02069111462570998,-47675.0,1101979,0.39651927167161244,-769430,-0.2768599249189765,0.05128205128205128,EXTREME_SHORT
2020-02-18,E-MINI S&P 500 STOCK INDEX - CHICAGO MERCANTILE EXCHANGE,13874A,2839347,181626,963824,1562309,438228,273619,515497,9434.0,-32320.0,-241878,-0.08518789707633481,41754.0,0.016869904445076023,15838.0,1124081,0.39589419679947535,-782198,-0.2754851731753815,0.14102564102564102,EXTREME_SHORT
2020-02-25,E-MINI S&P 500 STOCK INDEX - CHICAGO MERCANTILE EXCHANGE,13874A,2843780,198123,939528,1411587,525241,285840,409533,12221.0,-105964.0,-123693,-0.04349598070174205,118185.0,0.04169191637459276,105188.0,886346,0.31167882184979145,-741405,-0.2607110957950334,0.6282051282051282,NEUTRAL
2020-03-03,E-MINI S&P 500 STOCK INDEX - CHICAGO MERCANTILE EXCHANGE,13874A,3065867,188475,879287,1318103,661002,334113,465209,48273.0,55676.0,-131096,-0.042759845746733305,-7403.0,0.0007361349550087451,88386.0,657101,0.21432795356093398,-690812,-0.22532353817044248,0.6474358974358975,NEUTRAL
2020-03-10,E-MINI S&P 500 STOCK INDEX - CHICAGO MERCANTILE EXCHANGE,13874A,3438566,195412,809728,1433750,884310,305518,491967,-28595.0,26758.0,-186449,-0.05422289407851994,-55353.0,-0.011463048331786636,97183.0,549440,0.15978753934052742,-614316,-0.17865470664224564,0.5064102564102564,NEUTRAL
2020-03-17,E-MINI S&P 500 STOCK INDEX - CHICAGO MERCANTILE EXCHANGE,13874A,4554164,162337,960991,1370154,1026196,400187,476113,94669.0,-15854.0,-75926,-0.016671775544315048,110523.0,0.0375511185342049,165952.0,343958,0.07552604605367746,-798654,-0.17536786114861036,0.8717948717948718,EXTREME_LONG
2020-03-24,E-MINI S&P 500 STOCK INDEX - CHICAGO MERCANTILE EXCHANGE,13874A,3320161,351959,774663,1441228,1099884,361870,365316,-38317.0,-110797.0,-3446,-0.0010379014752597841,72480.0,0.015633874069055264,120247.0,341344,0.10280947219125819,-422704,-0.1273143079507289,0.9551282051282052,EXTREME_LONG
2020-03-31,E-MINI S&P 500 STOCK INDEX - CHICAGO MERCANTILE EXCHANGE,13874A,3439568,397718,675098,1529456,1048017,354469,479889,-7401.0,114573.0,-125420,-0.036463881510701346,-121974.0,-0.03542598003544156,5676.0,481439,0.13997077539970135,-277380,-0.08064384829722802,0.7115384615384616,NEUTRAL
2020-04-07,E-MINI S&P 500 STOCK INDEX - CHICAGO MERCANTILE EXCHANGE,13874A,3447518,383390,715087,1486473,1032204,312571,485395,-41898.0,5506.0,-172824,-0.05012997756646956,-47404.0,-0.013666096055768212,13625.0,454269,0.13176696974461047,-331697,-0.09621327575374516,0.5448717948717948,NEUTRAL
2020-04-14,E-MINI S&P 500 STOCK INDEX - CHICAGO MERCANTILE EXCHANGE,13874A,3434258,418224,718069,1508605,924687,287721,569891,-24850.0,84496.0,-282170,-0.08216330863901314,-109346.0,-0.03203333107254358,-206244.0,583918,0.17002741203485586,-299845,-0.08730998078769854,0.16025641025641027,EXTREME_SHORT
2020-04-21,E-MINI S&P 500 STOCK INDEX - CHICAGO MERCANTILE EXCHANGE,13874A,3389559,401714,729038,1507159,943918,294012,535648,6291.0,-34243.0,-241636,-0.07128832983877843,40534.0,0.010874978800234705,-238190.0,563241,0.1661694043384405,-327324,-0.09656831463916102,0.3141025641025641,NEUTRAL
2020-04-28,E-MINI S&P 500 STOCK INDEX - CHICAGO MERCANTILE EXCHANGE,13874A,3327759,417028,702781,1499016,907358,253125,582793,-40887.0,47145.0,-329668,-0.09906606818582715,-88032.0,-0.02777773834704872,-204248.0,591658,0.1777947261204913,-285753,-0.08586949956412109,0.0641025641025641,EXTREME_SHORT
2020-05-05,E-MINI S&P 500 STOCK INDEX - CHICAGO MERCANTILE EXCHANGE,13874A,3245239,440028,615275,1400529,908003,251820,553833,-1305.0,-28960.0,-302013,-0.09306340765657013,27655.0,0.00600266052925702,-129189.0,492526,0.15176879114296357,-175247,-0.05400126154036729,0.09615384615384616,EXTREME_SHORT
2020-05-12,E-MINI S&P 500 STOCK INDEX - CHICAGO MERCANTILE EXCHANGE,13874A,3249482,427354,593592,1414353,893063,232814,562765,-19006.0,8932.0,-329951,-0.10153956846045001,-27938.0,-0.008476160803879876,-47781.0,521290,0.16042249195410221,-166238,-0.05115830769334928,0.057692307692307696,EXTREME_SHORT
2020-05-19,E-MINI S&P 500 STOCK INDEX - CHICAGO MERCANTILE EXCHANGE,13874A,3213651,463955,584375,1374697,893916,229026,589463,-3788.0,26698.0,-360437,-0.11215810304230298,-30486.0,-0.010618534581852968,-118801.0,480781,0.14960585328027218,-120420,-0.03747139935232544,0.0,EXTREME_SHORT
2020-05-26,E-MINI S&P 500 STOCK INDEX - CHICAGO MERCANTILE EXCHANGE,13874A,3202921,459750,591596,1371252,827548,225742,643345,-3284.0,53882.0,-417603,-0.13038192325068274,-57166.0,-0.01822382020837976,-87935.0,543704,0.16975254775250467,-131846,-0.04116429971266853,0.0,EXTREME_SHORT
2020-06-02,E-MINI S&P 500 STOCK INDEX - CHICAGO MERCANTILE EXCHANGE,13874A,3215453,463404,574165,1320597,800737,270802,663270,45060.0,19925.0,-392468,-0.12205682993966946,25135.0,0.008325093311013276,-90455.0,519860,0.16167550886298135,-110761,-0.03444646835142669,0.00641025641025641,EXTREME_SHORT
2020-06-09,E-MINI S&P 500 STOCK INDEX - CHICAGO MERCANTILE EXCHANGE,13874A,3277813,427661,580063,1316286,725957,264043,681847,-6759.0,18577.0,-417804,-0.12746425741797962,-25336.0,-0.005407427478310162,-87853.0,590329,0.18009843758628086,-152402,-0.046495025799214294,0.00641025641025641,EXTREME_SHORT
2020-06-16,E-MINI S&P 500 STOCK INDEX - CHICAGO MERCANTILE EXCHANGE,13874A,3493739,412860,547316,1294196,777280,243226,695761,-20817.0,13914.0,-452535,-0.12952742033677958,-34731.0,-0.00206316291879996,-92098.0,516916,0.14795495599413694,-134456,-0.03848484388788058,0.00641025641025641,EXTREME_SHORT
2020-06-23,E-MINI S&P 500 STOCK INDEX - CHICAGO MERCANTILE EXCHANGE,13874A,2603271,439860,213328,1268366,819360,160539,512239,-82687.0,-183522.0,-351700,-0.13509926550097934,100835.0,-0.005571845164199757,65903.0,449006,0.17247762526452298,226532,0.08701821669737803,0.0,EXTREME_SHORT
2020-06-30,E-MINI S&P 500 STOCK INDEX - CHICAGO MERCANTILE EXCHANGE,13874A,2647722,448959,248171,1223366,827548,216237,488616,55698.0,-23623.0,-272379,-0.10287296022769762,79321.0,0.03222630527328171,120089.0,395818,0.14949379126660578,200788,0.07583424543815401,0.08333333333333333,EXTREME_SHORT
2020-07-07,E-MINI S&P 500 STOCK INDEX - CHICAGO MERCANTILE EXCHANGE,13874A,2618026,442943,237872,1222614,787029,203666,493233,-12571.0,4617.0,-289567,-0.1106050894834505,-17188.0,-0.0077321292557528815,128237.0,435585,0.16637917270493113,205071,0.07833039091284807,0.038461538461538464,EXTREME_SHORT
2020-07-14,E-MINI S&P 500 STOCK INDEX - CHICAGO MERCANTILE EXCHANGE,13874A,2625841,438090,243407,1235179,744900,202015,519510,-1651.0,26277.0,-317495,-0.12091173837258234,-27928.0,-0.01030664888913184,135040.0,490279,0.18671313304956394,194683,0.07414119895302114,0.03205128205128205,EXTREME_SHORT
2020-07-21,E-MINI S&P 500 STOCK INDEX - CHICAGO MERCANTILE EXCHANGE,13874A,2633214,450838,267596,1218305,717834,212907,528760,10892.0,9250.0,-315853,-0.11994961290650893,1642.0,0.0009621254660734102,35847.0,500471,0.19006089136697588,183242,0.06958872313454205,0.038461538461538464,EXTREME_SHORT
2020-07-28,E-MINI S&P 500 STOCK INDEX - CHICAGO MERCANTILE EXCHANGE,13874A,2647149,432297,334308,1263948,719014,222251,486895,9344.0,-41865.0,-264644,-0.09997321646798121,51209.0,0.01997639643852772,7735.0,544934,0.20585694269570773,97989,0.03701680562748829,0.1346153846153846,EXTREME_SHORT
2020-08-04,E-MINI S&P 500 STOCK INDEX - CHICAGO MERCANTILE EXCHANGE,13874A,2676398,472256,323783,1299522,687399,197891,546627,-24360.0,59732.0,-348736,-0.13030050089710124,-84092.0,-0.030327284429120027,-59169.0,612123,0.22871149956022982,148473,0.05547493310038343,0.01282051282051282,EXTREME_SHORT
2020-08-11,E-MINI S&P 500 STOCK INDEX - CHICAGO MERCANTILE EXCHANGE,13874A,2694088,471730,344419,1306921,636272,205671,568985,7780.0,22358.0,-363314,-0.13485602548988748,-14578.0,-0.004555524592786242,-45819.0,670649,0.24893359088493025,127311,0.04725569469148744,0.00641025641025641,EXTREME_SHORT
2020-08-18,E-MINI S&P 500 STOCK INDEX - CHICAGO MERCANTILE EXCHANGE,13874A,2729290,472044,368077,1314513,635477,210803,556752,5132.0,-12233.0,-345949,-0.12675421080207674,17365.0,0.008101814687810738,-30096.0,679036,0.24879584067651295,103967,0.03809305716871421,0.038461538461538464,EXTREME_SHORT
2020-08-25,E-MINI S&P 500 STOCK INDEX - CHICAGO MERCANTILE EXCHANGE,13874A,2746170,472159,369064,1342049,628437,208466,578966,-2337.0,22214.0,-370500,-0.13491517276789128,-24551.0,-0.008160961965814534,-105856.0,713612,0.25985718291292964,103095,0.03754137580703307,0.00641025641025641,EXTREME_SHORT
2020-09-01,E-MINI S&P 500 STOCK INDEX - CHICAGO MERCANTILE EXCHANGE,13874A,2789621,474197,369383,1313111,626797,243353,585855,34887.0,6889.0,-342502,-0.12277725182022935,27998.0,0.012137920947661932,6234.0,686314,0.2460241014818859,104814,0.03757284591706185,0.05128205128205128,EXTREME_SHORT
2020-09-08,E-MINI S&P 500 STOCK INDEX - CHICAGO MERCANTILE EXCHANGE,13874A,2706399,428161,373455,1245754,632981,245682,492367,2329.0,-93488.0,-246685,-0.09114879217735448,95817.0,0.03162845964287486,116629.0,612773,0.22641635619877187,54706,0.020213575308001518,0.22435897435897437,NEUTRAL
2020-09-15,E-MINI S&P 500 STOCK INDEX - CHICAGO MERCANTILE EXCHANGE,13874A,2908148,361346,390073,1263830,639449,217721,472605,-27961.0,-19762.0,-254884,-0.0876447828652462,-8199.0,0.003504009312108286,91065.0,624381,0.21470055856854603,-28727,-0.009878107991752826,0.23717948717948717,NEUTRAL
2020-09-22,E-MINI S&P 500 STOCK INDEX - CHICAGO MERCANTILE EXCHANGE,13874A,2472951,296783,522852,1317683,660553,175699,338079,-42022.0,-134526.0,-162380,-0.06566244135043517,92504.0,0.02198234151481103,208120.0,657130,0.2657270605038272,-226069,-0.09141669204120907,0.47435897435897434,NEUTRAL
2020-09-29,E-MINI S&P 500 STOCK INDEX - CHICAGO MERCANTILE EXCHANGE,13874A,2473492,293201,505763,1264926,673779,187153,349892,11454.0,11813.0,-162739,-0.06579321865605386,-359.0,-0.0001307773056186956,179763.0,591147,0.23899288940493843,-212562,-0.08593599655871133,0.46794871794871795,NEUTRAL
2020-10-06,E-MINI S&P 500 STOCK INDEX - CHICAGO MERCANTILE EXCHANGE,13874A,2476190,299115,479773,1218974,631800,207968,381676,20815.0,31784.0,-173708,-0.07015132118294638,-10969.0,-0.004358102526892518,72977.0,587174,0.23712800714000137,-180658,-0.07295805249193317,0.42948717948717946,NEUTRAL
2020-10-13,E-MINI S&P 500 STOCK INDEX - CHICAGO MERCANTILE EXCHANGE,13874A,2471530,286829,479450,1240089,574053,183408,427655,-24560.0,45979.0,-244247,-0.098824210104672,-70539.0,-0.02867288892172562,10637.0,666036,0.26948327554187085,-192621,-0.0779359344211885,0.1794871794871795,EXTREME_SHORT
2020-10-20,E-MINI S&P 500 STOCK INDEX - CHICAGO MERCANTILE EXCHANGE,13874A,2435244,271396,490806,1226270,593464,198620,389239,15212.0,-38416.0,-190619,-0.0782751132946021,53628.0,0.020549096810069903,-28239.0,632806,0.2598532221001263,-219410,-0.09009774790534336,0.3525641025641026,NEUTRAL
2020-10-27,E-MINI S&P 500 STOCK INDEX - CHICAGO MERCANTILE EXCHANGE,13874A,2436946,261632,499933,1192114,587201,216641,373307,18021.0,-15932.0,-156666,-0.06428784224188801,33953.0,0.013987271052714093,6073.0,604913,0.24822585317852755,-238301,-0.09778673799091157,0.5,NEUTRAL
2020-11-03,E-MINI S&P 500 STOCK INDEX - CHICAGO MERCANTILE EXCHANGE,13874A,2410740,272168,484214,1168391,612368,206359,368107,-10282.0,-5200.0,-161748,-0.06709475098932279,-5082.0,-0.0028069087474347776,11960.0,556023,0.230644117573857,-212046,-0.08795888399412628,0.47435897435897434,NEUTRAL
2020-11-10,E-MINI S&P 500 STOCK INDEX - CHICAGO MERCANTILE EXCHANGE,13874A,2460742,276671,501008,1189251,554724,216135,376397,9776.0,8290.0,-160262,-0.06512751032005794,1486.0,0.001967240669264847,83985.0,634527,0.2578600275851755,-224337,-0.09116640427968474,0.5064102564102564,NEUTRAL
2020-11-17,E-MINI S&P 500 STOCK INDEX - CHICAGO MERCANTILE EXCHANGE,13874A,2534850,281086,519485,1206610,551377,248976,395663,32841.0,19266.0,-146687,-0.05786811842909837,13575.0,0.007259391890959567,43932.0,655233,0.2584898514705012,-238399,-0.09404856303134308,0.5448717948717948,NEUTRAL
2020-11-24,E-MINI S&P 500 STOCK INDEX - CHICAGO MERCANTILE EXCHANGE,13874A,2549321,283063,506171,1228469,538062,266062,435824,17086.0,40161.0,-169762,-0.06659106483647999,-23075.0,-0.008722946407381617,-13096.0,690407,0.2708199555881743,-223108,-0.08751663678289238,0.48717948717948717,NEUTRAL
2020-12-01,E-MINI S&P 500 STOCK INDEX - CHICAGO MERCANTILE EXCHANGE,13874A,2617521,307174,557779,1238745,535888,284173,437700,18111.0,1876.0,-153527,-0.05865358864360592,16235.0,0.00793747619287407,8221.0,702857,0.2685200997432303,-250605,-0.09574135221837762,0.5512820512820513,NEUTRAL
2020-12-08,E-MINI S&P 500 STOCK INDEX - CHICAGO MERCANTILE EXCHANGE,13874A,2715113,312947,583491,1276667,524444,293328,462970,9155.0,25270.0,-169642,-0.062480640768910904,-16115.0,-0.003827052125304986,-9380.0,752223,0.2770503474441027,-270544,-0.0996437349016413,0.5256410256410257,NEUTRAL
2020-12-15,E-MINI S&P 500 STOCK INDEX - CHICAGO MERCANTILE EXCHANGE,13874A,2999769,331611,627361,1282792,533536,296704,426674,3376.0,-36296.0,-129970,-0.04332666948688382,39672.0,0.01915397128202708,16717.0,749256,0.24977123238489363,-295750,-0.0985909248345456,0.6858974358974359,NEUTRAL
2020-12-21,E-MINI S&P 500 STOCK INDEX - CHICAGO MERCANTILE EXCHANGE,13874A,2475909,256868,665558,1288749,535164,237456,386563,-59248.0,-40111.0,-149107,-0.060223134210506124,-19137.0,-0.0168964647236223,20655.0,753585,0.3043670021798055,-408690,-0.16506664824918849,0.532051282051282,NEUTRAL
2020-12-29,E-MINI S&P 500 STOCK INDEX - CHICAGO MERCANTILE EXCHANGE,13874A,2498905,250433,659109,1298684,526947,241881,412303,4425.0,25740.0,-170422,-0.06819867101790585,-21315.0,-0.007975536807399722,-16895.0,771737,0.30883006756959547,-408676,-0.16354203140975748,0.46794871794871795,NEUTRAL
2021-01-05,E-MINI S&P 500 STOCK INDEX - CHICAGO MERCANTILE EXCHANGE,13874A,2553480,283967,662213,1322332,535710,245863,426881,3982.0,14578.0,-181018,-0.07089070601688675,-10596.0,-0.002692034998980908,-11376.0,786622,0.30805880602158625,-378246,-0.148129611353917,0.4230769230769231,NEUTRAL
2021-01-12,E-MINI S&P 500 STOCK INDEX - CHICAGO MERCANTILE EXCHANGE,13874A,2578114,293805,692350,1312800,500375,258506,448414,12643.0,21533.0,-189908,-0.0736615991379745,-8890.0,-0.0027708931210877474,-59938.0,812425,0.31512376877050435,-398545,-0.15458781108981218,0.38461538461538464,NEUTRAL
2021-01-19,E-MINI S&P 500 STOCK INDEX - CHICAGO MERCANTILE EXCHANGE,13874A,2599308,301708,709432,1343369,502797,242735,443832,-15771.0,-4582.0,-201097,-0.07736559114964445,-11189.0,-0.003703992011669946,-51990.0,840572,0.32338299270421206,-407724,-0.15685867161567618,0.36538461538461536,NEUTRAL
2021-01-26,E-MINI S&P 500 STOCK INDEX - CHICAGO MERCANTILE EXCHANGE,13874A,2617305,344395,725435,1315434,478931,243704,479657,969.0,35825.0,-235953,-0.09015112873738444,-34856.0,-0.012785537587739995,-65531.0,836503,0.31960470789609924,-381040,-0.1455848668764244,0.23076923076923078,NEUTRAL
2021-02-02,E-MINI S&P 500 STOCK INDEX - CHICAGO MERCANTILE EXCHANGE,13874A,2640747,356531,732551,1249502,496886,292211,482745,48507.0,3088.0,-190534,-0.07215155408677923,45419.0,0.017999574650605213,-9516.0,752616,0.28500117580366463,-376020,-0.1423915278517783,0.4166666666666667,NEUTRAL
2021-02-09,E-MINI S&P 500 STOCK INDEX - CHICAGO MERCANTILE EXCHANGE,13874A,2619444,356256,731663,1240845,439998,274612,505404,-17599.0,22659.0,-230792,-0.08810724718680758,-40258.0,-0.015955693100028354,-40884.0,800847,0.3057316743553212,-375407,-0.14331552802808534,0.23717948717948717,NEUTRAL
2021-02-16,E-MINI S&P 500 STOCK INDEX - CHICAGO MERCANTILE EXCHANGE,13874A,2636295,368183,721706,1254389,438037,266222,554525,-8390.0,49121.0,-288303,-0.10935915745392681,-57511.0,-0.02125191026711923,-87206.0,816352,0.30965882042791115,-353523,-0.13409842221754395,0.08974358974358974,EXTREME_SHORT
2021-02-23,E-MINI S&P 500 STOCK INDEX - CHICAGO MERCANTILE EXCHANGE,13874A,2652739,343571,759019,1256538,452333,297495,508200,31273.0,-46325.0,-210705,-0.07942922390781754,77598.0,0.029929933546109275,25248.0,804205,0.303160243054443,-415448,-0.15661095946491532,0.33974358974358976,NEUTRAL
2021-03-02,E-MINI S&P 500 STOCK INDEX - CHICAGO MERCANTILE EXCHANGE,13874A,2767213,440137,767786,1174255,469174,335891,474606,38396.0,-33594.0,-138715,-0.05012805302663727,71990.0,0.02930117088118027,51819.0,705081,0.2547982392392635,-327649,-0.11840396818025935,0.6858974358974359,NEUTRAL
2021-03-09,E-MINI S&P 500 STOCK INDEX - CHICAGO MERCANTILE EXCHANGE,13874A,2779898,409075,776210,1156115,490936,339896,441778,4005.0,-32828.0,-101882,-0.03664954613442652,36833.0,0.013478506892210751,128910.0,665179,0.23928180098694268,-367135,-0.1320677952932086,0.7884615384615384,NEUTRAL
2021-03-16,E-MINI S&P 500 STOCK INDEX - CHICAGO MERCANTILE EXCHANGE,13874A,3063652,427946,764491,1142219,475718,320554,464110,-19342.0,22332.0,-143556,-0.04685780238747743,-41674.0,-0.010208256253050912,144747.0,666501,0.21755114484282156,-336545,-0.10985092301606057,0.6987179487179487,NEUTRAL
2021-03-23,E-MINI S&P 500 STOCK INDEX - CHICAGO MERCANTILE EXCHANGE,13874A,2540184,387462,792241,1203859,467462,192804,394314,-127750.0,-69796.0,-201510,-0.07932889900889069,-57954.0,-0.03247109662141326,9195.0,736397,0.28989907817701394,-404779,-0.1593502675396743,0.34615384615384615,NEUTRAL
2021-03-30,E-MINI S&P 500 STOCK INDEX - CHICAGO MERCANTILE EXCHANGE,13874A,2564664,362268,804160,1219957,450893,212212,411336,19408.0,17022.0,-199124,-0.0776413596478915,2386.0,0.0016875393609991907,-60409.0,769064,0.2998693006179367,-441892,-0.17230015315846442,0.3974358974358974,NEUTRAL
2021-04-06,E-MINI S&P 500 STOCK INDEX - CHICAGO MERCANTILE EXCHANGE,13874A,2611712,358483,792366,1249028,448369,218144,473375,5932.0,62039.0,-255231,-0.09772555320035287,-56107.0,-0.02008419355246137,-153349.0,800659,0.3065648126592825,-433883,-0.16612972640168594,0.20512820512820512,NEUTRAL
2021-04-13,E-MINI S&P 500 STOCK INDEX - CHICAGO MERCANTILE EXCHANGE,13874A,2643642,332091,779866,1258255,438714,228802,497708,10658.0,24333.0,-268906,-0.1017180087167627,-13675.0,-0.003992455516409837,-125350.0,819541,0.31000453162720215,-447775,-0.16937807766709714,0.16025641025641027,EXTREME_SHORT
2021-04-20,E-MINI S&P 500 STOCK INDEX - CHICAGO MERCANTILE EXCHANGE,13874A,2687111,311936,805574,1274122,436408,256439,504265,27637.0,6557.0,-247826,-0.09222767500114436,21080.0,0.009490333715618346,-46316.0,837714,0.3117526592686346,-493638,-0.18370584616712893,0.23076923076923078,NEUTRAL
2021-04-27,E-MINI S&P 500 STOCK INDEX - CHICAGO MERCANTILE EXCHANGE,13874A,2713231,302202,798307,1274414,431985,279827,526946,23388.0,22681.0,-247119,-0.09107923357797401,707.0,0.001148441423170346,-47995.0,842429,0.31048922852495786,-496105,-0.1828465766460725,0.25,NEUTRAL
2021-05-04,E-MINI S&P 500 STOCK INDEX - CHICAGO MERCANTILE EXCHANGE,13874A,2705647,295058,802854,1305694,421614,257981,515537,-21846.0,-11409.0,-257556,-0.09519201876667577,-10437.0,-0.004112785188701756,-2325.0,884080,0.3267536378544577,-507796,-0.1876800632159332,0.21794871794871795,NEUTRAL
2021-05-11,E-MINI S&P 500 STOCK INDEX - CHICAGO MERCANTILE EXCHANGE,13874A,2655280,261189,804315,1285071,420491,257697,482204,-284.0,-33333.0,-224507,-0.08455115844656684,33049.0,0.010640860320108927,44399.0,864580,0.3256078455002862,-543126,-0.20454565996806362,0.3141025641025641,NEUTRAL
2021-05-18,E-MINI S&P 500 STOCK INDEX - CHICAGO MERCANTILE EXCHANGE,13874A,2619960,229992,797864,1259677,425601,246059,449680,-11638.0,-32524.0,-203621,-0.0777191254828318,20886.0,0.006832032963735038,44205.0,834076,0.3183544786943312,-567872,-0.21674834730301226,0.4358974358974359,NEUTRAL
2021-05-25,E-MINI S&P 500 STOCK INDEX - CHICAGO MERCANTILE EXCHANGE,13874A,2735735,234200,829727,1287071,437097,272273,454978,26214.0,5298.0,-182705,-0.06678461181364423,20916.0,0.010934513669187573,64414.0,849974,0.31069310441252534,-595527,-0.2176844613970286,0.5897435897435898,NEUTRAL
2021-06-01,E-MINI S&P 500 STOCK INDEX - CHICAGO MERCANTILE EXCHANGE,13874A,2767524,246286,830130,1271270,413491,268600,475974,-3673.0,20996.0,-207374,-0.07493123817535097,-24669.0,-0.008146626361706738,50182.0,857779,0.30994455693970496,-583844,-0.21096257882497135,0.46794871794871795,NEUTRAL
2021-06-08,E-MINI S&P 500 STOCK INDEX - CHICAGO MERCANTILE EXCHANGE,13874A,2816156,238327,839222,1294141,422438,263107,450630,-5493.0,-25344.0,-187523,-0.0665882855921334,19851.0,0.008342952583217572,36984.0,871703,0.30953647454189326,-600895,-0.2133741880776491,0.6153846153846154,NEUTRAL
2021-06-15,E-MINI S&P 500 STOCK INDEX - CHICAGO MERCANTILE EXCHANGE,13874A,3117658,225593,863151,1362911,407605,246619,481488,-16488.0,30858.0,-234869,-0.07533507523916992,-47346.0,-0.008746789647036526,-31248.0,955306,0.306417830307237,-637558,-0.20449901817325697,0.46794871794871795,NEUTRAL
2021-06-22,E-MINI S&P 500 STOCK INDEX - CHICAGO MERCANTILE EXCHANGE,13874A,2563884,167287,783343,1378019,409803,179131,350369,-67488.0,-131119.0,-171238,-0.06678851305285262,63631.0,0.008546562186317302,11467.0,968216,0.37763642972927014,-616056,-0.24028232166509872,0.6025641025641025,NEUTRAL
2021-06-29,E-MINI S&P 500 STOCK INDEX - CHICAGO MERCANTILE EXCHANGE,13874A,2571895,170643,776853,1351124,384470,198058,387468,18927.0,37099.0,-189410,-0.07364608586275878,-18172.0,-0.006857572809906162,17964.0,966654,0.37585282447378293,-606210,-0.23570557896026081,0.4935897435897436,NEUTRAL
2021-07-06,E-MINI S&P 500 STOCK INDEX - CHICAGO MERCANTILE EXCHANGE,13874A,2610712,185849,765094,1358115,396744,220190,400789,22132.0,13321.0,-180599,-0.06917614811591627,8811.0,0.004469937746842512,6924.0,961371,0.3682409243148995,-579245,-0.22187242407435212,0.5897435897435898,NEUTRAL
2021-07-13,E-MINI S&P 500 STOCK INDEX - CHICAGO MERCANTILE EXCHANGE,13874A,2632508,191149,777468,1362434,394279,204857,402191,-15333.0,1402.0,-197334,-0.07496045596062766,-16735.0,-0.005784307844711387,37535.0,968155,0.36776906281006555,-586319,-0.22272259001682046,0.47435897435897434,NEUTRAL
2021-07-20,E-MINI S&P 500 STOCK INDEX - CHICAGO MERCANTILE EXCHANGE,13874A,2667977,198458,803461,1359510,414934,225371,402272,20514.0,81.0,-176901,-0.06630529423604477,20433.0,0.008655161724582888,-5663.0,944576,0.354042032596233,-605003,-0.2267646984962764,0.6538461538461539,NEUTRAL
2021-07-27,E-MINI S&P 500 STOCK INDEX - CHICAGO MERCANTILE EXCHANGE,13874A,2666461,187902,787024,1316776,401316,219666,422226,-5705.0,19954.0,-202560,-0.0759658588668651,-25659.0,-0.009660564630820337,-13150.0,915460,0.3433239788618697,-599122,-0.22468807906809812,0.46794871794871795,NEUTRAL
2021-08-03,E-MINI S&P 500 STOCK INDEX - CHICAGO MERCANTILE EXCHANGE,13874A,2697035,183041,773260,1303027,399084,244024,448067,24358.0,25841.0,-204043,-0.07565456139797963,-1483.0,0.00031129746888547416,-23444.0,903943,0.3351617609708439,-590219,-0.21883994831361106,0.47435897435897434,NEUTRAL
2021-08-10,E-MINI S&P 500 STOCK INDEX - CHICAGO MERCANTILE EXCHANGE,13874A,2696698,180630,770872,1298531,379006,260306,464354,16282.0,16287.0,-204048,-0.0756658698897689,-5.0,-1.130849178926363e-05,-6714.0,919525,0.3409818229553328,-590242,-0.21887582517582613,0.47435897435897434,NEUTRAL
2021-08-17,E-MINI S&P 500 STOCK INDEX - CHICAGO MERCANTILE EXCHANGE,13874A,2716225,185738,782366,1300871,395939,266557,440831,6251.0,-23523.0,-174274,-0.06416036963064548,29774.0,0.011505500259123419,2627.0,904932,0.3331579673996079,-596628,-0.21965337923036568,0.7115384615384616,NEUTRAL
2021-08-24,E-MINI S&P 500 STOCK INDEX - CHICAGO MERCANTILE EXCHANGE,13874A,2744903,200174,785466,1283238,402455,282755,460629,16198.0,19798.0,-177874,-0.06480156129378707,-3600.0,-0.0006411916631415965,24686.0,880783,0.3208794627715442,-585292,-0.21322866418230443,0.7051282051282052,NEUTRAL
2021-08-31,E-MINI S&P 500 STOCK INDEX - CHICAGO MERCANTILE EXCHANGE,13874A,2776075,207557,815826,1289604,382878,253029,448469,-29726.0,-12160.0,-195440,-0.07040155615392235,-17566.0,-0.0055999948601352795,8603.0,906726,0.32662157902794414,-608269,-0.21911115513809964,0.5705128205128205,NEUTRAL
2021-09-07,E-MINI S&P 500 STOCK INDEX - CHICAGO MERCANTILE EXCHANGE,13874A,2827555,215914,844424,1289224,371919,286800,446517,33771.0,-1952.0,-159717,-0.05648590389930523,35723.0,0.01391565225461712,44331.0,917305,0.3244163243508968,-628510,-0.2222803800456578,0.7628205128205128,NEUTRAL
2021-09-14,E-MINI S&P 500 STOCK INDEX - CHICAGO MERCANTILE EXCHANGE,13874A,3051765,210741,832832,1238104,374581,281141,415947,-5659.0,-30570.0,-134806,-0.04417312604345354,24911.0,0.012312777855851692,39468.0,863523,0.2829585502160225,-622091,-0.20384629878119712,0.8269230769230769,EXTREME_LONG
2021-09-21,E-MINI S&P 500 STOCK INDEX - CHICAGO MERCANTILE EXCHANGE,13874A,2453181,184740,739102,1240435,384361,194699,320543,-86442.0,-95404.0,-125844,-0.051298293929392086,8962.0,-0.0071251678859385464,52030.0,856074,0.34896487458528336,-554362,-0.22597680317921914,0.782051282051282,NEUTRAL
2021-09-28,E-MINI S&P 500 STOCK INDEX - CHICAGO MERCANTILE EXCHANGE,13874A,2457374,185610,735196,1191633,373072,247202,290929,52503.0,-29614.0,-43727,-0.017794198196937054,82117.0,0.03350409573245503,151713.0,818561,0.3331039556860291,-549586,-0.22364768244475608,0.9358974358974359,EXTREME_LONG
2021-10-05,E-MINI S&P 500 STOCK INDEX - CHICAGO MERCANTILE EXCHANGE,13874A,2437353,194844,726445,1190268,395587,250996,293198,3794.0,2269.0,-42202,-0.017314685234350542,1525.0,0.0004795129625865119,117515.0,794681,0.32604263723802007,-531601,-0.21810587141050147,0.9358974358974359,EXTREME_LONG
2021-10-12,E-MINI S&P 500 STOCK INDEX - CHICAGO MERCANTILE EXCHANGE,13874A,2403163,198188,718233,1145000,407518,257068,278775,6072.0,-14423.0,-21707,-0.009032679015114663,20495.0,0.00828200621923588,113099.0,737482,0.3068797247627398,-520045,-0.21640021921109803,0.9615384615384616,EXTREME_LONG
2021-10-19,E-MINI S&P 500 STOCK INDEX - CHICAGO MERCANTILE EXCHANGE,13874A,2386587,199882,652173,1172961,385652,228208,322517,-28860.0,43742.0,-94309,-0.03951626318252802,-72602.0,-0.030483584167413362,31535.0,787309,0.3298890842864727,-452291,-0.18951372818170886,0.8525641025641025,EXTREME_LONG
2021-10-26,E-MINI S&P 500 STOCK INDEX - CHICAGO MERCANTILE EXCHANGE,13874A,2404805,192437,681455,1166126,366871,233968,304844,5760.0,-17673.0,-70876,-0.029472659945400978,23433.0,0.010043603237127045,-27149.0,799255,0.33235750923671564,-489018,-0.2033503756021798,0.9038461538461539,EXTREME_LONG
2021-11-02,E-MINI S&P 500 STOCK INDEX - CHICAGO MERCANTILE EXCHANGE,13874A,2431931,177051,665270,1146988,384268,259326,297185,25358.0,-7659.0,-37859,-0.015567464701917942,33017.0,0.013905195243483036,4343.0,762720,0.31362731919614495,-488219,-0.20075363980310296,0.9551282051282052,EXTREME_LONG
2021-11-09,E-MINI S&P 500 STOCK INDEX - CHICAGO MERCANTILE EXCHANGE,13874A,2437804,182620,653254,1141080,388517,266727,303703,7401.0,6518.0,-36976,-0.015167749335057289,883.0,0.0003997153668606531,-15269.0,752563,0.30870529378079614,-470634,-0.19305653776923823,0.9551282051282052,EXTREME_LONG
2021-11-16,E-MINI S&P 500 STOCK INDEX - CHICAGO MERCANTILE EXCHANGE,13874A,2454894,185979,669385,1150240,375607,248795,292057,-17932.0,-11646.0,-43262,-0.01762275682778971,-6286.0,-0.002455007492732423,51047.0,774633,0.3155464146313446,-483406,-0.19691522322348745,0.9230769230769231,EXTREME_LONG
2021-11-23,E-MINI S&P 500 STOCK INDEX - CHICAGO MERCANTILE EXCHANGE,13874A,2455317,176951,673469,1148213,377561,258272,260805,9477.0,-31252.0,-2533,-0.001031638684536457,40729.0,0.016591118143253255,68343.0,770652,0.3138706733183536,-496518,-0.2022215461384416,0.9743589743589743,EXTREME_LONG
2021-11-30,E-MINI S&P 500 STOCK INDEX - CHICAGO MERCANTILE EXCHANGE,13874A,2510714,182159,660182,1110644,428935,318071,259949,59799.0,-856.0,58122,0.023149590116596314,60655.0,0.02418122880113277,95981.0,681709,0.27151997399942807,-478023,-0.19039325068486496,0.9871794871794872,EXTREME_LONG
2021-12-07,E-MINI S&P 500 STOCK INDEX - CHICAGO MERCANTILE EXCHANGE,13874A,2514383,197495,661790,1084845,435905,287566,270655,-30505.0,10706.0,16911,0.006725705670138559,-41211.0,-0.016423884446457756,53887.0,648940,0.2580911499958439,-464295,-0.18465563917668867,0.9743589743589743,EXTREME_LONG
2021-12-14,E-MINI S&P 500 STOCK INDEX - CHICAGO MERCANTILE EXCHANGE,13874A,2754633,212712,661763,1052735,467989,310403,265714,22837.0,-4941.0,44689,0.016223213763866186,27778.0,0.009497508093727628,87951.0,584746,0.21227727976830307,-449051,-0.16301663415779888,0.9807692307692307,EXTREME_LONG
2021-12-21,E-MINI S&P 500 STOCK INDEX - CHICAGO MERCANTILE EXCHANGE,13874A,2262123,166051,652338,1088429,420111,262131,272596,-48272.0,6882.0,-10465,-0.004626185225118175,-55154.0,-0.02084939898898436,-7932.0,668318,0.29543840012236294,-486287,-0.21496930096197245,0.9551282051282052,EXTREME_LONG
2021-12-28,E-MINI S&P 500 STOCK INDEX - CHICAGO MERCANTILE EXCHANGE,13874A,2287852,163720,618302,1116367,380274,255067,352334,-7064.0,79738.0,-97267,-0.04251455076639573,-86802.0,-0.03788836554127756,-155389.0,736093,0.32173978037040857,-454582,-0.19869379662670486,0.8397435897435898,EXTREME_LONG
2022-01-04,E-MINI S&P 500 STOCK INDEX - CHICAGO MERCANTILE EXCHANGE,13874A,2297290,152625,607993,1114652,382967,266454,365329,11387.0,12995.0,-98875,-0.04303984259714708,-1608.0,-0.0005252918307513468,-115786.0,731685,0.31849918817389183,-455368,-0.19821964140356682,0.8333333333333334,EXTREME_LONG
2022-01-11,E-MINI S&P 500 STOCK INDEX - CHICAGO MERCANTILE EXCHANGE,13874A,2283672,155977,644571,1118110,388888,254075,311842,-12379.0,-53487.0,-57767,-0.025295664175941205,41108.0,0.01774417842120587,-102456.0,729222,0.31931993736403474,-488594,-0.21395104025446737,0.8974358974358975,EXTREME_LONG
2022-01-18,E-MINI S&P 500 STOCK INDEX - CHICAGO MERCANTILE EXCHANGE,13874A,2309982,139396,688591,1102099,378578,272641,285631,18566.0,-26211.0,-12990,-0.005623420442237213,44777.0,0.019672243733703992,-2525.0,723521,0.3132149947488768,-549195,-0.23774860583329221,0.9551282051282052,EXTREME_LONG
2022-01-25,E-MINI S&P 500 STOCK INDEX - CHICAGO MERCANTILE EXCHANGE,13874A,2378857,132274,746648,1088298,440193,353909,246760,81268.0,-38871.0,107149,0.045042219856006475,120139.0,0.05066564029824369,204416.0,648105,0.27244386694954764,-614374,-0.2582643681398251,0.9935897435897436,EXTREME_LONG
2022-02-01,E-MINI S&P 500 STOCK INDEX - CHICAGO MERCANTILE EXCHANGE,13874A,2283969,140243,654696,1069891,435602,298553,249724,-55356.0,2964.0,48829,0.02137901171163006,-58320.0,-0.023663208144376415,147704.0,634289,0.2777134891060255,-514453,-0.2252451762699056,0.9807692307692307,EXTREME_LONG
2022-02-08,E-MINI S&P 500 - CHICAGO MERCANTILE EXCHANGE,13874A,2229911,157790,617855,1020324,461827,282160,223618,-16393.0,-26106.0,58542,0.026253065705312904,9713.0,0.004874053993682844,116309.0,558497,0.2504570810225161,-460065,-0.20631540900062828,0.9871794871794872,EXTREME_LONG
2022-02-15,E-MINI S&P 500 - CHICAGO MERCANTILE EXCHANGE,13874A,2270263,173053,581509,993607,476417,292399,261871,10239.0,38253.0,30528,0.013446900204954228,-28014.0,-0.012806165500358676,43518.0,517190,0.22781061048874074,-408456,-0.17991571901581446,0.9615384615384616,EXTREME_LONG
2022-02-22,E-MINI S&P 500 - CHICAGO MERCANTILE EXCHANGE,13874A,2374165,193729,626093,1012399,514919,324127,250709,31728.0,-11162.0,73418,0.030923714232161625,42890.0,0.017476814027207396,-33731.0,497480,0.20953893263526335,-432364,-0.18211202675466953,0.9871794871794872,EXTREME_LONG
2022-03-01,E-MINI S&P 500 - CHICAGO MERCANTILE EXCHANGE,13874A,2387492,228560,519918,998880,535235,299237,323083,-24890.0,72374.0,-23846,-0.009987886870406268,-97264.0,-0.04091160110256789,-72675.0,463645,0.1941975093529109,-291358,-0.1220351733115755,0.9102564102564102,EXTREME_LONG
2022-03-08,E-MINI S&P 500 - CHICAGO MERCANTILE EXCHANGE,13874A,2435543,229009,521238,979233,561305,302670,286728,3433.0,-36355.0,15942,0.006545562940173916,39788.0,0.016533449810580185,-42600.0,417928,0.17159541014057234,-292229,-0.1199851532081347,0.9423076923076923,EXTREME_LONG
2022-03-15,E-MINI S&P 500 - CHICAGO MERCANTILE EXCHANGE,13874A,2582759,204651,462146,1017466,575918,285855,332775,-16815.0,46047.0,-46920,-0.018166619494888993,-62862.0,-0.02471218243506291,-77448.0,441548,0.17095981467879892,-257495,-0.09969764890955757,0.8589743589743589,EXTREME_LONG
2022-03-22,E-MINI S&P 500 - CHICAGO MERCANTILE EXCHANGE,13874A,2111687,233069,322953,1028804,513826,111850,382143,-174005.0,49368.0,-270293,-0.12799860964243281,-223373.0,-0.10983199014754383,-343711.0,514978,0.24387042208433352,-89884,-0.042565020289465245,0.038461538461538464,EXTREME_SHORT
2022-03-29,E-MINI S&P 500 - CHICAGO MERCANTILE EXCHANGE,13874A,2120049,230111,319669,1019960,459989,128026,410434,16176.0,28291.0,-282408,-0.1332082418849753,-12115.0,-0.005209632242542478,-258562.0,559971,0.26413115923264036,-89558,-0.04224336324301938,0.019230769230769232,EXTREME_SHORT
2022-04-05,E-MINI S&P 500 - CHICAGO MERCANTILE EXCHANGE,13874A,2122357,237976,355645,980029,446512,136114,384877,8088.0,-25557.0,-248763,-0.1172107237378066,33645.0,0.015997518147168696,-264705.0,533517,0.2513794804549847,-117669,-0.05544260461364417,0.08974358974358974,EXTREME_SHORT
2022-04-12,E-MINI S&P 500 - CHICAGO MERCANTILE EXCHANGE,13874A,2156967,240472,434180,976986,499007,184626,285385,48512.0,-99492.0,-100759,-0.04671327841362432,148004.0,0.07049744532418228,-53839.0,477979,0.22159773422588291,-193708,-0.08980573184476165,0.7435897435897436,NEUTRAL
2022-04-19,E-MINI S&P 500 - CHICAGO MERCANTILE EXCHANGE,13874A,2158797,238535,396459,970632,497439,190909,307392,6283.0,22007.0,-116483,-0.0539573660700844,-15724.0,-0.007244087656460084,153810.0,473193,0.21919291160771484,-157924,-0.07315370551283887,0.7051282051282052,NEUTRAL
2022-04-26,E-MINI S&P 500 - CHICAGO MERCANTILE EXCHANGE,13874A,2191696,229678,413339,935308,575386,249349,256069,58440.0,-51323.0,-6720,-0.003066118658792095,109763.0,0.050891247411292306,275688.0,359922,0.16422076784371556,-183661,-0.08379857425482366,0.9230769230769231,EXTREME_LONG
2022-05-03,E-MINI S&P 500 - CHICAGO MERCANTILE EXCHANGE,13874A,2208674,223101,328059,958101,592155,261137,344638,11788.0,88569.0,-83501,-0.0378059414834421,-76781.0,-0.034739822824650005,165262.0,365946,0.1656858368414714,-104958,-0.04752082018441834,0.8076923076923077,EXTREME_LONG
2022-05-10,E-MINI S&P 500 - CHICAGO MERCANTILE EXCHANGE,13874A,2261956,212762,338423,943043,665870,291368,300020,30231.0,-44618.0,-8652,-0.003825008090343048,74849.0,0.03398093339309905,92107.0,277173,0.12253686632277551,-125661,-0.05555413102642138,0.9166666666666666,EXTREME_LONG
2022-05-17,E-MINI S&P 500 - CHICAGO MERCANTILE EXCHANGE,13874A,2252109,231875,321870,980008,672524,248298,345821,-43070.0,45801.0,-97523,-0.043302966241864846,-88871.0,-0.039477958151521796,18960.0,307484,0.13653157995461143,-89995,-0.039960321636297355,0.7692307692307693,NEUTRAL
2022-05-24,E-MINI S&P 500 - CHICAGO MERCANTILE EXCHANGE,13874A,2262171,247249,329769,978878,688062,231340,377709,-16958.0,31888.0,-146369,-0.06470288939253487,-48846.0,-0.02139992315067002,-139649.0,290816,0.1285561524747687,-82520,-0.03647823263581754,0.6474358974358975,NEUTRAL
2022-05-31,E-MINI S&P 500 - CHICAGO MERCANTILE EXCHANGE,13874A,2260467,262785,348939,996987,642368,193420,396842,-37920.0,19133.0,-203422,-0.08999113899915372,-57053.0,-0.02528824960661885,-119921.0,354619,0.15687864498796045,-86154,-0.03811336330059231,0.28846153846153844,NEUTRAL
2022-06-07,E-MINI S&P 500 - CHICAGO MERCANTILE EXCHANGE,13874A,2267420,287134,315193,985567,644186,189532,420870,-3888.0,24028.0,-231338,-0.10202697338825625,-27916.0,-0.012035834389102537,-222686.0,341381,0.1505592259043318,-28059,-0.012374857767859505,0.1794871794871795,EXTREME_SHORT
2022-06-14,E-MINI S&P 500 - CHICAGO MERCANTILE EXCHANGE,13874A,2654399,309350,301208,960036,753513,247872,423784,58340.0,2914.0,-175912,-0.06627187547915743,55426.0,0.035755097909098824,-78389.0,206523,0.07780405281948946,8142,0.003067361010910568,0.6153846153846154,NEUTRAL
2022-06-21,E-MINI S&P 500 - CHICAGO MERCANTILE EXCHANGE,13874A,2262004,328158,237730,1018213,830078,172515,377351,-75357.0,-46433.0,-204836,-0.09055510069831883,-28924.0,-0.024283225219161403,-58467.0,188135,0.0831718246298415,90428,0.03997694080116569,0.28205128205128205,NEUTRAL
2022-06-28,E-MINI S&P 500 - CHICAGO MERCANTILE EXCHANGE,13874A,2248771,360614,232033,1006685,811666,145132,410697,-27383.0,33346.0,-265565,-0.11809339412505765,-60729.0,-0.027538293426738816,-62143.0,195019,0.08672248085732162,128581,0.057178343192792865,0.08974358974358974,EXTREME_SHORT
2022-07-05,E-MINI S&P 500 - CHICAGO MERCANTILE EXCHANGE,13874A,2309241,382059,245706,1023704,818113,141214,459190,-3918.0,48493.0,-317976,-0.1376971914148415,-52411.0,-0.019603797289783842,-86638.0,205591,0.08902968551138664,136353,0.0590466737772281,0.0,EXTREME_SHORT
2022-07-12,E-MINI S&P 500 - CHICAGO MERCANTILE EXCHANGE,13874A,2317580,394275,222909,1035288,812128,127280,496796,-13934.0,37606.0,-369516,-0.15944045081507435,-51540.0,-0.02174325940023286,-193604.0,223160,0.09629009570327669,171366,0.07394178410238265,0.0,EXTREME_SHORT
2022-07-19,E-MINI S&P 500 - CHICAGO MERCANTILE EXCHANGE,13874A,2335319,429395,187901,1029332,781804,136670,562238,9390.0,65442.0,-425568,-0.18223120695716516,-56052.0,-0.022790756142090807,-220732.0,247528,0.10599322833411624,241494,0.10340942714892484,0.0,EXTREME_SHORT
2022-07-26,E-MINI S&P 500 - CHICAGO MERCANTILE EXCHANGE,13874A,2322824,434469,221636,1038190,742516,118127,572470,-18543.0,10232.0,-454343,-0.1955994083064408,-28775.0,-0.013368201349275632,-188778.0,295674,0.12729074609182617,212833,0.09162683009991286,0.0,EXTREME_SHORT
2022-08-02,E-MINI S&P 500 - CHICAGO MERCANTILE EXCHANGE,13874A,2310665,465729,179637,1011090,690176,127898,633855,9771.0,61385.0,-505957,-0.2189659686713565,-51614.0,-0.023366560364915717,-187981.0,320914,0.13888382781580194,286092,0.12381370730936765,0.0,EXTREME_SHORT
2022-08-09,E-MINI S&P 500 - CHICAGO MERCANTILE EXCHANGE,13874A,2299388,503699,163809,964535,668616,127542,631142,-356.0,-2713.0,-503600,-0.21901479872035515,2357.0,-4.883004899863819e-05,-134084.0,295919,0.12869467875799995,339890,0.14781759320306098,0.0,EXTREME_SHORT
2022-08-16,E-MINI S&P 500 - CHICAGO MERCANTILE EXCHANGE,13874A,2346224,538487,168060,988150,612060,125609,724278,-1933.0,93136.0,-598669,-0.25516276365769,-95069.0,-0.036147964937334826,-173101.0,376090,0.1602958626286322,370427,0.15788219709627044,0.0,EXTREME_SHORT
2022-08-23,E-MINI S&P 500 - CHICAGO MERCANTILE EXCHANGE,13874A,2329538,535603,202587,952143,613795,136398,650096,10789.0,-74182.0,-513698,-0.22051496906253515,84971.0,0.034647794595154824,-59355.0,338348,0.14524253306878876,333016,0.14295366720783262,0.00641025641025641,EXTREME_SHORT
2022-08-30,E-MINI S&P 500 - CHICAGO MERCANTILE EXCHANGE,13874A,2329953,531604,214696,956695,630013,134543,625350,-1855.0,-24746.0,-490807,-0.21065103029975282,22891.0,0.009863938762782326,15150.0,326682,0.14020969521702797,316908,0.13601476081277175,0.02564102564102564,EXTREME_SHORT
2022-09-06,E-MINI S&P 500 - CHICAGO MERCANTILE EXCHANGE,13874A,2314290,529639,191570,932416,661072,132145,584714,-2398.0,-40636.0,-452569,-0.19555414403553573,38238.0,0.015096886264217096,51031.0,271344,0.11724719028298096,338069,0.1460789270143327,0.038461538461538464,EXTREME_SHORT
2022-09-13,E-MINI S&P 500 - CHICAGO MERCANTILE EXCHANGE,13874A,2603046,548735,156360,937649,624171,117486,642840,-14659.0,58126.0,-525354,-0.20182278761112943,-72785.0,-0.006268643575593702,73315.0,313478,0.12042737623537964,392375,0.15073686750061274,0.03205128205128205,EXTREME_SHORT
2022-09-20,E-MINI S&P 500 - CHICAGO MERCANTILE EXCHANGE,13874A,2141022,455248,219551,914534,630587,113078,459724,-4408.0,-183116.0,-346646,-0.16190679030855357,178708.0,0.03991599730257586,167052.0,283947,0.13262217763292483,235697,0.11008621116457468,0.057692307692307696,EXTREME_SHORT
2022-09-27,E-MINI S&P 500 - CHICAGO MERCANTILE EXCHANGE,13874A,2233878,456660,270540,903403,685284,163675,450511,50597.0,-9213.0,-286836,-0.12840271491997324,59810.0,0.03350407538858033,203971.0,218119,0.09764141103498042,186120,0.08331699403458917,0.12179487179487179,EXTREME_SHORT
2022-10-04,E-MINI S&P 500 - CHICAGO MERCANTILE EXCHANGE,13874A,2261285,459557,267926,911427,713995,137578,478052,-26097.0,27541.0,-340474,-0.15056660261753826,-53638.0,-0.022163887697565027,112095.0,197432,0.08730964915965922,191631,0.08474429362066259,0.07051282051282051,EXTREME_SHORT
2022-10-11,E-MINI S&P 500 - CHICAGO MERCANTILE EXCHANGE,13874A,2277794,463492,255396,907565,727377,150575,497560,12997.0,19508.0,-346985,-0.1523337931349367,-6511.0,-0.0017671905173984315,178369.0,180188,0.07910636343760674,208096,0.09135856886092421,0.07051282051282051,EXTREME_SHORT
2022-10-18,E-MINI S&P 500 - CHICAGO MERCANTILE EXCHANGE,13874A,2336566,479679,253393,932671,709308,154213,567495,3638.0,69935.0,-413282,-0.17687580834438232,-66297.0,-0.024542015209445628,-66636.0,223363,0.09559456056452076,226286,0.09684554170522039,0.057692307692307696,EXTREME_SHORT
2022-10-25,E-MINI S&P 500 - CHICAGO MERCANTILE EXCHANGE,13874A,2361824,475857,281597,944683,665069,153107,598944,-1106.0,31449.0,-445837,-0.18876808771525735,-32555.0,-0.01189227937087503,-159001.0,279614,0.11838900781768667,194260,0.08224998983836221,0.05128205128205128,EXTREME_SHORT
2022-11-01,E-MINI S&P 500 - CHICAGO MERCANTILE EXCHANGE,13874A,2336711,423340,367613,937799,616967,160373,556267,7266.0,-42677.0,-395894,-0.16942360437384,49943.0,0.019344483341417362,-55420.0,320832,0.13730067603567578,55727,0.023848477625174874,0.07051282051282051,EXTREME_SHORT
2022-11-08,E-MINI S&P 500 - CHICAGO MERCANTILE EXCHANGE,13874A,2318895,416671,351350,925395,602586,165888,557992,5515.0,1725.0,-392104,-0.16909088164837133,3790.0,0.0003327227254686649,-45119.0,322809,0.13920811420956963,65321,0.02816902015830816,0.07692307692307693,EXTREME_SHORT
2022-11-15,E-MINI S&P 500 - CHICAGO MERCANTILE EXCHANGE,13874A,2343509,408394,376245,943995,518947,152873,624147,-13015.0,66155.0,-471274,-0.20109758486099263,-79170.0,-0.03200670321262131,-57992.0,425048,0.1813724632591554,32149,0.013718317275504382,0.038461538461538464,EXTREME_SHORT
2022-11-22,E-MINI S&P 500 - CHICAGO MERCANTILE EXCHANGE,13874A,2304077,382469,400361,953471,498798,137283,573270,-15590.0,-50877.0,-435987,-0.1892241448527979,35287.0,0.011873440008194736,9850.0,454673,0.19733411687196217,-17892,-0.007765365480407122,0.057692307692307696,EXTREME_SHORT
2022-11-29,E-MINI S&P 500 - CHICAGO MERCANTILE EXCHANGE,13874A,2314527,387087,449072,982623,500695,141995,561335,4712.0,-11935.0,-419340,-0.1811774068740611,16647.0,0.008046737978736812,-23446.0,481928,0.20821878509086306,-61985,-0.026780849823743683,0.07692307692307693,EXTREME_SHORT
2022-12-06,E-MINI S&P 500 - CHICAGO MERCANTILE EXCHANGE,13874A,2287691,389653,418607,949311,485563,121180,552547,-20815.0,-8788.0,-431367,-0.1885599934606553,-12027.0,-0.007382586586594214,-39263.0,463748,0.20271444001834163,-28954,-0.012656429561509837,0.07051282051282051,EXTREME_SHORT
2022-12-13,E-MINI S&P 500 - CHICAGO MERCANTILE EXCHANGE,13874A,2477140,367698,377170,960181,472024,111051,587581,-10129.0,35034.0,-476530,-0.1923710407970482,-45163.0,-0.0038110473363928976,-5256.0,488157,0.19706476016696675,-9472,-0.003823764502611883,0.057692307692307696,EXTREME_SHORT
2022-12-20,E-MINI S&P 500 - CHICAGO MERCANTILE EXCHANGE,13874A,1986847,180422,372964,960291,516312,160644,379132,49593.0,-208449.0,-218488,-0.10996719928610507,258042.0,0.08240384151094313,217499.0,443979,0.22345907863061423,-192542,-0.09690831755037001,0.2692307692307692,NEUTRAL
2022-12-27,E-MINI S&P 500 - CHICAGO MERCANTILE EXCHANGE,13874A,1961310,192605,348359,954670,508391,142921,389695,-17723.0,10563.0,-246774,-0.1258210073879193,-28286.0,-0.01585380810181422,172566.0,446279,0.22754128618117483,-155754,-0.07941324930786056,0.21794871794871795,NEUTRAL
2023-01-03,E-MINI S&P 500 - CHICAGO MERCANTILE EXCHANGE,13874A,2010996,215840,331274,944237,507776,155431,431645,12510.0,41950.0,-276214,-0.1373518395859564,-29440.0,-0.011530832198037105,155153.0,436461,0.21703722931323582,-115434,-0.05740140706396234,0.14743589743589744,EXTREME_SHORT
2023-01-10,E-MINI S&P 500 - CHICAGO MERCANTILE EXCHANGE,13874A,2032566,242102,356212,948612,485521,150277,465602,-5154.0,33957.0,-315325,-0.15513641377450965,-39111.0,-0.017784574188553254,161205.0,463091,0.22783565207722653,-114110,-0.05614085840262997,0.1282051282051282,EXTREME_SHORT
2023-01-17,E-MINI S&P 500 - CHICAGO MERCANTILE EXCHANGE,13874A,2056472,264856,374186,973948,444676,140680,526923,-9597.0,61321.0,-386243,-0.18781826351148959,-70918.0,-0.032681849736979934,-167755.0,529272,0.2573689308680108,-109330,-0.053163865104898095,0.08333333333333333,EXTREME_SHORT
2023-01-24,E-MINI S&P 500 - CHICAGO MERCANTILE EXCHANGE,13874A,2024437,239531,362472,957411,426159,141156,516329,476.0,-10594.0,-375173,-0.18532214141511935,11070.0,0.0024961220963702346,-128399.0,531252,0.26241962580213657,-122941,-0.060728488957670704,0.08974358974358974,EXTREME_SHORT
2023-01-31,E-MINI S&P 500 - CHICAGO MERCANTILE EXCHANGE,13874A,2061419,254127,395107,949084,375133,144395,540657,3239.0,24328.0,-396262,-0.19222778096059073,-21089.0,-0.0069056395454713815,-120048.0,573951,0.27842520128125336,-140980,-0.06838978393038969,0.0641025641025641,EXTREME_SHORT
2023-02-07,E-MINI S&P 500 - CHICAGO MERCANTILE EXCHANGE,13874A,2053086,271202,404295,943852,380377,137027,529353,-7368.0,-11304.0,-392326,-0.19109087490733462,3936.0,0.0011369060532561148,-77001.0,563475,0.2744527019326029,-133093,-0.0648258280461705,0.07051282051282051,EXTREME_SHORT
2023-02-14,E-MINI S&P 500 - CHICAGO MERCANTILE EXCHANGE,13874A,2076347,288669,381794,957350,392416,129049,542436,-7978.0,13083.0,-413387,-0.19909340779744425,-21061.0,-0.008002532890109632,-27144.0,564934,0.272080726391109,-93125,-0.044850403135892024,0.04487179487179487,EXTREME_SHORT
2023-02-21,E-MINI S&P 500 - CHICAGO MERCANTILE EXCHANGE,13874A,2074486,283507,385229,957697,412608,143931,498746,14882.0,-43690.0,-354815,-0.17103754857829842,58572.0,0.02805585921914583,20358.0,545089,0.26275858212588565,-101722,-0.04903479705334237,0.1346153846153846,EXTREME_SHORT
2023-02-28,E-MINI S&P 500 - CHICAGO MERCANTILE EXCHANGE,13874A,2113159,301559,408946,956015,457970,168441,467359,24510.0,-31387.0,-298918,-0.1414555175450593,55897.0,0.029582031033239115,97344.0,498045,0.23568742342625426,-107387,-0.05081822995808645,0.1858974358974359,EXTREME_SHORT
2023-03-07,E-MINI S&P 500 - CHICAGO MERCANTILE EXCHANGE,13874A,2133169,305715,381938,959636,437632,148976,453166,-19465.0,-14193.0,-304190,-0.14260004715988278,-5272.0,-0.0011445296148234751,88136.0,522004,0.24470822518047095,-76223,-0.03573228375248281,0.1858974358974359,EXTREME_SHORT
2023-03-14,E-MINI S&P 500 - CHICAGO MERCANTILE EXCHANGE,13874A,2550984,300672,366592,972082,480887,151693,403962,2717.0,-49204.0,-252269,-0.09889085937034493,51921.0,0.04370918778953785,161118.0,491195,0.19255118809055644,-65920,-0.025841008802877635,0.391025641025641,NEUTRAL
2023-03-21,E-MINI S&P 500 - CHICAGO MERCANTILE EXCHANGE,13874A,2149005,442055,300594,978935,502773,81745,543444,-69948.0,139482.0,-461699,-0.21484314834074375,-209430.0,-0.11595228897039882,-106884.0,476162,0.22157323970860934,141461,0.06582627774249013,0.02564102564102564,EXTREME_SHORT
2023-03-28,E-MINI S&P 500 - CHICAGO MERCANTILE EXCHANGE,13874A,2142232,462636,276404,950025,520869,87408,537831,5663.0,-5613.0,-450423,-0.21025873948293183,11276.0,0.004584408857811917,-151505.0,429156,0.20033124330137914,186232,0.08693362810377214,0.038461538461538464,EXTREME_SHORT
2023-04-04,E-MINI S&P 500 - CHICAGO MERCANTILE EXCHANGE,13874A,2219512,478459,303116,932491,440912,92516,658328,5108.0,120497.0,-565812,-0.25492630812538974,-115389.0,-0.04466756864245791,-261622.0,491579,0.2214806678224763,175343,0.07900069925280873,0.00641025641025641,EXTREME_SHORT
2023-04-11,E-MINI S&P 500 - CHICAGO MERCANTILE EXCHANGE,13874A,2248469,478369,313635,973635,438455,119080,649998,26564.0,-8330.0,-530918,-0.23612422497263694,34894.0,0.018802083152752808,-278649.0,535180,0.23801973698547768,164734,0.0732649638487344,0.01282051282051282,EXTREME_SHORT
2023-04-18,E-MINI S&P 500 - CHICAGO MERCANTILE EXCHANGE,13874A,2278321,445296,321508,1026352,434887,119603,666899,523.0,16901.0,-547296,-0.2402190033801207,-16378.0,-0.004094778407483762,-85597.0,591465,0.25960564819443793,123788,0.05433299346316871,0.01282051282051282,EXTREME_SHORT
2023-04-25,E-MINI S&P 500 - CHICAGO MERCANTILE EXCHANGE,13874A,2265794,408670,350193,1029554,445080,142442,617508,22839.0,-49391.0,-475066,-0.20966866361196118,72230.0,0.030550339768159518,-24643.0,584474,0.2579554893339818,58477,0.025808612786511042,0.0641025641025641,EXTREME_SHORT
2023-05-02,S&P 500 Consolidated - CHICAGO MERCANTILE EXCHANGE,13874+,2304633,432560,350071,1026371,431625,131734,588857,103245.0,465355.0,-457123,-0.19834958537866984,17943.0,0.011319078233291341,108689.0,594746,0.2580653839461641,82489,0.03579268369410661,0.08974358974358974,EXTREME_SHORT
2023-05-09,S&P 500 Consolidated - CHICAGO MERCANTILE EXCHANGE,13874+,2325459,436131,337721,1023679,425316,135379,637987,3645.0,49130.0,-502608,-0.21613281507005713,-45485.0,-0.017783229691387292,28310.0,598363,0.257309632205943,98410,0.042318527224087805,0.04487179487179487,EXTREME_SHORT
2023-05-16,S&P 500 Consolidated - CHICAGO MERCANTILE EXCHANGE,13874+,2339836,443023,358177,1045630,431214,122528,611310,-12851.0,-26677.0,-488782,-0.20889583714414173,13826.0,0.0072369779259154055,58514.0,614416,0.26258934386854466,84846,0.036261515764352714,0.07692307692307693,EXTREME_SHORT
2023-05-23,S&P 500 Consolidated - CHICAGO MERCANTILE EXCHANGE,13874+,2420808,490913,433651,1052016,422846,158512,663114,35985.0,51804.0,-504602,-0.20844362708649344,-15820.0,0.0004522100576482835,-29536.0,629170,0.25990082650090385,57262,0.023654085743272494,0.08333333333333333,EXTREME_SHORT
2023-05-30,S&P 500 Consolidated - CHICAGO MERCANTILE EXCHANGE,13874+,2533871,565970,487948,1046229,416612,176827,693822,18314.0,30709.0,-516995,-0.20403367022235938,-12393.0,0.0044099568641340625,-59872.0,629617,0.24848028964379007,78022,0.030791622777955153,0.08974358974358974,EXTREME_SHORT
2023-06-06,S&P 500 Consolidated - CHICAGO MERCANTILE EXCHANGE,13874+,2544164,565153,481479,1051361,383644,170267,728831,-6560.0,35009.0,-558564,-0.21954716755680845,-41569.0,-0.015513497334449067,-55956.0,667717,0.2624504552379485,83674,0.03288860309319682,0.03205128205128205,EXTREME_SHORT
2023-06-13,S&P 500 Consolidated - CHICAGO MERCANTILE EXCHANGE,13874+,2956473,524515,530392,1098382,332715,162240,680616,-8027.0,-48216.0,-518376,-0.17533594928822283,40188.0,0.04421121826858562,-29594.0,765667,0.25897987230054187,-5877,-0.001987841593682743,0.21153846153846154,NEUTRAL
2023-06-20,S&P 500 Consolidated - CHICAGO MERCANTILE EXCHANGE,13874+,2233907,345269,563991,1119588,319482,127322,506274,-34919.0,-174342.0,-378952,-0.1696364262254427,139424.0,0.005699523062780126,125650.0,800106,0.3581644177667199,-218722,-0.09791007414364161,0.22435897435897437,NEUTRAL
2023-06-27,S&P 500 Consolidated - CHICAGO MERCANTILE EXCHANGE,13874+,2200098,323107,636821,1094188,338804,137504,449188,10182.0,-57086.0,-311684,-0.14166823477863258,67268.0,0.02796819144681012,205311.0,755384,0.3433410693523652,-313714,-0.14259092094988496,0.28205128205128205,NEUTRAL
2023-07-03,S&P 500 Consolidated - CHICAGO MERCANTILE EXCHANGE,13874+,2227564,307806,645068,1094223,315970,170351,455934,32847.0,6746.0,-285583,-0.12820417280940077,26101.0,0.013464061969231805,272981.0,778253,0.34937402471937956,-337262,-0.1514039551725562,0.33974358974358976,NEUTRAL
2023-07-11,S&P 500 Consolidated - CHICAGO MERCANTILE EXCHANGE,13874+,2228090,310465,648558,1085161,323785,173871,471990,3520.0,16056.0,-298119,-0.13380025043871657,-12536.0,-0.005596077629315799,220257.0,761376,0.3417168965347001,-338093,-0.1517411774210198,0.32051282051282054,NEUTRAL
2023-07-18,S&P 500 Consolidated - CHICAGO MERCANTILE EXCHANGE,13874+,2301847,314119,677066,1124679,303479,174361,548489,490.0,76499.0,-374128,-0.16253382609704295,-76009.0,-0.028733575658326377,4824.0,821200,0.3567569868892242,-362947,-0.15767642245553246,0.24358974358974358,NEUTRAL
2023-07-25,S&P 500 Consolidated - CHICAGO MERCANTILE EXCHANGE,13874+,2265346,297103,644467,1123597,319602,157181,549819,-17180.0,1330.0,-392638,-0.1733236335641443,-18510.0,-0.010789807467101342,-80954.0,803995,0.35491046400858856,-347364,-0.15333816556058102,0.21794871794871795,NEUTRAL
2023-08-01,S&P 500 Consolidated - CHICAGO MERCANTILE EXCHANGE,13874+,2263529,307721,672712,1126246,304082,149033,520351,-8148.0,-29469.0,-371318,-0.16404384481047074,21320.0,0.009279788753673551,-85735.0,822164,0.3632222074468673,-364991,-0.1612486519942974,0.25,NEUTRAL
2023-08-08,S&P 500 Consolidated - CHICAGO MERCANTILE EXCHANGE,13874+,2245745,313589,690921,1095481,319275,170759,487930,21726.0,-32421.0,-317171,-0.14123197424462705,54147.0,0.02281187056584369,-19052.0,776206,0.34563407688762526,-377332,-0.16802085722110036,0.3141025641025641,NEUTRAL
2023-08-15,S&P 500 Consolidated - CHICAGO MERCANTILE EXCHANGE,13874+,2246098,312550,705619,1105079,323616,147548,432293,-23211.0,-55637.0,-284745,-0.1267731862100407,32426.0,0.014458788034586362,89383.0,781463,0.3479202599352299,-393069,-0.17500082365061542,0.3717948717948718,NEUTRAL
2023-08-22,S&P 500 Consolidated - CHICAGO MERCANTILE EXCHANGE,13874+,2253916,313275,704606,1110243,353398,120968,447187,-26580.0,14894.0,-326219,-0.14473432017874668,-41474.0,-0.017961133968705995,66419.0,756845,0.3357911297492897,-391331,-0.17362270821095374,0.2948717948717949,NEUTRAL
2023-08-29,S&P 500 Consolidated - CHICAGO MERCANTILE EXCHANGE,13874+,2291670,329754,699081,1096427,339385,139155,483323,18187.0,36136.0,-344168,-0.15018218155319046,-17949.0,-0.00544786137444378,27150.0,757042,0.330345119498008,-369327,-0.16116063831179883,0.2948717948717949,NEUTRAL
2023-09-05,S&P 500 Consolidated - CHICAGO MERCANTILE EXCHANGE,13874+,2284667,322703,720246,1109586,327902,125462,451616,-13693.0,-31707.0,-326154,-0.14275778483253795,18014.0,0.00742439672065251,-8983.0,781684,0.3421435158821833,-397543,-0.17400478931940627,0.3076923076923077,NEUTRAL
2023-09-12,S&P 500 Consolidated - CHICAGO MERCANTILE EXCHANGE,13874+,2547762,277838,753232,1100501,317823,177330,416335,51867.0,-35280.0,-239005,-0.09380978286040847,87149.0,0.04894800197212948,45740.0,782678,0.30720216409539036,-475394,-0.18659278221435127,0.46153846153846156,NEUTRAL
2023-09-19,S&P 500 Consolidated - CHICAGO MERCANTILE EXCHANGE,13874+,2107388,250644,691050,1167197,302074,97053,418854,-80277.0,2518.0,-321801,-0.15270135352388833,-82796.0,-0.05889157066347986,4418.0,865123,0.4105190880843964,-440406,-0.20898192454355818,0.28205128205128205,NEUTRAL
2023-09-26,S&P 500 Consolidated - CHICAGO MERCANTILE EXCHANGE,13874+,2150244,254675,691293,1106462,345513,151252,437942,54199.0,19088.0,-286690,-0.13332905474913545,35111.0,0.019372298774752883,57478.0,760949,0.35388960508667855,-436618,-0.2030550951426908,0.36538461538461536,NEUTRAL
2023-10-03,S&P 500 Consolidated - CHICAGO MERCANTILE EXCHANGE,13874+,2151506,249395,686193,1076460,378656,131552,399462,-19700.0,-38479.0,-267910,-0.12452207895306823,18780.0,0.00880697579606722,58244.0,697804,0.324332816176204,-436798,-0.20301965228077448,0.41025641025641024,NEUTRAL
2023-10-10,S&P 500 Consolidated - CHICAGO MERCANTILE EXCHANGE,13874+,2088321,257471,608146,1070017,401413,112170,399379,-19383.0,-83.0,-287209,-0.1375310596407353,-19299.0,-0.01300898068766708,-48204.0,668604,0.3201634231519005,-350675,-0.16792198134290656,0.3525641025641026,NEUTRAL
2023-10-17,S&P 500 Consolidated - CHICAGO MERCANTILE EXCHANGE,13874+,2128482,267345,626110,1080972,406688,118831,384178,6662.0,-15201.0,-265347,-0.1246649020287698,21862.0,0.012866157611965509,56454.0,674284,0.316791027596193,-358765,-0.16855439698339003,0.4166666666666667,NEUTRAL
2023-10-24,S&P 500 Consolidated - CHICAGO MERCANTILE EXCHANGE,13874+,2176852,253470,646896,1066328,453308,160102,363319,41271.0,-20860.0,-203217,-0.09335361338299526,62130.0,0.03131128864577454,83473.0,613020,0.2816084878531016,-393426,-0.1807316253011229,0.4935897435897436,NEUTRAL
2023-10-31,S&P 500 Consolidated - CHICAGO MERCANTILE EXCHANGE,13874+,2193182,248577,652733,1074948,468610,146121,383423,-13981.0,20104.0,-237302,-0.10819986667773127,-34085.0,-0.014846253294736003,30608.0,606338,0.27646497189927693,-404156,-0.18427836814272597,0.4551282051282051,NEUTRAL
2023-11-07,S&P 500 Consolidated - CHICAGO MERCANTILE EXCHANGE,13874+,2194624,251340,648446,1091709,420025,168252,442153,22130.0,58731.0,-273901,-0.12480543364148027,-36599.0,-0.016605566963749,13308.0,671684,0.3060588055174827,-397106,-0.18094489078767023,0.4166666666666667,NEUTRAL
2023-11-14,S&P 500 Consolidated - CHICAGO MERCANTILE EXCHANGE,13874+,2208240,262081,676357,1088088,388863,178571,469104,10319.0,26951.0,-290533,-0.13156767380357207,-16632.0,-0.006762240162091801,-25186.0,699225,0.3166435713509401,-414276,-0.18760460819476144,0.38461538461538464,NEUTRAL
2023-11-21,S&P 500 Consolidated - CHICAGO MERCANTILE EXCHANGE,13874+,2255516,288437,719174,1133912,373170,164118,474549,-14452.0,5444.0,-310431,-0.13763192103270383,-19898.0,-0.006064247229131764,-107214.0,760742,0.33728069319836346,-430737,-0.1909704918963111,0.3525641025641026,NEUTRAL
2023-11-28,S&P 500 Consolidated - CHICAGO MERCANTILE EXCHANGE,13874+,2295420,277270,709960,1161034,367388,172624,490862,8506.0,16313.0,-318238,-0.1386404231033972,-7807.0,-0.0010085020706933623,-80936.0,793646,0.34575197567329724,-432690,-0.18850145071490185,0.34615384615384615,NEUTRAL
2023-12-05,S&P 500 Consolidated - CHICAGO MERCANTILE EXCHANGE,13874+,2330556,295918,755761,1164468,346616,160179,510568,-12446.0,19706.0,-350389,-0.1503456685872384,-32151.0,-0.01170524548384122,-76488.0,817852,0.35092570184968735,-459843,-0.19731042721136072,0.30128205128205127,NEUTRAL
2023-12-12,S&P 500 Consolidated - CHICAGO MERCANTILE EXCHANGE,13874+,2690306,348874,783882,1151484,324580,184974,545510,24795.0,34943.0,-360536,-0.13401300818568593,-10147.0,0.016332660401552485,-70003.0,826904,0.3073642923890442,-435008,-0.16169461763829096,0.38461538461538464,NEUTRAL
2023-12-19,S&P 500 Consolidated - CHICAGO MERCANTILE EXCHANGE,13874+,2167112,245994,791595,1177850,293402,155337,462928,-29637.0,-82582.0,-307591,-0.14193590363580655,52945.0,-0.00792289545012062,2840.0,884448,0.40812288428101545,-545601,-0.2517640989482777,0.3333333333333333,NEUTRAL
2023-12-26,S&P 500 Consolidated - CHICAGO MERCANTILE EXCHANGE,13874+,2166788,272763,816162,1155602,275125,145304,501011,-10033.0,38083.0,-355707,-0.16416326839543138,-48116.0,-0.022227364759624835,-37469.0,880477,0.4063512443303175,-543399,-0.2507854944738479,0.25,NEUTRAL
2024-01-02,S&P 500 Consolidated - CHICAGO MERCANTILE EXCHANGE,13874+,2234726,256142,848962,1220747,263371,147532,537745,2228.0,36734.0,-390213,-0.17461335304641373,-34506.0,-0.01045008465098235,-39824.0,957376,0.42840867292008056,-592820,-0.2652763694520044,0.21794871794871795,NEUTRAL
2024-01-09,S&P 500 Consolidated - CHICAGO MERCANTILE EXCHANGE,13874+,2225245,213291,896974,1196261,266029,162683,470085,15151.0,-67660.0,-307402,-0.13814299099649702,82811.0,0.036470362049916716,53134.0,930232,0.4180357668481448,-683683,-0.30723942756864975,0.3782051282051282,NEUTRAL
2024-01-16,S&P 500 Consolidated - CHICAGO MERCANTILE EXCHANGE,13874+,2233526,218844,855821,1191827,262325,154507,447414,-8176.0,-22671.0,-292907,-0.13114107469534717,14495.0,0.007001916301149852,14684.0,929502,0.41615902389316267,-636977,-0.28518897921940467,0.4423076923076923,NEUTRAL
2024-01-23,S&P 500 Consolidated - CHICAGO MERCANTILE EXCHANGE,13874+,2287411,248586,837806,1192719,278234,179526,567605,25019.0,120191.0,-388079,-0.16965862278357496,-95172.0,-0.0385175480882278,-32372.0,914485,0.3997904180752825,-589220,-0.2575925358407387,0.23717948717948717,NEUTRAL
2024-01-30,S&P 500 Consolidated - CHICAGO MERCANTILE EXCHANGE,13874+,2326056,261405,870018,1212141,240586,177373,602100,-2153.0,34495.0,-424727,-0.18259534594180019,-36648.0,-0.012936723158225222,-34514.0,971555,0.41768340916985663,-608613,-0.26165019242872917,0.19230769230769232,EXTREME_SHORT
2024-02-06,S&P 500 Consolidated - CHICAGO MERCANTILE EXCHANGE,13874+,2313768,288767,858262,1181044,263355,164162,571760,-13211.0,-30340.0,-407598,-0.17616200068459759,17129.0,0.0064333452572025995,-100196.0,917689,0.396621009539418,-569495,-0.246133147316412,0.21794871794871795,NEUTRAL
2024-02-13,S&P 500 Consolidated - CHICAGO MERCANTILE EXCHANGE,13874+,2355646,299148,870565,1182982,243591,178718,553828,14557.0,-17932.0,-375110,-0.15923869715568467,32488.0,0.016923303528912914,-82203.0,939391,0.3987827542848119,-571417,-0.24257337477702506,0.3076923076923077,NEUTRAL
2024-02-20,S&P 500 Consolidated - CHICAGO MERCANTILE EXCHANGE,13874+,2341883,296068,853958,1179284,232485,150669,563369,-28049.0,9541.0,-412700,-0.17622571238614396,-37590.0,-0.016987015230459285,-24621.0,946799,0.4042896250581263,-557890,-0.23822283179817266,0.21794871794871795,NEUTRAL
2024-02-27,S&P 500 Consolidated - CHICAGO MERCANTILE EXCHANGE,13874+,2365269,267718,841705,1176202,234510,167675,595974,17005.0,32605.0,-428299,-0.18107834669122203,-15599.0,-0.0048526343050780685,-3572.0,941692,0.3981331510284877,-573987,-0.2426730321160088,0.21153846153846154,NEUTRAL
2024-03-05,S&P 500 Consolidated - CHICAGO MERCANTILE EXCHANGE,13874+,2401166,290168,828407,1158454,238455,181513,582809,13839.0,-13165.0,-401296,-0.16712547154174265,27003.0,0.013952875149479377,6302.0,919999,0.38314677119366175,-538239,-0.22415734688896977,0.28846153846153844,NEUTRAL
2024-03-12,S&P 500 Consolidated - CHICAGO MERCANTILE EXCHANGE,13874+,2704540,284965,779603,1147222,231086,154339,639270,-27174.0,56461.0,-484931,-0.1793025801060439,-83635.0,-0.012177108564301264,-109821.0,916136,0.3387400445177368,-494638,-0.18289173020180882,0.21794871794871795,NEUTRAL
2024-03-19,S&P 500 Consolidated - CHICAGO MERCANTILE EXCHANGE,13874+,2111429,197047,819167,1167000,218215,114319,544704,-40020.0,-94566.0,-430385,-0.20383588555428575,54546.0,-0.024533305448241838,-17685.0,948785,0.4493568100087666,-622120,-0.2946440538611528,0.10256410256410256,EXTREME_SHORT
2024-03-26,S&P 500 Consolidated - CHICAGO MERCANTILE EXCHANGE,13874+,2128826,212819,806878,1164898,210054,117757,571262,3438.0,26559.0,-453505,-0.21303056238508924,-23120.0,-0.009194676830803494,-25206.0,954844,0.44853078645225114,-594059,-0.27905474660681523,0.0641025641025641,EXTREME_SHORT
2024-04-02,S&P 500 Consolidated - CHICAGO MERCANTILE EXCHANGE,13874+,2110281,189385,849698,1140332,203756,151898,515220,34141.0,-56042.0,-363322,-0.17216759284663985,90183.0,0.040862969538449395,37974.0,936576,0.4438157761928388,-660313,-0.31290287881092615,0.27564102564102566,NEUTRAL
2024-04-09,S&P 500 Consolidated - CHICAGO MERCANTILE EXCHANGE,13874+,2115693,162869,887885,1144099,197154,153065,486131,1167.0,-29089.0,-333066,-0.15742643190670857,30256.0,0.014741160939931275,151865.0,946945,0.4475814780310754,-725016,-0.34268487913889206,0.358974358974359,NEUTRAL
2024-04-16,S&P 500 Consolidated - CHICAGO MERCANTILE EXCHANGE,13874+,2124352,147195,870919,1087794,222601,222141,416715,69076.0,-69416.0,-194574,-0.09159216551682584,138492.0,0.06583426638988274,235811.0,865193,0.4072738416232338,-723724,-0.340679887325641,0.6346153846153846,NEUTRAL
2024-04-23,S&P 500 Consolidated - CHICAGO MERCANTILE EXCHANGE,13874+,2092629,163097,857451,1088443,244272,194277,392951,-27865.0,-23765.0,-198674,-0.09493990573579932,-4100.0,-0.00334774021897348,254831.0,844171,0.40340213195936786,-694354,-0.331809412944196,0.6217948717948718,NEUTRAL
2024-04-30,S&P 500 Consolidated - CHICAGO MERCANTILE EXCHANGE,13874+,2031800,147564,828231,1069340,241957,169983,359038,-24293.0,-33913.0,-189055,-0.0930480362240378,9619.0,0.0018918695117615125,174267.0,827383,0.40721675361748205,-680667,-0.3350068904419726,0.6346153846153846,NEUTRAL
2024-05-07,S&P 500 Consolidated - CHICAGO MERCANTILE EXCHANGE,13874+,2056976,169692,816849,1076754,211695,162959,415080,-7024.0,56042.0,-252121,-0.12256876113284744,-63066.0,-0.029520724908809637,80945.0,865059,0.4205489028554538,-647157,-0.3146157271645367,0.5769230769230769,NEUTRAL
2024-05-14,S&P 500 Consolidated - CHICAGO MERCANTILE EXCHANGE,13874+,2107573,178652,849984,1109863,188065,160172,443822,-2787.0,28742.0,-283650,-0.1345860855116288,-31529.0,-0.01201732437878135,-89076.0,921798,0.4373741739906518,-671332,-0.3185332133216738,0.48717948717948717,NEUTRAL
2024-05-21,S&P 500 Consolidated - CHICAGO MERCANTILE EXCHANGE,13874+,2176057,196185,887508,1130648,184325,168594,492963,8422.0,49141.0,-324369,-0.14906273135308495,-40719.0,-0.014476645841456165,-125695.0,946323,0.43487969294921963,-691323,-0.3176952625781402,0.40384615384615385,NEUTRAL
2024-05-28,S&P 500 Consolidated - CHICAGO MERCANTILE EXCHANGE,13874+,2207528,200232,898109,1143395,166011,175982,506487,7388.0,13524.0,-330505,-0.149717240279625,-6136.0,-0.0006545089265400372,-141450.0,977384,0.4427504430294882,-697877,-0.3161350614805339,0.40384615384615385,NEUTRAL
2024-06-04,S&P 500 Consolidated - CHICAGO MERCANTILE EXCHANGE,13874+,2189450,211791,926436,1122228,164812,159209,493896,-16773.0,-12590.0,-334687,-0.1528635045331019,-4182.0,-0.003146264253476916,-82566.0,957416,0.4372860764118843,-714645,-0.3264038913882482,0.3717948717948718,NEUTRAL
2024-06-11,S&P 500 Consolidated - CHICAGO MERCANTILE EXCHANGE,13874+,2296554,231297,956194,1138374,164489,157028,511028,-2181.0,17131.0,-354000,-0.15414399138883736,-19313.0,-0.001280486855735452,-70350.0,973885,0.4240636187958132,-724897,-0.3156455280389662,0.3717948717948718,NEUTRAL
2024-06-18,S&P 500 Consolidated - CHICAGO MERCANTILE EXCHANGE,13874+,2626904,210678,928414,1147347,177191,169695,527840,12666.0,16813.0,-358145,-0.13633730048757015,-4145.0,0.017806690901267214,-33776.0,970156,0.36931536135313664,-717736,-0.2732250588525504,0.5128205128205128,NEUTRAL
2024-06-25,S&P 500 Consolidated - CHICAGO MERCANTILE EXCHANGE,13874+,1986672,126570,923404,1148712,172082,134364,424451,-35331.0,-103389.0,-290087,-0.14601655431797497,68058.0,-0.009679253830404827,40418.0,976630,0.4915909621719136,-796834,-0.4010898628460058,0.42948717948717946,NEUTRAL
2024-07-02,S&P 500 Consolidated - CHICAGO MERCANTILE EXCHANGE,13874+,2047732,129826,931542,1139133,188459,174079,451285,39715.0,26834.0,-277206,-0.1353722069098886,12881.0,0.010644347408086369,57481.0,950674,0.4642570414487833,-801716,-0.39151412391855966,0.5256410256410257,NEUTRAL
2024-07-09,S&P 500 Consolidated - CHICAGO MERCANTILE EXCHANGE,13874+,2059456,131387,902976,1166148,186462,155137,480425,-18942.0,29140.0,-325288,-0.15794850679014263,-48082.0,-0.02257629988025403,28712.0,979686,0.475701350259486,-771589,-0.3746567054600827,0.358974358974359,NEUTRAL
2024-07-16,S&P 500 Consolidated - CHICAGO MERCANTILE EXCHANGE,13874+,2102256,125433,897063,1179373,174757,178519,531786,23382.0,51361.0,-353267,-0.16804185598709195,-27979.0,-0.01009334919694932,4878.0,1004616,0.47787519693129665,-771630,-0.3670485421375893,0.3141025641025641,NEUTRAL
2024-07-23,S&P 500 Consolidated - CHICAGO MERCANTILE EXCHANGE,13874+,2058317,130547,915154,1168133,170472,196230,472365,17711.0,-59421.0,-276135,-0.13415572042595966,77132.0,0.03388613556113229,13952.0,997661,0.48469744942105614,-784607,-0.3811886118610496,0.5512820512820513,NEUTRAL
2024-07-30,S&P 500 Consolidated - CHICAGO MERCANTILE EXCHANGE,13874+,2058295,132078,909637,1148334,199145,201842,449053,5613.0,-23312.0,-247211,-0.12010474689002305,28924.0,0.014050973535936609,29995.0,949189,0.4611530417165664,-777559,-0.3777684928545228,0.6538461538461539,NEUTRAL
2024-08-06,S&P 500 Consolidated - CHICAGO MERCANTILE EXCHANGE,13874+,2037394,140461,892247,1110751,220066,223745,437494,21903.0,-11559.0,-213749,-0.10491294271014835,33462.0,0.015191804179874702,111539.0,890685,0.4371687557733065,-751786,-0.3689939206653205,0.6858974358974359,NEUTRAL
2024-08-13,S&P 500 Consolidated - CHICAGO MERCANTILE EXCHANGE,13874+,2046062,152829,875435,1134539,183065,174872,453937,-48874.0,16443.0,-279065,-0.13639127260073253,-65316.0,-0.031478329890584175,74202.0,951474,0.4650269639922935,-722606,-0.3531691610518156,0.532051282051282,NEUTRAL
2024-08-20,S&P 500 Consolidated - CHICAGO MERCANTILE EXCHANGE,13874+,2066099,150826,860126,1131607,161563,184176,539003,9304.0,85066.0,-354827,-0.17173765632721374,-75762.0,-0.03534638372648122,-78692.0,970044,0.46950509147915953,-709300,-0.3433039752693361,0.28205128205128205,NEUTRAL
2024-08-27,S&P 500 Consolidated - CHICAGO MERCANTILE EXCHANGE,13874+,2113787,142487,898958,1149366,164950,208172,551392,23997.0,12389.0,-343220,-0.16237208384761567,11607.0,0.009365572479598072,-96009.0,984416,0.46571201355671127,-756471,-0.35787475275418007,0.3525641025641026,NEUTRAL
2024-09-03,S&P 500 Consolidated - CHICAGO MERCANTILE EXCHANGE,13874+,2120935,148873,933443,1158488,167953,224272,495136,16100.0,-56256.0,-270864,-0.12770971293321107,72356.0,0.034662370914404605,-57115.0,990535,0.4670275138087683,-784570,-0.36991704130489617,0.6346153846153846,NEUTRAL
2024-09-10,S&P 500 Consolidated - CHICAGO MERCANTILE EXCHANGE,13874+,2169815,151318,928670,1160479,175557,232210,486419,7938.0,-8717.0,-254209,-0.11715699264683856,16655.0,0.01055272028637251,24856.0,984922,0.45391980422294065,-777352,-0.35825727078114955,0.6987179487179487,NEUTRAL
2024-09-17,S&P 500 Consolidated - CHICAGO MERCANTILE EXCHANGE,13874+,2597333,152506,882970,1182111,160886,195393,548948,-36817.0,62529.0,-353555,-0.13612232239762864,-99346.0,-0.018965329750790086,1272.0,1021225,0.3931821603159857,-730464,-0.2812361757233285,0.5576923076923077,NEUTRAL
2024-09-24,S&P 500 Consolidated - CHICAGO MERCANTILE EXCHANGE,13874+,2055631,116835,975008,1219333,148938,167965,488161,-27428.0,-60788.0,-320196,-0.155765310019162,33359.0,-0.019642987621533353,23024.0,1070395,0.5207135911065751,-858173,-0.41747424513446235,0.391025641025641,NEUTRAL
2024-10-01,S&P 500 Consolidated - CHICAGO MERCANTILE EXCHANGE,13874+,2092048,126664,1017988,1218052,164182,174674,474796,6710.0,-13365.0,-300122,-0.14345846749214167,20074.0,0.012306842527020329,-29258.0,1053870,0.5037503919604139,-891324,-0.42605332191230794,0.47435897435897434,NEUTRAL
2024-10-08,S&P 500 Consolidated - CHICAGO MERCANTILE EXCHANGE,13874+,2144160,137521,1023511,1209625,161599,172526,499150,-2148.0,24354.0,-326624,-0.15233191552869188,-26502.0,-0.008873448036550213,-72415.0,1048026,0.48878162077456905,-885990,-0.4132107678531453,0.42948717948717946,NEUTRAL
2024-10-15,S&P 500 Consolidated - CHICAGO MERCANTILE EXCHANGE,13874+,2199693,138108,1059191,1224087,164183,187137,502109,14611.0,2960.0,-314972,-0.14318907229327002,11652.0,0.00914284323542186,38583.0,1059904,0.48184178428535257,-921083,-0.418732523129364,0.48717948717948717,NEUTRAL
2024-10-22,S&P 500 Consolidated - CHICAGO MERCANTILE EXCHANGE,13874+,2201296,124710,1054714,1236284,165719,199213,494746,12075.0,-7364.0,-295533,-0.1342540939519265,19439.0,0.008934978341343519,24663.0,1070565,0.4863339596310537,-930004,-0.4224802116571329,0.6025641025641025,NEUTRAL
2024-10-29,S&P 500 Consolidated - CHICAGO MERCANTILE EXCHANGE,13874+,2184936,119243,1057053,1220228,170270,188520,474454,-10693.0,-20292.0,-285934,-0.13086607571114212,9599.0,0.003388018240784385,14188.0,1049958,0.4805440525489076,-937810,-0.4292162333358963,0.6538461538461539,NEUTRAL
2024-11-05,S&P 500 Consolidated - CHICAGO MERCANTILE EXCHANGE,13874+,2158810,127431,1075761,1175374,178221,238391,423283,49871.0,-51171.0,-184892,-0.08564533238219205,101042.0,0.04522074332895007,141732.0,997153,0.46189937975088124,-948330,-0.43928367943450325,0.8269230769230769,EXTREME_LONG
2024-11-12,S&P 500 Consolidated - CHICAGO MERCANTILE EXCHANGE,13874+,2255574,135195,1099598,1244257,160533,218884,487384,-19507.0,64101.0,-268500,-0.11903843544924707,-83608.0,-0.03339310306705502,46472.0,1083724,0.4804648395486027,-964403,-0.4275643361734086,0.7307692307692307,NEUTRAL
2024-11-19,S&P 500 Consolidated - CHICAGO MERCANTILE EXCHANGE,13874+,2280743,125923,1098895,1249507,165200,231926,478807,13042.0,-8577.0,-246881,-0.10824586549207868,21619.0,0.010792569957168388,48652.0,1084307,0.4754183176271943,-972972,-0.426603085047285,0.7628205128205128,NEUTRAL
2024-11-26,S&P 500 Consolidated - CHICAGO MERCANTILE EXCHANGE,13874+,2295861,148519,1065153,1268093,162484,167735,467372,-64191.0,-11435.0,-299637,-0.13051182105536877,-52756.0,-0.022265955563290085,-13703.0,1105609,0.4815661749557138,-916634,-0.3992550071628901,0.6602564102564102,NEUTRAL
2024-12-03,S&P 500 Consolidated - CHICAGO MERCANTILE EXCHANGE,13874+,2303238,155611,1032622,1259805,160784,161513,514085,-6223.0,46713.0,-352572,-0.15307666858570412,-52935.0,-0.022564847530335358,-167680.0,1099021,0.4771634542326933,-877011,-0.38077306817619366,0.41025641025641024,NEUTRAL
2024-12-10,S&P 500 Consolidated - CHICAGO MERCANTILE EXCHANGE,13874+,2349247,155881,1054715,1250760,158951,187805,478394,26293.0,-35691.0,-290589,-0.12369452850211153,61983.0,0.029382140083592592,-22089.0,1091809,0.464748491750761,-898834,-0.38260514965007936,0.7307692307692307,NEUTRAL
2024-12-17,S&P 500 Consolidated - CHICAGO MERCANTILE EXCHANGE,13874+,2623934,148073,1083034,1217852,174072,216575,464444,28770.0,-13951.0,-247869,-0.09446464735774604,42720.0,0.02922988114436549,-988.0,1043780,0.3977920176345899,-934961,-0.3563203190324147,0.8205128205128205,EXTREME_LONG
2024-12-24,S&P 500 Consolidated - CHICAGO MERCANTILE EXCHANGE,13874+,2092944,133395,956946,1193250,149599,157251,489859,-59325.0,25416.0,-332608,-0.15891872883364294,-84739.0,-0.0644540814758969,-32971.0,1043651,0.49865213784984214,-823551,-0.39348926679356927,0.3782051282051282,NEUTRAL
2024-12-31,S&P 500 Consolidated - CHICAGO MERCANTILE EXCHANGE,13874+,2069072,147317,957802,1159520,173554,152000,477736,-5251.0,-12124.0,-325736,-0.15743096421970815,6872.0,0.0014877646139347944,26836.0,985966,0.4765257081435542,-810485,-0.3917142564396019,0.391025641025641,NEUTRAL
2025-01-07,S&P 500 Consolidated - CHICAGO MERCANTILE EXCHANGE,13874+,2081903,140308,941253,1158900,164602,149925,490740,-2075.0,13004.0,-340815,-0.16370359233835582,-15079.0,-0.006272628118647677,-50226.0,994298,0.47759093483221843,-800945,-0.3847177318059487,0.34615384615384615,NEUTRAL
2025-01-14,S&P 500 Consolidated - CHICAGO MERCANTILE EXCHANGE,13874+,2057030,137705,927968,1116343,187836,150826,451571,901.0,-39169.0,-300745,-0.14620350699795337,40070.0,0.017500085340402455,-52876.0,928507,0.45138233278075673,-790263,-0.38417670136069965,0.4935897435897436,NEUTRAL
2025-01-21,S&P 500 Consolidated - CHICAGO MERCANTILE EXCHANGE,13874+,2048587,148958,911235,1115968,180614,136276,526690,-14551.0,75119.0,-390414,-0.19057721248841275,-89669.0,-0.04437370549045938,-57806.0,935354,0.45658495343375705,-762277,-0.37209891500824716,0.17307692307692307,EXTREME_SHORT
2025-01-28,S&P 500 Consolidated - CHICAGO MERCANTILE EXCHANGE,13874+,2046711,141742,899446,1137316,170885,119780,518978,-16495.0,-7712.0,-399198,-0.1950436578491052,-8784.0,-0.0044664453606924615,-73462.0,966431,0.4721873288412482,-757704,-0.3702056616688922,0.15384615384615385,EXTREME_SHORT
2025-02-04,S&P 500 Consolidated - CHICAGO MERCANTILE EXCHANGE,13874+,2085692,137287,903996,1109578,181663,174823,501357,55043.0,-17621.0,-326534,-0.1565590700832146,72664.0,0.038484587765890615,14281.0,927915,0.4448955071026786,-766709,-0.36760413330443803,0.4230769230769231,NEUTRAL
2025-02-11,S&P 500 Consolidated - CHICAGO MERCANTILE EXCHANGE,13874+,2111106,136167,897622,1120534,184514,190561,549376,15737.0,48019.0,-358815,-0.16996541149520678,-32281.0,-0.013406341411992179,-58070.0,936020,0.4433789681806598,-761455,-0.3606900837759923,0.3076923076923077,NEUTRAL
2025-02-18,S&P 500 Consolidated - CHICAGO MERCANTILE EXCHANGE,13874+,2136225,148486,920086,1138446,185718,194000,550140,3439.0,764.0,-356140,-0.1667146485037859,2675.0,0.00325076299142088,34274.0,952728,0.44598672892602603,-771600,-0.3611979075237861,0.3525641025641026,NEUTRAL
2025-02-25,S&P 500 Consolidated - CHICAGO MERCANTILE EXCHANGE,13874+,2145543,140919,941217,1131624,208953,185543,523860,-8457.0,-26280.0,-338317,-0.15768362600982594,17823.0,0.009031022493959956,60881.0,922671,0.43004078687772745,-800298,-0.37300487568881163,0.4230769230769231,NEUTRAL
2025-03-04,S&P 500 Consolidated - CHICAGO MERCANTILE EXCHANGE,13874+,2202261,141264,1010425,1120326,207296,240489,528463,54946.0,4603.0,-287974,-0.13076288414497647,50343.0,0.026920741864849468,38560.0,913030,0.4145875534280451,-869161,-0.39466757119160717,0.7307692307692307,NEUTRAL
2025-03-11,S&P 500 Consolidated - CHICAGO MERCANTILE EXCHANGE,13874+,2308393,145410,1071348,1096672,247839,269887,461887,29399.0,-66577.0,-192000,-0.08317474537481269,95974.0,0.04758813877016378,166815.0,848833,0.36771598250384574,-925938,-0.4011180072024131,0.9423076923076923,EXTREME_LONG
2025-03-18,S&P 500 Consolidated - CHICAGO MERCANTILE EXCHANGE,13874+,2591482,134339,1041521,1070090,236328,238285,423487,-31603.0,-38400.0,-185202,-0.07146567099443485,6798.0,0.01170907438037784,170938.0,833762,0.32173173496863955,-907182,-0.35006301413631274,0.9423076923076923,EXTREME_LONG
2025-03-25,S&P 500 Consolidated - CHICAGO MERCANTILE EXCHANGE,13874+,2084451,134217,993988,1119994,202623,167647,403415,-70638.0,-20072.0,-235768,-0.11310795984170412,-50566.0,-0.04164228884726927,102549.0,917371,0.4401019740929386,-859771,-0.41246879873885256,0.8333333333333334,EXTREME_LONG
2025-04-01,S&P 500 Consolidated - CHICAGO MERCANTILE EXCHANGE,13874+,2124617,138550,986673,1094327,206681,169150,432438,1503.0,29023.0,-263288,-0.12392257051506224,-27520.0,-0.010814610673358122,24686.0,887646,0.4177910654014347,-848123,-0.39918865376677304,0.7884615384615384,NEUTRAL
2025-04-08,S&P 500 Consolidated - CHICAGO MERCANTILE EXCHANGE,13874+,2349923,162071,963565,1089384,273950,214605,487023,45454.0,54585.0,-272418,-0.11592635162939381,-9130.0,0.007996218885668427,-80418.0,815434,0.34700456142605524,-801494,-0.34107245216119847,0.8333333333333334,EXTREME_LONG
2025-04-15,S&P 500 Consolidated - CHICAGO MERCANTILE EXCHANGE,13874+,2197559,174861,930129,1090526,276607,158122,391325,-56483.0,-95698.0,-233203,-0.10611910760985256,39215.0,0.00980724401954125,-48001.0,813919,0.37037412874921677,-755268,-0.3436849704604063,0.8653846153846154,EXTREME_LONG
2025-04-22,S&P 500 Consolidated - CHICAGO MERCANTILE EXCHANGE,13874+,2224655,179688,955718,1120304,304345,169005,421326,10883.0,30001.0,-252321,-0.11342028314502699,-19118.0,-0.007301175535174426,-16553.0,815959,0.36678001757575895,-776030,-0.3488316165877406,0.8397435897435898,EXTREME_LONG
2025-04-29,S&P 500 Consolidated - CHICAGO MERCANTILE EXCHANGE,13874+,2150370,167505,917772,1112246,280078,147981,398154,-21024.0,-23172.0,-250173,-0.1163395136650902,2148.0,-0.0029192305200632096,13115.0,832168,0.3869882857368732,-750267,-0.3489013518603775,0.8333333333333334,EXTREME_LONG
2025-05-06,S&P 500 Consolidated - CHICAGO MERCANTILE EXCHANGE,13874+,2149796,189164,878566,1102134,283406,154731,414498,6750.0,16343.0,-259767,-0.12083332558065975,-9594.0,-0.004493811915569551,12651.0,818728,0.3808398564328894,-689402,-0.32068252057404517,0.8076923076923077,EXTREME_LONG
2025-05-13,S&P 500 Consolidated - CHICAGO MERCANTILE EXCHANGE,13874+,2142617,191123,864880,1115694,256693,157321,443939,2590.0,29441.0,-286618,-0.13377005783114762,-26851.0,-0.012936732250487873,-53415.0,859001,0.4009120622117719,-673757,-0.31445517327641853,0.6987179487179487,NEUTRAL
2025-05-20,S&P 500 Consolidated - CHICAGO MERCANTILE EXCHANGE,13874+,2130048,185308,863494,1126011,250324,147979,443912,-9341.0,-28.0,-295933,-0.13893254987681028,-9315.0,-0.005162492045662659,-43612.0,875687,0.41111139279490416,-678186,-0.31839000811249324,0.6025641025641025,NEUTRAL
2025-05-27,S&P 500 Consolidated - CHICAGO MERCANTILE EXCHANGE,13874+,2129520,164705,882554,1124498,265691,164254,420920,16275.0,-22992.0,-256666,-0.12052763063976858,39267.0,0.018404919237041698,-6493.0,858807,0.4032866561478643,-717849,-0.3370942747661445,0.8269230769230769,EXTREME_LONG
2025-06-03,S&P 500 Consolidated - CHICAGO MERCANTILE EXCHANGE,13874+,2140283,178879,869334,1085879,269554,158686,444233,-5569.0,23314.0,-285547,-0.13341553430083777,-28881.0,-0.012887903661069192,-25780.0,816325,0.3814098415957142,-690455,-0.3225998617939777,0.7115384615384616,NEUTRAL
2025-06-10,S&P 500 Consolidated - CHICAGO MERCANTILE EXCHANGE,13874+,2241820,195791,806098,1091111,262328,148966,462641,-9719.0,18408.0,-313675,-0.13991979730754475,-28128.0,-0.0065042630067069784,-27057.0,828783,0.3696920359350885,-610307,-0.2722372893452641,0.6025641025641025,NEUTRAL
2025-06-17,S&P 500 Consolidated - CHICAGO MERCANTILE EXCHANGE,13874+,2473205,221285,796467,1087314,238150,151112,477994,2146.0,15353.0,-326882,-0.13216939153850973,-13207.0,0.007750405769035018,-30949.0,849164,0.3433455779039748,-575182,-0.23256543634676463,0.7307692307692307,NEUTRAL
2025-06-24,S&P 500 Consolidated - CHICAGO MERCANTILE EXCHANGE,13874+,1898304,138331,745827,1066737,223268,138406,413729,-12707.0,-64265.0,-275323,-0.1450363060921749,51559.0,-0.012866914553665176,-18657.0,843469,0.4443276735443849,-607496,-0.32002039715451264,0.5448717948717948,NEUTRAL
2025-07-01,S&P 500 Consolidated - CHICAGO MERCANTILE EXCHANGE,13874+,1900931,121741,762388,1097414,255143,143778,447202,5372.0,33473.0,-303424,-0.1596186289770644,-28101.0,-0.014582322884889476,-17877.0,842271,0.4430834154422228,-640647,-0.33701749300737377,0.3974358974358974,NEUTRAL
2025-07-08,S&P 500 Consolidated - CHICAGO MERCANTILE EXCHANGE,13874+,1915351,120318,735418,1104653,238924,147316,492728,3538.0,45526.0,-345412,-0.18033874731054517,-41988.0,-0.02072011833348078,-31737.0,865729,0.4519949607147724,-615100,-0.3211421822945246,0.24358974358974358,NEUTRAL
2025-07-15,S&P 500 Consolidated - CHICAGO MERCANTILE EXCHANGE,13874+,1952930,146464,738098,1100376,232051,164743,509184,17427.0,16456.0,-344441,-0.17637140092066791,971.0,0.003967346389877252,-17559.0,868325,0.44462679153886725,-591634,-0.3029468542139247,0.2564102564102564,NEUTRAL
2025-07-22,S&P 500 Consolidated - CHICAGO MERCANTILE EXCHANGE,13874+,1937915,162730,740802,1095059,241731,146493,486440,-18250.0,-22744.0,-339947,-0.1754189425232789,4494.0,0.0009524583973890277,-64624.0,853328,0.44033303834275495,-578072,-0.2982958488891412,0.2692307692307692,NEUTRAL
2025-07-29,S&P 500 Consolidated - CHICAGO MERCANTILE EXCHANGE,13874+,1965169,135692,731302,1113916,239718,158368,522546,11875.0,36106.0,-364178,-0.18531637737008877,-24231.0,-0.009897434846809883,-60754.0,874198,0.4448462193327902,-595610,-0.3030833480479287,0.20512820512820512,NEUTRAL
2025-08-05,S&P 500 Consolidated - CHICAGO MERCANTILE EXCHANGE,13874+,1928385,121015,730249,1105164,255143,147105,478564,-11263.0,-43982.0,-331459,-0.17188424510665662,32719.0,0.01343213226343215,13953.0,850021,0.4407942397394711,-609234,-0.31592965097737225,0.2948717948717949,NEUTRAL
2025-08-12,S&P 500 Consolidated - CHICAGO MERCANTILE EXCHANGE,13874+,1990230,134433,736157,1154745,266621,133667,525741,-13438.0,47177.0,-392074,-0.19699934178461787,-60615.0,-0.025115096677961246,-47633.0,888124,0.44624189164066463,-601724,-0.3023389256518091,0.12179487179487179,EXTREME_SHORT
2025-08-19,S&P 500 Consolidated - CHICAGO MERCANTILE EXCHANGE,13874+,2001161,140077,751123,1144853,272944,142386,513362,8719.0,-12380.0,-370976,-0.18538038668552906,21098.0,0.011618955099088807,-31029.0,871909,0.43570157523557573,-611046,-0.3053457467939861,0.1858974358974359,EXTREME_SHORT
2025-08-26,S&P 500 Consolidated - CHICAGO MERCANTILE EXCHANGE,13874+,2043484,140192,718777,1137003,264192,130322,555910,-12064.0,42548.0,-425588,-0.20826588316815792,-54612.0,-0.02288549648262886,-61410.0,872811,0.42711907702727303,-578585,-0.28313654523353254,0.07051282051282051,EXTREME_SHORT
2025-09-02,S&P 500 Consolidated - CHICAGO MERCANTILE EXCHANGE,13874+,2022728,131768,733507,1126072,263943,131317,516857,995.0,-39053.0,-385540,-0.19060397641205343,40048.0,0.01766190675610449,-54081.0,862129,0.4262209254037122,-601739,-0.2974888368579463,0.14743589743589744,EXTREME_SHORT
2025-09-09,S&P 500 Consolidated - CHICAGO MERCANTILE EXCHANGE,13874+,2063255,126459,735515,1151913,262857,120061,540571,-11256.0,23714.0,-420510,-0.2038090299066281,-34970.0,-0.013205053494574681,-28436.0,889056,0.4308997191331173,-609056,-0.29519182069109245,0.08974358974358974,EXTREME_SHORT
2025-09-16,S&P 500 Consolidated - CHICAGO MERCANTILE EXCHANGE,13874+,2467095,155035,719372,1163037,264644,120809,598620,748.0,58049.0,-477811,-0.19367353101522236,-57301.0,0.010135498891405748,-106835.0,898393,0.3641501441979332,-564337,-0.22874554891481683,0.1282051282051282,EXTREME_SHORT
2025-09-23,S&P 500 Consolidated - CHICAGO MERCANTILE EXCHANGE,13874+,1963507,160173,751992,1156024,240181,113786,566058,-7023.0,-32562.0,-452272,-0.2303388783436983,25539.0,-0.03666534732847593,-26684.0,915843,0.466432256162061,-591819,-0.3014091622795335,0.019230769230769232,EXTREME_SHORT
2025-09-30,S&P 500 Consolidated - CHICAGO MERCANTILE EXCHANGE,13874+,1955078,154152,778870,1157476,219515,117682,555746,3896.0,-10312.0,-438064,-0.22406471762251942,14208.0,0.0062741607211788675,-52524.0,937961,0.4797563063980056,-624718,-0.31953610034996044,0.02564102564102564,EXTREME_SHORT
2025-10-07,S&P 500 Consolidated - CHICAGO MERCANTILE EXCHANGE,13874+,1965775,156944,753571,1161814,210643,132281,594558,14599.0,38812.0,-462277,-0.23516272208162176,-24213.0,-0.011098004459102334,-41767.0,951171,0.48386565095191464,-596627,-0.3035072681258028,0.019230769230769232,EXTREME_SHORT
2025-10-14,S&P 500 Consolidated - CHICAGO MERCANTILE EXCHANGE,13874+,1943899,138888,743679,1133830,209825,141062,562289,8782.0,-32269.0,-421227,-0.2166918137207746,41050.0,0.018470908360847166,56584.0,924005,0.4753359099418231,-604791,-0.3111226457753206,0.04487179487179487,EXTREME_SHORT
2025-10-21,S&P 500 Consolidated - CHICAGO MERCANTILE EXCHANGE,13874+,1900748,129513,707672,1117981,213312,125008,568247,-16054.0,5958.0,-443239,-0.23319188024924925,-22012.0,-0.01650006652847466,9033.0,904669,0.47595420329259847,-578159,-0.3041744618434427,0.02564102564102564,EXTREME_SHORT
2025-10-28,S&P 500 Consolidated - CHICAGO MERCANTILE EXCHANGE,13874+,1947747,137842,708674,1134568,225808,141643,592852,16635.0,24605.0,-451209,-0.23165688356855382,-7970.0,0.0015349966806954274,-13145.0,908760,0.4665698368422593,-570832,-0.29307297097620993,0.03205128205128205,EXTREME_SHORT
2025-11-04,S&P 500 Consolidated - CHICAGO MERCANTILE EXCHANGE,13874+,1977017,128424,747017,1124077,221725,167978,576026,26335.0,-16827.0,-408048,-0.20639579730472726,43161.0,0.02526108626382656,54229.0,902352,0.45642096147883404,-618593,-0.31289209956211805,0.11538461538461539,EXTREME_SHORT
2025-11-10,S&P 500 Consolidated - CHICAGO MERCANTILE EXCHANGE,13874+,2005108,133929,752140,1129384,223847,168555,589557,577.0,13531.0,-421002,-0.2099647500284274,-12954.0,-0.0035689527237001417,225.0,905537,0.4516150750981992,-618211,-0.3083180556857785,0.08974358974358974,EXTREME_SHORT
2025-11-18,S&P 500 Consolidated - CHICAGO MERCANTILE EXCHANGE,13874+,2064107,134893,811977,1133330,219379,195759,552811,27204.0,-36746.0,-357052,-0.17298134253699057,63950.0,0.03698340749143683,86187.0,913951,0.442782762715305,-677084,-0.3280275683382693,0.32051282051282054,NEUTRAL
2025-11-25,S&P 500 Consolidated - CHICAGO MERCANTILE EXCHANGE,13874+,2100665,147568,834479,1134473,226713,199433,577772,3675.0,24962.0,-378339,-0.1801043955128495,-21287.0,-0.00712305297585894,72870.0,907760,0.4321298255552408,-686911,-0.32699692716354106,0.26282051282051283,NEUTRAL
2025-12-02,S&P 500 Consolidated - CHICAGO MERCANTILE EXCHANGE,13874+,2102168,154061,810713,1158581,215431,174773,615460,-24660.0,37688.0,-440687,-0.2096345296855437,-62348.0,-0.029530134172694178,-32639.0,943150,0.4486558638510338,-656652,-0.3123689448226783,0.10256410256410256,EXTREME_SHORT
2025-12-09,S&P 500 Consolidated - CHICAGO MERCANTILE EXCHANGE,13874+,2172273,158005,821917,1170947,207956,163825,612587,-10948.0,-2874.0,-448762,-0.20658637289143675,-8075.0,0.003048156794106943,-27760.0,962991,0.44331030215815415,-663912,-0.3056300934551044,0.1282051282051282,EXTREME_SHORT
2025-12-16,S&P 500 Consolidated - CHICAGO MERCANTILE EXCHANGE,13874+,2504363,164997,895001,1170231,198182,207305,595952,43480.0,-16634.0,-388647,-0.15518796596180345,60115.0,0.051398406929633295,-31595.0,972049,0.3881422142077646,-730004,-0.29149288661428074,0.4807692307692308,NEUTRAL
2025-12-23,S&P 500 Consolidated - CHICAGO MERCANTILE EXCHANGE,13874+,1923191,128425,840342,1153485,213951,162773,533940,-44532.0,-62012.0,-371167,-0.1929953915133754,17480.0,-0.03780742555157196,7172.0,939534,0.4885287004774877,-711917,-0.3701748812260457,0.19230769230769232,EXTREME_SHORT
2025-12-30,S&P 500 Consolidated - CHICAGO MERCANTILE EXCHANGE,13874+,1949403,128812,848867,1170313,225976,145527,512156,-17246.0,-21784.0,-366629,-0.18807245089907013,4538.0,0.004922940614305288,74058.0,944337,0.48442369279210096,-720055,-0.36937205903550985,0.22435897435897437,NEUTRAL
2026-05-19,,13874+,2097761,137243,845802,1215000,206832,163924,566236,15782.0,-11261.0,-402312,-0.19178161859239445,-35683.0,-0.003709167693324328,46450.0,1008168,0.480592403043054,-708559,-0.3377691738954056,0.20512820512820512,NEUTRAL
