date,symbol,open,high,low,close,volume
2014-01-02,ESH14,2296.25,2299.25,2280.25,2285.0,1243227
2014-01-03,ESH14,2285.75,2291.5,2279.0,2284.0,961601
2014-01-06,ESH14,2282.5,2291.0,2275.75,2279.25,1369207
2014-01-07,ESH14,2278.25,2293.25,2278.0,2289.25,1162443
2014-01-08,ESH14,2289.25,2293.25,2284.0,2291.0,1330414
2014-01-09,ESH14,2290.25,2297.5,2282.75,2291.5,1324605
2014-01-10,ESH14,2291.75,2301.0,2284.75,2296.25,1455887
2014-01-13,ESH14,2297.0,2297.25,2268.0,2273.5,1710408
2014-01-14,ESH14,2274.25,2292.75,2271.25,2291.5,1595178
2014-01-15,ESH14,2291.5,2304.25,2290.0,2300.0,1260095
2014-01-16,ESH14,2300.0,2302.25,2293.0,2294.75,952497
2014-01-17,ESH14,2296.5,2301.25,2287.75,2292.75,1182782
2014-01-21,ESH14,2292.5,2302.5,2284.75,2297.0,1329662
2014-01-22,ESH14,2296.0,2301.75,2293.25,2297.0,941604
2014-01-23,ESH14,2297.5,2302.5,2272.25,2282.75,1815516
2014-01-24,ESH14,2282.5,2286.5,2238.5,2240.5,2566321
2014-01-27,ESH14,2240.25,2250.5,2225.5,2234.25,2776036
2014-01-28,ESH14,2229.75,2255.5,2229.5,2246.75,1726338
2014-01-29,ESH14,2254.5,2259.75,2222.5,2229.75,2740741
2014-01-30,ESH14,2228.5,2252.25,2226.25,2239.75,1824579
2014-01-31,ESH14,2242.0,2246.75,2219.75,2235.0,2389820
2014-02-03,ESH14,2236.0,2242.25,2190.75,2191.25,3026524
2014-02-04,ESH14,2196.75,2212.0,2192.5,2202.25,2325416
2014-02-05,ESH14,2202.75,2209.25,2190.5,2202.5,2075514
2014-02-06,ESH14,2203.25,2228.25,2202.5,2225.0,1739245
2014-02-07,ESH14,2226.5,2252.5,2216.75,2252.0,2344919
2014-02-10,ESH14,2251.5,2254.5,2244.75,2253.25,1148560
2014-02-11,ESH14,2253.75,2278.0,2252.75,2272.0,1764385
2014-02-12,ESH14,2271.75,2281.75,2269.75,2275.5,1385941
2014-02-13,ESH14,2275.25,2285.5,2260.75,2282.75,1645236
2014-02-14,ESH14,2282.25,2297.25,2274.5,2293.5,1365228
2014-02-18,ESH14,2292.0,2298.75,2290.0,2296.0,1210508
2014-02-19,ESH14,2295.75,2303.0,2281.75,2284.0,1771087
2014-02-20,ESH14,2284.5,2298.75,2275.75,2294.75,1608588
2014-02-21,ESH14,2294.5,2302.5,2291.25,2292.75,1316655
2014-02-24,ESH14,2293.75,2315.25,2287.75,2304.5,1612323
2014-02-25,ESH14,2303.25,2309.5,2295.75,2304.75,1566204
2014-02-26,ESH14,2306.0,2311.75,2296.5,2300.5,1464320
2014-02-27,ESH14,2302.25,2314.25,2291.25,2312.5,1615828
2014-02-28,ESH14,2313.0,2325.0,2303.75,2316.0,2106508
2014-03-03,ESH14,2304.5,2308.0,2290.75,2301.5,2376689
2014-03-04,ESH14,2302.25,2333.25,2302.0,2330.0,1750397
2014-03-05,ESH14,2329.25,2334.0,2326.25,2331.0,1254803
2014-03-06,ESH14,2332.25,2339.5,2329.5,2334.75,1283006
2014-03-07,ESH14,2334.75,2346.0,2327.75,2336.5,1756169
2014-03-10,ESH14,2334.0,2337.25,2324.25,2335.75,1167755
2014-03-11,ESH14,2334.75,2340.75,2321.5,2323.75,1609666
2014-03-12,ESH14,2323.25,2327.5,2312.25,2326.25,1666288
2014-03-13,ESH14,2327.25,2333.5,2300.0,2305.25,2346907
2014-03-14,ESM14,2305.25,2311.5,2297.25,2298.25,2197833
2014-03-17,ESM14,2297.5,2321.0,2288.75,2316.0,1854428
2014-03-18,ESM14,2317.0,2332.25,2310.75,2329.0,2054342
2014-03-19,ESM14,2329.25,2332.75,2307.25,2317.5,2004270
2014-03-20,ESM14,2316.5,2331.75,2310.0,2331.25,1671773
2014-03-21,ESM14,2330.0,2342.0,2320.75,2322.25,1750423
2014-03-24,ESM14,2320.75,2331.25,2306.5,2314.75,1835881
2014-03-25,ESM14,2315.5,2329.75,2313.25,2324.5,1657649
2014-03-26,ESM14,2324.25,2334.0,2306.75,2307.75,1898746
2014-03-27,ESM14,2310.25,2313.75,2299.25,2305.75,2031166
2014-03-28,ESM14,2308.75,2324.75,2306.75,2315.75,1502152
2014-03-31,ESM14,2320.25,2333.25,2320.25,2329.75,1572419
2014-04-01,ESM14,2329.75,2344.0,2327.5,2343.0,1213329
2014-04-02,ESM14,2343.0,2351.5,2341.5,2348.25,1181442
2014-04-03,ESM14,2348.0,2352.75,2340.75,2348.25,1239722
2014-04-04,ESM14,2349.5,2357.75,2321.0,2325.25,2496813
2014-04-07,ESM14,2326.25,2327.0,2299.75,2303.25,2179083
2014-04-08,ESM14,2305.25,2314.25,2296.0,2310.25,1854828
2014-04-09,ESM14,2310.25,2331.75,2309.0,2330.0,1414210
2014-04-10,ESM14,2331.0,2332.75,2289.0,2292.25,2378458
2014-04-11,ESM14,2294.75,2297.25,2272.5,2277.0,2527152
2014-04-14,ESM14,2271.25,2293.25,2268.5,2289.75,1885532
2014-04-15,ESM14,2290.25,2309.25,2274.5,2304.75,2609484
2014-04-16,ESM14,2308.0,2322.25,2305.75,2318.0,1643896
2014-04-17,ESM14,2317.75,2329.0,2312.5,2323.25,1255343
2014-04-21,ESM14,2324.5,2330.75,2321.75,2329.75,533891
2014-04-22,ESM14,2329.5,2344.0,2326.0,2339.25,1106460
2014-04-23,ESM14,2338.25,2346.0,2332.75,2338.25,1000557
2014-04-24,ESM14,2344.25,2347.75,2329.0,2338.25,1577086
2014-04-25,ESM14,2337.75,2339.0,2318.25,2325.25,1507792
2014-04-28,ESM14,2327.0,2337.0,2309.25,2331.25,2065197
2014-04-29,ESM14,2331.25,2340.5,2330.25,2337.0,1219110
2014-04-30,ESM14,2335.75,2345.5,2331.5,2343.25,1502102
2014-05-01,ESM14,2344.75,2348.0,2336.75,2343.0,938351
2014-05-02,ESM14,2344.0,2351.25,2337.25,2339.75,1717169
2014-05-05,ESM14,2340.75,2345.25,2325.75,2341.0,1176754
2014-05-06,ESM14,2342.75,2346.75,2327.0,2329.5,1379161
2014-05-07,ESM14,2329.25,2341.0,2319.75,2339.5,1999538
2014-05-08,ESM14,2340.0,2350.0,2330.25,2337.5,1753107
2014-05-09,ESM14,2335.5,2340.25,2327.75,2338.75,1476536
2014-05-12,ESM14,2339.25,2359.25,2339.25,2358.0,1183703
2014-05-13,ESM14,2358.75,2363.75,2357.25,2359.5,1076997
2014-05-14,ESM14,2360.0,2362.5,2347.5,2350.5,1186879
2014-05-15,ESM14,2351.0,2353.75,2324.25,2332.5,2247238
2014-05-16,ESM14,2332.25,2341.0,2326.5,2340.0,1522446
2014-05-19,ESM14,2341.5,2348.25,2331.0,2347.5,1035685
2014-05-20,ESM14,2346.75,2349.75,2330.0,2333.25,1564172
2014-05-21,ESM14,2333.75,2351.75,2331.75,2350.25,1358710
2014-05-22,ESM14,2349.0,2359.25,2348.0,2355.5,1026615
2014-05-23,ESM14,2355.5,2364.5,2354.75,2362.25,761557
2014-05-27,ESM14,2363.25,2375.25,2362.25,2374.5,922499
2014-05-28,ESM14,2375.0,2379.25,2369.75,2374.25,1062079
2014-05-29,ESM14,2375.0,2383.25,2372.5,2383.25,981817
2014-05-30,ESM14,2382.25,2387.5,2379.5,2386.75,1169034
2014-06-02,ESM14,2386.5,2389.5,2379.0,2387.0,1053526
2014-06-03,ESM14,2386.75,2388.75,2381.25,2387.25,948001
2014-06-04,ESM14,2388.0,2392.25,2381.25,2391.0,917108
2014-06-05,ESM14,2390.75,2406.0,2386.25,2403.75,1676659
2014-06-06,ESM14,2403.75,2414.75,2403.0,2414.5,1205739
2014-06-09,ESM14,2414.5,2420.0,2411.0,2415.5,1026966
2014-06-10,ESM14,2414.5,2417.0,2408.25,2415.75,1038073
2014-06-11,ESM14,2416.0,2416.25,2403.75,2409.25,1348569
2014-06-12,ESM14,2409.0,2413.0,2390.0,2395.75,1665612
2014-06-13,ESU14,2395.75,2402.0,2391.25,2400.5,1525197
2014-06-16,ESU14,2400.25,2405.75,2391.25,2401.5,1739592
2014-06-17,ESU14,2401.25,2408.0,2396.0,2406.0,1817231
2014-06-18,ESU14,2405.75,2422.5,2401.5,2421.25,1759084
2014-06-19,ESU14,2420.25,2424.5,2416.25,2422.5,1422610
2014-06-20,ESU14,2421.25,2429.0,2420.5,2425.5,1162086
2014-06-23,ESU14,2425.0,2432.0,2422.25,2425.25,1024411
2014-06-24,ESU14,2423.5,2432.25,2412.0,2415.5,1530560
2014-06-25,ESU14,2414.5,2425.5,2409.5,2421.75,1532088
2014-06-26,ESU14,2421.0,2424.75,2408.5,2421.0,1486643
2014-06-27,ESU14,2420.5,2426.25,2415.0,2424.25,1176129
2014-06-30,ESU14,2424.0,2429.0,2420.25,2424.75,1155861
2014-07-01,ESU14,2426.75,2444.0,2425.75,2438.0,1455654
2014-07-02,ESU14,2438.5,2442.25,2436.75,2440.0,920982
2014-07-03,ESU14,2440.25,2450.5,2438.25,2449.75,846127
2014-07-07,ESU14,2448.0,2449.75,2439.5,2443.25,1151705
2014-07-08,ESU14,2442.75,2443.0,2425.0,2432.75,1776514
2014-07-09,ESU14,2432.75,2440.5,2430.5,2439.5,1393006
2014-07-10,ESU14,2439.75,2440.5,2417.5,2430.0,1972746
2014-07-11,ESU14,2429.5,2435.75,2425.25,2434.75,1364154
2014-07-14,ESU14,2435.0,2446.25,2434.75,2443.25,1003831
2014-07-15,ESU14,2443.5,2448.5,2431.0,2440.25,1905617
2014-07-16,ESU14,2440.25,2450.25,2439.25,2447.0,1320381
2014-07-17,ESU14,2443.5,2448.25,2420.75,2425.75,2441561
2014-07-18,ESU14,2421.5,2446.5,2414.75,2443.75,1796625
2014-07-21,ESU14,2442.5,2443.75,2431.25,2438.5,1414256
2014-07-22,ESU14,2438.0,2452.75,2437.5,2447.25,1274851
2014-07-23,ESU14,2445.25,2455.75,2445.0,2453.0,1149621
2014-07-24,ESU14,2453.25,2458.0,2449.0,2453.0,1165644
2014-07-25,ESU14,2451.0,2453.0,2440.25,2443.75,1426906
2014-07-28,ESU14,2443.0,2448.25,2433.0,2445.25,1368020
2014-07-29,ESU14,2444.75,2451.75,2434.25,2435.25,1509091
2014-07-30,ESU14,2436.5,2446.5,2428.75,2437.25,1768972
2014-07-31,ESU14,2437.25,2437.75,2395.75,2397.0,2772401
2014-08-01,ESU14,2398.25,2404.5,2382.5,2390.75,2886317
2014-08-04,ESU14,2391.75,2409.75,2387.0,2404.25,1605356
2014-08-05,ESU14,2403.25,2405.5,2379.75,2385.25,2137277
2014-08-06,ESU14,2387.0,2395.75,2375.25,2387.0,1705227
2014-08-07,ESU14,2387.0,2398.0,2372.0,2377.5,1954046
2014-08-08,ESU14,2377.5,2400.5,2362.5,2396.0,1904778
2014-08-11,ESU14,2395.75,2413.25,2395.5,2404.75,1178957
2014-08-12,ESU14,2406.25,2411.0,2395.75,2402.75,1234217
2014-08-13,ESU14,2404.5,2418.75,2403.0,2417.0,1120054
2014-08-14,ESU14,2418.25,2427.25,2414.25,2425.75,967191
2014-08-15,ESU14,2426.5,2433.25,2409.5,2424.75,1813411
2014-08-18,ESU14,2428.0,2441.25,2428.0,2439.75,890465
2014-08-19,ESU14,2440.75,2452.0,2440.5,2449.5,868384
2014-08-20,ESU14,2450.0,2458.25,2445.25,2455.5,1058754
2014-08-21,ESU14,2455.0,2464.25,2453.0,2461.75,841545
2014-08-22,ESU14,2462.0,2463.75,2453.75,2460.0,1115885
2014-08-25,ESU14,2462.25,2472.0,2461.0,2467.25,853066
2014-08-26,ESU14,2466.75,2475.0,2464.5,2470.75,878014
2014-08-27,ESU14,2471.5,2472.75,2465.75,2469.25,761368
2014-08-28,ESU14,2469.0,2471.25,2459.75,2469.0,1088971
2014-08-29,ESU14,2471.5,2476.0,2464.5,2473.75,1042385
2014-09-02,ESU14,2471.25,2478.5,2465.0,2472.0,1244899
2014-09-03,ESU14,2472.75,2483.25,2468.5,2471.0,1297828
2014-09-04,ESU14,2471.0,2482.25,2463.0,2470.0,1519084
2014-09-05,ESU14,2471.25,2480.0,2460.5,2478.25,1693274
2014-09-08,ESU14,2478.75,2479.0,2466.25,2472.75,1212909
2014-09-09,ESU14,2472.5,2475.25,2455.5,2462.0,1768258
2014-09-10,ESU14,2461.75,2468.5,2453.75,2467.25,1590462
2014-09-11,ESU14,2466.75,2471.75,2457.25,2469.25,1742511
2014-09-12,ESZ14,2469.25,2469.5,2449.25,2454.75,1861290
2014-09-15,ESZ14,2451.75,2457.0,2446.0,2454.0,1742226
2014-09-16,ESZ14,2454.75,2472.5,2448.25,2469.5,2081652
2014-09-17,ESZ14,2469.5,2481.25,2461.25,2471.75,2039712
2014-09-18,ESZ14,2473.5,2484.75,2471.0,2482.5,1402964
2014-09-19,ESZ14,2484.0,2492.5,2476.25,2481.75,1670453
2014-09-22,ESZ14,2480.0,2481.0,2460.5,2464.25,1578996
2014-09-23,ESZ14,2462.0,2466.0,2446.25,2450.25,1631355
2014-09-24,ESZ14,2447.75,2470.5,2447.5,2469.0,1566690
2014-09-25,ESZ14,2468.75,2469.5,2435.75,2439.5,2318873
2014-09-26,ESZ14,2439.0,2457.25,2434.5,2454.0,1680945
2014-09-29,ESZ14,2452.75,2455.0,2433.5,2447.5,1786769
2014-09-30,ESZ14,2446.75,2456.25,2438.5,2443.5,1991628
2014-10-01,ESZ14,2439.0,2445.0,2411.75,2418.75,2450968
2014-10-02,ESZ14,2418.75,2423.75,2396.25,2416.5,2721573
2014-10-03,ESZ14,2416.5,2442.5,2413.75,2438.25,1556834
2014-10-06,ESZ14,2439.0,2449.0,2428.5,2434.0,1727529
2014-10-07,ESZ14,2431.25,2434.25,2402.5,2406.0,2166031
2014-10-08,ESZ14,2404.25,2442.0,2396.0,2439.75,2521875
2014-10-09,ESZ14,2439.5,2446.5,2393.25,2403.0,3103761
2014-10-10,ESZ14,2395.0,2409.25,2371.25,2372.25,3069299
2014-10-13,ESZ14,2370.0,2384.0,2342.25,2343.5,2948075
2014-10-14,ESZ14,2344.25,2370.75,2342.75,2352.75,3114778
2014-10-15,ESZ14,2356.25,2361.25,2291.0,2324.75,4661757
2014-10-16,ESZ14,2324.75,2347.75,2293.25,2328.5,3368379
2014-10-17,ESZ14,2331.0,2369.75,2329.0,2359.0,2579053
2014-10-20,ESZ14,2362.0,2382.5,2350.25,2378.0,1653127
2014-10-21,ESZ14,2381.5,2417.5,2363.75,2416.0,2239114
2014-10-22,ESZ14,2416.25,2421.75,2398.25,2403.0,2022453
2014-10-23,ESZ14,2402.5,2434.25,2400.25,2424.0,2014997
2014-10-24,ESZ14,2424.0,2438.5,2409.75,2437.75,1601260
2014-10-27,ESZ14,2438.25,2443.75,2422.5,2435.0,1452059
2014-10-28,ESZ14,2435.75,2458.75,2434.75,2458.0,1571000
2014-10-29,ESZ14,2454.0,2463.75,2440.0,2450.25,1895667
2014-10-30,ESZ14,2449.75,2472.25,2437.25,2466.5,1980796
2014-10-31,ESZ14,2465.75,2494.75,2464.75,2489.5,1924396
2014-11-03,ESZ14,2489.25,2497.25,2485.0,2489.0,1361523
2014-11-04,ESZ14,2488.5,2491.75,2473.25,2483.5,1524332
2014-11-05,ESZ14,2484.25,2498.5,2481.75,2496.75,1574778
2014-11-06,ESZ14,2496.5,2507.25,2488.75,2506.0,1434905
2014-11-07,ESZ14,2505.25,2511.5,2498.5,2504.0,1282437
2014-11-10,ESZ14,2503.75,2513.0,2499.0,2512.0,967814
2014-11-11,ESZ14,2511.75,2517.0,2509.0,2514.5,779708
2014-11-12,ESZ14,2514.5,2515.25,2504.75,2514.0,1082280
2014-11-13,ESZ14,2512.75,2521.75,2504.75,2512.0,1541477
2014-11-14,ESZ14,2511.0,2517.75,2510.0,2516.0,1047384
2014-11-17,ESZ14,2516.5,2518.5,2503.25,2517.75,1061143
2014-11-18,ESZ14,2517.25,2532.0,2513.75,2526.5,1146480
2014-11-19,ESZ14,2526.75,2528.5,2515.75,2525.25,1188471
2014-11-20,ESZ14,2525.0,2530.75,2513.25,2530.0,1130058
2014-11-21,ESZ14,2530.25,2550.25,2527.75,2539.75,1634315
2014-11-24,ESZ14,2540.25,2547.0,2538.75,2545.5,793915
2014-11-25,ESZ14,2545.25,2551.0,2540.75,2545.5,977855
2014-11-26,ESZ14,2546.25,2553.25,2543.25,2550.25,743541
2014-11-28,ESZ14,2552.0,2552.75,2541.5,2544.25,783116
2014-12-01,ESZ14,2541.25,2542.0,2526.25,2528.75,1471696
2014-12-02,ESZ14,2529.0,2546.0,2528.75,2544.0,1152160
2014-12-03,ESZ14,2544.5,2554.0,2541.25,2550.5,925314
2014-12-04,ESZ14,2551.0,2555.25,2539.25,2550.0,1374378
2014-12-05,ESZ14,2549.75,2557.0,2546.5,2554.0,1148282
2014-12-08,ESZ14,2553.75,2555.5,2531.75,2537.5,1414138
2014-12-09,ESZ14,2538.25,2540.25,2511.25,2535.5,1893729
2014-12-10,ESZ14,2535.75,2538.0,2501.25,2504.5,2376052
2014-12-11,ESZ14,2504.25,2534.5,2501.75,2509.0,2255859
2014-12-12,ESH15,2509.0,2512.0,2476.25,2477.0,2464056
2014-12-15,ESH15,2477.0,2498.75,2461.0,2469.75,2811936
2014-12-16,ESH15,2471.0,2497.75,2448.0,2451.5,3365454
2014-12-17,ESH15,2453.25,2497.5,2452.5,2494.75,2765611
2014-12-18,ESH15,2494.5,2549.25,2491.0,2546.5,2358167
2014-12-19,ESH15,2546.75,2562.75,2543.0,2553.5,1765615
2014-12-22,ESH15,2551.5,2562.5,2550.5,2559.0,858554
2014-12-23,ESH15,2559.5,2571.0,2558.0,2565.5,777814
2014-12-24,ESH15,2565.25,2570.0,2563.5,2565.25,235054
2014-12-26,ESH15,2565.25,2575.25,2565.0,2570.75,309281
2014-12-29,ESH15,2572.5,2575.25,2562.5,2572.25,636345
2014-12-30,ESH15,2574.0,2575.0,2559.5,2563.25,718028
2014-12-31,ESH15,2562.75,2569.25,2537.25,2539.0,836223
2015-01-02,ESH15,2541.5,2553.75,2525.25,2532.75,1358348
2015-01-05,ESH15,2532.25,2534.75,2496.0,2502.5,2033774
2015-01-06,ESH15,2505.5,2510.0,2470.75,2481.0,2345361
2015-01-07,ESH15,2483.0,2510.25,2482.25,2506.0,1760658
2015-01-08,ESH15,2507.0,2545.0,2506.75,2541.5,1555733
2015-01-09,ESH15,2540.25,2548.5,2517.75,2521.75,1907571
2015-01-12,ESH15,2521.0,2534.75,2501.75,2509.0,1622204
2015-01-13,ESH15,2510.25,2538.25,2487.5,2502.5,2496445
2015-01-14,ESH15,2503.75,2506.0,2467.75,2494.0,2516599
2015-01-15,ESH15,2496.25,2513.75,2464.75,2475.5,2259660
2015-01-16,ESH15,2467.25,2500.75,2456.75,2499.5,2017979
2015-01-20,ESH15,2500.0,2513.0,2484.0,2503.25,1807759
2015-01-21,ESH15,2502.25,2519.25,2491.75,2513.0,1639269
2015-01-22,ESH15,2513.25,2545.75,2505.75,2543.0,1834361
2015-01-23,ESH15,2543.0,2549.0,2528.75,2530.5,1353089
2015-01-26,ESH15,2521.5,2541.5,2512.0,2540.0,1264468
2015-01-27,ESH15,2540.5,2541.25,2499.75,2516.5,1957000
2015-01-28,ESH15,2523.0,2533.0,2477.75,2478.0,2087277
2015-01-29,ESH15,2480.0,2506.5,2468.5,2505.0,2124643
2015-01-30,ESH15,2505.75,2507.0,2472.75,2475.0,2353992
2015-02-02,ESH15,2477.0,2505.0,2460.25,2503.5,2038824
2015-02-03,ESH15,2501.5,2530.5,2493.5,2528.5,1705780
2015-02-04,ESH15,2527.0,2535.75,2509.25,2516.5,1696963
2015-02-05,ESH15,2511.5,2545.25,2507.25,2541.5,1343547
2015-02-06,ESH15,2542.75,2554.5,2531.0,2539.5,1722475
2015-02-09,ESH15,2536.5,2538.25,2523.0,2529.0,1289419
2015-02-10,ESH15,2530.25,2553.0,2527.0,2548.75,1397704
2015-02-11,ESH15,2549.25,2566.0,2539.75,2552.25,1295469
2015-02-12,ESH15,2558.0,2572.0,2545.0,2570.5,1433910
2015-02-13,ESH15,2569.5,2581.5,2568.0,2580.0,1224925
2015-02-17,ESH15,2577.75,2585.25,2567.25,2582.5,1234818
2015-02-18,ESH15,2583.0,2585.0,2575.0,2582.0,1088179
2015-02-19,ESH15,2581.75,2586.0,2573.75,2581.75,1143901
2015-02-20,ESH15,2582.5,2595.25,2568.75,2593.5,1645222
2015-02-23,ESH15,2593.75,2594.75,2586.25,2593.25,849695
2015-02-24,ESH15,2592.75,2602.25,2589.25,2600.25,1080747
2015-02-25,ESH15,2600.25,2604.25,2593.75,2596.75,974711
2015-02-26,ESH15,2597.0,2601.25,2588.0,2596.5,1176136
2015-02-27,ESH15,2596.0,2597.5,2587.25,2589.25,1207187
2015-03-02,ESH15,2590.5,2602.0,2587.0,2600.5,1075660
2015-03-03,ESH15,2600.5,2601.0,2582.0,2591.25,1360995
2015-03-04,ESH15,2591.25,2591.25,2571.75,2583.0,1490440
2015-03-05,ESH15,2583.0,2590.0,2579.75,2586.25,1097593
2015-03-06,ESH15,2586.0,2590.0,2552.0,2557.25,1901150
2015-03-09,ESH15,2560.0,2566.75,2552.5,2564.25,1189658
2015-03-10,ESH15,2564.0,2564.5,2528.5,2528.5,1903455
2015-03-11,ESH15,2530.75,2538.75,2524.75,2526.0,1707510
2015-03-12,ESH15,2528.5,2553.0,2524.75,2550.5,1628622
2015-03-13,ESH15,2550.75,2555.25,2526.5,2536.25,1209436
2015-03-16,ESM15,2536.25,2567.0,2530.25,2561.5,1698647
2015-03-17,ESM15,2559.5,2563.5,2549.25,2559.25,1791792
2015-03-18,ESM15,2559.25,2592.75,2545.25,2585.5,2013069
2015-03-19,ESM15,2586.5,2592.0,2569.5,2574.5,1496920
2015-03-20,ESM15,2572.5,2599.75,2570.75,2592.25,1417654
2015-03-23,ESM15,2590.75,2600.0,2586.25,2587.75,957576
2015-03-24,ESM15,2587.0,2594.0,2576.0,2578.0,1193863
2015-03-25,ESM15,2578.25,2582.25,2545.25,2546.75,1777447
2015-03-26,ESM15,2549.0,2551.75,2526.25,2541.5,1842218
2015-03-27,ESM15,2543.0,2550.75,2534.0,2545.5,1158856
2015-03-30,ESM15,2545.75,2574.75,2540.25,2568.5,1236364
2015-03-31,ESM15,2567.75,2569.75,2549.25,2553.75,1596352
2015-04-01,ESM15,2551.0,2553.75,2526.5,2546.0,1818878
2015-04-02,ESM15,2548.25,2557.75,2537.0,2552.5,1047174
2015-04-03,ESM15,2553.0,2556.75,2531.0,2552.5,95921
2015-04-06,ESM15,2532.5,2573.0,2531.75,2566.25,948447
2015-04-07,ESM15,2564.5,2575.75,2559.0,2560.75,1048474
2015-04-08,ESM15,2561.5,2573.25,2557.5,2569.0,1217049
2015-04-09,ESM15,2570.75,2580.0,2559.75,2578.75,1211778
2015-04-10,ESM15,2579.0,2589.25,2576.0,2588.5,880529
2015-04-13,ESM15,2588.25,2594.25,2578.25,2579.5,1080267
2015-04-14,ESM15,2580.0,2585.75,2568.75,2584.0,1267366
2015-04-15,ESM15,2584.75,2598.5,2580.25,2592.75,1045308
2015-04-16,ESM15,2594.5,2597.75,2582.0,2593.75,1113607
2015-04-17,ESM15,2594.25,2594.75,2557.5,2568.5,1822841
2015-04-20,ESM15,2574.0,2590.5,2571.5,2584.0,1119881
2015-04-21,ESM15,2582.5,2598.25,2580.25,2584.0,1052404
2015-04-22,ESM15,2585.0,2596.75,2573.25,2593.25,1188586
2015-04-23,ESM15,2592.25,2607.5,2580.5,2600.0,1362552
2015-04-24,ESM15,2600.5,2607.75,2596.0,2604.75,958312
2015-04-27,ESM15,2606.25,2612.75,2593.25,2597.75,1210483
2015-04-28,ESM15,2596.75,2605.5,2581.25,2605.0,1476513
2015-04-29,ESM15,2603.75,2605.5,2583.5,2592.0,1739720
2015-04-30,ESM15,2591.25,2595.0,2563.25,2572.0,2026329
2015-05-01,ESM15,2575.75,2595.5,2573.5,2594.5,1022085
2015-05-04,ESM15,2594.75,2608.0,2591.0,2602.25,1000837
2015-05-05,ESM15,2602.5,2604.75,2574.5,2577.0,1590274
2015-05-06,ESM15,2578.5,2586.75,2554.25,2567.25,1756254
2015-05-07,ESM15,2567.75,2581.25,2550.0,2577.25,1437746
2015-05-08,ESM15,2578.25,2606.5,2577.0,2601.5,1379447
2015-05-11,ESM15,2603.0,2606.5,2588.75,2590.75,1147278
2015-05-12,ESM15,2590.75,2594.0,2572.25,2588.0,1483837
2015-05-13,ESM15,2589.25,2599.5,2584.5,2587.5,1341325
2015-05-14,ESM15,2589.0,2611.25,2585.0,2610.5,1104560
2015-05-15,ESM15,2610.25,2615.75,2606.25,2612.0,1023893
2015-05-18,ESM15,2612.25,2621.75,2605.25,2619.0,917101
2015-05-19,ESM15,2619.75,2627.0,2614.25,2617.5,1001397
2015-05-20,ESM15,2617.25,2625.25,2612.25,2615.5,1011268
2015-05-21,ESM15,2613.75,2625.0,2608.0,2621.0,794479
2015-05-22,ESM15,2622.25,2624.0,2615.75,2617.5,765943
2015-05-26,ESM15,2617.5,2620.0,2589.0,2598.0,1589652
2015-05-27,ESM15,2598.75,2617.25,2594.25,2614.0,1290556
2015-05-28,ESM15,2613.0,2615.75,2603.5,2614.75,1082365
2015-05-29,ESM15,2614.75,2615.75,2595.25,2599.0,1692162
2015-06-01,ESM15,2600.0,2610.75,2593.25,2602.25,1338859
2015-06-02,ESM15,2604.0,2609.0,2587.0,2599.75,1442814
2015-06-03,ESM15,2600.0,2613.75,2599.75,2609.0,1314954
2015-06-04,ESM15,2609.25,2609.5,2584.25,2592.0,1717287
2015-06-05,ESM15,2591.75,2595.75,2576.5,2585.25,1460654
2015-06-08,ESM15,2585.0,2586.25,2569.25,2571.25,1290922
2015-06-09,ESM15,2573.0,2577.75,2561.75,2573.0,1449695
2015-06-10,ESM15,2573.75,2601.0,2573.0,2600.0,1665519
2015-06-11,ESM15,2599.0,2607.75,2596.25,2602.25,1480514
2015-06-12,ESM15,2602.0,2602.25,2583.25,2586.0,1134193
2015-06-15,ESU15,2586.0,2591.0,2572.25,2585.0,1999786
2015-06-16,ESU15,2584.75,2599.5,2571.5,2598.5,1657466
2015-06-17,ESU15,2599.25,2608.25,2588.25,2598.75,1578971
2015-06-18,ESU15,2598.5,2628.75,2591.5,2624.25,1902148
2015-06-19,ESU15,2624.25,2627.25,2606.5,2607.25,1239246
2015-06-22,ESU15,2615.25,2631.5,2613.0,2622.25,1095709
2015-06-23,ESU15,2624.25,2630.0,2620.75,2626.0,837133
2015-06-24,ESU15,2627.0,2628.0,2608.5,2609.0,1163124
2015-06-25,ESU15,2610.75,2622.25,2601.5,2603.5,1218149
2015-06-26,ESU15,2604.25,2610.25,2595.75,2605.25,1321884
2015-06-29,ESU15,2573.5,2592.75,2556.75,2560.0,2292340
2015-06-30,ESU15,2564.0,2578.5,2556.25,2564.0,2381572
2015-07-01,ESU15,2564.0,2587.0,2564.0,2580.5,1496815
2015-07-02,ESU15,2581.0,2588.5,2571.75,2578.25,1252317
2015-07-06,ESU15,2546.75,2581.25,2543.75,2574.0,1973058
2015-07-07,ESU15,2577.25,2587.5,2544.5,2583.25,2531662
2015-07-08,ESU15,2582.5,2582.75,2545.75,2548.75,2393226
2015-07-09,ESU15,2549.25,2577.5,2547.75,2550.75,1981972
2015-07-10,ESU15,2554.25,2584.25,2554.25,2578.5,1573858
2015-07-13,ESU15,2564.25,2604.25,2561.5,2604.0,1333579
2015-07-14,ESU15,2603.5,2615.0,2600.0,2611.5,955518
2015-07-15,ESU15,2612.0,2617.25,2604.5,2613.75,1147598
2015-07-16,ESU15,2613.5,2628.0,2612.25,2626.5,1107382
2015-07-17,ESU15,2626.5,2629.5,2622.25,2628.25,903686
2015-07-20,ESU15,2627.5,2635.75,2626.0,2631.5,937630
2015-07-21,ESU15,2630.75,2634.5,2616.25,2624.0,1209300
2015-07-22,ESU15,2617.25,2621.5,2611.75,2617.5,1224393
2015-07-23,ESU15,2618.75,2623.25,2601.0,2608.0,1437249
2015-07-24,ESU15,2610.5,2613.5,2579.25,2587.0,1669725
2015-07-27,ESU15,2587.75,2590.25,2566.0,2574.0,1781810
2015-07-28,ESU15,2575.0,2598.5,2571.0,2596.75,1725788
2015-07-29,ESU15,2597.5,2613.75,2594.0,2611.0,1397228
2015-07-30,ESU15,2609.0,2613.75,2597.25,2613.25,1286157
2015-07-31,ESU15,2611.25,2618.75,2604.75,2608.0,1602805
2015-08-03,ESU15,2608.25,2612.0,2589.5,2600.5,1512106
2015-08-04,ESU15,2600.0,2605.75,2591.0,2592.5,1327878
2015-08-05,ESU15,2592.0,2616.5,2591.75,2603.25,1384241
2015-08-06,ESU15,2603.5,2608.75,2579.5,2589.0,1608876
2015-08-07,ESU15,2589.5,2592.25,2571.5,2583.0,1596391
2015-08-10,ESU15,2581.5,2610.75,2581.25,2609.25,1198912
2015-08-11,ESU15,2610.25,2611.25,2580.25,2589.25,1783349
2015-08-12,ESU15,2590.25,2594.75,2556.0,2593.75,2364321
2015-08-13,ESU15,2592.25,2602.5,2582.75,2590.0,1496065
2015-08-14,ESU15,2588.75,2600.0,2583.25,2599.0,1069465
2015-08-17,ESU15,2599.0,2610.0,2584.25,2608.75,1292437
2015-08-18,ESU15,2607.75,2613.25,2599.75,2603.5,1135552
2015-08-19,ESU15,2602.75,2607.5,2576.0,2582.25,2289064
2015-08-20,ESU15,2583.0,2587.25,2534.0,2535.0,2583142
2015-08-21,ESU15,2535.75,2538.5,2476.75,2481.0,4168331
2015-08-24,ESU15,2474.0,2474.25,2340.5,2380.75,5258752
2015-08-25,ESU15,2382.25,2458.0,2369.5,2382.25,3658827
2015-08-26,ESU15,2385.5,2452.5,2360.0,2447.5,3527300
2015-08-27,ESU15,2450.75,2499.75,2444.0,2498.75,2940255
2015-08-28,ESU15,2497.75,2502.25,2476.75,2499.25,1968514
2015-08-31,ESU15,2495.75,2497.25,2468.75,2478.75,1876279
2015-09-01,ESU15,2475.0,2475.75,2408.25,2425.5,2822050
2015-09-02,ESU15,2423.0,2458.5,2416.75,2456.5,2178629
2015-09-03,ESU15,2457.0,2483.0,2451.5,2455.5,2054305
2015-09-04,ESU15,2456.75,2458.75,2417.25,2431.25,2138986
2015-09-08,ESU15,2426.25,2478.25,2425.25,2475.25,1880634
2015-09-09,ESU15,2476.0,2501.5,2445.0,2452.25,2144217
2015-09-10,ESU15,2453.25,2476.75,2438.0,2459.0,2270403
2015-09-11,ESU15,2459.0,2472.0,2446.75,2469.75,1045267
2015-09-14,ESZ15,2469.75,2481.0,2453.25,2460.75,1574502
2015-09-15,ESZ15,2460.25,2489.75,2452.0,2486.75,2035624
2015-09-16,ESZ15,2487.0,2505.75,2479.5,2504.75,1644800
2015-09-17,ESZ15,2503.25,2528.5,2488.75,2494.0,2327768
2015-09-18,ESZ15,2493.25,2499.75,2458.0,2467.25,2423501
2015-09-21,ESZ15,2466.0,2485.75,2455.25,2479.75,1513503
2015-09-22,ESZ15,2481.0,2481.75,2434.5,2448.75,1985152
2015-09-23,ESZ15,2447.25,2458.5,2427.25,2445.25,1423965
2015-09-24,ESZ15,2448.5,2453.0,2414.0,2435.5,2218286
2015-09-25,ESZ15,2430.0,2467.75,2427.0,2436.0,2080724
2015-09-28,ESZ15,2432.25,2446.5,2385.5,2388.75,2354063
2015-09-29,ESZ15,2393.0,2406.5,2377.75,2391.25,2374651
2015-09-30,ESZ15,2391.75,2427.25,2388.0,2425.5,2216643
2015-10-01,ESZ15,2419.25,2446.25,2407.0,2433.5,2052465
2015-10-02,ESZ15,2433.75,2460.5,2399.75,2459.75,2466082
2015-10-05,ESZ15,2457.75,2496.75,2454.0,2491.5,1675519
2015-10-06,ESZ15,2489.75,2499.0,2479.25,2485.25,1606289
2015-10-07,ESZ15,2477.75,2508.0,2477.25,2504.0,1937061
2015-10-08,ESZ15,2504.5,2525.5,2487.75,2523.25,1803978
2015-10-09,ESZ15,2520.75,2530.75,2515.5,2524.25,1378359
2015-10-12,ESZ15,2522.0,2530.75,2518.5,2527.75,804576
2015-10-13,ESZ15,2528.75,2531.5,2508.0,2510.75,1518662
2015-10-14,ESZ15,2508.25,2518.5,2499.25,2500.75,1780661
2015-10-15,ESZ15,2502.5,2536.25,2501.75,2535.75,1731138
2015-10-16,ESZ15,2535.0,2543.25,2529.0,2542.25,1362298
2015-10-19,ESZ15,2541.25,2544.75,2531.0,2544.25,1306548
2015-10-20,ESZ15,2543.25,2548.25,2535.25,2537.25,1276349
2015-10-21,ESZ15,2536.5,2551.0,2524.25,2525.25,1791221
2015-10-22,ESZ15,2527.25,2572.75,2525.25,2569.75,2099217
2015-10-23,ESZ15,2571.0,2591.25,2570.0,2582.75,2067465
2015-10-26,ESZ15,2582.75,2584.75,2574.25,2579.0,1184323
2015-10-27,ESZ15,2580.5,2581.5,2568.0,2577.25,1243601
2015-10-28,ESZ15,2578.75,2602.0,2572.25,2601.25,1890861
2015-10-29,ESZ15,2597.75,2603.25,2590.0,2599.75,1407730
2015-10-30,ESZ15,2601.5,2611.5,2586.5,2590.5,1751269
2015-11-02,ESZ15,2589.75,2616.75,2581.0,2612.25,1284044
2015-11-03,ESZ15,2610.0,2627.0,2605.75,2619.75,1348316
2015-11-04,ESZ15,2619.25,2626.5,2607.25,2611.5,1546504
2015-11-05,ESZ15,2612.25,2621.5,2600.75,2610.75,1538081
2015-11-06,ESZ15,2611.5,2615.75,2594.25,2610.5,1846631
2015-11-09,ESZ15,2608.75,2614.5,2578.75,2589.75,1856213
2015-11-10,ESZ15,2589.0,2595.75,2581.25,2594.75,1286098
2015-11-11,ESZ15,2593.25,2604.0,2584.5,2585.75,1171396
2015-11-12,ESZ15,2585.25,2594.25,2556.25,2557.25,1807653
2015-11-13,ESZ15,2557.25,2562.75,2528.25,2535.25,2128939
2015-11-16,ESZ15,2523.25,2567.75,2515.25,2564.75,1711062
2015-11-17,ESZ15,2564.5,2580.25,2558.25,2565.75,1621036
2015-11-18,ESZ15,2566.5,2599.25,2559.75,2596.5,1543330
2015-11-19,ESZ15,2595.0,2606.0,2592.0,2596.0,1284869
2015-11-20,ESZ15,2595.0,2611.25,2592.75,2605.5,1273905
2015-11-23,ESZ15,2606.5,2609.75,2595.0,2601.0,976103
2015-11-24,ESZ15,2599.75,2608.25,2582.25,2601.5,1517871
2015-11-25,ESZ15,2600.75,2609.25,2599.0,2604.75,746319
2015-11-27,ESZ15,2606.75,2615.0,2598.25,2606.75,653387
2015-11-30,ESZ15,2606.25,2611.75,2595.25,2596.5,1389020
2015-12-01,ESZ15,2602.25,2618.25,2600.25,2616.75,1482186
2015-12-02,ESZ15,2616.25,2621.75,2591.75,2598.25,1725833
2015-12-03,ESZ15,2600.0,2612.0,2556.75,2568.0,2655148
2015-12-04,ESZ15,2570.0,2609.75,2563.5,2605.25,2269530
2015-12-07,ESZ15,2609.0,2612.25,2581.25,2597.75,1699318
2015-12-08,ESZ15,2596.75,2598.25,2567.0,2575.5,2005017
2015-12-09,ESZ15,2576.25,2596.5,2551.0,2558.75,2690846
2015-12-10,ESZ15,2562.5,2583.75,2560.5,2566.0,1814232
2015-12-11,ESH16,2566.0,2571.25,2519.75,2524.75,2345329
2015-12-14,ESH16,2525.0,2543.0,2506.75,2533.0,2652781
2015-12-15,ESH16,2536.5,2569.25,2533.5,2560.5,2159593
2015-12-16,ESH16,2561.0,2592.25,2554.5,2587.25,2035482
2015-12-17,ESH16,2584.25,2596.25,2546.25,2548.25,2114912
2015-12-18,ESH16,2547.5,2553.25,2514.5,2515.5,2118900
2015-12-21,ESH16,2520.75,2543.0,2518.75,2538.5,1275266
2015-12-22,ESH16,2540.5,2560.0,2530.75,2559.5,1144898
2015-12-23,ESH16,2557.5,2581.25,2554.25,2576.5,1003982
2015-12-24,ESH16,2576.25,2583.25,2572.5,2574.75,325205
2015-12-28,ESH16,2574.75,2578.0,2558.75,2572.25,696448
2015-12-29,ESH16,2573.25,2598.0,2571.0,2596.25,832686
2015-12-30,ESH16,2595.5,2598.5,2577.0,2578.0,720601
2015-12-31,ESH16,2578.75,2581.25,2553.75,2559.0,1029390
2016-01-04,ESH16,2561.25,2567.0,2503.75,2532.5,2216549
2016-01-05,ESH16,2532.5,2540.5,2515.75,2535.25,1688974
2016-01-06,ESH16,2534.25,2536.75,2494.0,2509.5,2237518
2016-01-07,ESH16,2511.25,2514.5,2452.0,2456.5,2969295
2016-01-08,ESH16,2460.0,2488.25,2433.5,2435.0,2694404
2016-01-11,ESH16,2432.75,2452.5,2416.0,2437.75,2490336
2016-01-12,ESH16,2437.0,2463.75,2422.5,2448.5,2428110
2016-01-13,ESH16,2446.0,2470.0,2401.5,2405.0,2899958
2016-01-14,ESH16,2407.25,2451.0,2394.5,2438.0,3045826
2016-01-15,ESH16,2437.0,2443.25,2372.75,2398.5,3441956
2016-01-19,ESH16,2393.25,2431.0,2379.75,2396.5,2796679
2016-01-20,ESH16,2395.25,2402.0,2327.75,2378.5,3929776
2016-01-21,ESH16,2378.25,2406.75,2359.75,2384.5,2729407
2016-01-22,ESH16,2382.0,2425.75,2379.25,2422.75,2106526
2016-01-25,ESH16,2423.0,2427.75,2379.25,2393.75,1640401
2016-01-26,ESH16,2395.25,2423.25,2374.75,2419.5,1780235
2016-01-27,ESH16,2408.75,2433.5,2388.0,2398.5,2113363
2016-01-28,ESH16,2403.5,2426.0,2389.25,2404.25,2254109
2016-01-29,ESH16,2402.25,2456.5,2400.0,2453.5,2406399
2016-02-01,ESH16,2453.25,2463.5,2436.0,2454.75,1748062
2016-02-02,ESH16,2452.0,2452.75,2412.5,2421.0,2102411
2016-02-03,ESH16,2418.5,2435.75,2388.5,2432.0,2848193
2016-02-04,ESH16,2431.25,2445.75,2413.75,2431.25,2255360
2016-02-05,ESH16,2428.75,2438.0,2389.25,2398.75,2320680
2016-02-08,ESH16,2399.75,2408.0,2345.25,2375.5,2674512
2016-02-09,ESH16,2373.25,2387.25,2349.25,2371.75,2792208
2016-02-10,ESH16,2373.5,2401.25,2362.0,2370.25,2359881
2016-02-11,ESH16,2365.75,2370.75,2326.0,2348.0,3203999
2016-02-12,ESH16,2350.75,2384.25,2346.0,2381.75,2018154
2016-02-16,ESH16,2388.75,2416.25,2388.5,2412.25,2034059
2016-02-17,ESH16,2411.75,2451.5,2405.0,2446.25,1854185
2016-02-18,ESH16,2450.25,2457.0,2434.75,2440.0,1615605
2016-02-19,ESH16,2441.0,2446.25,2422.0,2438.0,1616647
2016-02-22,ESH16,2434.5,2467.25,2431.75,2459.75,1425321
2016-02-23,ESH16,2457.5,2461.5,2437.25,2439.5,1600879
2016-02-24,ESH16,2437.5,2457.25,2410.25,2453.75,2315370
2016-02-25,ESH16,2456.5,2475.0,2443.75,2474.0,1844284
2016-02-26,ESH16,2472.5,2492.25,2464.75,2466.25,1876651
2016-02-29,ESH16,2466.5,2479.75,2450.0,2453.0,1826411
2016-03-01,ESH16,2451.5,2502.0,2444.25,2501.5,2035550
2016-03-02,ESH16,2499.75,2508.25,2489.75,2507.0,1821662
2016-03-03,ESH16,2505.25,2516.0,2498.25,2514.0,1555391
2016-03-04,ESH16,2514.5,2531.0,2507.5,2518.5,2247812
2016-03-07,ESH16,2518.0,2528.0,2508.0,2522.5,1633347
2016-03-08,ESH16,2522.5,2523.75,2499.5,2504.5,1931272
2016-03-09,ESH16,2505.25,2517.5,2501.5,2512.5,1744984
2016-03-10,ESH16,2513.5,2533.75,2490.75,2512.25,2738172
2016-03-11,ESH16,2512.0,2545.75,2511.0,2543.5,1220530
2016-03-14,ESM16,2543.5,2549.0,2536.0,2543.25,1651775
2016-03-15,ESM16,2543.25,2544.0,2529.0,2540.5,1910850
2016-03-16,ESM16,2540.75,2556.75,2531.0,2551.25,2043775
2016-03-17,ESM16,2551.0,2570.75,2539.75,2564.25,2136877
2016-03-18,ESM16,2565.25,2576.75,2561.0,2571.5,1775664
2016-03-21,ESM16,2570.5,2578.5,2565.0,2576.75,1278261
2016-03-22,ESM16,2577.25,2581.5,2562.75,2576.5,1496196
2016-03-23,ESM16,2577.0,2579.25,2559.25,2562.75,1557185
2016-03-24,ESM16,2562.0,2564.25,2546.25,2562.5,1524072
2016-03-28,ESM16,2564.25,2573.75,2556.0,2562.0,907834
2016-03-29,ESM16,2561.75,2583.25,2553.25,2581.5,1549483
2016-03-30,ESM16,2582.5,2598.5,2580.75,2589.25,1627085
2016-03-31,ESM16,2589.5,2593.75,2581.25,2585.5,1736311
2016-04-01,ESM16,2586.75,2601.0,2569.25,2599.0,2051323
2016-04-04,ESM16,2598.0,2605.5,2588.25,2591.5,1380117
2016-04-05,ESM16,2589.5,2589.5,2568.25,2572.75,1827488
2016-04-06,ESM16,2576.0,2594.5,2569.0,2594.25,1894599
2016-04-07,ESM16,2593.75,2596.0,2560.0,2569.0,2052195
2016-04-08,ESM16,2568.5,2588.25,2564.25,2574.75,1768420
2016-04-11,ESM16,2575.0,2590.5,2566.5,2568.5,1679757
2016-04-12,ESM16,2566.5,2592.5,2563.25,2589.75,1831285
2016-04-13,ESM16,2589.25,2611.0,2588.0,2610.0,1637033
2016-04-14,ESM16,2610.25,2615.75,2602.5,2610.5,1363745
2016-04-15,ESM16,2611.75,2614.0,2603.5,2609.0,1230494
2016-04-18,ESM16,2598.25,2622.75,2592.5,2620.75,1400343
2016-04-19,ESM16,2619.25,2632.5,2618.75,2627.75,1565161
2016-04-20,ESM16,2628.25,2639.25,2619.75,2632.0,1464683
2016-04-21,ESM16,2631.75,2638.0,2612.75,2616.75,1638276
2016-04-22,ESM16,2613.75,2623.0,2609.0,2620.0,1497994
2016-04-25,ESM16,2625.5,2625.5,2605.0,2617.25,1280888
2016-04-26,ESM16,2618.25,2625.25,2613.5,2622.5,1225834
2016-04-27,ESM16,2616.25,2628.0,2610.25,2624.75,1420203
2016-04-28,ESM16,2626.5,2628.25,2599.25,2606.5,1938653
2016-04-29,ESM16,2607.75,2610.0,2579.75,2593.0,2419757
2016-05-02,ESM16,2594.75,2611.5,2589.5,2608.25,1306173
2016-05-03,ESM16,2609.5,2610.25,2582.0,2591.0,1827577
2016-05-04,ESM16,2591.5,2594.25,2573.0,2581.0,1557981
2016-05-05,ESM16,2580.5,2594.0,2573.5,2578.0,1433289
2016-05-06,ESM16,2577.5,2588.5,2564.5,2586.75,1813432
2016-05-09,ESM16,2587.0,2593.75,2582.25,2588.25,1370423
2016-05-10,ESM16,2588.0,2613.75,2582.0,2611.5,1416966
2016-05-11,ESM16,2611.25,2612.75,2591.5,2592.0,1471852
2016-05-12,ESM16,2593.0,2606.75,2582.5,2592.75,1799103
2016-05-13,ESM16,2593.25,2597.5,2572.5,2577.5,1878403
2016-05-16,ESM16,2575.25,2602.5,2569.0,2596.75,1421736
2016-05-17,ESM16,2596.0,2603.5,2570.75,2577.5,1988181
2016-05-18,ESM16,2577.75,2591.75,2564.75,2575.5,2085972
2016-05-19,ESM16,2577.5,2578.75,2556.0,2572.75,2055973
2016-05-20,ESM16,2572.75,2589.5,2571.25,2584.0,1583721
2016-05-23,ESM16,2587.25,2590.0,2577.5,2579.25,1183296
2016-05-24,ESM16,2579.0,2611.25,2575.25,2609.0,1603195
2016-05-25,ESM16,2609.0,2626.5,2607.5,2621.25,1442270
2016-05-26,ESM16,2622.75,2625.75,2616.5,2623.75,968439
2016-05-27,ESM16,2624.5,2632.75,2622.0,2631.25,1035175
2016-05-31,ESM16,2634.0,2637.75,2620.0,2629.0,1631254
2016-06-01,ESM16,2628.0,2633.25,2617.25,2632.0,1317565
2016-06-02,ESM16,2630.75,2638.75,2620.75,2637.75,1299962
2016-06-03,ESM16,2637.5,2640.0,2616.75,2631.75,1746160
2016-06-06,ESM16,2631.5,2646.25,2628.0,2642.25,1272974
2016-06-07,ESM16,2642.25,2652.0,2640.5,2644.25,1125951
2016-06-08,ESM16,2644.25,2653.75,2640.5,2652.0,1308451
2016-06-09,ESM16,2651.75,2652.5,2640.25,2648.25,1644419
2016-06-10,ESM16,2647.75,2648.0,2622.5,2630.25,1244099
2016-06-13,ESU16,2630.25,2638.5,2615.75,2619.0,2515271
2016-06-14,ESU16,2616.5,2622.0,2604.0,2615.25,2770212
2016-06-15,ESU16,2613.75,2628.75,2609.0,2612.75,1917677
2016-06-16,ESU16,2611.75,2620.75,2590.0,2619.75,2446637
2016-06-17,ESU16,2618.0,2624.0,2602.5,2608.25,1833560
2016-06-20,ESU16,2620.25,2641.75,2619.5,2623.5,1598465
2016-06-21,ESU16,2628.25,2635.25,2623.25,2629.75,1400709
2016-06-22,ESU16,2628.5,2640.5,2624.5,2626.0,1419838
2016-06-23,ESU16,2632.25,2662.5,2632.25,2655.0,1314510
2016-06-24,ESU16,2665.0,2668.75,2548.25,2567.75,4174598
2016-06-27,ESU16,2563.0,2571.75,2530.75,2534.25,3021015
2016-06-28,ESU16,2531.75,2579.0,2531.5,2577.75,2285755
2016-06-29,ESU16,2577.5,2624.0,2572.0,2616.0,2065151
2016-06-30,ESU16,2621.5,2640.5,2605.75,2639.5,2301226
2016-07-01,ESU16,2635.75,2650.0,2630.75,2645.5,1665376
2016-07-05,ESU16,2649.0,2654.0,2621.75,2632.0,1862935
2016-07-06,ESU16,2633.25,2643.75,2615.0,2643.25,2054794
2016-07-07,ESU16,2641.25,2651.25,2631.0,2641.25,1666356
2016-07-08,ESU16,2641.25,2674.75,2636.75,2669.75,1962358
2016-07-11,ESU16,2669.5,2686.0,2669.25,2679.5,1467322
2016-07-12,ESU16,2680.0,2698.5,2677.75,2695.0,1704053
2016-07-13,ESU16,2695.0,2701.5,2688.75,2695.25,1633489
2016-07-14,ESU16,2694.5,2717.25,2692.0,2706.5,1782561
2016-07-15,ESU16,2705.75,2714.0,2692.5,2702.0,1518276
2016-07-18,ESU16,2703.75,2712.5,2702.0,2709.25,1205765
2016-07-19,ESU16,2709.25,2710.0,2700.5,2708.0,1151631
2016-07-20,ESU16,2708.25,2719.0,2704.5,2716.75,1134131
2016-07-21,ESU16,2717.5,2719.5,2702.75,2707.25,1300678
2016-07-22,ESU16,2708.25,2718.5,2705.25,2716.75,1133059
2016-07-25,ESU16,2717.0,2721.75,2705.0,2711.5,1264905
2016-07-26,ESU16,2712.0,2717.25,2703.0,2712.5,1609035
2016-07-27,ESU16,2715.25,2718.5,2701.25,2709.75,1642569
2016-07-28,ESU16,2712.0,2717.75,2702.75,2714.0,1622142
2016-07-29,ESU16,2714.75,2721.0,2706.75,2717.5,1718155
2016-08-01,ESU16,2723.25,2727.0,2709.0,2713.75,1659094
2016-08-02,ESU16,2715.25,2720.25,2690.75,2702.0,1958950
2016-08-03,ESU16,2701.5,2707.5,2694.5,2706.25,1371176
2016-08-04,ESU16,2706.0,2713.5,2703.25,2708.5,1239577
2016-08-05,ESU16,2708.75,2727.75,2708.5,2726.0,1370482
2016-08-08,ESU16,2725.25,2732.25,2722.5,2724.75,970557
2016-08-09,ESU16,2725.25,2732.75,2723.0,2726.75,1191826
2016-08-10,ESU16,2727.25,2730.75,2717.0,2722.0,1371937
2016-08-11,ESU16,2721.75,2734.5,2719.25,2731.0,1326004
2016-08-12,ESU16,2731.0,2733.25,2724.75,2729.5,1270055
2016-08-15,ESU16,2730.0,2740.0,2729.75,2735.25,1090675
2016-08-16,ESU16,2735.25,2735.5,2724.5,2726.0,1391768
2016-08-17,ESU16,2726.75,2731.25,2714.75,2729.0,1702425
2016-08-18,ESU16,2730.0,2733.75,2725.5,2732.75,1201115
2016-08-19,ESU16,2732.75,2733.5,2721.75,2731.0,1431860
2016-08-22,ESU16,2731.0,2733.75,2722.75,2730.75,1543249
2016-08-23,ESU16,2730.0,2740.75,2728.5,2734.5,1125503
2016-08-24,ESU16,2735.0,2737.0,2718.0,2724.25,1508048
2016-08-25,ESU16,2724.25,2726.5,2716.75,2722.75,1501328
2016-08-26,ESU16,2723.25,2736.0,2706.75,2717.75,2535682
2016-08-29,ESU16,2717.0,2731.5,2713.75,2728.5,1245215
2016-08-30,ESU16,2729.25,2730.75,2717.75,2724.5,1372345
2016-08-31,ESU16,2725.0,2725.5,2708.75,2718.75,1864629
2016-09-01,ESU16,2718.25,2726.5,2704.0,2716.5,1943431
2016-09-02,ESU16,2715.5,2733.0,2713.5,2727.25,1700143
2016-09-06,ESU16,2728.5,2735.5,2722.25,2733.75,1627643
2016-09-07,ESU16,2734.5,2736.0,2726.75,2733.75,1459543
2016-09-08,ESU16,2733.75,2738.5,2725.0,2726.75,2105651
2016-09-09,ESZ16,2726.75,2728.25,2669.75,2672.5,2818480
2016-09-12,ESZ16,2671.75,2712.5,2656.75,2708.5,3327280
2016-09-13,ESZ16,2707.0,2707.25,2668.75,2678.75,3724471
2016-09-14,ESZ16,2681.5,2691.0,2668.5,2669.75,2546136
2016-09-15,ESZ16,2671.5,2701.0,2664.25,2694.5,2301296
2016-09-16,ESZ16,2693.0,2693.5,2679.5,2689.0,2064530
2016-09-19,ESZ16,2688.75,2703.25,2684.25,2689.5,1527880
2016-09-20,ESZ16,2690.25,2700.0,2685.5,2687.5,1385876
2016-09-21,ESZ16,2686.5,2714.0,2682.75,2712.75,1826950
2016-09-22,ESZ16,2712.75,2729.25,2709.25,2724.75,1523998
2016-09-23,ESZ16,2724.75,2726.0,2712.5,2714.5,1448300
2016-09-26,ESZ16,2712.75,2716.0,2693.25,2696.25,1602771
2016-09-27,ESZ16,2695.75,2710.5,2689.25,2709.25,1659780
2016-09-28,ESZ16,2708.5,2721.75,2700.5,2719.75,1733016
2016-09-29,ESZ16,2718.75,2723.5,2693.75,2705.0,2306654
2016-09-30,ESZ16,2702.25,2724.75,2692.25,2717.0,1989690
2016-10-03,ESZ16,2715.25,2720.5,2703.25,2709.75,1406125
2016-10-04,ESZ16,2710.25,2716.25,2692.5,2701.25,2143439
2016-10-05,ESZ16,2700.75,2714.5,2697.5,2709.75,1369566
2016-10-06,ESZ16,2709.75,2713.75,2699.75,2713.0,1209239
2016-10-07,ESZ16,2711.75,2718.0,2694.5,2703.0,1958026
2016-10-10,ESZ16,2708.5,2720.0,2705.0,2715.5,952867
2016-10-11,ESZ16,2716.0,2717.25,2678.25,2691.0,2243746
2016-10-12,ESZ16,2689.5,2697.25,2682.75,2688.0,1483026
2016-10-13,ESZ16,2684.25,2688.75,2664.25,2682.75,2195134
2016-10-14,ESZ16,2682.75,2699.75,2678.75,2683.5,1841156
2016-10-17,ESZ16,2682.75,2686.5,2673.25,2679.5,1251946
2016-10-18,ESZ16,2679.0,2696.25,2676.75,2688.5,1139317
2016-10-19,ESZ16,2688.0,2699.0,2683.0,2694.5,948475
2016-10-20,ESZ16,2694.0,2701.0,2683.25,2693.5,1611098
2016-10-21,ESZ16,2692.5,2695.0,2679.75,2691.25,1409837
2016-10-24,ESZ16,2693.5,2705.5,2691.25,2700.75,1010790
2016-10-25,ESZ16,2701.25,2706.25,2691.75,2694.5,1198210
2016-10-26,ESZ16,2691.75,2696.5,2681.25,2690.5,1548442
2016-10-27,ESZ16,2690.25,2700.25,2679.0,2680.0,1795356
2016-10-28,ESZ16,2683.75,2691.75,2669.0,2680.25,2391182
2016-10-31,ESZ16,2676.5,2687.0,2671.25,2676.5,1371713
2016-11-01,ESZ16,2680.0,2686.0,2647.5,2660.25,2257062
2016-11-02,ESZ16,2658.75,2663.0,2643.75,2648.75,2013595
2016-11-03,ESZ16,2644.75,2655.25,2636.25,2640.0,1795490
2016-11-04,ESZ16,2640.5,2650.75,2635.25,2636.5,2079129
2016-11-07,ESZ16,2662.5,2687.25,2659.25,2685.5,1761750
2016-11-08,ESZ16,2685.5,2699.75,2675.5,2692.0,1751369
2016-11-09,ESZ16,2694.5,2723.25,2585.0,2716.75,5280237
2016-11-10,ESZ16,2716.0,2737.0,2704.25,2723.75,3132340
2016-11-11,ESZ16,2721.5,2727.0,2705.0,2718.0,1883989
2016-11-14,ESZ16,2721.0,2731.0,2708.75,2717.0,1815339
2016-11-15,ESZ16,2717.5,2736.25,2715.0,2735.75,1443589
2016-11-16,ESZ16,2735.5,2741.5,2725.25,2729.25,1327887
2016-11-17,ESZ16,2729.0,2742.0,2728.25,2740.75,1350348
2016-11-18,ESZ16,2740.5,2744.0,2733.0,2737.25,1280719
2016-11-21,ESZ16,2736.0,2753.0,2735.0,2749.5,1233201
2016-11-22,ESZ16,2749.75,2759.5,2748.25,2756.75,1257560
2016-11-23,ESZ16,2757.75,2760.0,2748.5,2757.25,1101994
2016-11-25,ESZ16,2757.5,2768.25,2754.0,2767.75,561560
2016-11-28,ESZ16,2764.5,2766.0,2754.75,2757.25,1371374
2016-11-29,ESZ16,2756.75,2766.0,2752.75,2760.25,1405556
2016-11-30,ESZ16,2759.75,2770.25,2753.75,2755.25,1960189
2016-12-01,ESZ16,2756.0,2759.5,2742.5,2748.5,2148721
2016-12-02,ESZ16,2747.0,2753.75,2740.75,2748.5,1682042
2016-12-05,ESZ16,2740.5,2765.25,2735.5,2760.75,1663731
2016-12-06,ESZ16,2761.5,2768.5,2756.75,2766.5,1483946
2016-12-07,ESZ16,2767.75,2797.75,2763.25,2793.25,2328449
2016-12-08,ESZ16,2793.0,2808.0,2789.0,2804.25,2109978
2016-12-09,ESZ16,2803.25,2817.75,2801.5,2816.5,1090581
2016-12-12,ESH17,2816.5,2826.0,2808.0,2811.75,1973091
2016-12-13,ESH17,2811.5,2834.25,2809.0,2829.0,2325023
2016-12-14,ESH17,2829.25,2833.75,2804.25,2813.25,2267763
2016-12-15,ESH17,2813.0,2829.0,2808.5,2819.75,1976782
2016-12-16,ESH17,2820.75,2825.25,2810.75,2816.5,1415262
2016-12-19,ESH17,2817.25,2825.0,2815.25,2821.25,928690
2016-12-20,ESH17,2821.5,2830.75,2821.25,2827.75,814005
2016-12-21,ESH17,2828.5,2829.25,2819.25,2821.75,667705
2016-12-22,ESH17,2819.5,2822.25,2812.75,2820.0,847626
2016-12-23,ESH17,2818.75,2822.25,2815.5,2821.25,396535
2016-12-27,ESH17,2820.0,2830.75,2819.0,2822.25,498741
2016-12-28,ESH17,2822.5,2828.75,2804.75,2806.5,1000606
2016-12-29,ESH17,2806.75,2811.25,2800.75,2806.25,913220
2016-12-30,ESH17,2807.5,2814.0,2789.25,2797.5,1281987
2017-01-03,ESH17,2802.0,2820.75,2800.75,2813.75,1810351
2017-01-04,ESH17,2814.0,2828.5,2812.25,2825.5,1404875
2017-01-05,ESH17,2825.75,2827.25,2815.25,2825.5,1324035
2017-01-06,ESH17,2825.5,2838.25,2819.5,2832.75,1551007
2017-01-09,ESH17,2832.5,2836.5,2824.75,2826.25,1025182
2017-01-10,ESH17,2825.75,2835.25,2820.75,2825.0,1304523
2017-01-11,ESH17,2825.0,2833.0,2816.25,2831.75,1733727
2017-01-12,ESH17,2831.75,2831.75,2809.75,2824.75,1752976
2017-01-13,ESH17,2825.75,2834.75,2824.0,2833.75,1192660
2017-01-17,ESH17,2831.5,2831.75,2818.5,2824.0,1540220
2017-01-18,ESH17,2823.25,2829.75,2819.5,2827.75,1111992
2017-01-19,ESH17,2826.75,2830.75,2814.25,2822.75,1386240
2017-01-20,ESH17,2822.25,2834.0,2821.0,2827.25,1737181
2017-01-23,ESH17,2827.25,2828.75,2813.0,2823.25,1474482
2017-01-24,ESH17,2822.0,2841.75,2820.75,2835.75,1273116
2017-01-25,ESH17,2837.0,2856.5,2836.0,2855.25,1386477
2017-01-26,ESH17,2855.0,2860.75,2850.75,2855.25,1170427
2017-01-27,ESH17,2855.25,2858.0,2848.25,2850.25,942076
2017-01-30,ESH17,2843.25,2847.0,2824.5,2837.25,1850992
2017-01-31,ESH17,2837.0,2839.5,2823.5,2835.75,1628810
2017-02-01,ESH17,2838.25,2846.25,2829.5,2835.75,1565006
2017-02-02,ESH17,2836.25,2841.0,2825.75,2836.75,1414426
2017-02-03,ESH17,2835.25,2855.25,2831.75,2852.25,1415043
2017-02-06,ESH17,2854.25,2855.5,2844.75,2847.75,1164914
2017-02-07,ESH17,2847.5,2856.25,2845.25,2849.75,1202059
2017-02-08,ESH17,2847.0,2853.25,2842.25,2851.5,1283261
2017-02-09,ESH17,2851.75,2869.0,2849.0,2865.5,1354847
2017-02-10,ESH17,2865.5,2877.0,2864.25,2874.0,1177521
2017-02-13,ESH17,2875.5,2890.25,2874.5,2887.5,1210205
2017-02-14,ESH17,2887.75,2899.0,2881.0,2898.25,1390309
2017-02-15,ESH17,2896.75,2912.75,2892.5,2911.75,1532340
2017-02-16,ESH17,2911.5,2912.0,2898.0,2906.75,1737007
2017-02-17,ESH17,2906.25,2910.0,2897.75,2909.25,1399520
2017-02-21,ESH17,2907.75,2926.25,2907.25,2921.25,1653551
2017-02-22,ESH17,2921.25,2925.0,2916.5,2922.25,1301504
2017-02-23,ESH17,2923.25,2928.75,2914.25,2924.0,1556359
2017-02-24,ESH17,2922.75,2927.0,2910.75,2926.25,1551959
2017-02-27,ESH17,2924.0,2932.0,2922.25,2929.5,1156575
2017-02-28,ESH17,2927.0,2930.0,2918.75,2924.0,1610710
2017-03-01,ESH17,2925.75,2962.25,2924.5,2954.75,2171551
2017-03-02,ESH17,2953.5,2955.5,2939.25,2943.25,1744834
2017-03-03,ESH17,2941.0,2944.5,2935.0,2942.5,1357594
2017-03-06,ESH17,2941.5,2942.0,2928.25,2936.75,1376883
2017-03-07,ESH17,2932.5,2936.75,2925.75,2927.75,1303962
2017-03-08,ESH17,2927.0,2934.25,2920.75,2925.25,1651698
2017-03-09,ESH17,2925.0,2930.5,2915.25,2927.5,1788548
2017-03-10,ESH17,2928.75,2941.0,2923.5,2933.0,1361113
2017-03-13,ESM17,2933.0,2937.25,2930.0,2937.0,1612837
2017-03-14,ESM17,2936.0,2936.75,2920.0,2928.25,2014740
2017-03-15,ESM17,2928.75,2953.0,2928.25,2945.75,1775343
2017-03-16,ESM17,2944.5,2954.0,2938.75,2944.25,1616078
2017-03-17,ESM17,2944.5,2947.5,2938.0,2940.5,1277357
2017-03-20,ESM17,2939.0,2941.25,2930.75,2935.5,1076099
2017-03-21,ESM17,2934.25,2944.0,2903.25,2907.5,2567939
2017-03-22,ESM17,2905.75,2914.0,2897.5,2907.75,1883451
2017-03-23,ESM17,2907.5,2921.25,2903.5,2905.25,1631527
2017-03-24,ESM17,2906.25,2918.0,2897.0,2910.0,1600274
2017-03-27,ESM17,2902.25,2906.75,2883.0,2903.75,1614233
2017-03-28,ESM17,2905.75,2925.75,2898.75,2916.75,1623900
2017-03-29,ESM17,2918.25,2925.0,2914.0,2922.25,1154538
2017-03-30,ESM17,2922.25,2932.0,2918.5,2929.75,1164616
2017-03-31,ESM17,2930.75,2932.0,2922.0,2924.5,1568884
2017-04-03,ESM17,2922.75,2928.5,2905.25,2921.25,1716027
2017-04-04,ESM17,2919.5,2924.0,2910.0,2921.75,1209054
2017-04-05,ESM17,2924.0,2940.25,2909.0,2911.75,1938825
2017-04-06,ESM17,2910.75,2926.5,2903.25,2919.0,1595949
2017-04-07,ESM17,2920.5,2926.0,2902.0,2917.5,1473460
2017-04-10,ESM17,2917.0,2928.5,2912.75,2917.75,1351301
2017-04-11,ESM17,2919.5,2921.0,2898.5,2916.25,1856700
2017-04-12,ESM17,2917.0,2921.75,2902.75,2906.0,1534596
2017-04-13,ESM17,2904.0,2910.25,2889.25,2892.75,1587079
2017-04-17,ESM17,2889.25,2911.25,2888.0,2910.25,981675
2017-04-18,ESM17,2910.25,2912.25,2895.5,2902.5,1432200
2017-04-19,ESM17,2903.0,2914.5,2896.5,2899.0,1254296
2017-04-20,ESM17,2898.5,2923.5,2897.75,2917.25,1468523
2017-04-21,ESM17,2918.0,2921.25,2905.75,2912.75,1277783
2017-04-24,ESM17,2931.0,2942.0,2930.5,2935.25,1553985
2017-04-25,ESM17,2935.25,2954.5,2933.5,2950.25,1324272
2017-04-26,ESM17,2948.25,2960.0,2946.75,2947.5,1493096
2017-04-27,ESM17,2946.75,2954.0,2944.0,2951.25,1115269
2017-04-28,ESM17,2951.5,2954.0,2943.5,2945.75,1167297
2017-05-01,ESM17,2946.75,2956.0,2942.25,2952.25,906278
2017-05-02,ESM17,2951.5,2954.0,2947.0,2951.0,958983
2017-05-03,ESM17,2949.25,2951.25,2940.75,2948.5,1076558
2017-05-04,ESM17,2947.25,2956.0,2941.25,2950.75,1229736
2017-05-05,ESM17,2951.25,2964.5,2944.25,2963.0,1127621
2017-05-08,ESM17,2967.75,2969.0,2955.0,2960.25,957161
2017-05-09,ESM17,2959.75,2965.25,2954.0,2958.5,1105436
2017-05-10,ESM17,2957.0,2962.25,2952.75,2960.5,998859
2017-05-11,ESM17,2960.25,2960.5,2944.25,2956.25,1356242
2017-05-12,ESM17,2955.5,2956.75,2949.5,2954.0,1087422
2017-05-15,ESM17,2954.0,2967.5,2953.25,2963.75,1041264
2017-05-16,ESM17,2965.0,2969.75,2959.0,2962.25,1071111
2017-05-17,ESM17,2961.75,2962.0,2920.0,2922.75,2814349
2017-05-18,ESM17,2920.25,2940.25,2909.75,2928.75,2460956
2017-05-19,ESM17,2929.25,2953.25,2926.25,2946.75,1672971
2017-05-22,ESM17,2947.0,2959.5,2943.5,2958.0,1113022
2017-05-23,ESM17,2958.75,2964.75,2952.0,2963.25,1024986
2017-05-24,ESM17,2962.25,2969.25,2960.0,2967.25,984358
2017-05-25,ESM17,2968.25,2983.0,2967.75,2978.75,1315611
2017-05-26,ESM17,2978.25,2981.0,2973.25,2979.0,879560
2017-05-30,ESM17,2979.25,2982.25,2973.0,2976.0,1040285
2017-05-31,ESM17,2975.75,2982.0,2968.0,2976.25,1729723
2017-06-01,ESM17,2979.0,2995.75,2975.75,2994.75,1432385
2017-06-02,ESM17,2994.5,3005.0,2992.25,3003.0,1735800
2017-06-05,ESM17,3000.5,3004.25,2998.25,2999.75,891938
2017-06-06,ESM17,2999.5,3001.0,2991.5,2996.0,1353806
2017-06-07,ESM17,2994.75,3000.25,2989.25,2997.25,1431930
2017-06-08,ESM17,2996.75,3004.25,2992.5,2997.75,1445922
2017-06-09,ESM17,2992.5,3011.0,2980.0,2995.75,1588107
2017-06-12,ESU17,2995.75,2996.5,2984.5,2994.25,2175655
2017-06-13,ESU17,2994.25,3007.0,2993.0,3005.75,1923275
2017-06-14,ESU17,3006.0,3011.0,2993.5,3003.0,1818280
2017-06-15,ESU17,3001.5,3002.25,2984.0,2999.75,1874682
2017-06-16,ESU17,2999.0,3004.5,2988.0,2998.75,1336684
2017-06-19,ESU17,3001.25,3019.25,3000.5,3015.25,1223334
2017-06-20,ESU17,3015.5,3018.75,3001.75,3005.25,1332027
2017-06-21,ESU17,3003.5,3007.75,2995.75,3001.25,1374762
2017-06-22,ESU17,2999.5,3006.75,2995.75,2999.5,1056822
2017-06-23,ESU17,2999.0,3006.5,2996.0,3002.75,1197448
2017-06-26,ESU17,2999.75,3015.25,2997.75,3003.75,1265812
2017-06-27,ESU17,3003.5,3005.0,2984.25,2988.25,1639883
2017-06-28,ESU17,2984.75,3010.25,2981.5,3006.25,1560424
2017-06-29,ESU17,3009.75,3012.75,2970.0,2987.75,2337789
2017-06-30,ESU17,2988.5,2997.5,2982.75,2988.75,1638217
2017-07-03,ESU17,2989.75,3004.25,2989.25,2992.75,766228
2017-07-05,ESU17,2991.5,3000.0,2987.0,2995.75,1287423
2017-07-06,ESU17,2995.75,2998.25,2973.0,2976.25,1603746
2017-07-07,ESU17,2977.0,2992.75,2975.25,2990.25,1266391
2017-07-10,ESU17,2990.75,2997.75,2987.0,2992.25,861222
2017-07-11,ESU17,2991.5,2995.5,2978.0,2992.25,1132273
2017-07-12,ESU17,2992.75,3011.5,2990.25,3007.75,1163339
2017-07-13,ESU17,3009.0,3014.75,3006.75,3013.25,941061
2017-07-14,ESU17,3014.25,3029.0,3009.75,3023.75,1091078
2017-07-17,ESU17,3024.75,3028.25,3021.75,3026.25,862469
2017-07-18,ESU17,3027.0,3028.75,3015.75,3025.5,1091158
2017-07-19,ESU17,3027.5,3039.75,3025.5,3039.25,958463
2017-07-20,ESU17,3038.75,3044.0,3033.25,3039.0,1106684
2017-07-21,ESU17,3040.25,3043.0,3030.5,3037.25,1095937
2017-07-24,ESU17,3037.5,3038.25,3031.25,3036.25,857750
2017-07-25,ESU17,3034.75,3046.5,3034.0,3041.75,1074033
2017-07-26,ESU17,3043.0,3047.5,3039.25,3041.0,972444
2017-07-27,ESU17,3042.25,3048.25,3024.75,3039.75,1647577
2017-07-28,ESU17,3039.75,3039.75,3029.25,3038.0,1156784
2017-07-31,ESU17,3038.25,3042.75,3033.0,3035.75,1229202
2017-08-01,ESU17,3035.75,3045.0,3034.0,3040.0,1043439
2017-08-02,ESU17,3041.75,3043.75,3031.0,3041.25,1304650
2017-08-03,ESU17,3041.0,3042.25,3033.75,3039.5,1087355
2017-08-04,ESU17,3038.5,3045.5,3035.5,3039.75,1070866
2017-08-07,ESU17,3040.0,3046.0,3039.75,3045.25,599701
2017-08-08,ESU17,3045.25,3056.25,3035.25,3040.5,1367671
2017-08-09,ESU17,3037.75,3042.25,3026.75,3040.75,1555517
2017-08-10,ESU17,3041.75,3042.0,3000.5,3005.25,2324062
2017-08-11,ESU17,3002.25,3014.25,2998.0,3007.75,1670104
2017-08-14,ESU17,3009.25,3034.25,3009.25,3031.25,1470477
2017-08-15,ESU17,3032.25,3041.0,3027.75,3031.5,1060173
2017-08-16,ESU17,3032.25,3041.75,3029.25,3035.25,1137333
2017-08-17,ESU17,3034.5,3036.25,2991.5,2997.25,2236170
2017-08-18,ESU17,2994.5,3007.25,2987.25,2994.5,2203303
2017-08-21,ESU17,2996.5,2999.25,2983.5,2995.75,1339966
2017-08-22,ESU17,2995.75,3022.0,2995.25,3020.5,1367156
2017-08-23,ESU17,3020.75,3022.5,3006.5,3009.25,1243382
2017-08-24,ESU17,3008.0,3016.75,3002.25,3008.5,1407417
2017-08-25,ESU17,3010.25,3021.25,3005.25,3010.25,1211227
2017-08-28,ESU17,3009.75,3017.0,3004.0,3011.5,953054
2017-08-29,ESU17,3001.75,3016.25,2988.75,3014.75,1615262
2017-08-30,ESU17,3014.25,3027.5,3010.5,3023.5,1301444
2017-08-31,ESU17,3023.0,3042.0,3022.5,3037.75,1752826
2017-09-01,ESU17,3038.0,3047.5,3037.75,3042.0,1057024
2017-09-05,ESU17,3029.0,3039.0,3013.25,3027.5,2123649
2017-09-06,ESU17,3028.0,3036.75,3024.25,3033.25,1574076
2017-09-07,ESU17,3031.75,3036.5,3025.25,3034.25,1534736
2017-09-08,ESU17,3034.25,3035.25,3024.5,3030.25,1242750
2017-09-11,ESZ17,3030.25,3049.75,3029.25,3048.25,1893177
2017-09-12,ESZ17,3049.0,3057.5,3047.75,3056.75,1739059
2017-09-13,ESZ17,3057.75,3058.0,3051.5,3057.25,1426452
2017-09-14,ESZ17,3057.0,3058.75,3050.0,3056.75,1372582
2017-09-15,ESZ17,3056.25,3062.5,3049.5,3059.75,1367390
2017-09-18,ESZ17,3061.5,3068.5,3060.25,3065.25,1090827
2017-09-19,ESZ17,3065.25,3068.5,3063.5,3067.25,961109
2017-09-20,ESZ17,3066.25,3069.75,3056.5,3067.75,1232948
2017-09-21,ESZ17,3067.0,3068.75,3059.0,3063.5,1117630
2017-09-22,ESZ17,3063.25,3063.5,3054.5,3062.0,1024727
2017-09-25,ESZ17,3061.5,3067.0,3047.5,3059.5,1539626
2017-09-26,ESZ17,3060.5,3063.75,3054.75,3058.0,1144642
2017-09-27,ESZ17,3057.5,3071.75,3055.5,3067.0,1576031
2017-09-28,ESZ17,3065.75,3070.75,3061.5,3070.25,1109027
2017-09-29,ESZ17,3070.25,3080.25,3067.25,3078.5,1368322
2017-10-02,ESZ17,3080.5,3090.5,3079.5,3088.75,1138362
2017-10-03,ESZ17,3089.75,3096.0,3088.0,3095.25,849153
2017-10-04,ESZ17,3095.5,3100.5,3091.5,3098.75,956590
2017-10-05,ESZ17,3097.75,3113.25,3097.0,3112.5,1104438
2017-10-06,ESZ17,3111.25,3112.25,3104.0,3107.5,1169419
2017-10-09,ESZ17,3105.75,3113.0,3101.75,3106.25,735488
2017-10-10,ESZ17,3105.75,3115.75,3105.25,3111.0,1149236
2017-10-11,ESZ17,3111.25,3116.0,3106.75,3115.5,818238
2017-10-12,ESZ17,3114.75,3115.75,3108.75,3112.0,938476
2017-10-13,ESZ17,3110.5,3118.0,3109.5,3115.25,918541
2017-10-16,ESZ17,3114.75,3120.25,3113.25,3118.75,795923
2017-10-17,ESZ17,3118.0,3120.25,3114.75,3119.5,738739
2017-10-18,ESZ17,3119.0,3124.75,3118.75,3122.5,753384
2017-10-19,ESZ17,3122.5,3124.0,3105.0,3123.0,1362805
2017-10-20,ESZ17,3123.5,3137.0,3122.0,3136.5,1254054
2017-10-23,ESZ17,3135.25,3139.75,3124.0,3126.0,1272965
2017-10-24,ESZ17,3125.0,3132.75,3124.75,3129.75,1047808
2017-10-25,ESZ17,3127.25,3128.75,3104.0,3121.0,2099172
2017-10-26,ESZ17,3122.0,3127.5,3118.0,3124.0,1392205
2017-10-27,ESZ17,3124.0,3143.25,3120.0,3141.0,1561074
2017-10-30,ESZ17,3138.0,3140.75,3128.0,3130.75,1237600
2017-10-31,ESZ17,3130.5,3138.0,3129.25,3135.25,1051279
2017-11-01,ESZ17,3135.25,3148.0,3133.5,3137.25,1290220
2017-11-02,ESZ17,3134.0,3141.0,3124.75,3139.25,1297222
2017-11-03,ESZ17,3140.0,3148.0,3136.0,3145.25,992681
2017-11-06,ESZ17,3142.5,3152.5,3138.0,3151.25,848119
2017-11-07,ESZ17,3150.25,3156.0,3143.25,3149.25,1163840
2017-11-08,ESZ17,3146.5,3155.0,3142.25,3153.5,1058023
2017-11-09,ESZ17,3153.75,3157.0,3125.75,3146.5,2218191
2017-11-10,ESZ17,3144.5,3148.25,3134.0,3142.0,1193217
2017-11-13,ESZ17,3142.75,3148.0,3132.75,3144.5,1052173
2017-11-14,ESZ17,3142.75,3144.75,3126.75,3140.5,1582882
2017-11-15,ESZ17,3139.25,3139.5,3118.0,3127.5,1917948
2017-11-16,ESZ17,3126.75,3152.0,3124.75,3147.5,1528865
2017-11-17,ESZ17,3146.75,3148.5,3137.25,3138.75,1186958
2017-11-20,ESZ17,3138.5,3146.5,3130.25,3144.5,1000520
2017-11-21,ESZ17,3144.5,3163.0,3141.75,3158.75,1153787
2017-11-22,ESZ17,3158.25,3162.5,3155.25,3157.0,770812
2017-11-24,ESZ17,3155.75,3165.5,3152.0,3163.5,551196
2017-11-27,ESZ17,3163.5,3168.0,3159.0,3164.25,960112
2017-11-28,ESZ17,3164.75,3189.5,3160.0,3188.5,1558414
2017-11-29,ESZ17,3188.0,3196.75,3182.25,3187.5,1661775
2017-11-30,ESZ17,3187.5,3221.0,3184.25,3210.5,2346236
2017-12-01,ESZ17,3203.25,3213.25,3167.5,3206.5,2520826
2017-12-04,ESZ17,3217.0,3227.75,3196.25,3200.75,1756938
2017-12-05,ESZ17,3198.5,3211.25,3189.75,3190.75,1392821
2017-12-06,ESZ17,3189.25,3197.0,3182.5,3191.75,1307666
2017-12-07,ESZ17,3193.0,3203.75,3188.75,3202.0,1345485
2017-12-08,ESZ17,3202.0,3215.0,3200.25,3213.5,1154864
2017-12-11,ESH18,3213.5,3226.25,3210.75,3223.0,1633120
2017-12-12,ESH18,3224.5,3231.5,3221.75,3226.25,1659061
2017-12-13,ESH18,3226.25,3234.0,3217.75,3227.5,1565803
2017-12-14,ESH18,3227.0,3232.0,3210.25,3214.5,1467120
2017-12-15,ESH18,3211.25,3241.75,3211.0,3240.5,1410847
2017-12-18,ESH18,3241.5,3256.5,3241.0,3253.0,1040769
2017-12-19,ESH18,3253.5,3256.5,3241.0,3242.5,980483
2017-12-20,ESH18,3243.25,3254.0,3237.5,3240.0,981223
2017-12-21,ESH18,3240.0,3254.5,3239.25,3246.25,853748
2017-12-22,ESH18,3245.25,3250.0,3240.75,3244.5,654510
2017-12-26,ESH18,3245.25,3248.0,3242.0,3245.5,376101
2017-12-27,ESH18,3246.0,3249.5,3240.0,3244.0,666329
2017-12-28,ESH18,3242.5,3247.5,3241.5,3244.25,535624
2017-12-29,ESH18,3243.25,3256.75,3226.25,3234.5,1092038
2018-01-02,ESH18,3233.75,3254.5,3233.0,3251.5,996265
2018-01-03,ESH18,3252.25,3272.75,3250.75,3269.5,1114548
2018-01-04,ESH18,3268.75,3287.5,3267.0,3282.25,1166017
2018-01-05,ESH18,3283.5,3301.75,3282.25,3301.0,1136500
2018-01-08,ESH18,3300.25,3307.0,3295.0,3305.25,903544
2018-01-09,ESH18,3305.0,3318.5,3301.25,3310.75,1137598
2018-01-10,ESH18,3308.25,3310.5,3295.0,3309.0,1289898
2018-01-11,ESH18,3308.5,3329.0,3306.25,3328.0,1045414
2018-01-12,ESH18,3327.25,3348.5,3325.25,3347.25,1357120
2018-01-16,ESH18,3348.25,3367.0,3327.75,3341.0,1981469
2018-01-17,ESH18,3341.25,3368.0,3337.5,3362.25,1541873
2018-01-18,ESH18,3361.75,3366.5,3352.25,3354.75,1345331
2018-01-19,ESH18,3355.5,3373.5,3350.25,3369.5,1363990
2018-01-22,ESH18,3362.5,3396.75,3360.5,3393.75,1179414
2018-01-23,ESH18,3393.75,3403.25,3387.25,3398.0,1282163
2018-01-24,ESH18,3395.5,3413.75,3384.0,3399.5,1885278
2018-01-25,ESH18,3398.5,3412.25,3389.25,3399.75,1439217
2018-01-26,ESH18,3400.75,3434.5,3399.75,3433.0,1286287
2018-01-29,ESH18,3432.75,3437.0,3410.0,3412.0,1395078
2018-01-30,ESH18,3411.75,3416.5,3377.0,3383.0,2133815
2018-01-31,ESH18,3381.75,3398.25,3371.5,3384.25,1841227
2018-02-01,ESH18,3387.25,3395.75,3368.0,3381.0,1646906
2018-02-02,ESH18,3385.0,3389.5,3313.75,3315.25,2532442
2018-02-05,ESH18,3315.5,3321.5,3154.25,3166.25,4009557
2018-02-06,ESH18,3182.5,3258.25,3087.5,3252.75,4806868
2018-02-07,ESH18,3244.0,3285.25,3219.0,3226.75,2491133
2018-02-08,ESH18,3223.25,3245.0,3135.5,3152.0,3121915
2018-02-09,ESH18,3152.25,3196.25,3088.75,3177.5,3909443
2018-02-12,ESH18,3186.75,3230.0,3178.5,3213.75,2170447
2018-02-13,ESH18,3211.75,3226.0,3192.75,3220.25,1461104
2018-02-14,ESH18,3221.0,3260.25,3185.5,3255.5,2087016
2018-02-15,ESH18,3254.0,3295.25,3247.0,3292.5,1668909
2018-02-16,ESH18,3292.5,3313.25,3280.75,3293.5,1738551
2018-02-20,ESH18,3293.0,3306.25,3264.25,3272.5,1447502
2018-02-21,ESH18,3273.0,3306.25,3252.0,3257.25,1661308
2018-02-22,ESH18,3257.0,3289.5,3240.5,3270.0,1623017
2018-02-23,ESH18,3271.25,3308.75,3268.5,3307.25,1290261
2018-02-26,ESH18,3310.0,3344.5,3301.0,3343.0,1256268
2018-02-27,ESH18,3342.0,3348.25,3300.5,3306.0,1717155
2018-02-28,ESH18,3305.0,3320.5,3270.5,3273.0,1876678
2018-03-01,ESH18,3276.75,3289.5,3217.0,3236.75,2818966
2018-03-02,ESH18,3237.25,3254.5,3205.5,3248.75,2171819
2018-03-05,ESH18,3241.75,3286.25,3222.25,3277.0,1781823
2018-03-06,ESH18,3277.5,3293.0,3268.75,3282.5,1450085
2018-03-07,ESH18,3258.5,3288.75,3239.75,3281.75,1870360
2018-03-08,ESH18,3281.0,3299.0,3278.5,3297.75,1502808
2018-03-09,ESH18,3295.0,3345.5,3288.5,3342.5,1541679
2018-03-12,ESM18,3342.5,3359.0,3337.5,3342.75,1658456
2018-03-13,ESM18,3340.75,3361.0,3316.25,3326.5,2226645
2018-03-14,ESM18,3320.75,3337.25,3302.0,3307.75,1930552
2018-03-15,ESM18,3308.5,3321.0,3298.75,3309.25,1392307
2018-03-16,ESM18,3311.25,3320.0,3304.0,3309.75,1142517
2018-03-19,ESM18,3310.0,3310.25,3251.0,3276.5,1986809
2018-03-20,ESM18,3275.25,3282.75,3266.5,3277.25,1099899
2018-03-21,ESM18,3277.0,3297.75,3266.25,3272.0,1423759
2018-03-22,ESM18,3272.0,3280.0,3195.5,3197.0,2548609
2018-03-23,ESM18,3199.5,3212.5,3139.75,3151.5,2875654
2018-03-26,ESM18,3148.75,3216.5,3144.75,3213.25,2302375
2018-03-27,ESM18,3213.25,3233.5,3149.75,3169.5,2448450
2018-03-28,ESM18,3166.5,3187.5,3146.75,3161.25,2802883
2018-03-29,ESM18,3163.5,3213.25,3154.75,3196.75,2042949
2018-04-02,ESM18,3188.75,3195.25,3105.75,3128.75,2395329
2018-04-03,ESM18,3135.0,3172.5,3127.25,3167.0,2220246
2018-04-04,ESM18,3165.75,3203.5,3113.25,3200.75,2247386
2018-04-05,ESM18,3199.5,3226.0,3197.75,3215.5,1642890
2018-04-06,ESM18,3216.75,3217.75,3138.25,3159.5,2615117
2018-04-09,ESM18,3161.25,3207.5,3161.25,3172.75,1762078
2018-04-10,ESM18,3171.5,3220.0,3166.0,3208.75,1998582
2018-04-11,ESM18,3208.25,3215.0,3179.75,3194.75,1637350
2018-04-12,ESM18,3196.25,3228.75,3193.5,3217.75,1301132
2018-04-13,ESM18,3215.5,3234.25,3198.5,3211.0,1711823
2018-04-16,ESM18,3227.0,3240.75,3214.5,3235.5,1237183
2018-04-17,ESM18,3233.0,3267.5,3232.5,3260.25,1251766
2018-04-18,ESM18,3258.25,3272.25,3257.5,3263.5,1044851
2018-04-19,ESM18,3265.5,3267.0,3235.25,3246.75,1577913
2018-04-20,ESM18,3246.25,3252.0,3213.5,3225.25,1604973
2018-04-23,ESM18,3236.75,3238.5,3211.0,3225.0,1239828
2018-04-24,ESM18,3225.75,3242.25,3169.75,3189.0,2329880
2018-04-25,ESM18,3189.0,3202.0,3165.0,3198.25,1902899
2018-04-26,ESM18,3202.0,3231.25,3193.25,3228.25,1279539
2018-04-27,ESM18,3229.25,3230.0,3211.5,3225.25,1142350
2018-04-30,ESM18,3224.25,3236.0,3198.75,3200.75,1341086
2018-05-01,ESM18,3200.0,3211.75,3177.0,3206.0,1323628
2018-05-02,ESM18,3209.25,3212.25,3178.0,3181.25,1427995
2018-05-03,ESM18,3180.5,3190.0,3145.0,3185.5,2146587
2018-05-04,ESM18,3185.5,3223.25,3166.0,3216.75,1699202
2018-05-07,ESM18,3216.5,3235.25,3215.0,3223.75,1148919
2018-05-08,ESM18,3221.75,3228.0,3206.0,3224.0,1281751
2018-05-09,ESM18,3223.5,3253.75,3220.25,3249.75,1251722
2018-05-10,ESM18,3249.75,3278.75,3246.5,3272.5,1173629
2018-05-11,ESM18,3270.0,3286.25,3270.0,3283.25,1066248
2018-05-14,ESM18,3281.0,3295.0,3278.0,3284.75,945963
2018-05-15,ESM18,3282.25,3285.0,3254.25,3262.75,1519108
2018-05-16,ESM18,3265.0,3281.75,3258.25,3276.75,1057687
2018-05-17,ESM18,3275.5,3285.75,3264.75,3272.5,1071506
2018-05-18,ESM18,3272.5,3280.75,3262.5,3266.75,1013073
2018-05-21,ESM18,3282.5,3293.0,3278.0,3286.75,951913
2018-05-22,ESM18,3285.0,3295.5,3275.25,3279.75,891511
2018-05-23,ESM18,3278.25,3286.75,3258.25,3284.5,1295885
2018-05-24,ESM18,3283.5,3287.0,3259.5,3281.25,1277264
2018-05-25,ESM18,3280.5,3291.5,3267.5,3272.0,993783
2018-05-29,ESM18,3282.75,3285.5,3228.75,3246.0,1989677
2018-05-30,ESM18,3247.0,3283.0,3239.5,3278.25,1424364
2018-05-31,ESM18,3274.0,3282.0,3253.5,3259.25,1665452
2018-06-01,ESM18,3261.25,3290.75,3259.75,3287.5,1241171
2018-06-04,ESM18,3284.75,3303.0,3282.75,3299.25,857850
2018-06-05,ESM18,3299.75,3307.0,3292.75,3305.25,1027609
2018-06-06,ESM18,3304.75,3328.5,3301.75,3326.0,1326401
2018-06-07,ESM18,3327.0,3333.5,3313.75,3326.0,1773923
2018-06-08,ESM18,3324.75,3333.5,3305.75,3332.5,1367033
2018-06-11,ESU18,3332.5,3350.0,3329.75,3342.5,1558782
2018-06-12,ESU18,3340.75,3349.75,3338.0,3344.0,1496135
2018-06-13,ESU18,3347.75,3351.75,3334.25,3334.75,1384101
2018-06-14,ESU18,3333.5,3349.75,3328.0,3344.25,1275141
2018-06-15,ESU18,3342.75,3344.25,3321.25,3340.25,1512061
2018-06-18,ESU18,3335.75,3342.5,3317.0,3335.5,993118
2018-06-19,ESU18,3334.0,3336.0,3291.5,3322.0,1657081
2018-06-20,ESU18,3321.0,3334.0,3313.0,3327.75,1082802
2018-06-21,ESU18,3327.5,3341.0,3302.75,3308.25,1493235
2018-06-22,ESU18,3306.25,3324.25,3305.0,3315.25,1108771
2018-06-25,ESU18,3312.75,3313.75,3256.25,3278.0,2206994
2018-06-26,ESU18,3277.5,3291.0,3270.5,3284.25,1399067
2018-06-27,ESU18,3282.25,3303.75,3256.75,3260.75,2117686
2018-06-28,ESU18,3260.75,3282.0,3249.0,3275.25,1678667
2018-06-29,ESU18,3275.75,3301.25,3272.5,3277.25,1641889
2018-07-02,ESU18,3276.75,3284.25,3254.25,3283.0,1213215
2018-07-03,ESU18,3283.0,3297.25,3267.75,3269.0,860533
2018-07-05,ESU18,3268.75,3295.5,3266.5,3294.25,1165235
2018-07-06,ESU18,3292.75,3322.0,3287.0,3318.75,1287758
2018-07-09,ESU18,3317.75,3343.75,3317.5,3343.25,970337
2018-07-10,ESU18,3343.25,3353.5,3336.25,3352.5,925706
2018-07-11,ESU18,3336.5,3343.5,3321.5,3329.75,1369176
2018-07-12,ESU18,3332.5,3356.75,3329.5,3354.25,1120424
2018-07-13,ESU18,3354.25,3363.0,3349.0,3359.0,952307
2018-07-16,ESU18,3360.5,3364.75,3350.75,3352.25,801608
2018-07-17,ESU18,3351.5,3371.5,3345.5,3367.0,1059163
2018-07-18,ESU18,3368.75,3374.0,3362.5,3371.75,860523
2018-07-19,ESU18,3370.25,3373.75,3356.0,3361.0,1082645
2018-07-20,ESU18,3361.25,3366.25,3348.75,3356.5,1013663
2018-07-23,ESU18,3361.0,3368.25,3348.25,3367.75,812481
2018-07-24,ESU18,3366.25,3387.0,3366.0,3376.75,1347688
2018-07-25,ESU18,3375.0,3405.25,3369.75,3397.0,1302896
2018-07-26,ESU18,3391.0,3402.25,3389.0,3398.25,1039552
2018-07-27,ESU18,3396.0,3402.75,3364.5,3373.25,1492056
2018-07-30,ESU18,3371.75,3377.5,3354.0,3359.0,1169457
2018-07-31,ESU18,3361.25,3383.5,3358.5,3372.75,1366896
2018-08-01,ESU18,3380.0,3381.5,3361.25,3366.5,1098291
2018-08-02,ESU18,3369.75,3387.0,3346.75,3384.25,1238138
2018-08-03,ESU18,3386.5,3397.25,3380.5,3395.25,922242
2018-08-06,ESU18,3397.25,3409.25,3390.75,3405.75,797324
2018-08-07,ESU18,3405.0,3419.5,3404.0,3415.5,780222
2018-08-08,ESU18,3416.25,3418.25,3408.25,3411.0,745412
2018-08-09,ESU18,3409.25,3418.5,3406.25,3409.5,696695
2018-08-10,ESU18,3408.25,3408.5,3381.75,3392.5,1416182
2018-08-13,ESU18,3391.5,3399.5,3375.75,3381.25,1282874
2018-08-14,ESU18,3382.5,3399.25,3381.5,3396.75,1022577
2018-08-15,ESU18,3397.5,3398.75,3358.75,3377.0,1871800
2018-08-16,ESU18,3378.0,3407.5,3373.25,3400.5,1271529
2018-08-17,ESU18,3399.25,3412.75,3390.75,3408.0,1202980
2018-08-20,ESU18,3407.5,3416.5,3406.0,3414.25,817383
2018-08-21,ESU18,3412.5,3429.75,3407.75,3417.5,1055051
2018-08-22,ESU18,3408.75,3424.0,3402.0,3417.0,996434
2018-08-23,ESU18,3417.5,3425.5,3410.5,3413.75,1050042
2018-08-24,ESU18,3414.0,3433.25,3412.0,3432.5,1058571
2018-08-27,ESU18,3433.5,3455.25,3432.5,3454.25,961496
2018-08-28,ESU18,3454.75,3462.0,3450.0,3455.0,902705
2018-08-29,ESU18,3456.25,3473.25,3453.25,3470.5,1113797
2018-08-30,ESU18,3471.5,3472.0,3451.25,3457.75,1331841
2018-08-31,ESU18,3453.75,3463.25,3447.5,3457.75,1323038
2018-09-04,ESU18,3462.25,3468.25,3441.25,3454.0,1605954
2018-09-05,ESU18,3454.5,3456.25,3433.25,3444.0,1604742
2018-09-06,ESU18,3444.25,3448.75,3423.75,3434.75,1633946
2018-09-07,ESU18,3433.5,3440.75,3420.75,3430.5,1692240
2018-09-10,ESU18,3429.5,3444.0,3429.0,3436.0,1248308
2018-09-11,ESU18,3435.5,3448.75,3423.0,3445.5,1269254
2018-09-12,ESU18,3445.75,3451.0,3435.25,3444.25,1581597
2018-09-13,ESU18,3442.75,3462.75,3440.5,3461.0,1641192
2018-09-14,ESU18,3460.5,3468.0,3452.5,3462.0,1203335
2018-09-17,ESZ18,3462.0,3464.25,3445.25,3449.0,1783534
2018-09-18,ESZ18,3448.5,3470.75,3436.5,3464.75,1877029
2018-09-19,ESZ18,3466.0,3471.75,3458.75,3468.0,1361242
2018-09-20,ESZ18,3469.5,3493.75,3466.25,3492.5,1474453
2018-09-21,ESZ18,3492.5,3500.0,3485.0,3486.75,1489417
2018-09-24,ESZ18,3482.5,3483.25,3470.75,3478.5,1162107
2018-09-25,ESZ18,3479.5,3487.25,3471.25,3474.25,1032045
2018-09-26,ESZ18,3475.5,3489.0,3460.5,3464.5,1308995
2018-09-27,ESZ18,3464.5,3485.0,3460.5,3473.0,1210835
2018-09-28,ESZ18,3475.25,3478.5,3461.0,3472.0,1429127
2018-10-01,ESZ18,3475.5,3495.0,3475.5,3483.0,1239963
2018-10-02,ESZ18,3482.25,3489.0,3470.5,3481.5,1132507
2018-10-03,ESZ18,3482.0,3497.75,3477.75,3484.5,1244514
2018-10-04,ESZ18,3479.0,3479.25,3440.75,3460.75,2165850
2018-10-05,ESZ18,3463.0,3468.5,3426.25,3447.0,2291213
2018-10-08,ESZ18,3450.5,3451.25,3419.0,3446.75,1760642
2018-10-09,ESZ18,3445.25,3453.0,3427.5,3441.25,1770753
2018-10-10,ESZ18,3439.75,3444.25,3324.5,3334.0,3460738
2018-10-11,ESZ18,3329.5,3351.75,3265.25,3298.5,4013855
2018-10-12,ESZ18,3301.5,3338.0,3285.25,3321.5,2853415
2018-10-15,ESZ18,3323.0,3331.75,3298.25,3302.0,1763922
2018-10-16,ESZ18,3300.5,3372.0,3298.5,3370.75,1780311
2018-10-17,ESZ18,3369.25,3377.25,3336.25,3369.25,1948526
2018-10-18,ESZ18,3366.25,3367.75,3309.5,3325.25,2218738
2018-10-19,ESZ18,3327.75,3353.5,3315.25,3320.5,2023613
2018-10-22,ESZ18,3311.0,3335.0,3302.75,3309.5,1665740
2018-10-23,ESZ18,3308.75,3310.5,3245.25,3299.25,2849774
2018-10-24,ESZ18,3298.25,3303.0,3205.25,3217.25,2856919
2018-10-25,ESZ18,3226.75,3276.75,3211.75,3241.25,2535913
2018-10-26,ESZ18,3231.0,3245.75,3180.25,3222.5,3509803
2018-10-29,ESZ18,3220.0,3260.0,3156.0,3196.5,2786555
2018-10-30,ESZ18,3192.0,3243.25,3186.25,3238.25,2503396
2018-10-31,ESZ18,3243.75,3290.25,3235.0,3264.0,2469662
2018-11-01,ESZ18,3259.0,3294.25,3258.5,3291.0,1820142
2018-11-02,ESZ18,3277.0,3319.25,3252.5,3277.25,2372699
2018-11-05,ESZ18,3275.5,3296.75,3265.75,3292.5,1311938
2018-11-06,ESZ18,3292.0,3314.0,3282.75,3312.0,1269341
2018-11-07,ESZ18,3309.75,3370.75,3297.75,3369.5,1894012
2018-11-08,ESZ18,3368.75,3371.0,3348.0,3361.75,1317225
2018-11-09,ESZ18,3357.0,3364.25,3317.5,3332.0,1724880
2018-11-12,ESZ18,3331.75,3348.25,3275.25,3280.75,1921301
2018-11-13,ESZ18,3285.0,3308.75,3267.5,3280.5,2101869
2018-11-14,ESZ18,3284.25,3301.25,3239.25,3251.5,2295505
2018-11-15,ESZ18,3255.0,3289.75,3224.25,3287.5,2383852
2018-11-16,ESZ18,3284.75,3301.75,3261.75,3296.0,1875116
2018-11-19,ESZ18,3286.0,3301.0,3234.5,3249.25,1988117
2018-11-20,ESZ18,3249.25,3249.75,3184.75,3193.0,2533128
2018-11-21,ESZ18,3192.75,3224.25,3185.25,3202.0,1454916
2018-11-23,ESZ18,3203.0,3209.25,3179.0,3182.5,872856
2018-11-26,ESZ18,3186.5,3229.25,3184.5,3223.0,1374735
2018-11-27,ESZ18,3214.0,3239.75,3208.25,3236.5,1503048
2018-11-28,ESZ18,3239.25,3298.0,3234.0,3294.5,1866115
2018-11-29,ESZ18,3291.0,3307.5,3276.25,3297.25,1489330
2018-11-30,ESZ18,3295.0,3317.75,3282.0,3311.25,1475346
2018-12-03,ESZ18,3346.5,3367.0,3326.5,3343.75,1909240
2018-12-04,ESZ18,3342.75,3343.5,3249.0,3254.75,184904
2018-12-06,ESZ18,3266.25,3267.0,3174.25,3244.0,3308356
2018-12-07,ESZ18,3247.25,3262.75,3176.25,3189.0,2596155
2018-12-10,ESZ18,3178.0,3201.5,3136.0,3196.0,2564357
2018-12-11,ESZ18,3197.0,3231.0,3174.25,3194.25,2265284
2018-12-12,ESZ18,3185.5,3239.5,3184.75,3205.5,1900862
2018-12-13,ESZ18,3206.0,3224.0,3190.25,3198.5,2043406
2018-12-14,ESZ18,3199.5,3201.75,3147.0,3155.0,1664325
2018-12-17,ESH19,3155.0,3176.25,3093.0,3115.25,2958828
2018-12-18,ESH19,3116.75,3137.25,3089.5,3097.5,2700902
2018-12-19,ESH19,3091.5,3151.5,3049.0,3064.0,2865330
2018-12-20,ESH19,3064.5,3077.5,3001.0,3045.75,3686614
2018-12-21,ESH19,3044.5,3067.5,2968.75,2973.0,3016623
2018-12-24,ESH19,2967.25,2994.0,2900.0,2901.25,1292750
2018-12-26,ESH19,2908.0,3037.25,2872.5,3030.5,2015176
2018-12-27,ESH19,3029.75,3058.25,2956.5,3054.5,2283892
2018-12-28,ESH19,3051.0,3082.5,3032.25,3045.5,2011392
2018-12-31,ESH19,3055.0,3072.5,3042.25,3064.75,1414594
2019-01-02,ESH19,3067.5,3080.75,3011.75,3070.5,1969697
2019-01-03,ESH19,3041.75,3053.0,3002.75,3007.25,2257341
2019-01-04,ESH19,3011.25,3098.75,2998.0,3090.75,2350836
2019-01-07,ESH19,3096.75,3127.0,3082.75,3110.0,1632131
2019-01-08,ESH19,3112.75,3140.75,3107.0,3132.0,1664892
2019-01-09,ESH19,3129.0,3156.25,3128.0,3142.0,1596941
2019-01-10,ESH19,3139.5,3159.0,3120.0,3153.5,1534119
2019-01-11,ESH19,3153.5,3157.25,3136.5,3154.5,1213026
2019-01-14,ESH19,3148.0,3151.5,3126.75,3140.0,1199404
2019-01-15,ESH19,3141.0,3173.25,3139.5,3165.0,1532494
2019-01-16,ESH19,3165.25,3185.75,3162.0,3172.75,1330329
2019-01-17,ESH19,3174.0,3205.0,3156.0,3194.75,1508869
2019-01-18,ESH19,3196.25,3237.25,3192.25,3231.0,1753852
2019-01-22,ESH19,3228.75,3233.0,3176.0,3191.5,1880446
2019-01-23,ESH19,3190.25,3213.25,3172.0,3197.75,1576181
2019-01-24,ESH19,3194.5,3207.0,3185.5,3193.5,1266714
2019-01-25,ESH19,3195.75,3232.0,3194.0,3223.0,1388741
2019-01-28,ESH19,3219.5,3223.0,3181.75,3201.5,1408636
2019-01-29,ESH19,3199.75,3209.5,3188.0,3199.75,1261703
2019-01-30,ESH19,3208.0,3249.25,3195.75,3242.0,1564987
2019-01-31,ESH19,3243.0,3272.5,3235.25,3264.0,1935195
2019-02-01,ESH19,3267.25,3275.5,3255.0,3263.75,1469597
2019-02-04,ESH19,3258.75,3284.5,3256.5,3280.75,1024581
2019-02-05,ESH19,3279.0,3297.25,3275.75,3290.5,1225737
2019-02-06,ESH19,3290.25,3296.0,3281.75,3289.0,1196377
2019-02-07,ESH19,3286.5,3288.75,3245.0,3263.5,1921663
2019-02-08,ESH19,3261.5,3268.5,3240.25,3265.75,1579544
2019-02-11,ESH19,3270.25,3281.0,3260.0,3267.75,1110070
2019-02-12,ESH19,3266.5,3307.5,3265.0,3304.25,1307152
2019-02-13,ESH19,3303.0,3321.5,3302.25,3309.0,1209879
2019-02-14,ESH19,3308.75,3322.5,3289.75,3303.0,1679091
2019-02-15,ESH19,3300.75,3338.0,3288.5,3336.5,1518783
2019-02-19,ESH19,3336.5,3347.0,3325.5,3338.25,1198092
2019-02-20,ESH19,3337.25,3350.25,3332.75,3346.5,1284923
2019-02-21,ESH19,3346.5,3357.5,3323.75,3333.75,1426061
2019-02-22,ESH19,3333.0,3355.0,3330.0,3350.75,1190834
2019-02-25,ESH19,3359.0,3373.5,3354.0,3356.5,1256092
2019-02-26,ESH19,3355.25,3363.0,3342.75,3351.0,1201641
2019-02-27,ESH19,3347.5,3356.75,3334.5,3354.5,1138855
2019-02-28,ESH19,3354.75,3355.25,3341.25,3344.25,1360457
2019-03-01,ESH19,3344.75,3367.75,3342.5,3364.5,1265597
2019-03-04,ESH19,3373.5,3379.25,3327.0,3351.0,1791972
2019-03-05,ESH19,3350.0,3358.5,3342.75,3351.0,1203448
2019-03-06,ESH19,3346.0,3352.25,3328.0,3331.0,1509846
2019-03-07,ESH19,3330.0,3335.75,3298.0,3309.5,1919820
2019-03-08,ESH19,3308.5,3311.0,3281.5,3306.5,1380324
2019-03-11,ESM19,3306.5,3348.5,3297.75,3345.0,1943336
2019-03-12,ESM19,3346.0,3359.25,3341.5,3353.25,1789055
2019-03-13,ESM19,3353.75,3382.5,3344.25,3375.5,1630657
2019-03-14,ESM19,3377.0,3381.0,3364.5,3368.25,1247105
2019-03-15,ESM19,3369.5,3392.5,3368.5,3385.75,1382358
2019-03-18,ESM19,3383.0,3398.0,3380.0,3396.5,1036540
2019-03-19,ESM19,3397.5,3414.75,3385.0,3392.5,1497577
2019-03-20,ESM19,3393.25,3405.25,3373.25,3383.0,1693207
2019-03-21,ESM19,3379.75,3422.0,3369.75,3418.5,1657949
2019-03-22,ESM19,3415.5,3420.75,3361.25,3366.75,2254842
2019-03-25,ESM19,3369.0,3374.5,3345.5,3363.0,1801326
2019-03-26,ESM19,3364.5,3391.0,3362.0,3379.0,1461068
2019-03-27,ESM19,3379.5,3387.75,3347.75,3366.5,1726746
2019-03-28,ESM19,3363.0,3380.25,3351.0,3377.0,1185882
2019-03-29,ESM19,3376.5,3396.75,3376.25,3393.75,1491974
2019-04-01,ESM19,3400.5,3429.5,3400.5,3426.5,1256933
2019-04-02,ESM19,3424.5,3429.75,3418.25,3423.0,859942
2019-04-03,ESM19,3422.0,3445.25,3421.25,3435.75,1240848
2019-04-04,ESM19,3436.75,3441.75,3427.0,3438.75,1045539
2019-04-05,ESM19,3438.5,3454.0,3436.5,3452.0,1221029
2019-04-08,ESM19,3452.25,3455.75,3440.25,3454.25,978909
2019-04-09,ESM19,3454.5,3456.0,3433.25,3438.5,1182395
2019-04-10,ESM19,3438.0,3452.0,3434.0,3450.5,972310
2019-04-11,ESM19,3450.75,3456.0,3441.25,3447.75,968649
2019-04-12,ESM19,3448.0,3470.75,3446.75,3468.5,1227893
2019-04-15,ESM19,3468.0,3470.5,3456.5,3465.5,955662
2019-04-16,ESM19,3466.25,3477.25,3460.5,3467.5,1124491
2019-04-17,ESM19,3466.25,3479.5,3454.5,3456.5,1382265
2019-04-18,ESM19,3457.0,3467.75,3445.5,3466.0,1335778
2019-04-22,ESM19,3464.75,3471.75,3455.0,3468.5,706067
2019-04-23,ESM19,3467.75,3495.75,3464.0,3494.0,1193738
2019-04-24,ESM19,3493.25,3495.75,3483.75,3486.75,1125250
2019-04-25,ESM19,3486.0,3491.75,3470.25,3482.25,1376185
2019-04-26,ESM19,3479.75,3498.75,3473.25,3497.5,1246988
2019-04-29,ESM19,3495.25,3507.5,3493.75,3499.0,944846
2019-04-30,ESM19,3498.5,3512.5,3482.0,3504.5,1491268
2019-05-01,ESM19,3511.0,3517.25,3472.0,3479.0,1502201
2019-05-02,ESM19,3472.5,3488.75,3457.0,3473.5,1813837
2019-05-03,ESM19,3474.5,3505.5,3472.5,3503.5,1295606
2019-05-06,ESM19,3473.75,3494.25,3439.5,3488.5,2037157
2019-05-07,ESM19,3467.75,3486.5,3418.5,3446.75,2813033
2019-05-08,ESM19,3445.75,3455.5,3424.75,3443.25,2043325
2019-05-09,ESM19,3440.0,3441.5,3392.25,3428.75,2705412
2019-05-10,ESM19,3425.75,3449.0,3382.0,3443.0,2848095
2019-05-13,ESM19,3414.5,3425.25,3358.0,3363.0,2790074
2019-05-14,ESM19,3362.0,3409.75,3355.75,3395.25,1797995
2019-05-15,ESM19,3396.75,3414.0,3371.0,3411.0,1753507
2019-05-16,ESM19,3409.5,3450.0,3371.0,3434.5,1687728
2019-05-17,ESM19,3435.75,3443.5,3408.5,3418.0,1926351
2019-05-20,ESM19,3417.5,3432.5,3388.5,3400.0,1659139
2019-05-21,ESM19,3404.0,3426.75,3402.25,3422.0,1303238
2019-05-22,ESM19,3420.75,3425.5,3404.25,3413.5,1258767
2019-05-23,ESM19,3413.75,3414.5,3361.75,3375.5,2013518
2019-05-24,ESM19,3377.75,3398.0,3375.25,3387.75,1201967
2019-05-28,ESM19,3387.0,3397.25,3356.5,3361.0,1633540
2019-05-29,ESM19,3360.25,3362.0,3322.25,3336.0,2087458
2019-05-30,ESM19,3335.5,3355.0,3332.5,3346.5,1282029
2019-05-31,ESM19,3344.75,3347.0,3306.0,3308.5,2211587
2019-06-03,ESM19,3297.0,3319.75,3284.75,3305.5,2297243
2019-06-04,ESM19,3310.0,3362.25,3300.0,3361.0,1836910
2019-06-05,ESM19,3362.5,3385.5,3357.0,3383.75,1743779
2019-06-06,ESM19,3376.5,3409.0,3368.75,3401.75,1566762
2019-06-07,ESM19,3396.0,3442.25,3394.0,3431.0,1687328
2019-06-10,ESM19,3449.25,3461.75,3436.5,3445.25,1416247
2019-06-11,ESM19,3446.25,3467.5,3435.25,3443.0,1397028
2019-06-12,ESM19,3443.25,3447.0,3431.25,3437.0,1205406
2019-06-13,ESM19,3438.0,3452.5,3423.25,3450.5,1437516
2019-06-14,ESM19,3449.75,3454.75,3436.5,3446.5,1257750
2019-06-17,ESU19,3446.5,3456.25,3443.5,3447.75,1649621
2019-06-18,ESU19,3449.5,3488.0,3440.5,3477.75,2257843
2019-06-19,ESU19,3476.25,3488.25,3466.75,3485.0,1666878
2019-06-20,ESU19,3482.25,3516.0,3482.0,3511.5,1876076
2019-06-21,ESU19,3509.25,3520.75,3499.25,3502.0,1547604
2019-06-24,ESU19,3499.5,3513.25,3498.75,3503.5,910166
2019-06-25,ESU19,3502.5,3509.75,3471.5,3473.5,1417191
2019-06-26,ESU19,3474.0,3490.5,3466.0,3469.5,1232682
2019-06-27,ESU19,3466.25,3487.25,3466.25,3482.5,1060248
2019-06-28,ESU19,3484.25,3506.75,3481.5,3495.75,1322759
2019-07-01,ESU19,3521.5,3533.25,3507.0,3519.25,1457722
2019-07-02,ESU19,3519.5,3531.5,3510.0,3531.0,1119495
2019-07-03,ESU19,3530.5,3553.0,3525.25,3551.75,805258
2019-07-05,ESU19,3552.25,3557.5,3522.75,3542.0,1339312
2019-07-08,ESU19,3542.25,3546.25,3524.75,3530.0,1016611
2019-07-09,ESU19,3529.25,3537.75,3515.0,3533.5,956650
2019-07-10,ESU19,3533.75,3559.0,3522.75,3549.0,1422362
2019-07-11,ESU19,3547.5,3558.25,3544.0,3555.5,1181911
2019-07-12,ESU19,3554.5,3569.5,3553.75,3567.0,969956
2019-07-15,ESU19,3566.75,3575.0,3562.25,3568.75,829936
2019-07-16,ESU19,3568.75,3573.25,3556.0,3558.5,939814
2019-07-17,ESU19,3557.25,3564.5,3532.0,3536.5,1039457
2019-07-18,ESU19,3532.25,3556.75,3526.0,3549.0,1345038
2019-07-19,ESU19,3555.25,3561.25,3521.0,3528.5,1482373
2019-07-22,ESU19,3526.0,3545.0,3524.0,3540.5,1098399
2019-07-23,ESU19,3540.25,3560.0,3539.0,3559.5,1056909
2019-07-24,ESU19,3554.5,3573.5,3547.5,3573.0,1068766
2019-07-25,ESU19,3569.5,3579.25,3549.5,3558.0,1333721
2019-07-26,ESU19,3558.0,3581.0,3557.5,3576.0,961015
2019-07-29,ESU19,3573.5,3578.75,3567.0,3573.25,823572
2019-07-30,ESU19,3573.75,3579.0,3553.0,3563.75,1182050
2019-07-31,ESU19,3567.75,3572.25,3509.5,3533.75,1951108
2019-08-01,ESU19,3521.75,3565.75,3496.0,3503.5,2736926
2019-08-02,ESU19,3501.75,3512.5,3465.0,3484.0,2447014
2019-08-05,ESU19,3480.75,3485.0,3372.0,3381.5,3072122
2019-08-06,ESU19,3367.75,3435.25,3327.25,3427.5,2601037
2019-08-07,ESU19,3425.25,3443.0,3374.75,3432.0,2680813
2019-08-08,ESU19,3430.5,3492.25,3422.0,3491.5,1800667
2019-08-09,ESU19,3479.5,3487.25,3450.5,3471.25,2026304
2019-08-12,ESU19,3470.25,3482.5,3424.0,3431.75,1710875
2019-08-13,ESU19,3433.75,3495.75,3418.25,3483.5,2184012
2019-08-14,ESU19,3482.5,3488.0,3387.25,3392.25,2786308
2019-08-15,ESU19,3387.5,3423.25,3369.25,3400.0,2495340
2019-08-16,ESU19,3402.5,3446.25,3401.0,3443.0,1631175
2019-08-19,ESU19,3444.5,3483.75,3444.0,3475.25,1285798
2019-08-20,ESU19,3472.75,3483.75,3445.75,3449.75,1475214
2019-08-21,ESU19,3444.75,3484.0,3444.5,3480.75,1180368
2019-08-22,ESU19,3482.75,3491.25,3455.75,3473.75,1470309
2019-08-23,ESU19,3471.75,3488.25,3385.5,3407.0,2864662
2019-08-26,ESU19,3382.5,3440.0,3361.75,3434.75,1850231
2019-08-27,ESU19,3434.25,3451.0,3411.5,3417.0,1528362
2019-08-28,ESU19,3417.75,3442.0,3403.25,3441.25,1489617
2019-08-29,ESU19,3434.75,3482.25,3426.75,3478.25,1489670
2019-08-30,ESU19,3474.75,3498.0,3464.75,3476.25,1642516
2019-09-03,ESU19,3452.5,3478.0,3440.5,3457.5,1999829
2019-09-04,ESU19,3454.5,3491.0,3453.5,3490.0,1252834
2019-09-05,ESU19,3489.5,3538.0,3488.0,3523.5,1669999
2019-09-06,ESU19,3522.25,3539.75,3521.75,3532.25,1182287
2019-09-09,ESU19,3531.75,3543.0,3521.0,3529.75,1199935
2019-09-10,ESU19,3530.75,3536.5,3508.75,3530.0,1493346
2019-09-11,ESU19,3530.5,3555.75,3523.5,3553.5,1423833
2019-09-12,ESU19,3554.5,3573.25,3552.5,3563.25,1745651
2019-09-13,ESU19,3561.5,3575.25,3555.0,3558.0,1275710
2019-09-16,ESZ19,3558.0,3566.5,3544.75,3562.75,1698082
2019-09-17,ESZ19,3565.5,3570.25,3555.0,3569.25,1699010
2019-09-18,ESZ19,3570.0,3575.0,3542.0,3569.75,1623840
2019-09-19,ESZ19,3571.25,3585.75,3552.5,3569.25,1323245
2019-09-20,ESZ19,3568.25,3579.25,3546.5,3550.75,1476593
2019-09-23,ESZ19,3557.0,3569.5,3543.25,3558.25,1044218
2019-09-24,ESZ19,3562.25,3573.5,3519.75,3531.5,1936806
2019-09-25,ESZ19,3532.25,3553.0,3515.0,3547.5,1501723
2019-09-26,ESZ19,3547.0,3556.25,3525.5,3541.75,1351351
2019-09-27,ESZ19,3541.0,3554.25,3507.5,3525.0,1673557
2019-09-30,ESZ19,3537.25,3547.5,3525.75,3539.75,1155807
2019-10-01,ESZ19,3545.25,3555.75,3498.25,3499.0,1601531
2019-10-02,ESZ19,3503.5,3510.25,3435.25,3441.75,2126769
2019-10-03,ESZ19,3445.0,3473.75,3416.25,3473.0,2037970
2019-10-04,ESZ19,3472.75,3514.5,3458.0,3512.25,1497975
2019-10-07,ESZ19,3491.0,3520.75,3489.25,3498.75,1266872
2019-10-08,ESZ19,3495.75,3511.25,3451.75,3453.75,1865325
2019-10-09,ESZ19,3454.75,3495.75,3449.5,3480.25,1305749
2019-10-10,ESZ19,3481.75,3515.25,3443.0,3502.25,1577766
2019-10-11,ESZ19,3510.25,3555.25,3503.0,3532.0,1743810
2019-10-14,ESZ19,3529.25,3543.75,3515.0,3526.75,833670
2019-10-15,ESZ19,3528.0,3564.5,3527.75,3559.0,1181207
2019-10-16,ESZ19,3557.75,3559.0,3546.0,3552.75,1148118
2019-10-17,ESZ19,3553.5,3569.25,3546.5,3559.25,1121748
2019-10-18,ESZ19,3559.0,3562.5,3536.25,3549.5,1335276
2019-10-21,ESZ19,3546.0,3568.75,3545.0,3567.75,886557
2019-10-22,ESZ19,3567.75,3575.5,3549.5,3555.75,1125601
2019-10-23,ESZ19,3553.25,3567.25,3543.25,3567.0,1055958
2019-10-24,ESZ19,3567.25,3576.5,3560.0,3565.5,1061278
2019-10-25,ESZ19,3565.0,3587.75,3561.25,3581.5,1098391
2019-10-28,ESZ19,3584.25,3604.0,3584.0,3597.5,1041931
2019-10-29,ESZ19,3599.5,3607.5,3590.75,3597.0,1040149
2019-10-30,ESZ19,3597.75,3616.25,3584.5,3609.0,1179153
2019-10-31,ESZ19,3613.0,3613.25,3581.5,3597.0,1766536
2019-11-01,ESZ19,3597.25,3626.25,3594.25,3624.5,1279508
2019-11-04,ESZ19,3626.0,3645.0,3626.0,3637.0,1179714
2019-11-05,ESZ19,3638.0,3647.0,3631.0,3633.25,1124217
2019-11-06,ESZ19,3632.75,3639.25,3624.25,3636.75,1076833
2019-11-07,ESZ19,3638.5,3658.25,3631.5,3647.25,1353330
2019-11-08,ESZ19,3647.5,3653.75,3633.75,3651.75,1080147
2019-11-11,ESZ19,3651.75,3653.5,3635.75,3648.75,844597
2019-11-12,ESZ19,3649.0,3663.25,3642.5,3653.25,1101243
2019-11-13,ESZ19,3652.5,3658.25,3637.0,3656.75,1251057
2019-11-14,ESZ19,3657.5,3661.0,3643.0,3658.25,1105353
2019-11-15,ESZ19,3658.25,3680.75,3657.0,3679.5,1251167
2019-11-18,ESZ19,3680.25,3689.0,3672.25,3683.0,1034214
2019-11-19,ESZ19,3682.75,3693.75,3674.0,3679.75,1195901
2019-11-20,ESZ19,3677.75,3679.75,3652.0,3670.25,1693828
2019-11-21,ESZ19,3658.5,3675.75,3652.5,3665.25,1434552
2019-11-22,ESZ19,3665.25,3675.75,3659.0,3672.75,995416
2019-11-25,ESZ19,3680.25,3694.75,3677.75,3694.0,947831
2019-11-26,ESZ19,3692.5,3706.25,3689.25,3705.0,1068011
2019-11-27,ESZ19,3705.0,3716.25,3703.0,3715.0,928792
2019-11-29,ESZ19,3716.0,3716.25,3700.75,3705.0,902189
2019-12-02,ESZ19,3707.5,3719.25,3671.5,3675.5,1927030
2019-12-03,ESZ19,3675.5,3683.0,3630.75,3652.25,2146620
2019-12-04,ESZ19,3653.0,3680.75,3643.0,3672.25,1485940
2019-12-05,ESZ19,3672.25,3686.0,3664.5,3679.0,1318780
2019-12-06,ESZ19,3679.0,3712.25,3678.25,3707.25,1300299
2019-12-09,ESZ19,3707.75,3710.75,3692.5,3695.75,1145426
2019-12-10,ESZ19,3694.75,3704.25,3677.5,3697.25,1425723
2019-12-11,ESZ19,3696.75,3705.75,3690.75,3704.25,1225764
2019-12-12,ESZ19,3705.25,3738.75,3698.5,3729.25,2379008
2019-12-13,ESZ19,3737.0,3746.25,3718.0,3733.25,1834941
2019-12-16,ESH20,3733.25,3756.25,3730.75,3752.25,1973586
2019-12-17,ESH20,3750.25,3757.25,3745.75,3749.25,1615320
2019-12-18,ESH20,3746.25,3756.75,3745.75,3753.0,1181642
2019-12-19,ESH20,3753.25,3767.5,3748.25,3765.5,1137443
2019-12-20,ESH20,3767.25,3783.25,3762.25,3779.5,1320006
2019-12-23,ESH20,3780.75,3788.0,3778.0,3781.0,665895
2019-12-24,ESH20,3782.0,3785.0,3776.25,3779.5,297971
2019-12-26,ESH20,3781.25,3798.5,3780.75,3798.25,464639
2019-12-27,ESH20,3795.75,3807.75,3789.25,3791.25,984389
2019-12-30,ESH20,3792.0,3798.0,3771.0,3777.25,1124598
2019-12-31,ESH20,3777.0,3790.0,3766.75,3784.75,1157924
2020-01-02,ESH20,3790.75,3815.5,3788.0,3812.75,1416241
2020-01-03,ESH20,3814.75,3817.25,3760.5,3789.25,1755057
2020-01-06,ESH20,3774.0,3803.25,3762.5,3797.25,1502748
2020-01-07,ESH20,3797.25,3808.25,3779.75,3789.0,1293494
2020-01-08,ESH20,3785.5,3821.5,3734.75,3814.0,2279138
2020-01-09,ESH20,3815.0,3830.5,3811.5,3829.75,1297679
2020-01-10,ESH20,3829.25,3840.75,3814.5,3818.5,1533121
2020-01-13,ESH20,3819.5,3844.75,3819.25,3843.5,1008998
2020-01-14,ESH20,3843.0,3850.5,3829.0,3841.75,1694799
2020-01-15,ESH20,3841.5,3852.75,3831.5,3847.5,1468347
2020-01-16,ESH20,3848.0,3871.75,3847.75,3870.25,1335246
2020-01-17,ESH20,3870.5,3884.0,3869.75,3878.75,1312253
2020-01-21,ESH20,3878.75,3883.5,3861.0,3873.25,1573187
2020-01-22,ESH20,3875.0,3891.25,3869.0,3873.5,1505107
2020-01-23,ESH20,3871.0,3880.75,3855.0,3879.75,1717046
2020-01-24,ESH20,3880.25,3890.75,3834.25,3847.25,2515168
2020-01-27,ESH20,3823.5,3823.5,3786.75,3793.25,2581636
2020-01-28,ESH20,3793.25,3838.75,3792.5,3832.0,1910878
2020-01-29,ESH20,3835.5,3846.5,3819.0,3826.25,1665382
2020-01-30,ESH20,3825.25,3849.0,3793.5,3843.5,2421276
2020-01-31,ESH20,3845.75,3851.25,3766.5,3777.75,3152069
2020-02-03,ESH20,3776.5,3821.0,3775.75,3799.25,1919477
2020-02-04,ESH20,3798.0,3859.0,3789.75,3853.25,1698403
2020-02-05,ESH20,3854.0,3891.75,3842.0,3888.75,2046111
2020-02-06,ESH20,3890.75,3911.5,3886.25,3899.0,1462323
2020-02-07,ESH20,3902.75,3903.75,3874.5,3879.25,1698940
2020-02-10,ESH20,3876.0,3907.25,3857.25,3906.75,1399815
2020-02-11,ESH20,3904.75,3928.25,3903.0,3911.25,1486164
2020-02-12,ESH20,3914.25,3935.25,3909.25,3934.25,1229231
2020-02-13,ESH20,3935.0,3938.5,3902.25,3931.25,1772784
2020-02-14,ESH20,3933.25,3942.25,3919.0,3934.75,1334897
2020-02-18,ESH20,3936.0,3946.25,3909.0,3923.0,1735931
2020-02-19,ESH20,3925.75,3947.5,3924.5,3941.0,1163426
2020-02-20,ESH20,3945.5,3951.25,3893.0,3923.0,2073749
2020-02-21,ESH20,3920.75,3923.0,3881.75,3893.0,2293728
2020-02-24,ESH20,3862.75,3865.75,3767.5,3780.0,3636687
2020-02-25,ESH20,3776.75,3813.25,3671.0,3686.25,4375530
2020-02-26,ESH20,3691.75,3735.75,3644.75,3664.0,3889097
2020-02-27,ESH20,3654.0,3670.75,3498.25,3510.75,4734434
2020-02-28,ESH20,3503.75,3549.75,3407.0,3504.75,5715227
2020-03-02,ESH20,3453.75,3647.0,3443.0,3618.75,3689149
2020-03-03,ESH20,3630.75,3690.75,3526.75,3550.75,3754363
2020-03-04,ESH20,3542.0,3683.25,3530.25,3668.5,2590464
2020-03-05,ESH20,3663.0,3667.5,3550.25,3569.25,2807262
2020-03-06,ESH20,3578.0,3590.75,3451.75,3517.75,3163400
2020-03-09,ESH20,3469.75,3469.75,3268.75,3301.5,2672753
2020-03-10,ESH20,3286.75,3438.5,3249.0,3419.5,3423140
2020-03-11,ESH20,3413.25,3423.25,3256.5,3294.0,2992894
2020-03-12,ESH20,3291.75,3327.75,2996.25,3022.75,4366577
2020-03-13,ESH20,2983.25,3261.5,2947.25,3249.75,3423449
2020-03-16,ESM20,3249.75,3270.25,2968.25,3023.5,3539756
2020-03-17,ESM20,3025.25,3161.0,2970.25,3103.75,3788132
2020-03-18,ESM20,3085.75,3104.5,2880.25,3019.75,3255696
2020-03-19,ESM20,3020.75,3078.25,2893.25,3007.25,3127808
2020-03-20,ESM20,2969.25,3117.25,2878.25,2906.75,3075997
2020-03-23,ESM20,2838.5,3004.25,2792.25,2838.75,3076791
2020-03-24,ESM20,2851.5,3066.0,2848.75,3056.25,2639522
2020-03-25,ESM20,3061.0,3179.0,3004.25,3085.25,3037767
2020-03-26,ESM20,3089.25,3244.0,3020.5,3226.25,2413913
2020-03-27,ESM20,3246.0,3252.75,3123.5,3142.25,2320755
2020-03-30,ESM20,3077.25,3240.0,3063.25,3229.5,1837692
2020-03-31,ESM20,3231.5,3254.0,3174.0,3188.0,2248012
2020-04-01,ESM20,3180.25,3180.5,3052.5,3066.25,2091378
2020-04-02,ESM20,3077.25,3143.25,3043.0,3134.75,2145458
2020-04-03,ESM20,3132.0,3147.75,3067.25,3101.0,1763886
2020-04-06,ESM20,3103.25,3286.75,3103.0,3262.75,2034419
2020-04-07,ESM20,3263.75,3368.25,3241.75,3260.25,2486524
2020-04-08,ESM20,3258.75,3370.75,3239.0,3353.25,1920688
2020-04-09,ESM20,3356.0,3427.75,3319.0,3398.0,2342733
2020-04-13,ESM20,3429.25,3437.75,3329.25,3377.5,1571402
2020-04-14,ESM20,3378.25,3464.25,3370.75,3461.25,1716496
2020-04-15,ESM20,3462.0,3463.75,3369.5,3393.25,1831570
2020-04-16,ESM20,3386.0,3449.75,3364.25,3405.75,1749108
2020-04-17,ESM20,3481.25,3503.25,3439.25,3488.25,1924019
2020-04-20,ESM20,3479.75,3493.75,3422.5,3424.75,1566934
2020-04-21,ESM20,3425.25,3451.5,3335.5,3350.25,1969844
2020-04-22,ESM20,3355.5,3426.25,3335.5,3406.75,1369529
2020-04-23,ESM20,3408.75,3455.0,3391.0,3399.0,1703918
2020-04-24,ESM20,3395.25,3453.25,3373.5,3447.75,1293756
2020-04-27,ESM20,3447.25,3499.5,3431.0,3487.25,1224445
2020-04-28,ESM20,3486.0,3531.75,3469.25,3485.5,1614021
2020-04-29,ESM20,3488.75,3578.0,3479.0,3559.25,1737371
2020-04-30,ESM20,3574.75,3583.25,3496.25,3520.75,2027924
2020-05-01,ESM20,3489.75,3498.0,3430.0,3440.0,1647259
2020-05-04,ESM20,3407.25,3454.0,3389.25,3443.5,1510680
2020-05-05,ESM20,3445.25,3508.0,3442.75,3476.5,1474765
2020-05-06,ESM20,3476.0,3504.5,3450.25,3451.75,1466641
2020-05-07,ESM20,3450.25,3513.25,3441.25,3498.25,1494330
2020-05-08,ESM20,3500.25,3551.25,3498.0,3546.75,1326254
2020-05-11,ESM20,3539.0,3565.25,3508.0,3541.0,1528302
2020-05-12,ESM20,3537.5,3557.5,3456.25,3470.75,1824303
2020-05-13,ESM20,3458.0,3495.0,3404.25,3431.25,2591379
2020-05-14,ESM20,3438.5,3472.0,3378.5,3465.25,2501222
2020-05-15,ESM20,3464.5,3481.75,3427.75,3464.75,1897194
2020-05-18,ESM20,3478.0,3583.0,3468.25,3566.25,1775433
2020-05-19,ESM20,3563.25,3594.5,3532.5,3537.0,1567224
2020-05-20,ESM20,3531.75,3594.0,3526.75,3586.75,1532404
2020-05-21,ESM20,3590.5,3591.75,3551.25,3555.25,1608225
2020-05-22,ESM20,3555.0,3575.75,3522.0,3571.25,1377263
2020-05-26,ESM20,3566.75,3638.0,3565.75,3612.75,1797241
2020-05-27,ESM20,3612.25,3657.75,3583.75,3653.75,2109332
2020-05-28,ESM20,3653.25,3683.75,3637.75,3656.25,1881295
2020-05-29,ESM20,3654.25,3676.5,3610.25,3660.25,2258009
2020-06-01,ESM20,3648.0,3677.25,3626.25,3672.25,1277803
2020-06-02,ESM20,3671.0,3697.25,3653.25,3695.25,1458830
2020-06-03,ESM20,3696.25,3747.75,3692.5,3736.0,1623708
2020-06-04,ESM20,3736.0,3745.0,3705.75,3728.75,1830904
2020-06-05,ESM20,3731.5,3828.75,3724.75,3805.0,2444330
2020-06-08,ESM20,3810.75,3849.5,3801.5,3845.75,1602601
2020-06-09,ESM20,3846.0,3849.25,3808.25,3823.75,1695764
2020-06-10,ESM20,3823.0,3845.5,3798.0,3804.25,1996065
2020-06-11,ESM20,3802.0,3806.75,3614.5,3628.5,3528726
2020-06-12,ESM20,3630.0,3706.0,3600.25,3653.0,2872339
2020-06-15,ESU20,3653.0,3738.0,3593.5,3731.75,2970664
2020-06-16,ESU20,3735.0,3826.0,3730.0,3788.0,2997253
2020-06-17,ESU20,3781.5,3816.75,3764.25,3776.75,1850300
2020-06-18,ESU20,3773.75,3789.75,3734.25,3767.75,1636217
2020-06-19,ESU20,3766.5,3814.5,3726.5,3729.25,1952273
2020-06-22,ESU20,3710.0,3784.0,3697.0,3780.5,1392325
2020-06-23,ESU20,3781.5,3815.5,3729.75,3788.25,1528485
2020-06-24,ESU20,3783.0,3798.25,3689.5,3718.75,2387916
2020-06-25,ESU20,3716.5,3749.25,3674.75,3740.5,1967245
2020-06-26,ESU20,3741.0,3751.75,3662.25,3676.75,2208418
2020-06-29,ESU20,3656.0,3721.0,3653.25,3717.5,1585146
2020-06-30,ESU20,3715.75,3771.0,3700.0,3760.0,1724164
2020-07-01,ESU20,3755.0,3787.5,3732.5,3772.75,1537321
2020-07-02,ESU20,3771.5,3826.25,3765.25,3798.75,1552517
2020-07-06,ESU20,3791.0,3844.25,3775.5,3841.75,1459512
2020-07-07,ESU20,3839.75,3853.75,3802.25,3806.25,1333466
2020-07-08,ESU20,3805.0,3836.0,3795.25,3833.25,1527612
2020-07-09,ESU20,3836.0,3840.5,3775.0,3810.75,1881833
2020-07-10,ESU20,3812.0,3851.0,3781.25,3848.25,1408591
2020-07-13,ESU20,3853.25,3896.0,3810.25,3818.0,2074726
2020-07-14,ESU20,3819.5,3862.0,3788.75,3853.25,2256766
2020-07-15,ESU20,3873.75,3903.0,3861.75,3889.25,1937696
2020-07-16,ESU20,3893.0,3898.25,3858.25,3864.25,1471311
2020-07-17,ESU20,3868.25,3895.0,3864.5,3883.75,1261113
2020-07-20,ESU20,3884.25,3920.25,3860.0,3915.0,1401168
2020-07-21,ESU20,3913.5,3943.0,3909.0,3921.0,1463931
2020-07-22,ESU20,3919.0,3941.5,3897.0,3935.25,1354244
2020-07-23,ESU20,3937.5,3954.25,3884.0,3897.25,1704453
2020-07-24,ESU20,3899.75,3908.75,3861.25,3873.75,1761346
2020-07-27,ESU20,3880.5,3904.75,3861.75,3902.0,1299512
2020-07-28,ESU20,3904.75,3916.5,3877.75,3882.75,1375293
2020-07-29,ESU20,3884.75,3926.75,3874.0,3922.25,1218031
2020-07-30,ESU20,3926.5,3938.75,3864.75,3918.5,2000721
2020-07-31,ESU20,3939.0,3943.5,3882.25,3933.25,2282794
2020-08-03,ESU20,3941.75,3965.25,3924.5,3958.25,1250449
2020-08-04,ESU20,3960.5,3970.25,3940.75,3969.75,1145269
2020-08-05,ESU20,3970.5,3993.0,3961.75,3985.75,1116787
2020-08-06,ESU20,3986.75,4015.25,3970.25,4014.0,1346665
2020-08-07,ESU20,4013.5,4017.5,3992.0,4014.5,1615367
2020-08-10,ESU20,4016.75,4027.0,3998.75,4022.5,1201751
2020-08-11,ESU20,4020.0,4048.75,3989.25,3999.75,1733040
2020-08-12,ESU20,4009.25,4052.25,3996.0,4039.75,1408718
2020-08-13,ESU20,4037.5,4051.75,4027.25,4037.5,1205758
2020-08-14,ESU20,4039.0,4050.25,4019.75,4031.25,1084771
2020-08-17,ESU20,4035.75,4052.5,4034.5,4049.5,759304
2020-08-18,ESU20,4049.0,4060.5,4035.0,4056.75,1019552
2020-08-19,ESU20,4058.5,4065.5,4035.25,4042.5,1368420
2020-08-20,ESU20,4040.0,4056.75,4014.5,4050.5,1203334
2020-08-21,ESU20,4053.25,4066.0,4026.5,4062.25,1221450
2020-08-24,ESU20,4068.5,4099.25,4063.25,4097.25,1282950
2020-08-25,ESU20,4096.75,4118.5,4091.5,4112.75,1133837
2020-08-26,ESU20,4114.5,4153.25,4106.5,4150.0,1277539
2020-08-27,ESU20,4149.25,4168.0,4134.5,4155.0,1633581
2020-08-28,ESU20,4157.75,4179.25,4150.5,4174.25,1248430
2020-08-31,ESU20,4178.25,4194.25,4159.75,4168.75,1439600
2020-09-01,ESU20,4163.0,4199.75,4154.0,4196.75,1283622
2020-09-02,ESU20,4198.75,4256.75,4196.0,4249.0,1853078
2020-09-03,ESU20,4248.5,4256.25,4094.25,4131.25,2872337
2020-09-04,ESU20,4124.5,4154.0,4017.5,4087.25,2994363
2020-09-08,ESU20,4090.25,4116.75,3997.25,4005.25,2732946
2020-09-09,ESU20,3985.0,4093.75,3965.25,4070.0,2011132
2020-09-10,ESU20,4065.75,4094.0,3997.0,4010.25,2332667
2020-09-11,ESU20,4015.0,4044.75,3978.5,4003.5,1876451
2020-09-14,ESZ20,4003.5,4056.0,3999.75,4035.75,2219334
2020-09-15,ESZ20,4033.25,4072.5,4029.75,4058.5,1903406
2020-09-16,ESZ20,4059.25,4083.0,4037.25,4043.0,1787505
2020-09-17,ESZ20,4045.0,4050.0,3973.75,4014.5,2676297
2020-09-18,ESZ20,4008.5,4026.5,3944.25,3979.75,2365554
2020-09-21,ESZ20,3978.0,3989.75,3881.25,3938.5,2507980
2020-09-22,ESZ20,3935.0,3973.0,3920.0,3962.75,1576319
2020-09-23,ESZ20,3967.25,3983.25,3884.5,3894.75,1979661
2020-09-24,ESZ20,3891.5,3931.75,3861.5,3901.5,2277010
2020-09-25,ESZ20,3907.0,3959.75,3870.0,3950.75,1697090
2020-09-28,ESZ20,3954.5,4014.75,3951.0,4009.5,1495804
2020-09-29,ESZ20,4012.25,4026.5,3980.0,3997.25,1326597
2020-09-30,ESZ20,3993.5,4047.5,3954.75,4015.5,2170601
2020-10-01,ESZ20,4008.25,4051.5,4006.75,4031.25,1517912
2020-10-02,ESZ20,4030.5,4039.0,3963.75,4002.75,2028921
2020-10-05,ESZ20,4023.5,4063.5,4010.0,4056.5,1077474
2020-10-06,ESZ20,4055.5,4085.25,3994.0,4016.75,1701062
2020-10-07,ESZ20,4001.5,4080.25,3995.75,4070.25,1400616
2020-10-08,ESZ20,4069.75,4110.75,4069.0,4101.0,1104986
2020-10-09,ESZ20,4110.75,4143.5,4108.75,4136.75,1185272
2020-10-12,ESZ20,4131.0,4204.5,4127.75,4196.25,1401063
2020-10-13,ESZ20,4197.5,4199.25,4155.0,4168.25,1617226
2020-10-14,ESZ20,4165.5,4187.5,4135.5,4144.5,1539718
2020-10-15,ESZ20,4142.75,4150.0,4095.0,4139.0,1650150
2020-10-16,ESZ20,4142.0,4172.0,4124.75,4125.75,1398947
2020-10-19,ESZ20,4134.5,4160.0,4074.25,4086.25,1645853
2020-10-20,ESZ20,4099.5,4133.25,4082.25,4095.75,1702183
2020-10-21,ESZ20,4100.5,4121.5,4084.0,4096.0,1681275
2020-10-22,ESZ20,4093.75,4116.5,4066.0,4112.75,1501259
2020-10-23,ESZ20,4119.25,4126.0,4095.0,4115.25,1216313
2020-10-26,ESZ20,4109.25,4109.75,4019.5,4057.0,1957780
2020-10-27,ESZ20,4057.75,4073.5,4031.75,4046.5,1566246
2020-10-28,ESZ20,4032.5,4033.75,3924.25,3927.0,2627180
2020-10-29,ESZ20,3942.5,3997.25,3913.75,3965.75,1965277
2020-10-30,ESZ20,3931.5,3959.75,3888.5,3928.25,2494925
2020-11-02,ESZ20,3923.5,3987.0,3906.75,3964.0,1849320
2020-11-03,ESZ20,3967.5,4046.25,3964.75,4025.0,1664690
2020-11-04,ESZ20,4026.25,4143.5,3982.5,4098.5,2813083
2020-11-05,ESZ20,4111.5,4186.0,4091.75,4168.25,1671417
2020-11-06,ESZ20,4172.25,4182.5,4120.25,4164.25,1640000
2020-11-09,ESZ20,4186.0,4331.5,4179.25,4207.5,2605322
2020-11-10,ESZ20,4213.0,4226.25,4170.0,4204.5,2160319
2020-11-11,ESZ20,4209.75,4240.25,4194.5,4231.5,1324983
2020-11-12,ESZ20,4238.0,4238.0,4176.5,4196.0,1685890
2020-11-13,ESZ20,4201.0,4253.5,4181.5,4245.5,1334530
2020-11-16,ESZ20,4250.5,4300.5,4250.0,4286.5,1303941
2020-11-17,ESZ20,4289.0,4293.5,4247.75,4270.25,1268206
2020-11-18,ESZ20,4268.0,4286.75,4220.0,4228.5,1325309
2020-11-19,ESZ20,4225.5,4246.25,4205.75,4243.5,1291117
2020-11-20,ESZ20,4223.5,4246.0,4206.25,4217.75,1189621
2020-11-23,ESZ20,4210.0,4251.5,4209.0,4239.5,1204848
2020-11-24,ESZ20,4239.5,4303.5,4238.75,4296.25,1288993
2020-11-25,ESZ20,4299.0,4318.5,4278.75,4290.75,1016343
2020-11-27,ESZ20,4293.75,4306.25,4276.25,4300.0,639268
2020-11-30,ESZ20,4307.25,4315.5,4255.75,4286.75,1712274
2020-12-01,ESZ20,4294.5,4341.0,4289.5,4324.0,1365328
2020-12-02,ESZ20,4324.75,4336.25,4305.75,4330.75,1106696
2020-12-03,ESZ20,4334.5,4345.5,4318.75,4328.0,1124033
2020-12-04,ESZ20,4331.75,4363.5,4329.0,4361.5,991860
2020-12-07,ESZ20,4358.25,4368.5,4335.75,4354.25,1078372
2020-12-08,ESZ20,4346.25,4371.5,4327.75,4365.5,1119000
2020-12-09,ESZ20,4371.25,4378.25,4323.0,4336.0,1792176
2020-12-10,ESZ20,4333.0,4344.75,4307.5,4332.0,1601203
2020-12-11,ESZ20,4333.5,4338.25,4291.75,4324.75,1538362
2020-12-14,ESH21,4324.75,4346.25,4292.25,4294.75,2284730
2020-12-15,ESH21,4301.75,4343.25,4291.0,4341.75,1909018
2020-12-16,ESH21,4344.5,4359.25,4334.75,4348.5,1509876
2020-12-17,ESH21,4351.75,4372.25,4346.75,4367.5,1227753
2020-12-18,ESH21,4367.75,4377.75,4332.0,4361.0,1731161
2020-12-21,ESH21,4373.0,4378.75,4250.75,4340.5,1837575
2020-12-22,ESH21,4339.75,4349.75,4318.5,4332.0,1104998
2020-12-23,ESH21,4329.0,4356.5,4305.75,4336.25,1021819
2020-12-24,ESH21,4340.0,4350.75,4333.25,4349.75,369650
2020-12-28,ESH21,4336.75,4387.0,4330.75,4382.25,760654
2020-12-29,ESH21,4385.75,4402.5,4369.25,4374.75,992636
2020-12-30,ESH21,4379.25,4393.0,4371.25,4379.0,769995
2020-12-31,ESH21,4379.75,4407.75,4369.75,4403.5,993343
2021-01-04,ESH21,4403.5,4428.0,4307.25,4347.0,2037616
2021-01-05,ESH21,4349.75,4384.75,4328.0,4373.0,1414022
2021-01-06,ESH21,4372.25,4429.5,4340.25,4395.25,2127155
2021-01-07,ESH21,4407.25,4458.75,4396.75,4450.25,1302021
2021-01-08,ESH21,4452.5,4479.25,4429.75,4472.25,1619438
2021-01-11,ESH21,4470.25,4475.5,4431.25,4446.75,1292422
2021-01-12,ESH21,4449.0,4461.5,4422.75,4449.25,1216214
2021-01-13,ESH21,4446.75,4468.25,4431.25,4458.5,1049186
2021-01-14,ESH21,4463.25,4472.5,4441.0,4446.0,1170812
2021-01-15,ESH21,4447.75,4452.5,4396.25,4417.0,1781463
2021-01-19,ESH21,4404.75,4451.75,4395.25,4445.25,1315580
2021-01-20,ESH21,4451.5,4507.25,4443.25,4499.75,1248787
2021-01-21,ESH21,4496.25,4514.5,4491.25,4500.75,1068271
2021-01-22,ESH21,4501.5,4503.75,4468.0,4489.0,1186856
2021-01-25,ESH21,4490.25,4508.0,4443.25,4503.25,1763898
2021-01-26,ESH21,4499.75,4517.0,4476.25,4497.25,1172461
2021-01-27,ESH21,4500.0,4507.75,4361.25,4399.0,2572020
2021-01-28,ESH21,4390.0,4478.25,4358.25,4434.0,2149910
2021-01-29,ESH21,4425.0,4432.0,4340.25,4360.0,2691820
2021-02-01,ESH21,4347.0,4431.75,4311.25,4420.5,1687396
2021-02-02,ESH21,4419.5,4490.5,4414.75,4473.0,1419765
2021-02-03,ESH21,4484.25,4498.25,4462.5,4478.25,1285692
2021-02-04,ESH21,4487.5,4524.5,4466.0,4519.25,1136404
2021-02-05,ESH21,4519.0,4543.0,4514.75,4535.0,1138874
2021-02-08,ESH21,4543.75,4566.0,4540.25,4562.75,972437
2021-02-09,ESH21,4565.25,4568.0,4549.75,4560.25,881922
2021-02-10,ESH21,4567.0,4583.25,4533.0,4557.75,1560824
2021-02-11,ESH21,4561.75,4575.25,4539.25,4566.75,1296054
2021-02-12,ESH21,4560.0,4591.0,4545.0,4585.75,1050298
2021-02-16,ESH21,4591.25,4614.0,4573.5,4582.5,1450425
2021-02-17,ESH21,4583.75,4587.0,4551.25,4582.75,1382825
2021-02-18,ESH21,4583.0,4590.75,4535.25,4564.25,1536949
2021-02-19,ESH21,4565.25,4585.75,4545.0,4557.75,1427294
2021-02-22,ESH21,4560.25,4569.25,4516.0,4528.25,1514278
2021-02-23,ESH21,4532.75,4550.75,4459.5,4532.75,2282940
2021-02-24,ESH21,4531.0,4582.5,4506.5,4577.25,1944661
2021-02-25,ESH21,4578.25,4589.25,4465.0,4482.75,2863387
2021-02-26,ESH21,4478.0,4513.25,4439.75,4464.0,3010481
2021-03-01,ESH21,4472.0,4566.75,4467.25,4553.5,1692835
2021-03-02,ESH21,4558.0,4561.25,4520.25,4522.25,1641396
2021-03-03,ESH21,4522.25,4552.75,4467.75,4471.5,2203398
2021-03-04,ESH21,4472.75,4497.0,4375.25,4420.25,3192468
2021-03-05,ESH21,4420.25,4504.75,4383.25,4493.75,2948117
2021-03-08,ESH21,4509.5,4533.5,4451.0,4474.0,2198363
2021-03-09,ESH21,4486.0,4556.0,4481.0,4528.0,1704837
2021-03-10,ESH21,4533.25,4571.0,4511.0,4551.25,1845205
2021-03-11,ESH21,4562.5,4613.25,4547.75,4591.5,1599748
2021-03-12,ESH21,4592.25,4602.25,4565.0,4597.0,1448886
2021-03-15,ESM21,4597.0,4619.75,4572.5,4617.75,1974366
2021-03-16,ESM21,4617.25,4630.25,4602.25,4612.0,1973548
2021-03-17,ESM21,4616.75,4633.0,4584.5,4623.0,1941883
2021-03-18,ESM21,4621.5,4638.0,4560.0,4565.5,2124392
2021-03-19,ESM21,4570.25,4583.0,4534.5,4559.25,2047619
2021-03-22,ESM21,4553.0,4604.0,4544.5,4589.5,1325987
2021-03-23,ESM21,4592.75,4598.25,4550.0,4559.25,1877976
2021-03-24,ESM21,4565.25,4591.0,4537.0,4540.25,2063480
2021-03-25,ESM21,4542.25,4569.0,4502.75,4560.0,2279488
2021-03-26,ESM21,4567.0,4627.5,4560.25,4624.25,1984060
2021-03-29,ESM21,4621.75,4630.75,4588.25,4618.5,2003052
2021-03-30,ESM21,4624.75,4628.0,4593.25,4607.25,1590486
2021-03-31,ESM21,4609.0,4643.25,4601.0,4627.0,1642169
2021-04-01,ESM21,4627.0,4674.75,4624.0,4669.5,1245846
2021-04-05,ESM21,4689.5,4733.25,4680.5,4727.25,1250666
2021-04-06,ESM21,4729.25,4735.5,4711.75,4723.5,1252163
2021-04-07,ESM21,4726.5,4735.0,4716.0,4729.5,1101579
2021-04-08,ESM21,4733.75,4758.0,4732.0,4748.5,988346
2021-04-09,ESM21,4757.5,4781.0,4740.5,4779.0,1090560
2021-04-12,ESM21,4773.75,4784.0,4764.0,4779.75,1089291
2021-04-13,ESM21,4782.25,4799.25,4760.75,4792.25,1081282
2021-04-14,ESM21,4794.25,4803.5,4772.5,4777.5,1529562
2021-04-15,ESM21,4783.0,4826.0,4779.0,4822.0,1277980
2021-04-16,ESM21,4822.25,4843.0,4813.75,4835.75,1304078
2021-04-19,ESM21,4824.5,4834.25,4801.25,4815.0,1618649
2021-04-20,ESM21,4815.75,4826.75,4770.0,4786.0,1700883
2021-04-21,ESM21,4780.75,4826.75,4772.5,4824.25,1505474
2021-04-22,ESM21,4817.0,4831.25,4774.75,4787.25,1944942
2021-04-23,ESM21,4788.5,4846.25,4787.0,4831.0,1509514
2021-04-26,ESM21,4830.25,4845.5,4823.25,4839.0,1019731
2021-04-27,ESM21,4841.0,4852.0,4826.25,4838.5,992029
2021-04-28,ESM21,4839.75,4853.25,4832.25,4835.75,1282972
2021-04-29,ESM21,4844.25,4870.5,4827.5,4863.0,1746965
2021-04-30,ESM21,4860.25,4861.0,4826.75,4834.0,1898434
2021-05-03,ESM21,4841.0,4862.0,4840.5,4845.25,1256240
2021-05-04,ESM21,4843.75,4845.0,4780.0,4817.75,2003587
2021-05-05,ESM21,4817.75,4839.5,4812.5,4819.5,1418246
2021-05-06,ESM21,4818.25,4856.75,4800.0,4853.75,1751616
2021-05-07,ESM21,4857.0,4891.75,4851.25,4884.75,1652592
2021-05-10,ESM21,4886.25,4897.75,4831.5,4843.0,1662210
2021-05-11,ESM21,4836.25,4845.0,4763.25,4805.75,2520859
2021-05-12,ESM21,4799.5,4810.0,4710.5,4718.25,2629953
2021-05-13,ESM21,4713.0,4786.25,4688.75,4766.5,2381081
2021-05-14,ESM21,4772.0,4837.75,4764.75,4828.5,1513171
2021-05-17,ESM21,4828.5,4838.25,4796.0,4817.25,1480730
2021-05-18,ESM21,4818.5,4839.0,4771.0,4782.5,1285520
2021-05-19,ESM21,4773.5,4782.5,4715.0,4771.0,2313119
2021-05-20,ESM21,4767.25,4828.75,4744.0,4813.75,1486599
2021-05-21,ESM21,4812.0,4844.5,4806.5,4811.25,1466725
2021-05-24,ESM21,4811.0,4865.75,4802.0,4853.25,1046500
2021-05-25,ESM21,4858.75,4872.25,4838.75,4845.0,1221701
2021-05-26,ESM21,4847.5,4863.75,4840.0,4852.5,1051147
2021-05-27,ESM21,4852.5,4871.0,4837.25,4858.5,1179928
2021-05-28,ESM21,4870.75,4877.0,4860.5,4862.0,1110833
2021-06-01,ESM21,4866.0,4889.5,4849.5,4858.0,1366344
2021-06-02,ESM21,4858.0,4874.5,4850.25,4865.75,1059938
2021-06-03,ESM21,4867.5,4872.75,4824.75,4850.75,1384271
2021-06-04,ESM21,4850.25,4891.5,4836.5,4887.75,1051573
2021-06-07,ESM21,4891.75,4892.0,4873.5,4885.0,934681
2021-06-08,ESM21,4887.0,4896.25,4865.25,4885.25,1305814
2021-06-09,ESM21,4885.0,4894.5,4876.5,4878.0,1057216
2021-06-10,ESM21,4881.75,4908.5,4866.5,4897.5,1563728
2021-06-11,ESM21,4899.0,4907.25,4890.25,4905.25,1084830
2021-06-14,ESU21,4905.25,4915.25,4891.25,4912.5,1714445
2021-06-15,ESU21,4913.0,4925.0,4895.0,4903.25,1671493
2021-06-16,ESU21,4904.75,4908.25,4857.0,4879.75,1612367
2021-06-17,ESU21,4871.0,4889.5,4849.75,4879.0,1746318
2021-06-18,ESU21,4882.75,4886.75,4807.5,4820.25,1951342
2021-06-21,ESU21,4809.25,4886.5,4793.5,4880.5,1425623
2021-06-22,ESU21,4886.0,4912.25,4872.5,4903.0,1063749
2021-06-23,ESU21,4904.25,4915.0,4897.25,4898.25,938299
2021-06-24,ESU21,4900.5,4930.5,4898.5,4922.75,878788
2021-06-25,ESU21,4928.75,4943.5,4920.25,4938.0,906160
2021-06-28,ESU21,4941.75,4948.75,4931.0,4947.25,823723
2021-06-29,ESU21,4947.25,4957.75,4938.5,4948.75,741471
2021-06-30,ESU21,4951.5,4961.0,4936.0,4955.25,1100062
2021-07-01,ESU21,4961.0,4978.75,4952.75,4977.5,985190
2021-07-02,ESU21,4976.5,5013.75,4974.75,5009.5,999780
2021-07-06,ESU21,5007.75,5014.75,4972.0,5000.75,1368133
2021-07-07,ESU21,4994.75,5020.0,4987.0,5016.5,1221078
2021-07-08,ESU21,5019.0,5019.0,4946.0,4979.75,1991636
2021-07-09,ESU21,4977.0,5030.75,4960.0,5026.75,1311506
2021-07-12,ESU21,5028.75,5046.0,5008.5,5043.25,1055739
2021-07-13,ESU21,5043.75,5050.5,5023.25,5028.0,1249893
2021-07-14,ESU21,5026.25,5051.25,5016.75,5034.5,1308582
2021-07-15,ESU21,5033.25,5037.0,4999.25,5018.75,1611726
2021-07-16,ESU21,5014.5,5034.75,4981.0,4985.25,1636065
2021-07-19,ESU21,4986.75,4987.5,4890.75,4918.0,2599774
2021-07-20,ESU21,4929.5,4995.75,4919.5,4982.25,1844380
2021-07-21,ESU21,4985.5,5022.0,4976.75,5017.25,1191429
2021-07-22,ESU21,5021.75,5038.25,5008.25,5026.25,981969
2021-07-23,ESU21,5038.25,5075.0,5034.0,5069.75,1173337
2021-07-26,ESU21,5067.25,5083.5,5042.25,5081.0,938628
2021-07-27,ESU21,5082.5,5082.75,5031.5,5061.25,1575473
2021-07-28,ESU21,5046.75,5074.5,5044.25,5060.5,1221313
2021-07-29,ESU21,5060.5,5089.25,5047.25,5078.5,1009496
2021-07-30,ESU21,5061.0,5071.75,5037.5,5056.25,1376982
2021-08-02,ESU21,5063.25,5086.5,5044.0,5046.5,1193301
2021-08-03,ESU21,5050.5,5083.75,5032.0,5081.75,1296856
2021-08-04,ESU21,5076.5,5081.75,5058.0,5061.5,1047251
2021-08-05,ESU21,5063.0,5089.5,5060.5,5088.25,763343
2021-08-06,ESU21,5087.0,5100.0,5082.75,5096.25,951045
2021-08-09,ESU21,5094.75,5098.75,5079.0,5092.5,789726
2021-08-10,ESU21,5094.0,5105.0,5083.25,5096.75,950320
2021-08-11,ESU21,5096.0,5110.0,5087.5,5107.25,1001054
2021-08-12,ESU21,5106.75,5123.0,5097.0,5121.25,850527
2021-08-13,ESU21,5122.5,5130.0,5117.75,5129.25,789104
2021-08-16,ESU21,5123.0,5143.25,5099.25,5140.75,1239520
2021-08-17,ESU21,5138.75,5139.0,5078.5,5110.25,1789568
2021-08-18,ESU21,5103.5,5116.5,5048.25,5061.25,1546011
2021-08-19,ESU21,5056.5,5081.5,5014.5,5068.25,1924058
2021-08-20,ESU21,5070.5,5107.25,5038.5,5103.75,1328852
2021-08-23,ESU21,5101.75,5152.5,5100.25,5142.25,997026
2021-08-24,ESU21,5147.75,5158.75,5143.5,5149.25,787503
2021-08-25,ESU21,5150.25,5164.75,5143.0,5159.75,801106
2021-08-26,ESU21,5160.5,5161.0,5131.75,5133.25,1306718
2021-08-27,ESU21,5136.75,5176.75,5129.0,5172.25,1216414
2021-08-30,ESU21,5175.5,5201.25,5167.5,5192.0,975807
2021-08-31,ESU21,5196.25,5209.0,5179.25,5187.25,1378199
2021-09-01,ESU21,5194.5,5206.75,5186.0,5188.0,1061414
2021-09-02,ESU21,5189.25,5210.75,5182.75,5202.0,1016806
2021-09-03,ESU21,5203.5,5216.25,5186.0,5201.25,1156146
2021-09-07,ESU21,5199.75,5214.75,5177.5,5186.0,1277938
2021-09-08,ESU21,5184.25,5191.5,5158.75,5179.25,1606757
2021-09-09,ESU21,5177.75,5196.25,5152.25,5159.0,1696301
2021-09-10,ESU21,5158.0,5185.0,5123.25,5125.0,1696301
2021-09-13,ESZ21,5125.0,5156.75,5107.75,5132.75,2427929
2021-09-14,ESZ21,5139.0,5152.75,5098.5,5108.0,2152610
2021-09-15,ESZ21,5110.25,5151.0,5100.75,5145.25,1640051
2021-09-16,ESZ21,5149.25,5151.75,5106.5,5137.5,1489822
2021-09-17,ESZ21,5132.5,5145.75,5079.75,5095.0,1968041
2021-09-20,ESZ21,5085.0,5091.25,4967.0,5021.5,2711340
2021-09-21,ESZ21,5015.75,5069.0,5002.5,5016.5,1941006
2021-09-22,ESZ21,5009.75,5079.75,4994.5,5057.25,1767853
2021-09-23,ESZ21,5059.25,5128.25,5059.0,5111.25,1447395
2021-09-24,ESZ21,5112.25,5126.25,5084.0,5119.0,1182037
2021-09-27,ESZ21,5119.25,5145.25,5098.25,5106.25,1306188
2021-09-28,ESZ21,5103.0,5115.25,5008.0,5016.75,2307037
2021-09-29,ESZ21,5020.75,5052.0,5017.5,5023.0,1815726
2021-09-30,ESZ21,5033.25,5062.25,4967.5,4971.0,2373423
2021-10-01,ESZ21,4974.25,5039.0,4933.25,5017.0,2269695
2021-10-04,ESZ21,5022.25,5035.25,4940.75,4964.5,2135338
2021-10-05,ESZ21,4969.0,5033.0,4942.25,5007.25,1650217
2021-10-06,ESZ21,5007.25,5030.75,4947.0,5027.25,2202805
2021-10-07,ESZ21,5028.5,5094.75,5028.25,5063.25,1406808
2021-10-08,ESZ21,5063.75,5081.0,5049.5,5055.5,1428160
2021-10-11,ESZ21,5054.25,5080.75,5017.25,5024.25,1245705
2021-10-12,ESZ21,5021.0,5038.25,4990.5,5014.0,1295686
2021-10-13,ESZ21,5000.75,5038.0,4992.0,5028.25,1372482
2021-10-14,ESZ21,5028.0,5110.5,5027.25,5102.25,1264458
2021-10-15,ESZ21,5106.25,5140.75,5099.5,5135.75,1185108
2021-10-18,ESZ21,5138.75,5153.0,5109.5,5150.75,1095216
2021-10-19,ESZ21,5149.0,5190.75,5145.0,5184.5,1018177
2021-10-20,ESZ21,5189.25,5205.5,5177.25,5201.25,1006857
2021-10-21,ESZ21,5198.25,5216.5,5183.5,5215.0,938565
2021-10-22,ESZ21,5203.25,5224.75,5188.5,5209.75,1315668
2021-10-25,ESZ21,5202.0,5239.5,5195.75,5231.25,1031431
2021-10-26,ESZ21,5238.0,5263.25,5234.0,5238.5,1257346
2021-10-27,ESZ21,5237.0,5250.0,5217.0,5217.75,1263181
2021-10-28,ESZ21,5222.0,5263.0,5218.5,5260.75,1195785
2021-10-29,ESZ21,5250.25,5276.75,5232.5,5270.25,1418280
2021-11-01,ESZ21,5281.25,5292.75,5259.75,5279.0,1071118
2021-11-02,ESZ21,5279.0,5300.25,5266.5,5296.75,980833
2021-11-03,ESZ21,5294.5,5330.25,5286.25,5325.5,1074650
2021-11-04,ESZ21,5324.75,5349.5,5324.0,5346.5,1169886
2021-11-05,ESZ21,5345.0,5385.0,5340.75,5363.5,1459142
2021-11-08,ESZ21,5351.75,5380.25,5349.5,5367.25,1000404
2021-11-09,ESZ21,5364.0,5373.75,5336.5,5351.5,1289857
2021-11-10,ESZ21,5348.0,5353.5,5298.5,5315.25,1639098
2021-11-11,ESZ21,5318.25,5334.75,5311.25,5316.25,936857
2021-11-12,ESZ21,5320.25,5358.75,5317.0,5351.5,1155591
2021-11-15,ESZ21,5358.0,5370.75,5340.25,5352.25,1047123
2021-11-16,ESZ21,5354.0,5383.0,5344.0,5369.25,1043587
2021-11-17,ESZ21,5369.75,5374.25,5352.5,5359.5,1056696
2021-11-18,ESZ21,5358.5,5379.75,5341.25,5374.75,1168195
2021-11-19,ESZ21,5378.5,5396.75,5357.5,5367.75,1344893
2021-11-22,ESZ21,5374.25,5413.75,5347.5,5353.0,1685386
2021-11-23,ESZ21,5359.25,5368.75,5322.25,5361.75,1872492
2021-11-24,ESZ21,5359.5,5375.5,5329.5,5372.25,1408571
2021-11-26,ESZ21,5373.75,5390.25,5250.5,5269.0,2068167
2021-11-29,ESZ21,5262.25,5343.0,5262.0,5324.25,2014967
2021-11-30,ESZ21,5330.5,5340.75,5230.25,5239.5,2845560
2021-12-01,ESZ21,5260.75,5324.0,5171.0,5181.75,2670344
2021-12-02,ESZ21,5188.0,5267.0,5178.75,5249.0,2587324
2021-12-03,ESZ21,5260.5,5279.75,5165.25,5210.75,2747667
2021-12-06,ESZ21,5215.5,5285.0,5204.75,5263.25,2031995
2021-12-07,ESZ21,5267.5,5370.5,5260.5,5358.25,1771947
2021-12-08,ESZ21,5368.5,5385.25,5345.0,5372.25,1418355
2021-12-09,ESZ21,5370.5,5379.25,5335.5,5340.25,1593325
2021-12-10,ESZ21,5342.5,5386.0,5337.5,5384.25,1585049
2021-12-13,ESH22,5384.25,5403.0,5335.25,5339.25,2350983
2021-12-14,ESH22,5342.75,5356.5,5276.0,5307.75,2297097
2021-12-15,ESH22,5308.75,5385.5,5281.75,5380.25,2096181
2021-12-16,ESH22,5382.5,5423.0,5321.75,5339.0,2151049
2021-12-17,ESH22,5343.75,5347.75,5269.75,5289.75,2472118
2021-12-20,ESH22,5291.75,5301.25,5200.0,5238.25,2097624
2021-12-21,ESH22,5247.5,5322.75,5245.5,5320.5,1493880
2021-12-22,ESH22,5321.5,5370.25,5302.0,5365.75,1104688
2021-12-23,ESH22,5368.75,5411.0,5364.0,5395.5,978022
2021-12-27,ESH22,5396.75,5464.0,5393.0,5462.0,898698
2021-12-28,ESH22,5460.25,5477.75,5450.25,5458.25,954520
2021-12-29,ESH22,5460.75,5475.75,5449.75,5464.25,876030
2021-12-30,ESH22,5464.5,5479.5,5447.0,5452.0,753935
2021-12-31,ESH22,5453.5,5458.25,5430.25,5438.25,954083
2022-01-03,ESH22,5450.75,5471.0,5427.25,5465.75,1322362
2022-01-04,ESH22,5465.0,5488.0,5444.25,5464.0,1392809
2022-01-05,ESH22,5463.25,5468.0,5369.25,5372.25,1856376
2022-01-06,ESH22,5371.75,5395.5,5341.75,5367.25,1862918
2022-01-07,ESH22,5374.75,5385.5,5333.5,5347.5,1618440
2022-01-10,ESH22,5351.0,5361.5,5252.5,5342.0,2231980
2022-01-11,ESH22,5343.25,5387.25,5307.0,5384.75,1729004
2022-01-12,ESH22,5383.75,5419.25,5374.75,5396.0,1583216
2022-01-13,ESH22,5399.0,5416.0,5322.25,5331.75,1824612
2022-01-14,ESH22,5334.75,5346.75,5285.75,5334.5,2010610
2022-01-18,ESH22,5345.75,5351.5,5239.75,5251.0,2268240
2022-01-19,ESH22,5257.5,5282.75,5197.0,5204.0,2001348
2022-01-20,ESH22,5205.75,5274.0,5117.5,5154.5,2040704
2022-01-21,ESH22,5134.0,5166.75,5061.0,5069.75,3012106
2022-01-24,ESH22,5068.75,5107.25,4892.5,5083.5,3846785
2022-01-25,ESH22,5082.5,5086.5,4956.25,5028.75,2483392
2022-01-26,ESH22,4988.5,5126.0,4974.0,5021.25,2423103
2022-01-27,ESH22,5025.0,5101.75,4943.0,4997.5,2295458
2022-01-28,ESH22,5027.75,5105.75,4946.0,5103.0,2251268
2022-01-31,ESH22,5103.25,5187.5,5075.25,5184.0,1846145
2022-02-01,ESH22,5173.0,5234.5,5153.75,5214.75,1618163
2022-02-02,ESH22,5231.75,5265.75,5215.0,5257.0,1624220
2022-02-03,ESH22,5225.5,5228.0,5141.75,5148.75,1800714
2022-02-04,ESH22,5197.75,5212.25,5118.25,5172.25,1957881
2022-02-07,ESH22,5176.75,5194.25,5142.5,5155.5,1495143
2022-02-08,ESH22,5163.75,5203.5,5136.0,5192.25,1459766
2022-02-09,ESH22,5198.75,5264.75,5197.0,5257.5,1383317
2022-02-10,ESH22,5262.0,5263.5,5155.75,5177.25,2403026
2022-02-11,ESH22,5174.25,5200.25,5073.0,5089.25,2479025
2022-02-14,ESH22,5091.5,5107.75,5033.75,5073.75,2098618
2022-02-15,ESH22,5073.25,5147.75,5061.5,5144.25,1523305
2022-02-16,ESH22,5138.5,5164.25,5102.5,5149.75,1426847
2022-02-17,ESH22,5144.0,5154.5,5047.0,5054.25,1629730
2022-02-18,ESH22,5054.5,5091.25,5000.75,5023.25,1824590
2022-02-22,ESH22,5004.0,5071.0,4929.75,4979.75,2589159
2022-02-23,ESH22,4990.5,5025.25,4892.25,4901.75,1914227
2022-02-24,ESH22,4895.25,4969.75,4781.5,4963.75,2945330
2022-02-25,ESH22,4946.5,5064.0,4907.25,5059.75,1950397
2022-02-28,ESH22,4979.25,5065.25,4931.25,5047.75,2189820
2022-03-01,ESH22,5047.25,5078.75,4954.75,4983.5,1869277
2022-03-02,ESH22,4988.5,5079.0,4958.0,5061.5,1712970
2022-03-03,ESH22,5053.5,5098.5,5020.75,5039.0,1547676
2022-03-04,ESH22,5046.25,5054.25,4961.0,5007.0,1842722
2022-03-07,ESH22,4988.5,5005.0,4865.0,4878.25,1902001
2022-03-08,ESH22,4866.25,4954.75,4818.5,4848.5,2333021
2022-03-09,ESH22,4832.75,4978.0,4831.75,4955.0,1659520
2022-03-10,ESH22,4958.75,4962.0,4886.75,4937.0,1745090
2022-03-11,ESH22,4938.25,5015.25,4877.75,4881.25,1645055
2022-03-14,ESM22,4881.25,4919.25,4826.75,4838.0,2062269
2022-03-15,ESM22,4845.75,4937.75,4804.0,4928.25,2054335
2022-03-16,ESM22,4924.25,5042.0,4913.5,5024.0,1980647
2022-03-17,ESM22,5035.5,5081.25,4994.75,5076.5,1442645
2022-03-18,ESM22,5058.75,5140.25,5039.0,5128.0,1405299
2022-03-21,ESM22,5134.5,5147.5,5089.5,5126.75,1375090
2022-03-22,ESM22,5131.25,5189.25,5107.5,5179.5,1205860
2022-03-23,ESM22,5178.5,5188.5,5119.25,5122.0,1336967
2022-03-24,ESM22,5123.75,5192.0,5120.25,5187.0,1221569
2022-03-25,ESM22,5190.75,5213.5,5167.75,5211.0,1251078
2022-03-28,ESM22,5209.75,5246.75,5184.25,5242.5,1182527
2022-03-29,ESM22,5244.75,5305.5,5239.75,5300.0,1353683
2022-03-30,ESM22,5295.75,5302.0,5249.25,5270.5,1206203
2022-03-31,ESM22,5273.5,5288.75,5200.75,5205.25,1650667
2022-04-01,ESM22,5215.5,5230.0,5175.75,5213.75,1441126
2022-04-04,ESM22,5212.75,5254.5,5202.25,5252.25,1025558
2022-04-05,ESM22,5250.75,5263.25,5182.25,5194.75,1303877
2022-04-06,ESM22,5200.75,5203.25,5119.0,5150.25,1803684
2022-04-07,ESM22,5145.75,5191.75,5119.0,5170.75,1446250
2022-04-08,ESM22,5169.25,5194.25,5143.25,5158.0,1358450
2022-04-11,ESM22,5163.25,5165.75,5078.0,5083.5,1431371
2022-04-12,ESM22,5085.5,5141.25,5050.0,5067.5,1739771
2022-04-13,ESM22,5071.25,5124.0,5058.5,5116.75,1254348
2022-04-14,ESM22,5113.0,5130.25,5059.5,5062.0,1396074
2022-04-18,ESM22,5064.5,5080.75,5030.0,5061.25,1149765
2022-04-19,ESM22,5073.5,5141.5,5046.25,5133.75,1465764
2022-04-20,ESM22,5115.5,5158.75,5107.25,5130.0,1423396
2022-04-21,ESM22,5142.5,5183.5,5054.5,5065.0,1704137
2022-04-22,ESM22,5060.25,5067.75,4922.0,4941.75,2039961
2022-04-25,ESM22,4933.5,4971.0,4869.75,4967.25,2280374
2022-04-26,ESM22,4968.5,4978.0,4811.25,4845.0,2018166
2022-04-27,ESM22,4824.0,4910.75,4823.5,4854.75,2035627
2022-04-28,ESM22,4887.5,4978.0,4857.0,4958.0,1798644
2022-04-29,ESM22,4918.5,4954.25,4793.25,4802.0,2117160
2022-05-02,ESM22,4818.5,4840.25,4730.5,4825.5,2351404
2022-05-03,ESM22,4820.0,4870.25,4803.5,4843.75,1678497
2022-05-04,ESM22,4845.75,4977.5,4817.25,4969.75,1783477
2022-05-05,ESM22,4964.25,4975.25,4773.75,4817.75,2389422
2022-05-06,ESM22,4821.0,4827.75,4736.5,4794.0,2310919
2022-05-09,ESM22,4761.75,4773.5,4644.5,4662.0,2139992
2022-05-10,ESM22,4667.75,4740.0,4627.5,4671.25,2247750
2022-05-11,ESM22,4665.0,4725.0,4598.25,4604.75,2157244
2022-05-12,ESM22,4614.25,4636.25,4529.5,4601.75,2380563
2022-05-13,ESM22,4590.75,4710.5,4590.0,4694.25,1859074
2022-05-16,ESM22,4699.5,4718.0,4654.0,4679.25,1695198
2022-05-17,ESM22,4676.5,4766.0,4675.0,4759.25,1716498
2022-05-18,ESM22,4765.75,4769.5,4580.0,4597.25,2202394
2022-05-19,ESM22,4591.0,4618.0,4530.5,4572.25,2317604
2022-05-20,ESM22,4575.0,4624.0,4482.0,4574.0,2408399
2022-05-23,ESM22,4585.0,4656.75,4581.0,4646.25,1736162
2022-05-24,ESM22,4626.25,4629.0,4546.5,4615.0,2017453
2022-05-25,ESM22,4624.5,4672.25,4588.0,4651.25,1744116
2022-05-26,ESM22,4646.75,4748.0,4635.0,4730.25,1493132
2022-05-27,ESM22,4722.0,4842.75,4715.75,4830.25,1547507
2022-05-31,ESM22,4839.0,4876.75,4777.25,4805.75,2222573
2022-06-01,ESM22,4813.0,4839.5,4746.0,4773.5,1912031
2022-06-02,ESM22,4772.25,4853.5,4746.75,4849.75,1513748
2022-06-03,ESM22,4852.25,4863.5,4771.25,4781.5,1532766
2022-06-06,ESM22,4785.0,4842.75,4779.0,4795.0,1457918
2022-06-07,ESM22,4796.5,4838.5,4750.5,4833.25,1677883
2022-06-08,ESM22,4825.25,4834.5,4779.75,4788.5,1706628
2022-06-09,ESM22,4790.5,4818.75,4689.25,4690.75,2024783
2022-06-10,ESM22,4699.75,4704.0,4569.75,4573.5,2117225
2022-06-13,ESU22,4573.5,4574.75,4431.5,4449.75,3162300
2022-06-14,ESU22,4457.0,4503.75,4404.75,4436.5,2701717
2022-06-15,ESU22,4439.75,4539.25,4419.75,4489.75,2247431
2022-06-16,ESU22,4495.25,4529.5,4338.25,4367.5,2476785
2022-06-17,ESU22,4376.75,4409.75,4335.25,4372.0,2207570
2022-06-21,ESU22,4380.25,4480.0,4357.75,4464.0,1566039
2022-06-22,ESU22,4462.5,4501.75,4389.5,4459.0,1660579
2022-06-23,ESU22,4457.5,4502.0,4431.25,4496.0,1607695
2022-06-24,ESU22,4481.5,4616.0,4477.5,4612.5,1563128
2022-06-27,ESU22,4611.25,4644.25,4588.75,4600.0,1497368
2022-06-28,ESU22,4607.5,4646.25,4518.0,4521.75,1791690
2022-06-29,ESU22,4524.5,4536.25,4497.5,4517.5,1717770
2022-06-30,ESU22,4519.0,4521.25,4437.5,4485.75,2394361
2022-07-01,ESU22,4478.25,4529.75,4440.75,4523.5,1752977
2022-07-05,ESU22,4524.75,4554.0,4440.25,4530.25,2031501
2022-07-06,ESU22,4534.25,4571.25,4505.0,4544.5,1684324
2022-07-07,ESU22,4550.0,4610.5,4528.75,4601.25,1314443
2022-07-08,ESU22,4593.25,4618.25,4564.25,4597.5,1485497
2022-07-11,ESU22,4596.25,4597.0,4546.25,4553.0,1486103
2022-07-12,ESU22,4558.25,4572.75,4501.0,4520.0,1640864
2022-07-13,ESU22,4521.25,4569.25,4448.25,4500.75,2157968
2022-07-14,ESU22,4492.0,4502.5,4420.0,4489.5,1916260
2022-07-15,ESU22,4494.0,4564.5,4476.5,4561.25,1523753
2022-07-18,ESU22,4574.75,4605.75,4516.5,4530.0,1439590
2022-07-19,ESU22,4534.75,4644.25,4530.25,4633.75,1611604
2022-07-20,ESU22,4643.25,4673.5,4618.5,4658.75,1734355
2022-07-21,ESU22,4650.25,4701.0,4626.5,4697.5,1821097
2022-07-22,ESU22,4684.25,4712.5,4637.75,4661.25,1736592
2022-07-25,ESU22,4664.0,4685.0,4642.25,4666.25,1493471
2022-07-26,ESU22,4655.25,4660.75,4609.5,4619.5,1589161
2022-07-27,ESU22,4635.5,4739.0,4635.0,4720.75,1740431
2022-07-28,ESU22,4718.25,4807.25,4690.75,4769.75,2014467
2022-07-29,ESU22,4801.25,4840.25,4777.25,4829.75,1919598
2022-08-01,ESU22,4833.75,4843.5,4793.25,4816.75,1776936
2022-08-02,ESU22,4816.0,4839.25,4776.75,4790.0,1892241
2022-08-03,ESU22,4793.25,4866.25,4780.75,4852.5,1696602
2022-08-04,ESU22,4846.5,4869.5,4832.25,4848.5,1245063
2022-08-05,ESU22,4848.25,4862.5,4800.0,4843.0,1722401
2022-08-08,ESU22,4846.0,4884.25,4825.5,4838.0,1536449
2022-08-09,ESU22,4844.75,4851.25,4809.25,4820.75,1280085
2022-08-10,ESU22,4825.0,4909.75,4810.0,4906.25,1627940
2022-08-11,ESU22,4907.0,4956.75,4899.0,4906.0,1598130
2022-08-12,ESU22,4915.5,4979.0,4904.5,4977.25,1300170
2022-08-15,ESU22,4973.25,5001.0,4945.25,4994.5,1317241
2022-08-16,ESU22,4990.75,5023.75,4975.0,5004.0,1363248
2022-08-17,ESU22,5005.5,5011.25,4951.25,4973.0,1638797
2022-08-18,ESU22,4975.75,4991.75,4954.25,4982.75,1366220
2022-08-19,ESU22,4983.25,4984.25,4917.0,4927.75,1701251
2022-08-22,ESU22,4917.25,4917.75,4827.75,4837.5,1724203
2022-08-23,ESU22,4843.25,4858.0,4814.25,4826.75,1575674
2022-08-24,ESU22,4824.5,4854.75,4807.0,4839.0,1348612
2022-08-25,ESU22,4845.0,4899.0,4839.25,4897.25,1635476
2022-08-26,ESU22,4894.5,4913.5,4739.0,4755.75,2241117
2022-08-29,ESU22,4720.25,4760.25,4703.0,4727.5,1963446
2022-08-30,ESU22,4732.0,4769.0,4660.75,4683.75,2555455
2022-08-31,ESU22,4683.5,4714.5,4649.25,4652.75,2366488
2022-09-01,ESU22,4654.25,4667.5,4599.75,4665.0,2212034
2022-09-02,ESU22,4663.75,4715.5,4602.25,4620.75,2510355
2022-09-06,ESU22,4625.25,4659.5,4583.0,4606.75,2360326
2022-09-07,ESU22,4603.75,4685.0,4579.75,4676.25,1956209
2022-09-08,ESU22,4676.25,4707.75,4639.0,4701.75,2356008
2022-09-09,ESU22,4706.5,4773.5,4702.0,4763.5,1677890
2022-09-12,ESZ22,4763.5,4805.25,4747.75,4797.5,2528311
2022-09-13,ESZ22,4805.0,4842.5,4606.0,4617.75,3207923
2022-09-14,ESZ22,4624.25,4648.75,4596.5,4633.0,2494976
2022-09-15,ESZ22,4639.5,4645.0,4572.5,4586.75,2515924
2022-09-16,ESZ22,4571.5,4572.5,4520.5,4557.5,2688630
2022-09-19,ESZ22,4557.0,4594.5,4513.75,4584.75,2100098
2022-09-20,ESZ22,4590.5,4603.75,4510.75,4540.25,2357296
2022-09-21,ESZ22,4546.25,4592.75,4459.5,4473.75,2440206
2022-09-22,ESZ22,4461.5,4500.5,4431.0,4439.5,2578314
2022-09-23,ESZ22,4444.75,4450.75,4327.75,4376.5,2913560
2022-09-26,ESZ22,4372.75,4398.0,4325.0,4337.5,2899415
2022-09-27,ESZ22,4335.5,4400.5,4302.75,4328.5,2963065
2022-09-28,ESZ22,4336.0,4418.75,4280.5,4399.5,2780935
2022-09-29,ESZ22,4397.75,4403.5,4289.5,4321.75,2860631
2022-09-30,ESZ22,4324.0,4361.25,4262.75,4269.0,2976179
2022-10-03,ESZ22,4260.75,4379.25,4239.25,4357.75,2315515
2022-10-04,ESZ22,4364.0,4476.25,4353.75,4470.75,2381497
2022-10-05,ESZ22,4468.5,4487.5,4401.5,4461.5,2089198
2022-10-06,ESZ22,4463.25,4487.0,4417.5,4424.25,2157569
2022-10-07,ESZ22,4413.25,4439.5,4300.0,4320.75,2238683
2022-10-10,ESZ22,4306.25,4335.0,4267.5,4292.75,2024447
2022-10-11,ESZ22,4292.25,4320.75,4246.5,4266.75,2398140
2022-10-12,ESZ22,4274.5,4302.75,4253.0,4256.0,1948173
2022-10-13,ESZ22,4263.75,4365.25,4169.5,4349.25,3288646
2022-10-14,ESZ22,4347.75,4401.25,4258.75,4265.0,2730405
2022-10-17,ESZ22,4258.5,4370.0,4258.0,4356.75,1951998
2022-10-18,ESZ22,4373.75,4444.75,4364.75,4400.25,2746886
2022-10-19,ESZ22,4427.25,4441.75,4344.25,4374.75,2348844
2022-10-20,ESZ22,4375.5,4415.5,4333.75,4342.75,2403705
2022-10-21,ESZ22,4345.25,4440.75,4309.0,4431.5,2681019
2022-10-24,ESZ22,4438.5,4489.5,4404.0,4476.75,2109780
2022-10-25,ESZ22,4470.75,4541.75,4457.5,4537.75,1836723
2022-10-26,ESZ22,4508.5,4565.0,4491.75,4508.5,2118534
2022-10-27,ESZ22,4511.75,4538.25,4425.0,4487.0,2211786
2022-10-28,ESZ22,4465.75,4591.75,4444.25,4578.75,2084386
2022-10-31,ESZ22,4579.0,4582.25,4539.75,4550.5,2002625
2022-11-01,ESZ22,4551.5,4595.5,4520.0,4533.5,1895614
2022-11-02,ESZ22,4530.5,4574.5,4427.75,4436.25,2210708
2022-11-03,ESZ22,4434.25,4450.0,4371.75,4395.25,1887557
2022-11-04,ESZ22,4391.5,4473.0,4378.5,4447.0,2494788
2022-11-07,ESZ22,4417.5,4489.25,4405.75,4482.75,1483146
2022-11-08,ESZ22,4480.25,4534.5,4460.25,4502.75,1878046
2022-11-09,ESZ22,4500.0,4516.25,4417.5,4423.0,1889153
2022-11-10,ESZ22,4424.5,4641.0,4419.0,4628.5,2408104
2022-11-11,ESZ22,4640.5,4677.25,4618.5,4667.75,1927068
2022-11-14,ESZ22,4651.5,4685.0,4631.5,4633.5,1592615
2022-11-15,ESZ22,4642.25,4718.25,4627.5,4667.0,2230543
2022-11-16,ESZ22,4659.5,4683.25,4629.5,4636.0,1502501
2022-11-17,ESZ22,4644.75,4657.75,4580.0,4622.75,1560808
2022-11-18,ESZ22,4628.0,4661.5,4610.0,4641.5,1534155
2022-11-21,ESZ22,4640.0,4649.5,4605.0,4625.5,1178421
2022-11-22,ESZ22,4625.25,4680.0,4612.75,4677.75,1161999
2022-11-23,ESZ22,4677.5,4707.0,4669.5,4700.5,1281153
2022-11-25,ESZ22,4706.25,4716.75,4692.25,4700.0,608795
2022-11-28,ESZ22,4687.75,4691.5,4627.75,4637.75,1481503
2022-11-29,ESZ22,4639.5,4657.75,4608.75,4629.5,1500171
2022-11-30,ESZ22,4629.75,4761.0,4610.25,4748.75,2479997
2022-12-01,ESZ22,4762.0,4777.5,4722.0,4749.25,1834073
2022-12-02,ESZ22,4745.0,4753.0,4674.25,4743.0,1849784
2022-12-05,ESZ22,4741.5,4743.25,4654.75,4670.75,1497688
2022-12-06,ESZ22,4673.25,4682.25,4589.0,4612.5,1869101
2022-12-07,ESZ22,4612.0,4629.0,4581.5,4604.25,1756473
2022-12-08,ESZ22,4603.25,4644.75,4583.5,4633.25,1708915
2022-12-09,ESZ22,4632.25,4657.5,4597.5,4603.75,1739761
2022-12-12,ESH23,4603.75,4664.0,4594.0,4663.0,2145805
2022-12-13,ESH23,4660.25,4818.0,4655.5,4693.25,2864043
2022-12-14,ESH23,4692.5,4728.75,4635.0,4668.75,1951473
2022-12-15,ESH23,4675.0,4681.0,4546.0,4565.25,2216621
2022-12-16,ESH23,4558.0,4572.5,4493.25,4517.0,1965701
2022-12-19,ESH23,4512.0,4537.0,4465.25,4483.5,1405774
2022-12-20,ESH23,4480.75,4504.5,4441.5,4487.25,1541868
2022-12-21,ESH23,4495.25,4556.75,4493.5,4543.75,1522069
2022-12-22,ESH23,4553.0,4557.75,4426.5,4487.25,1842326
2022-12-23,ESH23,4488.0,4510.5,4459.25,4507.75,1374913
2022-12-27,ESH23,4516.0,4538.5,4475.25,4493.0,1006414
2022-12-28,ESH23,4496.0,4513.0,4442.5,4445.5,1282810
2022-12-29,ESH23,4449.0,4520.75,4444.25,4509.75,1146984
2022-12-30,ESH23,4507.75,4509.0,4459.5,4499.0,1401810
2023-01-03,ESH23,4533.0,4544.75,4452.5,4484.0,1782473
2023-01-04,ESH23,4480.75,4534.25,4474.5,4512.5,1912155
2023-01-05,ESH23,4509.0,4523.5,4460.5,4467.0,1679973
2023-01-06,ESH23,4471.0,4566.75,4457.0,4553.5,2026154
2023-01-09,ESH23,4556.5,4611.25,4547.75,4551.75,1697887
2023-01-10,ESH23,4552.5,4581.75,4529.5,4578.75,1520955
2023-01-11,ESH23,4579.0,4630.5,4572.5,4628.0,1398769
2023-01-12,ESH23,4629.75,4659.5,4592.0,4641.5,2102587
2023-01-13,ESH23,4641.0,4662.25,4599.75,4656.25,1456784
2023-01-17,ESH23,4658.0,4673.25,4634.75,4647.5,1423931
2023-01-18,ESH23,4646.5,4671.5,4581.75,4583.75,1902551
2023-01-19,ESH23,4583.25,4586.75,4539.75,4553.5,1896890
2023-01-20,ESH23,4563.0,4628.5,4549.75,4626.5,1620355
2023-01-23,ESH23,4625.0,4694.75,4618.25,4674.5,1594736
2023-01-24,ESH23,4674.5,4685.5,4643.25,4670.75,1472856
2023-01-25,ESH23,4677.0,4678.5,4601.25,4670.0,1760515
2023-01-26,ESH23,4669.0,4715.0,4665.25,4713.5,1613804
2023-01-27,ESH23,4703.0,4747.25,4695.25,4722.25,1587936
2023-01-30,ESH23,4715.0,4724.0,4667.5,4670.5,1786112
2023-01-31,ESH23,4677.25,4729.25,4645.5,4728.0,1790751
2023-02-01,ESH23,4723.75,4801.25,4686.5,4770.25,2000400
2023-02-02,ESH23,4783.5,4846.5,4774.75,4829.5,2290729
2023-02-03,ESH23,4814.0,4832.0,4770.5,4785.75,2354996
2023-02-06,ESH23,4772.25,4781.0,4742.0,4761.5,1560324
2023-02-07,ESH23,4761.5,4826.25,4736.25,4813.75,2180936
2023-02-08,ESH23,4805.25,4817.25,4759.25,4768.5,1804101
2023-02-09,ESH23,4770.25,4808.25,4716.25,4729.75,1828571
2023-02-10,ESH23,4736.0,4742.25,4698.75,4737.75,1744956
2023-02-13,ESH23,4743.0,4788.75,4716.75,4785.25,1376325
2023-02-14,ESH23,4787.75,4824.5,4741.75,4783.5,2379034
2023-02-15,ESH23,4779.25,4799.75,4751.0,4796.25,1611550
2023-02-16,ESH23,4797.0,4806.5,4733.0,4737.75,2042993
2023-02-17,ESH23,4733.5,4734.0,4693.75,4725.5,2008448
2023-02-21,ESH23,4721.0,4727.25,4640.0,4643.75,1883040
2023-02-22,ESH23,4645.5,4663.0,4621.75,4637.0,1925300
2023-02-23,ESH23,4648.0,4672.25,4612.25,4656.75,1955820
2023-02-24,ESH23,4653.25,4661.25,4585.5,4613.75,2063242
2023-02-27,ESH23,4614.5,4662.75,4611.0,4626.0,1621961
2023-02-28,ESH23,4629.5,4641.75,4603.0,4613.5,1847930
2023-03-01,ESH23,4606.5,4629.0,4581.0,4594.5,2042321
2023-03-02,ESH23,4597.75,4633.25,4563.0,4622.75,1836555
2023-03-03,ESH23,4621.0,4691.0,4612.0,4687.75,1665102
2023-03-06,ESH23,4687.25,4720.5,4679.75,4690.5,1528845
2023-03-07,ESH23,4691.75,4702.5,4620.5,4627.75,2141615
2023-03-08,ESH23,4628.0,4641.25,4609.5,4633.0,1831712
2023-03-09,ESH23,4635.0,4657.75,4547.5,4558.0,2547423
2023-03-10,ESH23,4557.0,4579.75,4484.25,4500.75,3285811
2023-03-13,ESM23,4500.75,4551.75,4419.5,4469.0,3479669
2023-03-14,ESM23,4477.5,4552.75,4465.25,4534.5,3100361
2023-03-15,ESM23,4534.0,4544.25,4445.25,4505.25,3042061
2023-03-16,ESM23,4505.0,4580.25,4475.25,4574.75,2507937
2023-03-17,ESM23,4575.25,4589.5,4512.75,4527.25,2224268
2023-03-20,ESM23,4544.0,4569.75,4477.5,4563.25,1818807
2023-03-21,ESM23,4566.75,4623.5,4562.0,4616.0,1531670
2023-03-22,ESM23,4619.0,4654.0,4546.5,4550.75,1802929
2023-03-23,ESM23,4553.0,4619.75,4528.75,4558.25,2236954
2023-03-24,ESM23,4569.0,4591.0,4517.25,4581.5,1944981
2023-03-27,ESM23,4588.25,4614.5,4577.75,4587.5,1304572
2023-03-28,ESM23,4593.75,4604.0,4561.0,4581.75,1224495
2023-03-29,ESM23,4586.75,4641.5,4586.25,4637.75,1389352
2023-03-30,ESM23,4638.25,4668.0,4632.75,4660.25,1328529
2023-03-31,ESM23,4661.25,4722.75,4658.25,4718.0,1695840
2023-04-03,ESM23,4707.25,4738.0,4703.0,4734.0,1380286
2023-04-04,ESM23,4732.75,4752.0,4695.5,4709.25,1582414
2023-04-05,ESM23,4714.25,4715.75,4679.25,4697.5,1470176
2023-04-06,ESM23,4694.0,4715.5,4676.75,4712.25,1299214
2023-04-07,ESM23,4709.25,4727.0,4701.25,4712.25,73009
2023-04-10,ESM23,4719.25,4723.25,4679.0,4716.5,1167715
2023-04-11,ESM23,4718.75,4732.0,4709.0,4716.75,1221824
2023-04-12,ESM23,4717.75,4758.0,4693.75,4699.25,1853671
2023-04-13,ESM23,4697.75,4757.25,4690.5,4753.0,1458785
2023-04-14,ESM23,4749.0,4769.25,4718.25,4744.0,1882896
2023-04-17,ESM23,4754.5,4760.75,4728.25,4757.0,1298123
2023-04-18,ESM23,4757.25,4778.5,4744.75,4760.25,1427797
2023-04-19,ESM23,4756.25,4767.75,4730.75,4758.75,1292622
2023-04-20,ESM23,4752.5,4753.75,4717.25,4732.75,1768379
2023-04-21,ESM23,4734.0,4741.25,4715.5,4737.0,1645161
2023-04-24,ESM23,4730.25,4744.5,4713.75,4739.75,1328041
2023-04-25,ESM23,4737.5,4738.75,4671.75,4673.5,1770908
2023-04-26,ESM23,4690.5,4696.5,4649.0,4656.25,1814741
2023-04-27,ESM23,4665.75,4746.75,4661.0,4734.0,1686692
2023-04-28,ESM23,4731.25,4774.0,4711.75,4768.75,1753803
2023-05-01,ESM23,4770.25,4786.5,4758.75,4766.0,1240490
2023-05-02,ESM23,4759.75,4771.75,4685.75,4717.0,2034176
2023-05-03,ESM23,4713.5,4747.25,4675.25,4687.75,1658392
2023-05-04,ESM23,4667.25,4698.25,4642.5,4656.0,1994772
2023-05-05,ESM23,4657.5,4743.5,4657.0,4730.5,1545895
2023-05-08,ESM23,4731.25,4741.25,4717.75,4733.0,1026014
2023-05-09,ESM23,4730.75,4733.25,4711.25,4714.25,1000924
2023-05-10,ESM23,4713.25,4753.5,4692.5,4732.25,1887587
2023-05-11,ESM23,4733.0,4748.75,4701.75,4724.0,1473383
2023-05-12,ESM23,4724.75,4744.75,4692.0,4718.25,1434601
2023-05-15,ESM23,4712.5,4736.5,4703.25,4730.25,1179165
2023-05-16,ESM23,4728.5,4731.75,4700.25,4703.25,1316691
2023-05-17,ESM23,4706.25,4759.25,4702.25,4751.75,1584910
2023-05-18,ESM23,4751.5,4796.0,4741.5,4792.25,1760668
2023-05-19,ESM23,4795.75,4807.5,4771.75,4785.0,1713351
2023-05-22,ESM23,4769.25,4802.0,4766.75,4785.25,1302845
2023-05-23,ESM23,4787.75,4803.0,4733.25,4739.0,1685056
2023-05-24,ESM23,4738.25,4746.5,4694.25,4706.25,1911903
2023-05-25,ESM23,4737.25,4755.75,4711.75,4740.0,1966626
2023-05-26,ESM23,4737.25,4801.5,4726.25,4793.5,1744425
2023-05-30,ESM23,4820.0,4823.5,4780.25,4795.25,1957579
2023-05-31,ESM23,4793.25,4798.0,4754.25,4770.75,2138566
2023-06-01,ESM23,4768.75,4820.0,4758.25,4808.25,1868363
2023-06-02,ESM23,4812.0,4878.0,4809.25,4868.25,1955603
2023-06-05,ESM23,4868.25,4886.0,4853.25,4861.25,1668759
2023-06-06,ESM23,4860.0,4875.0,4848.75,4870.0,1548125
2023-06-07,ESM23,4872.5,4885.0,4849.5,4854.5,1925195
2023-06-08,ESM23,4853.5,4882.75,4843.0,4878.5,1664333
2023-06-09,ESM23,4878.0,4905.75,4864.25,4885.0,2176645
2023-06-12,ESU23,4885.0,4926.5,4884.0,4923.25,2211433
2023-06-13,ESU23,4925.0,4958.5,4917.0,4952.0,2519014
2023-06-14,ESU23,4952.5,4974.75,4918.75,4953.75,2142634
2023-06-15,ESU23,4958.0,5020.75,4929.0,5006.5,2023296
2023-06-16,ESU23,5004.25,5029.0,4986.25,4989.0,1895105
2023-06-20,ESU23,4993.25,4997.25,4945.75,4970.0,1540416
2023-06-21,ESU23,4965.5,4973.75,4938.75,4944.5,1468258
2023-06-22,ESU23,4945.25,4962.25,4928.25,4959.0,1384002
2023-06-23,ESU23,4961.0,4961.5,4916.75,4924.25,1550992
2023-06-26,ESU23,4925.25,4938.25,4903.75,4905.5,1622416
2023-06-27,ESU23,4911.0,4960.0,4906.75,4954.0,1512256
2023-06-28,ESU23,4949.25,4965.5,4934.5,4952.75,1689461
2023-06-29,ESU23,4959.0,4973.25,4945.0,4971.0,1628750
2023-06-30,ESU23,4970.5,5033.25,4968.25,5023.5,1774940
2023-07-03,ESU23,5020.75,5029.25,5014.75,5027.5,641289
2023-07-05,ESU23,5027.25,5029.0,5001.5,5019.0,1193759
2023-07-06,ESU23,5017.0,5018.75,4954.75,4982.25,1741520
2023-07-07,ESU23,4976.5,5011.25,4966.75,4969.25,1691644
2023-07-10,ESU23,4972.75,4983.5,4946.5,4979.5,1361155
2023-07-11,ESU23,4981.0,5013.75,4974.25,5008.75,1340232
2023-07-12,ESU23,5006.25,5059.0,5005.25,5042.75,1784296
2023-07-13,ESU23,5045.75,5086.75,5044.5,5078.75,1158193
2023-07-14,ESU23,5074.75,5095.75,5066.25,5072.0,1381069
2023-07-17,ESU23,5071.25,5101.0,5063.25,5089.0,1057965
2023-07-18,ESU23,5085.5,5129.75,5080.0,5123.0,1301460
2023-07-19,ESU23,5118.0,5144.5,5117.5,5132.25,1538747
2023-07-20,ESU23,5128.5,5129.5,5092.5,5100.75,1527727
2023-07-21,ESU23,5101.5,5125.25,5097.0,5100.0,1432643
2023-07-24,ESU23,5099.5,5127.75,5095.25,5118.75,1203661
2023-07-25,ESU23,5119.75,5144.0,5114.5,5131.25,1219737
2023-07-26,ESU23,5140.0,5146.0,5109.0,5130.5,1372426
2023-07-27,ESU23,5130.0,5169.75,5089.0,5099.5,1924565
2023-07-28,ESU23,5101.25,5151.75,5093.25,5141.75,1573973
2023-07-31,ESU23,5144.0,5154.5,5130.5,5149.75,1299434
2023-08-01,ESU23,5153.0,5157.0,5126.25,5136.5,1212261
2023-08-02,ESU23,5115.25,5128.75,5063.0,5072.5,1917865
2023-08-03,ESU23,5069.5,5082.75,5041.0,5057.0,1764076
2023-08-04,ESU23,5058.75,5096.0,5029.0,5033.25,2044936
2023-08-07,ESU23,5035.75,5077.0,5035.75,5073.0,1397301
2023-08-08,ESU23,5074.75,5076.25,5017.25,5053.75,1696546
2023-08-09,ESU23,5051.75,5071.5,5013.5,5021.0,1640285
2023-08-10,ESU23,5028.5,5080.0,5008.75,5021.0,2227022
2023-08-11,ESU23,5023.0,5031.5,4994.25,5016.0,1511048
2023-08-14,ESU23,5020.25,5043.0,5000.25,5041.25,1277132
2023-08-15,ESU23,5041.0,5053.0,4982.25,4989.25,1492516
2023-08-16,ESU23,4988.5,5002.5,4952.25,4955.25,1499218
2023-08-17,ESU23,4955.75,4972.0,4913.0,4919.75,1630481
2023-08-18,ESU23,4914.5,4931.25,4885.25,4918.0,1746289
2023-08-21,ESU23,4917.75,4956.25,4907.5,4947.75,1361470
2023-08-22,ESU23,4945.5,4975.25,4929.5,4934.5,1375651
2023-08-23,ESU23,4935.25,5011.5,4934.75,4982.25,1306640
2023-08-24,ESU23,5005.75,5020.75,4913.75,4921.25,1783795
2023-08-25,ESU23,4919.75,4964.25,4900.5,4949.5,1853335
2023-08-28,ESU23,4953.25,4984.75,4949.75,4977.5,1266414
2023-08-29,ESU23,4979.25,5044.75,4968.75,5042.0,1444714
2023-08-30,ESU23,5044.0,5066.0,5031.5,5059.5,1397669
2023-08-31,ESU23,5062.25,5076.5,5048.0,5051.25,1395751
2023-09-01,ESU23,5052.0,5083.0,5042.5,5056.75,1416762
2023-09-05,ESU23,5056.5,5066.5,5034.5,5037.75,1391805
2023-09-06,ESU23,5035.25,5039.0,4982.25,5006.75,1600128
2023-09-07,ESU23,5004.75,5007.0,4969.5,4991.5,1602226
2023-09-08,ESU23,4993.5,5012.75,4978.25,4997.0,1686158
2023-09-11,ESZ23,4997.0,5026.5,4991.75,5022.5,2043475
2023-09-12,ESZ23,5019.5,5022.0,4990.25,4996.75,1870977
2023-09-13,ESZ23,4996.0,5013.25,4978.0,5000.5,1773153
2023-09-14,ESZ23,5004.25,5045.0,5002.0,5038.0,1640992
2023-09-15,ESZ23,5039.5,5049.0,4977.0,4981.0,1825966
2023-09-18,ESZ23,4982.5,4997.5,4970.0,4984.5,1155158
2023-09-19,ESZ23,4986.25,4992.5,4945.25,4973.0,1422950
2023-09-20,ESZ23,4974.25,4991.0,4926.25,4930.0,1482206
2023-09-21,ESZ23,4928.0,4930.0,4849.5,4855.0,1998638
2023-09-22,ESZ23,4853.25,4882.0,4840.25,4844.0,1736576
2023-09-25,ESZ23,4848.0,4866.5,4821.25,4861.75,1561595
2023-09-26,ESZ23,4865.0,4865.0,4788.5,4797.75,1758048
2023-09-27,ESZ23,4803.25,4819.5,4760.0,4796.5,1965913
2023-09-28,ESZ23,4806.25,4838.75,4784.0,4820.5,2012088
2023-09-29,ESZ23,4825.0,4854.25,4794.0,4808.5,2106053
2023-10-02,ESZ23,4832.0,4838.5,4778.5,4807.25,1950463
2023-10-03,ESZ23,4809.0,4818.75,4734.25,4747.75,2256808
2023-10-04,ESZ23,4745.75,4787.0,4718.5,4780.75,2168271
2023-10-05,ESZ23,4774.5,4785.0,4741.0,4773.75,1673477
2023-10-06,ESZ23,4770.5,4841.5,4725.25,4824.5,2216456
2023-10-09,ESZ23,4798.0,4858.75,4782.5,4851.75,1485254
2023-10-10,ESZ23,4851.75,4902.0,4849.25,4874.5,1610271
2023-10-11,ESZ23,4875.0,4902.75,4860.25,4892.75,1489644
2023-10-12,ESZ23,4900.75,4913.5,4838.5,4863.5,1881573
2023-10-13,ESZ23,4863.75,4890.75,4823.75,4840.25,2159101
2023-10-16,ESZ23,4839.75,4897.25,4837.5,4884.0,1668948
2023-10-17,ESZ23,4889.25,4906.25,4848.75,4884.75,1879736
2023-10-18,ESZ23,4881.0,4882.25,4813.75,4825.25,2271572
2023-10-19,ESZ23,4829.5,4849.5,4775.75,4786.0,2741942
2023-10-20,ESZ23,4778.0,4787.25,4726.5,4731.5,2328806
2023-10-23,ESZ23,4739.25,4763.75,4696.25,4724.75,1963670
2023-10-24,ESZ23,4733.25,4773.5,4725.0,4754.25,1807092
2023-10-25,ESZ23,4752.5,4756.5,4686.75,4692.75,1981633
2023-10-26,ESZ23,4685.0,4688.0,4629.25,4639.5,2419407
2023-10-27,ESZ23,4650.0,4668.0,4605.25,4620.75,2195767
2023-10-30,ESZ23,4631.0,4680.5,4626.5,4668.75,1904610
2023-10-31,ESZ23,4667.25,4698.0,4649.75,4695.25,1836212
2023-11-01,ESZ23,4688.0,4747.75,4674.25,4739.0,2027080
2023-11-02,ESZ23,4741.5,4822.75,4740.75,4818.75,1819596
2023-11-03,ESZ23,4810.5,4874.75,4808.5,4859.0,1803552
2023-11-06,ESZ23,4862.25,4872.5,4847.25,4867.25,1348878
2023-11-07,ESZ23,4863.0,4886.25,4849.0,4879.0,1371257
2023-11-08,ESZ23,4880.5,4890.75,4858.0,4882.5,1390288
2023-11-09,ESZ23,4876.25,4896.0,4840.75,4845.25,1972630
2023-11-10,ESZ23,4847.5,4918.5,4837.25,4913.5,1752002
2023-11-13,ESZ23,4908.75,4919.75,4890.25,4908.25,1276182
2023-11-14,ESZ23,4910.25,5007.25,4903.25,4994.0,1901847
2023-11-15,ESZ23,4998.5,5024.25,4993.75,5002.25,1573452
2023-11-16,ESZ23,4997.25,5012.5,4984.75,5006.25,1491734
2023-11-17,ESZ23,5010.75,5022.5,4995.75,5010.5,1331912
2023-11-20,ESZ23,5009.75,5054.0,5003.0,5045.25,1220790
2023-11-21,ESZ23,5044.75,5050.0,5019.75,5034.25,1101669
2023-11-22,ESZ23,5030.75,5063.5,5026.0,5050.25,1403636
2023-11-24,ESZ23,5047.0,5057.0,5045.0,5051.25,572702
2023-11-27,ESZ23,5051.5,5053.0,5035.0,5044.0,1124213
2023-11-28,ESZ23,5044.5,5060.25,5030.0,5046.0,1441119
2023-11-29,ESZ23,5047.0,5080.0,5038.5,5042.25,1592398
2023-11-30,ESZ23,5045.25,5062.5,5027.75,5059.75,2056268
2023-12-01,ESZ23,5054.75,5090.75,5045.5,5083.75,1914151
2023-12-04,ESZ23,5086.25,5087.5,5036.5,5059.5,1818991
2023-12-05,ESZ23,5056.0,5068.5,5038.5,5058.0,1890825
2023-12-06,ESZ23,5056.25,5081.5,5035.0,5039.0,1837961
2023-12-07,ESZ23,5039.0,5079.0,5031.75,5072.5,1832361
2023-12-08,ESZ23,5069.5,5096.75,5044.75,5090.5,2289425
2023-12-11,ESH24,5090.5,5109.25,5081.75,5108.25,2169300
2023-12-12,ESH24,5107.5,5131.5,5092.0,5127.0,1861122
2023-12-13,ESH24,5130.25,5194.0,5126.5,5190.5,1970985
2023-12-14,ESH24,5190.5,5221.5,5176.0,5203.75,2265347
2023-12-15,ESH24,5197.5,5218.75,5187.0,5197.75,1801823
2023-12-18,ESH24,5200.25,5232.0,5199.25,5222.75,1139029
2023-12-19,ESH24,5220.25,5251.25,5217.5,5250.0,1122973
2023-12-20,ESH24,5248.25,5260.5,5173.0,5179.5,1749145
2023-12-21,ESH24,5180.75,5228.0,5180.75,5226.5,1687065
2023-12-22,ESH24,5225.5,5251.5,5214.5,5235.0,1326697
2023-12-26,ESH24,5230.0,5264.25,5230.0,5254.75,688201
2023-12-27,ESH24,5257.5,5266.25,5246.25,5263.25,1042284
2023-12-28,ESH24,5264.25,5271.25,5257.75,5262.0,927035
2023-12-29,ESH24,5264.5,5270.75,5226.5,5249.75,1281733
2024-01-02,ESH24,5247.75,5257.75,5195.25,5217.0,1678142
2024-01-03,ESH24,5220.5,5220.5,5170.75,5176.25,1707174
2024-01-04,ESH24,5179.75,5196.25,5156.75,5159.25,1395366
2024-01-05,ESH24,5162.5,5190.0,5131.75,5164.5,1767245
2024-01-08,ESH24,5165.5,5233.0,5145.0,5231.0,1417728
2024-01-09,ESH24,5227.5,5233.75,5197.25,5222.5,1369103
2024-01-10,ESH24,5220.5,5258.25,5215.75,5250.0,1377780
2024-01-11,ESH24,5250.25,5267.75,5202.5,5245.25,1795564
2024-01-12,ESH24,5241.0,5266.25,5221.25,5246.25,1519899
2024-01-16,ESH24,5241.75,5252.75,5209.25,5228.25,1905532
2024-01-17,ESH24,5229.5,5230.5,5176.0,5201.0,1663328
2024-01-18,ESH24,5197.75,5246.75,5193.25,5241.0,1746936
2024-01-19,ESH24,5241.0,5304.0,5238.25,5299.25,1876757
2024-01-22,ESH24,5302.25,5328.0,5302.25,5310.75,1356050
2024-01-23,ESH24,5311.5,5331.75,5304.0,5324.75,1130749
2024-01-24,ESH24,5330.0,5363.0,5318.75,5327.75,1586824
2024-01-25,ESH24,5329.25,5356.25,5323.0,5353.0,1532026
2024-01-26,ESH24,5349.0,5364.0,5328.25,5346.0,1363612
2024-01-29,ESH24,5338.5,5385.75,5331.5,5384.25,1197989
2024-01-30,ESH24,5380.0,5387.0,5362.75,5380.75,1157425
2024-01-31,ESH24,5360.0,5367.75,5295.75,5300.25,2285993
2024-02-01,ESH24,5304.25,5393.5,5302.25,5358.25,1835510
2024-02-02,ESH24,5382.5,5427.5,5355.5,5410.0,1957796
2024-02-05,ESH24,5405.75,5410.5,5367.5,5391.75,1504676
2024-02-06,ESH24,5389.25,5408.0,5384.25,5404.5,1267419
2024-02-07,ESH24,5401.25,5449.75,5399.75,5445.0,1336172
2024-02-08,ESH24,5445.5,5449.75,5433.5,5447.5,997431
2024-02-09,ESH24,5444.25,5478.25,5442.75,5473.75,1212336
2024-02-12,ESH24,5472.25,5496.25,5461.25,5471.0,1141487
2024-02-13,ESH24,5463.75,5469.75,5366.25,5401.0,2112726
2024-02-14,ESH24,5404.0,5452.25,5398.5,5447.75,1632071
2024-02-15,ESH24,5447.25,5481.5,5440.75,5476.25,1361757
2024-02-16,ESH24,5479.25,5489.0,5442.5,5449.5,1527729
2024-02-20,ESH24,5446.25,5459.25,5398.0,5421.25,1609827
2024-02-21,ESH24,5419.75,5450.25,5388.75,5426.0,1485687
2024-02-22,ESH24,5445.75,5537.5,5445.0,5527.5,1738869
2024-02-23,ESH24,5524.0,5553.25,5521.75,5531.25,1340050
2024-02-26,ESH24,5524.75,5537.75,5506.0,5510.0,1094682
2024-02-27,ESH24,5507.25,5522.75,5496.75,5519.75,1026819
2024-02-28,ESH24,5520.5,5521.0,5493.0,5510.75,1201011
2024-02-29,ESH24,5501.75,5544.25,5489.75,5533.5,1790702
2024-03-01,ESH24,5531.25,5579.0,5519.0,5575.75,1597331
2024-03-04,ESH24,5571.75,5587.5,5561.75,5568.0,1208040
2024-03-05,ESH24,5563.5,5565.25,5492.75,5515.5,1885769
2024-03-06,ESH24,5520.75,5564.25,5513.5,5541.5,1996223
2024-03-07,ESH24,5544.0,5600.25,5516.25,5591.5,1791666
2024-03-08,ESH24,5589.0,5622.75,5551.5,5558.75,2786680
2024-03-11,ESM24,5558.75,5559.25,5520.25,5549.0,2205843
2024-03-12,ESM24,5555.0,5610.0,5539.5,5604.5,2317426
2024-03-13,ESM24,5601.5,5610.75,5580.75,5595.75,1602402
2024-03-14,ESM24,5599.75,5616.75,5551.25,5581.25,2188953
2024-03-15,ESM24,5579.25,5594.0,5531.0,5546.0,1927775
2024-03-18,ESM24,5549.0,5603.5,5545.0,5578.0,1377276
2024-03-19,ESM24,5578.5,5608.0,5549.25,5605.0,1440289
2024-03-20,ESM24,5603.0,5661.0,5596.25,5650.0,1404974
2024-03-21,ESM24,5658.0,5686.0,5656.75,5665.75,1326994
2024-03-22,ESM24,5670.0,5675.0,5651.0,5656.5,1162606
2024-03-25,ESM24,5653.75,5658.25,5635.75,5641.5,920608
2024-03-26,ESM24,5644.0,5663.75,5626.25,5628.5,1092706
2024-03-27,ESM24,5636.5,5677.0,5634.0,5671.5,1487671
2024-03-28,ESM24,5671.25,5684.25,5664.25,5671.75,1317836
2024-04-01,ESM24,5677.5,5696.75,5645.5,5658.5,1125234
2024-04-02,ESM24,5657.75,5659.25,5598.25,5623.75,1426691
2024-04-03,ESM24,5625.75,5644.0,5607.75,5629.75,1402981
2024-04-04,ESM24,5634.0,5671.75,5555.75,5560.5,1941274
2024-04-05,ESM24,5563.0,5635.75,5554.75,5616.25,1908306
2024-04-08,ESM24,5626.5,5632.5,5599.75,5616.5,1167648
2024-04-09,ESM24,5621.25,5637.5,5571.5,5623.5,1651973
2024-04-10,ESM24,5627.5,5648.25,5539.75,5571.0,2369864
2024-04-11,ESM24,5565.25,5620.75,5536.75,5606.5,1762470
2024-04-12,ESM24,5607.25,5612.0,5513.25,5530.75,2005106
2024-04-15,ESM24,5529.75,5576.5,5457.25,5467.25,2226105
2024-04-16,ESM24,5464.5,5486.5,5442.0,5455.75,2098015
2024-04-17,ESM24,5459.5,5483.75,5410.25,5425.5,1928645
2024-04-18,ESM24,5426.25,5458.5,5401.75,5412.25,1701401
2024-04-19,ESM24,5410.5,5421.25,5326.75,5367.0,2357143
2024-04-22,ESM24,5377.5,5440.0,5369.25,5410.75,1584393
2024-04-23,ESM24,5414.25,5476.75,5401.0,5469.75,1357493
2024-04-24,ESM24,5478.5,5492.0,5435.5,5470.75,1512469
2024-04-25,ESM24,5433.25,5496.0,5385.5,5445.5,1887635
2024-04-26,ESM24,5495.25,5509.75,5467.75,5494.75,1455855
2024-04-29,ESM24,5503.5,5517.5,5482.0,5510.25,1163440
2024-04-30,ESM24,5511.75,5511.75,5414.25,5430.25,1675335
2024-05-01,ESM24,5413.25,5490.0,5401.0,5409.75,1955160
2024-05-02,ESM24,5420.25,5476.25,5399.5,5454.75,1573131
2024-05-03,ESM24,5473.5,5530.0,5462.5,5518.0,1604172
2024-05-06,ESM24,5530.0,5571.0,5519.0,5569.75,1019307
2024-05-07,ESM24,5568.0,5590.0,5565.5,5577.0,1106457
2024-05-08,ESM24,5575.0,5581.25,5552.0,5576.0,1013418
2024-05-09,ESM24,5572.5,5608.0,5558.25,5602.25,1094931
2024-05-10,ESM24,5604.0,5627.25,5596.0,5609.5,1112925
2024-05-13,ESM24,5603.75,5627.25,5596.5,5608.75,922763
2024-05-14,ESM24,5605.0,5637.5,5580.0,5632.75,1252615
2024-05-15,ESM24,5631.75,5700.5,5629.5,5696.25,1391029
2024-05-16,ESM24,5694.75,5712.25,5678.75,5683.5,1207843
2024-05-17,ESM24,5681.5,5692.0,5669.0,5690.5,1052765
2024-05-20,ESM24,5692.5,5711.5,5687.0,5695.0,1031456
2024-05-21,ESM24,5695.0,5710.75,5685.75,5708.5,1011849
2024-05-22,ESM24,5706.75,5712.5,5670.0,5691.25,1257477
2024-05-23,ESM24,5702.25,5731.5,5636.75,5648.5,2012153
2024-05-24,ESM24,5649.0,5692.5,5649.0,5684.75,1264244
2024-05-28,ESM24,5685.0,5702.25,5660.0,5688.0,1387872
2024-05-29,ESM24,5687.0,5687.25,5631.5,5647.25,1445855
2024-05-30,ESM24,5633.75,5640.25,5601.5,5616.25,1495148
2024-05-31,ESM24,5613.75,5670.25,5568.75,5658.75,2452894
2024-06-03,ESM24,5662.75,5676.5,5610.0,5660.5,1785532
2024-06-04,ESM24,5663.5,5675.5,5625.25,5667.25,1679093
2024-06-05,ESM24,5668.25,5731.5,5665.75,5729.25,1450596
2024-06-06,ESM24,5731.0,5736.5,5708.5,5727.25,1228240
2024-06-07,ESM24,5725.25,5748.75,5692.25,5719.0,1591439
2024-06-10,ESM24,5714.75,5739.0,5701.5,5734.5,1185881
2024-06-11,ESM24,5733.0,5749.5,5697.75,5747.25,1413433
2024-06-12,ESM24,5747.75,5817.75,5743.25,5790.75,1899786
2024-06-13,ESM24,5799.5,5816.0,5771.75,5801.75,1682858
2024-06-14,ESM24,5799.25,5806.25,5761.0,5800.75,1789793
2024-06-17,ESU24,5800.75,5861.75,5790.5,5847.0,2126072
2024-06-18,ESU24,5848.75,5863.5,5842.25,5860.5,1561429
2024-06-20,ESU24,5862.5,5888.75,5826.25,5845.25,1811776
2024-06-21,ESU24,5845.75,5851.5,5819.75,5835.0,1392213
2024-06-24,ESU24,5839.25,5859.25,5811.0,5817.75,1410359
2024-06-25,ESU24,5816.75,5840.5,5811.75,5837.75,1141183
2024-06-26,ESU24,5835.75,5852.5,5817.0,5844.25,1197372
2024-06-27,ESU24,5833.75,5855.75,5816.5,5846.75,1257121
2024-06-28,ESU24,5849.0,5885.75,5811.5,5822.25,1855777
2024-07-01,ESU24,5835.0,5841.75,5805.25,5834.5,1432355
2024-07-02,ESU24,5834.25,5870.5,5803.5,5869.5,1315097
2024-07-03,ESU24,5864.5,5896.5,5860.5,5891.0,808966
2024-07-05,ESU24,5891.75,5926.75,5885.75,5922.25,1233173
2024-07-08,ESU24,5912.75,5938.25,5911.5,5926.0,981186
2024-07-09,ESU24,5928.5,5946.5,5927.0,5932.0,1063568
2024-07-10,ESU24,5932.5,5991.25,5931.5,5988.75,1200224
2024-07-11,ESU24,5985.0,6008.5,5930.75,5940.5,1970766
2024-07-12,ESU24,5939.25,6009.0,5922.0,5965.5,1684437
2024-07-15,ESU24,5981.75,6019.5,5966.25,5983.75,1701349
2024-07-16,ESU24,5989.5,6022.0,5973.75,6018.0,1485113
2024-07-17,ESU24,6015.75,6018.5,5932.5,5939.75,2059862
2024-07-18,ESU24,5944.75,5964.75,5871.0,5895.25,2528379
2024-07-19,ESU24,5903.25,5908.25,5842.75,5854.5,2106581
2024-07-22,ESU24,5865.25,5916.75,5854.25,5911.5,1671918
2024-07-23,ESU24,5908.5,5930.5,5888.5,5900.0,1385653
2024-07-24,ESU24,5885.75,5885.75,5762.75,5772.75,2178690
2024-07-25,ESU24,5783.25,5834.0,5733.25,5742.0,2888086
2024-07-26,ESU24,5746.75,5829.0,5746.0,5799.75,1977698
2024-07-29,ESU24,5797.25,5835.25,5781.75,5803.75,1697647
2024-07-30,ESU24,5805.25,5828.25,5733.75,5773.25,2053956
2024-07-31,ESU24,5755.5,5889.25,5752.25,5858.75,2156505
2024-08-01,ESU24,5875.5,5901.5,5745.5,5781.0,2751690
2024-08-02,ESU24,5765.0,5774.0,5632.5,5676.75,3239738
2024-08-05,ESU24,5630.75,5646.25,5420.75,5518.25,3436090
2024-08-06,ESU24,5550.75,5642.75,5522.5,5567.0,2172067
2024-08-07,ESU24,5542.25,5660.0,5497.5,5528.25,2247229
2024-08-08,ESU24,5509.0,5661.75,5482.75,5649.0,1912347
2024-08-09,ESU24,5649.0,5686.0,5620.25,5671.0,1412017
2024-08-12,ESU24,5665.0,5697.5,5648.5,5670.5,1219995
2024-08-13,ESU24,5673.25,5762.0,5668.25,5759.75,1271171
2024-08-14,ESU24,5758.25,5788.5,5739.5,5777.75,1301826
2024-08-15,ESU24,5782.0,5872.5,5772.5,5868.25,1440377
2024-08-16,ESU24,5869.25,5887.0,5837.25,5879.0,1183498
2024-08-19,ESU24,5884.75,5932.5,5866.0,5930.75,1010612
2024-08-20,ESU24,5930.25,5944.5,5908.5,5920.5,1020393
2024-08-21,ESU24,5920.25,5956.0,5914.25,5942.25,1086814
2024-08-22,ESU24,5942.75,5966.0,5883.5,5894.75,1409474
2024-08-23,ESU24,5898.5,5963.0,5898.5,5953.25,1415472
2024-08-26,ESU24,5951.25,5969.75,5920.5,5937.75,1090361
2024-08-27,ESU24,5930.75,5950.25,5912.25,5945.5,1027658
2024-08-28,ESU24,5944.5,5951.25,5876.75,5911.0,1381099
2024-08-29,ESU24,5881.25,5964.5,5862.0,5910.75,1571688
2024-08-30,ESU24,5919.25,5965.75,5895.0,5961.75,1558874
2024-09-03,ESU24,5957.0,5970.5,5817.5,5842.5,1910577
2024-09-04,ESU24,5839.25,5865.75,5807.5,5830.75,1749591
2024-09-05,ESU24,5828.25,5858.0,5790.75,5813.0,1737210
2024-09-06,ESU24,5813.75,5833.25,5694.75,5720.25,2377532
2024-09-09,ESU24,5710.75,5793.75,5706.0,5780.25,1611701
2024-09-10,ESU24,5789.0,5806.75,5749.0,5804.75,1525620
2024-09-11,ESU24,5800.0,5868.25,5712.75,5862.0,2309139
2024-09-12,ESU24,5858.75,5907.75,5841.0,5903.0,1726434
2024-09-13,ESU24,5899.25,5942.25,5898.0,5930.5,1706322
2024-09-16,ESZ24,5930.5,5949.25,5916.0,5945.75,1740015
2024-09-17,ESZ24,5940.75,5983.5,5924.25,5946.75,1773538
2024-09-18,ESZ24,5947.5,6002.25,5921.75,5926.5,1735285
2024-09-19,ESZ24,5939.5,6044.0,5937.5,6024.5,1739117
2024-09-20,ESZ24,6022.5,6023.25,5980.0,6008.5,1623655
2024-09-23,ESZ24,6008.5,6031.0,5991.75,6023.25,1077941
2024-09-24,ESZ24,6020.5,6040.75,6001.25,6038.5,1181221
2024-09-25,ESZ24,6038.75,6045.25,6014.5,6025.5,1043665
2024-09-26,ESZ24,6030.0,6076.5,6024.75,6051.0,1360026
2024-09-27,ESZ24,6050.75,6068.0,6028.5,6037.75,1280272
2024-09-30,ESZ24,6030.5,6066.75,6002.75,6060.75,1502729
2024-10-01,ESZ24,6053.5,6069.0,5979.5,6006.25,1947177
2024-10-02,ESZ24,6006.75,6019.75,5970.5,6006.75,1250353
2024-10-03,ESZ24,6016.0,6019.25,5972.25,5996.0,1421429
2024-10-04,ESZ24,5992.25,6051.25,5987.5,6046.5,1460645
2024-10-07,ESZ24,6048.5,6054.5,5980.75,5991.25,1211368
2024-10-08,ESZ24,5999.0,6053.25,5971.75,6047.0,1172261
2024-10-09,ESZ24,6045.75,6093.0,6027.25,6087.75,1113875
2024-10-10,ESZ24,6082.5,6090.5,6058.0,6075.5,1116046
2024-10-11,ESZ24,6077.5,6114.75,6062.5,6106.25,1028816
2024-10-14,ESZ24,6101.0,6165.0,6096.5,6154.75,919072
2024-10-15,ESZ24,6160.75,6162.0,6096.5,6109.25,1365310
2024-10-16,ESZ24,6107.5,6139.25,6099.75,6133.5,935721
2024-10-17,ESZ24,6129.25,6173.75,6117.75,6133.5,1236083
2024-10-18,ESZ24,6134.75,6162.0,6122.75,6152.5,952612
2024-10-21,ESZ24,6158.0,6162.0,6111.5,6142.75,1063780
2024-10-22,ESZ24,6147.25,6150.75,6107.75,6139.0,1033296
2024-10-23,ESZ24,6133.75,6140.25,6047.5,6084.25,1468269
2024-10-24,ESZ24,6090.5,6116.5,6069.0,6095.5,1159448
2024-10-25,ESZ24,6099.75,6147.25,6081.5,6092.5,1368245
2024-10-28,ESZ24,6103.5,6131.0,6103.5,6108.0,1017440
2024-10-29,ESZ24,6113.5,6130.25,6084.0,6117.5,1195753
2024-10-30,ESZ24,6129.5,6139.5,6086.75,6098.5,1347170
2024-10-31,ESZ24,6086.5,6090.5,5979.75,5985.0,1973513
2024-11-01,ESZ24,5988.5,6050.25,5979.0,6004.75,1592031
2024-11-04,ESZ24,5988.25,6023.0,5970.75,5989.75,1333685
2024-11-05,ESZ24,5998.75,6069.75,5981.5,6058.75,1198797
2024-11-06,ESZ24,6066.75,6213.5,6061.25,6204.75,2023257
2024-11-07,ESZ24,6210.0,6259.5,6197.5,6250.25,1285585
2024-11-08,ESZ24,6254.25,6287.0,6236.75,6271.75,1184512
2024-11-11,ESZ24,6276.5,6299.75,6260.0,6278.25,1069929
2024-11-12,ESZ24,6275.75,6283.0,6233.25,6259.5,1407120
2024-11-13,ESZ24,6258.75,6281.75,6238.25,6262.5,1445258
2024-11-14,ESZ24,6264.25,6271.75,6210.75,6224.75,1538927
2024-11-15,ESZ24,6218.5,6220.75,6123.25,6143.0,2008339
2024-11-18,ESZ24,6146.25,6179.5,6133.0,6166.5,1332326
2024-11-19,ESZ24,6165.5,6194.0,6101.5,6185.25,1636346
2024-11-20,ESZ24,6184.25,6204.25,6126.5,6184.25,1597257
2024-11-21,ESZ24,6183.75,6231.5,6151.75,6217.0,1867101
2024-11-22,ESZ24,6213.5,6240.0,6187.25,6233.5,1550734
2024-11-25,ESZ24,6252.5,6286.5,6229.0,6253.0,1619917
2024-11-26,ESZ24,6259.75,6290.5,6222.75,6284.75,1336843
2024-11-27,ESZ24,6288.25,6293.5,6246.75,6261.5,1157171
2024-11-29,ESZ24,6261.5,6306.5,6261.25,6298.0,847984
2024-12-02,ESZ24,6298.0,6315.0,6282.5,6308.25,989033
2024-12-03,ESZ24,6310.5,6317.25,6294.0,6309.75,991961
2024-12-04,ESZ24,6313.5,6348.75,6309.5,6345.0,1142137
2024-12-05,ESZ24,6341.75,6353.75,6328.0,6335.25,1118784
2024-12-06,ESZ24,6332.0,6357.5,6322.5,6345.5,1167677
2024-12-09,ESZ24,6342.75,6352.25,6306.5,6312.25,1351194
2024-12-10,ESZ24,6311.75,6321.75,6286.25,6292.75,1350731
2024-12-11,ESZ24,6299.25,6349.0,6292.0,6339.25,1271795
2024-12-12,ESZ24,6334.0,6334.75,6302.0,6307.25,1565731
2024-12-13,ESZ24,6311.5,6331.75,6287.75,6302.0,1996354
2024-12-16,ESH25,6302.0,6340.25,6298.5,6330.5,1871975
2024-12-17,ESH25,6326.75,6329.25,6290.75,6303.75,1874532
2024-12-18,ESH25,6303.25,6324.5,6083.0,6116.75,2604006
2024-12-19,ESH25,6126.0,6181.75,6107.75,6110.5,2391121
2024-12-20,ESH25,6121.0,6227.25,6042.5,6178.25,2340873
2024-12-23,ESH25,6178.25,6219.5,6141.5,6212.5,1406019
2024-12-24,ESH25,6214.25,6276.0,6206.5,6274.5,634201
2024-12-26,ESH25,6275.75,6284.0,6239.75,6271.75,911486
2024-12-27,ESH25,6268.5,6271.75,6159.25,6203.5,1641100
2024-12-30,ESH25,6205.25,6212.75,6094.75,6135.25,1575134
2024-12-31,ESH25,6131.5,6159.75,6093.75,6112.25,1382187
2025-01-02,ESH25,6125.75,6171.75,6051.25,6093.0,1826031
2025-01-03,ESH25,6097.5,6173.25,6087.75,6166.0,1206570
2025-01-06,ESH25,6171.0,6244.75,6157.25,6197.0,1547298
2025-01-07,ESH25,6204.5,6222.0,6111.5,6130.75,1771767
2025-01-08,ESH25,6132.0,6151.5,6093.5,6135.75,1764315
2025-01-09,ESH25,6131.5,6135.75,6105.75,6135.75,113831
2025-01-10,ESH25,6120.25,6135.75,6021.75,6042.75,2130067
2025-01-13,ESH25,6041.0,6059.75,5985.5,6051.0,1755341
2025-01-14,ESH25,6063.75,6095.0,6019.0,6058.75,1839961
2025-01-15,ESH25,6068.0,6177.75,6056.0,6165.5,1657670
2025-01-16,ESH25,6165.0,6194.0,6138.25,6152.0,1566439
2025-01-17,ESH25,6146.75,6228.0,6144.5,6210.0,1417304
2025-01-21,ESH25,6208.75,6269.75,6171.0,6260.75,1725952
2025-01-22,ESH25,6270.5,6312.25,6263.5,6297.0,1249850
2025-01-23,ESH25,6296.5,6330.5,6278.0,6328.5,1136009
2025-01-24,ESH25,6324.5,6338.75,6298.5,6309.75,1254280
2025-01-27,ESH25,6278.75,6281.75,6124.5,6223.25,2385614
2025-01-28,ESH25,6236.0,6282.0,6200.0,6273.5,1585216
2025-01-29,ESH25,6267.25,6288.0,6218.75,6244.0,1552941
2025-01-30,ESH25,6245.0,6292.75,6233.0,6275.75,1606753
2025-01-31,ESH25,6282.5,6324.25,6234.25,6243.75,1866467
2025-02-03,ESH25,6158.75,6238.5,6112.0,6198.75,2314824
2025-02-04,ESH25,6245.5,6245.5,6163.5,6239.5,1333376
2025-02-05,ESH25,6219.25,6268.5,6196.75,6263.0,1216433
2025-02-06,ESH25,6266.75,6285.0,6246.5,6282.5,1179112
2025-02-07,ESH25,6266.25,6299.75,6217.75,6226.0,1683475
2025-02-10,ESH25,6192.5,6272.5,6190.5,6265.25,1005560
2025-02-11,ESH25,6262.0,6275.25,6234.25,6268.75,1017366
2025-02-12,ESH25,6267.25,6274.5,6197.25,6249.25,1558395
2025-02-13,ESH25,6256.25,6314.5,6230.0,6311.75,1523953
2025-02-14,ESH25,6308.25,6323.25,6297.75,6308.5,1018370
2025-02-18,ESH25,6314.75,6334.25,6294.75,6323.25,1200599
2025-02-19,ESH25,6320.25,6343.0,6305.75,6339.5,1078997
2025-02-20,ESH25,6330.25,6336.0,6279.25,6313.0,1405343
2025-02-21,ESH25,6309.0,6319.0,6201.0,6205.5,1940563
2025-02-24,ESH25,6217.25,6244.0,6171.0,6177.25,1797847
2025-02-25,ESH25,6183.0,6192.5,6100.5,6146.5,2215332
2025-02-26,ESH25,6158.5,6200.25,6122.0,6147.25,1901306
2025-02-27,ESH25,6156.5,6191.0,6049.5,6052.75,2579895
2025-02-28,ESH25,6059.5,6147.5,6024.5,6139.75,2784347
2025-03-03,ESH25,6144.0,6177.0,5998.25,6037.25,2610882
2025-03-04,ESH25,6050.5,6060.5,5920.5,5966.0,3353551
2025-03-05,ESH25,6008.5,6046.0,5927.25,6027.75,2284032
2025-03-06,ESH25,6021.25,6030.0,5896.5,5922.75,2553819
2025-03-07,ESH25,5942.5,5967.5,5849.5,5952.5,2315005
2025-03-10,ESH25,5929.5,5934.25,5748.0,5797.25,2590102
2025-03-11,ESH25,5798.5,5828.25,5710.5,5753.5,2623963
2025-03-12,ESH25,5756.5,5851.5,5726.75,5781.25,2004740
2025-03-13,ESH25,5773.0,5799.5,5685.75,5704.0,2163776
2025-03-14,ESH25,5716.5,5825.25,5715.25,5816.5,2191954
2025-03-17,ESM25,5816.5,5897.5,5789.25,5870.0,2103746
2025-03-18,ESM25,5869.25,5876.0,5788.5,5807.0,1866513
2025-03-19,ESM25,5808.25,5908.25,5795.25,5867.5,1746831
2025-03-20,ESM25,5869.5,5903.0,5820.25,5850.5,1726750
2025-03-21,ESM25,5853.0,5861.5,5789.0,5856.0,1629871
2025-03-24,ESM25,5877.75,5963.25,5876.75,5953.25,1404629
2025-03-25,ESM25,5950.75,5975.0,5940.0,5964.25,1078548
2025-03-26,ESM25,5968.75,5974.25,5880.75,5897.25,1483959
2025-03-27,ESM25,5875.0,5917.5,5857.75,5877.0,1575855
2025-03-28,ESM25,5879.5,5885.5,5740.0,5760.75,1910914
2025-03-31,ESM25,5727.75,5810.5,5671.5,5791.0,2229839
2025-04-01,ESM25,5782.0,5832.5,5738.0,5812.25,1871505
2025-04-02,ESM25,5809.75,5911.0,5704.0,5850.0,2060456
2025-04-03,ESM25,5688.25,5702.5,5553.0,5570.5,2470412
2025-04-04,ESM25,5560.75,5572.75,5211.75,5248.0,3678162
2025-04-07,ESM25,5144.75,5424.25,4967.75,5235.0,3673583
2025-04-08,ESM25,5264.25,5443.0,5078.25,5158.0,2438061
2025-04-09,ESM25,5144.0,5657.75,5009.5,5628.75,3096194
2025-04-10,ESM25,5640.25,5666.5,5284.5,5439.75,2524214
2025-04-11,ESM25,5437.0,5556.0,5343.75,5529.0,1759660
2025-04-14,ESM25,5590.25,5635.5,5528.75,5578.5,1303900
2025-04-15,ESM25,5569.5,5622.75,5550.75,5566.0,1158703
2025-04-16,ESM25,5541.5,5562.75,5388.75,5443.5,1559064
2025-04-17,ESM25,5445.75,5509.0,5423.25,5450.5,1381396
2025-04-21,ESM25,5421.5,5444.5,5265.0,5322.5,1191218
2025-04-22,ESM25,5320.25,5477.0,5309.5,5452.5,1572006
2025-04-23,ESM25,5517.5,5637.5,5515.5,5539.5,1846494
2025-04-24,ESM25,5546.75,5679.25,5493.0,5649.0,1411419
2025-04-25,ESM25,5666.75,5700.0,5618.0,5687.5,1339888
2025-04-28,ESM25,5681.75,5716.5,5629.75,5690.75,1198801
2025-04-29,ESM25,5680.75,5735.0,5659.25,5721.5,1227182
2025-04-30,ESM25,5717.25,5764.0,5593.25,5724.75,1833646
2025-05-01,ESM25,5755.25,5820.25,5739.5,5761.0,1388619
2025-05-02,ESM25,5746.25,5862.5,5738.75,5846.75,1383367
2025-05-05,ESM25,5842.75,5844.0,5793.0,5809.5,989373
2025-05-06,ESM25,5804.0,5811.0,5742.75,5763.5,1303877
2025-05-07,ESM25,5746.25,5827.5,5733.75,5789.75,1390561
2025-05-08,ESM25,5781.0,5878.75,5774.25,5822.25,1428613
2025-05-09,ESM25,5826.25,5853.0,5800.25,5815.75,1029418
2025-05-12,ESM25,5898.75,6014.0,5872.0,6002.75,1765593
2025-05-13,ESM25,6005.75,6064.75,5973.5,6042.25,1335457
2025-05-14,ESM25,6039.75,6062.75,6027.75,6046.25,1207202
2025-05-15,ESM25,6041.75,6082.25,6004.75,6071.0,1291986
2025-05-16,ESM25,6072.75,6115.25,6060.75,6113.25,1180875
2025-05-19,ESM25,6068.0,6125.25,6030.5,6120.25,1245859
2025-05-20,ESM25,6117.75,6131.25,6064.5,6097.5,1112908
2025-05-21,ESM25,6091.25,6096.0,5985.5,5999.0,1548946
2025-05-22,ESM25,5995.75,6032.75,5966.5,5994.5,1419522
2025-05-23,ESM25,6007.0,6009.75,5894.25,5954.75,1537693
2025-05-27,ESM25,5957.75,6079.5,5950.75,6072.0,1288369
2025-05-28,ESM25,6078.5,6090.25,6027.75,6040.5,1181330
2025-05-29,ESM25,6061.25,6145.75,6021.75,6060.5,1414864
2025-05-30,ESM25,6050.0,6070.5,5991.0,6053.75,1633334
2025-06-02,ESM25,6036.5,6093.25,6005.25,6085.0,1194125
2025-06-03,ESM25,6086.75,6129.0,6047.0,6119.25,1154297
2025-06-04,ESM25,6117.75,6136.75,6111.75,6118.75,1097088
2025-06-05,ESM25,6112.0,6154.25,6066.5,6083.75,1582746
2025-06-06,ESM25,6069.5,6162.75,6067.75,6144.5,1278102
2025-06-09,ESM25,6147.75,6165.5,6130.0,6148.0,912371
2025-06-10,ESM25,6150.0,6187.25,6129.0,6182.75,1104373
2025-06-11,ESM25,6176.5,6212.5,6144.0,6166.75,1610313
2025-06-12,ESM25,6160.0,6189.0,6125.5,6187.25,1330953
2025-06-13,ESM25,6182.75,6182.75,6065.25,6117.0,2162167
2025-06-16,ESU25,6117.0,6225.0,6116.0,6205.75,1919981
2025-06-17,ESU25,6209.0,6209.5,6146.25,6154.5,1726542
2025-06-18,ESU25,6146.75,6189.75,6133.75,6150.25,1360954
2025-06-20,ESU25,6154.25,6187.0,6085.5,6134.0,1694443
2025-06-23,ESU25,6080.0,6197.5,6075.0,6193.0,1358034
2025-06-24,ESU25,6194.0,6271.25,6191.25,6262.25,1077333
2025-06-25,ESU25,6260.75,6276.25,6246.75,6263.0,902500
2025-06-26,ESU25,6260.75,6316.0,6257.25,6311.0,1039428
2025-06-27,ESU25,6313.5,6355.0,6299.25,6339.75,121982
2025-06-30,ESU25,6339.25,6381.5,6339.25,6369.75,1364101
2025-07-01,ESU25,6361.75,6377.5,6343.25,6364.75,1320618
2025-07-02,ESU25,6363.75,6395.5,6351.5,6391.0,1044261
2025-07-03,ESU25,6392.5,6449.25,6386.5,6440.25,750998
2025-07-07,ESU25,6423.75,6431.0,6362.25,6392.0,1376613
2025-07-08,ESU25,6378.5,6405.0,6370.5,6388.0,1073914
2025-07-09,ESU25,6388.0,6431.25,6376.0,6423.25,1144723
2025-07-10,ESU25,6422.0,6451.5,6403.5,6440.25,948393
2025-07-11,ESU25,6439.0,6446.25,6392.75,6416.0,1100047
2025-07-14,ESU25,6390.0,6431.0,6375.75,6427.0,909223
2025-07-15,ESU25,6425.5,6459.0,6388.5,6400.0,1279068
2025-07-16,ESU25,6389.75,6424.75,6357.0,6419.25,1462969
2025-07-17,ESU25,6415.25,6461.5,6404.25,6456.5,1052843
2025-07-18,ESU25,6458.5,6473.0,6439.25,6450.75,1050307
2025-07-21,ESU25,6451.75,6490.0,6445.75,6460.75,934271
2025-07-22,ESU25,6463.0,6469.75,6434.75,6462.75,1130356
2025-07-23,ESU25,6462.5,6523.25,6458.75,6512.25,1203541
2025-07-24,ESU25,6520.0,6534.25,6507.5,6517.5,1073595
2025-07-25,ESU25,6522.75,6547.0,6517.0,6541.0,829856
2025-07-28,ESU25,6566.0,6573.75,6524.75,6538.75,972646
2025-07-29,ESU25,6540.25,6558.5,6512.25,6522.0,1122508
2025-07-30,ESU25,6520.0,6551.25,6482.75,6512.25,1302795
2025-07-31,ESU25,6551.5,6584.5,6473.5,6490.25,1857020
2025-08-01,ESU25,6475.5,6489.5,6355.5,6380.5,2287699
2025-08-04,ESU25,6373.0,6486.0,6367.25,6472.0,1304652
2025-08-05,ESU25,6486.0,6493.5,6431.5,6441.25,1402448
2025-08-06,ESU25,6439.0,6495.5,6429.25,6487.0,1233346
2025-08-07,ESU25,6487.0,6542.75,6450.5,6482.5,1458573
2025-08-08,ESU25,6488.5,6541.75,6485.25,6529.5,1196497
2025-08-11,ESU25,6538.75,6547.5,6503.5,6515.75,1073359
2025-08-12,ESU25,6512.0,6586.0,6507.25,6584.5,1271180
2025-08-13,ESU25,6584.0,6618.5,6577.0,6604.75,1111683
2025-08-14,ESU25,6601.0,6612.0,6569.25,6606.5,1186070
2025-08-15,ESU25,6605.25,6624.75,6577.5,6587.5,1122157
2025-08-18,ESU25,6583.0,6600.25,6572.0,6585.25,860451
2025-08-19,ESU25,6584.5,6593.5,6535.25,6548.5,1224317
2025-08-20,ESU25,6549.0,6554.0,6478.75,6529.25,1609469
2025-08-21,ESU25,6530.25,6535.0,6486.25,6504.25,1200689
2025-08-22,ESU25,6508.0,6612.25,6480.0,6599.25,1420723
2025-08-25,ESU25,6609.0,6610.0,6569.0,6571.5,932515
2025-08-26,ESU25,6576.25,6603.5,6546.75,6598.5,1133761
2025-08-27,ESU25,6602.75,6621.5,6575.25,6612.0,957730
2025-08-28,ESU25,6601.0,6639.0,6587.0,6633.5,1170397
2025-08-29,ESU25,6632.0,6634.0,6571.5,6588.75,1341493
2025-09-02,ESU25,6594.75,6607.5,6487.75,6541.5,1802584
2025-09-03,ESU25,6564.0,6580.25,6541.5,6573.25,1435997
2025-09-04,ESU25,6576.0,6632.75,6570.5,6626.75,1186477
2025-09-05,ESU25,6631.75,6657.75,6568.0,6605.75,1710784
2025-09-08,ESU25,6599.75,6632.5,6596.25,6622.0,1187985
2025-09-09,ESU25,6623.75,6652.25,6605.25,6637.75,1169514
2025-09-10,ESU25,6648.25,6681.25,6638.5,6655.75,1381759
2025-09-11,ESU25,6651.75,6716.0,6651.5,6708.5,1282669
2025-09-12,ESU25,6712.25,6722.0,6692.0,6704.25,1601056
2025-09-15,ESZ25,6704.25,6740.5,6701.0,6738.5,1767031
2025-09-16,ESZ25,6732.5,6756.0,6720.5,6726.75,1539387
2025-09-17,ESZ25,6728.75,6745.75,6670.25,6718.0,1702085
2025-09-18,ESZ25,6723.75,6779.0,6723.25,6752.75,1532388
2025-09-19,ESZ25,6759.25,6790.75,6738.75,6781.75,1369003
2025-09-22,ESZ25,6775.25,6816.0,6754.5,6811.75,1081569
2025-09-23,ESZ25,6808.75,6815.75,6761.0,6774.25,1264195
2025-09-24,ESZ25,6777.0,6788.0,6737.25,6751.5,1250173
2025-09-25,ESZ25,6756.5,6764.5,6683.5,6719.0,1710507
2025-09-26,ESZ25,6722.0,6763.0,6712.5,6755.75,1338413
2025-09-29,ESZ25,6756.25,6795.25,6755.5,6772.75,1209953
2025-09-30,ESZ25,6767.25,6802.75,6752.25,6798.0,1521737
2025-10-01,ESZ25,6784.75,6828.75,6739.25,6820.75,1312743
2025-10-02,ESZ25,6816.25,6841.5,6800.75,6826.0,1182875
2025-10-03,ESZ25,6824.0,6859.25,6813.25,6823.25,1366239
2025-10-06,ESZ25,6827.25,6857.0,6825.75,6848.0,1087339
2025-10-07,ESZ25,6848.75,6862.0,6806.5,6820.75,1433808
2025-10-08,ESZ25,6825.25,6867.0,6817.5,6860.5,1047925
2025-10-09,ESZ25,6862.0,6871.5,6820.0,6838.5,1370466
2025-10-10,ESZ25,6838.75,6865.75,6599.5,6654.5,2570043
2025-10-13,ESZ25,6691.25,6770.75,6691.25,6754.0,1772840
2025-10-14,ESZ25,6750.25,6781.75,6652.5,6745.75,2147252
2025-10-15,ESZ25,6743.5,6826.0,6710.75,6774.25,2009854
2025-10-16,ESZ25,6774.5,6809.75,6691.25,6728.0,2221351
2025-10-17,ESZ25,6718.5,6777.25,6630.5,6761.75,2081456
2025-10-20,ESZ25,6780.25,6842.25,6753.25,6833.0,1207586
2025-10-21,ESZ25,6838.75,6849.0,6818.5,6832.5,1285745
2025-10-22,ESZ25,6835.25,6848.0,6750.0,6796.25,1905565
2025-10-23,ESZ25,6792.75,6845.0,6776.75,6834.25,1375494
2025-10-24,ESZ25,6837.5,6900.5,6835.75,6886.25,1279387
2025-10-27,ESZ25,6940.25,6975.5,6925.0,6967.5,1191278
2025-10-28,ESZ25,6973.25,7004.0,6960.75,6985.0,1221838
2025-10-29,ESZ25,6988.5,7011.25,6941.5,6982.0,1536995
2025-10-30,ESZ25,6965.75,7013.0,6910.25,6914.75,1817621
2025-10-31,ESZ25,6956.25,6977.75,6902.75,6933.25,1764133
2025-11-03,ESZ25,6937.25,6968.75,6908.75,6942.0,1359848
2025-11-04,ESZ25,6943.25,6943.25,6845.5,6861.0,1702971
2025-11-05,ESZ25,6860.25,6917.0,6807.75,6884.5,1467734
2025-11-06,ESZ25,6887.75,6902.75,6792.75,6806.75,1860279
2025-11-07,ESZ25,6822.25,6831.25,6714.75,6813.0,2127595
2025-11-10,ESZ25,6847.25,6925.0,6831.25,6916.0,1597305
2025-11-11,ESZ25,6916.5,6939.25,6889.75,6930.75,1348763
2025-11-12,ESZ25,6933.25,6959.75,6911.25,6935.0,1402032
2025-11-13,ESZ25,6932.5,6951.75,6805.25,6819.25,2087220
2025-11-14,ESZ25,6822.0,6854.75,6729.75,6814.5,2105234
2025-11-17,ESZ25,6824.0,6860.75,6717.75,6751.25,1883810
2025-11-18,ESZ25,6755.75,6768.0,6653.25,6699.0,2514985
2025-11-19,ESZ25,6690.0,6768.25,6672.5,6720.75,2041130
2025-11-20,ESZ25,6756.75,6850.5,6609.75,6616.75,2987357
2025-11-21,ESZ25,6619.25,6736.75,6584.25,6679.5,2592859
2025-11-24,ESZ25,6714.0,6791.0,6684.25,6780.5,1611105
2025-11-25,ESZ25,6785.5,6851.75,6733.75,6840.75,1656062
2025-11-26,ESZ25,6840.25,6906.0,6837.5,6887.25,1459184
2025-11-28,ESZ25,6890.0,6923.0,6883.5,6918.75,460053
2025-12-01,ESZ25,6914.0,6923.75,6861.25,6886.0,1472111
2025-12-02,ESZ25,6888.25,6922.75,6871.5,6899.5,1455018
2025-12-03,ESZ25,6902.25,6932.5,6876.75,6921.25,1310103
2025-12-04,ESZ25,6925.25,6940.0,6895.5,6926.0,1323676
2025-12-05,ESZ25,6924.75,6964.25,6916.0,6937.5,1336540
2025-12-08,ESZ25,6942.25,6953.0,6894.5,6915.0,1257776
2025-12-09,ESZ25,6924.25,6932.0,6903.25,6907.5,1008518
2025-12-10,ESZ25,6906.5,6967.25,6890.0,6951.0,1473707
2025-12-11,ESZ25,6946.25,6988.0,6876.75,6966.5,1815978
2025-12-12,ESZ25,6973.25,6974.75,6864.25,6890.0,2609362
2025-12-15,ESH26,6890.0,6932.25,6864.25,6881.0,2096957
2025-12-16,ESH26,6882.75,6892.0,6817.5,6856.25,2345394
2025-12-17,ESH26,6849.25,6882.5,6775.5,6778.5,1950248
2025-12-18,ESH26,6792.0,6872.0,6771.5,6830.5,2172610
2025-12-19,ESH26,6824.75,6895.25,6820.0,6887.25,1403081
2025-12-22,ESH26,6906.25,6936.25,6900.5,6930.25,989308
2025-12-23,ESH26,6930.75,6963.75,6913.25,6961.0,874601
2025-12-24,ESH26,6959.5,6988.0,6952.5,6982.5,457055
2025-12-26,ESH26,6979.5,6994.0,6969.0,6979.25,636544
2025-12-29,ESH26,6980.5,6984.75,6936.0,6955.0,882739
2025-12-30,ESH26,6956.5,6961.5,6940.75,6944.25,773655
2025-12-31,ESH26,6945.5,6951.5,6890.25,6892.5,990179
2026-01-02,ESH26,6902.0,6939.75,6866.75,6900.5,1571467
2026-01-05,ESH26,6911.5,6963.5,6899.5,6943.75,1262018
2026-01-06,ESH26,6945.5,6991.5,6931.0,6987.75,1192527
2026-01-07,ESH26,6988.5,7006.75,6958.0,6963.25,1264816
2026-01-08,ESH26,6967.5,6977.75,6935.25,6962.0,1303097
2026-01-09,ESH26,6973.25,7017.5,6954.25,7005.0,1342341
2026-01-12,ESH26,7007.0,7025.25,6950.0,7016.5,1063552
2026-01-13,ESH26,7014.0,7036.25,6976.75,7001.75,1376658
2026-01-14,ESH26,6998.5,7002.5,6923.25,6966.25,1768305
2026-01-15,ESH26,6955.75,7017.25,6949.5,6981.75,1293668
2026-01-16,ESH26,6986.75,7007.0,6960.5,6976.75,1297479
2026-01-20,ESH26,6918.25,6935.0,6822.25,6829.5,2391547
2026-01-21,ESH26,6839.0,6945.25,6814.5,6910.0,2200553
2026-01-22,ESH26,6920.0,6969.0,6911.25,6945.0,1336659
2026-01-23,ESH26,6938.0,6964.0,6924.75,6945.75,1221966
2026-01-26,ESH26,6904.0,6995.5,6879.0,6981.25,1062544
2026-01-27,ESH26,6977.0,7018.5,6972.0,7008.5,980139
2026-01-28,ESH26,7010.25,7043.0,6977.25,7007.25,1187287
2026-01-29,ESH26,7021.5,7029.5,6898.25,6992.75,1947645
2026-01-30,ESH26,6992.75,6995.0,6917.5,6965.75,2046596
