,walcl,rrp,tga,net_liq,vix,us10y,dxy,net_liq_wow,net_liq_4w,vix_wow,vix_4w,us10y_wow,us10y_4w,dxy_wow,dxy_4w,nq_week_ret,nq_close_pos,nq_week_range,nq_mom_4w,nq_mom_12w,nq_vol_regime,es_nq_spread,realized_vol,fwd_return,fwd_vol,fwd_points,label,nq_1h_drift,nq_1h_vol,nq_lev_net_pct,nq_lev_wow,nq_lev_4w,nq_lev_pctile,nq_asset_mgr_net_pct,nq_positioning_signal,es_lev_net_pct,es_lev_wow,es_lev_4w,es_lev_pctile,es_asset_mgr_net_pct,es_positioning_signal
2014-02-06,4109.285,96.0318,80.081,3923.7408,15.463442028985506,2.742,80.6259994506836,-12.85919999999942,88.92979999999989,1.3608586956521729,1.3182497212931992,-0.0954999999999999,-0.258,-0.3665008544921875,-0.003997802734375,-0.0022919742055784,0.6815476190395053,0.0130825838103025,-0.009334619093539,,,0.0042935822181294,0.0168852046847062,0.0255032511778219,0.0080281645385359,163.75,1.0,-2.621280242948998e-05,0.0012010319275221,0.2373127430430743,-0.0011479600797124,,0.5,0.3767546951370378,0.0,-0.1084307890954857,0.0128089077260437,,0.25,0.2838398285717229,0.0
2014-02-13,4119.474,101.4812,36.41,3933.1722,18.0348,2.67,81.06399993896484,9.431399999999485,82.0357999999992,2.5713579710144945,4.098540157480317,-0.072,-0.3159999999999998,0.4380004882812471,0.199998474121088,0.0255032511778219,0.9999999999892472,0.0141240792770901,0.0085391537430594,,,-0.0004518050019532,0.0080281645385359,0.003113372313767,0.0058681845120486,20.5,1.0,0.000189563278664,0.0007879225010641,0.2144281262114903,-0.0228846168315839,18137.0,0.4,0.3743574381101506,0.0,-0.1056344561075189,0.0027963329879668,-64290.0,0.4,0.2465398981301534,0.0
2014-02-20,4149.224,81.52550000000001,41.184,3981.5828,15.560959409594098,2.738,80.59199981689453,48.41060000000061,45.832000000000335,-2.473840590405903,1.3022823667925412,0.068,-0.1339999999999999,-0.4720001220703125,-0.1440017700195284,0.003113372313767,0.8292682926424747,0.0031037093111279,0.0088204971552943,,,-0.002143445121344,0.0058681845120486,0.0045420136260407,0.0063516740206331,30.0,1.0,5.422334839070948e-05,0.0006633441760668,0.1702609299679041,-0.0441671962435862,3226.0,0.3333333333333333,0.4097805015629195,0.0,-0.1452948944305389,-0.0396604383230199,-160376.0,0.0,0.2759216516881855,-1.0
2014-02-27,4159.972,110.9838,46.704,4026.5145,14.83,2.7375,80.14999961853027,44.93169999999964,89.91450000000032,-0.7309594095940977,0.7274166666666666,-0.0005000000000001,-0.1,-0.4420001983642549,-0.8425006866455078,0.0045420136260407,0.9999999999729732,0.0055764883195177,0.0309999223059591,,,-0.0031930337647425,0.0063516740206331,0.0030896759608138,0.009463574354991,20.5,1.0,2.3582889585275583e-05,0.0007133239434722,0.195676634438886,0.0254157044709818,-15623.0,0.4285714285714285,0.3836763502783169,0.0,-0.1467514093935972,-0.0014565149630583,-116155.0,0.0,0.2717057360644193,-1.0
2014-03-06,4171.762,78.501,45.394,4002.2842,14.98439114391144,2.7,80.26000061035157,-24.23030000000017,78.54339999999956,0.1543911439114396,-0.4790508850740664,-0.0374999999999996,-0.0419999999999998,0.1100009918212947,-0.3659988403320255,0.0030896759608138,0.894957983178236,0.0089399744572158,0.0365611493984348,,,-0.0065319456608077,0.009463574354991,-0.0106303057621516,0.009377316219902,-70.75,-1.0,3.378829535688373e-05,0.0009853394304001,0.2295708776988414,0.0338942432599554,4063.0,0.625,0.363533723576106,0.0,-0.1348579186132946,0.0118934907803025,-114579.0,0.25,0.2451453907065774,0.0
2014-03-13,4181.361,67.726,56.141,4047.867,15.37449814126394,2.68,79.96000061035156,45.58280000000013,114.6948000000002,0.3901069973525004,-2.6603018587360605,-0.02,0.0100000000000002,-0.3000000000000113,-1.103999328613284,-0.0106303057621516,0.0,0.0085424655453889,3.7967955045958846e-05,,,0.0020048800179104,0.009377316219902,0.0068339724363111,0.0104508131700858,45.0,1.0,-8.96618788036226e-05,0.0010072034945087,0.226255278125092,-0.0033155995737493,22309.0,0.5555555555555556,0.3808522461763851,0.0,-0.1363531576834818,-0.0014952390701871,-134691.0,0.2222222222222222,0.2452464727399407,0.0
2014-03-20,4222.081,67.63199999999999,88.345,4057.494,15.723874538745388,2.75,79.69400024414062,9.627000000000407,75.91120000000001,0.3493763974814481,0.1629151291512904,0.0699999999999998,0.012,-0.2660003662109318,-0.8979995727539034,0.0068339724363111,0.9527027026898284,0.0111618085146498,0.0037471612414836,,,-0.0044446307520631,0.0104508131700858,-0.0207021380896715,0.009097831152298,-137.25,-1.0,5.82244744461502e-05,0.0009148736018642,0.2036821941718913,-0.0225730839532007,26099.0,0.4,0.3798730676181248,0.0,-0.1414983406624822,-0.0051451829790003,-29377.0,0.2,0.2490805290049348,0.0
2014-03-27,4226.971,97.1368,102.04,4066.1040000000007,16.11779411764706,2.72,79.68800048828125,8.610000000000582,39.58950000000095,0.39391957890167,1.2877941176470582,-0.0300000000000002,-0.0175,-0.0059997558593778,-0.4619991302490263,-0.0207021380896715,0.0,0.0130535232961108,-0.0214770158251695,-3.850448577258359e-05,0.9229709383295178,-0.009763800288063,0.009097831152298,0.0117828263380823,0.0112878904679183,76.5,1.0,-0.0001674265047916,0.0012482598508237,0.1781645354841431,-0.0255176586877481,11740.0,0.2727272727272727,0.3005710260676243,0.0,-0.1044761995865775,0.0370221410759047,59092.0,0.7272727272727273,0.2172525633921787,0.0
2014-04-03,4236.441,137.1346,96.163,4027.7942,15.7787072243346,2.728,80.01400146484374,-38.30980000000136,25.509999999999764,-0.3390868933124569,0.7943160804231617,0.0080000000000004,0.028,0.3260009765624971,-0.2459991455078238,0.0117828263380823,0.7112860892313776,0.0144999238849139,-0.0129967695890617,0.0135390549662488,1.1190605442591657,-0.0066493540804366,0.0112878904679183,-0.0229486984320291,0.0258515162534249,-150.75,-1.0,9.754510374101464e-05,0.0009616569556941,0.1825275276596868,0.0043629921755436,-36608.0,0.3333333333333333,0.4417681075229067,0.0,-0.1529400088749865,-0.048463809288409,1925.0,0.0,0.3481582974876934,-1.0
2014-04-10,4244.188,93.4798,62.436,4003.1434,14.94603846153846,2.77,80.21000061035156,-24.65079999999989,-44.72360000000026,-0.8326687627961409,-0.4284596797254796,0.0419999999999998,0.0899999999999998,0.1959991455078125,0.25,-0.0229486984320291,0.0,0.0172944338410002,-0.0252856980143513,-0.0169251388091135,2.3456358639708688,0.0008988476128979,0.0258515162534249,0.006738596969579,0.0089404228996675,43.25,1.0,-0.0001976588699881,0.0013324021165978,0.1861329595165108,0.003605431856824,-39239.0,0.3846153846153846,0.407319427929353,0.0,-0.1338373641878188,0.0191026446871677,75231.0,0.4615384615384615,0.3470990378858551,0.0
2014-04-17,4283.967,73.33699999999999,65.457,4088.2722,15.289622641509434,2.7,79.85,85.12880000000041,30.778199999999742,0.3435841799709731,-0.4342518972359546,-0.0699999999999998,-0.0499999999999998,-0.3600006103515625,0.1559997558593693,0.006738596969579,0.9999999999873816,0.0122649539580592,-0.0253780308458086,-0.013097101836649,0.7912750800226203,-0.0067852333281632,0.0089404228996675,0.0095179137971059,0.0105472984743424,61.5,1.0,5.802625628454826e-05,0.0015775967088234,0.0595854782922092,-0.1265474812243015,-73066.0,0.0,0.3749737763648393,-1.0,-0.1448458916328029,-0.011008527444984,76746.0,0.2142857142857142,0.3372316962696187,0.0
2014-04-24,4296.339,147.70925,111.394,4145.172999999999,16.30100371747212,2.66,79.7260009765625,56.90079999999898,79.06899999999814,1.011381075962687,0.1832095998250622,-0.04,-0.0599999999999996,-0.1239990234374914,0.0380004882812556,0.0095179137971059,0.9925925925631826,0.0051739996933926,0.0046977281478628,0.0135964571517364,0.957757747472783,0.0030614411833107,0.0105472984743424,0.0003066073892381,0.0106471282980672,2.0,0.0,9.096886608939148e-05,0.0011669799915414,0.0764473124905499,0.0168618341983406,-70331.0,0.0666666666666666,0.3487985302214653,-1.0,-0.1337086789292538,0.011137212703549,29684.0,0.5333333333333333,0.3153084601596477,0.0
2014-05-01,4296.049,182.8814,84.126,4037.23575,15.308221153846157,2.715,79.88000106811523,-107.93724999999904,9.44155000000046,-0.9927825636259656,-0.4704860704884464,0.0549999999999997,-0.0130000000000003,0.1540000915527315,-0.1340003967285099,0.0003066073892381,0.9999999999822224,0.0086206896551724,-0.0066981275688841,0.0162364209788576,1.0147224088881983,-0.0017248263753293,0.0106471282980672,-0.0075478927203065,0.0064148385228793,-49.25,-1.0,2.7735009065314267e-06,0.0010366729238338,0.0224674009868631,-0.0539799115036868,-61735.0,0.0,0.3457030715582161,-1.0,-0.1228830958772973,0.0108255830519564,85157.0,0.5625,0.3188986173646909,0.0
2014-05-08,4303.143,193.9196,91.397,4029.0416,15.222209737827717,2.678,79.65599822998047,-8.194150000000263,25.898200000000088,-0.0860114160184402,0.2761712762892543,-0.0369999999999999,-0.092,-0.2240028381347656,-0.5540023803710881,-0.0075478927203065,0.0,0.0082229857545458,0.0089588283410586,-0.0165160604449844,0.619300067914861,-0.0052004748799309,0.0064148385228793,0.0039763733930433,0.011906712689647,25.75,1.0,-6.356970203461505e-05,0.0011659485720759,0.0420409145883607,0.0195735136014976,-53580.0,0.0588235294117647,0.2967969918778408,-1.0,-0.1177010104735703,0.005182085403727,39171.0,0.6470588235294118,0.31097139182821,0.0
2014-05-15,4336.649,191.172,71.25,4017.8264,14.638884462151395,2.614,79.35999908447266,-11.21519999999964,-70.44579999999996,-0.5833252756763194,-0.6507381793580382,-0.064,-0.0860000000000003,-0.2959991455078068,-0.4900009155273324,0.0039763733930433,0.2510288065802299,0.0093439975390294,0.006190513038768,-0.015669947009841,1.0962392425916168,0.0061154108261984,0.011906712689647,0.0130354533569176,0.0071235839214817,84.75,1.0,3.4179493063514936e-05,0.0008846133113558,0.047998711443988,0.0059577968556273,-5466.0,0.1111111111111111,0.2722678585809777,-1.0,-0.1347063370915152,-0.0170053266179448,15842.0,0.3888888888888889,0.3126115388716475,0.0
2014-05-22,4327.56,209.5686,37.745,4074.2270000000008,14.722159090909091,2.586,80.00200042724609,56.40060000000085,-70.9459999999981,0.0832746287576959,-1.5788446265630292,-0.028,-0.0740000000000002,0.6420013427734261,0.2759994506835852,0.0130354533569176,0.9999999999846744,0.0099070032264186,0.0096964586846544,-0.0073474001507158,0.6519999010660293,0.0031747888338737,0.0071235839214817,0.0132852533687606,0.0072032589990629,87.5,1.0,0.000115494214814,0.0008232145674686,0.0099893741836937,-0.0380093372602942,-23187.0,0.0,0.2697407743563633,-1.0,-0.1326856863029968,0.0020206507885183,-16288.0,0.5263157894736842,0.3107137765197811,0.0
2014-05-29,4322.654,173.7505,33.573,4080.246400000001,14.344119850187266,2.536,80.08399963378906,6.019400000000132,43.01065000000108,-0.3780392407218258,-0.9641013036588896,-0.0499999999999998,-0.1789999999999998,0.0819992065429744,0.2039985656738281,0.0132852533687606,0.9999999999834712,0.0090653680464506,0.0227969348659002,0.0027420930057846,0.6708578949494081,0.0015043151390854,0.0072032589990629,0.0061060123618654,0.0052600262460607,40.75,1.0,0.0001052487441766,0.0004469281830327,-0.0284084487941595,-0.0383978229778533,-17445.0,0.0,0.2776399656442827,-1.0,-0.1481142495491161,-0.0154285632461193,-95789.0,0.05,0.2988315816391593,-1.0
2014-06-05,4330.917,131.31099999999998,33.895,4115.3305,13.604485596707818,2.4875,80.44999885559082,35.084099999999125,86.28890000000047,-0.7396342534794478,-1.617724141119897,-0.0485000000000002,-0.1905000000000001,0.3659992218017578,0.7940006256103516,0.0061060123618654,0.9999999999794872,0.0072604065827686,0.0368683164112264,0.0197046205246971,0.5060502398165648,-0.0024956869982519,0.0052600262460607,-0.0007446570854121,0.0059123850983629,-5.0,0.0,6.287551698987704e-05,0.00063359856039,0.0406647322907504,0.0690731810849099,-430.0,0.1428571428571428,0.3199145523709432,-1.0,-0.1330350586677693,0.0150791908813468,-69034.0,0.5238095238095238,0.3019554389219513,0.0
2014-06-12,4340.904,105.7156,46.921,4165.711,13.212074074074074,2.564,80.52000122070312,50.38050000000021,147.88460000000032,-0.3924115226337434,-1.426810388077321,0.0765000000000002,-0.0499999999999998,0.0700023651123018,1.1600021362304602,-0.0007446570854121,0.0,0.0043594902749832,0.0319926170883642,0.0120291112032882,0.5902896535376078,0.0025834760399128,0.0059123850983629,0.0033534540576793,0.0037767726875231,22.5,1.0,-5.445294844521238e-06,0.0005466172300812,0.0619230581378311,0.0212583258470807,6133.0,0.3181818181818182,0.305892472418041,0.0,-0.1349504052925178,-0.0019153466247485,-33061.0,0.3181818181818182,0.3117620567001871,0.0
2014-06-19,4368.168,71.73859999999999,84.475,4188.267400000001,12.616776859504132,2.618,80.6500015258789,22.556400000000394,114.04039999999986,-0.5952972145699409,-2.105382231404958,0.0539999999999998,0.032,0.1300003051757841,0.6480010986328182,0.0033534540576793,0.7476635513739192,0.0039735591206179,0.0221294363256785,0.0368887177512513,0.3945377247999046,-0.0078121517025209,0.0037767726875231,0.0042335115864526,0.002751018312363,28.5,1.0,2.071799830222487e-05,0.0006763511444527,0.0824373447668967,0.0205142866290656,26461.0,0.391304347826087,0.3111844594187086,0.0,-0.1413889917631171,-0.0064385864705992,-62893.0,0.2608695652173913,0.3018314307561084,0.0
2014-06-26,4368.348,118.8022,107.244,4211.9544,13.441811594202898,2.624,80.51600036621093,23.68699999999899,131.70799999999872,0.8250347346987645,-0.9023082559843676,0.0060000000000002,0.088,-0.1340011596679744,0.4320007324218693,0.0042335115864526,0.9999999999587628,0.0035870127949116,0.0129986888930511,0.0291520779418481,0.3104549905540943,0.0048527066328922,0.002751018312363,0.0145329487463945,0.0052204496959775,98.25,1.0,3.179913127842789e-05,0.000680172617393,0.0855941312128896,0.0031567864459928,51067.0,0.4166666666666667,0.237687965021027,0.0,-0.1290581001669392,0.0123308915961778,-18165.0,0.625,0.2604938285544596,0.0
2014-07-03,4377.031,183.0964,100.085,4142.3018,12.76648148148148,2.59,80.28200225830078,-69.65259999999944,26.97130000000016,-0.6753301127214169,-0.8380041152263367,-0.0340000000000002,0.1025,-0.2339981079101534,-0.1679965972900419,0.0145329487463945,0.9999999999881304,0.0122835793694186,0.021483356914141,0.0686324153780235,0.7309515598300131,0.0026576905886084,0.0052204496959775,-0.0061235647895024,0.0084617611804987,-42.0,-1.0,0.0001310935795008,0.000456376306187,0.1309779500169256,0.0453838188040359,30644.0,0.44,0.4322421179189671,0.0,-0.2012628396260011,-0.0722047394590619,-171709.0,0.0,0.3323624911842133,-1.0
2014-07-10,4383.401,137.5635,63.826,4093.8496,12.2590099009901,2.588,79.96199951171874,-48.45220000000063,-71.86140000000069,-0.5074715804913819,-0.9530641730839752,-0.0019999999999997,0.024,-0.3200027465820341,-0.5580017089843778,-0.0061235647895024,0.2560975609693635,0.006014596398577,0.0159847976749385,0.054979493925559,1.1914444730717288,0.0019384823581656,0.0084617611804987,0.000330069314556,0.0094333545273547,2.25,0.0,-5.096882565202938e-05,0.0007729768546065,0.0912148043307459,-0.0397631456861796,9918.0,0.4230769230769231,0.4233788956932147,0.0,-0.1809293355972634,0.0203335040287377,-115037.0,0.0384615384615384,0.3141896601316878,-1.0
2014-07-17,4398.201,103.8844,59.384,4182.0115,12.500841121495329,2.5825,80.1299991607666,88.16190000000006,-6.25590000000102,0.2418312205052277,-0.1159357380088064,-0.0055,-0.0354999999999998,0.1679996490478572,-0.5200023651123047,0.000330069314556,0.0,0.0068191816981962,0.0129233511586452,0.0453778936072359,1.3458389960132044,0.0020790405079716,0.0094333545273547,0.014041648335533,0.0079854582986117,95.75,1.0,-2.9998291541831016e-06,0.0008605645322736,0.0870074715557291,-0.0042073327750167,1336.0,0.4074074074074074,0.4480190819710279,0.0,-0.1884729085887697,-0.0075435729915062,-97739.0,0.037037037037037,0.3194823095123154,-1.0
2014-07-24,4410.746,115.8492,64.138,4234.9326,12.964296875,2.532,80.36999969482422,52.92110000000048,22.97820000000047,0.4634557535046735,-0.4775147192028974,-0.0504999999999999,-0.092,0.2400005340576143,-0.1460006713867159,0.014041648335533,0.924623115559304,0.0071947648143461,0.0228163597367059,0.0597318007662834,1.176500263252034,0.0028080092548363,0.0079854582986117,-0.0125817997758415,0.0126460825916931,-87.0,-1.0,0.0001054492013358,0.0005901888928547,0.0755951583366831,-0.0114123132190459,-13932.0,0.2857142857142857,0.4666800661038903,0.0,-0.1594984878732026,0.0289744207155671,-11391.0,0.1071428571428571,0.3193329282841743,-1.0
2014-07-31,4406.637,116.8758,62.335,4230.7588000000005,13.093042328042328,2.494,80.70799865722657,-4.173799999999574,88.45700000000033,0.1287454530423275,0.3265608465608469,-0.0379999999999998,-0.0959999999999996,0.3379989624023523,0.4259963989257898,-0.0125817997758415,0.0,0.0122661198784372,-0.0045197740112994,0.0543566382272324,1.7307424191211234,0.0102473889726297,0.0126460825916931,-0.0041009117205521,0.0059190970638549,-28.0,-1.0,-7.4375820451833e-05,0.0008159720352509,0.1135213922013798,0.0379262338646966,-3682.0,0.4827586206896552,0.4460538497145502,0.0,-0.1479135467407699,0.0115849411324326,138707.0,0.2068965517241379,0.3160976011937264,0.0
2014-08-07,4410.111,117.22959999999998,71.513,4227.4262,13.582727272727274,2.52,81.22999877929688,-3.332600000000639,133.57660000000033,0.4896849446849458,1.3237173717371746,0.0259999999999998,-0.068,0.5220001220703097,1.2679992675781335,-0.0041009117205521,0.0,0.0058825692121033,-0.0024938570433123,0.0458740290702146,0.8694618706397759,0.0040342572406493,0.0059190970638549,0.0163608956211624,0.0053695829575318,111.25,1.0,-7.570881079896711e-05,0.0010968445835011,0.1066638103016589,-0.0068575818997209,7093.0,0.4666666666666667,0.4481288577664118,0.0,-0.1646833887776414,-0.0167698420368714,42652.0,0.1,0.316124402493379,-1.0
2014-08-14,4431.923,128.9134,78.066,4221.3684,15.698958333333334,2.4880000000000004,81.42200012207032,-6.057799999999588,39.35690000000068,2.11623106060606,3.1981172118380066,-0.0319999999999995,-0.0944999999999995,0.1920013427734375,1.2920009613037138,0.0163608956211624,0.999999999989418,0.0136738532773838,0.013491714327614,0.0493072689314859,0.8060495611033213,-0.0039335312978701,0.0053695829575318,0.0115034003762117,0.0030473868305591,79.5,1.0,0.000165443881908,0.0006589756758515,0.1153476547463105,0.0086838444446515,10244.0,0.5161290322580645,0.422184435502408,0.0,-0.1411090879512932,0.0235743008263482,138678.0,0.4193548387096774,0.280566149766196,0.0
2014-08-21,4412.924,138.323,42.803,4224.9436,15.20410579345088,2.434,81.50999908447265,3.575199999999313,-9.989000000000487,-0.4948525398824532,2.23980891845088,-0.0540000000000002,-0.0979999999999998,0.087998962402338,1.1399993896484375,0.0115034003762117,0.999999999984,0.0089407052428295,0.0109548429082757,0.0474620715489793,0.4825417412470087,-0.0033373705193875,0.0030473868305591,0.0031828910664473,0.0017190632389609,22.25,1.0,9.467782649530502e-05,0.0005262896413788,0.1288378657807,0.0134902110343895,17283.0,0.53125,0.383432268856801,0.0,-0.1564130696657096,-0.0153039817144164,5699.0,0.15625,0.2791396189743103,-1.0
2014-08-28,4413.736,155.473,40.217,4231.798,13.517869674185464,2.394,81.85599975585937,6.854400000000169,1.039199999999255,-1.6862361192654165,0.424827346143136,-0.04,-0.1,0.3460006713867187,1.148001098632804,0.0031828910664473,0.8333333332870371,0.0025667534134255,0.0270953095822197,0.0444187951448358,0.2855491415420559,0.0002378316574902,0.0017190632389609,-7.129870592847976e-05,0.0047415229855238,-0.5,0.0,3.028386096225524e-05,0.0004089832303458,0.0689021960537351,-0.0599356697269648,-16474.0,0.2424242424242424,0.3776036514513571,0.0,-0.156062909626821,0.0003501600388885,-31155.0,0.1818181818181818,0.284011590367188,-1.0
2014-09-04,4415.587,156.902,42.868,4218.046,13.448191214470285,2.378,82.49000091552735,-13.751999999999498,-9.380199999999604,-0.0696784597151793,-0.1345360582569892,-0.016,-0.1419999999999999,0.6340011596679744,1.2600021362304688,-7.129870592847976e-05,0.0,0.0032443224357374,0.0312511489392992,0.0451225873761085,0.800577383351141,-0.0004763209821537,0.0047415229855238,0.0031017148561445,0.0065775676740652,21.75,1.0,-9.709905313012735e-06,0.0006742950957104,0.0966019767693528,0.0276997807156176,-5018.0,0.4411764705882353,0.3584961679976469,0.0,-0.1436464051901158,0.0124165044367051,54593.0,0.3823529411764705,0.2833391850511345,0.0
2014-09-11,4421.408,167.397,39.081,4215.817,13.557717041800643,2.4075,83.10750007629395,-2.229000000000269,-5.551400000000285,0.1095258273303585,-2.1412412915326904,0.0295,-0.0805000000000002,0.6174991607665987,1.68549995422363,0.0031017148561445,0.9259259258916324,0.0038384987205004,0.0177977137896108,0.0448603683897801,1.068475783560718,0.0034053585808409,0.0065775676740652,0.0009951663349445,0.0103174295831675,7.0,0.0,3.042564648075933e-05,0.0009093208452998,0.0906963008930005,-0.0059056758763523,-8328.0,0.4,0.369186719032805,0.0,-0.1419430745088111,0.0017033306813047,-23579.0,0.4,0.2739959981110305,0.0
2014-09-18,4449.588,151.418,66.417,4214.93,13.878493506493507,2.504,84.16400146484375,-0.8869999999997162,-10.013599999999316,0.3207764646928641,-1.325612286957373,0.0964999999999998,0.0699999999999998,1.056501388549805,2.6540023803710966,0.0009951663349445,0.9999999999859156,0.0100837949154949,0.0072240898362063,0.041491013978256,1.5202731491083228,-0.0043708354874711,0.0103174295831675,-0.0126402499644936,0.0153822810896188,-89.0,-1.0,3.823297747386489e-05,0.0008375157073544,0.1060471855436179,0.0153508846506174,-5572.0,0.4722222222222222,0.3723748598922879,0.0,-0.1319201885124385,0.0100228859963726,34787.0,0.7222222222222222,0.2548877618215474,0.0
2014-09-25,4459.05,168.5358,114.828,4231.753,14.588762376237623,2.614,84.31799926757813,16.82299999999941,-0.0450000000000727,0.710268869744116,1.0708927020521593,0.1099999999999998,0.2199999999999997,0.1539978027343806,2.4619995117187585,-0.0126402499644936,0.0,0.0122986191024165,-0.0086627927703112,0.013595771824312,2.015133058231246,0.0046809987766947,0.0153822810896188,-0.0042433831990793,0.0117477021493226,-29.5,-1.0,-0.0001236063945164,0.0009463846384917,0.0825609438914241,-0.0234862416521938,17174.0,0.3243243243243243,0.2660645181629741,0.0,-0.1276756551970901,0.0042445333153484,1812.0,0.7567567567567568,0.2238356463188992,0.0
2014-10-02,4450.26,211.8092,119.237,4175.6862,14.72608173076923,2.558,84.8760009765625,-56.0667999999996,-42.35980000000018,0.1373193545316073,1.277890516298946,-0.056,0.1799999999999997,0.5580017089843636,2.386000061035148,-0.0042433831990793,0.0,0.0097869266883351,-0.0127990302684587,0.0155132577841345,1.4856948324702135,0.0051847783094265,0.0117477021493226,-0.0011195377392561,0.0185504815984408,-7.75,0.0,-3.0356705950279617e-05,0.0010740705510832,0.1849655143209523,0.1024045704295282,35073.0,0.7631578947368421,0.4189758573780297,0.0,-0.1637656430197512,-0.0360899878226611,-23478.0,0.1052631578947368,0.3296831167569128,-1.0
2014-10-09,4455.403,181.001,96.461,4119.2138,16.107834549878344,2.484,85.74799957275391,-56.47239999999965,-96.60319999999956,1.3817528191091135,2.550117508077701,-0.0739999999999998,0.0764999999999997,0.8719985961914176,2.6404994964599666,-0.0011195377392561,0.1885521885496491,0.0107379153259336,-0.0169533693488769,0.014041648335533,2.140364941113008,0.0044670544395148,0.0185504815984408,-0.0330814563071694,0.0163151002909837,-228.75,-1.0,-3.942129675828428e-05,0.0011767298295499,0.212072244100215,0.0271067297792626,46863.0,0.8461538461538461,0.4027352045849455,1.0,-0.1544154334358967,0.0093502095838545,4986.0,0.2051282051282051,0.3131453143778606,0.0
2014-10-16,4474.36,137.558,79.79,4177.941,15.9735,2.386,85.77799987792969,58.72719999999936,-36.98900000000049,-0.1343345498783446,2.0950064935064923,-0.0979999999999998,-0.1179999999999998,0.0300003051757755,1.6139984130859375,-0.0330814563071694,0.0,0.0166766377505234,-0.0504189745774747,-0.0330814563071694,1.7428599256310768,-0.0020785432817844,0.0163151002909837,0.0394481005085252,0.0152048659571356,263.75,1.0,-0.0002519944589654,0.0019032040798435,0.2419755193016788,0.0299032752014638,51967.0,0.975,0.3803999776042402,1.0,-0.1369964874358281,0.0174189460000685,47839.0,0.5,0.2885994776186616,0.0
2014-10-23,4481.616,131.355,123.514,4257.012,19.7834606741573,2.21,85.46200103759766,79.07099999999991,25.25900000000001,3.809960674157301,5.194698297919677,-0.1760000000000001,-0.4039999999999999,-0.3159988403320284,1.1440017700195284,0.0394481005085252,0.9999999999950312,0.0289578761825964,-0.0003236478711162,0.0178682582109772,1.588085003177529,-0.0015654275138068,0.0152048659571356,0.0121227382279938,0.0092419750977089,84.25,1.0,0.0002932324608222,0.0012399639226487,0.1804954110872509,-0.0614801082144279,24080.0,0.6829268292682927,0.3884942074380052,0.0,-0.1210078051994135,0.0159886822364145,124710.0,0.8292682926829268,0.2652824136317433,1.0
2014-10-30,4486.754,123.066,118.424,4226.747,18.18338600451468,2.2380000000000004,85.40599822998047,-30.26499999999941,51.0608000000002,-1.600074669642627,3.457304273745443,0.0280000000000004,-0.3199999999999994,-0.0560028076171903,0.5299972534179744,0.0121227382279938,0.9240506328957968,0.0084233721922092,0.0161068977970386,0.0344497959483804,0.9381528504146944,-0.0054102650723362,0.0092419750977089,0.0104137048620984,0.0091102479188092,73.25,1.0,0.0001551819058847,0.0009524167206784,0.0939127634406604,-0.0865826476465904,-39559.0,0.4047619047619047,0.391796567762233,0.0,-0.1919500037988349,-0.0709421985994213,-84801.0,0.0238095238095238,0.2731623798728892,-1.0
2014-11-06,4486.585,133.3828,111.382,4245.264,16.587080459770114,2.304,85.74800109863281,18.516999999999825,126.05019999999968,-1.5963055447445598,0.4792459098917696,0.0659999999999993,-0.1800000000000001,0.3420028686523437,1.525878900565658e-06,0.0104137048620984,0.9999999999506172,0.0028492032783425,0.0278390397339021,0.0283967587903342,0.8964160164875156,-0.0056008907186839,0.0091102479188092,0.0059446340004924,0.0037886524458973,42.25,1.0,6.894305619651505e-05,0.0009026584612285,0.0951757877432007,0.0012630243025403,-48981.0,0.4186046511627907,0.3882305935028532,0.0,-0.1702961179836525,0.0216538858151823,-58474.0,0.0930232558139534,0.2712706641750186,-1.0
2014-11-13,4488.895,107.3075,107.205,4241.8202,15.597598039215686,2.362,87.32400054931641,-3.44380000000001,63.87920000000031,-0.9894824205544276,-0.3759019607843132,0.0580000000000002,-0.024,1.5759994506835966,1.5460006713867216,0.0059446340004924,0.9999999999815667,0.007587943212812,0.0693239605145079,0.0227451541377583,0.3705377482655637,0.0035503802095906,0.0037886524458973,0.0055947968389398,0.0058000183956966,40.0,1.0,4.410762435755518e-05,0.0007525242013473,0.1404822428258665,0.0453064550826658,-42954.0,0.5909090909090909,0.3922476747432299,0.0,-0.1085096645331911,0.0617864534504614,67781.0,0.8636363636363636,0.2593749305509256,1.0
2014-11-20,4492.759,140.7326,95.281,4274.382500000001,14.873548387096774,2.355,87.69399871826172,32.562300000000505,17.370500000000902,-0.7240496521189126,-4.909912287060527,-0.0070000000000001,0.145,0.3699981689453153,2.2319976806640653,0.0055947968389398,0.9999999999694658,0.0045552541901383,0.0344976438001367,0.0252040925457202,0.5489935615015669,-0.0015708082566014,0.0058000183956966,0.010118923430002,0.0040680288299672,72.75,1.0,4.413387941495188e-05,0.0007050431559241,0.1760224296264706,0.0355401868006041,-4894.0,0.6666666666666666,0.4109139842266476,0.0,-0.0967797158562744,0.0117299486769166,59714.0,0.9555555555555556,0.2675860793883668,1.0
2014-11-27,4485.931,147.74775,79.769,4256.7454,15.34005025125628,2.336,87.65599975585937,-17.637100000000828,29.99839999999949,0.4665018641595075,-2.8433357532583923,-0.0190000000000001,0.0979999999999994,-0.0379989624023551,2.250001525878901,0.010118923430002,0.9999999999854016,0.0094323384625976,0.0324495308501564,0.0356518948982138,0.3871107187069096,0.0021149708608321,0.0040680288299672,-0.0005852180797961,0.0090795726256306,-4.25,0.0,9.905688345735487e-05,0.0004529960971354,0.1545515281284055,-0.0214709014980651,26117.0,0.6086956521739131,0.4152615698021455,0.0,-0.0867455635386953,0.0100341523175791,280803.0,0.9782608695652174,0.2776515947985722,1.0
2014-12-04,4486.19,158.198,87.426,4258.41425,14.53747922437673,2.28,87.99749946594238,1.6688500000000204,13.150249999999687,-0.8025710268795514,-2.049601235393384,-0.0559999999999996,-0.0239999999999995,0.3414997100830135,2.2494983673095703,-0.0005852180797961,0.5217391304247008,0.0071300633783411,0.02121073551655,0.0318453227182258,0.8471966309541928,-0.0004871884748555,0.0090795726256306,-0.0106089831909617,0.0101105030168035,-77.0,-1.0,-2.258106395089196e-05,0.0007483379070936,0.1591460889477146,0.004594560819309,27592.0,0.6382978723404256,0.4088124876506619,0.0,-0.086147029603837,0.0005985339348583,224958.0,0.9787234042553192,0.2772612773050211,1.0
2014-12-11,4488.865,109.8674,60.092,4240.565999999999,14.60609947643979,2.244,88.5239990234375,-17.848250000000917,-1.2542000000012197,0.0686202520630594,-0.991498562775897,-0.036,-0.1179999999999998,0.5264995574951143,1.199998474121088,-0.0106089831909617,0.1101449275349548,0.0120108619969363,0.004405902510665,0.01988353926999,0.9449110229964056,0.0054694481815873,0.0101105030168035,0.0045954602423061,0.0248165237522837,33.0,1.0,-9.561650074428328e-05,0.0011200091708348,0.1389054757639565,-0.020240613183758,5234.0,0.5416666666666666,0.409037577128969,0.0,-0.0658235838220141,0.0203234457818228,107681.0,0.9791666666666666,0.2689875228109961,1.0
2014-12-18,4502.247,50.597,114.776,4318.9056,15.540688073394495,2.232,88.79800109863281,78.33960000000116,44.52309999999943,0.934588596954706,0.6671396862977215,-0.012,-0.1229999999999997,0.2740020751953125,1.1040023803710852,0.0045954602423061,0.9999999999944368,0.0249168283892431,0.0034077474094165,0.0376869965477559,2.160562658864745,-0.0103507334603643,0.0248165237522837,0.0027030773495979,0.0043213057883854,19.5,0.0,8.249689668471394e-05,0.0018953436580432,0.1466575556727629,0.0077520799088063,-4641.0,0.5714285714285714,0.4003424417290449,0.0,-0.0460660477514223,0.0197575360705917,139605.0,0.979591836734694,0.2672819325199699,1.0
2014-12-25,4509.462,58.59825,175.093,4336.874000000001,18.460807174887893,2.13,88.66399841308593,17.968400000000656,80.12860000000092,2.9201191014933983,3.120756923631612,-0.1020000000000003,-0.2059999999999999,-0.134002685546875,1.0079986572265651,0.0027030773495979,0.3272727272489256,0.0019008778599571,-0.0039588281868566,0.0449259660527265,0.3976439901471669,-0.0046599699702527,0.0043213057883854,-0.0068777217114812,0.0104772512751161,-49.75,-1.0,-2.7465332139238283e-06,0.0007222303323617,0.1364937779723247,-0.0101637777004381,4672.0,0.52,0.3030837673417246,0.0,-0.0048795688308362,0.0411864789205861,246298.0,0.98,0.211286968832596,1.0
2015-01-01,4497.66,70.35125,192.063,4275.770750000001,16.33773381294964,2.2175,89.8499984741211,-61.10325000000012,17.35650000000078,-2.1230733619382534,1.8002545885729102,0.0874999999999999,-0.0625000000000004,1.186000061035159,1.852499008178711,-0.0068777217114812,0.0,0.010892639638072,-0.0102300909341416,0.0389023464333491,1.027735287393103,0.003355199056475,0.0104772512751161,-6.960153123369839e-05,0.0196312775476219,-0.5,0.0,-5.351317214184054e-05,0.0007228498647368,0.0704665436032498,-0.0660272343690748,-34824.0,0.1764705882352941,0.4247216376056719,-1.0,-0.0678771753305071,-0.0629976064996708,79939.0,0.9215686274509804,0.3239568562795988,1.0
2015-01-08,4499.524,124.858,176.817,4235.24575,16.35741935483871,2.21,90.11999893188477,-40.52500000000055,-5.32024999999885,0.0196855418890713,1.751319878398922,-0.0074999999999998,-0.0340000000000002,0.2700004577636719,1.5959999084472685,-6.960153123369839e-05,0.9999999999923078,0.0180976577454494,0.0003133268347026,0.0743718217170206,1.874850084632794,-0.0010542411531321,0.0196312775476219,-0.0199422267079664,0.0060674242600007,-143.25,-1.0,-2.4179339179911107e-05,0.0012308628327636,0.0721159735521979,0.0016494299489481,-28901.0,0.1923076923076923,0.4129854764159822,-1.0,-0.0689539819546488,-0.0010768066241416,15170.0,0.903846153846154,0.3320903852908644,1.0
2015-01-15,4516.077,106.7106,158.268,4197.849,18.50694877505568,2.024,91.64400024414064,-37.39674999999989,-121.05659999999988,2.149529420216968,2.9662607016611844,-0.1859999999999999,-0.2080000000000001,1.5240013122558622,2.845999145507818,-0.0199422267079664,0.0,0.0158735795454545,-0.0241197671194899,0.0129860786359221,0.624902182609508,0.006026689286525,0.0060674242600007,0.0249644886363635,0.0087889101244222,175.75,1.0,-0.0002137297521542,0.0019163632229657,0.0892617469637495,0.0171457734115515,-26452.0,0.320754716981132,0.4060585138517303,0.0,-0.0382494204523054,0.0307045615023433,37891.0,0.9622641509433962,0.3065874587842846,1.0
2015-01-22,4512.936,154.8215,170.152,4251.0984,19.37338747099768,1.888,92.14800109863282,53.249399999999696,-85.77560000000085,0.8664386959420014,0.9125802961097876,-0.1360000000000001,-0.242,0.5040008544921903,3.4840026855468835,0.0249644886363635,0.999999999992352,0.0181200845372968,-0.0024538605101265,0.0258387830537389,0.9087297914003544,-0.0023027301073246,0.0087889101244222,-0.0109482728753075,0.0183518555388811,-79.0,-1.0,0.0002562438416595,0.0014352381847006,0.1061465206319755,0.016884773668226,-27478.0,0.4444444444444444,0.375764804629691,0.0,-0.0643545153039704,-0.0261050948516649,-158612.0,0.925925925925926,0.3155163070806765,1.0
2015-01-29,4500.064,142.3096,201.192,4187.9625,19.692165450121653,1.855,93.17749977111816,-63.13590000000022,-87.80825000000095,0.318777979123972,3.354431637172013,-0.0329999999999999,-0.3624999999999998,1.029498672485346,3.3275012969970703,-0.0109482728753075,0.4241379310315577,0.0203173713525063,-0.0065425439359665,0.0041506911956101,1.7575414220551098,0.003994707856112,0.0183518555388811,0.0086523978001191,0.0123073668482959,61.75,1.0,-7.658445764046063e-05,0.0016273699714878,0.0948475529965977,-0.0112989676353777,5020.0,0.3818181818181818,0.3433754252813399,0.0,-0.0692694525677116,-0.0049149372637412,-1629.0,0.8545454545454545,0.3002634080690327,1.0
2015-02-05,4500.348,147.2156,167.272,4156.562400000001,18.511359447004608,1.794,94.61399993896484,-31.40009999999893,-78.68334999999934,-1.1808060031170449,2.1539400921658967,-0.0609999999999999,-0.4159999999999999,1.436500167846674,4.494001007080072,0.0086523978001191,0.9999999999905882,0.0147600194484962,0.002122994466293,0.0068536261277012,1.1036344360933783,-0.005918460483314,0.0123073668482959,0.0135097589775647,0.0112571805704096,97.25,1.0,6.946970664125547e-05,0.0015027482545857,0.0990371891095906,0.0041896361129928,5724.0,0.4285714285714285,0.3236477365818389,0.0,-0.0733317023828778,-0.0040622498151662,-8499.0,0.8392857142857143,0.3148331489569751,1.0
2015-02-12,4501.685,120.6954,158.907,4185.8604000000005,19.65609589041096,1.7579999999999998,94.31799926757812,29.29799999999977,-11.988599999999678,1.1447364434063516,1.14914711535528,-0.0360000000000002,-0.2660000000000002,-0.2960006713867074,2.673999023437503,0.0135097589775647,0.9999999999923372,0.0178871260665455,0.036328125,0.0147784964183879,0.969908690528302,0.0020991746769549,0.0112571805704096,0.0093890278586847,0.0045050407939294,68.5,1.0,0.0001140556411089,0.0009141494706605,0.1102879512600975,0.0112507621505068,3278.0,0.4912280701754385,0.3166734618788596,0.0,-0.0918166212369675,-0.0184849188540896,-145949.0,0.7719298245614035,0.2890546417817948,0.0
2015-02-19,4496.851,123.55875,118.836,4222.082600000001,19.184056603773584,1.982,94.597998046875,36.22220000000016,-29.015799999999217,-0.4720392866373757,-0.1893308672240969,0.2240000000000002,0.094,0.279998779296875,2.4499969482421875,0.0093890278586847,0.9999999999724138,0.0049224293037308,0.0205799812909261,0.0140452339151089,0.3869362228682476,0.0050124474268622,0.0045050407939294,0.0065858709305088,0.0048474129156201,48.5,1.0,7.818750093946392e-05,0.0004951700950091,0.1211159000177994,0.0108279487577019,4466.0,0.5344827586206896,0.3006013680168841,0.0,-0.0934527381005686,-0.0016361168636011,-86191.0,0.7586206896551724,0.2791284646039493,0.0
2015-02-26,4486.725,142.99280000000002,68.114,4254.456249999999,18.143736559139786,2.085,94.21499824523926,32.373649999998634,66.49374999999964,-1.0403200446337983,-1.548428890981867,0.1029999999999999,0.2299999999999999,-0.3829998016357478,1.0374984741210938,0.0065858709305088,0.99999999996,0.0033725675356649,0.0386730654709777,0.0213213006337833,0.4293480497480351,0.0008726918852877,0.0048474129156201,-0.0016525580924757,0.0069676978094876,-12.25,0.0,5.014716262206343e-05,0.0005919566880683,0.1460385179806048,0.0249226179628053,19272.0,0.6271186440677966,0.3347826744731387,0.0,-0.0944167325870576,-0.0009639944864889,-77897.0,0.7457627118644068,0.2847415873250738,0.0
2015-03-05,4487.583,110.621,49.803,4275.618200000001,16.64249370277078,2.034,94.56199951171877,21.161950000001525,119.05580000000008,-1.5012428563690072,-1.8688657442338297,-0.0510000000000001,0.2399999999999997,0.347001266479495,-0.0520004272460852,-0.0016525580924757,0.2028985507187566,0.0046618471724883,0.0280614016809057,0.0305667734298844,0.6318033045181318,0.0022950637060992,0.0069676978094876,-0.0160462130937099,0.0128151652976004,-118.75,-1.0,-9.94272495295952e-06,0.0006299894299298,0.1727450176139818,0.0267064996333769,29522.0,0.7333333333333333,0.333472965228749,0.0,-0.098564783279642,-0.0041480506925844,-86348.0,0.7166666666666667,0.2849049321369498,0.0
2015-03-12,4489.279,93.6284,39.431,4327.159,15.752137404580154,2.086,95.68799896240236,51.54079999999885,141.29859999999917,-0.8903562981906248,-3.903958485830806,0.052,0.328,1.1259994506835938,1.369999694824216,-0.0160462130937099,0.2193396226394401,0.0145569402959453,-0.0019189254017749,0.0093914610479624,1.2779182445640127,-0.0022231101454257,0.0128151652976004,0.0130806468225357,0.0098584832564759,95.25,1.0,-0.0001283255570274,0.0008051705925981,0.1881110073427981,0.0153659897288163,32593.0,0.8360655737704918,0.3472735113769103,1.0,-0.0957370257158607,0.0028277575637813,-34397.0,0.7377049180327869,0.2588522756384033,0.0
2015-03-19,4495.888,110.186,60.686,4356.219600000001,17.19868613138686,2.1580000000000004,98.55600128173828,29.06060000000161,134.13700000000065,1.4465487268067072,-1.9853704723867232,0.0720000000000005,0.1760000000000003,2.868002319335929,3.95800323486327,0.0130806468225357,0.9999999999916492,0.0162328859970177,0.0017313372033811,0.0198382525748255,0.9398350492555884,0.0036707271989324,0.0098584832564759,-0.0150806560932628,0.0148547056227095,-111.25,-1.0,0.000113481571687,0.0011165079953709,0.213328452373462,0.0252174450306639,36487.0,0.8870967741935484,0.3066939695359466,1.0,-0.1091654886708121,-0.0134284629549513,-86475.0,0.6129032258064516,0.2115863880038642,0.0
2015-03-26,4480.603,79.4298,85.907,4325.0160000000005,17.227959697733,2.04,99.43399963378906,-31.203600000000733,70.55975000000126,0.0292735663461378,-0.9157768614067868,-0.1180000000000003,-0.0449999999999999,0.8779983520507812,5.219001388549799,-0.0150806560932628,0.0,0.0187867735608849,-0.0198306971097096,0.0114146511223247,1.368545243280464,-0.0022626331761915,0.0148547056227095,-0.0004817121425867,0.0103469085160889,-3.5,0.0,-0.0001229377144677,0.0010129951286508,0.1678480862485726,-0.0454803661248894,19646.0,0.6825396825396826,0.2390866984018705,0.0,-0.0967549045955388,0.0124105840752732,-65773.0,0.7301587301587301,0.1919972424430085,0.0
2015-04-02,4481.799,83.25450000000001,75.467,4315.2662,16.22289603960396,1.934,97.31000213623048,-9.749800000000503,39.64799999999923,-1.005063658129039,-0.4195976631668188,-0.1060000000000001,-0.0999999999999998,-2.123997497558591,2.748002624511713,-0.0004817121425867,0.0,0.0089848187545182,-0.0186811701912033,0.0109978073991576,1.026409849188458,-0.0048098648083353,0.0103469085160889,0.0126682501979413,0.0066209524377366,92.0,1.0,-1.557954508171755e-05,0.0012460111607134,0.2052998330361436,0.0374517467875709,9352.0,0.859375,0.3734643954803272,1.0,-0.1407062211828359,-0.0439513165872971,-85841.0,0.34375,0.2899139213380473,0.0
2015-04-09,4483.419,107.19025,55.206,4323.0775,16.105980392156862,1.928,97.852001953125,7.811300000000301,-4.081499999999323,-0.1169156474470973,0.3538429875767086,-0.0059999999999997,-0.1579999999999997,0.5419998168945312,2.1640029907226506,0.0126682501979413,0.9999999999891304,0.0125097732603596,0.0099563978439249,0.0446377840909091,0.6538045674507063,0.0023842149383919,0.0066209524377366,0.002175612740932,0.004732017342419,16.0,0.0,0.000111238572179,0.0010560081509731,0.1698339148813767,-0.0354659181547669,-11546.0,0.676923076923077,0.3978351405095111,0.0,-0.1315982101967732,0.0091080109860626,-65060.0,0.5076923076923077,0.2728774240046847,0.0
2015-04-16,4485.366,80.9614,50.447,4321.02275,15.995491329479773,1.91,98.04250144958496,-2.05475000000024,-35.19685000000118,-0.1104890626770913,-1.20319480190709,-0.018,-0.2480000000000002,0.1904994964599637,-0.5134998321533146,0.002175612740932,0.7291666666362847,0.0032563345883789,-0.0009150061000406,0.021411495686519,0.4834147286485653,-0.0036411589507789,0.004732017342419,0.0089888402700044,0.0143997293159089,66.25,1.0,1.4388033785867984e-05,0.0006659908643906,0.1704045129334067,0.00057059805203,-20098.0,0.696969696969697,0.3837056586781407,0.0,-0.1286844263537715,0.0029137838430016,3582.0,0.5303030303030303,0.2713573482274439,0.0
2015-04-23,4489.695,111.548,150.028,4353.9576,15.593897058823533,1.922,98.6779998779297,32.93484999999964,28.9415999999992,-0.4015942706562398,-1.6340626389094677,0.0119999999999997,-0.1180000000000001,0.6354984283447322,-0.7559997558593636,0.0089888402700044,0.9999999999924528,0.0178175216835877,0.0235006709561986,0.0420009107787158,1.5222685353748369,0.0065792017157875,0.0143997293159089,-0.0098500638741343,0.0132148608367019,-73.25,-1.0,9.765065707170358e-05,0.0010413187432703,0.1887338598205185,0.0183293468871117,-5512.0,0.8208955223880597,0.3840039441169443,1.0,-0.1177856069579795,0.010898819395792,14220.0,0.5970149253731343,0.2775292454807168,0.0
2015-04-30,4471.499,93.2318,219.702,4228.119,15.1456157635468,1.928,97.74799957275393,-125.83860000000004,-87.14720000000034,-0.4482812952767325,-1.0772802760571611,0.0060000000000002,-0.0059999999999997,-0.9300003051757812,0.437997436523446,-0.0098500638741343,0.0,0.0164329609886938,0.0139075355433921,0.0228867125095506,1.385930043839659,0.0009191668950964,0.0132148608367019,-0.0007809051709503,0.0154500807806915,-5.75,0.0,-9.39450946349868e-05,0.000813048204691,0.1899445360515664,0.0012106762310479,-5379.0,0.8235294117647058,0.3726307899865088,1.0,-0.1013522640236525,0.0164333429343269,94950.0,0.6911764705882353,0.2615462869143492,0.0
2015-05-07,4472.703,90.1824,227.506,4158.5652,14.895147783251232,1.996,95.89999847412108,-69.55379999999968,-164.51230000000032,-0.250467980295566,-1.2108326089056298,0.0679999999999998,0.0679999999999998,-1.848001098632821,-1.9520034790039065,-0.0007809051709503,0.2850241545866181,0.0140672782874617,0.0004419213380018,0.0084638316828289,1.5630738916972506,-0.002822118234714,0.0154500807806915,0.0119266055045872,0.0111855847142017,87.75,1.0,-1.4875617276681e-06,0.0009979690689287,0.2133987374634492,0.0234542014118828,23770.0,0.8985507246376812,0.3481075615554888,1.0,-0.1036348461737704,-0.0022825821501178,66096.0,0.6811594202898551,0.2670985529030281,0.0
2015-05-14,4501.188,82.767,216.211,4155.0146,15.048513853904282,2.18,94.93200073242188,-3.5505999999995765,-166.00814999999966,0.1533660706530497,-0.9469774755754888,0.1840000000000001,0.27,-0.9679977416992216,-3.110500717163092,0.0119266055045872,0.9999999999856116,0.0093348107854,0.0101760455886843,0.0109990834097157,1.0712998733142305,-0.0009747428318178,0.0111855847142017,0.0051710822336388,0.0038017825659527,38.5,1.0,9.216993909878234e-05,0.0008821483865559,0.1846027846027846,-0.0287959528606646,8618.0,0.7428571428571429,0.3553644553644554,0.0,-0.1268305939464765,-0.0231957477727061,-4382.0,0.5285714285714286,0.2597713945573151,0.0
2015-05-21,4480.384,127.9708,181.641,4202.21,15.807978723404256,2.244,94.26200103759766,47.19539999999961,-151.7475999999997,0.7594648694999737,0.2140816645807248,0.0639999999999996,0.3219999999999998,-0.6699996948242131,-4.415998840332037,0.0051710822336388,0.999999999975,0.0053449139802906,0.0063537954682981,0.0095780918012882,0.3671801748043167,0.0011488642677319,0.0038017825659527,0.0018707198931016,0.0137001319329231,14.0,0.0,4.744001135380538e-05,0.0007164760924063,0.1474404142398169,-0.0371623703629676,-16783.0,0.5492957746478874,0.3574078982242247,0.0,-0.1092111334234856,0.0176194605229909,15928.0,0.6056338028169014,0.257370821991747,0.0
2015-05-28,4463.981,120.255,175.577,4170.7722,15.01470167064439,2.218,94.66199951171876,-31.437799999999697,-57.34679999999935,-0.7932770527598656,-0.1309140929024081,-0.0259999999999998,0.2899999999999998,0.3999984741210909,-3.0860000610351648,0.0018707198931016,0.999999999984127,0.0084025207562268,0.0182663905204902,0.0131410039862172,1.2551616876058864,0.0042553059289658,0.0137001319329231,-0.0061685172218332,0.007615612499232,-46.25,-1.0,1.1617950984168225e-05,0.0007717455538191,0.1313428154746036,-0.0160975987652133,-21478.0,0.4722222222222222,0.3588483432388778,0.0,-0.098972165477279,0.0102389679462066,1202.0,0.7222222222222222,0.2704385578910928,0.0
2015-06-04,4465.36,114.4512,185.794,4168.148999999999,14.567936962750716,2.155,96.91250228881836,-2.6232000000009066,9.583799999999428,-0.4467647078936743,-0.3272108205005164,-0.0629999999999997,0.1590000000000002,2.250502777099612,1.0125038146972685,-0.0061685172218332,0.0,0.0041602361940548,0.0127760788311246,0.0233117039173276,0.7265601251765135,0.0025321233747821,0.007615612499232,-0.0008052070053009,0.0116155999045272,-6.0,0.0,-5.700802774721847e-05,0.0012258665920144,0.1111693743267702,-0.0201734411478333,-42896.0,0.3972602739726027,0.376143108496988,0.0,-0.1207494912508077,-0.0217773257735287,-51484.0,0.5616438356164384,0.2602671732953218,0.0
2015-06-11,4468.005,82.8578,178.468,4165.114799999999,14.652901554404146,2.254,96.21399993896485,-3.034200000000056,10.10019999999895,0.0849645916534296,-0.3956122995001365,0.0989999999999997,0.0739999999999998,-0.6985023498535128,1.2819992065429773,-0.0008052070053009,0.9999999999830508,0.007924249546706,3.357845606255516e-05,0.009285617459672,1.092907490320577,-0.0047596823139429,0.0116155999045272,0.0087301054328117,0.0124530384436769,65.0,1.0,-1.0264913464413938e-05,0.0008766906884821,0.1279341161674184,0.0167647418406481,-20796.0,0.4459459459459459,0.3871219358817767,0.0,-0.1046823341124939,0.0160671571383138,49897.0,0.6621621621621622,0.2527993626325801,0.0
2015-06-18,4487.817,112.4404,207.648,4206.6792000000005,14.569872448979591,2.422,95.28200073242188,41.56440000000112,4.469200000000456,-0.0830291054245524,-1.2381062744246627,0.1679999999999997,0.1779999999999999,-0.9319992065429688,1.0199996948242216,0.0087301054328117,0.9999999999902676,0.0136808468144597,0.0035744112243194,0.0336854419708907,1.1941895530867122,0.0002758831251932,0.0124530384436769,-0.0028626589441448,0.0077794281383566,-21.5,0.0,8.169192007822512e-05,0.0010114055974513,0.0952946076021505,-0.0326395085652678,-15183.0,0.3066666666666666,0.3644542001584434,0.0,-0.119762439757688,-0.015080105645194,-54804.0,0.56,0.21728591326857,0.0
2015-06-25,4495.055,142.711,239.498,4167.7286,15.349202898550724,2.348,94.6240005493164,-38.95060000000103,-3.043600000000879,0.7793304495711304,0.3345012279063333,-0.0739999999999998,0.1299999999999999,-0.6580001831054716,-0.0379989624023409,-0.0028626589441448,0.2289156626450864,0.0055414608091868,-0.0011670167716981,0.031223105786774,0.7616385512130424,0.0050443621094895,0.0077794281383566,-0.0107490986780611,0.0159218028268879,-80.5,-1.0,-2.618388972884337e-05,0.0006833504160686,0.0960218145355202,0.0007272069333696,-4340.0,0.3157894736842105,0.2937058107292317,0.0,-0.1074621607397893,0.0123002790178986,-71118.0,0.6447368421052632,0.1840173961161247,0.0
2015-07-02,4479.13,118.7356,227.457,4112.8460000000005,14.54545905707196,2.366,94.86000061035156,-54.882599999999,-55.302999999998974,-0.8037438414787648,-0.0224779056787571,0.0180000000000002,0.2109999999999998,0.2360000610351562,-2.052501678466797,-0.0107490986780611,0.4951219512146817,0.0138354592697577,-0.0057706502046568,0.0073766869497229,1.4488671650935188,-0.0010506158664613,0.0159218028268879,-0.0120469730714719,0.0107936425187779,-89.25,-1.0,-8.322860635333588e-05,0.0012142679554651,0.1851146634816501,0.0890928489461298,28972.0,0.7792207792207793,0.4119720849453152,0.0,-0.1824721296478576,-0.0750099689080683,-133977.0,0.0389610389610389,0.2919942362508139,-1.0
2015-07-09,4481.289,151.16075,182.596,4132.9374,16.197002398081533,2.4,95.63399963378906,20.09139999999934,-32.17739999999958,1.6515433410095746,1.5441008436773878,0.0339999999999998,0.1459999999999999,0.7739990234374972,-0.5800003051757869,-0.0120469730714719,0.0,0.0113741162004303,-0.0169565509368074,-0.0069197110003053,0.9390451290671056,-0.0013808235514486,0.0107936425187779,0.0352836697749086,0.0079594515451748,258.25,1.0,-5.739193651669064e-05,0.0015622547438197,0.1191546560162585,-0.0659600074653915,-5262.0,0.4358974358974359,0.4166779216268884,0.0,-0.1605516414194476,0.02192048822841,-125799.0,0.1025641025641025,0.2494566083654105,-1.0
2015-07-16,4493.605,109.7934,176.411,4147.53225,17.547306733167083,2.2775,96.51750183105467,14.594850000000406,-59.14695000000029,1.35030433508555,2.97743428418749,-0.1225,-0.1444999999999998,0.8835021972656278,1.2355010986328097,0.0352836697749086,0.999999999994723,0.0250082481029363,0.0089208441515211,0.0189605325085726,0.7263874060298219,0.0055865218772315,0.0079594515451748,0.0029363246453315,0.0109531758741341,22.25,0.0,0.0002547354262302,0.0008601159776867,0.1082700367789849,-0.0108846192372736,1625.0,0.379746835443038,0.4161395237307197,0.0,-0.1674134583283553,-0.0068618169089077,-93932.0,0.0759493670886076,0.24526700081546,-1.0
2015-07-23,4500.503,115.5954,194.772,4207.4006,15.593806306306304,2.398,96.86399993896484,59.86834999999974,39.67200000000048,-1.9535004268607776,0.2446034077555818,0.1205000000000002,0.0500000000000002,0.3464981079101505,2.239999389648432,0.0029363246453315,0.0552995391694875,0.0071383927102865,0.0147883562558419,0.0321189692051744,1.0170919304097263,0.0099799187820153,0.0109531758741341,-0.0032566860751997,0.0123099460276582,-24.75,-1.0,1.5605169740403232e-05,0.0010161754533577,0.1534314257612689,0.0451613889822839,9105.0,0.6,0.4210803325010938,0.0,-0.1542556648757747,0.0131577934525806,-60542.0,0.175,0.2529213331534206,-1.0
2015-07-30,4485.48,84.05080000000001,196.825,4190.1356,14.33040380047506,2.336,97.58800048828124,-17.265000000000327,77.28959999999915,-1.2634025058312446,-0.2150552565968979,-0.0620000000000002,-0.0300000000000002,0.7240005493164148,2.7279998779296903,-0.0032566860751997,0.9999999999862542,0.0096039603960396,0.0224741850577039,0.0295616717635065,1.1715464596213798,-0.0052697228850157,0.0123099460276582,-0.0093069306930693,0.0116270553330178,-70.5,-1.0,-3.439767101700297e-05,0.0009981864627736,0.1856364516793138,0.0322050259180448,-144.0,0.7901234567901234,0.3866669759592662,0.0,-0.1406678693009989,0.0135877955747757,96895.0,0.3333333333333333,0.2631107001775293,0.0
2015-08-06,4486.329,99.2402,203.501,4204.6042,14.646605080831408,2.266,97.00999908447264,14.468600000000151,71.66679999999997,0.3162012803563474,-1.550397317250125,-0.0699999999999998,-0.1339999999999999,-0.5780014038085994,1.3759994506835938,-0.0093069306930693,0.0,0.0091611699646878,0.0253099702838406,0.0079580940868337,1.102694442630398,-2.729805172230204e-05,0.0116270553330178,-0.000999400359784,0.0115761780688897,-7.5,0.0,-6.589999231329338e-05,0.0012002413662256,0.2178893182453121,0.0322528665659983,41718.0,0.926829268292683,0.3819259078952099,1.0,-0.1177606962595713,0.0229071730414275,105496.0,0.5975609756097561,0.2309435390681199,0.0
2015-08-13,4489.25,77.327,196.323,4183.587799999999,14.024354066985646,2.22,97.71600036621092,-21.01640000000043,36.05554999999913,-0.6222510138457622,-3.522952666181437,-0.0460000000000002,-0.0575000000000001,0.7060012817382812,1.1984985351562472,-0.000999400359784,0.1176470588214,0.0073696145124716,-0.0106235565819861,0.0017705027559713,1.0343179445851067,-0.001385649876972,0.0115761780688897,-0.020141389889289,0.0198634227476358,-151.0,-1.0,-1.771458295915333e-05,0.0013474265671643,0.1763734847991483,-0.0415158334461638,30232.0,0.6987951807228916,0.3948936917244054,0.0,-0.1289426639605409,-0.0111819677009695,100135.0,0.4819277108433735,0.2183111887286715,0.0
2015-08-20,4487.208,79.3726,177.883,4215.599999999999,14.512718894009218,2.18,96.94400024414062,32.01220000000012,8.199399999999514,0.4883648270235721,-1.0810874122970873,-0.0399999999999995,-0.2179999999999999,-0.7720001220703097,0.0800003051757869,-0.020141389889289,0.0,0.0270215083038388,-0.0333892562255336,-0.0202394051548797,1.6969023008118942,0.0010941313462321,0.0198634227476358,-0.0052069153280697,0.0527622345076309,-38.25,-1.0,-0.0001992276098012,0.0011138713526106,0.1469880497284557,-0.0293854350706926,3996.0,0.5476190476190477,0.3739154918130336,0.0,-0.1363283629235032,-0.0073856989629623,26896.0,0.3571428571428571,0.2141472299981688,0.0
2015-08-27,4475.105,75.8724,128.581,4229.9524,15.481946308724831,2.154,96.51399993896484,14.35240000000067,39.81680000000051,0.9692274147156148,1.151542508249772,-0.0260000000000002,-0.1819999999999999,-0.4300003051757812,-1.074000549316409,-0.0052069153280697,0.9999999999969208,0.0444391228490301,-0.0352805280528052,-0.0192914178353351,3.4110761316404976,0.0090928874332715,0.0527622345076309,-0.0134788409565187,0.0250290436253379,-98.5,-1.0,-7.049677273128959e-06,0.0042369862916104,0.1556486357791128,0.0086605860506571,-9433.0,0.611764705882353,0.3752698075064226,0.0,-0.1250868548827212,0.011241508040782,17320.0,0.5294117647058824,0.2024770168618029,0.0
2015-09-03,4475.886,89.1064,120.354,4270.651599999999,22.33557692307692,2.108,94.6759994506836,40.69919999999911,66.04739999999947,6.853630614352088,7.688971842245513,-0.0460000000000002,-0.1580000000000003,-1.8380004882812528,-2.3339996337890625,-0.0134788409565187,0.4077253218860788,0.024239692062281,-0.0393430608301685,-0.031730575515412,1.5090735484982358,0.0038298133706448,0.0250290436253379,0.0090855498144744,0.0216640361119295,65.5,1.0,-0.0001468404036652,0.0020317135302142,-0.0247120982029865,-0.1803607339820994,-86583.0,0.0116279069767441,0.309206529992407,-1.0,-0.0813186533888464,0.0437682014938748,62607.0,0.8837209302325582,0.1080211780067702,1.0
2015-09-10,4478.213,66.3335,85.792,4266.4256000000005,26.436030042918457,2.19,95.95,-4.2259999999987485,82.83780000000115,4.100453119841536,12.41167597593281,0.0820000000000003,-0.0299999999999998,1.274000549316412,-1.7660003662109318,0.0090855498144744,0.966507177024244,0.0143647548025705,-0.0296451914098972,-0.0313893881898674,1.248411259895539,0.007660178199732,0.0216640361119295,0.0111344032440976,0.0092222525834022,81.0,1.0,0.0001400105657267,0.0016350049935786,-0.0986984815618221,-0.0739863833588355,-91410.0,0.0,0.300732104121475,-1.0,-0.1194664452835999,-0.0381477918947535,-35121.0,0.5862068965517241,0.0665859868616932,0.0
2015-09-17,4487.809,81.02860000000001,117.411,4326.0875,25.619084668192222,2.1925,95.89500045776369,59.66189999999915,110.48750000000018,-0.8169453747262345,11.106365774183004,0.0024999999999999,0.0124999999999997,-0.0549995422363309,-1.0489997863769531,0.0111344032440976,0.861538461527858,0.0110457805118444,0.0013272529267629,-0.017792762718654,0.5277844707610733,-0.0030990249787572,0.0092222525834022,-0.0168235733949631,0.0105325380520706,-123.75,-1.0,8.920163874163444e-05,0.001425235475328,-0.1087816228593042,-0.0100831412974821,-82850.0,0.0,0.3008507059947924,-1.0,-0.1429859665712907,-0.0235195212876907,-90408.0,0.25,0.0508498535239552,0.0
2015-09-24,4497.484,119.1552,153.512,4289.3694000000005,21.3638611713666,2.234,95.2040008544922,-36.71809999999914,59.41700000000037,-4.255223496825629,5.881914862641761,0.0415,0.08,-0.6909996032714787,-1.3099990844726506,-0.0168235733949631,0.0,0.0131706305309734,-0.0103657076391502,-0.0238239859620705,0.6186725480413013,0.0066327217132967,0.0105325380520706,-0.0080890486725663,0.0238682000934915,-58.5,-1.0,-0.000138650776382,0.001754247213165,-0.0370554688345208,0.0717261540247834,-66576.0,0.0224719101123595,0.264568876249942,-1.0,-0.1486016204600677,-0.005615653888777,-170047.0,0.1797752808988764,0.0528321308623112,-1.0
2015-10-01,4484.111,112.6876,145.165,4224.8168000000005,21.27945533769063,2.152,95.81799926757812,-64.55259999999998,-45.83479999999872,-0.0844058336759623,-1.0561215853862898,-0.0819999999999998,0.0440000000000004,0.6139984130859375,1.1419998168945398,-0.0080890486725663,0.812612612606756,0.0193420227225203,-0.0049589069598086,-0.0199132424770297,1.317668720345033,-0.0072678620579081,0.0238682000934915,0.0219209590855231,0.0109636370893539,157.25,1.0,-8.492134917571552e-05,0.0018192260669701,-0.0093808630393996,0.0276746057951211,5311.0,0.0555555555555555,0.3560712945590994,-1.0,-0.1668567448291635,-0.0182551243690958,-225532.0,0.0777777777777777,0.0547355799636477,-1.0
2015-10-08,4486.185,139.30900000000003,83.381,4226.2584,22.7945670995671,2.086,96.14599914550782,1.4415999999991982,-40.167200000000776,1.515111761876469,-3.641462943351357,-0.0660000000000002,-0.104,0.3279998779296846,0.1959991455078125,0.0219209590855231,0.999999999988024,0.0113903761552365,0.0076978590329563,-0.0325635103926097,0.5970078420400701,-0.0149600764599873,0.0109636370893539,0.0091395832622855,0.0138123207087557,67.0,1.0,0.0002048245506289,0.0018358017272024,0.0085836909871244,0.017964554026524,31356.0,0.0659340659340659,0.3250708269672238,-1.0,-0.1573920621718599,0.0094646826573036,-74287.0,0.1318681318681318,0.0553874118988569,-1.0
2015-10-15,4504.704,101.3815,66.439,4263.495,20.236936542669586,2.0620000000000003,95.64400024414064,37.23660000000018,-62.59249999999975,-2.5576305568975144,-5.382148125522637,-0.0239999999999995,-0.1304999999999996,-0.5019989013671875,-0.251000213623044,0.0091395832622855,0.9999999999882696,0.0115237741205096,0.0057098188491995,-0.0265798217046613,0.7424952124913657,0.0041856547970127,0.0138123207087557,0.0190598492784968,0.0224581904280156,141.0,1.0,6.499912029851607e-05,0.0011945447986534,-0.012118027051702,-0.0207017180388265,29052.0,0.0543478260869565,0.353007065972089,-1.0,-0.206252756657851,-0.0488606944859911,-135294.0,0.0,0.1131647915992248,-1.0
2015-10-22,4501.372,142.0412,60.403,4336.883499999999,18.12990654205608,2.0525,94.54199981689452,73.38849999999911,47.51409999999851,-2.107030000613509,-3.233954629310517,-0.0095,-0.1814999999999997,-1.1020004272460966,-0.6620010375976619,0.0190598492784968,0.9999999999934854,0.0203614657602387,0.0424156526548673,-0.0047854785478548,1.1547661051896467,0.00565158742303,0.0224581904280156,0.0144586304095506,0.0083806195007135,109.0,1.0,0.0001888523282871,0.0014034164598501,-0.0047018378555741,0.0074161891961278,10727.0,0.075268817204301,0.3557512686759162,-1.0,-0.2131694873745123,-0.0069167307166613,-100061.0,0.0,0.1480918453856757,-1.0
2015-10-29,4489.339,147.871,47.1,4298.9278,16.852958057395146,2.048,95.1479995727539,-37.955699999998615,74.11099999999988,-1.276948484660931,-4.426497280295486,-0.0045000000000001,-0.104,0.6059997558593722,-0.6699996948242273,0.0144586304095506,0.8072289156496831,0.0081396489163479,0.0661113821704886,0.0190885468718768,0.4369976347623442,0.0027843430275096,0.0083806195007135,0.0043803733124121,0.0083108497319437,33.5,1.0,0.0001347933234517,0.001111449984698,0.0524890329963761,0.0571908708519502,17636.0,0.1489361702127659,0.343148440344702,-1.0,-0.2119552025697521,0.0012142848047601,-149850.0,0.0106382978723404,0.1604691785179408,-1.0
2015-11-05,4489.702,134.0504,29.795,4294.368,16.453133333333334,2.1,97.18000030517578,-4.559800000000905,68.10959999999977,-0.399824724061812,-6.341433766233767,0.052,0.0140000000000002,2.032000732421878,1.034001159667966,0.0043803733124121,0.7563636363526347,0.0089503661513425,0.047812297513897,0.0245764972655728,0.4395969666946727,0.0001491972377896,0.0083108497319437,-0.0143205858421481,0.0073677523085698,-110.0,-1.0,1.1161914884844322e-05,0.0009020146355882,0.1345967677290861,0.08210773473271,41421.0,0.5263157894736842,0.344117846550374,0.0,-0.1931681780871207,0.0187870244826313,-90651.0,0.0421052631578947,0.1958457254818179,-1.0
2015-11-12,4492.012,76.92175,107.125,4325.8566,16.22977011494253,2.22,97.38600006103516,31.488600000000588,62.36160000000018,-0.2233632183908049,-4.007166427727057,0.1199999999999996,0.1579999999999994,0.2059997558593806,1.741999816894534,-0.0143205858421481,0.0,0.0155522535908865,0.0234530769490723,0.0306629458208549,0.4124286840113964,0.0061716098870484,0.0073677523085698,0.0098728743602443,0.0188344592360892,74.75,1.0,-0.0001317474643299,0.0010294427080818,0.1274792426987272,-0.0071175250303589,46717.0,0.4791666666666667,0.350010389625593,0.0,-0.1844057869879127,0.008762391099208,77186.0,0.0729166666666666,0.209827782534501,-1.0
2015-11-19,4486.721,91.386,133.021,4307.965249999999,16.607653758542142,2.335,99.01800231933592,-17.891350000000784,-28.91824999999972,0.3778836435996133,-1.5222527835139346,0.1150000000000002,0.2824999999999997,1.6320022583007727,4.476002502441403,0.0098728743602443,0.999999999993671,0.0206643996861103,0.0142264964350853,0.0462864766857102,1.252541712395524,-0.0052801220225888,0.0188344592360892,0.0022560816112999,0.005858615775456,17.25,0.0,8.797386704347e-05,0.0010113713192658,0.1705908789468203,0.0431116362480931,63512.0,0.711340206185567,0.3239968869377442,0.0,-0.1842681947115967,0.0001375922763159,86583.0,0.0824742268041237,0.1836821586356943,-1.0
2015-11-26,4477.088,116.6645,163.491,4262.313999999999,18.451888888888888,2.262,99.33999938964844,-45.65124999999989,-36.61380000000099,1.844235130346746,1.5989308314937425,-0.0729999999999999,0.2139999999999999,0.3219970703125057,4.191999816894537,0.0022560816112999,0.4787234042349479,0.0030665840211398,0.0020267398908175,0.0629746506224642,0.4359265575383378,-0.0011144884965583,0.005858615775456,-0.0086451570808729,0.0138551434945966,-66.25,-1.0,3.517817235775177e-05,0.000980387159699,0.1750868415409906,0.0044959625941702,46105.0,0.7244897959183674,0.333460081480952,0.0,-0.1732024302621191,0.0110657644494776,133313.0,0.1122448979591836,0.1491227338014404,-1.0
2015-12-03,4478.069,93.8624,212.756,4196.9325,17.248613861386136,2.245,99.67500114440918,-65.3814999999995,-97.4354999999996,-1.2032750275027515,0.7954805280528028,-0.0169999999999999,0.145,0.3350017547607393,2.4950008392333984,-0.0086451570808729,0.0,0.0138541529551138,-0.0109682668836452,0.044297054881611,1.0833882516466262,0.0054636825390521,0.0138551434945966,0.0043438199289194,0.0187969594031837,33.0,1.0,-7.964599564840124e-05,0.0011928740096368,0.1100377170509536,-0.065049124490037,-6547.0,0.404040404040404,0.3475246702723218,0.0,-0.1295873588568469,0.0436150714052722,176918.0,0.5151515151515151,0.14590113505425,0.0
2015-12-10,4480.436,79.51820000000001,186.624,4171.4506,16.832105263157896,2.218,99.51999969482422,-25.48189999999977,-154.40599999999995,-0.4165085982282406,0.6023351482153672,-0.0270000000000001,-0.0019999999999997,-0.1550014495849581,2.13399963378906,0.0043438199289194,0.2879177377862424,0.012745740498034,0.0077596169720983,0.037283757604595,1.3834917866613694,0.0051226361282963,0.0187969594031837,-0.0094364351245085,0.0228770639042438,-72.0,-1.0,3.977294275544448e-05,0.0014071116933906,0.1045468185542975,-0.005490898496656,-7325.0,0.36,0.3192150548803711,0.0,-0.1170321991058212,0.0125551597510256,187315.0,0.67,0.1452913168870688,0.0
2015-12-17,4489.593,95.658,196.343,4214.2938,17.713421052631578,2.242,98.15400085449218,42.84319999999934,-93.67144999999982,0.8813157894736818,1.1057672940894356,0.024,-0.0929999999999999,-1.3659988403320398,-0.8640014648437528,-0.0094364351245085,0.2954091816343679,0.0165718444032812,-0.0115092859011247,0.0450774336283186,1.5652799664347603,-0.0025190539865506,0.0228770639042438,0.0054908706006879,0.0135614219044211,41.5,1.0,-9.971945287489172e-05,0.0016322755127806,0.0773699380826987,-0.0271768804715987,-36160.0,0.2178217821782178,0.3129967024885536,0.0,-0.0968201628783539,0.0202120362274672,255254.0,0.801980198019802,0.1386787679938034,1.0
2015-12-24,4496.523,165.8778,267.608,4197.592,19.4617494600432,2.236,98.10599975585936,-16.70179999999982,-64.72199999999975,1.74832840741162,1.0098605711543094,-0.0060000000000002,-0.0260000000000002,-0.0480010986328096,-1.2339996337890682,0.0054908706006879,0.9999999999906104,0.0140140798736759,-0.0083189247381985,0.0593852373318464,0.9858249776914152,-0.0049084230321974,0.0135614219044211,-0.003059411803408,0.017872210345326,-23.25,-1.0,6.531932119301523e-05,0.0010806427905913,0.1127823062146306,0.0354123681319318,-17795.0,0.4411764705882353,0.2844426561445408,0.0,-0.0681080971076738,0.02871206577068,283839.0,0.931372549019608,0.1066547444877146,1.0
2015-12-31,4486.587,287.9365,290.467,4063.0372,18.68496202531645,2.23,98.34399871826172,-134.5547999999999,-133.89530000000013,-0.7767874347267423,1.4363481639303188,-0.0059999999999997,-0.0150000000000001,0.2379989624023437,-1.3310024261474638,-0.003059411803408,0.0,0.0135621184622999,-0.0027313413189417,0.0334890700133001,1.247002747540924,0.0030576869440431,0.017872210345326,-0.0393994390364625,0.0184300522471345,-298.5,-1.0,-2.5699847659697065e-05,0.0009273802819467,0.1486559759475053,0.0358736697328746,8675.0,0.6116504854368932,0.3684499323036562,0.0,-0.1054305457365763,-0.0373224486289024,103934.0,0.7184466019417476,0.1325356335819675,0.0
2016-01-07,4486.606,153.178,333.22,3908.183500000001,18.00509036144578,2.285,98.2299976348877,-154.8536999999992,-263.2670999999996,-0.6798716638706743,1.172985098287885,0.0550000000000001,0.0670000000000001,-0.1140010833740206,-1.2900020599365265,-0.0393994390364625,0.0,0.0295764487650716,-0.0461664482306684,-0.0162211483221249,1.252301508680164,0.0006552698341899,0.0184300522471345,-0.0043626120710383,0.0256403051377367,-31.75,-1.0,-0.0003508336549801,0.0020935291998734,0.1693770367323694,0.0207210607848641,17302.0,0.6826923076923077,0.3759831682855064,0.0,-0.1144563507864223,-0.009025805049846,53262.0,0.6538461538461539,0.1642446140182747,0.0
2016-01-14,4501.695,89.27799999999999,302.983,4000.208,20.589458128078817,2.2075,98.91750144958496,92.02449999999908,-214.08579999999984,2.5843677666330365,2.87603707544724,-0.0775000000000001,-0.0344999999999999,0.6875038146972656,0.7635005950927791,-0.0043626120710383,0.5967153284627977,0.0189069831631244,-0.0412807621063773,-0.0388326977284032,1.7113935334409716,0.0031684280266616,0.0256403051377367,-0.017561413193486,0.0175749319769996,-127.25,-1.0,-0.0001211837474029,0.0025349901606805,0.1523027589424881,-0.0170742777898813,19932.0,0.6095238095238096,0.3394323269828347,0.0,-0.1179091186014994,-0.003452767815077,-19470.0,0.6095238095238096,0.1121272333362344,0.0
2016-01-21,4488.84,94.4555,285.318,4109.433999999999,22.1195464362851,2.12,98.8520004272461,109.22599999999966,-88.15800000000036,1.530088308206281,2.657796976241901,-0.0874999999999999,-0.1159999999999996,-0.0655010223388643,0.7460006713867244,-0.017561413193486,0.0,0.002001755926251,-0.063260740838213,-0.0691706711124187,1.115988175793735,0.0043828033774737,0.0175749319769996,0.0033011413520631,0.02682195087249,23.5,1.0,-6.133049216095522e-05,0.0025277662943096,0.1711200962951633,0.0188173373526752,8017.0,0.7264150943396226,0.2795419329524974,0.0,-0.0968975308156364,0.0210115877858629,-51861.0,0.7924528301886793,0.072202409308573,0.0
2016-01-28,4482.349,75.372,341.996,4109.0665,24.40851015801354,2.03,99.04399871826172,-0.3674999999993815,46.02930000000015,2.288963721728443,5.723548132697086,-0.0900000000000003,-0.2000000000000001,0.1919982910156221,0.7000000000000028,0.0033011413520631,0.221991701242971,0.0168714340718961,-0.057284276522026,-0.0701708706265256,1.5512172450495167,-0.0049815174862677,0.02682195087249,0.000280023802023,0.0236950661370542,2.0,0.0,1.7177189621768633e-06,0.0020187449348293,0.1262493462461,-0.0448707500490632,-10783.0,0.4672897196261682,0.2873162726108676,0.0,-0.1414358289152898,-0.0445382980996533,-136111.0,0.3271028037383177,0.0645369025513655,0.0
2016-02-04,4483.495,77.9688,350.858,4064.981,23.223747323340472,2.026,99.14000091552734,-44.08550000000014,156.79749999999922,-1.1847628346730694,5.218656961894691,-0.004,-0.2590000000000003,0.0960021972656193,0.9100032806396428,0.000280023802023,0.0,0.0190012947475242,-0.0183435814640513,-0.0563975565461449,1.2704097276296469,-0.0109500895389356,0.0236950661370542,-0.0272246911852188,0.0189879472495466,-194.5,-1.0,-2.933521414332616e-05,0.002278716672072,0.0470851184100916,-0.0791642278360083,-40874.0,0.1203703703703703,0.2429824169939307,-1.0,-0.1216930468704191,0.0197427820448707,-65946.0,0.5555555555555556,0.0565763105885274,0.0
2016-02-11,4486.278,45.3198,317.303,4054.6682,22.49384946236559,1.906,98.2480010986328,-10.312799999999696,54.46020000000044,-0.7298978609748836,1.904391334286771,-0.1199999999999998,-0.3015000000000001,-0.8919998168945256,-0.6695003509521484,-0.0272246911852188,0.2186495176820752,0.0111874527860714,-0.0408846260005519,-0.0910606853256604,1.0173401331216516,0.007016954058997,0.0189879472495466,0.0278787006726861,0.0205039952865751,193.75,1.0,-0.0002245433934526,0.0027202740924948,0.0029033091083483,-0.0441818093017432,-45236.0,0.073394495412844,0.2413841443169661,-1.0,-0.1469656641693714,-0.0252726172989522,-135888.0,0.2568807339449541,0.074679018337843,0.0
2016-02-18,4483.629,48.41,266.76,4123.6552,24.39888888888889,1.738,96.2239990234375,68.98700000000008,14.221200000000865,1.9050394265233024,2.2793424526037924,-0.1679999999999999,-0.3820000000000001,-2.0240020751953125,-2.6280014038085966,0.0278787006726861,0.7808398950090245,0.0266675999160075,0.0034767339771728,-0.0678237040420187,1.0311415112337667,-0.0113035821211808,0.0205039952865751,0.0124938755512002,0.0140284386674094,89.25,1.0,0.0002531056875375,0.0015373736395236,0.0176826447207929,0.0147793356124445,-46418.0,0.1,0.1899806524878377,-1.0,-0.1237545663049484,0.0232110978644229,-113543.0,0.5454545454545454,0.0627896475896593,0.0
2016-02-25,4489.796,52.63680000000001,237.95,4168.459,23.76009111617312,1.77,96.64750099182127,44.80379999999968,59.39249999999993,-0.638797772715769,-0.6484190418404197,0.032,-0.2599999999999998,0.423501968383789,-2.3964977264404297,0.0124938755512002,0.9999999999882352,0.0117520998237185,0.0126710770415485,-0.0479465578517835,0.7049751752974845,-0.0014405506783079,0.0140284386674094,0.0105077598423835,0.0212248611937894,76.0,1.0,0.0001015211358339,0.0015584378456294,-0.0561032968337339,-0.0737859415545269,-50127.0,0.018018018018018,0.2084112288198462,-1.0,-0.1246643733319406,-0.0009098070269922,18281.0,0.5405405405405406,0.0642859054046169,0.0
2016-03-03,4478.485,56.947,237.207,4199.2092,21.83868995633188,1.746,97.24199981689452,30.750200000000405,134.22820000000047,-1.921401159841242,-1.3850573670085922,-0.024,-0.2799999999999998,0.594498825073245,-1.898001098632804,0.0105077598423835,0.8717948717884851,0.0186762442278091,0.0230255100255449,-0.0421035386631717,1.0558833740253124,-0.0056603889045849,0.0212248611937894,-0.0048229861467419,0.0065137682957085,-35.25,-1.0,9.052094564634889e-05,0.0013157761117858,-0.0486981474448242,0.0074051493889097,-25355.0,0.0267857142857142,0.2301096801666494,-1.0,-0.1212249365077055,0.0034394368242351,-22115.0,0.5803571428571429,0.0806361030684843,0.0
2016-03-10,4481.083,47.4396,211.443,4184.330999999999,20.22054704595186,1.8,98.0979995727539,-14.878200000001016,129.66279999999915,-1.6181429103800191,-2.273302416413728,0.054,-0.1059999999999998,0.8559997558593722,-0.1500015258789062,-0.0048229861467419,0.2788461538407914,0.0071492403932082,0.0465844095111334,-0.0376422333950781,0.3476250791317098,-0.0041268843169885,0.0065137682957085,0.0162232762768956,0.0085272884612501,118.0,1.0,-1.7110926151434664e-07,0.0016289363007618,-0.0291801957487039,0.0195179516961203,-8318.0,0.0442477876106194,0.2910812674844819,-1.0,-0.1180845183818638,0.0031404181258416,67403.0,0.6194690265486725,0.0756167474794999,0.0
2016-03-17,4486.333,40.361,235.634,4222.2004,19.363073496659243,1.89,96.9719985961914,37.869400000000496,98.54519999999955,-0.8574735492926173,-5.035815392229647,0.0899999999999998,0.1519999999999999,-1.1260009765624943,0.7479995727539119,0.0162232762768956,0.9999999999800996,0.0067983494554555,0.0347168754812066,-0.0273702217251134,0.4655039657165239,-0.0044753006959374,0.0085272884612501,0.0005749847798146,0.0072530648590016,4.25,0.0,0.00011031661252,0.0008795816275294,-0.0485349172340701,-0.0193547214853662,-17776.0,0.0350877192982456,0.259143900635136,-1.0,-0.1258385087092422,-0.0077539903273783,-32098.0,0.5175438596491229,0.058403243446137,0.0
2016-03-24,4492.857,65.433,296.956,4210.338,18.743825503355705,1.954,96.01399993896484,-11.86239999999998,41.87899999999991,-0.6192479933035386,-5.016265612817417,0.064,0.1839999999999999,-0.9579986572265682,-0.6335010528564453,0.0005749847798146,0.062893081759424,0.0053747084474191,0.0225363796619542,-0.0238244514106582,0.4160424634658481,0.001257445538321,0.0072530648590016,0.0106818104992731,0.0107969161314857,79.0,1.0,3.868540575459374e-06,0.0009313715670931,-0.0793542642282138,-0.0308193469941436,-6887.0,0.017391304347826,0.2580599807490564,-1.0,-0.1083586090104476,0.0174798996987945,18668.0,0.7130434782608696,0.0552896972394897,0.0
2016-03-31,4482.84,150.30475,284.66,4130.468,17.416611764705884,1.906,95.6240005493164,-79.86999999999989,-68.74120000000039,-1.3272137386498208,-4.422078191625996,-0.048,0.1599999999999999,-0.3899993896484375,-1.6179992675781278,0.0106818104992731,0.937837837827699,0.0123749958192581,0.0227125021378484,0.0270688056061283,0.6427739034153628,0.0017062007431756,0.0107969161314857,-0.0008027024315194,0.0169731127351484,-6.0,0.0,8.089266358840159e-05,0.000899285613115,-0.1043108464169311,-0.0249565821887173,-9357.0,0.0086206896551724,0.2058354659716079,-1.0,-0.1253421556702386,-0.016983546659791,21381.0,0.5172413793103449,0.1067649772983413,0.0
2016-04-07,4484.069,52.1398,264.323,4047.87525,16.49728179551122,1.8275,95.13249969482422,-82.5927499999998,-136.45574999999917,-0.9193299691946636,-3.72326525044064,-0.0784999999999997,0.0275,-0.4915008544921875,-2.9654998779296875,-0.0008027024315194,0.0114503816792144,0.0087698744769874,0.026844022822575,0.0307410985371239,1.0558628097194993,0.0055790419119343,0.0169731127351484,0.0101757322175732,0.0093638796581264,76.0,1.0,2.9040991089174965e-05,0.0010529062895262,-0.0626195702061719,0.0416912762107592,-6249.0,0.0341880341880341,0.1888175443858238,-1.0,-0.1254865967621638,-0.0001444410919251,14424.0,0.5128205128205128,0.0915217830035537,0.0
2016-04-14,4499.729,19.4662,239.635,4167.6062,16.175064655172413,1.752,94.53400115966797,119.73095000000012,-54.594199999999546,-0.3222171403388074,-3.1880088414868304,-0.0755000000000001,-0.1379999999999999,-0.5984985351562528,-2.437997436523446,0.0101757322175732,0.9844155844053568,0.0127572152821498,0.0207332747074342,0.0598419666374012,0.6084053264130401,-0.0059784133643652,0.0093638796581264,-0.0064283110772391,0.005876929724981,-48.5,-1.0,7.391961317800313e-05,0.0010077852468215,-0.0164131046508409,0.046206465555331,9173.0,0.1016949152542373,0.1552832852042181,-1.0,-0.1094096466583513,0.0160769501038124,97927.0,0.6779661016949152,0.0866653113842675,0.0
2016-04-21,4490.131,34.1322,268.785,4240.6278,18.072622222222225,1.762,94.35799865722656,73.02160000000003,30.28980000000047,1.8975575670498088,-0.6712032811334829,0.01,-0.1919999999999999,-0.1760025024414062,-1.656001281738284,-0.0064283110772391,0.0,0.0065032516258129,0.013588885508569,0.0495642129581015,0.4306882109562075,-0.008822488437898,0.005876929724981,-0.0154410538602635,0.0055105045329169,-115.75,-1.0,-5.997814867971651e-05,0.0011634642354907,0.0111370480585897,0.0275501527094307,24512.0,0.1596638655462184,0.1608813414351645,-1.0,-0.1094568951913007,-4.724853294937881e-05,55230.0,0.6722689075630253,0.1002430820296002,0.0
2016-04-28,4474.665,25.9506,346.166,4187.2138,16.60708695652174,1.812,94.4519989013672,-53.41399999999976,56.7458000000006,-1.4655352657004812,-0.8095248081841433,0.05,-0.0939999999999998,0.0940002441406306,-1.172001647949216,-0.0154410538602635,0.0,0.0122281688232504,-0.0126091173617847,0.0330685516324316,0.4542850598252804,-0.0115239811555726,0.0055105045329169,-0.011076485332972,0.0102120297928608,-81.75,-1.0,-0.0001356483060622,0.0014546278637615,0.0929053910531458,0.081768342994556,43920.0,0.35,0.1639279493606355,0.0,-0.1026851007869523,0.0067717944043483,58399.0,0.775,0.1453576075536289,0.0
2016-05-05,4477.27,41.771,336.357,4102.5484,16.18121412803532,1.89,94.53600006103515,-84.66540000000077,54.67314999999962,-0.425872828486419,-0.3160676674758989,0.0779999999999998,0.0624999999999997,0.084001159667963,-0.5964996337890653,-0.011076485332972,0.0,0.0094194211337557,-0.0227615062761505,0.0502176337278319,0.8958917004316567,-0.0001422823788189,0.0102120297928608,0.0047268367871211,0.0114705281265563,34.5,1.0,-0.0001010327937405,0.0010421368713391,0.0691890175882609,-0.0237163734648848,29472.0,0.2479338842975206,0.1590791846524896,0.0,-0.0775782740120241,0.0251068267749281,134963.0,0.9090909090909092,0.1412822214538275,1.0
2016-05-12,4478.411,29.7886,315.369,4099.142000000001,16.67150442477876,1.814,93.12200012207032,-3.406399999998939,-68.46419999999944,0.4902902967434386,0.4964397696063471,-0.0759999999999998,0.062,-1.4139999389648352,-1.4120010375976475,0.0047268367871211,0.1019607843121261,0.0086932806054614,-0.0280327379966202,0.0265626093651571,1.0774552871206966,-0.0009946527396438,0.0114705281265563,-0.0023863907544403,0.0119599626129379,-17.5,0.0,3.4153189110346275e-05,0.0010603673981306,-0.0828999617857677,-0.1520889793740286,-16400.0,0.0245901639344262,0.0293294232973898,-1.0,-0.080017980130107,-0.0024397061180828,88754.0,0.9016393442622952,0.1259441257499574,1.0
2016-05-19,4473.741,37.1078,295.339,4133.2534000000005,17.531832229580573,1.762,94.05800018310546,34.111399999999776,-107.3743999999997,0.8603278048018126,-0.5407899926416491,-0.052,0.0,0.9360000610351448,-0.2999984741210966,-0.0023863907544403,0.0,0.0079281003314766,-0.0240787060196765,0.0114755798278662,1.1419183745471986,0.0053274266209333,0.0119599626129379,0.0239209923794552,0.0115746466203419,175.0,1.0,1.8013035362172427e-05,0.0010276378545307,-0.1462861016832791,-0.0633861398975114,-36593.0,0.0,0.0146831032751644,-1.0,-0.0902791786228062,-0.0102611984926992,54135.0,0.8617886178861789,0.1384023642618975,1.0
2016-05-26,4461.111,64.119,268.619,4141.2942,17.826158940397352,1.7879999999999998,94.82000122070312,8.040799999999763,-45.91960000000017,0.2943267108167795,1.2190719838756117,0.0259999999999998,-0.0240000000000002,0.7620010375976562,0.368002319335929,0.0239209923794552,0.9999999999928444,0.0186563428228148,0.0149380123297879,0.024901658970412,1.1970405013410046,0.0040978459408194,0.0115746466203419,0.0053399192337215,0.00267332080992,40.0,1.0,0.0001875883664702,0.0008657868746023,-0.1279588872751647,0.0183272144081144,-50503.0,0.0080645161290322,-0.0426946709864819,-1.0,-0.11148565797003,-0.0212064793472238,-22607.0,0.6451612903225806,0.1419906050643117,0.0
2016-06-02,4461.393,66.8145,267.948,4128.3730000000005,16.797704194260486,1.85,95.3259994506836,-12.921199999999772,25.824600000000828,-1.028454746136866,0.6164900662251647,0.0620000000000002,-0.0399999999999998,0.5059982299804773,0.7899993896484432,0.0053399192337215,0.9999999999550562,0.0029545529993692,0.0317862647713649,0.0353681171375541,0.2859365827151001,4.0450078997444905e-06,0.00267332080992,-0.0026889752016731,0.0045310168704862,-20.25,0.0,4.067448724152421e-05,0.0006785533041995,-0.0826507885594503,0.0453080987157144,-33987.0,0.048,0.0225973896897715,-1.0,-0.1088153584496826,0.0026702995203474,-101047.0,0.68,0.1484304018970082,0.0
2016-06-09,4463.542,48.8642,236.351,4126.630499999999,15.38766826923077,1.8375,95.60749816894533,-1.7425000000012003,27.488499999998567,-1.4100359250297156,-1.2838361555479896,-0.0124999999999999,0.0235,0.2814987182617159,2.4854980468749943,-0.0026889752016731,0.1818181818071625,0.0021969243059716,0.0241707292128319,0.0160995738348102,0.5025347187539708,-0.0066696405414513,0.0045310168704862,-0.0115172092403967,0.0072811901366385,-86.5,-1.0,-2.404631259604401e-05,0.0006715313216006,0.0346020164385452,0.1172528049979955,27982.0,0.2063492063492063,0.1870423555590054,0.0,-0.1156444564852024,-0.0068290980355197,-120749.0,0.626984126984127,0.1464149479320834,0.0
2016-06-16,4472.817,36.973,231.257,4178.326800000001,15.522886836027713,1.7100000000000002,93.88999938964844,51.69630000000143,45.07340000000022,0.1352185667969418,-2.0089453935528603,-0.1274999999999999,-0.0519999999999998,-1.717498779296875,-0.1680007934570255,-0.0115172092403967,0.2142857142816326,0.0070716594827586,0.0147968424290059,0.0038197613494237,0.8073463479486942,-0.0007553853944607,0.0072811901366385,0.0061624461206897,0.0139544623509821,45.75,1.0,-8.60297632972689e-05,0.0011168901756021,0.0720976778141431,0.0374956613755979,51672.0,0.2913385826771653,0.1864515917349541,0.0,-0.1407877789157866,-0.0251433224305842,-181055.0,0.3070866141732283,0.1466816973486171,0.0
2016-06-23,4482.009,78.96079999999999,316.838,4204.587,20.16059957173448,1.61,94.61600036621094,26.26019999999972,63.29280000000017,4.637712735706764,2.334440631337124,-0.1,-0.1779999999999997,0.7260009765625028,-0.2040008544921789,0.0061624461206897,0.9999999999902912,0.0137889487599986,-0.0028034575977038,-0.0006689186929328,1.5034222197274216,-0.0072930362726684,0.0139544623509821,-0.0074299675357274,0.0389066658011307,-55.5,-1.0,-0.0002233826773846,0.0019396607464105,0.1404908103447077,0.0683931325305646,69040.0,0.625,0.1246670792681654,0.0,-0.0915571684712224,0.0492306104445642,11787.0,0.859375,0.1135176509734547,1.0
2016-06-30,4466.482,151.0508,337.093,4086.2102,18.678980477223423,1.686,93.81799926757812,-118.37680000000046,-42.16280000000052,-1.48161909451105,1.88127628296294,0.0759999999999998,-0.1640000000000001,-0.7980010986328097,-1.508000183105466,-0.0074299675357274,0.9999999999956332,0.030886468624608,-0.0154699067157985,-0.0072970711297071,3.502077858427376,-0.0015919261044656,0.0389066658011307,0.0061031122500589,0.0086146636093409,45.25,1.0,0.0002001270938652,0.0017167143746541,0.1840137035866573,0.0435228932419496,58472.0,0.8294573643410853,0.1819847300274346,1.0,-0.1274444378925447,-0.0358872694213222,-30839.0,0.4573643410852713,0.1155294885826754,0.0
2016-07-07,4470.605,96.1195,303.297,3978.3382,19.987982832618027,1.496,96.02999877929688,-107.87199999999984,-148.29229999999916,1.3090023553946004,4.600314563387256,-0.1899999999999999,-0.3415000000000001,2.2119995117187443,0.4225006103515625,0.0061031122500589,0.9999999999792748,0.0064682619478517,-0.0067904933093668,-0.0112992478213327,0.7798079818763988,0.0054401078931731,0.0086146636093409,0.0184663851464574,0.0078880655576308,137.75,1.0,5.228624252013009e-05,0.0010075632992364,0.160694180222852,-0.0233195233638053,25088.0,0.7153846153846154,0.0578483519043366,0.0,-0.1400088448041858,-0.0125644069116411,-67391.0,0.3230769230769231,0.0679047133317631,0.0
2016-07-14,4472.202,54.1494,316.064,4071.1885,16.733995381062353,1.4025,96.05249977111816,92.8502999999996,-107.13830000000098,-3.2539874515556733,1.2111085450346408,-0.0935000000000001,-0.3075000000000003,0.022500991821289,2.1625003814697266,0.0184663851464574,0.9999999999862542,0.0095758333607555,0.0233364762931034,0.0134734033683507,0.7033649637393171,-0.0062378268743659,0.0078880655576308,0.0063509822633189,0.0074616126355565,48.25,1.0,0.0001631448924186,0.0007639101423701,0.1088871897129892,-0.0518069905098628,4209.0,0.4732824427480916,0.209863216340075,0.0,-0.1525616638914281,-0.0125528190872422,-18552.0,0.1908396946564885,0.1031876072339516,-1.0
2016-07-21,4480.973,70.8266,329.15,4101.9886,16.411128668171557,1.468,96.32200164794922,30.80009999999993,-102.59840000000077,-0.3228667128907965,-3.7494709035629192,0.0655000000000001,-0.1420000000000001,0.2695018768310575,1.7060012817382812,0.0063509822633189,0.8280701754269744,0.0093192073768883,0.0235282305298034,0.0359054264616218,0.6558306242251927,0.0060738716037955,0.0074616126355565,0.0106598652802301,0.0051026270410696,81.5,1.0,5.758365819559627e-05,0.0007477355641298,0.1288007125517385,0.0199135228387493,-10906.0,0.5606060606060606,0.2214411708203077,0.0,-0.1209219910706828,0.0316396728207453,-53053.0,0.5606060606060606,0.115551332796245,0.0
2016-07-28,4464.498,55.3418,325.499,4080.9964,15.794977477477476,1.582,96.87799987792968,-20.99220000000014,-5.213800000000447,-0.6161511906940795,-2.884002999745949,0.1140000000000001,-0.1039999999999998,0.5559982299804602,3.060000610351551,0.0106598652802301,0.9999999999848485,0.0085414779345153,0.0421822841150487,0.058674430553177,0.4659268089317493,0.0081665602659166,0.0051026270410696,0.0031059919761873,0.0057746669954002,24.0,1.0,9.277946966743376e-05,0.000836711305581,0.2204733464994725,0.0916726339477339,15418.0,0.9548872180451128,0.1935858694014165,1.0,-0.1071567493957953,0.0137652416748874,36547.0,0.7218045112781954,0.1475108790545756,0.0
2016-08-04,4466.793,76.4604,298.813,4083.6572,15.120307692307692,1.552,97.14200134277344,2.6608000000001084,105.3189999999995,-0.6746697851697849,-4.867675140310334,-0.03,0.056,0.2640014648437585,1.1120025634765651,0.0031059919761873,0.9752066115380096,0.0039027222293897,0.0390776861719954,0.0569665564381414,0.5511804402442528,0.0051325210845145,0.0057746669954002,0.0072571281125015,0.0056248951483566,56.25,1.0,3.816909490848105e-05,0.0007707913397577,0.2316712544813335,0.0111979079818609,30346.0,0.9701492537313432,0.2204049446176537,1.0,-0.1059066647772896,0.0012500846185056,99249.0,0.7238805970149254,0.1484486865456115,0.0
2016-08-11,4468.929,68.812,259.832,4091.5196,13.890957683741648,1.516,95.5239990234375,7.86239999999998,20.33109999999988,-1.229350008566044,-2.843037697320705,-0.036,0.1135000000000001,-1.6180023193359432,-0.5285007476806669,0.0072571281125015,0.9999999999518072,0.0026577860322136,0.0276415808351706,0.067183815740013,0.5653737048241891,-0.0010500529840462,0.0056248951483566,0.0010887316276537,0.0044839949144629,8.5,0.0,5.459298815108625e-05,0.0005936501094245,0.2353265778827532,0.0036553234014196,45165.0,0.9703703703703704,0.1993736621782637,1.0,-0.111650843342465,-0.0057441785651753,129673.0,0.6370370370370371,0.1405544726557125,0.0
2016-08-18,4466.476,69.4102,260.81,4140.285,14.109058295964129,1.56,96.05600128173828,48.76540000000023,38.296400000000176,0.2181006122224786,-2.30207037220743,0.044,0.092,0.5320022583007784,-0.266000366210946,0.0010887316276537,0.4123711340036136,0.0031027092729424,0.0222680007847753,0.0433868437739879,0.4791566277716403,0.0004479407085764,0.0044839949144629,-0.0033586028212263,0.0042299093548804,-26.25,-1.0,4.906150996492295e-06,0.0005996352327377,0.2281027513545848,-0.0072238265281683,36468.0,0.9485294117647058,0.2015677569043198,1.0,-0.1127917621547451,-0.00114091881228,29569.0,0.6323529411764706,0.1612696930253704,0.0
2016-08-25,4473.84,101.4826,254.376,4136.255799999999,14.928564920273349,1.544,95.0040008544922,-4.029200000000856,55.25939999999946,0.8195066243092217,-0.8664125572041286,-0.016,-0.038,-1.0520004272460852,-1.873999023437492,-0.0033586028212263,0.0,0.0044611335772514,0.0080885207713212,0.0343591275769346,0.4458254836280796,0.0003007147160529,0.0042299093548804,-0.0006097952371783,0.0027974493356656,-4.75,0.0,-2.261263368808328e-05,0.0006604300345246,0.2197984428191041,-0.0083043085354807,9617.0,0.927007299270073,0.2030873976204119,1.0,-0.0989250454056607,0.0138667167490844,26775.0,0.7956204379562044,0.1577942278319285,0.0
2016-09-01,4457.907,103.932,274.195,4117.9814,14.837639198218264,1.564,94.6259994506836,-18.27439999999933,34.32420000000002,-0.0909257220550845,-0.2826684940894282,0.02,0.012,-0.3780014038085966,-2.5160018920898466,-0.0006097952371783,0.1923076922978303,0.0025048973955489,0.0043542768675008,0.0365155449038012,0.2994053807018435,0.0016856780894216,0.0027974493356656,0.0023764411188542,0.0079941435967797,18.5,0.0,-9.479385877723656e-06,0.000755508612268,0.2356909830827699,0.0158925402636658,6620.0,0.9710144927536232,0.198267917801769,1.0,-0.0855766711728161,0.0133483742328446,56825.0,0.8985507246376812,0.1663198562736951,1.0
2016-09-08,4459.394,82.184,236.154,4079.78,14.758072562358278,1.582,95.7740005493164,-38.20139999999947,-11.739599999999427,-0.0795666358599866,0.8671148786166292,0.018,0.066,1.1480010986328182,0.2500015258789148,0.0023764411188542,0.0223880597008242,0.0042930830102841,-0.0005123442953665,0.0510843211206897,0.8501909037377596,-0.0013967965030856,0.0079941435967797,0.0036523243520327,0.0256718564514742,28.5,1.0,2.557609468957913e-05,0.0005811907332635,0.2123173530557656,-0.0233736300270043,-2103.0,0.8848920863309353,0.2034710695097875,1.0,-0.0773119337173696,0.0082647374554464,92647.0,0.920863309352518,0.1645260934779574,1.0
2016-09-15,4481.635,73.6856,243.082,4141.0560000000005,13.64673860911271,1.5750000000000002,95.17249870300292,61.276000000000295,0.7710000000006403,-1.111333953245568,-0.4623196868514174,-0.0069999999999998,0.0150000000000001,-0.6015018463134822,-0.8835025787353459,0.0036523243520327,0.9999999999931508,0.0186420659495004,0.0020471483862714,0.0484621305933934,2.473391537211789,0.0154795912448538,0.0256718564514742,0.0092571902831424,0.0082419865410194,72.5,1.0,1.762971636008108e-05,0.0011630882769017,0.2329327016426546,0.020615348586889,6011.0,0.9571428571428572,0.1988854801755271,1.0,-0.0831487909698328,-0.0058368572524631,67455.0,0.8928571428571429,0.162398866659177,1.0
2016-09-22,4473.032,150.794,340.448,4164.8674,17.157705627705628,1.698,95.33799896240234,23.8113999999996,28.61160000000109,3.5109670185929183,2.229140707432279,0.1229999999999997,0.1539999999999999,0.1655002593994083,0.3339981079101477,0.0092571902831424,0.9999999999891304,0.0116393079672328,0.0147313691507799,0.0660889503321306,1.05344752354577,-0.0019693823648441,0.0082419865410194,-0.0053135971154758,0.0100397073309778,-42.0,-1.0,8.575395241366244e-05,0.0008343474416363,0.1333069952498125,-0.099625706392842,-22359.0,0.5531914893617021,0.1217192754331007,0.0,-0.0772296124236566,0.0059191785461761,19688.0,0.9219858156028368,0.111489014468887,1.0
2016-09-29,4452.002,231.7236,351.7,3981.79,16.804273127753305,1.6759999999999995,95.81599884033204,-183.07739999999967,-136.19139999999925,-0.3534324999523228,1.9666339295350408,-0.0220000000000002,0.1119999999999996,0.4779998779296903,1.1899993896484349,-0.0053135971154758,0.549295774637572,0.0067728703615377,0.0099553614438485,0.0539915543937261,1.2640366330970552,0.0019347742947453,0.0100397073309778,0.0035295239912238,0.0041871212432705,27.75,1.0,-6.447262813580806e-05,0.0008993925049349,0.1826808324843545,0.0493738372345419,-19870.0,0.7816901408450704,0.1967435598893901,0.0,-0.1286903521218349,-0.0514607396981783,-115964.0,0.4154929577464789,0.1546398936641804,0.0
2016-10-06,4459.407,315.0072,347.76,3868.5784,15.671425485961125,1.58,95.44000091552736,-113.21160000000008,-211.20159999999987,-1.132847641792182,0.9133529236028456,-0.0959999999999996,-0.002,-0.375997924804679,-0.3339996337890625,0.0035295239912238,0.9062499999433594,0.0020278833967046,0.0111171627206612,0.0385336799499818,0.5484714665471946,0.00057203785444,0.0041871212432705,-0.0096324461343473,0.0100721015118807,-76.0,-1.0,3.952278363989071e-05,0.0007280012926977,0.2378451309865884,0.0551642985022338,5839.0,0.9790209790209792,0.1817729117177984,1.0,-0.1454247856694103,-0.0167344335475753,-183927.0,0.2167832167832167,0.1635915413446599,0.0
2016-10-13,4457.698,199.31325,356.185,3796.6398,15.431198156682028,1.6780000000000002,96.0240005493164,-71.9386000000004,-344.4162000000006,-0.2402273292790955,1.784459547569318,0.098,0.1029999999999999,0.5839996337890625,0.8515018463134822,-0.0096324461343473,0.0,0.0124456104427949,-0.0022664155520796,0.0220391079720096,1.2827916444958607,0.0015175722954352,0.0100721015118807,0.0061108267212695,0.0027484056872701,47.75,1.0,-6.992483013074526e-05,0.0009231474631989,0.2392740054753777,0.0014288744887892,-1185.0,0.9861111111111112,0.1769560955825193,1.0,-0.1484272068229694,-0.003002421153559,-172171.0,0.1875,0.1441491765629305,-1.0
2016-10-20,4467.382,159.3708,391.988,3902.19975,16.00314732142857,1.76,97.42749786376952,105.5599500000003,-262.66764999999987,0.5719491647465436,-1.1545583062770568,0.0819999999999998,0.062,1.403497314453119,2.089498901367193,0.0061108267212695,0.9999999999753088,0.005151524787738,-0.0053768542239933,0.0174388507829688,0.3590096745578587,0.0021037444363007,0.0027484056872701,-0.0046745317518364,0.0116938384382782,-36.75,-1.0,4.503464385235629e-05,0.000870585445916,0.2612112899538774,0.0219372844784996,34849.0,0.993103448275862,0.1339875213468339,1.0,-0.1542249986586443,-0.0057977918356749,-182719.0,0.1655172413793103,0.1295739379010059,-1.0
2016-10-27,4454.326,146.68800000000002,429.027,3916.0232,16.634291938997823,1.768,98.0,13.823449999999866,-65.76680000000033,0.6311446175692517,-0.1699811887554823,0.008,0.0920000000000003,0.5725021362304688,2.184001159667972,-0.0046745317518364,0.0,0.0122364217252396,-0.0047378295017329,0.0095471552057799,1.4350408910584191,0.000337534333183,0.0116938384382782,-0.0169329073482428,0.0056886043921867,-132.5,-1.0,-2.6547919744815528e-05,0.00081584731662,0.2439971913614678,-0.0172140985924095,24156.0,0.9863013698630136,0.187420842985294,1.0,-0.1313869158193319,0.0228380828393123,-14052.0,0.4041095890410959,0.1212392645574857,0.0
2016-11-03,4453.087,168.2892,417.665,3878.611,15.429358407079643,1.784,98.7219985961914,-37.41220000000021,10.032599999999547,-1.2049335319181775,-0.2420670788814778,0.016,0.2039999999999999,0.7219985961914119,3.2819976806640625,-0.0169329073482428,0.0,0.0170945726356841,-0.0250316856780734,-0.014697876973326,0.6976378892799382,-0.0020075342139144,0.0056886043921867,0.0090022749431264,0.0205320257005518,69.25,1.0,-0.0001540844423356,0.0010337500485462,0.3106486706945775,0.0666514793331096,27567.0,0.9931972789115646,0.1798459023753292,1.0,-0.132884112305257,-0.001497196485925,21142.0,0.3809523809523809,0.1232605182037824,0.0
2016-11-10,4455.087,124.6826,376.217,3867.1328,17.631831896551724,1.832,97.81199951171877,-11.47819999999956,70.4930000000004,2.2024734894720783,2.200633739869696,0.048,0.1539999999999999,-0.9099990844726592,1.787998962402341,0.0090022749431264,0.5284178187371527,0.0209682094888395,-0.006686716150499,-0.0069091258036656,2.163217510763096,-0.0227212099053584,0.0205320257005518,0.0109189293651561,0.0136151135101291,84.75,1.0,4.619826635246347e-05,0.0030952492490846,0.3745114333290151,0.0638627626344375,47734.0,0.9932432432432432,0.1326026029505161,1.0,-0.1003996351855745,0.0324844771196824,134310.0,0.7635135135135135,0.0888850124752069,0.0
2016-11-17,4453.633,98.034,400.625,3954.1874,17.05461373390558,1.944,98.0,87.05459999999994,51.98765000000003,-0.5772181626461439,1.0514664124770086,0.1119999999999996,0.1839999999999997,0.1880004882812471,0.5725021362304688,0.0109189293651561,0.9999999999925374,0.0170776779455808,-0.0019397716793334,0.0073175428461389,1.3252615412162,0.0046775342297729,0.0136151135101291,0.0026763525138597,0.0096309204476345,21.0,0.0,0.0001305822261632,0.0012606449505697,0.3615480540668849,-0.0129633792621302,30441.0,0.9865771812080536,0.1108618539605698,1.0,-0.0676737545629263,0.0327258806226482,255810.0,0.959731543624161,0.0798861396559965,1.0
2016-11-24,4465.782,124.76775,399.665,3954.974,15.75074074074074,2.2425,100.4000015258789,0.7865999999999076,38.95080000000007,-1.3038729931648394,-0.8835511982570825,0.2985000000000004,0.4745000000000001,2.4000015258789062,2.4000015258789062,0.0026763525138597,0.6188679245189604,0.0084207181442643,0.0054313099041534,0.0106297568964963,0.8882166754394141,-0.0033438974177282,0.0096309204476345,-0.0143628852875754,0.0126185974768519,-113.0,-1.0,3.4328805009044295e-05,0.0006921910051769,0.1085501596843885,-0.2529978943824964,-46629.0,0.4133333333333333,0.1132115348487694,0.0,-0.0793257804582312,-0.0116520258953049,155955.0,0.9,0.0983719025084006,1.0
2016-12-01,4446.307,154.84160000000003,409.36,3941.34925,14.55700956937799,2.335,101.25,-13.624749999999947,62.738250000000335,-1.1937311713627494,-0.8723488377016544,0.0924999999999998,0.5509999999999999,0.8499984741210938,2.528001403808588,-0.0143628852875754,0.0,0.0178605970726674,0.0080597985050374,-0.0062473969179508,1.1238151735157036,-0.0111894334787079,0.0126185974768519,0.0163131085176349,0.0065526680420506,126.5,1.0,-0.0001487050951923,0.0009516442816359,0.123298987174064,0.0147488274896755,-67359.0,0.4768211920529801,0.1327288834970828,0.0,-0.0843876506969378,-0.0050618702387065,142497.0,0.8741721854304636,0.0962283654867335,1.0
2016-12-08,4448.618,178.785,343.355,3882.1054,14.445972540045767,2.3600000000000003,101.25800018310548,-59.24385000000029,14.972599999999602,-0.1110370293322233,-3.185859356505956,0.0250000000000003,0.5280000000000002,0.0080001831054659,3.446000671386713,0.0163131085176349,0.999999999991968,0.0157974876284735,0.0153638032660159,0.006288505123376,0.680083679245296,-0.0039706826411789,0.0065526680420506,0.0089138434208857,0.010890701926209,70.25,1.0,0.0001515069925759,0.0009291411743666,0.1038412121402046,-0.0194577750338593,-92019.0,0.375,0.1367144043496654,0.0,-0.0976201054694637,-0.0132324547725259,-928.0,0.7763157894736842,0.1098261074731823,0.0
2016-12-15,4470.973,196.5612,324.525,3926.478000000001,13.742371364653245,2.384,100.53999938964844,44.3726000000006,-27.70939999999973,-0.7036011753925226,-3.312242369252335,0.0239999999999995,0.4400000000000001,-0.7180007934570227,2.539999389648443,0.0089138434208857,0.9614035087584364,0.0089608552114447,0.0133499012298476,0.0059461682006516,1.105002433486298,0.0033865188242911,0.010890701926209,0.000220091180632,0.0052602926878786,1.75,0.0,8.090475714289138e-05,0.0009671580139807,0.028856934909613,-0.0749842772305915,-100808.0,0.1699346405228758,0.0708696421897436,-1.0,-0.08209143996283,0.0155286655066337,-52188.0,0.8823529411764706,0.0831992649887317,1.0
2016-12-22,4469.089,269.68,388.497,3949.8868,14.474666666666666,2.516,101.73799896240234,23.40879999999925,-5.087200000000394,0.7322953020134211,-1.2760740740740744,0.1320000000000001,0.2734999999999998,1.1979995727539006,1.3379974365234375,0.000220091180632,0.5155279502977509,0.0050609832767509,0.0108674928503336,0.011542497376705,0.5562013811269689,0.000131430838403,0.0052602926878786,-0.0022632968691059,0.0067684650477734,-18.0,0.0,-3.948151184170974e-06,0.0005534669547974,0.0927290969899665,0.0638721620803534,-9.0,0.3246753246753247,0.0388561872909699,0.0,-0.0931305096947024,-0.0110390697318724,-84527.0,0.8181818181818182,0.0984835431983667,1.0
2016-12-29,4451.451,311.272,380.679,3810.912,14.464757505773672,2.562,103.097998046875,-138.97479999999996,-130.4372500000004,-0.0099091608929935,-0.0922520636043184,0.0459999999999998,0.2269999999999998,1.359999084472662,1.8479980468750057,-0.0022632968691059,0.0,0.0053875236294896,0.0232768070152813,0.0057034220532319,0.6997533091511237,0.0026125896557167,0.0067684650477734,0.0054820415879017,0.012449133517052,43.5,1.0,2.029386792387984e-06,0.0008057021301705,0.1325397826596262,0.0398106856696596,-1479.0,0.535483870967742,0.181103461947413,0.0,-0.0811769846838957,0.0119535250108067,32405.0,0.8903225806451613,0.1565125627594009,1.0
2017-01-05,4453.101,313.87225,387.989,3759.5,14.352735294117648,2.53,102.99250030517578,-51.41199999999981,-122.60539999999992,-0.1120222116560238,-0.093237245928119,-0.032,0.1699999999999994,-0.1054977416992244,1.7345001220703151,0.0054820415879017,0.9999999999897958,0.0122830105909632,0.0123715264560335,0.0210519580240593,1.2612170320329812,-0.0013776466080892,0.012449133517052,0.0091182553111486,0.005389367225744,72.75,1.0,3.729436988604622e-05,0.0009570637103548,0.1810419739662479,0.0485021913066216,14117.0,0.7435897435897436,0.1653201188943008,0.0,-0.0623833817627685,0.0187936029211271,128979.0,0.9743589743589745,0.1409741342156773,1.0
2017-01-12,4452.509,176.3856,372.492,3751.2397499999993,13.863809523809524,2.4325,102.45499801635742,-8.260250000000724,-175.23825000000124,-0.4889257703081249,0.1214381591562787,-0.0974999999999997,0.0485000000000002,-0.5375022888183594,1.9149986267089787,0.0091182553111486,0.7235294117476817,0.0052786834342493,0.0125766388932557,0.024104048080898,0.5340866443163803,0.0093836950563265,0.005389367225744,0.0023288309268747,0.0056819741966554,18.75,0.0,8.479602422770007e-05,0.0006469182669317,0.1437486662921397,-0.0372933076741081,25673.0,0.5769230769230769,0.148012176480579,0.0,-0.0357592193126383,0.0266241624501301,149979.0,0.9871794871794872,0.1447839788683561,1.0
2017-01-19,4460.758,113.4385,366.09,3903.6314,13.82367205542725,2.384,101.85800018310547,152.39165000000094,-46.255399999999554,-0.040137468382273,-0.6509946112394154,-0.0485000000000002,-0.1320000000000001,-0.5969978332519474,0.1200012207031306,0.0023288309268747,0.6309523809223356,0.0026022304832713,0.014711429649189,0.0313099041533546,0.5925004852255054,0.0030368581859242,0.0056819741966554,0.0116790582403965,0.005967898102118,94.25,1.0,2.6159493906913935e-05,0.0006382012188851,0.1026220533414972,-0.0411266129506424,-4932.0,0.3782051282051282,0.1639233553638639,0.0,-0.0678244299879016,-0.0320652106752632,123600.0,0.9423076923076924,0.1665096395132111,1.0
2017-01-26,4452.838,123.6648,390.842,3981.2295,14.214468085106384,2.405,100.89750099182127,77.59809999999925,170.31749999999963,0.3907960296791337,-0.2502894206672881,0.0210000000000003,-0.1569999999999995,-0.9604991912841854,-2.2004970550537166,0.0116790582403965,0.9999999999888268,0.0109624276571638,0.0288909892879647,0.0613259668508288,0.6208091334870667,0.0001654633418046,0.005967898102118,-0.0020516275224301,0.0079091377890683,-16.75,0.0,9.142679360870798e-05,0.0005836795592934,0.1196500039933621,0.0170279506518649,-2452.0,0.4807692307692308,0.1643490375997231,0.0,-0.0947786515266927,-0.026954221538791,-42549.0,0.782051282051282,0.1854359816547119,0.0
2017-02-02,4453.881,127.0596,374.841,3938.3312,13.282286995515694,2.48,100.33199920654296,-42.89829999999938,178.83120000000008,-0.9321810895906903,-1.0704482986019546,0.0749999999999997,-0.0499999999999998,-0.5655017852783146,-2.660501098632807,-0.0020516275224301,0.3668341708468978,0.006106167536054,0.0211819264272732,0.0496988436886012,0.9238363546780124,0.0044276650088718,0.0079091377890683,0.0099723841669223,0.0022723372037165,81.25,1.0,-2.603870677785288e-05,0.0008465723653361,0.1342405312522374,0.0145905272588752,-10627.0,0.5576923076923077,0.1372028710531968,0.0,-0.0903975554778012,0.0043810960488915,-87575.0,0.8141025641025641,0.1915965367410181,1.0
2017-02-09,4456.236,116.3016,305.735,3951.980400000001,12.859604395604396,2.478,99.99199981689452,13.649200000000748,200.74065000000155,-0.4226825999112993,-1.004205128205129,-0.0019999999999997,0.0455,-0.3399993896484403,-2.462998199462888,0.0099723841669223,0.9999999999825328,0.0069573142943946,0.0220462661077471,0.0487159880201364,0.298365256456163,-0.0001624532350341,0.0022723372037165,0.0107245936503113,0.0047450181665191,88.25,1.0,0.0001039141343899,0.000506593946937,0.1480318539969021,0.0137913227446647,2162.0,0.6282051282051282,0.1556123307966866,0.0,-0.0761634323958631,0.014234123081938,-115707.0,0.903846153846154,0.2014417398078384,1.0
2017-02-16,4454.676,94.0742,309.919,4034.1994,13.041961722488038,2.41,100.19400177001953,82.21899999999914,130.56799999999976,0.1823573268836433,-0.7817103329392125,-0.068,0.0260000000000002,0.2020019531249914,-1.6639984130859489,0.0107245936503113,0.8858858858752445,0.0100096188529517,0.0306071871127633,0.0571337782014618,0.6582258682797242,-0.003670799823777,0.0047450181665191,0.0037874233497654,0.0051944496776911,31.5,1.0,8.124361145047954e-05,0.0004284986862099,0.0858024558147564,-0.0622293981821456,-2914.0,0.2948717948717949,0.14973564384212,0.0,-0.0829958715716952,-0.006832439175832,-47811.0,0.8461538461538461,0.1970476824473289,1.0
2017-02-23,4468.702,168.87775,258.292,4050.682800000001,12.96363436123348,2.454,100.9260009765625,16.48340000000053,69.45330000000104,-0.0783273612545585,-1.2508337238729048,0.0439999999999995,0.0489999999999994,0.7319992065429801,0.0284999847412166,0.0037874233497654,0.2475247524654445,0.0030244954183386,0.0225679027467311,0.0766006834741117,0.7882177323594773,-0.0021470395383398,0.0051944496776911,0.0039228603940828,0.0079164523566945,32.75,1.0,2.63592081815494e-05,0.0005077716864557,0.0758175589463933,-0.0099848968683631,-9615.0,0.2628205128205128,0.1472960690752101,0.0,-0.0715464501604414,0.0114494214112538,50455.0,0.9102564102564102,0.19852595970824,1.0
2017-03-02,4458.018,168.6134,175.496,4041.5322500000007,13.154474327628362,2.4125,101.17500114440918,-9.15054999999984,103.20105000000058,0.1908399663948827,-0.1278126678873317,-0.0414999999999996,-0.0674999999999999,0.249000167846674,0.8430019378662053,0.0039228603940828,0.6046511627794484,0.0064131245339299,0.0286897821417613,0.0634754472782641,1.1808957568225664,-0.0026605869383384,0.0079164523566945,0.0002386278896346,0.0029512626419941,2.0,0.0,2.752119042356041e-05,0.0006303027796234,0.0811076959804243,0.005290137034031,-10973.0,0.282051282051282,0.1275316846920201,0.0,-0.0545815510392108,0.0169648991212306,92564.0,0.967948717948718,0.2152635047018538,1.0
2017-03-09,4459.84,207.4404,88.22,4113.9086,13.255100222717148,2.396,101.46399841308592,72.37634999999909,161.92819999999892,0.1006258950887861,0.3954958271127538,-0.0165000000000001,-0.0820000000000003,0.2889972686767521,1.4719985961913975,0.0002386278896346,0.7640449437858856,0.0026541019294426,0.018775634209327,0.054331080018865,0.4884458521374732,0.0055898552743285,0.0029512626419941,0.0050398115289416,0.0048730850781476,42.25,1.0,3.313759441665068e-05,0.0006389402009373,0.1102779832733564,0.0291702872929321,-8785.0,0.4615384615384615,0.0899192924822054,0.0,-0.0585700121666012,-0.0039884611273904,33670.0,0.9615384615384616,0.2134996348095027,1.0
2017-03-16,4469.577,220.486,38.579,4164.1796,12.732039911308204,2.534,101.78199920654296,50.27099999999973,129.9801999999995,-0.5230603114089458,-0.3099218111798354,0.1379999999999999,0.1239999999999996,0.3180007934570312,1.5879974365234375,0.0050398115289416,0.8740740740481757,0.0040056969912764,0.013045569315859,0.0594115428140324,0.8108454177044485,-0.0006817939364724,0.0048730850781476,-0.0071805827547326,0.0109011922372548,-60.5,-1.0,3.2170065578076266e-05,0.0005176530675639,0.077475670138296,-0.0328023131350604,-1729.0,0.282051282051282,0.0469737066757725,0.0,-0.0240469612960466,0.0345230508705546,162169.0,0.9871794871794872,0.1959552234972351,1.0
2017-03-23,4478.236,239.2606,70.827,4210.512000000001,13.648423423423422,2.568,101.06799774169922,46.33240000000114,159.82920000000013,0.9163835121152192,0.6847890621899424,0.0340000000000002,0.1140000000000003,-0.7140014648437472,0.1419967651367102,-0.0071805827547326,0.2024922118354829,0.009593544530783,0.0019764029466371,0.0541902961562696,1.715568033489265,0.0060655750104027,0.0109011922372548,0.0099222952779438,0.0038812705716397,83.0,1.0,-4.847153935486964e-05,0.0009031901767059,0.0111060773190461,-0.0663695928192499,-13968.0,0.1474358974358974,0.0369130160731169,-1.0,-0.0329416666690191,-0.0088947053729725,99252.0,0.9807692307692308,0.193249007800681,1.0
2017-03-30,4469.618,224.9352,65.187,4168.1484,13.502101769911503,2.442,99.99200134277343,-42.36360000000059,126.61614999999938,-0.1463216535119169,0.3476274422831427,-0.1259999999999999,0.0295,-1.0759963989257812,-1.182999801635745,0.0099222952779438,0.9999999999829788,0.0069543087121212,0.0079642058165547,0.0588456476781349,0.6881335116665601,0.0014892860704747,0.0038812705716397,-0.0017459753787878,0.0039156210602653,-14.75,0.0,6.463385416365326e-05,0.0007711964452765,0.0740458271174508,0.0629397497984047,-1356.0,0.2628205128205128,0.1956033456812886,0.0,-0.0895871223109881,-0.0566454556419689,-90107.0,0.7756410256410257,0.2175421762028028,0.0
2017-04-06,4474.634,216.0254,89.21,4179.495800000001,13.401601830663616,2.402,99.78399963378908,11.347400000000562,65.58720000000085,-0.1004999392478893,0.1465016079464671,-0.04,0.0060000000000002,-0.2080017089843693,-1.6799987792968665,-0.0017459753787878,0.2342342342257933,0.0032905463492722,0.0059642739987475,0.0474460487501939,0.7096762766608729,0.0019232796771042,0.0039156210602653,-0.0075593632348145,0.0033625289514179,-63.75,-1.0,-2.075845712560688e-05,0.0008705700987121,0.1004351312075099,0.0263893040900591,-2334.0,0.4166666666666667,0.2258631633454156,0.0,-0.0783013815443971,0.011285740766591,-43290.0,0.8461538461538461,0.2240992923289708,1.0
2017-04-13,4484.492,114.63975,122.218,4169.3986,13.358784403669723,2.358,100.53199920654296,-10.097200000001068,5.219000000000051,-0.0428174269938903,0.6267444923615226,-0.0440000000000004,-0.1760000000000001,0.7479995727538977,-1.25,-0.0075593632348145,0.0,0.0075572017444291,-0.0066464898225624,0.0371127633209418,0.6315571623843799,0.0014334425205811,0.0033625289514179,0.0100065714797776,0.0063284149208546,83.75,1.0,-5.803448262166898e-05,0.0008998193740333,0.1377525946055332,0.0373174633980232,15204.0,0.6217948717948718,0.1786467991261145,0.0,-0.0675099333431232,0.0107914482012738,-114918.0,0.9230769230769232,0.2297035435495216,1.0
2017-04-20,4479.27,104.76625,164.543,4247.63425,14.455542452830189,2.318,100.8499984741211,78.23565000000053,37.12224999999944,1.0967580491604618,0.8071190294067652,-0.0399999999999995,-0.25,0.3179992675781307,-0.2179992675781221,0.0100065714797776,0.9999999999813084,0.0063289267441516,0.0105499103407054,0.0353982300884956,1.1819465864108447,0.0015371219939943,0.0063284149208546,0.0175376334545884,0.0088699729200856,148.25,1.0,0.0001088123799408,0.0006236117999254,0.150323462048459,0.0125708674429257,34028.0,0.6858974358974359,0.1819222887451279,0.0,-0.0633259032289249,0.0041840301141983,-66067.0,0.935897435897436,0.2300819090182387,1.0
2017-04-27,4470.142,124.4586,234.219,4209.960750000001,14.461841432225064,2.2225,99.82999992370604,-37.67349999999897,41.81235000000106,0.0062989793948773,0.9597396623135594,-0.0954999999999999,-0.2195,-1.019998550415039,-0.1620014190673799,0.0175376334545884,0.9999999999932888,0.0173225600186014,0.0181699810606059,0.0557226142988647,1.6322198135997965,0.0058828215598245,0.0088699729200856,0.0040399930244725,0.0074986073303449,34.75,1.0,0.0001429529559411,0.000711172464717,0.1994634709902289,0.0491400089417698,33262.0,0.8589743589743589,0.1523076621825373,1.0,-0.0677006298634204,-0.0043747266344954,59516.0,0.903846153846154,0.2262511792578194,1.0
2017-05-04,4471.246,173.497,244.655,4111.4644,12.765536105032824,2.298,99.18600006103516,-98.49635000000126,-68.03140000000076,-1.69630532719224,-0.6360657256307913,0.0754999999999999,-0.104,-0.6439998626708956,-0.5979995727539062,0.0040399930244725,0.7637130801558868,0.0068606165870603,0.024071384104586,0.0495214947592284,1.2774844044899367,0.0042094127618719,0.0074986073303449,0.0052105948762484,0.0031844215156762,45.0,1.0,2.992773599328287e-05,0.0005614079940217,0.2214072885629154,0.0219438175726865,36807.0,0.9102564102564102,0.1693424867846137,1.0,-0.0687270409061008,-0.0010264110426804,22779.0,0.8782051282051282,0.2505403931165354,1.0
2017-05-11,4473.459,167.0344,199.013,4053.094,11.984764150943397,2.32,99.0280014038086,-58.370400000000245,-116.30459999999994,-0.7807719540894276,-1.3740202527263286,0.0219999999999997,-0.0379999999999998,-0.157998657226571,-1.503997802734375,0.0052105948762484,0.8035714285427296,0.0032253419726421,0.0372483421948741,0.0437958398460982,0.5547991819293575,0.0033466619778328,0.0031844215156762,-0.0046364290856731,0.0200975897451093,-40.25,-1.0,4.5338504450858464e-05,0.0004910191649229,0.1817662293892892,-0.0396410591736262,16263.0,0.7884615384615384,0.1706224333918242,0.0,-0.0709374663012639,-0.002210425395163,-17223.0,0.8589743589743589,0.2575893356662859,1.0
2017-05-18,4467.108,164.56480000000002,186.08,4107.4116,12.11585152838428,2.394,99.33600006103516,54.317600000000766,-140.2226499999997,0.1310873774408829,-2.3396909244459074,0.0740000000000002,0.076,0.3079986572265625,-1.5139984130859432,-0.0046364290856731,0.3556701030903391,0.0168383288971183,0.0222103924526069,0.0350362340540217,2.8786090935264275,0.0046658964957221,0.0200975897451093,0.01753269297535,0.0047332088101194,151.5,1.0,-3.210839471441793e-05,0.0010287076879723,0.1851930238861721,0.0034267944968829,12465.0,0.8205128205128205,0.1802137985066036,1.0,-0.0640459564595988,0.006891509841665,-11813.0,0.9294871794871796,0.2116625181122091,1.0
2017-05-25,4470.852,180.9132,167.165,4116.4632,12.830065075921908,2.29,98.31399993896484,9.05159999999978,-93.49755000000096,0.7142135475376286,-1.6317763563031562,-0.104,0.0674999999999999,-1.0220001220703097,-1.5159999847412138,0.01753269297535,0.9999999999922332,0.0146431617856127,0.0222054292855897,0.0490678598061149,0.7047207941184118,0.0004605632271639,0.0047332088101194,0.0045493318168894,0.0033862872858735,40.0,1.0,0.0001547606179354,0.0006345637554208,0.126173780657206,-0.059019243228966,-16870.0,0.5064102564102564,0.1736361918943847,0.0,-0.0727567025886534,-0.0087107461290546,-25621.0,0.8397435897435898,0.2032802136790612,1.0
2017-06-01,4459.914,192.50925,170.984,4122.7738,12.392159827213822,2.256,97.19400024414062,6.310599999999795,11.309400000000096,-0.4379052487080859,-0.3733762778190019,-0.0340000000000002,-0.0420000000000002,-1.119999694824216,-1.991999816894534,0.0045493318168894,0.9999999999666668,0.0033965468440418,0.0227239832103054,0.0535890018787463,0.5014728369272828,-0.0008220487957837,0.0033862872858735,0.0071327483724878,0.0079327934301779,63.0,1.0,5.611122347022164e-05,0.0006735919686482,0.1212801942200296,-0.0048935864371763,-28087.0,0.4935897435897436,0.1510793496885744,0.0,-0.0625393735541314,0.010217329034522,11113.0,0.935897435897436,0.2022453756636092,1.0
2017-06-08,4462.443,162.4746,152.444,4096.420749999999,11.86875,2.22,97.19999885559082,-26.35305000000062,43.32674999999972,-0.5234098272138219,-0.1160141509433962,-0.036,-0.1,0.0059986114501953,-1.828002548217768,0.0071327483724878,0.956043956001932,0.0025574728795458,0.0246796256299495,0.0557830395822207,1.1320176048389603,0.0061309953046191,0.0079327934301779,-0.0197571805969309,0.0160523205755058,-175.75,-1.0,4.396941699635795e-05,0.0006889386245037,0.1470847655725387,0.025804571352509,-9096.0,0.6346153846153846,0.1496945564625899,0.0,-0.0594440093437381,0.0030953642103932,26395.0,0.9423076923076924,0.2052751487218138,1.0
2017-06-15,4476.269,154.9898,153.646,4147.524399999999,11.762885462555069,2.168,96.76600036621092,51.103650000000016,40.11279999999897,-0.1058645374449334,-0.3529660658292126,-0.0519999999999996,-0.2259999999999999,-0.4339984893798885,-2.5699996948242188,-0.0197571805969309,0.0,0.0057341093494652,0.0091135285267909,0.0424088463837417,2.1584635970353303,-0.020424347638879,0.0160523205755058,0.0087731873046819,0.0136850986398911,76.5,1.0,-0.0001646660108833,0.0016322798876887,0.1642600077164886,0.0171752421439498,2064.0,0.6987179487179487,0.1461610469124558,0.0,-0.0577872265408839,0.0016567828028541,12972.0,0.9487179487179488,0.1951003050694608,1.0
2017-06-22,4474.257,182.3142,212.275,4167.6332,12.331208053691276,2.188,97.1520004272461,20.108800000000883,51.17000000000007,0.5683225911362086,-0.4988570222306325,0.0199999999999995,-0.1020000000000003,0.3860000610351619,-1.1619995117187472,0.0087731873046819,0.9084821428490314,0.0127326985931504,0.0004264998578333,0.0412227746212121,1.6580149545513303,0.0088565275830384,0.0136850986398911,-0.0150916583771493,0.0215605383654518,-132.75,-1.0,6.964914382619891e-05,0.0009455414466959,0.0966613495153212,-0.0675986582011674,9265.0,0.3397435897435897,0.0779680301627494,0.0,-0.0512871832294398,0.0065000433114441,44945.0,0.9551282051282052,0.1799859235482795,1.0
2017-06-29,4463.347,226.526,208.365,4079.6678,12.12066371681416,2.164,97.50800018310548,-87.9654000000005,-43.10600000000022,-0.2105443368771169,-0.2714961103996636,-0.0239999999999995,-0.0919999999999996,0.3559997558593721,0.3139999389648409,-0.0150916583771493,0.0,0.0183817163963756,-0.0191338805547692,0.027302641330448,2.2171780639863505,-0.0111743388238904,0.0215605383654518,-0.0064927569688925,0.0150390870507407,-56.25,-1.0,-0.0001515389437542,0.0014045597000446,0.1566914641770809,0.0600301146617597,11840.0,0.6794871794871795,0.2069573524969618,0.0,-0.0969574830666452,-0.0456702998372054,-81902.0,0.6089743589743589,0.2583080875840473,0.0
2017-07-06,4467.272,271.14725,177.006,4028.456,11.865496688741722,2.198,96.5760009765625,-51.21179999999959,-67.96474999999919,-0.2551670280724369,-0.0032533112582786,0.0339999999999998,-0.0219999999999997,-0.9319992065429688,-0.6239978790283232,-0.0064927569688925,0.1181102362186124,0.0073775015248772,-0.032404024506773,0.0284067148575184,1.405868797397115,-0.0026437066802137,0.0150390870507407,0.0233233611199861,0.0058055393260056,200.75,1.0,-3.953261989692961e-05,0.0011989674855254,0.1368851484178787,-0.0198063157592021,-1389.0,0.5641025641025641,0.1659251019651464,0.0,-0.0789073204923649,0.0180501625742802,-43498.0,0.7692307692307693,0.2310053095117481,0.0
2017-07-13,4466.702,178.852,171.033,4019.11875,12.33579572446556,2.34,95.99250030517578,-9.33725000000004,-128.40564999999924,0.470299035723837,0.5729102619104918,0.1419999999999999,0.1719999999999997,-0.5835006713867159,-0.7735000610351506,0.0233233611199861,0.9999999999929454,0.0160933242506812,0.0101207030018062,0.0419661077100523,0.5449272050033382,0.0108916097550133,0.0058055393260056,0.0145038601271572,0.0041015933428079,127.75,1.0,0.0001953981787776,0.0008543480913137,,,,,,,,,,,,
2017-07-20,4476.903,137.4792,180.4,4116.817,12.360558035714286,2.364,95.86400146484377,97.69824999999992,-50.81620000000021,0.0247623112487271,0.0293499820230103,0.024,0.1760000000000001,-0.1284988403320284,-1.287998962402341,0.0145038601271572,0.9999999999878048,0.0091766219959152,0.0158590308370043,0.0388595012497821,0.3999048234417712,0.0059582698176907,0.0041015933428079,-0.0017625828833617,0.0054589977033132,-15.75,0.0,0.0001157672577217,0.0006821486792271,0.0734089488255782,-0.016336001352248,-22778.0,0.2115384615384615,0.1156702688220059,0.0,-0.0433560179663136,0.0027186395696138,54760.0,0.9615384615384616,0.2421961593260628,1.0
2017-07-27,4465.284,98.2644,191.404,4159.023800000001,11.790174672489082,2.29,94.79400024414062,42.20680000000084,79.35600000000113,-0.5703833632252042,-0.330489044325077,-0.0739999999999998,0.1259999999999999,-1.0700012207031335,-2.7139999389648466,-0.0017625828833617,0.0,0.0043161434977578,0.0296069717781497,0.0328556954696772,0.5412205766175365,-0.0020093745911603,0.0054589977033132,-0.0021860986547085,0.0050691741573607,-19.5,0.0,-3.926025808061572e-05,0.0010492849077376,0.1083226930592492,0.034913744233671,-13900.0,0.3974358974358974,0.1161635756964382,0.0,-0.0495974913686872,-0.0062414734023735,129363.0,0.9423076923076924,0.2463032312903576,1.0
2017-08-03,4466.846,123.6696,180.348,4175.615599999999,11.290228310502282,2.288,93.9000015258789,16.59179999999833,147.15959999999905,-0.4999463619867992,-0.5752683782394392,-0.0020000000000002,0.0899999999999998,-0.8939987182617131,-2.675999450683591,-0.0021860986547085,0.2654867256543191,0.0031739789899443,0.034070115309768,0.0252555795536357,0.494866475039563,-0.0021038550491488,0.0050691741573607,-0.0112634121678557,0.016443754663021,-100.25,-1.0,1.546288513130004e-05,0.0010473107283915,0.1551194803852316,0.0467967873259823,5885.0,0.6666666666666666,0.0824492186827007,0.0,-0.0526019207908298,-0.0030044294221426,69379.0,0.9294871794871796,0.2548664897145319,1.0
2017-08-10,4469.083,99.1348,149.862,4162.828399999999,11.344215246636772,2.274,92.95800018310548,-12.787199999999755,143.70964999999933,0.0539869361344891,-0.9915804778287872,-0.0139999999999997,-0.0659999999999998,-0.9420013427734376,-3.0345001220703125,-0.0112634121678557,0.0,0.0163915797846652,-0.0008798819255222,0.0184295799097327,1.6544622629127372,4.888539497427402e-06,0.016443754663021,0.001193147921934,0.0189668723547296,10.5,0.0,-0.0001186438096611,0.0009337300519001,0.1158056154179801,-0.0393138649672515,7690.0,0.4423076923076923,0.0816014972626459,0.0,-0.0788362769700816,-0.0262343561792518,-109793.0,0.7435897435897436,0.2625495408867974,0.0
2017-08-17,4462.871,82.604,130.954,4220.0862,12.2570989010989,2.252,93.50599975585938,57.25780000000032,103.26919999999971,0.912883654462128,-0.1034591346153863,-0.0220000000000002,-0.1120000000000001,0.5479995727539091,-2.358001708984375,0.001193147921934,0.0,0.0139885934795562,-0.0139887530425537,0.0020756326414557,1.7048611351057443,0.0038551560743339,0.0189668723547296,0.0045682830633033,0.0112382357395139,40.25,1.0,4.46671504617944e-05,0.0009363908142678,0.0952317412450712,-0.0205738741729088,7999.0,0.3141025641025641,0.07362880036294,0.0,-0.087623741864698,-0.0087874648946164,-149478.0,0.6602564102564102,0.2723912512120849,0.0
2017-08-24,4463.837,147.9942,82.077,4249.313,13.68483660130719,2.22,93.49799957275393,29.226800000000367,90.28919999999924,1.42773770020829,1.894661928818108,-0.032,-0.0700000000000002,-0.0080001831054659,-1.2960006713867074,0.0045682830633033,0.5502958579816533,0.0095469438481527,-0.0077354260089685,0.0020945372204925,0.9540502834826776,0.0008148424093705,0.0112382357395139,0.0169754829962716,0.0080488998253488,150.25,1.0,2.6503549777959333e-05,0.0011549819268936,0.0828490774346667,-0.0123826638104045,-5647.0,0.25,0.0616674269319,0.0,-0.0487468489584978,0.0388768929062002,-9782.0,0.9423076923076924,0.2573369513712953,1.0
2017-08-31,4452.36,146.1858,61.057,4233.7658,13.814381778741868,2.19,93.3020004272461,-15.547199999999975,58.15020000000095,0.1295451774346769,2.524153468239584,-0.0299999999999998,-0.0979999999999998,-0.1959991455078125,-0.5980010986328068,0.0169754829962716,0.9999999999939668,0.0184141091515067,0.0113195887871468,0.0118880332752515,0.6827364219459846,0.0072530299465791,0.0080488998253488,-0.0023052353839744,0.0075622383772354,-20.75,0.0,0.0001542103646648,0.0010047687197732,0.0048344046192395,-0.0780146728154272,-43598.0,0.1282051282051282,0.037670906416821,-1.0,-0.0343884519733017,0.0143583969851961,46480.0,0.9743589743589745,0.2411599659987977,1.0
2017-09-07,4453.474,133.2045,37.563,4245.1172,13.228577586206898,2.146,92.56999816894532,11.351399999999558,82.28880000000026,-0.5858041925349688,1.884362339570126,-0.044,-0.1280000000000001,-0.7320022583007812,-0.3880020141601505,-0.0023052353839744,0.6275510203953562,0.00545626635488,0.0204823726598675,0.0299033802574615,0.6824096884098675,-0.0011530668381757,0.0075622383772354,-0.0029786760202661,0.0101554660755458,-26.75,0.0,-3.4491222827269005e-05,0.0008337217162657,-0.0218395704277159,-0.0266739750469555,-40261.0,0.0961538461538461,0.0214304867064979,-1.0,-0.0220175805015704,0.0123708714717312,168521.0,0.9871794871794872,0.2353602597302675,1.0
2017-09-14,4471.174,116.013,70.232,4282.7065,13.110894495412843,2.095,92.23499870300292,37.58930000000055,62.6203000000005,-0.1176830907940527,0.8537955943139455,-0.0510000000000001,-0.157,-0.3349994659423885,-1.2710010528564482,-0.0029786760202661,0.4137931034419342,0.0072874493927125,0.016230173367761,0.0179053573966179,0.9414076414486924,-0.0103940175379393,0.0101554660755458,-0.0028479687281864,0.0057106194092132,-25.5,0.0,-1.820935643156199e-05,0.0006818552229731,-0.0207317029841572,0.0011078674435587,-34383.0,0.1025641025641025,0.0347411468344625,-1.0,-0.0367112927932517,-0.0146937122916812,150657.0,0.9551282051282052,0.2322271619809083,1.0
2017-09-21,4458.576,145.2346,127.782,4284.929,13.342091503267977,2.154,91.94800109863282,2.2224999999998545,35.615999999999985,0.2311970078551297,-0.3427450980392148,0.0590000000000001,-0.0659999999999998,-0.2869976043701143,-1.5499984741210966,-0.0028479687281864,0.0,0.0057962086635118,0.0087278273641395,0.0305592428002539,0.6032319062563871,-0.0050561964209975,0.0057106194092132,-0.0007560272169797,0.0098971869820914,-6.75,0.0,-4.6320990083182286e-05,0.0009399478621605,0.0036979891659818,0.024429692150139,-23741.0,0.141025641025641,-0.0032367887031042,-1.0,-0.0393212456249705,-0.0026099528317188,9096.0,0.9423076923076924,0.2287717316370611,1.0
2017-09-28,4455.661,183.7134,164.652,4185.5594,12.515098039215689,2.244,92.09600219726562,-99.3696,-48.20640000000003,-0.826993464052288,-1.2992837395261798,0.0900000000000003,0.0540000000000002,0.1480010986328039,-1.20599822998048,-0.0007560272169797,0.9612403100626165,0.0072297259429468,-0.0088598805721427,0.0365099189636644,1.0950378109611063,-0.0029593893844352,0.0098971869820914,0.0142632965308524,0.0066626678668411,127.25,1.0,1.88250331005982e-05,0.0007589005840138,0.0816705213671337,0.0779725322011519,20191.0,0.2692307692307692,0.0773320937825949,0.0,-0.0952578483099059,-0.0559366026849353,-183307.0,0.5641025641025641,0.3263056464602603,0.0
2017-10-05,4460.422,199.9274,160.433,4107.2956,12.28827664399093,2.268,92.8479995727539,-78.26379999999972,-137.8215999999993,-0.226821395224757,-0.940300942215968,0.0239999999999995,0.1219999999999998,0.7519973754882869,0.278001403808588,0.0142632965308524,0.9999999999882696,0.0094211907722061,0.0075997995657257,0.0273331062670298,0.731386339293083,0.0005022021574301,0.0066626678668411,0.0009946125155408,0.0022918217538472,9.0,0.0,0.0001216865420301,0.0006433170469348,0.0267951879249794,-0.0548753334421543,13525.0,0.1794871794871795,0.0486550100874243,-1.0,-0.0928458412003788,0.0024120071095271,-211444.0,0.5897435897435898,0.3081705516636963,0.0
2017-10-12,4459.415,118.5135,169.766,4100.0616,11.392780373831776,2.336,93.5259994506836,-7.234000000000378,-182.64490000000023,-0.8954962701591551,-1.7181141215810705,0.068,0.2410000000000001,0.6779998779296932,1.2910007476806695,0.0009946125155408,0.5753424657218991,0.0020148491623195,0.0116152450090745,0.0136530229695324,0.255817142278571,0.001155255085822,0.0022918217538472,0.0025392619579918,0.0046620326451644,23.0,0.0,1.429216593728208e-05,0.000504187937692,0.0111255234777452,-0.0156696644472342,8837.0,0.1666666666666666,0.0550272393729385,-1.0,-0.0708988942654393,0.0219469469349394,-91485.0,0.7692307692307693,0.2810754089133774,0.0
2017-10-19,4469.723,98.7498,178.974,4171.1355,12.128275058275058,2.35,93.38200073242189,71.07390000000032,-113.79349999999975,0.7354946844432835,-1.2138164449929167,0.0140000000000002,0.1960000000000001,-0.1439987182617272,1.4339996337890568,0.0025392619579918,0.0,0.0028631996255815,0.0170806149021365,0.0180213004484304,0.5242707508156075,-0.000995442412188,0.0046620326451644,-0.0014315998127908,0.0068921472103291,-13.0,0.0,3.4739951893645606e-05,0.0007257545256764,0.0417174695891343,0.030591946111389,10447.0,0.2051282051282051,0.0455312331641477,0.0,-0.061377355724594,0.0095215385408453,-43189.0,0.8653846153846154,0.2774925480103595,1.0
2017-10-26,4461.117,104.0838,196.332,4191.9992,11.712040358744394,2.31,93.297998046875,20.86369999999988,6.439800000000105,-0.4162346995306638,-0.8030576804712926,-0.0400000000000004,0.0659999999999993,-0.0840026855468778,1.201995849609375,-0.0014315998127908,0.4354838709583767,0.0051280637423837,0.0163929832427283,0.0187910791528564,0.76204078091515,-0.0017518047439467,0.0068921472103291,0.01665242204516,0.0142183135541707,151.0,1.0,-1.4655764746146252e-05,0.0009114827891139,0.0585521047661111,0.0168346351769768,-5305.0,0.2243589743589743,0.0397181915134279,0.0,-0.0601817146914491,0.0011956410331448,108946.0,0.8653846153846154,0.2699068061556354,1.0
2017-11-02,4455.887,105.5156,193.546,4160.7012,11.736880530973451,2.418,93.98399963378908,-31.298000000000684,53.40559999999914,0.0248401722290569,-0.5513961130174785,0.1080000000000005,0.1500000000000003,0.6860015869140739,1.136000061035162,0.01665242204516,0.5942028985335014,0.0037423728813559,0.0187871252935487,0.0475554671742279,1.60497956165113,0.0117708599452881,0.0142183135541707,0.0085423728813558,0.0073170333537963,78.75,1.0,0.0001446698322228,0.0008111700239502,0.0686209956771921,0.010068890911081,12004.0,0.2307692307692307,0.0387585525750765,0.0,-0.0518108398973953,0.0083708747940537,120302.0,0.8974358974358975,0.262081041959924,1.0
2017-11-09,4458.552,62.235,177.78,4156.8254,11.45096109839817,2.378,94.69400024414062,-3.875799999999799,56.76379999999972,-0.2859194325752821,0.0581807245663945,-0.04,0.0420000000000002,0.7100006103515568,1.1680007934570256,0.0085423728813558,0.4705882352848904,0.00548534552299,0.0264690458447185,0.0552450131941095,0.9276092950527948,0.0062329040591848,0.0073170333537963,0.0028502285560634,0.0097881629338221,26.5,0.0,6.250476150277961e-05,0.0008235757167058,0.0955861805238928,0.0269651848467006,22994.0,0.3653846153846153,0.052639319909988,0.0,-0.0377755713768098,0.0140352685205854,93222.0,0.9487179487179488,0.2533112484099012,1.0
2017-11-16,4448.289,32.576,174.631,4218.537,11.773130630630632,2.326,94.7760025024414,61.711600000000544,47.40149999999994,0.3221695322324631,-0.3551444276444258,-0.0520000000000004,-0.0240000000000004,0.0820022583007755,1.3940017700195284,0.0028502285560634,0.999999999986622,0.0080169455169455,0.0267874349585661,0.0534402892328551,1.260189383837946,0.0025324151125547,0.0097881629338221,0.0052016302016302,0.0091208851583145,48.5,1.0,2.161005404273012e-05,0.0008571799381705,0.1006927820094305,0.0051066014855376,15991.0,0.3974358974358974,0.044044250997461,0.0,-0.04792345463865,-0.0101478832618401,32924.0,0.9102564102564102,0.239494292170239,1.0
2017-11-23,4450.615,41.98675,163.579,4241.081999999999,12.754108695652176,2.376,94.08999938964844,22.544999999999163,49.08279999999922,0.9809780650215424,1.0420683369077803,0.0500000000000002,0.0660000000000002,-0.6860031127929602,0.792001342773446,0.0052016302016302,0.9999999999868852,0.0081355028007468,0.0336081166772352,0.0412442716289405,1.1609278303988535,0.0021833617345929,0.0091208851583145,-0.0021872499333155,0.0158861701303054,-20.5,0.0,4.6872923171819874e-05,0.0005034146897625,0.0761568123393316,-0.0245359696700989,5498.0,0.282051282051282,0.0436808427405834,0.0,-0.0360040923769215,0.0119193622617284,67948.0,0.9551282051282052,0.2394199830924409,1.0
2017-11-30,4438.592,60.08820000000001,172.282,4245.04925,11.97199513381995,2.35,93.72750091552734,3.967250000000604,84.34805000000051,-0.7821135618322241,0.2351146028464992,-0.0259999999999998,-0.068,-0.3624984741210966,-0.2564987182617244,-0.0021872499333155,0.5533769063132603,0.0122701026518391,0.0144542372881355,0.0413674071599576,1.857986193526549,-0.0191337180992958,0.0158861701303054,-0.0049187339606501,0.0107680403396209,-46.0,-1.0,-3.383968278630943e-05,0.0010284769882756,0.0773084429359355,0.0011516305966038,3601.0,0.2884615384615384,0.0516996181586762,0.0,-0.0325022074591094,0.003501884917812,55608.0,0.9743589743589745,0.2290009070104096,1.0
2017-12-07,4437.148,67.9272,127.586,4206.221799999999,11.41478359908884,2.358,93.03800201416016,-38.82745000000068,49.39639999999963,-0.5572115347311115,-0.0361774993093302,0.0079999999999995,-0.0200000000000004,-0.6894989013671875,-1.6559982299804688,-0.0049187339606501,0.712962962954161,0.0087040618955512,0.0009142242538315,0.0393410582158313,1.251914762852429,-0.00227117127571,0.0107680403396209,0.0067160971416291,0.0062296392091287,62.5,1.0,-4.717587864698443e-06,0.0014927837221769,0.0598432200656588,-0.0174652228702767,-8369.0,0.2307692307692307,0.0444877492335844,0.0,-0.0347533847374015,-0.002251177278292,2675.0,0.9551282051282052,0.2273577752072136,1.0
2017-12-14,4452.726,112.0696,76.208,4241.6348,11.62691304347826,2.3600000000000003,93.3760009765625,35.413000000000466,23.097799999999552,0.2121294443894221,-0.1462175871523712,0.0020000000000006,0.0340000000000006,0.337998962402338,-1.4000015258789062,0.0067160971416291,0.8465116278912277,0.0057373112024336,0.0047726297726298,0.0493097751519053,0.7206470166498559,0.0028122870229532,0.0062296392091287,0.0088861610716763,0.0114760297449005,83.25,1.0,4.439946784652267e-05,0.0006895536260765,0.0179439399765348,-0.0418992800891239,-22301.0,0.1858974358974359,0.0397034320250032,-1.0,-0.0195372403829405,0.015216144354461,86840.0,0.9871794871794872,0.2052997002371462,1.0
2017-12-21,4447.47,110.934,155.612,4264.4484,12.041628440366972,2.376,93.75800018310548,22.81360000000041,23.366400000000795,0.4147153968887114,-0.7124802552852021,0.0159999999999995,0.0,0.3819992065429716,-0.3319992065429744,0.0088861610716763,0.0702702702687509,0.0048932737323776,0.0084555881568417,0.0594350725774812,1.3076489160653977,-0.000990958231481,0.0114760297449005,-0.0048668236040945,0.0019481718270383,-46.0,-1.0,7.694638964678774e-05,0.0007890857497398,0.01026104201365,-0.0076828979628847,-18089.0,0.1602564102564102,0.0123988741855384,-1.0,-0.0417174034730083,-0.0221801630900678,-42283.0,0.9102564102564102,0.1913715751350312,1.0
2017-12-28,4448.68,134.88375000000002,190.283,4180.924,11.357844036697248,2.434,93.5459991455078,-83.52440000000024,-64.12525000000005,-0.6837844036697245,-0.6141510971227024,0.0580000000000002,0.084,-0.2120010375976591,-0.1815017700195369,-0.0048668236040945,0.0,0.0039869228929112,0.0057474337040204,0.0394529631164526,0.232389886938342,-0.0042507281092928,0.0019481718270383,0.0167184966642746,0.0148616956960465,157.25,1.0,-5.803993203849356e-05,0.0005348338356135,-0.0823211288843459,-0.0925821708979959,-45488.0,0.0448717948717948,0.1551382288868832,-1.0,-0.0515502143073228,-0.0098328108343144,-45824.0,0.8653846153846154,0.269018268996517,1.0
2018-01-04,4443.718,166.202,211.566,4123.51325,11.284215384615385,2.45,93.05999946594238,-57.41075000000001,-82.70854999999938,-0.0736286520818634,-0.1305682144734543,0.016,0.0920000000000005,-0.485999679565424,0.0219974517822265,0.0167184966642746,0.9999999999948652,0.0203649482380006,0.0276165914463786,0.0557809610554498,1.5758857736140888,0.0050054659175688,0.0148616956960465,0.0128620725713688,0.0074038280633668,123.0,1.0,0.0001864033710373,0.0010530392266627,-0.1191122542970854,-0.0367911254127395,-51895.0,0.0128205128205128,0.1049375206381758,-1.0,-0.0488797279595989,0.0026704863477238,-31894.0,0.8782051282051282,0.2589077878424596,1.0
2018-01-11,4446.062,55.0708,206.215,4065.95,10.893449275362318,2.44,91.9950008392334,-57.56325000000015,-175.6848,-0.3907661092530663,-0.7334637681159428,-0.0100000000000002,0.0799999999999996,-1.0649986267089844,-1.381000137329096,0.0128620725713688,0.9999999999829788,0.0060654552963039,0.0338901638469337,0.0666519835916636,0.7665071772046095,-0.0010765366144032,0.0074038280633668,0.0089304150320048,0.0089840285545012,86.5,1.0,0.0001011905718818,0.000705388180516,-0.0644209659714599,0.0546912883256255,-23301.0,0.0641025641025641,0.0824571032410884,-1.0,-0.0501560915015756,-0.0012763635419766,-84388.0,0.8717948717948718,0.2797503846979527,1.0
2018-01-18,4439.145,21.73625,227.665,4184.776199999999,11.197670588235294,2.52,92.1979995727539,118.82619999999952,-79.67220000000088,0.3042213128729756,-0.8439578521316786,0.08,0.1440000000000001,0.2029987335205021,-1.5600006103515651,0.0089304150320048,0.8252032520191024,0.0062931696085955,0.0339355145872457,0.0777204929558048,0.9136145486096928,0.0008925544550817,0.0089840285545012,0.0121258633921719,0.0101197400348878,118.5,1.0,8.54396763270909e-05,0.0009782372843173,-0.043555558983575,0.0208654069878848,-15009.0,0.0961538461538461,0.093655635728362,-1.0,-0.0790466044763571,-0.0288905129747815,-96430.0,0.6538461538461539,0.3046316324015276,0.0
2018-01-25,4441.317,27.791000000000004,269.118,4189.743750000001,11.799691943127964,2.57,90.60000038146973,4.967550000001211,8.819750000000568,0.6020213548926687,0.4418479064307146,0.0499999999999998,0.1359999999999996,-1.597999191284174,-2.9459987640380803,0.0121258633921719,0.7145833333273784,0.0121322414316044,0.0515907822342716,0.0729220338983049,1.06613897141285,-0.0012879528385456,0.0101197400348878,-0.0033363663936912,0.0151744907541634,-33.0,-1.0,0.0001219395491462,0.0011735131241817,-0.0170785188644481,0.0264770401191269,18030.0,0.1346153846153846,0.0826927216540733,-1.0,-0.0555289852869604,0.0235176191893967,-30447.0,0.8333333333333334,0.2997953002428646,1.0
2018-02-01,4419.225,34.959,270.244,4144.407999999999,12.02068493150685,2.6420000000000003,89.93800048828125,-45.3357500000011,20.89474999999948,0.220992988378887,0.736469546891465,0.0720000000000005,0.1920000000000001,-0.6619998931884794,-3.121998977661136,-0.0033363663936912,0.0,0.0133647798742138,0.0308480602321448,0.0602850228556064,1.4955040189576023,0.0021787450115591,0.0151744907541634,-0.0589622641509434,0.0492004665749646,-581.25,-1.0,-1.926152389236995e-05,0.0013764641402697,-0.0426029816227028,-0.0255244627582546,23363.0,0.1025641025641025,0.0669732154019252,-1.0,-0.0362867958714475,0.0192421894155128,25627.0,0.935897435897436,0.3083694394886976,1.0
2018-02-08,4420.745,46.709,203.936,4114.022000000001,13.17183585313175,2.718,89.0739990234375,-30.385999999998603,48.07200000000103,1.1511509216249003,2.278386577769432,0.0759999999999996,0.278,-0.8640014648437528,-2.921001815795904,-0.0589622641509434,0.0,0.0472687094079284,-0.0422517034895726,-0.0050675675675675,3.663175080375984,0.0087691762513044,0.0492004665749646,0.053763440860215,0.009662388191071,498.75,1.0,-0.0005275535045827,0.0042254802557607,-0.0003426740899885,0.0422603075327143,17752.0,0.173076923076923,0.0450520171568061,-1.0,-0.0082203438492446,0.0280664520222029,125115.0,0.9935897435897436,0.291558658584526,1.0
2018-02-15,4434.863,35.5866,197.681,4170.1,19.450703624733475,2.818,89.76600036621093,56.07799999999952,-14.676199999998971,6.278867771601725,8.25303303649818,0.1,0.298,0.6920013427734375,-2.4319992065429688,0.053763440860215,0.999999999997489,0.0407396041123216,0.000306983883346,0.0429981328354227,0.7169952149913656,0.0091885677637681,0.009662388191071,-0.0027875811978926,0.0064661146355367,-27.25,0.0,0.0004492244838187,0.002438002324996,0.0343529469220313,0.0346956210120198,19735.0,0.2564102564102564,0.0183994399993488,0.0,0.0203216276200781,0.0285419714693227,325896.0,0.9935897435897436,0.2594585293439998,1.0
2018-02-22,4411.66,35.90025,214.677,4201.595400000001,19.47628205128205,2.866,89.61199951171875,31.4954000000007,11.851650000000518,0.0255784265485772,7.676590108154089,0.048,0.2960000000000002,-0.1540008544921818,-0.9880008697509766,-0.0027875811978926,0.9416666666352778,0.0030774754443105,-0.0144323122030128,0.042370615911035,0.5094951396474435,0.0040461317861619,0.0064661146355367,-0.0028723104146898,0.0236340144542852,-28.0,0.0,-1.89398800721984e-05,0.0016395758617918,-0.1189985566974455,-0.1533515036194768,-22692.0,0.0192307692307692,-0.10983010763907,-1.0,-0.0057099457673354,-0.0260315733874135,165410.0,0.9871794871794872,0.2323709426871787,1.0
2018-03-01,4393.401,20.7616,202.62,4161.0827500000005,18.06013667425968,2.9025,89.66250038146973,-40.512650000000576,16.67475000000104,-1.4161453770223709,6.039451742752831,0.0364999999999997,0.2604999999999995,0.0505008697509765,-0.2755001068115206,-0.0028723104146898,0.0,0.0246135644659345,-0.0139734226009332,0.0445142918547174,1.7171659594403588,0.0072958853039646,0.0236340144542852,0.0219644556467168,0.0048441845124921,213.5,1.0,-3.543414524474607e-05,0.0019159917733229,-0.1533451287813236,-0.034346572083878,-24716.0,0.0,-0.0754047689771108,-1.0,-0.0351832132809304,-0.0294732675135949,6944.0,0.9294871794871796,0.2617082274290512,1.0
2018-03-08,4396.097,12.667,195.071,4170.0194,17.583222222222222,2.864,90.1979995727539,8.936649999999645,55.99739999999929,-0.4769144520374588,4.411386369090472,-0.0384999999999999,0.1459999999999999,0.535499191284174,1.1240005493164062,0.0219644556467168,0.9999999999941004,0.0170630426576066,0.0708222168324035,0.0603351657148956,0.3549391532826291,0.0031183909212979,0.0048441845124921,0.0062161822071222,0.0170799034893418,61.75,1.0,0.0001888564408647,0.0018596011617243,-0.090371336968639,0.0629737918126845,-20826.0,0.0512820512820512,-0.0663040002765367,-1.0,-0.0381271752371334,-0.002943961956203,-99095.0,0.8910256410256411,0.2725214529338272,1.0
2018-03-15,4407.258,3.1756,249.929,4188.359,18.66871111111111,2.874,89.88000183105468,18.339599999999336,18.258999999999105,1.0854888888888894,-0.7819925136223631,0.0099999999999997,0.0559999999999996,-0.3179977416992159,0.1140014648437528,0.0062161822071222,0.1160092807413827,0.0107798509329198,0.0225052426985832,0.0575290290157908,1.210060334854818,0.002728956068088,0.0170799034893418,-0.0378670401680756,0.0186302800452262,-378.5,-1.0,4.559979248015544e-05,0.0013133295164282,-0.0190702824186538,0.0713010545499851,-13057.0,0.1602564102564102,-0.1135169302463933,-1.0,-0.0160085954130294,0.022118579824104,-122841.0,0.9743589743589745,0.2413858417190103,1.0
2018-03-22,4401.222,12.4456,316.454,4154.1534,16.649954022988506,2.848,89.8979995727539,-34.20559999999932,-47.44200000000092,-2.018757088122605,-2.826328028293545,-0.0259999999999998,-0.0180000000000002,0.0179977416992187,0.2860000610351534,-0.0378670401680756,0.0,0.0366018508890506,-0.0134639550688585,0.0224596656300666,1.2015586196206152,-0.0039469676440898,0.0186302800452262,-0.0101902880316107,0.0423315409183344,-98.0,-1.0,-0.0003823926780675,0.0018213237614231,0.0052533151989119,0.0243235976175657,28918.0,0.2243589743589743,-0.0748418905134308,0.0,-0.022243042257024,-0.0062344468439946,-64630.0,0.9551282051282052,0.2212161173640596,1.0
2018-03-29,4392.198,10.97225,318.858,4072.3224,17.39908888888889,2.862,90.02800140380859,-81.83100000000059,-88.76035000000093,0.749134865900384,-0.6610477853707906,0.0140000000000002,-0.0404999999999997,0.1300018310546846,0.3655010223388615,-0.0101902880316107,0.3940928270028891,0.0311219665931295,-0.020704199994856,-0.0046010666108962,2.378945155767114,-0.0101120897206942,0.0423315409183344,0.0006565815736947,0.0331625734546888,6.25,0.0,-5.213540633401013e-05,0.00324385152771,-0.0139269031851423,-0.0191802183840542,32395.0,0.1794871794871795,0.0932014609001977,-1.0,-0.0402250018041776,-0.0179819595471536,6145.0,0.8653846153846154,0.2709784155077318,1.0
2018-04-05,4386.104,5.43325,303.916,4062.36775,19.818995327102805,2.7920000000000003,89.61000061035156,-9.95464999999922,-107.6516499999998,2.419906438213914,2.2357731048805825,-0.0699999999999998,-0.0719999999999996,-0.4180007934570255,-0.5879989624023381,0.0006565815736947,0.9999999999951692,0.0217317130783968,-0.0411224361394236,-0.0165961181086103,1.6630504315470127,-0.0052087504040951,0.0331625734546888,0.0074013805411932,0.0250603821006881,70.5,1.0,-4.504767554679423e-05,0.0024337335341645,-0.0565715065548741,-0.0426446033697318,7650.0,0.0961538461538461,0.0424595491338354,-1.0,0.0067307841005438,0.0469557859047215,147032.0,0.9871794871794872,0.192648481682222,1.0
2018-04-12,4383.684,3.8872,294.083,4076.75475,20.437102564102563,2.785,90.21249961853027,14.386999999999716,-111.6042499999994,0.6181072369997587,1.7683914529914515,-0.0070000000000001,-0.0889999999999995,0.6024990081787109,0.3324977874755888,0.0074013805411932,0.9999999999953704,0.0225099653492431,-0.0399929968485818,-0.0180864671271424,1.177621500047185,0.0067016448857741,0.0250603821006881,0.0113852486778001,0.0169687359246664,109.25,1.0,0.0001200734593698,0.0022994099218682,-0.1166979968393964,-0.0601264902845222,-24996.0,0.032051282051282,-0.0117123614280253,-1.0,-0.0013382714512464,-0.0080690555517903,49077.0,0.9807692307692308,0.1635158045435708,1.0
2018-04-19,4385.903,7.751,275.246,4085.7138,19.400967032967035,2.794,89.77199859619141,8.959049999999934,-68.43960000000015,-1.0361355311355285,2.7510130099785286,0.0089999999999994,-0.0540000000000002,-0.4405010223388643,-0.1260009765624943,0.0113852486778001,0.6868064118338506,0.0208912931478619,0.0091504627222627,-0.0188049742189869,0.776556538760903,0.0023727399372204,0.0169687359246664,-0.0046625450798557,0.0293926003441483,-45.25,-1.0,0.0001205000388502,0.0012775444878605,-0.1139454662210001,0.0027525306183962,-29226.0,0.0384615384615384,-0.0355325770174369,-1.0,-0.0122561249273984,-0.010917853476152,46572.0,0.9615384615384616,0.1848767754369291,1.0
2018-04-26,4372.886,7.947599999999999,359.599,4102.906,17.04923595505618,2.852,89.66200103759766,17.192199999999957,30.583600000000388,-2.351731077910856,-0.349852933832711,0.0580000000000002,-0.0100000000000002,-0.1099975585937471,-0.3660003662109261,-0.0046625450798557,0.9999999999951924,0.0215326483604648,0.0147862170396049,-0.0201105700953539,1.2759365507515688,0.0010354606181499,0.0293926003441483,-0.0072724449390512,0.0152485849421589,-70.25,-1.0,-3.84180906495878e-05,0.0022085982332673,-0.0540726593489621,0.0598728068720379,-9656.0,0.1217948717948717,-0.0614603227905219,-1.0,-0.0198697273090886,-0.0076136023816901,51158.0,0.9423076923076924,0.2120640052452196,1.0
2018-05-03,4356.129,6.573,399.984,4005.3394,17.11017937219731,2.994,90.9519989013672,-97.56660000000012,-57.0283500000005,0.0609434171411322,-2.708815954905493,0.1419999999999999,0.2019999999999995,1.2899978637695284,1.3419982910156278,-0.0072724449390512,0.6518987341689633,0.0082381771729495,0.0067452297839951,0.0337133155469318,0.754627334283049,0.0059700238908101,0.0152485849421589,0.0313363574743208,0.0098568041902746,300.5,1.0,-6.608577289585917e-05,0.0019416289259916,-0.1707787501177318,-0.1167060907687697,-28439.0,0.0,-0.0683458982223514,-1.0,-0.0060563029651088,0.0138134243439797,-38437.0,0.967948717948718,0.2027118530359948,1.0
2018-05-10,4358.207,3.9842,353.741,3949.572,16.47615560640732,2.958,92.15,-55.76740000000018,-127.1827500000004,-0.6340237657899905,-3.960946957695242,-0.0359999999999995,0.173,1.1980010986328151,1.937500381469732,0.0313363574743208,0.9999999999947438,0.0192366026289181,0.0306646171482165,0.0117129558590354,0.4874062010197384,0.0040251033540885,0.0098568041902746,-0.0059908998988877,0.0111359085705439,-59.25,-1.0,0.0002696354654893,0.0011607971384234,-0.099729151340868,0.0710495987768638,5752.0,0.0641025641025641,-0.0587465725941282,-1.0,0.0279067872565794,0.0339630902216883,87655.0,0.9935897435897436,0.1696329941909002,1.0
2018-05-17,4337.609,2.7234000000000003,337.258,4000.481800000001,16.02154022988506,2.968,92.8260009765625,50.909800000000814,-85.23199999999952,-0.4546153765222627,-3.3794268030819765,0.0099999999999997,0.1740000000000003,0.6760009765624915,3.054002380371088,-0.0059908998988877,0.1826347305367349,0.0084937568344226,0.0129572385368366,0.0084630574718538,0.5402600647752291,-0.0059908998988877,0.0111359085705439,0.0052386643948834,0.0076714789062926,51.5,1.0,-3.4508583176536774e-05,0.0012089064115992,-0.0923792343496056,0.0073499169912624,5968.0,0.0769230769230769,-0.0418052943729205,-1.0,-0.0016029951120691,-0.0295097823686486,32347.0,0.967948717948718,0.1696358203842639,1.0
2018-05-24,4337.301,5.6048,326.445,3997.6276000000007,14.72505617977528,3.05,93.04199981689452,-2.8541999999997643,-105.27839999999924,-1.296484050109779,-2.3241797752809,0.0819999999999998,0.1979999999999999,0.2159988403320341,3.3799987792968693,0.0052386643948834,0.999999999987988,0.0084241948948872,0.023033722404824,0.0166662380082815,0.3978587703831942,0.0025648676034395,0.0076714789062926,0.0019985327228111,0.0059797406687237,19.75,0.0,5.063150693408796e-05,0.001350938581603,-0.0997269410144262,-0.0073477066648206,-11880.0,0.0705128205128205,-0.0371650194524321,-1.0,-0.0064140787047612,-0.004811083592692,40163.0,0.9487179487179488,0.1637499664552749,1.0
2018-05-31,4327.519,6.57375,325.351,4005.2512,14.143310810810812,3.034,93.74400024414062,7.623599999999442,-0.0881999999996878,-0.5817453689644676,-2.9668685613865,-0.016,0.04,0.7020004272460909,2.792001342773432,0.0019985327228111,0.7602339181108718,0.0043173096344172,0.0325877261588194,-0.0031961746571033,0.3086071760713396,0.008703294627573,0.0059797406687237,0.0185821046253282,0.0131763176568409,184.0,1.0,3.614969597568032e-06,0.0011545692653235,-0.1647612286199242,-0.065034287605498,1323.0,0.0064102564102564,-0.0492108956782869,-1.0,-0.0068450326045262,-0.000430953899765,-2998.0,0.9423076923076924,0.138080808080808,1.0
2018-06-07,4319.191,10.578,294.069,3995.594250000001,14.802019002375296,2.8425,94.29000091552734,-9.656949999999595,46.022250000000895,0.6587081915644841,-1.6741366040320251,-0.1914999999999995,-0.1154999999999999,0.5460006713867216,2.140000915527338,0.0185821046253282,0.5909090909046144,0.0130874479476502,0.0198179979777552,0.0090540743334499,0.6916249941537352,-0.0018980671933417,0.0131763176568409,0.0131865952805869,0.0075416055298954,133.0,1.0,0.0001373284577164,0.0009480096212429,-0.1058240643094494,0.0589371643104748,-2732.0,0.0641025641025641,-0.0425015420737409,-1.0,-0.0203878918324737,-0.0135428592279474,-149005.0,0.903846153846154,0.1201214019740751,1.0
2018-06-14,4324.906,2.975,281.188,4014.544,13.984504504504503,2.93,93.83200073242188,18.949749999998858,14.062199999998938,-0.8175144978707909,-2.0370357253805533,0.0874999999999999,-0.0379999999999998,-0.4580001831054687,1.0059997558593778,0.0131865952805869,0.9999999999929824,0.0139446129758293,0.0394934262390966,0.0625974836227514,0.4160383250464594,0.0076995237231605,0.0075416055298954,-0.007192484587533,0.0108712181481585,-73.5,-1.0,0.000129527295746,0.0010123287469762,-0.0204191646740365,0.0854048996354129,16410.0,0.2243589743589743,-0.017739221507314,0.0,-0.0264113831513249,-0.0060234913188512,-80850.0,0.8782051282051282,0.1277588441681518,1.0
2018-06-21,4315.896,0.5050000000000001,352.777,4040.743,14.017863636363636,2.954,93.88200073242189,26.19900000000007,43.11539999999877,0.0333591318591306,-0.7071925434116437,0.0239999999999995,-0.096,0.0499999999999971,0.8400009155273409,-0.007192484587533,0.0,0.0074417229313488,0.0266386703432923,0.0658157369471583,0.701120314982172,0.0035722608710899,0.0108712181481585,-0.0174707998620078,0.0199638993139085,-177.25,-1.0,-5.987692601164877e-05,0.0012256944060065,-0.0481251794822705,-0.027706014808234,10685.0,0.1794871794871795,-0.0369836038672446,-1.0,-0.0285663862718116,-0.0021550031204866,-77845.0,0.8717948717948718,0.1463565574227047,1.0
2018-06-28,4305.491,13.128800000000002,373.94,3962.614,14.095258426966293,2.914,94.91199951171876,-78.1289999999999,-42.637200000000576,0.077394790602657,-0.048052383844519,-0.0399999999999995,-0.1199999999999996,1.029998779296875,1.167999267578125,-0.0174707998620078,0.2772828507782749,0.0225215057808542,0.0066905675621087,0.0465079656701923,1.3858423462187102,-0.0074957375178681,0.0199638993139085,0.0065457828605823,0.0185005849866924,65.25,1.0,-0.0001269953919352,0.0018035030670526,-0.086763345739055,-0.0386381662567844,20775.0,0.1089743589743589,0.1360572816865881,-1.0,-0.0367275426896703,-0.0081611564178587,-76985.0,0.8076923076923077,0.2290381205160869,1.0
2018-07-05,4289.764,35.5415,336.026,3918.4222,15.809933920704848,2.864,94.83199920654296,-44.19180000000006,-77.17205000000104,1.7146754937385538,1.0079149183295506,-0.0500000000000002,0.0214999999999996,-0.0800003051757727,0.5419982910156307,0.0065457828605823,0.999999999990196,0.0101659440873075,-0.005205234979179,0.0456191543131072,1.3349190363047214,0.0007446989738562,0.0185005849866924,0.0256141924552748,0.0162806109198712,257.0,1.0,4.026907598965097e-05,0.0014187790836471,-0.1333766470905469,-0.0466133013514919,-4817.0,0.0256410256410256,0.1363151882662182,-1.0,-0.034884396010745,0.0018431466789253,-28300.0,0.8397435897435898,0.1867501445840705,1.0
2018-07-12,4291.201,2.6862000000000004,326.476,3918.1965,16.006658711217185,2.8475,94.63999938964844,-0.2256999999995059,-96.3474999999994,0.1967247905123379,2.0221542067126794,-0.0164999999999997,-0.0825,-0.1919998168945369,0.8079986572265625,0.0256141924552748,0.9999999999933,0.0145036684320489,0.0069967707212055,0.0603297269448737,1.1796165490964383,0.0074006385355662,0.0162806109198712,-0.0014576551187989,0.0136506872346517,-15.0,0.0,0.0002376156189216,0.0010560414888643,-0.0842175641041514,0.0491590829863955,-15103.0,0.1217948717948717,0.0884024415912439,-1.0,-0.0341787013856109,0.000705694625134,-5882.0,0.8525641025641025,0.1787469452626924,1.0
2018-07-19,4291.615,2.5204,324.457,3962.0388,14.55125550660793,2.85,94.3520004272461,43.8422999999998,-78.70419999999967,-1.4554032046092544,0.5333918702442944,0.0024999999999999,-0.1039999999999996,-0.2879989624023409,0.4699996948242244,-0.0014576551187989,0.441860465111712,0.0094156002141015,0.0128135626632497,0.0637438857113279,1.0929479823550374,-0.0034700274822184,0.0136506872346517,0.006131088511508,0.010159841136378,63.0,1.0,-3.129280641597184e-05,0.0010764300778206,-0.0945107790953369,-0.0102932149911854,-8917.0,0.1025641025641025,0.1229988285825849,-1.0,-0.0456275133721874,-0.0114488119865765,-26706.0,0.75,0.1948329735319995,0.0
2018-07-26,4277.681,2.1252,348.886,3964.6376,14.131409395973154,2.852,94.89600067138672,2.5987999999997555,2.023599999999988,-0.4198461106347757,0.0361509690068615,0.0019999999999997,-0.0620000000000002,0.5440002441406193,-0.0159988403320312,0.006131088511508,0.6461187214552866,0.0105914784543212,0.0371429287989366,0.0781062620574586,0.8420415125065072,-0.0049519224971203,0.010159841136378,-0.0043526623784881,0.0221950079566224,-45.0,-1.0,6.190330564297312e-05,0.001270293430019,-0.0365255856036996,0.0579851934916373,10523.0,0.2307692307692307,0.1138232632954659,0.0,-0.0540529057244561,-0.0084253923522686,-51719.0,0.6794871794871795,0.1900799426193324,0.0
2018-08-02,4255.653,3.0244,351.523,3926.669799999999,14.064527027027026,2.944,94.56999969482422,-37.96780000000035,8.247599999999693,-0.0668823689461284,-1.7454068936778206,0.092,0.08,-0.3260009765624971,-0.2619995117187557,-0.0043526623784881,0.999999999994602,0.0179967940933598,0.0259131908107839,0.0407987866531849,1.6950636315994336,-0.0002328948510843,0.0221950079566224,0.0087190945742459,0.0042917818206023,89.75,1.0,-4.943342397015626e-05,0.0017518427675603,-0.0233657544486809,0.0131598311550186,25814.0,0.25,0.1034775091562853,0.0,-0.0542562968091177,-0.0002033910846616,-57049.0,0.6730769230769231,0.1852092003687517,0.0
2018-08-09,4258.03,1.9018,326.471,3901.1056,14.294049773755656,2.976,94.66399993896484,-25.564199999999342,-17.090900000000147,0.2295227467286302,-1.7126089374615283,0.032,0.1284999999999998,0.0940002441406306,0.0240005493164119,0.0087190945742459,0.9767441860335316,0.0072472491753545,0.0090131674845732,0.0562012054014189,0.342696507263964,0.0012580618491222,0.0042917818206023,-0.0083307249656899,0.0107192469645797,-86.5,-1.0,6.070243429322642e-05,0.000778029382288,-0.0209884477980701,0.0023773066506107,15377.0,0.2628205128205128,0.0699809689158959,0.0,-0.0341847918941067,0.0200715049150109,-2916.0,0.8461538461538461,0.1741686913059719,1.0
2018-08-16,4228.924,1.077,342.799,3929.6572,14.132247706422016,2.952,95.26399993896484,28.551600000000235,-32.38159999999971,-0.1618020673336389,-0.4190078001859127,-0.024,0.1019999999999998,0.5999999999999943,0.9119995117187472,-0.0083307249656899,0.1791044776098017,0.0081336343992036,0.0020680258868182,0.0419438892964658,0.8389128585504234,-0.0056910417276785,0.0107192469645797,0.0034476898050355,0.0037802668215211,35.5,1.0,-6.151791653554535e-05,0.0012554791112621,-0.0446622471139558,-0.0236737993158857,12053.0,0.2115384615384615,0.0794784710089316,0.0,-0.0503796189325447,-0.0161948270384379,-18448.0,0.6987179487179487,0.1812854402272414,0.0
2018-08-23,4228.818,2.134,348.393,3885.048,14.926167400881056,2.874,96.56600036621094,-44.60920000000033,-79.58959999999979,0.7939196944590385,0.7947580049079015,-0.0779999999999998,0.0220000000000002,1.3020004272460994,1.6699996948242273,0.0034476898050355,0.8108108107932799,0.0044762757385854,-0.0006045364414566,0.0434508180165622,0.3001580172202543,-0.0004487960058745,0.0037802668215211,0.0217280843959446,0.0101194516666621,224.5,1.0,4.8867308296262696e-05,0.0011254123511055,-0.0295615644941323,0.0151006826198235,2060.0,0.2435897435897435,0.0688296600609499,0.0,-0.0450101893668831,0.0053694295656615,23207.0,0.7435897435897436,0.1703638735341037,0.0
2018-08-30,4218.914,1.7802,342.543,3878.291,14.31188340807175,2.836,95.60600128173829,-6.756999999999607,-48.378799999999046,-0.6142839928093053,0.2473563810447245,-0.0380000000000002,-0.1080000000000001,-0.9599990844726562,1.0360015869140682,0.0217280843959446,0.8858381502838969,0.0163876192957112,0.0255743916063535,0.0466736069799722,0.8200849165493186,0.0088390327665048,0.0101194516666621,-0.0181400525729983,0.0112802479613651,-191.5,-1.0,0.0001785454640059,0.0008305319122065,-0.0314214713387481,-0.0018599068446158,-1941.0,0.2435897435897435,0.0518646074817792,0.0,-0.0586881867524925,-0.0136779973856093,-15244.0,0.6217948717948718,0.1748485764328902,0.0
2018-09-06,4208.496,0.4525,323.764,3874.5908,14.065237020316026,2.8600000000000003,94.79400024414062,-3.700200000000677,-26.514800000000378,-0.2466463877557245,-0.2288127534396302,0.0240000000000004,-0.1159999999999996,-0.8120010375976676,0.1300003051757698,-0.0181400525729983,0.0,0.0196570270856949,-0.0017335612645366,0.0143115764751933,0.891643757798576,-0.0114883281857522,0.0112802479613651,0.0103229541014446,0.0096924833122451,107.0,1.0,-0.000183942208434,0.0013217529477191,0.0031956406102171,0.0346171119489652,5816.0,0.3461538461538461,0.0460505211695963,0.0,-0.0596936368620288,-0.0010054501095363,-77270.0,0.6089743589743589,0.2032722862096261,0.0
2018-09-13,4210.812,0.8754,303.654,3884.2795,14.430974477958236,2.885,95.17749786376952,9.688700000000154,-45.37770000000046,0.3657374576422114,0.29872677153622,0.0249999999999994,-0.0670000000000001,0.3834976196289119,-0.0865020751953125,0.0103229541014446,0.9999999999920636,0.0120317983241423,0.0170442129798238,0.032206396924745,0.7721345429233228,0.0026804764829861,0.0096924833122451,0.0021724080307479,0.0154851657842076,22.75,0.0,0.0001103766175334,0.0014102239646502,-0.0517569653338741,-0.0549526059440912,-2841.0,0.1794871794871795,0.1201653879519158,-1.0,-0.0788278915956639,-0.0191342547336351,-85476.0,0.4679487179487179,0.219561568802025,0.0
2018-09-20,4208.059,7.7856,335.878,3906.2826,15.269711751662973,2.96,94.98400115966795,22.00310000000036,21.234600000000228,0.8387372737047354,0.3435443507819169,0.0750000000000001,0.0859999999999998,-0.1934967041015625,-1.5819992065429744,0.0021724080307479,0.9999999999930436,0.0136969985707479,0.0157516513828062,0.0528427758132068,1.271400298622226,-0.0069290077450394,0.0154851657842076,0.0046212482134349,0.0099970537179675,48.5,1.0,2.505129565621313e-05,0.00110639043212,-0.0903649419074388,-0.0386079765735647,-16800.0,0.1089743589743589,0.0433560544852464,-1.0,-0.0760855225849073,0.0027423690107565,-95136.0,0.5,0.2247518920554402,0.0
2018-09-27,4192.909,13.1852,370.031,3864.3954,14.478783185840708,3.036,94.51400299072266,-41.88720000000012,-13.895600000000286,-0.7909285658222647,0.1668997777689576,0.076,0.2000000000000001,-0.4699981689453096,-1.0919982910156278,0.0046212482134349,0.9999999999906324,0.010124721392327,-0.0012551211310298,0.0508297204365375,0.8715077110448958,0.0102046411984026,0.0099970537179675,-0.0135628586332812,0.0148498775479382,-143.0,-1.0,4.161617817120858e-05,0.001050269073448,-0.0928776406880786,-0.0025126987806397,-21107.0,0.0961538461538461,0.0390343552911039,-1.0,-0.071087345346818,0.0049981772380892,-68506.0,0.5128205128205128,0.2184123177571056,0.0
2018-10-04,4174.704,12.4258,368.007,3809.6928,14.105261958997724,3.0740000000000003,94.36000061035156,-54.70260000000008,-64.89799999999968,-0.3735212268429855,0.0400249386816966,0.0380000000000002,0.2139999999999999,-0.1540023803710966,-0.4339996337890568,-0.0135628586332812,0.0,0.0155040623046968,0.0034007862810834,0.0106894708711919,1.3081564821883762,-0.0100356487282999,0.0148498775479382,-0.0464641123022931,0.0337084590212398,-483.25,-1.0,-0.0001202300345342,0.0011281054747341,-0.0828527606120574,0.0100248800760211,-21260.0,0.141025641025641,0.2238153629487537,-1.0,-0.0906709447133474,-0.0195835993665293,-76011.0,0.3525641025641026,0.295134344135328,0.0
2018-10-11,4176.906,2.09025,324.721,3794.2712,14.029685393258427,3.106,95.502001953125,-15.421600000000126,-90.00829999999996,-0.0755765657392952,-0.40128908469981,0.0319999999999995,0.221,1.1420013427734403,0.3245040893554716,-0.0464641123022931,0.0,0.0408379339030477,-0.0529972069039604,-0.0348644834801226,2.588331184922293,0.0004187888029585,0.0337084590212398,0.0107640727016058,0.041135090822324,106.75,1.0,-0.0003354759928577,0.0031290116793215,-0.0258285566347231,0.0570242039773342,7397.0,0.2692307692307692,0.20402334885339,0.0,-0.0781543924594352,0.0125165522539121,10535.0,0.4615384615384615,0.2886250598178089,0.0
2018-10-18,4175.446,2.4512,332.923,3850.09475,16.444235033259424,3.2,95.51999969482422,55.82355000000007,-56.18785000000025,2.414549640000997,1.1745232815964517,0.0940000000000003,0.2400000000000002,0.0179977416992187,0.5359985351562528,0.0107640727016058,0.2209197475194917,0.0276586193136472,-0.0448785135778941,-0.0304202737341007,2.6361025036527783,0.0026543258469748,0.041135090822324,-0.0210744213886672,0.0345492596529614,-211.25,-1.0,4.577466440557198e-05,0.0022266674449193,-0.0998062406652403,-0.0739776840305172,-902.0,0.0769230769230769,0.1055907641383764,-1.0,-0.0586996738359393,0.0194547186234959,55305.0,0.6153846153846154,0.2528382257942438,0.0
2018-10-25,4173.07,3.9918,369.576,3840.0718,17.898480176211454,3.166,95.36400146484377,-10.022950000000035,-24.32360000000017,1.4542451429520291,3.419696990370745,-0.0340000000000002,0.1299999999999999,-0.1559982299804687,0.8499984741210938,-0.0210744213886672,0.2829153605006805,0.0325087258923339,-0.069308104519372,-0.046704230825278,2.077022544123577,0.0041868371633213,0.0345492596529614,0.0154136200351584,0.0288953966768939,151.25,1.0,-0.0002882381163407,0.0032439927350791,-0.0232332740369658,0.0765729666282745,22818.0,0.2884615384615384,0.0196595378074171,0.0,-0.0085034616939032,0.0501962121420361,210085.0,0.9294871794871796,0.1802021576373252,1.0
2018-11-01,4139.731,2.7844,373.368,3799.5022,19.38138461538462,3.162,96.15800018310549,-40.56959999999981,-10.190599999999904,1.482904439173165,5.276122656386896,-0.004,0.0879999999999996,0.7939987182617188,1.797999572753909,0.0154136200351584,0.9999999999970718,0.034273384183059,-0.041969136099226,-0.0403775311198324,1.5465040238711485,6.460345205017148e-05,0.0288953966768939,0.0088568847852268,0.0268873706180227,88.25,1.0,0.0002090565801379,0.0033077056309246,-0.0175146151698976,0.0057186588670681,16018.0,0.3269230769230769,-0.0071316525068898,0.0,-0.0213223282017911,-0.0128188665078879,185463.0,0.8910256410256411,0.1507502097710499,1.0
2018-11-08,4141.936,1.7112000000000005,319.984,3763.5786,20.74492307692308,3.114,96.67200012207032,-35.923599999999624,-30.6925999999994,1.363538461538461,6.715237683664652,-0.048,0.008,0.5139999389648438,1.1699981689453125,0.0088568847852268,0.8048327137516549,0.0267601780695864,0.0136126446343491,-0.0237453565445407,1.3422426221423978,-0.0126411401312118,0.0268873706180227,-0.0249197940759531,0.0308244515182884,-250.5,-1.0,6.85429740578908e-05,0.0021187908362406,0.0125712444363885,0.0300858596062862,9506.0,0.4166666666666667,-0.089195013392947,0.0,-0.0097108952241992,0.0116114329775919,188521.0,0.9230769230769232,0.1202129048019035,1.0
2018-11-15,4145.892,0.655,341.094,3820.2408,18.47417218543046,3.22,96.36999969482422,56.66219999999976,-29.85394999999972,-2.270750891492618,2.029937152171037,0.1060000000000003,0.02,-0.3020004272460994,0.8499999999999943,-0.0249197940759531,0.5598859315568065,0.0268319432754355,-0.0221717877094972,-0.0513440925258292,1.3831705149419322,-0.0028330832854421,0.0308244515182884,-0.0346111663733517,0.0275779342631635,-339.25,-1.0,-0.0002416851536268,0.0023681908450632,-0.0500713073284205,-0.0626425517648091,12542.0,0.2115384615384615,-0.1237911661111408,0.0,-0.0368062314780239,-0.0270953362538246,58516.0,0.7628205128205128,0.1378875033753612,0.0
2018-11-22,4106.198,16.575,330.202,3804.143,18.570442477876107,3.14,97.09600219726562,-16.097800000000007,-35.92879999999968,0.0962702924456451,0.671962301664653,-0.08,-0.0259999999999998,0.7260025024414034,1.7320007324218665,-0.0346111663733517,0.1206064782905014,0.038335535006605,-0.035693358131003,-0.1036540601984512,1.1616539213070851,-0.008603561810614,0.0275779342631635,0.0356142668428005,0.0244344468020866,337.0,1.0,-0.0003203089209068,0.0022463924895086,-0.0679795546583126,-0.017908247329892,-11079.0,0.173076923076923,-0.1101008191809798,-1.0,-0.0448104718083808,-0.0080042403303569,-108506.0,0.717948717948718,0.1603234456288599,0.0
2018-11-29,4097.17,3.4876,340.596,3759.421,19.593784403669723,3.065,96.54500007629396,-44.72199999999975,-40.081199999999626,1.0233419257936165,0.2123997882851043,-0.0750000000000001,-0.0969999999999999,-0.551002120971674,0.3869998931884737,0.0356142668428005,0.987088444154972,0.0395173223123628,-0.0165094339622641,-0.0545814138588071,0.983815337429926,0.0058672337384908,0.0244344468020866,-0.0090565845196183,0.0360410953417114,-88.75,-1.0,0.0003586750906838,0.0020648589909924,-0.0004602237935701,0.0675193308647425,4337.0,0.3653846153846153,-0.1051377356209316,0.0,-0.0248803219003954,0.0199301499079854,-13618.0,0.8589743589743589,0.1449525665168893,1.0
2018-12-06,4086.044,2.686666666666667,337.564,3753.0864,19.02621867881549,3.054,96.98600006103516,-6.334600000000137,-10.49220000000014,-0.5675657248542336,-1.7187043981075902,-0.0110000000000001,-0.06,0.4409999847412109,0.3139999389648409,-0.0090565845196183,0.0833333333330065,0.0262595577066652,-0.0339724937203114,-0.0727159874907493,1.333268621495256,0.0070932373015962,0.0360410953417114,-0.0074659526813067,0.0254285423787964,-72.5,-1.0,-7.599970710420076e-05,0.0026515579491286,0.038374942882067,0.0388351666756371,6117.0,0.4807692307692308,-0.1212354089643999,0.0,-0.0160607125021521,0.0088196093982432,-19769.0,0.903846153846154,0.1468188846615866,1.0
2018-12-13,4088.314,1.6573999999999998,334.967,3745.7933333333335,18.455280373831776,2.9425,97.02249908447266,-7.293066666666618,-74.44746666666651,-0.5709383049837129,-0.0188918115986851,-0.1114999999999999,-0.2775000000000003,0.0364990234375,0.6524993896484403,-0.0074659526813067,0.8831615120214217,0.0150961014707026,-0.0166806947738924,-0.0816341114816578,0.912701345965028,0.0065599412767696,0.0254285423787964,-0.0465592820273389,0.0159211207572413,-448.75,-1.0,-0.0001235464314188,0.0024209025717387,-0.0626329190988033,-0.1010078619808704,-3043.0,0.1858974358974359,-0.1256072628846684,-1.0,-0.0364543458900364,-0.0203936333878842,-3767.0,0.7628205128205128,0.1574340265300064,0.0
2018-12-20,4084.274,4.489800000000001,350.714,3751.6896,20.516849015317288,2.882,97.04400024414062,5.896266666666179,-52.45340000000033,2.061568641485511,1.946406537441181,-0.0604999999999997,-0.258,0.021501159667963,-0.052001953125,-0.0465592820273389,0.0,0.0323467000380869,-0.0288507265521796,-0.1284203537724664,0.5615040090586687,0.0011974789543712,0.0159211207572413,-0.0001904347352956,0.0733258379643133,-1.75,0.0,-0.0003612157623371,0.0032726646565925,-0.0257614012939876,0.0368715178048156,10374.0,0.3012820512820512,-0.1222897270001578,0.0,-0.0053993641202557,0.0310549817697806,116027.0,0.9615384615384616,0.1210487167579319,1.0
2018-12-27,4075.636,5.2175,374.085,3729.0702,21.57226872246696,2.826,97.0,-22.619399999999587,-30.350800000000163,1.055419707149671,1.978484318797236,-0.0560000000000004,-0.2390000000000003,-0.0440002441406193,0.4549999237060547,-0.0001904347352956,0.9999999999976824,0.0469647084433076,-0.0624266544211439,-0.1166049709148598,2.20678717307942,-0.0030632903537803,0.0733258379643133,-0.0175777529863132,0.0283660949082562,-161.5,-1.0,1.404466898666651e-05,0.0043085534314834,0.0228552111351176,0.0486166124291053,6338.0,0.4679487179487179,-0.0879558181577671,0.0,0.0148354352554677,0.0202347993757235,123653.0,0.9807692307692308,0.1161329186934184,1.0
2019-01-03,4058.378,17.93425,379.902,3696.3335,24.738611898016995,2.7775,96.76000213623048,-32.73670000000038,-56.75290000000041,3.166343175550036,5.7123932192015054,-0.0484999999999997,-0.2764999999999999,-0.2399978637695312,-0.2259979248046875,-0.0175777529863132,0.0,0.0231546877163827,-0.0704888911773035,-0.0898434545867049,0.865289012927767,-0.0021087727931555,0.0283660949082562,0.0513225315053316,0.0253567431941134,463.25,1.0,-0.0001212550916332,0.0032526714480024,,,,,,,,,,,,
2019-01-10,4056.563,2.6420000000000003,356.698,3660.54175,24.546406685236768,2.6575,96.42249870300292,-35.79174999999941,-85.2515833333332,-0.1922052127802267,6.091126311404992,-0.1199999999999996,-0.2849999999999997,-0.337503433227539,-0.6000003814697266,0.0513225315053316,0.9999999999947712,0.0201538542599715,-0.015433299613519,-0.0533220271348763,0.8058110033680594,0.0026900599781889,0.0253567431941134,0.0099847199536329,0.0180837857864903,94.75,1.0,0.0003793598801583,0.0019963278548777,,,,,,,,,,,,
2019-01-17,4050.044,1.7236,351.18,3697.223,20.84946547884187,2.716,95.71200103759766,36.68125000000009,-54.46659999999929,-3.696941206394897,0.3326164635245838,0.0584999999999999,-0.1659999999999999,-0.7104976654052706,-1.3319992065429602,0.0099847199536329,0.9999999999942858,0.0182591230404048,0.042956635290277,-0.0232860309291482,0.6008853486608747,-0.0030959840260722,0.0180837857864903,-0.0046952030675326,0.020996765658935,-45.0,-1.0,0.0001147485749702,0.001453027179253,-0.0657733876898948,-0.0525030642901036,-6974.0,0.1794871794871795,-0.0822021226334682,-1.0,-0.0213916296170606,-0.0254047893671649,-39299.0,0.8461538461538461,0.2547238723236209,1.0
2019-01-24,4047.052,12.52625,389.626,3697.1404,19.207814569536424,2.724,95.8719985961914,-0.082600000000184,-31.929799999999886,-1.6416509093054472,-2.3644541529305343,0.008,-0.1019999999999994,0.1599975585937443,-1.1280014038085966,-0.0046952030675326,0.1574239713763333,0.0146499986896244,0.038257462381976,-0.0426284624648735,0.7132776578263409,-0.0043039361452382,0.020996765658935,0.0251330031186938,0.0285229288079772,239.75,1.0,-5.633678579285738e-06,0.0015363996079142,-0.1027653982949024,-0.0369920106050075,-27688.0,0.0769230769230769,-0.0667247478494803,-1.0,-0.0430952730669137,-0.021703643449853,-162204.0,0.6730769230769231,0.2491226682635272,0.0
2019-01-31,4039.678,1.3321999999999998,403.276,3644.899750000001,19.06265402843601,2.7525,96.34000015258788,-52.24064999999973,-51.43374999999924,-0.145160541100406,-5.6759578695809765,0.0284999999999997,-0.0249999999999999,0.4680015563964872,-0.4200019836425781,0.0251330031186938,0.9999999999963768,0.0282237447591778,0.0833956515718044,-0.0271829689870427,0.9644820484159636,0.0030569110566929,0.0285229288079772,-0.0009459044892116,0.015363935679098,-9.25,0.0,0.0001361213409841,0.0018448480390708,-0.0942340521222731,0.0085313461726293,-41988.0,0.1089743589743589,-0.0439929781461725,-1.0,-0.0532199868284557,-0.010124713761542,-291526.0,0.5705128205128205,0.245913403260312,0.0
2019-02-07,4026.35,2.2223999999999995,352.375,3635.0698,18.52280087527352,2.712,95.65599975585936,-9.82995000000028,-25.471950000000103,-0.5398531531624968,-6.023605809963247,-0.0404999999999997,0.0544999999999999,-0.6840003967285213,-0.7664989471435604,-0.0009459044892116,0.213051823414871,0.0133319685764732,0.0295326413404288,-0.0032647231361746,0.5431843897338615,-0.0007927182147018,0.015363935679098,0.0116942603444305,0.0104837500971745,114.25,1.0,-9.972905083396756e-06,0.0012223471909216,-0.027680818621057,0.066553233501216,-3320.0,0.3141025641025641,-0.0300461117336909,0.0,-0.0387338647562661,0.0144861220721895,-115165.0,0.6923076923076923,0.2392598435426546,0.0
2019-02-14,4028.431,1.7436,359.109,3671.7526,17.101735159817352,2.698,96.09199981689451,36.68279999999959,-25.47040000000061,-1.4210657154561694,-3.74773031902452,-0.0140000000000002,-0.0180000000000002,0.4360000610351591,0.3799987792968693,0.0116942603444305,0.9999999999905212,0.0106738162687171,0.0312752693220648,0.0445442536327609,0.3903047628168483,-0.0004093094426078,0.0104837500971745,0.0014923108053419,0.0076279994043007,14.75,0.0,0.0001047458006213,0.001119157370293,-0.1023262074278977,-0.0746453888068407,-8543.0,0.0833333333333333,0.0313657418151101,-1.0,-0.0698734282181949,-0.0311395634619287,-129150.0,0.4230769230769231,0.2296844374754998,0.0
2019-02-21,3981.42,2.8095,333.896,3667.5784,16.902092511013215,2.666,96.90399932861328,-4.174199999999473,-29.56199999999989,-0.1996426488041365,-2.3057220585232088,-0.032,-0.0580000000000002,0.8119995117187528,1.0320007324218778,0.0014923108053419,0.0,0.003914635686324,0.0376864009225044,0.0101280677585591,0.2996085765582767,-0.0078174076324419,0.0076279994043007,0.0068695542366461,0.0069605991063834,68.0,1.0,4.581757258708591e-05,0.001154602977339,-0.0544217370678027,0.047904470360095,9767.0,0.2307692307692307,-0.0398267955312875,0.0,-0.0674468249156773,0.0024266033025176,-64023.0,0.4551282051282051,0.2158596985094799,0.0
2019-02-28,3974.59,3.037,310.574,3644.7145,16.21,2.6625,96.62499809265135,-22.863900000000285,-0.1852500000004511,-0.6920925110132146,-2.8526540284360173,-0.0034999999999998,-0.0899999999999998,-0.279001235961914,0.2849979400634765,0.0068695542366461,0.3799999999898667,0.0037625103469034,0.0191993046323755,0.0263625363643384,0.3021551231382745,0.0037199479374334,0.0069605991063834,-0.0075250206938068,0.0123635176094196,-75.0,-1.0,9.521171104147316e-05,0.0010250468193996,-0.0615430435783232,-0.0071213065105204,5848.0,0.2243589743589743,-0.0309204380846656,0.0,-0.0746891455879219,-0.0072423206722446,-53832.0,0.3782051282051282,0.211828067451983,0.0
2019-03-07,3969.134,2.1766,220.045,3660.979,15.535790645879732,2.676,96.24600219726562,16.264500000000226,25.90920000000005,-0.6742093541202685,-2.987010229393789,0.0134999999999996,-0.0360000000000004,-0.3789958953857422,0.5900024414062557,-0.0075250206938068,0.0,0.0139510197892182,0.0124875252693261,0.0263014551396778,0.56331577962017,0.0028659488808361,0.0123635176094196,0.0219880203199636,0.0149153095560383,217.5,1.0,-0.0001177580938227,0.0014215096214407,-0.058050849355314,0.0034921942230091,-6935.0,0.2307692307692307,-0.024614061723253,0.0,-0.0809318597816789,-0.0062427141937569,-114119.0,0.2884615384615384,0.2407384700189188,0.0
2019-03-14,3971.559,0.0192,245.972,3746.9124,15.60352808988764,2.7060000000000004,96.9199996948242,85.93339999999989,75.15980000000036,0.067737444007907,-1.4982070699297123,0.0300000000000006,0.0080000000000004,0.6739974975585881,0.8279998779296847,0.0219880203199636,0.8818181818146189,0.024482528377476,0.0227893565358154,0.1000870558789923,0.6821876684238585,0.0042360940471126,0.0149153095560383,0.0264361846823453,0.0102253269523142,267.25,1.0,0.0002384936622871,0.0011007284017176,-0.0754931877766794,-0.0174423384213654,4482.0,0.1923076923076923,-0.0202131774616409,-1.0,-0.0732314848730985,0.0077003749085804,-6751.0,0.3782051282051282,0.2505798394630829,0.0
2019-03-21,3962.748,1.3454000000000002,303.623,3725.5678,16.02609756097561,2.622,96.97400207519532,-21.344600000000355,57.98939999999948,0.4225694710879715,-0.8759949500376045,-0.0840000000000005,-0.044,0.0540023803711022,0.070002746582034,0.0264361846823453,0.9999999999947712,0.0184310702067171,0.0482636696552594,0.1293842344426001,0.615777189444845,0.0115174583407733,0.0102253269523142,-0.017587818628632,0.0165617489750415,-182.5,-1.0,0.0001912954631008,0.0013839952652035,-0.0963283004378735,-0.0208351126611941,-13136.0,0.1089743589743589,-0.0541892746192361,-1.0,-0.0598262223591212,0.0134052625139772,6171.0,0.4935897435897436,0.2329826086926325,0.0
2019-03-28,3955.617,1.2784,310.868,3657.7796,15.096563192904656,2.576,96.35199890136718,-67.78819999999996,13.065099999999802,-0.9295343680709536,-1.1134368070953435,-0.0460000000000002,-0.0865000000000004,-0.6220031738281335,-0.2729991912841853,-0.017587818628632,0.4142011834221491,0.0041445948597214,0.0228008127022349,0.1293726630660574,1.0601644714982497,-0.0054479912189494,0.0165617489750415,0.0205513046890326,0.0097293840013157,209.5,1.0,-0.0001254017401244,0.0018622656694613,-0.1157268987659275,-0.019398598328054,-9431.0,0.0576923076923076,0.0070181599277616,-1.0,-0.0813531102163663,-0.0215268878572451,-6963.0,0.2628205128205128,0.3006495793543429,0.0
2019-04-04,3935.509,0.2784,310.188,3643.4706,16.206474501108648,2.412,96.78599853515624,-14.308999999999742,-17.508400000000165,1.1099113082039906,0.6706838552289156,-0.1639999999999997,-0.2639999999999998,0.433999633789071,0.5399963378906278,0.0205513046890326,0.8858321870652774,0.0174700821838804,0.0517350317183511,0.0963169819273934,0.679445822637712,0.0022658442211618,0.0097293840013157,0.0053587734896909,0.0078472702934202,55.75,1.0,0.0001692174530218,0.000955714951518,-0.0901489484774614,0.0255779502884661,-4493.0,0.1538461538461538,0.1040986654546957,-1.0,-0.0569314185813786,0.0244216916349876,75901.0,0.532051282051282,0.2992768965492455,0.0
2019-04-11,3936.784,0.7123999999999999,262.617,3625.0426,15.165950226244345,2.482,97.25799865722657,-18.42800000000034,-121.8698000000004,-1.040524274864303,-0.4375778636432947,0.0700000000000002,-0.2240000000000002,0.4720001220703125,0.3379989624023523,0.0053587734896909,0.4999999999895834,0.0045892391901905,0.0346217573014813,0.0912956152020241,0.5827233697131727,0.0027415433915447,0.0078472702934202,0.0091067715180341,0.0034774358432728,95.25,1.0,4.078543452510642e-05,0.0006254783046525,-0.1330816470863585,-0.0429326986088971,-8591.0,0.032051282051282,0.1273016826005769,-1.0,-0.0703863455553388,-0.0134549269739601,14208.0,0.3974358974358974,0.300848220343442,0.0
2019-04-18,3931.827,0.18725,285.264,3673.4546,15.747260579064587,2.504,97.11800079345704,48.41200000000026,-52.11319999999978,0.5813103528202443,-0.2788369819110219,0.0219999999999997,-0.1179999999999998,-0.1399978637695369,0.143998718261713,0.0091067715180341,0.999999999984556,0.0061348240087166,0.0171541463884739,0.1064287024661267,0.2896270126927682,0.0038134642886817,0.0034774358432728,0.0081481832393766,0.013234382104497,86.0,1.0,8.346127480592154e-05,0.000702897364196,-0.1266497196782393,0.0064319274081192,-622.0,0.0448717948717948,0.1523338589884538,-1.0,-0.0736212288026789,-0.00323488324734,-16091.0,0.3525641025641026,0.3049815194574298,0.0
2019-04-25,3928.273,4.2330000000000005,378.602,3646.37575,14.728099762470308,2.574,97.08600158691408,-27.078849999999875,-11.403849999999691,-1.0191608165942814,-0.3684634304343497,0.0699999999999998,-0.0019999999999997,-0.031999206542963,0.7340026855468835,0.0081481832393766,0.5641592920304056,0.0106198017010478,0.0438002746713752,0.0880969424276509,1.2331063892345753,0.0034597816236812,0.013234382104497,-0.006038250082233,0.0068050875214509,-64.25,-1.0,7.841508276662636e-05,0.0010396235541019,-0.1289443097188939,-0.0022945900406545,-3889.0,0.0384615384615384,0.1157428001549742,-1.0,-0.071715931461458,0.0019052973412208,15250.0,0.3653846153846153,0.3129045879139427,0.0
2019-05-02,3889.691,0.319,400.498,3545.438,14.41498673740053,2.5575,97.7874984741211,-100.93775000000004,-98.0326,-0.3131130250697769,-1.7914877637081172,-0.0164999999999997,0.1455000000000001,0.7014968872070284,1.001499938964841,-0.006038250082233,0.0,0.0100224559744711,0.016604988705724,0.0825507305714066,0.67919670561925,-0.0035255068845878,0.0068050875214509,-0.0131426545325611,0.0203385208987382,-139.0,-1.0,-2.532976205171499e-05,0.001458426606414,-0.0633593091925082,0.0655850005263856,3690.0,0.2435897435897435,0.0821760804223647,0.0,-0.0494845207123528,0.0222314107491051,9804.0,0.6089743589743589,0.2970085055946089,0.0
2019-05-09,3892.216,0.315,348.357,3488.874,14.601832946635732,2.526,97.77400207519533,-56.56400000000031,-136.16859999999997,0.1868462092352008,-0.5641172796086131,-0.0315000000000003,0.0439999999999995,-0.0134963989257812,0.5160034179687472,-0.0131426545325611,0.0,0.025844930417495,-0.002103401295504,0.0559743019020639,1.8761523789243728,-0.0002593955718587,0.0203385208987382,0.0004790533905003,0.0365493023022486,5.0,0.0,-0.0001777377578663,0.0022568890780375,-0.0565050353497465,0.0068542738427617,13728.0,0.2692307692307692,0.0883084407465502,0.0,-0.0324917750256355,0.0169927456867173,92177.0,0.8012820512820513,0.2989559341456372,1.0
2019-05-16,3864.749,0.7924,323.786,3543.544,16.94625,2.4880000000000004,97.53199920654296,54.67000000000007,-129.91060000000016,2.344417053364268,1.1989894209354102,-0.0379999999999993,-0.0159999999999995,-0.2420028686523494,0.4139984130859346,0.0004790533905003,0.9661590524501992,0.0282984988867341,-0.0106352740537211,0.0549059224649577,2.7583011193075926,-0.0011979425992918,0.0365493023022486,-0.0276999688764394,0.0175137618856963,-289.25,-1.0,2.411559394438248e-05,0.0021961999041024,-0.0658505759232485,-0.009345540573502,11704.0,0.2179487179487179,0.0799781694928237,0.0,-0.0245954829704223,0.0078962920552131,123368.0,0.8205128205128205,0.2863325592931551,1.0
2019-05-23,3860.435,6.0382,282.864,3540.1706,17.713179824561404,2.412,97.51799926757812,-3.373399999999947,-106.20515000000024,0.7669298245614051,2.9850800620910967,-0.0760000000000005,-0.1619999999999999,-0.0139999389648437,0.431997680664054,-0.0276999688764394,0.0,0.0197478577760267,-0.045815516188149,0.0186871347229538,1.2394659338177882,-0.0105213402550972,0.0175137618856963,-0.005490987885354,0.0110338340969835,-55.75,-1.0,-0.0001961266769454,0.0016510251633614,-0.1618266654347223,-0.0959760895114738,-8071.0,0.0128205128205128,0.1369583294835073,-1.0,-0.0418726720436998,-0.0172771890732775,76619.0,0.6538461538461539,0.2665585847153376,0.0
2019-05-30,3851.444,2.682,247.777,3571.5328,16.747627494456765,2.386,97.98999938964845,31.36220000000003,26.09479999999985,-0.9655523301046394,2.332640757056234,-0.0259999999999998,-0.1714999999999999,0.4720001220703125,0.202500915527338,-0.005490987885354,0.3944723618050806,0.0098541682141177,-0.0452901548280345,0.0207748881643794,0.7870471098633619,0.0031003319191192,0.0110338340969835,0.0026739953947856,0.0305803779183733,27.0,0.0,-0.0001212544047234,0.0013846846816585,-0.1442713149620861,0.0175553504726361,-17438.0,0.0256410256410256,0.1749815054558905,-1.0,-0.0465858429024198,-0.0047131708587199,9148.0,0.6089743589743589,0.2624271248271158,0.0
2019-06-06,3847.645,1.6931999999999998,223.638,3600.985,17.184988235294117,2.2625,97.96249961853027,29.45220000000017,112.11100000000032,0.4373607408373523,2.5831552886583857,-0.1234999999999999,-0.2634999999999996,-0.0274997711181583,0.1884975433349609,0.0026739953947856,0.999999999996534,0.0284959379707138,-0.0299887422453232,0.0014837895986348,1.995495668112516,-0.0138357909491557,0.0305803779183733,0.0237548460379781,0.0158732198039189,240.5,1.0,7.708488834409174e-05,0.0018481383831249,-0.1502639542628278,-0.0059926393007416,-21188.0,0.0256410256410256,0.1545641066902683,-1.0,-0.037050775620669,0.0095350672817507,-14140.0,0.6923076923076923,0.2539114881033414,0.0
2019-06-13,3849.955,1.6764,187.56,3622.3138,17.55213186813187,2.114,97.27200012207032,21.328799999999774,78.76980000000003,0.3671436328377524,0.6058818681318705,-0.1485000000000003,-0.3740000000000005,-0.6904994964599638,-0.2599990844726534,0.0237548460379781,0.9999999999903147,0.0099616488579078,-0.0074217721276544,-0.0011323664048571,1.0049292533495309,0.009423986921347,0.0158732198039189,0.0212499095491931,0.012524124218673,220.25,1.0,0.000193684065918,0.0016148026116917,-0.149506106321839,0.0007578479409887,-19543.0,0.032051282051282,0.1287940014367816,-1.0,-0.0252563622644178,0.0117944133562511,-3547.0,0.8076923076923077,0.2579403034786863,1.0
2019-06-20,3844.016,14.343799999999998,198.398,3660.7186,17.021409090909092,2.124,96.81400146484376,38.40480000000025,120.54800000000024,-0.5307227772227776,-0.6917707336523122,0.0099999999999997,-0.2880000000000002,-0.457998657226554,-0.7039978027343636,0.0212499095491931,0.9999999999962228,0.0250118091639111,0.0425490002954791,0.0383558956248772,0.8101566676792834,0.0035713122444547,0.012524124218673,-0.0077704298535663,0.0142726643119103,-82.25,-1.0,0.0001622996620027,0.0012734415567951,-0.1436834135894253,0.0058226927324137,3430.0,0.0448717948717948,0.1479758640602761,-1.0,-0.0697795636693967,-0.0445232014049788,-79106.0,0.358974358974359,0.2885346002256377,0.0
2019-06-27,3826.817,12.6978,248.302,3631.2742,16.456,2.056,97.30399932861329,-29.444400000000314,59.741399999999885,-0.5654090909090925,-0.2916274944567654,-0.0679999999999996,-0.33,0.4899978637695312,-0.6860000610351449,-0.0077704298535663,0.4749999999963462,0.0123777105996048,0.0401594493550223,0.0095400586341134,0.9011943629892882,0.0004881491012962,0.0142726643119103,0.0187569922163242,0.008083254871767,197.0,1.0,-4.475079705275826e-05,0.001160210528318,-0.1119840132415575,0.0316994003478677,3464.0,0.1089743589743589,0.1381280151793464,-1.0,-0.0720402556027251,-0.0022606919333283,-97260.0,0.3076923076923077,0.2572155715184044,0.0
2019-07-04,3813.198,18.78825,245.306,3565.8172,16.32507865168539,2.03,96.152001953125,-65.45699999999988,-35.16780000000017,-0.1309213483146081,-0.8599095836087258,-0.0260000000000002,-0.2325000000000003,-1.1519973754882926,-1.8104976654052791,0.0187569922163242,0.9999999999948388,0.0181078997172831,0.0568437168185298,0.0229940005258504,0.5097541380146181,-0.0011281477693183,0.008083254871767,0.0029206289866585,0.0118117626669053,31.25,0.0,0.0001965837225118,0.0012112423062856,-0.0470464057228193,0.0649376075187381,23409.0,0.3333333333333333,0.2245432253544497,0.0,-0.1005227471397638,-0.0284824915370387,-148161.0,0.0769230769230769,0.3690572922597841,-1.0
2019-07-11,3815.038,6.0866,211.115,3549.10375,15.298503740648378,1.9925,96.61749839782716,-16.713450000000194,-73.21005000000014,-1.026574911037013,-2.253628127483492,-0.0374999999999998,-0.1214999999999999,0.4654964447021541,-0.6545017242431612,0.0029206289866585,0.9217221134957204,0.0119047619047619,0.0353361151981475,0.0167227249040693,0.7136287543765037,0.0018648114319319,0.0118117626669053,0.0013745224117043,0.0103447179881123,14.75,0.0,2.356421773644585e-05,0.0013448533319348,-0.0327690858042081,0.0142773199186111,26447.0,0.3653846153846153,0.2191764441404512,0.0,-0.0979325917911802,0.0025901553485836,-180739.0,0.0897435897435897,0.3539202028987557,-1.0
2019-07-18,3808.11,6.4672,197.005,3597.8364,15.785573033707864,2.072,97.25399932861328,48.732650000000376,-62.88220000000001,0.487069293059486,-1.2358360572012277,0.0795000000000001,-0.0519999999999996,0.6365009307861271,0.4399978637695199,0.0013745224117043,0.4740740740693918,0.0094223297582765,0.0151865847897969,0.0098914524693387,0.6342217200155875,0.0032026759766037,0.0103447179881123,0.0044901472675242,0.0161502039382052,48.25,1.0,2.793805344865064e-05,0.0009955782702365,-0.0171470854698016,0.0156220003344065,27984.0,0.4551282051282051,0.2050345550532911,0.0,-0.1064823149020533,-0.0085497231108731,-82775.0,0.0576923076923076,0.3535390847405585,-1.0
2019-07-25,3803.436,10.956,193.362,3604.6378,15.309189189189189,2.088,97.03000030517578,6.801399999999831,-26.636399999999867,-0.4763838445186756,-1.1468108108108108,0.016,0.032,-0.2239990234375,-0.2739990234375113,0.0044901472675242,0.7119078104957137,0.018088753010932,0.0277308324010379,0.0205885829098215,0.9450286154099662,0.0019542216546755,0.0161502039382052,-0.0160737446729665,0.0103562430835144,-173.5,-1.0,3.841648295262287e-05,0.0012842633617196,-0.0355673609536458,-0.0184202754838441,20053.0,0.3653846153846153,0.2428215107104679,0.0,-0.1025909737116592,0.003891341190394,-50096.0,0.0641025641025641,0.3626019153555939,-1.0
2019-08-01,3779.102,4.579,163.763,3599.118,14.984196428571428,2.062,97.53400115966797,-5.519800000000032,33.30079999999998,-0.3249927606177607,-1.3408822231139634,-0.0260000000000002,0.032,0.5040008544921903,1.3819992065429716,-0.0160737446729665,0.0,0.0199143166517583,-0.0074067151101661,0.0175573067618386,0.6370019399326946,-0.0007561505189473,0.0103562430835144,-0.0068264206016666,0.0431223332271818,-72.5,-1.0,-0.0001794762083425,0.0019778509571588,-0.0540990539788536,-0.0185316930252078,-1945.0,0.3076923076923077,0.2163205342237061,0.0,-0.0809832958054652,0.021607677906194,34263.0,0.1987179487179487,0.3390262806195583,-1.0
2019-08-08,3781.543,3.3793999999999995,131.704,3610.76,15.04047191011236,2.024,98.20200042724608,11.641999999999824,61.65625,0.0562754815409327,-0.2580318305360176,-0.0379999999999998,0.0315,0.667999267578125,1.5845020294189425,-0.0068264206016666,0.999999999997147,0.0332290481607887,-0.0170533967011462,0.0101271277741865,2.565959164408834,-0.0034012743193774,0.0431223332271818,-0.0227057262040196,0.0342485580525815,-239.5,-1.0,-7.792378823254497e-05,0.0028363991139933,-0.0745825245270948,-0.0204834705482411,-10170.0,0.2371794871794871,0.2269725743480985,0.0,-0.0831710134327052,-0.00218771762724,29601.0,0.1602564102564102,0.337994895867288,-1.0
2019-08-15,3786.018,3.881,129.957,3646.4596,19.19438596491228,1.754,97.6779998779297,35.69960000000037,48.6232,4.153914054799918,3.408812931204414,-0.27,-0.318,-0.5240005493163977,0.4240005493164176,-0.0227057262040196,0.0289296046286251,0.0251491487607314,-0.0406905055487053,0.0153156702452477,1.8817777530923576,0.0035007752996321,0.0342485580525815,0.0208565746713877,0.018345605953681,215.0,1.0,-0.0001204046434467,0.0029705943968537,-0.1179757460410414,-0.0433932215139465,-20560.0,0.0897435897435897,0.2845862918771197,-1.0,-0.0662387874800956,0.0169322259526096,100893.0,0.3974358974358974,0.2974387960873761,0.0
2019-08-22,3764.866,14.198000000000002,125.725,3652.18,19.31171052631579,1.636,97.76199798583984,5.720400000000154,47.54220000000032,0.1173245614035103,4.0025213371266,-0.1180000000000001,-0.4520000000000002,0.0839981079101477,0.7319976806640653,0.0208565746713877,0.7184115523413833,0.0131610205730032,-0.0250602186399852,0.0422144643343485,0.975341283123621,-0.0008346017992004,0.018345605953681,7.126906447485482e-05,0.0272078599131935,0.75,0.0,0.0001730528421032,0.0015909979406202,-0.1398615446425812,-0.0218857986015398,-19467.0,0.0512820512820512,0.2637553955352268,-1.0,-0.0984110124717635,-0.0321722249916679,19511.0,0.0641025641025641,0.291760527110862,-1.0
2019-08-29,3759.946,3.7268,145.957,3624.943,18.28831140350877,1.582,98.23000030517578,-27.23700000000008,25.82500000000028,-1.0233991228070174,3.3041149749373435,-0.0539999999999998,-0.4799999999999997,0.4680023193359375,0.6959991455078125,7.126906447485482e-05,0.9999999999951809,0.0197163693374824,-0.0090626618332469,0.0395090994394646,1.4684425393913787,-0.0012241609463203,0.0272078599131935,0.0136351759032711,0.0210720288143454,143.5,1.0,-1.5796245530368788e-05,0.0025958256098126,-0.1885924658962913,-0.0487309212537101,-24014.0,0.0,0.2412394142922698,-1.0,-0.0810635628875454,0.0173474495842181,4923.0,0.1858974358974359,0.2548360704094591,-1.0
2019-09-05,3761.508,4.08575,148.74,3610.2622,19.30934640522876,1.504,98.08800048828124,-14.68080000000009,-0.4977999999996427,1.0210350017199872,4.268874495116398,-0.078,-0.52,-0.1419998168945255,-0.113999938964838,0.0136351759032711,0.9999999999957984,0.0223102341168475,0.0113528631020098,0.0292337007646108,1.1112993772220865,0.0006257602488473,0.0210720288143454,0.0061868716458484,0.0086039761346798,66.0,1.0,0.0001193428066744,0.0016647798178405,-0.1718570414863527,0.0167354244099385,-17370.0,0.0064102564102564,0.2148375426007175,-1.0,-0.0916789631152677,-0.0106154002277223,-18772.0,0.1153846153846153,0.2699538873565852,-1.0
2019-09-12,3769.673,2.8712,185.342,3608.68225,18.516850574712645,1.5025,98.68249893188477,-1.5799500000002809,-37.7773500000003,-0.7924958305161134,-0.6775353901996333,-0.0015,-0.2515,0.5944984436035128,1.0044990539550724,0.0061868716458484,0.9999999999906104,0.0099219750786071,0.0412523645535238,0.0140529050543221,0.4617121851836863,-0.0050945246930191,0.0086039761346798,0.0003726563409804,0.0052111858195259,4.0,0.0,6.534244053253134e-05,0.0013350061924649,-0.1548084323740791,0.0170486091122736,-6800.0,0.032051282051282,0.2108643283388143,-1.0,-0.1050209917514405,-0.0133420286361727,-102680.0,0.0448717948717948,0.2686218751002243,-1.0
2019-09-19,3844.695,6.1232,250.226,3581.4598,17.57016018306636,1.688,98.39199981689453,-27.222450000000208,-70.72020000000066,-0.9466903916462854,-1.741550343249429,0.1855,0.052,-0.29049911499024,0.6300018310546847,0.0003726563409804,0.9999999999746836,0.0036786105096505,0.0203591960849527,0.0223750922377472,0.2914564285293519,-0.0013111996893289,0.0052111858195259,-0.0121766664338431,0.0170177352817257,-130.75,-1.0,-1.0602520971229576e-07,0.0011905721779367,-0.0935106653869508,0.0612977669871283,8057.0,0.2051282051282051,0.1833437799933402,0.0,-0.104988779763625,3.22119878154864e-05,-35521.0,0.0512820512820512,0.2785633122049978,-1.0
2019-09-26,3857.715,4.0902,314.189,3588.3458,16.90128035320088,1.828,98.40800018310549,6.886000000000422,-36.59720000000016,-0.6688798298654781,-1.3870310503078898,0.1400000000000001,0.246,0.016000366210946,0.1779998779296931,-0.0121766664338431,0.4511930585644148,0.010865466201565,0.0078627930731405,-0.0086684268324026,0.9137357520533784,-0.0044719665669243,0.0170177352817257,-0.0121382106156311,0.0236977448699262,-128.75,-1.0,-0.0001323761629262,0.0016369374977594,-0.049455433650997,0.0440552317359537,23815.0,0.3782051282051282,0.1698166092736446,0.0,-0.081462485889033,0.023526293874592,-32886.0,0.1794871794871795,0.2407147310070597,-1.0
2019-10-03,3945.831,4.2888,335.171,3539.4358,17.06575892857143,1.706,98.73999938964845,-48.909999999999854,-70.82639999999992,0.1644785753705484,-2.2435874766573285,-0.1220000000000001,0.2019999999999999,0.3319992065429602,0.651998901367179,-0.0121382106156311,0.5005574135986598,0.0214014744828573,-0.0177638208619437,-0.023553256919206,1.2081532903368088,0.0072730973535931,0.0236977448699262,0.0097105909860901,0.0196346422213464,101.75,1.0,-9.051618533162e-05,0.0018200987833378,-0.0627408465973488,-0.0132854129463518,21659.0,0.3141025641025641,0.1845710343468191,0.0,-0.0784998759177546,0.0029626099712783,43921.0,0.2435897435897435,0.32867510425935,0.0
2019-10-10,3949.955,3.504,318.191,3606.371200000001,18.24935412026726,1.632,99.10399932861328,66.9354000000003,-2.311049999999341,1.1835951916958294,-0.2674964544453857,-0.0739999999999998,0.1295000000000001,0.3639999389648523,0.4215003967285184,0.0097105909860901,0.9518072289091098,0.0137287334593572,-0.0143239781064399,-0.0154247027894749,0.9630012657420182,0.0012884775395021,0.0196346422213464,0.0181947069943289,0.0119592135543954,192.5,1.0,0.0001244998516332,0.0020207985777066,-0.0435121563842201,0.0192286902131286,21989.0,0.4166666666666667,0.1932867512117646,0.0,-0.0667760871337838,0.0117237887839707,109639.0,0.391025641025641,0.3094069577530967,0.0
2019-10-17,3966.471,1.87,324.604,3628.26,19.13315673289183,1.576,98.95399932861328,21.88879999999972,46.800200000000586,0.8838026126245708,1.5629965498254703,-0.056,-0.1119999999999998,-0.1500000000000056,0.5619995117187528,0.0181947069943289,0.931540342289178,0.009491761429566,0.0032362459546926,-0.0019918473225866,0.5967742732424152,0.0019194553703729,0.0119592135543954,-0.0022743095845904,0.0147835123759181,-24.5,0.0,0.0001085010097205,0.0013031611948292,-0.0391051811529889,0.0044069752312312,11165.0,0.4294871794871794,0.1404058931424176,0.0,-0.0519914417379855,0.0147846453957983,157463.0,0.5256410256410257,0.2832656272579842,0.0
2019-10-24,3968.7,15.6546,377.985,3639.997,17.259934354485775,1.76,98.13200073242189,11.73700000000008,51.65120000000024,-1.873222378406055,0.3586540012848935,0.1839999999999999,-0.068,-0.8219985961914062,-0.2759994506835994,-0.0022743095845904,0.7765363128404856,0.0083271306289542,0.0132931083246912,0.0120050845063792,0.7243730665934695,-0.0040302975033935,0.0147835123759181,0.0150725716412356,0.01262954646305,162.0,1.0,-1.3187102722293483e-06,0.0011879516527279,-0.0178835539422668,0.0212216272107221,8518.0,0.532051282051282,0.1752756250845654,0.0,-0.078294154740081,-0.0263027130020954,43830.0,0.2371794871794871,0.3001796800887403,0.0
2019-10-31,4019.823,0.6338,389.872,3575.0604,16.307511312217194,1.7760000000000002,97.4479995727539,-64.93660000000045,35.624599999999646,-0.9524230422685812,-0.758247616354236,0.0160000000000002,0.0700000000000002,-0.6840011596679716,-1.2919998168945312,0.0150725716412356,0.7218543046262006,0.0069202566452795,0.041204399589626,0.0343193022373908,0.7068393262019401,0.0062379060964312,0.01262954646305,0.0128551787351054,0.006951116447845,140.25,1.0,0.0001484898457463,0.0010342067779193,-0.052102268056304,-0.0342187141140371,1324.0,0.3717948717948718,0.1964156854864492,0.0,-0.0845668631921425,-0.0062727084520615,-19742.0,0.1217948717948717,0.3089918791658395,-1.0
2019-11-07,4039.443,1.9452,377.029,3629.3172,15.458146453089244,1.7920000000000005,97.65600128173828,54.25680000000011,22.94599999999945,-0.8493648591279488,-2.791207667178014,0.016,0.1600000000000001,0.2080017089843835,-1.447998046875,0.0128551787351054,0.999999999985765,0.0063573222325286,0.0444470699432892,0.0719551826162876,0.4457887841030444,-0.0011147962440438,0.006951116447845,0.0031673491549963,0.0035723715811629,35.0,1.0,6.842365782672601e-05,0.0008998950115107,-0.0066527921699074,0.0454494758863966,7458.0,0.5769230769230769,0.1993617150967876,0.0,-0.0878609899534894,-0.0032941267613468,-65324.0,0.1089743589743589,0.3182952345232905,-1.0
2019-11-14,4047.882,1.43375,381.955,3660.4688,15.629248291571754,1.822,97.76399993896484,31.151600000000144,32.20879999999988,0.1711018384825084,-3.5039084413200765,0.0299999999999995,0.2459999999999997,0.1079986572265596,-1.1899993896484349,0.0031673491549963,0.6237623762129203,0.0022778015831848,0.0290322580645161,0.0533805292915854,0.2487421769689283,0.0001513782179891,0.0035723715811629,0.0008118896732143,0.0077040775492514,9.0,0.0,7.200450363060139e-05,0.000905708685218,-0.0517388065293959,-0.0450860143594885,-3806.0,0.3846153846153846,0.2333337741513151,0.0,-0.1041185675392044,-0.016257577585715,-149272.0,0.0192307692307692,0.3230401511784675,-1.0
2019-11-21,4030.249,21.1056,368.813,3664.49325,15.917425287356322,1.89,98.27799987792967,4.024449999999888,24.49624999999969,0.2881769957845677,-1.3425090671294535,0.068,0.1299999999999999,0.5139999389648438,0.1459991455078153,0.0008118896732143,0.0,0.0060391644320255,0.0322152958689989,0.0541606290234457,0.6048851991657513,-0.0011015935496381,0.0077040775492514,0.0162471550578002,0.0079153085447861,180.25,1.0,-3.343320216834787e-06,0.001067073934684,-0.0554877443897642,-0.0037489378603682,-9032.0,0.3525641025641026,0.2371761417794896,0.0,-0.1034933618199019,0.0006252057193024,-86724.0,0.0256410256410256,0.3338073418846367,-1.0
2019-11-28,4052.875,0.7715000000000001,360.941,3640.3304,15.143640350877194,1.7879999999999998,97.91399993896484,-24.16285000000016,65.26999999999998,-0.773784936479128,-1.163870961340001,-0.102,0.0119999999999995,-0.363999938964838,0.4660003662109488,0.0162471550578002,0.9999999999942611,0.0154552308306355,0.0334097158570119,0.0568770359260386,0.6800072276679747,0.0026737289613538,0.0079153085447861,-0.0129052286132422,0.0117432206062339,-145.5,-1.0,0.0001029513316604,0.0007383878491896,-0.0855523836098649,-0.0300646392201007,-8521.0,0.25,0.251849148940737,0.0,-0.1040518843918057,-0.0005585225719037,-76447.0,0.0256410256410256,0.3230677387513072,-1.0
2019-12-05,4065.696,0.1833999999999999,346.971,3691.1625,14.249928229665072,1.76,98.3125,50.83210000000054,61.84530000000041,-0.893712121212122,-1.2082182234241738,-0.0279999999999998,-0.0320000000000002,0.3985000610351505,0.6564987182617159,-0.0129052286132422,0.3488721804490293,0.0149384490969539,0.0071265355987422,0.0368231046931408,0.9866893126863296,-0.0032147844678855,0.0117432206062339,0.0140174319345853,0.010372002478882,156.0,1.0,-7.787907553618242e-05,0.0014407846422577,-0.1349243835274616,-0.0493719999175966,-28752.0,0.0769230769230769,0.2679772927787828,-1.0,-0.1034289633100925,0.0006229210817131,-67869.0,0.0384615384615384,0.3122368963379364,-1.0
2019-12-12,4095.491,0.4641999999999999,326.865,3718.5416,15.41134433962264,1.78,97.78600006103515,27.379099999999653,58.07279999999992,1.1614161099575693,-0.217903951949113,0.02,-0.0419999999999998,-0.5264999389648466,0.0220001220703096,0.0140174319345853,0.9999999999908468,0.0096809924678777,0.0180194402471753,0.0509650532001584,0.8410840380772094,0.0003588290533675,0.010372002478882,0.0146654851572884,0.0069443288155258,165.5,1.0,0.0001472619780368,0.0012159233127917,-0.1277036966734684,0.0072206868539932,-15174.0,0.1025641025641025,0.2001328714468751,-1.0,-0.0789123728833474,0.0245165904267451,50450.0,0.2051282051282051,0.2922433700280826,0.0
2019-12-19,4137.052,4.8904,332.592,3768.1618,16.585202702702702,1.842,97.46200103759766,49.62019999999984,103.66854999999988,1.1738583630800612,0.6677774153463805,0.062,-0.0479999999999998,-0.3239990234374943,-0.8159988403320284,0.0146654851572884,0.9999999999934428,0.0133181957119776,0.0321112287896883,0.0795229565381352,0.6042615249183839,0.0049450319830577,0.0069443288155258,0.0114187153399414,0.0061032109322577,130.75,1.0,0.0001037040769371,0.0006895035102497,-0.1266461035760059,0.0010575930974624,-14111.0,0.1153846153846153,0.1564766693426853,-1.0,-0.0780678476775944,0.0008445252057529,53257.0,0.25,0.3008187000332338,0.0
2019-12-26,4165.591,7.0795,367.82,3799.5696,14.950067720090294,1.888,97.25599975585938,31.407799999999497,159.23919999999953,-1.6351349826124082,-0.1935726307868996,0.0459999999999998,0.1,-0.2060012817382812,-0.6580001831054716,0.0114187153399414,0.9999999999893048,0.0080733944954128,0.0272074149629695,0.1052656693627276,0.6087355827050422,0.0027213311944096,0.0061032109322577,0.0075553157042633,0.0161308833464418,87.5,1.0,0.0001510892066142,0.0004728204286912,-0.0590391748846467,0.0676069286913592,3615.0,0.358974358974359,0.0849325974848457,0.0,-0.0552570241688538,0.0228108235087406,113919.0,0.4871794871794871,0.2731548645545354,0.0
2020-01-02,4173.626,18.63425,382.553,3790.6915,14.64276397515528,1.9125,97.65250015258788,-8.878099999998994,99.529,-0.3073037449350142,0.392835745490208,0.0244999999999999,0.1524999999999998,0.3965003967285128,-0.6599998474121094,0.0075553157042633,0.999999999993671,0.0135404392072844,0.048499415940336,0.1029064272211719,1.6571577848723376,0.0037377681494683,0.0161308833464418,0.0100482056775574,0.0128287985365009,117.25,1.0,-5.967518065336241e-06,0.0012779380412373,-0.0203842837787904,0.0386548911058562,25977.0,0.5769230769230769,0.1981960643125811,0.0,-0.0771701173165743,-0.0219130931477205,89011.0,0.25,0.3871023560879257,0.0
2020-01-09,4149.544,2.191,367.002,3772.43875,14.852853107344632,1.895,96.7249984741211,-18.252750000000106,53.89715000000024,0.2100891321893527,-0.5584912322780085,-0.0174999999999998,0.1149999999999999,-0.9275016784667968,-1.0610015869140597,0.0100482056775574,0.9999999999949748,0.0168844391651111,0.0443952148870181,0.0940821536319331,1.3081891973344186,0.0055894816594603,0.0128287985365009,0.0105633802816902,0.0120056325955425,124.5,1.0,0.0001654546210679,0.0016305012979776,0.0042171509776961,0.0246014347564866,27825.0,0.6602564102564102,0.1877831812267572,0.0,-0.0695997182647105,0.0075703990518637,39010.0,0.3525641025641026,0.3778542975659894,0.0
2020-01-16,4175.85,0.6516,350.987,3780.351,16.31711111111111,1.832,97.04799957275392,7.912249999999858,12.189200000000255,1.464258003766478,-0.2680915915915918,-0.0629999999999999,-0.01,0.3230010986328153,-0.41400146484375,0.0105633802816902,0.9999999999935588,0.0130347172662776,0.0401729182131784,0.1081596576107182,1.2538465348953851,-1.1722531809255088e-05,0.0120056325955425,0.009634356240292,0.0046372083176937,114.75,1.0,7.30317595973968e-05,0.0009859591000971,0.0174236407990907,0.0132064898213946,30640.0,0.7051282051282052,0.1576639767177551,0.0,-0.0702292566789797,-0.0006295384142691,41089.0,0.3397435897435897,0.3807390288468742,0.0
2020-01-23,4145.912,14.50975,403.941,3824.2114,15.289046563192905,1.82,97.3260009765625,43.86040000000003,24.641800000000785,-1.0280645479182056,0.3389788431026108,-0.0120000000000002,-0.068,0.278001403808588,0.0700012207031193,0.009634356240292,0.9999999999872612,0.0065279308122492,0.0383378305450621,0.1022227314390467,0.520507507952119,0.0071797344458344,0.0046372083176937,-0.0026610673374773,0.0271818538176502,-32.0,0.0,9.735372195972646e-05,0.000897854126666,-0.0212997577256787,-0.0387233985247695,11716.0,0.5576923076923077,0.184068262990397,0.0,-0.0872944230155952,-0.0170651663366155,-59149.0,0.1282051282051282,0.4047418388887615,-1.0
2020-01-30,4151.63,0.8888,432.061,3727.46125,14.982592592592592,1.7825,97.59000015258788,-96.75014999999983,-63.23025000000007,-0.3064539706003124,0.3398286174373126,-0.0374999999999998,-0.1299999999999999,0.2639991760253934,-0.0625,-0.0026610673374773,0.9999999999961796,0.0218247764367456,0.0278093197643278,0.0853374358046197,2.565558245318001,0.0066823181899405,0.0271818538176502,0.0199487211556501,0.0316223610711512,239.25,1.0,-3.061521745761426e-05,0.0020233454154939,-0.0094364411663017,0.011863316559377,2256.0,0.6346153846153846,0.15409934309093,0.0,-0.0929400593668711,-0.0056456363512759,-48110.0,0.0833333333333333,0.397079331695353,-1.0
2020-02-06,4166.707,3.4574,413.322,3718.6802,16.629736263736262,1.626,97.93799896240236,-8.78105000000005,-53.758550000000014,1.6471436711436702,1.77688315639163,-0.1564999999999998,-0.2689999999999999,0.3479988098144559,1.2130004882812528,0.0199487211556501,0.9999999999978154,0.037420805231964,0.0378839300865434,0.1034933808439142,2.4452030112359453,0.0055087575807835,0.0316223610711512,0.0128755364806867,0.0132224156780102,157.5,1.0,0.0001546129998892,0.0018136932954257,-0.0192706918629467,-0.009834250696645,-4887.0,0.5897435897435898,0.180770051608397,0.0,-0.0834801073623603,0.0094599520045108,-39550.0,0.141025641025641,0.3832565634342825,-1.0
2020-02-13,4182.689,0.5834,411.237,3749.9276,16.74759911894273,1.594,97.98399963378908,31.247399999999743,-30.42340000000013,0.117862855206468,0.4304880078316202,-0.0320000000000002,-0.2380000000000002,0.0460006713867215,0.9360000610351592,0.0128755364806867,0.941040462423394,0.0174535916061339,0.040258595357038,0.1167947360118981,0.9873170816816538,0.0046041848520639,0.0132224156780102,0.0009079903147699,0.0152873263847095,11.25,0.0,0.0001453211775952,0.0013623322191765,-0.0556336858964968,-0.0363629940335501,-15057.0,0.3846153846153846,0.1584092662584356,0.0,-0.0813666868957008,0.0021134204666595,-29190.0,0.1602564102564102,0.3921343286957314,-1.0
2020-02-20,4171.57,3.28725,428.805,3770.8686,15.831086474501108,1.594,98.87000122070312,20.940999999999804,-53.34280000000035,-0.9165126444416228,0.5420399113082031,2.220446049250313e-16,-0.2259999999999997,0.8860015869140625,1.5440002441406335,0.0009079903147699,0.0,0.0088095958068743,0.0312675412153593,0.0999379129894895,1.091437073370583,0.0030065594721626,0.0152873263847095,-0.1001108759197662,0.034187983236186,-1241.5,-1.0,-5.5796571125804655e-05,0.001549421650313,-0.0486072684755255,0.0070264174209712,-5504.0,0.4487179487179487,0.1112693608687911,0.0,-0.1020578015214108,-0.0206911146257099,-47675.0,0.0512820512820512,0.3965192716716124,-1.0
2020-02-27,4158.637,1.5619999999999998,439.365,3739.47775,15.526279069767442,1.5550000000000002,99.51250076293944,-31.390850000000228,12.016499999999269,-0.3048074047336655,0.54368647717485,-0.0389999999999999,-0.2274999999999998,0.6424995422363224,1.9225006103515625,-0.1001108759197662,0.0,0.0963507247026143,-0.0694974256352531,0.0027630514871057,2.153302406071352,0.0049745179114853,0.034187983236186,0.0238356594009723,0.0543108254531613,266.0,1.0,-0.0009940924020067,0.0035748379060698,-0.0338276025940735,0.0147796658814519,-5000.0,0.5128205128205128,0.1407299312119277,0.0,-0.0851878970763348,0.016869904445076,15838.0,0.141025641025641,0.3958941967994753,-1.0
2020-03-05,4241.507,2.2428,374.515,3717.71,20.71934210526316,1.36,98.99200134277343,-21.767749999999523,-0.9702000000002045,5.193063035495717,4.089605841526897,-0.1950000000000002,-0.2660000000000002,-0.5204994201660185,1.054002380371088,0.0238356594009723,0.4401129943492879,0.0387283110517909,-0.0659513590844063,0.0124723083739477,2.7796726265033618,0.0071725532270778,0.0543108254531613,-0.1254622234864232,0.0915536613802905,-1433.5,-1.0,0.0002673360423565,0.0056890734834312,0.0103743041483241,0.0442019067423977,6200.0,0.7243589743589743,0.1814315328535159,0.0,-0.043495980701742,0.0416919163745927,105188.0,0.6282051282051282,0.3116788218497914,0.0
2020-03-12,4311.911,5.5920000000000005,380.556,3864.7492,27.88781181619256,1.038,97.35999908447266,147.0391999999997,114.82159999999976,7.168469710929401,11.14021269724983,-0.3219999999999998,-0.5559999999999998,-1.6320022583007727,-0.6240005493164062,-0.1254622234864232,0.0,0.1288998974205009,-0.1935230024213075,-0.1273525173573206,3.443245985429889,0.0276511756870726,0.0915536613802905,0.0054292076359179,0.1290120168286288,54.25,1.0,-0.0009975441550538,0.0078949444851866,-0.0493352333254935,-0.0597095374738176,695.0,0.4487179487179487,0.1783179535424247,0.0,-0.0427598457467333,0.0007361349550087,88386.0,0.6474358974358975,0.2143279535609339,0.0
2020-03-19,4668.212,4.7794,362.576,3925.763,38.145611353711786,0.748,96.2480010986328,61.01380000000063,154.8944000000006,10.257799537519226,22.31452487921068,-0.29,-0.8460000000000001,-1.1119979858398494,-2.622000122070318,0.0054292076359179,0.2649985783335058,0.0875180411088438,-0.1898800524140711,-0.1325202374527793,3.502739526753493,0.0105569886300458,0.1290120168286288,0.0567859453541035,0.0797162348343503,570.5,1.0,2.6545176399598837e-05,0.0111111364094879,-0.0568546225892313,-0.0075193892637378,-2415.0,0.3717948717948718,0.0827769147612169,0.0,-0.0542228940785199,-0.0114630483317866,97183.0,0.5064102564102564,0.1597875393405274,0.0
2020-03-26,5254.278,63.31079999999999,390.252,4300.8566,59.58472647702407,0.998,100.06800079345705,375.0935999999997,561.3788500000005,21.439115123312284,44.05844740725663,0.25,-0.5570000000000002,3.8199996948242174,0.5555000305175781,0.0567859453541035,0.9999999999988572,0.0824149948196289,-0.0486346020296153,-0.0901339046598821,1.892125293360415,-0.0160380632916692,0.0797162348343503,-0.0204153715738909,0.0594913463037312,-216.75,-1.0,0.0003697244352558,0.0087068062063303,0.0531304110088398,0.1099850335980712,22788.0,0.8012820512820513,-0.0217166040550712,1.0,-0.016671775544315,0.0375511185342049,165952.0,0.8717948717948718,0.0755260460536774,1.0
2020-04-02,5811.607,224.7308,429.267,4800.7152,52.05563596491228,0.8460000000000001,101.50399932861328,499.8585999999996,1083.0051999999996,-7.529090512111793,31.33629385964912,-0.1519999999999999,-0.5139999999999998,1.4359985351562443,2.511997985839841,-0.0204153715738909,0.4531249999989107,0.0399990384846518,-0.0897534078725685,-0.1175759375530289,1.292754145475293,0.0079457287748111,0.0594913463037312,0.0577149587750294,0.0518573904638462,600.25,1.0,-0.0001463960190554,0.0042488920031678,0.041104800980711,-0.0120256100281288,5988.0,0.7948717948717948,0.1195716894748692,0.0,-0.0010379014752597,0.0156338740690552,120247.0,0.9551282051282052,0.1028094721912581,1.0
2020-04-09,6083.141,87.9558,698.578,5157.6092,48.50672489082969,0.674,99.29000091552734,356.89400000000023,1292.86,-3.5489110740825893,20.618913074637128,-0.172,-0.364,-2.213998413085932,1.9300018310546816,0.0577149587750294,0.999999999998581,0.0640652697604654,0.1009031999799845,-0.0764031736702909,1.0510201830359338,-0.0262630299003034,0.0518573904638462,0.0460660879050951,0.0380439765345355,506.75,1.0,0.0006229269099794,0.0044639151279312,-0.0381194409148665,-0.0792242418955776,3588.0,0.5128205128205128,0.1146531988698202,0.0,-0.0364638815107013,-0.0354259800354415,5676.0,0.7115384615384616,0.1399707753997013,0.0
2020-04-16,6367.887,5.16875,889.815,5296.6072,38.72156177156177,0.708,100.1780014038086,138.9980000000005,1370.8442,-9.78516311926792,0.575950417849981,0.0339999999999999,-0.04,0.88800048828125,3.930000305175781,0.0460660879050951,0.9999999999975432,0.0353690064959047,0.1453988951376101,-0.0430760275254152,0.7298751729666533,0.0437853345207515,0.0380439765345355,-0.0117751852093245,0.0350796692319897,-135.5,-1.0,0.0006084816696495,0.003279783917543,-0.0370241101179601,0.0010953307969064,5728.0,0.5192307692307693,0.1200052354022261,0.0,-0.0501299775664695,-0.0136660960557682,13625.0,0.5448717948717948,0.1317669697446104,0.0
2020-04-23,6573.136,11.5058,901.331,5472.903249999999,35.71398976982097,0.69,99.43249893188477,176.296049999999,1172.046649999999,-3.0075720017407974,-23.8707367072031,-0.018,-0.308,-0.7455024719238281,-0.6355018615722656,-0.0117751852093245,0.4426772697138696,0.0331743135401323,0.0710888198172741,-0.0518208158755967,0.6646129809558992,-0.0097932429058671,0.0350796692319897,0.0342735287005078,0.0329742722849931,389.75,1.0,-0.0002803163887482,0.0031809972636066,-0.1069816845287939,-0.0699575744108337,-34777.0,0.1666666666666666,0.1788498176320832,-1.0,-0.0821633086390131,-0.0320333310725435,-206244.0,0.1602564102564102,0.1700274120348558,-1.0
2020-04-30,6655.929,5.6664,997.507,5660.2992,38.48748908296943,0.62,100.16399993896484,187.395950000001,859.5840000000007,2.773499313148463,-13.568146881942845,-0.0699999999999999,-0.2260000000000001,0.7315010070800838,-1.339999389648426,0.0342735287005078,0.848460931331181,0.0269310887216766,0.130886276772193,-0.0385039852851011,0.6233939308349765,-0.0015458299343849,0.0329742722849931,0.0101390128810101,0.0327527570985328,119.25,1.0,0.0002238072330663,0.0031332978506148,-0.100142814107356,0.0068388704214378,-26166.0,0.1923076923076923,0.1395338458277081,-1.0,-0.0712883298387784,0.0108749788002347,-238190.0,0.3141025641025641,0.1661694043384405,0.0
2020-05-07,6721.42,1.8366,1127.49,5652.7556,34.480000000000004,0.632,99.7759994506836,-7.543599999999969,495.1464000000005,-4.007489082969428,-14.026724890829684,0.012,-0.042,-0.38800048828125,0.4859985351562557,0.0101390128810101,0.9999999999974344,0.0328051680239042,0.0800190900413617,-0.0411016949152542,0.6007223485658233,0.0165296966841771,0.0327527570985328,-0.0023777960145613,0.0249091304255255,-28.25,0.0,0.0002888806145659,0.0025147346167306,-0.0972869475271112,0.0028558665802447,-10572.0,0.2179487179487179,0.1446979658983994,0.0,-0.0990660681858271,-0.0277777383470487,-204248.0,0.0641025641025641,0.1777947261204913,-1.0
2020-05-14,6934.227,3.1171999999999995,1177.494,5592.093400000001,34.967089715536105,0.658,99.59400024414064,-60.66219999999976,295.4862000000003,0.4870897155361007,-3.754472056025662,0.026,-0.0499999999999999,-0.1819992065429687,-0.5840011596679631,-0.0023777960145613,0.3042720139483722,0.0241932081839274,0.0300028243064154,-0.0442495716157645,0.4502400946676422,0.0070554920580463,0.0249091304255255,0.0233073191309849,0.0277295185479243,276.25,1.0,-7.018480420251395e-05,0.0029005176093449,-0.0717866724479011,0.0255002750792101,-6456.0,0.3269230769230769,0.1771821901845478,0.0,-0.0930634076565701,0.006002660529257,-129189.0,0.0961538461538461,0.1517687911429635,-1.0
2020-05-21,7037.258,2.3094,1194.41,5753.6158000000005,31.84929824561404,0.6759999999999999,100.12200012207032,161.52239999999983,280.7125500000011,-3.117791469922068,-3.8646915242069326,0.0179999999999999,-0.014,0.5279998779296875,0.6895011901855526,0.0233073191309849,0.6664524421576699,0.032072554879934,0.0665684701123396,0.0868299021035416,0.5061433429725234,-0.0026648329503944,0.0277295185479243,0.0086158919921672,0.0037870334164659,104.5,1.0,0.0001368507567151,0.0023237280972898,-0.0979630044158645,-0.0261763319679634,-220.0,0.2179487179487179,0.2085885513115321,0.0,-0.10153956846045,-0.0084761608038798,-47781.0,0.0576923076923076,0.1604224919541022,-1.0
2020-05-28,7097.316,1.082,1310.491,5840.5386,30.953960612691464,0.686,99.58600158691408,86.92279999999937,180.23939999999948,-0.8953376329225726,-7.533528470277968,0.0100000000000001,0.066,-0.5359985351562528,-0.5779983520507841,0.0086158919921672,0.9999999999814816,0.0044141990068052,0.0401096798877693,0.0706736975690873,0.0748786889048444,-0.0197927993797475,0.0037870334164659,0.0135695747246233,0.0104408497277405,166.0,1.0,0.0001234804213915,0.0025541877085836,-0.134427702027593,-0.0364646976117284,-8688.0,0.0833333333333333,0.1662898781829375,-1.0,-0.1121581030423029,-0.0106185345818529,-118801.0,0.0,0.1496058532802721,-1.0
2020-06-04,7165.217,0.6702,1434.823,5785.743,29.70574712643678,0.6825,99.05249977111816,-54.79560000000038,132.98739999999907,-1.2482134862546843,-4.774252873563224,-0.0035,0.0504999999999999,-0.5335018157959013,-0.7234996795654354,0.0135695747246233,0.5301204819234528,0.0100409298949533,0.0436420259663741,0.2408866871825665,0.238287523441561,-0.0062594851044364,0.0104408497277405,-0.0007661753735105,0.0465475028213695,-9.5,0.0,0.0001476079398942,0.0019597480787442,-0.1558461347987162,-0.0214184327711231,-15046.0,0.032051282051282,0.1971076465938419,-1.0,-0.1303819232506827,-0.0182238202083797,-87935.0,0.0,0.1697525477525046,-1.0
2020-06-11,7168.936,0.3278,1506.558,5729.7238,28.50144104803493,0.716,97.55999908447264,-56.01919999999973,137.6303999999991,-1.2043060784018458,-6.465648667501171,0.0334999999999999,0.0579999999999999,-1.4925006866455135,-2.03400115966798,-0.0007661753735105,0.0,0.0379749389616416,0.0453279898755536,0.2332404319912406,1.2599427850755789,0.0261195101779477,0.0465475028213695,0.0390847272947396,0.020577874449956,484.25,1.0,4.731525059650967e-05,0.0024410590826197,-0.1392001296880811,0.0166460051106351,-15950.0,0.0833333333333333,0.1946560881878951,-1.0,-0.1220568299396694,0.0083250933110132,-90455.0,0.0064102564102564,0.1616755088629813,-1.0
2020-06-18,7094.69,0.8009999999999999,1560.85,5662.0502,29.22665934065934,0.808,96.51400146484374,-67.67360000000008,-91.5656000000008,0.7252182926244046,-2.622638904954698,0.092,0.1320000000000001,-1.0459976196289062,-3.607998657226574,0.0390847272947396,0.9999999999978072,0.0354202268137331,0.061444913944141,0.2125835923518884,0.6427383433849154,0.0007079875951392,0.020577874449956,0.0081753922634768,0.0255020117463983,105.25,1.0,0.0002831461485764,0.0033325315304903,-0.181168332763069,-0.0419682030749879,-19926.0,0.0064102564102564,0.1830455810684594,-1.0,-0.1274642574179796,-0.0054074274783101,-87853.0,0.0064102564102564,0.1800984375862808,-1.0
2020-06-25,7082.302,0.0048,1623.942,5533.038999999999,34.61840611353712,0.724,97.10800018310547,-129.01120000000083,-307.499600000001,5.391746772877781,3.6644455008456553,-0.084,0.0379999999999999,0.5939987182617301,-2.478001403808591,0.0081753922634768,0.6045871559610841,0.0209950497910125,0.0609813418347535,0.2479748082978774,0.8738503850232955,0.0154078254132347,0.0255020117463983,0.0206098195196178,0.0272246146850879,267.5,1.0,6.334027605199299e-05,0.002352132276266,-0.174743821315641,0.006424511447428,-13316.0,0.0128205128205128,0.2362879347821333,-1.0,-0.1295274203367795,-0.0020631629187999,-92098.0,0.0064102564102564,0.1479549559941369,-1.0
2020-07-02,7009.04,0.2804,1657.62,5458.3552,32.82951859956236,0.7,97.18600158691406,-74.68379999999888,-327.3877999999995,-1.7888875139747569,3.123771473125583,-0.024,0.0174999999999999,0.0780014038085852,-1.8664981842041044,0.0206098195196178,0.9999999999979604,0.0370090776983033,0.0683509083210678,0.2041952638516431,1.0034590655768043,0.0050370351325037,0.0272246146850879,0.0280634872704625,0.0216841482832805,371.75,1.0,0.0001716023854603,0.0021783037480425,-0.0810359277173109,0.09370789359833,17934.0,0.3525641025641026,0.3006173279068366,0.0,-0.1350992655009793,-0.0055718451641997,65903.0,0.0,0.1724776252645229,-1.0
2020-07-09,6920.716,0.001,1653.098,5351.1396,31.51901531728665,0.662,97.38999938964844,-107.21559999999954,-378.5841999999993,-1.310503282275711,3.0175742692517176,-0.0379999999999999,-0.0539999999999999,0.2039978027343778,-0.169999694824213,0.0280634872704625,0.9999999999948784,0.0143371149539229,0.099174721039569,0.1834712898390145,0.8415326116918459,0.0249045534106402,0.0216841482832805,-0.0158424202371774,0.0248290146657258,-215.75,-1.0,0.0002260366609751,0.0020228525736237,-0.0608972542392094,0.0201386734781015,17376.0,0.4294871794871794,0.3018481974021156,0.0,-0.1028729602276976,0.0322263052732817,120089.0,0.0833333333333333,0.1494937912666057,-1.0
2020-07-16,6958.604,0.0008,1655.32,5267.617,29.490616438356163,0.6575,96.69999885559082,-83.52260000000024,-394.4331999999995,-2.0283988789304885,0.2639570976968244,-0.0045,-0.1505,-0.6900005340576172,0.185997390747076,-0.0158424202371774,0.0,0.0242860606964988,0.0410711511573713,0.1786004792578099,0.9966197602908804,-0.0298816513596598,0.0248290146657258,0.0027233217063662,0.0365764933928377,36.5,0.0,-5.355246440996333e-05,0.0031837536673541,-0.0952878349448326,-0.0343905807056232,18930.0,0.2692307692307692,0.2839297056955325,0.0,-0.1106050894834505,-0.0077321292557528,128237.0,0.0384615384615384,0.1663791727049311,-1.0
2020-07-23,6964.755,0.0006,1804.944,5303.283200000001,30.924266958424507,0.636,96.36000061035156,35.66620000000057,-229.7557999999981,1.433650520068344,-3.694139155112613,-0.0214999999999999,-0.0879999999999999,-0.3399982452392578,-0.7479995727539119,0.0027233217063662,0.0,0.0299681901891846,0.0354411849683147,0.1426476214768524,1.450676043244599,-0.0058164984398458,0.0365764933928377,0.0182859906616812,0.0253951772624173,245.75,1.0,-6.047137888217212e-05,0.0022931788260739,-0.1045489356556477,-0.0092611007108151,16611.0,0.2115384615384615,0.1818454606933801,0.0,-0.1209117383725823,-0.0103066488891318,135040.0,0.032051282051282,0.1867131330495639,-1.0
2020-07-30,6949.032,0.0616,1816.687,5159.8104,28.114934210526314,0.612,95.31000213623048,-143.47280000000046,-298.54479999999967,-2.8093327478981927,-4.714584389036048,-0.024,-0.0879999999999999,-1.0499984741210966,-1.8759994506835933,0.0182859906616812,0.9999999999970148,0.0244793569601753,0.0330835865400946,0.1518633082928266,1.032312496103507,0.0128334279572102,0.0253951772624173,0.0341432225063937,0.0113267237634882,467.25,1.0,0.0002474786985021,0.0026100751690722,-0.1762307439593524,-0.0716818083037047,-24365.0,0.0128205128205128,0.1664018937638105,-1.0,-0.1199496129065089,0.0009621254660734,35847.0,0.0384615384615384,0.1900608913669758,-1.0
2020-08-06,6945.237,0.031,1745.228,5132.2834,27.748810572687223,0.586,93.63000030517578,-27.527000000000044,-218.85620000000017,-0.3661236378390917,-3.770204744599429,-0.026,-0.076,-1.6800018310546818,-3.759999084472653,0.0341432225063937,0.9999999999973028,0.0261972477874542,0.0391930095091235,0.1940307951908879,0.4826369593672336,0.0097716517522787,0.0113267237634882,-0.006076772244696,0.0280554436439541,-86.0,-1.0,0.0002096154660853,0.0018609684940108,-0.1831292578593576,-0.0068985139000051,-28637.0,0.0064102564102564,0.1747640495213091,-1.0,-0.0999732164679812,0.0199763964385277,7735.0,0.1346153846153846,0.2058569426957077,-1.0
2020-08-13,6957.277,0.0474,1669.733,5199.978,26.10537610619469,0.546,93.1979995727539,67.69459999999981,-67.63900000000012,-1.6434344664925329,-3.385240332161473,-0.0399999999999999,-0.1114999999999999,-0.4320007324218835,-3.50199928283692,-0.006076772244696,0.9999999999966304,0.0210965964631653,0.0495047658129861,0.1597444089456869,1.194073558620537,-0.011931281462434,0.0280554436439541,0.0214698302674842,0.0174703663375474,302.0,1.0,8.993036122325555e-07,0.002357218180417,-0.1809674229762957,0.0021618348830619,-21111.0,0.0192307692307692,0.1671070937934776,-1.0,-0.1303005008971012,-0.03032728442912,-59169.0,0.0128205128205128,0.2287114995602298,-1.0
2020-08-20,7010.637,0.0638,1643.505,5287.4966,27.20626931567329,0.6399999999999999,93.48600006103516,87.51859999999942,-15.786600000001272,1.100893209478599,-3.717997642751218,0.0939999999999998,0.0039999999999998,0.2880004882812557,-2.8740005493164062,0.0214698302674842,0.9999999999970888,0.023906878012284,0.0691258812805775,0.1745243496209101,0.7091439958255155,0.0182500160259981,0.0174703663375474,0.0330938005672227,0.0165872532004795,475.5,1.0,0.0001872965688788,0.0013313147724159,-0.2136278359418539,-0.0326604129655581,-26872.0,0.0,0.1432169248244088,-1.0,-0.1348560254898874,-0.0045555245927862,-45819.0,0.0064102564102564,0.2489335908849302,-1.0
2020-08-27,6990.418,0.0046,1622.69,5367.0682,26.17632743362832,0.6799999999999999,92.77999877929688,79.57160000000022,207.2577999999994,-1.0299418820449695,-1.9386067768979949,0.04,0.0679999999999999,-0.7060012817382812,-2.530003356933591,0.0330938005672227,0.9103086779244955,0.0289178947368421,0.0846729996346364,0.1971490211101478,0.6595840181417807,0.0072945165282152,0.0165872532004795,-0.0102568421052631,0.048329176987349,-152.25,-1.0,0.000298817673595,0.0019796623053143,-0.2540792540792541,-0.0404514181374001,-19265.0,0.0,0.254170580663118,-1.0,-0.1267542108020767,0.0081018146878107,-30096.0,0.0384615384615384,0.2487958406765129,-1.0
2020-09-03,7017.492,0.0066,1639.159,5367.723399999999,25.858017817371937,0.682,93.11800079345704,0.6551999999992404,235.4399999999987,-0.3183096162563821,-1.8907927553152848,0.0020000000000001,0.096,0.3380020141601534,-0.5119995117187557,-0.0102568421052631,0.0,0.0415886737229009,0.0381034817785157,0.1857785669605924,1.910506571125256,-0.0045408372917853,0.048329176987349,-0.0423544226253276,0.0545499481398713,-622.25,-1.0,-0.0001818902575684,0.0028382891075549,-0.2457113918879238,0.0083678621913302,-17282.0,0.0064102564102564,0.2315954771196214,-1.0,-0.1349151727678912,-0.0081609619658145,-105856.0,0.0064102564102564,0.2598571829129296,-1.0
2020-09-10,7010.614,0.00275,1611.083,5378.3264,28.39852747252748,0.686,92.48799896240234,10.603000000000977,178.34839999999986,2.540509655155536,2.2931513663327827,0.004,0.14,-0.6300018310546847,-0.7100006103515568,-0.0423544226253276,0.2411674347153278,0.03470334239565,0.0002132764596107,0.0928421624980582,1.9393791841291104,-0.0130654664982474,0.0545499481398713,-0.0093110862341631,0.0302276744788139,-131.0,-1.0,-0.0002731141335555,0.0043129787106682,-0.2126919248780328,0.0330194670098909,-10778.0,0.0192307692307692,0.2038156542170444,-1.0,-0.1227772518202293,0.0121379209476619,6234.0,0.0512820512820512,0.2460241014818859,-1.0
2020-09-17,7064.475,0.0118,1614.855,5399.528249999999,35.16913043478261,0.7,93.20000076293944,21.201849999999467,112.0316499999999,6.770602962255136,7.96286111910932,0.0139999999999999,0.06,0.7120018005371094,-0.2859992980957031,-0.0093110862341631,0.0,0.0269043818269868,-0.0299270962016947,0.0738871660535085,1.0598267285905862,-0.0103708705368873,0.0302276744788139,-0.0131652108406722,0.0312001637093478,-183.5,-1.0,-9.622792113734556e-05,0.0028389417712644,-0.0932006395457789,0.1194912853322539,26841.0,0.3461538461538461,0.1283118622982978,0.0,-0.0911487921773544,0.0316284596428748,116629.0,0.2243589743589743,0.2264163561987718,0.0
2020-09-24,7093.161,0.0118,1680.688,5449.608200000001,30.943695652173915,0.682,93.1260009765625,50.07995000000119,82.54000000000087,-4.225434782608694,4.767368218545595,-0.0179999999999999,0.0020000000000001,-0.0739997863769588,0.3460021972656193,-0.0131652108406722,0.1957878315126496,0.0233010414584052,-0.0733642105263158,0.0383490290071149,1.081362827540412,0.0149827527911623,0.0312001637093478,0.0496555735291444,0.0211208770363247,683.0,1.0,-8.784518006907454e-05,0.0034688208645486,-0.0214746644314567,0.0717259751143222,50943.0,0.7371794871794872,0.118568508801139,0.0,-0.0876447828652462,0.0035040093121082,91065.0,0.2371794871794871,0.214700558568546,0.0
2020-10-01,7056.129,0.4303999999999999,1679.152,5412.4612,31.23570806100218,0.682,93.83999938964844,-37.14700000000085,44.73780000000079,0.2920124088282634,5.377690243630241,0.0,0.0,0.713998413085946,0.7219985961914119,0.0496555735291444,0.9999999999977184,0.0303544527367491,-0.0172718919102882,0.0601571391856665,0.7332188551395259,0.01639913369831,0.0211208770363247,-0.0024761475991758,0.0393865761807751,-35.75,0.0,0.0003209238203254,0.0022787630359114,0.0547622561495345,0.0762369205809912,75920.0,0.9423076923076924,0.1262194405708141,1.0,-0.0656624413504351,0.021982341514811,208120.0,0.4743589743589743,0.2657270605038272,0.0
2020-10-08,7074.649,0.0446,1697.074,5376.5466,30.6704203539823,0.672,94.06600036621094,-35.914600000000064,-1.7798000000002503,-0.565287707019877,2.2718928814548285,-0.01,-0.014,0.2260009765625028,1.5780014038085994,-0.0024761475991758,0.9999999999967294,0.0212296903207887,0.0236508698047159,0.0745555949338754,1.312062647655693,-0.0197784731805711,0.0393865761807751,0.0232606582419108,0.032048940751774,335.0,1.0,8.21717403966792e-05,0.0024046033303037,-0.0132331383619501,-0.0679953945114846,48494.0,0.8205128205128205,0.1317871086663086,1.0,-0.0657932186560538,-0.0001307773056186,179763.0,0.4679487179487179,0.2389928894049384,0.0
2020-10-15,7151.426,0.00025,1680.998,5377.5304,31.2569844789357,0.766,93.68399963378906,0.9837999999999738,-21.997849999999744,0.5865641249533979,-3.91214595584691,0.0939999999999999,0.066,-0.3820007324218863,0.4839988708496037,0.0232606582419108,0.3995983935732273,0.0253443713103073,0.057306333291482,0.0965641683873728,1.0812176099340511,0.0139946255669534,0.032048940751774,-0.015216801248558,0.0108760238661175,-224.25,-1.0,0.0001523801857567,0.0022837056744132,-0.0276862869456796,-0.0144531485837295,15692.0,0.7051282051282052,0.1141361143343111,0.0,-0.0701513211829463,-0.0043581025268925,72977.0,0.4294871794871794,0.2371280071400013,0.0
2020-10-22,7177.265,0.0028,1724.792,5470.427750000001,28.83369710467706,0.75,93.37999877929688,92.8973500000011,20.819550000000163,-2.4232873742586385,-2.109998547496854,-0.016,0.0679999999999999,-0.3040008544921875,0.253997802734375,-0.015216801248558,0.0,0.010215155639007,0.0551082353368836,0.0604859335038363,0.3825329873503509,-0.0088746896273935,0.0108760238661175,-0.0211538130264766,0.0405661676471678,-307.0,-1.0,-0.0001020009680377,0.0024854144377014,-0.1132349885726158,-0.0855487016269361,-18134.0,0.2371794871794871,0.1320139162109711,0.0,-0.098824210104672,-0.0286728889217256,10637.0,0.1794871794871795,0.2694832755418708,-1.0
2020-10-29,7146.306,0.004,1680.933,5452.4702,29.22558498896248,0.8099999999999999,93.1479995727539,-17.957550000000992,40.009000000000015,0.3918878842854134,-2.010123072039704,0.0599999999999999,0.1279999999999999,-0.2319992065429659,-0.6919998168945369,-0.0211538130264766,0.3956665096554015,0.0373616317336289,-0.0160689858184274,0.0037803176173401,1.3141726576982176,0.0145886950277449,0.0405661676471678,0.0516516199426289,0.0476415115457834,733.75,1.0,-0.0002888651464598,0.002535617425556,-0.1288638461783338,-0.0156288576057179,-46518.0,0.1794871794871795,0.0799214156104615,-1.0,-0.0782751132946021,0.0205490968100699,-28239.0,0.3525641025641026,0.2598532221001263,0.0
2020-11-05,7157.479,0.0002,1621.346,5465.369,31.733458149779736,0.818,93.2260009765625,12.898799999999936,88.82240000000002,2.5078731608172617,1.0630377957974346,0.008,0.1459999999999999,0.0780014038085994,-0.8399993896484403,0.0516516199426289,0.9999999999990292,0.0689614779611098,0.0373212053881404,0.0620812227850351,1.4658750728922645,0.0005893996816441,0.0476415115457834,-0.0171692493055323,0.0313204565350913,-256.5,-1.0,0.0004761068712362,0.0038442160495389,-0.1440380189391943,-0.0151741727608604,-29147.0,0.1282051282051282,0.0822089284773098,-1.0,-0.064287842241888,0.013987271052714,6073.0,0.5,0.2482258531785275,0.0
2020-11-12,7175.417,0.0,1600.837,5536.132799999999,31.35707692307692,0.844,93.51600189208985,70.76379999999972,158.60239999999976,-0.376381226702815,0.1000924441412216,0.026,0.0779999999999999,0.2900009155273437,-0.1679977416992102,-0.0171692493055323,0.4417077175688195,0.0311074031192535,-0.0036642464545022,0.021905938440659,0.9306451384681476,-0.0238267194668709,0.0313204565350913,0.0113907239664918,0.0125595425918681,167.25,1.0,-6.114095982375634e-05,0.0034952540865028,-0.1508376129712273,-0.006799594032033,-25947.0,0.1089743589743589,0.0753201318651745,-1.0,-0.0670947509893227,-0.0028069087474347,11960.0,0.4743589743589743,0.230644117573857,0.0
2020-11-19,7243.08,0.4237999999999999,1556.892,5574.58,25.97178021978021,0.9125,92.74200134277343,38.44720000000052,104.1522499999992,-5.385296703296703,-2.861916884896843,0.0685,0.1624999999999999,-0.7740005493164119,-0.6379974365234347,0.0113907239664918,0.8356481481404107,0.0072726048383023,0.0232554133434392,0.0004378947368421,0.3769492522644495,7.041891406101008e-05,0.0125595425918681,0.0111109240585174,0.016268774377813,165.0,1.0,8.351020267646852e-05,0.0019543246873714,-0.0839983200335993,0.066839292937628,5615.0,0.4294871794871794,0.0647963040739185,0.0,-0.0651275103200579,0.0019672406692648,83985.0,0.5064102564102564,0.2578600275851755,0.0
2020-11-26,7216.48,0.1215,1517.215,5685.7642000000005,24.62140311804009,0.882,92.47200012207033,111.1842000000006,233.2940000000008,-1.3503771017401291,-4.604181870922385,-0.0304999999999999,0.072,-0.2700012207031221,-0.6759994506835909,0.0111109240585174,0.9999999999959516,0.0164499425583989,0.056983967759534,0.0220365517476091,0.5308401098680269,-2.375250563946274e-05,0.016268774377813,0.0206456768951566,0.0112249567690407,310.0,1.0,0.0001192537573926,0.0013213830397411,-0.1327781342122588,-0.0487798141786595,-3328.0,0.1858974358974359,0.1085825229690573,-1.0,-0.0578681184290983,0.0072593918909595,43932.0,0.5448717948717948,0.2584898514705012,0.0
2020-12-03,7222.414,0.0018,1531.053,5699.143499999999,23.61858173076923,0.8625,92.28000068664552,13.379299999998691,233.7744999999996,-1.0028213872708598,-8.114876419010507,-0.0194999999999999,0.0445,-0.1919994354248047,-0.946000289916995,0.0206456768951566,0.999999999995116,0.013360304073343,0.0258208106027644,0.08927270465732,0.4151731899942251,0.0119642109509743,0.0112249567690407,-0.0039314203683463,0.0209819648978811,-60.25,-1.0,0.0001915719454155,0.0014050951556334,-0.1871769568628719,-0.0543988226506131,-13487.0,0.032051282051282,0.1199152302453308,-1.0,-0.0665910648364799,-0.0087229464073816,-13096.0,0.4871794871794871,0.2708199555881743,0.0
2020-12-10,7242.658,0.0012,1534.243,5691.3592,22.95167832167832,0.8939999999999999,91.36000061035156,-7.784299999999348,155.22640000000047,-0.6669034090909065,-8.405398601398598,0.0314999999999998,0.0499999999999999,-0.9200000762939452,-2.156001281738284,-0.0039314203683463,0.12939001848381,0.0177202751392073,0.0396376762242047,0.0951877029038796,0.7988160192235414,-0.0048556347860911,0.0209819648978811,0.0198493285293155,0.0089435004089901,303.0,1.0,-7.925367953818264e-05,0.0017857832518508,-0.194478889272864,-0.007301932409992,-14205.0,0.0256410256410256,0.1359624336795885,-1.0,-0.0586535886436059,0.007937476192874,8221.0,0.5512820512820513,0.2685200997432303,0.0
2020-12-17,7362.592,0.0282,1529.698,5708.4138,24.154426605504582,0.94,90.86799926757811,17.05460000000039,133.83380000000034,1.2027482838262635,-1.817353614275632,0.0460000000000001,0.0275,-0.4920013427734346,-1.8740020751953068,0.0198493285293155,0.9999999999970328,0.0216469681397738,0.0483325196545512,0.1318271869717733,0.3663626137421806,0.0116544993511069,0.0089435004089901,-0.0029868961973278,0.0067940217811986,-46.5,0.0,0.0001745755875178,0.0013012588289829,-0.2420012514979121,-0.0475223622250481,-39171.0,0.0128205128205128,0.1681587848200665,-1.0,-0.0624806407689109,-0.0038270521253049,-9380.0,0.5256410256410257,0.2770503474441027,0.0
2020-12-24,7404.039,0.348,1602.407,5832.8658,24.847171492204897,0.916,90.48600006103516,124.45199999999932,147.10159999999905,0.6927448867003108,0.225768374164808,-0.024,0.034,-0.3819992065429716,-1.986000061035156,-0.0029868961973278,0.8693877550878468,0.0039461392262345,0.0337157223489452,0.0750636352617271,0.2926224764005842,0.0010772137053625,0.0067940217811986,0.011661244080791,0.0084284148962443,181.0,1.0,-9.730990118350128e-06,0.0019097736359493,-0.2366234629444998,0.0053777885534122,-33840.0,0.0192307692307692,0.1301168956897423,-1.0,-0.0433266694868838,0.019153971282027,16717.0,0.6858974358974359,0.2497712323848936,0.0
2020-12-31,7363.351,2.86525,1591.055,5801.284,25.17822384428224,0.946,90.29000091552734,-31.58179999999993,102.14050000000044,0.3310523520773429,1.5596421135130107,0.0299999999999999,0.0834999999999999,-0.1959991455078125,-1.989999771118164,0.011661244080791,0.9999999999810428,0.0033593376850819,0.0246162379080276,0.0902999583391195,0.4083958507010177,-0.0006957879325431,0.0084284148962443,0.002706575386085,0.0351970315581743,42.5,0.0,0.0001261573594652,0.0008543772622686,,,,,,,,,,,,
2021-01-07,7334.809,0.00275,1669.327,5769.43075,23.793661971830986,0.935,89.97999954223633,-31.85325000000012,78.07154999999966,-1.384561872451254,0.8419836501526632,-0.0109999999999998,0.0410000000000001,-0.3100013732910156,-1.3800010681152344,0.002706575386085,0.9999999999967872,0.0197681803747221,0.0314444808385194,0.0683992671507092,1.684052602693236,-0.0079099796269725,0.0351970315581743,-0.0017148301047952,0.0200375223189911,-27.0,0.0,5.796196361666096e-05,0.0026163949048092,-0.2611498153416295,-0.0532901404852549,-8805.0,0.0,0.2692369759367781,-1.0,-0.0681986710179058,-0.0079755368073997,-16895.0,0.4679487179487179,0.3088300675695954,0.0
2021-01-14,7333.968,0.12,1589.421,5665.47925,25.58848717948718,1.0025,89.67000007629395,-103.9514999999992,-42.934549999999945,1.7948252076561957,1.4340605739825951,0.0674999999999999,0.0624999999999998,-0.3099994659423828,-1.1979991912841823,-0.0017148301047952,0.0519323671495075,0.0131696144547652,0.0096351490236381,0.0830476649842379,0.9249372697405014,-0.0007598275768473,0.0200375223189911,0.0314607456419391,0.0242851233679776,494.5,1.0,-7.374664983063678e-05,0.0013678506528695,-0.2584043314108774,0.002745483930752,2090.0,0.0064102564102564,0.2606587655841157,-1.0,-0.0708907060168867,-0.0026920349989809,-11376.0,0.4230769230769231,0.3080588060215862,0.0
2021-01-21,7414.942,0.75275,1626.906,5744.427,25.271059602649007,1.136,90.25,78.94774999999936,-88.4387999999999,-0.317427576838174,0.4238881104441105,0.1334999999999999,0.2199999999999998,0.5799999237060547,-0.2360000610351562,0.0314607456419391,0.9999999999983143,0.036592135697764,0.0445188931482136,0.1412632208788695,1.1959049027796171,0.0191463056959202,0.0242851233679776,-0.0129221279876637,0.0271822711408388,-209.5,-1.0,0.0002937139485776,0.0013922963635893,-0.3039145202743135,-0.045510188863436,-5092.0,0.0,0.2301099061944388,-1.0,-0.0736615991379745,-0.0027708931210877,-59938.0,0.3846153846153846,0.3151237687705043,0.0
2021-01-28,7404.926,1.5276,1633.54,5787.28325,25.23986175115208,1.1075000000000002,90.46999931335448,42.85625000000073,-14.000749999999243,-0.0311978514969339,0.0616379068698336,-0.0284999999999997,0.1615000000000002,0.2199993133544922,0.1799983978271484,-0.0129221279876637,0.2118421052626004,0.0237455477098044,0.0191370800827894,0.0711871213896047,1.4612580478677748,0.0019087335354156,0.0271822711408388,0.0225895144660375,0.0334294499884594,361.5,1.0,-0.0001845805907495,0.0029555820283271,-0.2673972882480823,0.0365172320262311,-18639.0,0.0064102564102564,0.2438194264223508,-1.0,-0.0773655911496444,-0.0037039920116699,-51990.0,0.3653846153846153,0.323382992704212,0.0
2021-02-04,7410.598,1.5601999999999998,1625.325,5769.8584,27.02507726269316,1.062,90.38199920654296,-17.424850000000333,0.4276500000005399,1.785215511541086,3.2314152908621736,-0.0455,0.127,-0.0880001068115206,0.4019996643066434,0.0225895144660375,0.9999999999984284,0.0388798924501206,0.0393458240711337,0.1145201934209629,1.7802725658651408,0.0033630823505661,0.0334294499884594,0.0110910813040423,0.0074013846443452,181.5,1.0,0.0003329617307248,0.0022979912480826,-0.2359098332751584,0.0314874549729238,1895.0,0.0512820512820512,0.2410766227554199,-1.0,-0.0901511287373844,-0.0127855375877399,-65531.0,0.2307692307692307,0.3196047078960992,0.0
2021-02-11,7442.225,0.0242,1608.906,5783.7128,29.06687912087912,1.124,91.08999938964844,13.854400000000169,118.23354999999992,2.0418018581859627,3.4783919413919406,0.062,0.1215000000000001,0.7080001831054688,1.419999313354495,0.0110910813040423,0.9999999999923664,0.0079173214069865,0.0526784578190608,0.1141899968014006,0.4033920801754405,0.0005804877321,0.0074013846443452,-0.0058020065272573,0.0091904932449295,-96.0,-1.0,5.622194021790525e-05,0.0013458524083842,-0.2335471942470562,0.0023626390281022,2260.0,0.0576923076923076,0.2349530528432425,-1.0,-0.0721515540867792,0.0179995746506052,-9516.0,0.4166666666666667,0.2850011758036646,0.0
2021-02-18,7557.402,0.01375,1567.041,5833.294800000001,26.76400890868597,1.174,90.64000091552734,49.582000000000335,88.8678000000009,-2.3028702121931524,1.4929493060369623,0.0499999999999998,0.038,-0.4499984741211023,0.390000915527338,-0.0058020065272573,0.0,0.0104407294832826,0.0146491904394756,0.0955528545978254,0.5175406814878142,-0.0052545712614775,0.0091904932449295,-0.0487082066869301,0.0333533359819453,-801.25,-1.0,-5.389390825217222e-05,0.0013799953654235,-0.230505350468486,0.0030418437785702,16572.0,0.0641025641025641,0.2335645896267472,-1.0,-0.0881072471868075,-0.0159556931000283,-40884.0,0.2371794871794871,0.3057316743553212,0.0
2021-02-25,7590.111,2.3028000000000004,1529.977,5990.34725,26.03180974477958,1.27,90.63249969482422,157.05244999999923,203.0639999999994,-0.7321991639063903,0.791947993627506,0.096,0.1624999999999998,-0.0075012207031193,0.1625003814697265,-0.0487082066869301,0.0,0.0475597092419522,-0.0221364744110479,0.0211089541769302,1.701523470432317,-0.0308520419282074,0.0333533359819453,-0.0240754053838165,0.0422233776477197,-376.75,-1.0,-0.0004944067284111,0.0036183829170094,-0.222261878964789,0.0082434715036969,10542.0,0.0705128205128205,0.1987950015508619,-1.0,-0.1093591574539268,-0.0212519102671192,-87206.0,0.0897435897435897,0.3096588204279111,-1.0
2021-03-04,7557.524,2.7624,1429.549,6057.8312,25.252907488986786,1.4,90.1699996948242,67.48394999999982,287.97279999999955,-0.7789022557927971,-1.772169773706377,0.1299999999999999,0.3379999999999998,-0.4625000000000057,-0.2119995117187585,-0.0240754053838165,0.0,0.0540040597171293,-0.066760365425158,0.0004585653455617,1.975625135624801,-0.0101330708793271,0.0422233776477197,0.0388455997904662,0.0483863531486091,593.25,1.0,-0.0001232627587909,0.003732863186175,-0.2159703419835881,0.0062915369812009,2897.0,0.0769230769230769,0.0941267130420294,-1.0,-0.0794292239078175,0.0299299335461092,25248.0,0.3397435897435897,0.303160243054443,0.0
2021-03-11,7579.901,2.4352,1360.064,6125.212600000001,25.55070484581498,1.464,91.06799926757812,67.38140000000112,341.4998000000005,0.2977973568281982,-3.5161742750641416,0.064,0.3399999999999998,0.8979995727539176,-0.0220001220703096,0.0388455997904662,0.9999999999986684,0.0473361592158963,-0.0411428744107337,0.0190936536485097,1.962213619798104,0.0001034471972871,0.0483863531486091,-0.0169237799593451,0.0307071242285264,-268.5,-1.0,0.0003107434295113,0.0031293531464685,-0.2026014687561471,0.0133688732274409,5383.0,0.1025641025641025,0.0338707297882106,-1.0,-0.0501280530266372,0.0293011708811802,51819.0,0.6858974358974359,0.2547982392392635,0.0
2021-03-18,7693.506,6.815,1272.583,6217.4018,26.869185022026432,1.554,91.89199981689453,92.18919999999888,384.1069999999991,1.3184801762114515,0.1051761133404625,0.09,0.3800000000000001,0.8240005493163949,1.2519989013671875,-0.0169237799593451,0.0,0.0262394409091637,-0.0518693009118541,0.0048481139065168,1.1521584709772374,-0.0112611424770409,0.0307071242285264,-0.0005930722746726,0.0231014016991496,-9.25,0.0,-0.0001161365339703,0.0027972288314126,-0.1306049036003913,0.0719965651557558,20912.0,0.282051282051282,-0.0160416206493957,0.0,-0.0366495461344265,0.0134785068922107,128910.0,0.7884615384615384,0.2392818009869426,0.0
2021-03-25,7719.622,18.5356,1061.138,6414.108,24.33918502202643,1.644,91.7260009765625,196.7062000000005,423.7607500000004,-2.530000000000001,-1.6926247227531483,0.09,0.3740000000000001,-0.1659988403320227,1.093501281738284,-0.0005930722746726,0.0,0.0193263833199679,-0.0039140506430226,-0.0073236745741124,0.8287625494636047,0.000611615054207,0.0231014016991496,0.0349959903769045,0.0200491886079517,545.5,1.0,2.416837474467999e-05,0.0022625130544374,-0.1510460982574742,-0.0204411946570829,13433.0,0.1987179487179487,0.0113099053946422,-1.0,-0.0468578023874774,-0.0102082562530509,144747.0,0.6987179487179487,0.2175511448428215,0.0
2021-04-01,7688.988,60.0822,1025.727,6639.9484,22.70646153846154,1.662,92.29399871826172,225.84040000000005,582.1172000000006,-1.6327234835648916,-2.546445950525243,0.018,0.2620000000000002,0.5679977416992159,2.1239990234375057,0.0349959903769045,0.9999999999977156,0.0271338250790305,0.0563776846516501,0.0246427437281677,0.7533818814419535,0.0109828324821676,0.0200491886079517,0.0267619165685242,0.0174897736605054,431.75,1.0,0.0002912624831414,0.0018862370943189,-0.1715507018311186,-0.0205046035736444,13802.0,0.1666666666666666,0.0488283275542549,-1.0,-0.0793288990088906,-0.0324710966214132,9195.0,0.3461538461538461,0.2898990781770139,0.0
2021-04-08,7708.882,21.269,1010.103,6603.178800000001,21.27870246085012,1.7120000000000002,93.03400115966797,-36.76959999999963,477.96619999999984,-1.4277590776114266,-4.272002384964868,0.05,0.2480000000000002,0.7400024414062472,1.9660018920898352,0.0267619165685242,0.9999999999943742,0.010730617727403,0.0440900710672695,0.0538713576790941,0.6624929377188362,0.0098436169647122,0.0174897736605054,0.0160732881570806,0.021023019194563,266.25,1.0,0.0002443706599506,0.0011821274432854,-0.174247401340953,-0.0026966995098344,10715.0,0.1602564102564102,0.0436214732484363,-1.0,-0.0776413596478915,0.0016875393609991,-60409.0,0.3974358974358974,0.2998693006179367,0.0
2021-04-15,7793.104,35.7022,925.094,6677.509999999999,20.157538860103628,1.688,92.36499786376952,74.33119999999872,460.10819999999967,-1.1211636007464847,-6.711646161922804,-0.0240000000000002,0.1339999999999999,-0.6690032958984347,0.4729980468750057,0.0160732881570806,0.9999999999953544,0.0127889014318816,0.0791350762178018,0.0381495759444872,0.8046134618425513,0.0005947159763919,0.021023019194563,-0.0156704889786702,0.0162005734982292,-263.75,-1.0,0.0001025686531094,0.0014264963434325,-0.1309812291460846,0.0432661721948684,5005.0,0.3012820512820512,0.0905968646895446,0.0,-0.0977255532003528,-0.0200841935524613,-153349.0,0.2051282051282051,0.3065648126592825,0.0
2021-04-22,7820.948,69.0916,1015.902,6832.3078000000005,20.66016279069768,1.64,91.9020004272461,154.7978000000012,418.1998000000003,0.5026239305940479,-3.679022231328755,-0.048,-0.0040000000000002,-0.4629974365234375,0.1759994506835909,-0.0156704889786702,0.0,0.0168555433158792,0.0628548516439455,0.0352590139348871,0.6425495411332536,-0.0084639356812833,0.0162005734982292,0.012268179691862,0.0135905279063265,203.25,1.0,-0.0001111458315392,0.0019879576389465,-0.0950807738611865,0.035900455284898,18501.0,0.4551282051282051,0.0905451185709886,0.0,-0.1017180087167627,-0.0039924555164098,-125350.0,0.1602564102564102,0.3100045316272021,-1.0
2021-04-29,7780.962,131.4166,967.689,6735.9544000000005,20.513518930957684,1.584,91.27200012207032,-96.35339999999997,96.00600000000033,-0.1466438597399921,-2.192942607503856,-0.0559999999999998,-0.078,-0.6300003051757841,-1.021998596191409,0.012268179691862,0.5136268343772442,0.0071107003369011,0.0395152792413067,0.02480980170491,0.5768545664496315,-0.0035551008972027,0.0135905279063265,-0.0212128439819921,0.0174963158728413,-355.75,-1.0,6.718116266659924e-05,0.0014462082892583,-0.0471202508434795,0.047960523017707,27767.0,0.717948717948718,0.086048665101951,0.0,-0.0922276750011443,0.0094903337156183,-46316.0,0.2307692307692307,0.3117526592686346,0.0
2021-05-06,7810.486,155.697,953.689,6681.856400000001,19.95664367816092,1.614,90.76000061035155,-54.09799999999996,78.67759999999998,-0.5568752527967646,-1.3220587826891936,0.03,-0.098,-0.5119995117187415,-2.2740005493163977,-0.0212128439819921,0.2973537604448542,0.021870573721805,-0.0090553736096228,-0.0079324307989846,0.717034001229311,-0.0193107259478568,0.0174963158728413,-0.0303081070378775,0.0320863602389975,-497.5,-1.0,-0.0001321414514869,0.0018514877131414,-0.0916334295641158,-0.0445131787206363,18758.0,0.4871794871794871,0.0804712707511967,0.0,-0.091079233577974,0.0011484414231703,-47995.0,0.25,0.3104892285249578,0.0
2021-05-13,7830.663,192.7262,898.779,6701.099999999999,20.07327313769752,1.612,91.15599822998048,19.24359999999888,23.590000000000146,0.1166294595365968,-0.084265722406112,-0.002,-0.0759999999999998,0.3959976196289005,-1.2089996337890625,-0.0303081070378775,0.1430579964848603,0.0446842262325464,-0.0542897035232606,-0.032386018237082,1.2195988494170338,-0.0123323151244085,0.0320863602389975,0.0242661263723318,0.0253863834844977,386.25,1.0,-0.0002472079931285,0.002841491113974,-0.1217796324397234,-0.0301462028756076,-784.0,0.3397435897435897,0.0554881133029843,0.0,-0.0951920187666757,-0.0041127851887017,-2325.0,0.2179487179487179,0.3267536378544577,0.0
2021-05-20,7922.883,267.7468,866.119,6739.157799999999,22.694966740576497,1.6439999999999997,90.40800018310549,38.05779999999959,-93.15000000000146,2.621693602878981,2.034803949878821,0.0319999999999995,0.0039999999999997,-0.7479980468749972,-1.4940002441406222,0.0242661263723318,0.999999999996357,0.0168368755175269,-0.0159199625767704,0.041840402588066,0.9899142349131456,0.0143531923536599,0.0253863834844977,0.0109792375870212,0.0164039190838534,179.0,1.0,0.000184339038719,0.0019362837720146,-0.1261629645262843,-0.0043833320865608,-8318.0,0.3397435897435897,0.0492797973935524,0.0,-0.0845511584465668,0.0106408603201089,44399.0,0.3141025641025641,0.3256078455002862,0.0
2021-05-27,7903.541,426.5108,812.473,6789.0172,22.370682819383266,1.6439999999999997,90.05800018310546,49.85940000000119,53.0627999999997,-0.3242839211932349,1.8571638884255783,0.0,0.0599999999999996,-0.3500000000000085,-1.2139999389648466,0.0109792375870212,0.8823031329351997,0.0179129379645078,-0.0171730121344027,0.0792627029858563,0.698234861768361,0.0016829509082365,0.0164039190838534,-0.0082663430911572,0.0107156669403743,-136.25,-1.0,9.769821014703618e-05,0.0013280722500787,-0.0851796453150975,0.0409833192111867,-9140.0,0.5128205128205128,-0.0091982963193655,0.0,-0.0777191254828318,0.006832032963735,44205.0,0.4358974358974359,0.3183544786943312,0.0
2021-06-03,7935.703,461.34075,783.235,6664.5572,20.50171875,1.598,89.9,-124.46000000000004,-17.299200000000383,-1.86896406938326,0.5450750718390829,-0.0459999999999996,-0.016,-0.1580001831054573,-0.8600006103515625,-0.0082663430911572,0.0,0.0096199434120975,-0.0041730760444113,0.030317832999795,0.5264600587296885,-0.0066712005574534,0.0107156669403743,0.0263363156687312,0.0139777693103012,430.5,1.0,-9.481050079344348e-05,0.0013681772624363,-0.109992801686462,-0.0248131563713644,-5706.0,0.3717948717948718,-0.0006984078016007,0.0,-0.0667846118136442,0.0109345136691875,64414.0,0.5897435897435898,0.3106931044125253,0.0
2021-06-10,7952.327,500.9442,730.235,6691.1272500000005,19.033922518159805,1.605,90.06500053405762,26.570050000000265,-9.972749999998996,-1.4677962318401967,-1.039350619537711,0.0069999999999998,-0.0070000000000001,0.1650005340576115,-1.0909976959228516,0.0263363156687312,0.9999999999948188,0.0115040159744885,0.0539980210149366,0.0756567874717488,0.7372212051464347,0.0166986307746428,0.0139777693103012,0.0119063585020937,0.0154816770862202,199.75,1.0,0.000239847766279,0.0014118341598311,-0.0917595533051142,0.0182332483813477,7018.0,0.4807692307692308,-0.0085999672781732,0.0,-0.0749312381753509,-0.0081466263617067,50182.0,0.4679487179487179,0.3099445569397049,0.0
2021-06-17,8064.257,583.6002000000001,653.889,6721.147800000001,20.22912844036697,1.522,90.0740005493164,30.020550000000185,-18.0099999999984,1.1952059222071654,-2.4658383002095263,-0.0829999999999999,-0.1219999999999996,0.0090000152587919,-0.3339996337890625,0.0119063585020937,0.9999999999945504,0.0108090595823638,0.0412794798662863,0.0891098636728147,0.844834617787217,0.0156837959701897,0.0154816770862202,0.0116631814567196,0.013292464389355,198.0,1.0,0.0001113033385619,0.001393856075702,-0.1214041275639814,-0.0296445742588672,-219.0,0.3461538461538461,0.0184879595221599,0.0,-0.0665882855921334,0.0083429525832175,36984.0,0.6153846153846154,0.3095364745418932,0.0
2021-06-24,8101.945,786.113,734.689,6826.7678,19.23265588914549,1.516,90.92799835205078,105.61999999999898,37.7505999999994,-0.9964725512214764,-3.138026930237768,-0.006,-0.1279999999999996,0.8539978027343693,0.8699981689453153,0.0116631814567196,0.9999999999968676,0.0185886051995691,0.0419839223418776,0.0645571189487386,0.7483637137809658,0.0026961800219993,0.013292464389355,0.011310372936621,0.010405078810609,194.25,1.0,8.923914373341202e-05,0.0010702222805445,-0.0699661124899185,0.0514380150740629,-794.0,0.5705128205128205,0.0154172594384849,0.0,-0.0753350752391699,-0.0087467896470365,-31248.0,0.4679487179487179,0.306417830307237,0.0
2021-07-01,8078.544,829.9362000000001,745.962,6581.142999999999,19.34433035714286,1.484,91.88800201416016,-245.6248000000005,-83.41420000000107,0.1116744679973642,-1.1573883928571431,-0.032,-0.1140000000000001,0.9600036621093722,1.9880020141601449,0.011310372936621,0.935267857138682,0.012896725440806,0.0625525732201575,0.0485368025475785,0.6059453250963753,0.0001885406274442,0.010405078810609,0.0094278517452321,0.0134780831634399,163.75,1.0,8.339134817726267e-05,0.0008891441098252,-0.0342451367258199,0.0357209757640986,18008.0,0.7756410256410257,0.0190598340252671,0.0,-0.0667885130528526,0.0085465621863173,11467.0,0.6025641025641025,0.3776364297292701,0.0
2021-07-08,8097.773,770.801,753.364,6502.6458,17.7875117370892,1.49,92.15599975585936,-78.49719999999888,-188.48145000000025,-1.556818620053658,-1.2464107810706049,0.006,-0.1149999999999999,0.2679977416992187,2.090999221801752,0.0094278517452321,0.0,0.005133323827178,0.0450474615166822,0.0416790446200463,0.8147351323010047,0.0089758175915406,0.0134780831634399,0.004292029088835,0.0097313307182171,75.25,1.0,8.170126093015945e-05,0.0012572193075278,-0.0711360168470647,-0.0368908801212447,5929.0,0.5576923076923077,0.0509962790116626,0.0,-0.0736460858627587,-0.0068575728099061,17964.0,0.4935897435897436,0.3758528244737829,0.0
2021-07-15,8201.651,798.3142,704.918,6573.608,18.76143216080402,1.36,92.44500160217284,70.96219999999994,-147.53980000000047,0.9739204237148192,-1.467696279562951,-0.1299999999999999,-0.1619999999999999,0.2890018463134822,2.3710010528564425,0.004292029088835,0.0,0.0059206883332623,0.0371837540129,0.0628046296156574,0.6080638275545636,-0.0035396893709269,0.0097313307182171,0.0080078374579375,0.0181771891205008,141.0,1.0,5.067309276554464e-05,0.0017919504253628,-0.0996197785253714,-0.0284837616783067,6171.0,0.4166666666666667,0.0752295346229324,0.0,-0.0691761481159162,0.0044699377468425,6924.0,0.5897435897435898,0.3682409243148995,0.0
2021-07-22,8240.53,862.1078,678.103,6698.4188,19.86165898617511,1.37,92.4280014038086,124.8108000000002,-128.34899999999925,1.1002268253710916,0.6290030970296172,0.0099999999999997,-0.1460000000000001,-0.0170001983642578,1.5000030517578151,0.0080078374579375,0.9999999999974212,0.0218466089161208,0.033436199015983,0.0583315941683313,1.109310820145576,0.0065134414429934,0.0181771891205008,0.006155363053736,0.0153906152495656,109.25,1.0,9.613087870900031e-05,0.0014190134775114,-0.1247492272324157,-0.0251294487070443,-8764.0,0.3333333333333333,0.0831618463763873,0.0,-0.0749604559606276,-0.0057843078447113,37535.0,0.4743589743589743,0.3677690628100655,0.0
2021-07-29,8221.473,929.669,578.204,6700.319200000001,21.00532584269663,1.26,92.8240005493164,1.9004000000004453,119.1762000000017,1.14366685652152,1.660995485553773,-0.1099999999999998,-0.2239999999999999,0.3959991455078153,0.9359985351562584,0.006155363053736,0.5294117647027682,0.009519543061933,0.0281684059014033,0.0879239708189281,0.9494199880245536,-0.0042400609701385,0.0153906152495656,0.0072796505767722,0.0092345778714023,130.0,1.0,-6.226367471540827e-05,0.0017088816109866,-0.069176061262429,0.0555731659699867,-8561.0,0.5769230769230769,0.0551395971551856,0.0,-0.0663052942360447,0.0086551617245828,-5663.0,0.6538461538461539,0.354042032596233,0.0
2021-08-05,8235.073,949.2486,492.668,6713.6,20.43159645232816,1.276,92.43400115966796,13.280799999999545,210.95420000000013,-0.5737293903684737,2.6440847152389573,0.016,-0.2139999999999999,-0.3899993896484375,0.2780014038086023,0.0072796505767722,0.9999999999953488,0.0119524127195908,0.0259803222586625,0.1300947085708901,0.6454934757847053,0.0053597923509181,0.0092345778714023,-0.0049616410940627,0.0076760572576447,-89.25,-1.0,0.0001581406378982,0.0011703739844566,-0.119196325866344,-0.050020264603915,-12034.0,0.3525641025641026,0.0682466918311875,0.0,-0.0759658588668651,-0.0096605646308203,-13150.0,0.4679487179487179,0.3433239788618697,0.0
2021-08-12,8257.159,1004.071,434.919,6793.156400000001,20.43067415730337,1.21,92.16199951171876,79.5564000000004,219.54840000000056,-0.0009222950247895,1.6692419964993483,-0.066,-0.1500000000000001,-0.2720016479492244,-0.2830020904541044,-0.0049616410940627,0.5579196217441331,0.0059082338152105,0.01652681347702,0.0978470880485784,0.598272521056467,-0.0114471714827031,0.0076760572576447,-0.0084084084084083,0.0132321638770532,-150.5,-1.0,-4.496206273045328e-05,0.0011183259077882,-0.1649143887053169,-0.0457180628389728,-14041.0,0.1794871794871795,0.1002676613926462,-1.0,-0.0756545613979796,0.0003112974688854,-23444.0,0.4743589743589743,0.3351617609708439,0.0
2021-08-19,8342.598,1073.2814,338.808,6818.169,20.39129716981132,1.342,92.95200042724608,25.01259999999911,119.7501999999995,-0.0393769874920479,0.5296381836362087,0.1320000000000001,-0.0279999999999998,0.7900009155273438,0.5239990234374972,-0.0084084084084083,0.2765583845468777,0.0160438353077063,-2.8170997957599475e-05,0.0767935689367511,1.0530084952325878,0.0019406274715036,0.0132321638770532,0.019537137464257,0.0151808246363329,346.75,1.0,-7.28198200406159e-05,0.0017226126177658,-0.2052374238833728,-0.0403230351780559,-18917.0,0.1025641025641025,0.0576836547979722,-1.0,-0.0756658698897689,-1.130849178926363e-05,-6714.0,0.4743589743589743,0.3409818229553328,0.0
2021-08-26,8332.743,1123.244,301.43,6930.5086,20.48316371681416,1.264,92.997998046875,112.33960000000025,230.1893999999993,0.0918665470028372,-0.522162125882474,-0.078,0.004,0.0459976196289062,0.173997497558588,0.019537137464257,0.6774774774750362,0.0153357281016855,0.0132713629745773,0.1069817236369197,1.1733378850327127,0.006712197889453,0.0151808246363329,0.0180298424979274,0.010994115709994,326.25,1.0,0.0001987554978648,0.0011445963197373,-0.2175844982132348,-0.012347074329862,-34800.0,0.0769230769230769,0.0747541598792334,-1.0,-0.0641603696306454,0.0115055002591234,2627.0,0.7115384615384616,0.3331579673996079,0.0
2021-09-02,8349.173,1120.2888,277.65,6908.069,20.01427927927928,1.298,93.04799957275392,-22.4395999999997,194.46900000000005,-0.4688844375348786,-0.4173171730488789,0.034,0.022,0.0500015258789119,0.6139984130859375,0.0180298424979274,0.954856361143886,0.0099206079934857,0.0240855014454079,0.098022560984696,0.8663937008081674,0.0046367679350287,0.010994115709994,-0.0022935468548551,0.0067815601309075,-42.25,0.0,0.0001419068173841,0.0010551725640616,-0.144661703130022,0.0729227950832128,-4878.0,0.2435897435897435,0.0955869726976131,0.0,-0.064801561293787,-0.0006411916631415,24686.0,0.7051282051282052,0.3208794627715442,0.0
2021-09-09,8357.314,1094.385,253.496,6951.234200000001,18.593837209302325,1.3,92.53000030517578,43.16520000000037,158.07780000000002,-1.4204420699769535,-1.836836948001043,0.002,0.09,-0.5179992675781335,0.3680007934570284,-0.0022935468548551,0.0,0.0063115512269437,0.0268314826454361,0.082614201985097,0.566806573840108,0.0059725046637915,0.0067815601309075,-0.0027613036617879,0.0105456811077873,-50.75,0.0,-1.4947097560274064e-05,0.0008698306427431,-0.1399621852748072,0.0046995178552148,4508.0,0.2692307692307692,0.0897145682096115,0.0,-0.0704015561539223,-0.0055999948601352,8603.0,0.5705128205128205,0.3266215790279441,0.0
2021-09-16,8448.77,1116.9094,230.328,7009.433,19.93416464891041,1.34,92.42250061035156,58.19879999999921,191.26400000000007,1.340327439608085,-0.4571325209009096,0.04,-0.002,-0.107499694824213,-0.5294998168945284,-0.0027613036617879,0.9999999999922928,0.0070792356062362,0.0326792782386995,0.0671780837870097,0.8986055500189115,0.00140617065494,0.0105456811077873,-0.0112394800376468,0.0250632118661375,-206.0,-1.0,-3.063437101551822e-05,0.0015287165704257,-0.1255457071041143,0.0144164781706929,18475.0,0.3653846153846153,0.0868181061669703,0.0,-0.0564859038993052,0.0139156522546171,44331.0,0.7628205128205128,0.3244163243508968,0.0
2021-09-23,8489.824,1263.77,308.022,7101.5326,21.134172185430465,1.322,92.64000091552734,92.09959999999955,171.02399999999943,1.2000075365200544,0.6510084686163076,-0.018,0.058,0.2175003051757755,-0.3579971313476591,-0.0112394800376468,0.9289099526037,0.017464718784919,0.0015059408676429,0.0433825116948543,1.9343200176933015,-0.0061299909865519,0.0250632118661375,-0.0342672681372345,0.0221134966456212,-621.0,-1.0,-0.0001074974573591,0.0020934609677925,-0.1043900050054195,0.0211557020986947,22035.0,0.4423076923076923,0.10303602101556,0.0,-0.0441731260434535,0.0123127778558516,39468.0,0.8269230769230769,0.2829585502160225,1.0
2021-09-30,8447.981,1399.3226,197.744,6918.032,22.475638766519825,1.348,93.23999786376952,-183.5005999999994,9.962999999999738,1.3414665810893602,2.4613594872405464,0.026,0.05,0.5999969482421932,0.1919982910156221,-0.0342672681372345,0.0,0.0363545461038497,-0.0499423220465494,-0.001782404106659,1.616869529233944,-0.0068277963837496,0.0221134966456212,0.0113563316905935,0.0248089612866161,198.75,1.0,-0.0003357516684403,0.0020769981343055,-0.0641514696224055,0.0402385353830139,18595.0,0.6346153846153846,0.1342273123948502,0.0,-0.051298293929392,-0.0071251678859385,52030.0,0.782051282051282,0.3489648745852833,0.0
2021-10-07,8464.032,1408.6763999999998,135.582,6850.914400000001,21.35587196467991,1.512,93.81399841308594,-67.11759999999958,-100.3198000000002,-1.1197668018399156,2.7620347553775844,0.1639999999999999,0.2119999999999999,0.5740005493164091,1.2839981079101648,0.0113563316905935,0.9999999999976134,0.0236723163841807,-0.0369443386473692,0.0052391702517358,1.6613286974981871,-0.0072013025882236,0.0248089612866161,0.0088135593220339,0.0202198870070474,156.0,1.0,0.0001389638981683,0.0023061686192526,-0.1118429896491464,-0.0476915200267408,6483.0,0.4230769230769231,0.1068258394078288,0.0,-0.017794198196937,0.033504095732455,151713.0,0.935897435897436,0.3331039556860291,1.0
2021-10-14,8480.942,1387.3425,77.858,6919.773599999999,22.171274725274724,1.524,94.06399993896484,68.85919999999805,-89.65940000000137,0.8154027605948144,2.237110076364313,0.012,0.1839999999999999,0.2500015258789005,1.6414993286132784,0.0088135593220339,0.999999999997396,0.021505376344086,-0.0257662351833917,0.0060426790619056,1.33876131630184,0.001110996738713,0.0202198870070474,0.024725582437276,0.0081290845526492,441.5,1.0,0.0001106455950449,0.0018479484092105,-0.0974990117743203,0.014343977874826,7467.0,0.4871794871794871,0.0672482023175557,0.0,-0.0173146852343505,0.0004795129625865,117515.0,0.935897435897436,0.32604263723802,1.0
2021-10-21,8564.943,1472.5432,83.386,7015.741499999999,21.338396436525613,1.57,94.18999938964843,95.96790000000055,-85.79110000000037,-0.8328782887491109,0.2042242510951482,0.046,0.248,0.1259994506835937,1.5499984741210966,0.024725582437276,0.9999999999970952,0.0188140456346495,0.0096704327553145,0.0246108186807032,0.5606921864692693,0.002627488459129,0.0081290845526492,0.0156305506216696,0.0152470728695225,286.0,1.0,0.000146219816097,0.00120965322681,-0.0612752856492422,0.0362237261250781,14858.0,0.6730769230769231,0.0588600047698545,0.0,-0.0090326790151146,0.0082820062192358,113099.0,0.9615384615384616,0.3068797247627398,1.0
2021-10-28,8556.181,1411.492,213.291,7009.013799999999,19.630403587443947,1.632,93.80199890136718,-6.727700000000368,90.98179999999866,-1.7079928490816665,-2.8452351790758783,0.062,0.284,-0.38800048828125,0.5620010375976534,0.0156305506216696,0.99999999999764,0.022802486076358,0.0618384401114207,0.0331054036024016,1.0165160426877264,0.0068577797683617,0.0152470728695225,0.0304571259450587,0.0078354485269876,566.0,1.0,0.0001195427292532,0.0014723567698964,-0.0430813304404608,0.0181939552087813,4035.0,0.7948717948717948,0.1060013060055189,0.0,-0.039516263182528,-0.0304835841674133,31535.0,0.8525641025641025,0.3298890842864727,1.0
2021-11-04,8574.871,1376.6678,280.205,6931.398,18.84503416856492,1.608,93.71599884033203,-77.61579999999867,80.48359999999957,-0.7853694188790286,-2.5108377961149912,-0.0240000000000002,0.0959999999999998,-0.0860000610351505,-0.0979995727539062,0.0304571259450587,0.9999999999979684,0.0257056320008355,0.0818926553672316,0.0698791815070885,0.5219239253371865,0.0141571687146258,0.0078354485269876,-0.016083970860858,0.0132695788007005,-308.0,-1.0,0.0003209614239571,0.0012794095223025,-0.023876827827787,0.0192045026126738,19930.0,0.8653846153846154,0.1087857928393955,1.0,-0.0294726599454009,0.010043603237127,-27149.0,0.903846153846154,0.3323575092367156,1.0
2021-11-11,8663.117,1383.56525,259.293,6917.998199999999,18.076386946386947,1.564,94.05999908447264,-13.39980000000105,-1.7753999999995358,-0.7686472221779717,-4.094887778887777,-0.0439999999999998,0.04,0.3440002441406165,-0.0040008544921903,-0.016083970860858,0.1138047138044072,0.0197038452352519,0.0551915322580645,0.0615976223007901,0.8837110674356925,-0.0104260638188679,0.0132695788007005,0.0243345805801025,0.0099576215521433,458.5,1.0,-0.000125900264846,0.0015284790189488,-0.0113620802309976,0.0125147475967893,19048.0,0.9166666666666666,0.1249985327892263,1.0,-0.0155674647019179,0.013905195243483,4343.0,0.9551282051282052,0.3136273191961449,1.0
2021-11-18,8674.97,1476.0508,211.453,7020.258750000001,20.254193548387097,1.495,94.47200012207033,102.2605500000018,4.517250000001695,2.1778066020001496,-1.0842028881385168,-0.0689999999999999,-0.0749999999999999,0.4120010375976619,0.2820007324218778,0.0243345805801025,0.9999999999965928,0.0152072538860103,0.0547889055881951,0.0665929814865984,0.6829421133888255,0.0133305834016401,0.0099576215521433,-0.0059715025906735,0.015007573928926,-115.25,-1.0,0.0002293931013971,0.0013197123773558,-0.0334655777738049,-0.0221034975428072,5333.0,0.8269230769230769,0.1587884228424059,1.0,-0.0151677493350572,0.0003997153668606,-15269.0,0.9551282051282052,0.3087052937807961,1.0
2021-11-25,8681.771,1543.5075,164.087,6987.466199999999,20.090940366972475,1.606,95.56600036621094,-32.79255000000194,-21.547599999999875,-0.1632531814146212,0.4605367795285282,0.1109999999999997,-0.0260000000000002,1.094000244140631,1.7640014648437583,-0.0059715025906735,0.2053231939155691,0.0137088051707736,0.0323539699195523,0.0414466987853701,1.0062113866136826,-0.0055063646772822,0.015007573928926,-0.0196770872698367,0.0341796730356752,-377.5,-1.0,-0.0001242389693949,0.0021581835537155,-0.0718625396272953,-0.0383969618534904,-8770.0,0.5961538461538461,0.1540376336357239,0.0,-0.0176227568277897,-0.0024550074927324,51047.0,0.9230769230769232,0.3155464146313446,1.0
2021-12-02,8650.402,1460.867,152.651,6974.176500000001,20.6461971830986,1.62,96.4749984741211,-13.289699999997538,42.77850000000126,0.5552568161261178,1.8011630145336746,0.014,0.012,0.9089981079101506,2.75899963378906,-0.0196770872698367,0.2279270633392938,0.0277020829733214,-0.0178725293088591,0.0233010501115402,1.987408954169951,0.0032648830405546,0.0341796730356752,0.0085206502811416,0.0364129613163063,160.25,1.0,-0.0001387818022525,0.0029201609807749,-0.0285010841543402,0.043361455472955,-1512.0,0.8461538461538461,0.141554611617651,1.0,-0.0010316386845364,0.0165911181432532,68343.0,0.9743589743589745,0.3138706733183536,1.0
2021-12-09,8664.524,1480.5434,115.117,7036.884,24.167959183673467,1.46,96.11999816894532,62.70749999999862,118.88580000000093,3.521762000574874,6.09157223728652,-0.1599999999999999,-0.104,-0.3550003051757784,2.0599990844726648,0.0085206502811416,0.6389918458107651,0.0355608277316462,0.0066873656556005,0.0348778524954647,1.8814456380340896,-0.0088636133881285,0.0364129613163063,-0.0145643864505073,0.0377757329535904,-276.25,-1.0,7.270914401587003e-05,0.0024148476245131,-0.0281380089447376,0.0003630752096026,-4369.0,0.8461538461538461,0.1517007381729831,1.0,0.0231495901165963,0.0241812288011327,95981.0,0.9871794871794872,0.271519973999428,1.0
2021-12-16,8756.666,1594.0252,104.798,7068.863599999999,23.943851203501094,1.454,96.18800048828123,31.979599999998754,48.604849999997896,-0.2241079801723735,3.689657655113997,-0.006,-0.0410000000000001,0.0680023193359318,1.7160003662109349,-0.0145643864505073,0.0,0.0244633183976459,-0.031541450777202,0.0313978672626191,1.8505640757794937,-0.0143303150119042,0.0377757329535904,0.0231257941550191,0.0254217586007171,432.25,1.0,-0.0001412279389312,0.0029166589275876,-0.0169763379387009,0.0111616710060366,4522.0,0.9102564102564102,0.1342107352707638,1.0,0.0067257056701385,-0.0164238844464577,53887.0,0.9743589743589745,0.2580911499958439,1.0
2021-12-23,8790.495,1697.5938,84.954,7057.842799999999,20.340395604395603,1.45,96.2980010986328,-11.020799999999326,70.37660000000051,-3.603455599105491,0.2494552374231275,-0.004,-0.1559999999999999,0.1100006103515625,0.7320007324218665,0.0231257941550191,0.9999999999985244,0.0354406881585483,-0.00319263998749,0.092693379044354,1.2287703369160043,0.0125432880677369,0.0254217586007171,0.0068632833947761,0.0181548883563454,131.25,1.0,0.0002342459408769,0.0023267183977021,0.0008564564208278,0.0178327943595288,19227.0,0.9487179487179488,0.1028118465348737,1.0,0.0162232137638661,0.0094975080937276,87951.0,0.9807692307692308,0.212277279768303,1.0
2021-12-30,8757.46,1639.09825,211.849,7007.9472000000005,22.867935034802784,1.456,96.34199981689451,-49.89559999999892,33.770699999999124,2.527539430407181,2.221737851704191,0.006,-0.1639999999999999,0.0439987182617187,-0.1329986572265653,0.0068632833947761,0.0,0.0067385969695789,0.0237940156056839,0.0878389830508474,0.9016907609738144,-0.0036084059759957,0.0181548883563454,-0.0348615276749892,0.0293741562111562,-671.25,-1.0,6.004269730759472e-05,0.001242947248908,-0.0327053395491901,-0.033561795970018,569.0,0.8397435897435898,0.1315470755034363,1.0,-0.0046261852251181,-0.0208493989889843,-7932.0,0.9551282051282052,0.2954384001223629,1.0
2022-01-06,8765.721,1596.6280000000002,389.751,6906.512749999999,20.54821989528796,1.51,96.04749870300292,-101.43445000000156,-130.37125000000106,-2.3197151395148268,-3.61973928838551,0.054,0.05,-0.2945011138915987,-0.0724994659423856,-0.0348615276749892,0.0,0.0390938197863696,-0.0202451561882166,0.0407426075268817,1.405655097134679,-0.0193167734563539,0.0293741562111562,-0.0144617537062448,0.028702976966783,-268.75,-1.0,-0.0002876034231062,0.0022836007997141,-0.0762824673017617,-0.0435771277525715,-8830.0,0.5833333333333334,0.1764828491167567,0.0,-0.0425145507663957,-0.0378883655412775,-155389.0,0.8397435897435898,0.3217397803704085,1.0
2022-01-13,8788.278,1558.252,456.401,6779.341999999999,19.62057142857143,1.65,96.12799987792968,-127.17075000000024,-289.52160000000003,-0.9276484667165265,-4.323279774929663,0.1399999999999999,0.1959999999999999,0.0805011749267521,-0.0600006103515653,-0.0144617537062448,0.0,0.0216765175609822,-0.020143115093961,0.0009427517420412,1.2693905450765013,-0.0078475658074139,0.028702976966783,-0.0354495693361908,0.0248051333849867,-649.25,-1.0,-0.0001232424000708,0.0034085909005137,-0.0473993865292441,0.0288830807725175,-5722.0,0.7628205128205128,0.1947840763093144,0.0,-0.043039842597147,-0.0005252918307513,-115786.0,0.8333333333333334,0.3184991881738918,1.0
2022-01-20,8867.834,1632.88275,488.697,6773.625,21.68710467706013,1.746,95.4279998779297,-5.716999999998734,-284.21779999999944,2.066533248488703,1.346709072664531,0.096,0.296,-0.6999999999999886,-0.8700012207031165,-0.0354495693361908,0.0,0.0427245195437434,-0.076241273825398,-0.0493986601017031,1.0596804769306425,-0.002205324951139,0.0248051333849867,-0.0483569669695168,0.0279423699589165,-854.25,-1.0,-0.0004045246591664,0.0032834440187799,-0.0104803334816684,0.0369190530475756,-2539.0,0.935897435897436,0.1165233264614797,1.0,-0.0252956641759412,0.0177441784212058,-102456.0,0.8974358974358975,0.3193199373640347,1.0
2022-01-27,8860.485,1623.3144,614.877,6746.254250000001,22.902316513761463,1.8275,95.53750038146973,-27.37074999999913,-261.69294999999966,1.2152118367013325,0.0343814789586822,0.0815000000000001,0.3715000000000001,0.1095005035400333,-0.8044994354248018,-0.0483569669695168,0.0,0.0305896349170942,-0.1269037510224749,-0.1221050157967571,1.1139651499581829,-0.0178981445813123,0.0279423699589165,0.0300691501226857,0.0562867659300326,505.5,1.0,-0.0002637742932758,0.0053920840235122,-0.0088503456172342,0.0016299878644342,4718.0,0.9423076923076924,0.1051312497349561,1.0,-0.0056234204422372,0.0196722437337039,-2525.0,0.9551282051282052,0.3132149947488768,1.0
2022-02-03,8873.211,1624.2544,675.773,6622.293600000001,27.69604347826087,1.7879999999999998,96.2519989013672,-123.96065,-284.2191499999981,4.7937269644994025,7.147823582972912,-0.0395000000000003,0.2779999999999998,0.7144985198974609,0.2045001983642578,0.0300691501226857,0.0869405722669303,0.0393549597932637,-0.0681653079344579,-0.0809250855823581,1.963368483885824,-0.0001959824435973,0.0562867659300326,0.0120548024311721,0.0335758853969566,208.75,1.0,0.0003381426711795,0.0040301696410734,0.0566475033594003,0.0654978489766345,29888.0,0.9935897435897436,0.07334382589471,1.0,0.0450422198560064,0.0506656402982436,204416.0,0.9935897435897436,0.2724438669495476,1.0
2022-02-10,8878.009,1656.9466,686.384,6573.183599999999,24.776013071895427,1.796,96.30399932861329,-49.11000000000149,-206.1583999999993,-2.920030406365441,5.1554416433239965,0.0080000000000002,0.1460000000000001,0.0520004272460994,0.1759994506836051,0.0120548024311721,0.2951933124340748,0.0273030726655444,-0.0430936813224314,-0.0919430051813471,1.0959383108899006,0.006519478323379,0.0335758853969566,-0.0305982710906964,0.0442816451392965,-536.25,-1.0,-0.0001245295980264,0.0031196541373802,-0.0350012952610159,-0.0916487986204163,1621.0,0.8012820512820513,0.0256294550711557,1.0,0.02137901171163,-0.0236632081443764,147704.0,0.9807692307692308,0.2777134891060255,1.0
2022-02-17,8911.033,1640.3775999999998,692.541,6534.6784,24.03129102844639,1.956,95.51200103759766,-38.5051999999996,-238.94660000000025,-0.7447220434490376,2.344186351386256,0.1599999999999999,0.2099999999999999,-0.7919982910156307,0.084001159667963,-0.0305982710906964,0.0,0.0261783186426711,-0.0382808298661232,-0.1144398545719908,1.3387782045760228,-0.0068404846210455,0.0442816451392965,-0.0116691437232367,0.0478541812105646,-198.25,-1.0,-0.0001372729553059,0.0032976834660125,0.014292008709527,0.049293303970543,5649.0,0.9615384615384616,0.0021174930593283,1.0,0.0262530657053129,0.0048740539936828,116309.0,0.9871794871794872,0.2504570810225161,1.0
2022-02-24,8928.129,1690.7705,697.838,6578.1144,26.147899343544857,1.99,95.98800048828124,43.435999999999694,-168.1398500000014,2.116608315098468,3.245582829783391,0.0339999999999998,0.1624999999999996,0.475999450683588,0.4505001068115177,-0.0116691437232367,0.9396110542457736,0.0290929664701328,-0.0012045505242025,-0.1072059976870621,1.3986028270849866,0.006236579183228,0.0478541812105646,0.0038115657197308,0.0291463481969131,64.0,1.0,-0.0002080777222158,0.0044828494619392,0.0212464769331835,0.0069544682236565,7100.0,0.967948717948718,0.0116425438131768,1.0,0.0134469002049542,-0.0128061655003586,43518.0,0.9615384615384616,0.2278106104887407,1.0
2022-03-03,8904.455,1562.5108,682.903,6539.5205000000005,28.728264840182646,1.9525,96.35000038146973,-38.59389999999894,-82.77310000000034,2.580365496637789,1.0322213619217775,-0.0374999999999998,0.1645000000000001,0.3619998931884822,0.098001480102539,0.0038115657197308,0.1069518716572964,0.0138682883417383,-0.0266649342399699,-0.1113747199156451,0.8671887849242059,-0.0113483436230039,0.0291463481969131,-0.0263719964402254,0.0487677604979694,-444.5,-1.0,5.773338281079408e-05,0.0043057836819553,-0.0046214268267624,-0.0258679037599459,-14977.0,0.9294871794871796,-0.0098089008990846,1.0,0.0309237142321616,0.0174768140272073,-33731.0,0.9871794871794872,0.2095389326352633,1.0
2022-03-10,8910.748,1516.1252,652.039,6659.0412,29.799065217391306,1.848,97.18400115966796,119.52069999999912,85.85760000000028,1.0708003772086556,5.023052145495875,-0.1044999999999998,0.052,0.834000778198245,0.8800018310546847,-0.0263719964402254,0.5569620253154832,0.0349014350568233,-0.0636215799834526,-0.1220223366548518,1.412487412469693,-0.0061298849101599,0.0487677604979694,0.029203863380153,0.0519862450637888,479.25,1.0,-0.0001964959684259,0.004301179015849,0.0356981129051002,0.0403195397318626,17285.0,0.967948717948718,0.0103591852110107,1.0,-0.0099878868704062,-0.0409116011025678,-72675.0,0.9102564102564102,0.1941975093529109,1.0
2022-03-17,8954.306,1604.5858,570.606,6742.583799999999,31.431891304347825,1.86,98.69600067138671,83.54259999999977,207.90539999999964,1.6328260869565234,7.400600275901436,0.012,-0.0959999999999998,1.5119995117187417,3.183999633789057,0.029203863380153,0.99999999999906,0.0629819861158395,-0.005856644642936,-0.1168065469187126,1.4149820054254878,0.0009478374534768,0.0519862450637888,0.0388401249278409,0.0313733180738378,656.0,1.0,0.0002165940425808,0.0035437441086685,0.0632557689438689,0.0275576560387687,12347.0,0.9935897435897436,-0.0064876677862496,1.0,0.0065455629401739,0.0165334498105801,-42600.0,0.9423076923076924,0.1715954101405723,1.0
2022-03-24,8962.474,1743.613,614.616,6779.114200000001,29.48686956521739,2.136,98.72799987792968,36.53040000000146,200.9998000000014,-1.945021739130436,3.3389702216725325,0.276,0.1460000000000003,0.0319992065429772,2.739999389648446,0.0388401249278409,0.9999999999974571,0.0224128350170269,0.0449496754213567,-0.0887573196224308,0.8290739517812514,0.0170731594989037,0.0313733180738378,0.0059843551857288,0.026918153541197,105.0,1.0,0.0004161938012352,0.0025189264520186,0.0109657655071336,-0.0522900034367353,-2110.0,0.935897435897436,-0.0173420011861007,1.0,-0.0181666194948889,-0.0247121824350629,-77448.0,0.8589743589743589,0.1709598146787989,1.0
2022-03-31,8937.142,1748.477,575.065,6604.245,25.35719565217391,2.3,98.5260009765625,-174.869200000001,64.72449999999935,-4.129673913043479,-3.371069188008736,0.1639999999999997,0.3474999999999999,-0.2019989013671903,2.176000595092773,0.0059843551857288,0.2344398340244098,0.0273076214891718,0.0472115099377039,-0.0501923749562783,0.7152096409238586,0.0024659437725804,0.026918153541197,-0.018851890146311,0.0337541021838993,-332.75,-1.0,5.62417833933742e-05,0.0023487550717216,-0.1853736701627758,-0.1963394356699094,-38257.0,0.141025641025641,0.0670369534979888,-1.0,-0.1279986096424328,-0.1098319901475438,-343711.0,0.0384615384615384,0.2438704220843335,-1.0
2022-04-07,8937.592,1707.1457999999998,574.451,6613.6,22.81539823008849,2.404,98.47999877929688,9.355000000000471,-45.4411999999993,-2.5417974220854163,-6.983666987302808,0.104,0.5559999999999998,-0.0460021972656221,1.2959976196289062,-0.018851890146311,0.046661608497653,0.0380528929437579,0.0552999603912129,-0.054423347302038,0.8869200846313952,-0.0122239664154624,0.0337541021838993,-0.0370856911883589,0.0333475833454283,-642.25,-1.0,-0.0001853792788728,0.0025140650732449,-0.2450608991581587,-0.0596872289953828,-63635.0,0.0384615384615384,0.1145620634067705,-1.0,-0.1332082418849753,-0.0052096322425424,-258562.0,0.0192307692307692,0.2641311592326403,-1.0
2022-04-14,8965.487,1748.4720000000002,547.308,6655.9952,23.09270925110132,2.524,99.28799896240234,42.39519999999993,-86.58859999999913,0.277311021012828,-8.339182053246503,0.1200000000000001,0.6639999999999999,0.8080001831054631,0.5919982910156278,-0.0370856911883589,0.0,0.0259808404419591,-0.0126704066075578,-0.0560272848206957,0.860149283475084,-0.0160539259705472,0.0333475833454283,-0.0099245910978517,0.035336059955637,-165.5,-1.0,-0.0003454602133638,0.0030363186435425,-0.2376777587251653,0.0073831404329933,-70993.0,0.0512820512820512,0.1596594596220706,-1.0,-0.1172107237378066,0.0159975181471686,-264705.0,0.0897435897435897,0.2513794804549847,-1.0
2022-04-21,8955.851,1819.23275,711.406,6669.706999999999,25.106745283018867,2.752,100.04400024414062,13.71179999999913,-109.40720000000148,2.014036031917545,-4.380124282198523,0.2280000000000002,0.6160000000000001,0.7560012817382784,1.316000366210929,-0.0099245910978517,0.0,0.0296179645977498,-0.0590171409030676,-0.0179046769276526,0.8971806069943296,-0.0105172422238889,0.035336059955637,-0.0165654669069215,0.0548460771114809,-273.5,-1.0,-0.0001066640788247,0.0030626544877483,-0.1228066333190248,0.1148711254061405,-30940.0,0.3782051282051282,0.1222985343974209,0.0,-0.0467132784136243,0.0704974453241822,-53839.0,0.7435897435897436,0.2215977342258829,0.0
2022-04-28,8939.199,1797.9122,944.328,6425.2122500000005,24.074720812182743,2.8825000000000003,100.67749977111816,-244.49474999999893,-179.0327499999994,-1.0320244708361237,-1.282474839991167,0.1305,0.5825000000000005,0.6334995269775447,2.151498794555664,-0.0165654669069215,0.846226862836552,0.0324418371903244,-0.0801099103437531,-0.0623673610810342,1.396796649496513,0.0045599032806401,0.0548460771114809,-0.0367530447903675,0.0690427373744082,-596.75,-1.0,-0.0001847228710607,0.0041794107148061,-0.1034924865779029,0.0193141467411218,14910.0,0.4551282051282051,0.1348746778907591,0.0,-0.0539573660700844,-0.00724408765646,153810.0,0.7051282051282052,0.2191929116077148,0.0
2022-05-05,8939.972,1831.9548,945.478,6196.9588,28.30658695652174,2.83,102.36800079345704,-228.25345000000016,-416.6412,4.231866144338998,5.491188726433247,-0.0525000000000002,0.4260000000000001,1.6905010223388643,3.888002014160151,-0.0367530447903675,0.0088332719911537,0.0434303069053708,-0.0968934057050467,-0.107586088841973,1.635262925619575,-0.0084654288161843,0.0690427373744082,-0.0582320971867007,0.0387405156667358,-910.75,-1.0,-0.0002694101236046,0.0043433507064384,-0.0479329217603396,0.0555595648175633,43368.0,0.6987179487179487,0.0969039189457204,0.0,-0.003066118658792,0.0508912474112923,275688.0,0.9230769230769232,0.1642207678437155,1.0
2022-05-12,8942.008,1872.2548,945.658,6162.5392,29.48292576419214,2.966,103.30199890136718,-34.41960000000017,-493.4560000000001,1.1763388076703976,6.390216513090817,0.1360000000000001,0.4420000000000001,0.9339981079101562,4.013999938964844,-0.0582320971867007,0.0,0.0508172513875451,-0.1167263841206542,-0.1330252954073899,0.9277071473360744,-0.0133978903474085,0.0387405156667358,-0.0046845562401344,0.0619393554542733,-69.0,-1.0,-0.000392116573274,0.0061483168290864,-0.0223842414939882,0.0255486802663513,50230.0,0.8205128205128205,0.1054595495805435,1.0,-0.0378059414834421,-0.03473982282465,165262.0,0.8076923076923077,0.1656858368414714,1.0
2022-05-19,8945.898,1906.06,886.964,6124.0952,31.76945533769064,2.982,103.98600006103516,-38.444000000000415,-545.6117999999997,2.2865295734984947,6.662710054671766,0.016,0.2299999999999999,0.6840011596679716,3.941999816894537,-0.0046845562401344,0.0,0.0465203526542862,-0.1120516043064157,-0.126898338395569,1.4426917329852278,0.0017260484211357,0.0619393554542733,0.0273528759741477,0.0355644250384066,401.0,1.0,-5.846830684597802e-05,0.0035605821788531,0.0384521508796779,0.0608363923736662,37647.0,0.9615384615384616,0.0462706215163991,1.0,-0.003825008090343,0.033980933393099,92107.0,0.9166666666666666,0.1225368663227755,1.0
2022-05-26,8914.281,2004.7924,821.535,6152.874,29.129391304347827,2.904,103.72799987792968,28.778800000000047,-272.3382500000007,-2.6400640333428065,5.054670492165084,-0.0780000000000002,0.0214999999999996,-0.2580001831054659,3.0505001068115263,0.0273528759741477,0.9999999999980324,0.0337455390488837,-0.0723974933407239,-0.1064224265796499,0.8181743423468474,-0.0072034146923731,0.0355644250384066,0.0408000663955514,0.037193988963784,614.5,1.0,0.0001565843800527,0.0040393030858011,0.0083144120581557,-0.0301377388215222,26564.0,0.9166666666666666,0.0492541664442646,1.0,-0.0433029662418648,-0.0394779581515217,18960.0,0.7692307692307693,0.1365315799546114,0.0
2022-06-02,8915.05,1983.87,789.532,6087.953600000001,28.884509803921567,2.78,102.19600067138671,-64.92039999999906,-109.0051999999996,-0.2448815004262599,0.5779228473998259,-0.1240000000000001,-0.0500000000000002,-1.5319992065429773,-0.1720001220703153,0.0408000663955514,0.9999999999970824,0.0218649825367207,0.0022858056265984,-0.0447731635233539,0.8750796522039245,0.015537131032727,0.037193988963784,-0.0394717956078656,0.0306306580136655,-618.75,-1.0,0.0003730619130551,0.003077055983632,-0.0566634279356223,-0.0649778399937781,-3104.0,0.6217948717948718,0.0524243468994374,0.0,-0.0647028893925348,-0.02139992315067,-139649.0,0.6474358974358975,0.1285561524747687,0.0
2022-06-09,8918.254,2089.0622000000003,723.384,6141.647999999999,26.55237762237762,2.8625,101.93499946594238,53.694399999998495,-20.891200000000936,-2.3321321815439475,-2.930548141814519,0.0825,-0.1035000000000003,-0.2610012054443302,-1.3669994354248018,-0.0394717956078656,0.0,0.0289898386132695,0.0222516421406384,-0.108512559392531,0.7521540683021427,-0.0066866004947154,0.0306306580136655,-0.0722919572291956,0.0538427588423104,-1088.5,-1.0,-0.0003378655411206,0.0028233509972327,-0.1211304546145659,-0.0644670266789435,-26792.0,0.3717948717948718,0.0844001824540063,0.0,-0.0899911389991537,-0.0252882496066188,-119921.0,0.2884615384615384,0.1568786449879604,0.0
2022-06-16,8932.42,2188.1336,656.87,6105.8078000000005,26.658057395143487,3.01,102.53200073242188,-35.84019999999873,-18.28739999999925,0.1056797727658676,-5.111397942547146,0.1475000000000004,0.028,0.597001266479495,-1.4539993286132784,-0.0722919572291956,0.0,0.0467838350574506,-0.0471854163469245,-0.2038812817918869,1.2640222963587455,-0.0033797363689921,0.0538427588423104,0.0415398933314243,0.0190531720872104,580.25,1.0,-0.0005684433220966,0.0035127390220584,-0.1319080259268784,-0.0107775713123125,-45000.0,0.2948717948717949,0.0803151778093353,0.0,-0.1020269733882562,-0.0120358343891025,-222686.0,0.1794871794871795,0.1505592259043318,-1.0
2022-06-23,8934.346,2240.7015,758.283,6087.4164,30.81363043478261,3.336,104.70800018310548,-18.39140000000043,-65.45759999999973,4.155573039639123,1.6842391304347828,0.3259999999999996,0.4319999999999999,2.175999450683591,0.9800003051757784,0.0415398933314243,0.9999999999977311,0.0302946988572901,-0.0340277201427504,-0.1757432403722221,0.454285627737523,0.0121180272753282,0.0190531720872104,-0.0142967608901107,0.043421774370482,-208.0,-1.0,0.0003656415775218,0.0034727160574856,-0.0642941505357845,0.0676138753910938,-21459.0,0.5769230769230769,0.0500716254172635,0.0,-0.0662718754791574,0.0357550979090988,-78389.0,0.6153846153846154,0.0778040528194894,0.0
2022-06-30,8913.553,2221.4858,756.627,5935.361499999999,30.05075514874142,3.2025,104.4424991607666,-152.054900000001,-152.59210000000166,-0.76287528604119,1.1662453448198526,-0.1334999999999997,0.4225000000000003,-0.2655010223388672,2.2464984893798885,-0.0142967608901107,0.0,0.0426058609208026,-0.0851633893115162,-0.1719165030603996,1.0157949944228613,-0.0120169566196481,0.043421774370482,0.042466398200931,0.0138139243629371,609.0,1.0,-0.0002671024299118,0.0030787615833326,-0.059262796673203,0.0050313538625815,440.0,0.6089743589743589,0.0670599770099398,0.0,-0.0905551006983188,-0.0242832252191614,-58467.0,0.282051282051282,0.0831718246298415,0.0
2022-07-07,8891.851,2161.462,700.457,5935.440199999999,28.245886214442017,3.122,104.48800201416016,0.0787000000000262,-206.20780000000013,-1.804868934299403,1.693508592064397,-0.0805000000000002,0.2595,0.0455028533935575,2.5530025482177763,0.042466398200931,0.9999999999981034,0.0352681482967942,-0.0071229328551504,-0.1035035905431539,0.3359516483838133,0.0167181955592323,0.0138139243629371,-0.0228097459823742,0.0185320709501001,-341.0,-1.0,0.0004330186065548,0.0026223961880314,-0.07655868894757,-0.0172958922743669,12877.0,0.532051282051282,0.0835816081759358,0.0,-0.1180933941250576,-0.0275382934267388,-62143.0,0.0897435897435897,0.0867224808573216,-1.0
2022-07-14,8895.867,2163.546,652.572,6029.932000000001,27.773264367816093,2.91,106.46749877929688,94.4918000000016,-75.8757999999998,-0.4726218466259233,1.1152069726726062,-0.2119999999999997,-0.1,1.979496765136716,3.935498046874997,-0.0228097459823742,0.0904425914045145,0.0266792162231539,0.0458352722196371,-0.1151708786965672,0.4665858986382092,0.0014771325832328,0.0185320709501001,0.0576709164028408,0.025598830014416,842.5,1.0,-0.0001447705254594,0.0035112632066011,-0.0613569526188191,0.0152017363287508,19471.0,0.6025641025641025,0.0344499304294871,0.0,-0.1376971914148415,-0.0196037972897838,-86638.0,0.0,0.0890296855113866,-1.0
2022-07-21,8899.213,2213.5812,613.878,6079.749,28.00097777777778,2.982,107.9199996948242,49.8169999999991,-7.667400000000271,0.2277134099616873,-2.812652657004829,0.072,-0.3539999999999996,1.452500915527338,3.2119995117187443,0.0576709164028408,0.9999999999986358,0.047439527546315,0.0620328206890625,-0.0483779081404838,0.686642082902125,0.0113405900858789,0.025598830014416,0.0063101690801714,0.045718910543037,97.5,1.0,0.0004090607936386,0.0024990051633252,-0.1143317863604184,-0.0529748337415993,-9636.0,0.391025641025641,0.0646818217572563,0.0,-0.1594404508150743,-0.0217432594002328,-193604.0,0.0,0.0962900957032766,-1.0
2022-07-28,8890.004,2207.9354,602.945,6071.7538,26.6852,2.97,107.22000122070312,-7.995199999999386,136.39230000000134,-1.3157777777777788,-3.365555148741418,-0.0120000000000004,-0.2325000000000003,-0.6999984741210881,2.7775020599365234,0.0063101690801714,0.9999999999984,0.0401961572473671,0.0842354828025033,-0.0058343989769821,1.2937776896784765,-0.0090703524738466,0.045718910543037,0.0379130155157168,0.0236764255522346,589.5,1.0,0.0002063106659419,0.0025572318247925,-0.0998798695726789,0.0144519167877395,-11585.0,0.4487179487179487,0.0562740845905424,0.0,-0.1822312069571651,-0.0227907561420908,-220732.0,0.0,0.1059932283341162,-1.0
2022-08-04,8874.62,2198.3764,594.115,6079.123600000001,25.2152967032967,2.77,106.64000091552734,7.369800000000396,143.6834000000017,-1.4699032967033006,-3.0305895111453154,-0.1999999999999997,-0.3519999999999998,-0.5800003051757869,2.151998901367179,0.0379130155157168,0.9999999999975157,0.0249407463634532,0.0794996571849027,0.0956599962659334,0.6946861316893918,0.0214027162337837,0.0236764255522346,-0.0009759422490046,0.0291046510281788,-15.75,0.0,0.0002609369545881,0.00220105106732,-0.1377087715883484,-0.0378289020156695,-17800.0,0.2756410256410256,0.0874351507347711,0.0,-0.1955994083064408,-0.0133682013492756,-188778.0,0.0,0.1272907460918261,-1.0
2022-08-11,8879.138,2190.816,557.265,6082.128600000001,24.17398678414097,2.686,105.95800018310548,3.005000000000109,52.19660000000022,-1.041309919155733,-3.599277583675125,-0.084,-0.2240000000000002,-0.6820007324218693,-0.5094985961914062,-0.0009759422490046,0.7760055478480555,0.0223600558226081,0.1036194061778044,0.0997425009805426,0.9284975043032666,-0.0128352801885734,0.0291046510281788,0.013149325476818,0.0218970796146804,212.0,1.0,-1.3384559148048496e-05,0.0027404125551427,-0.1391251310397407,-0.0014163594513923,-20577.0,0.2756410256410256,0.0898160678547603,0.0,-0.2189659686713565,-0.0233665603649157,-187981.0,0.0,0.1388838278158019,-1.0
2022-08-18,8849.762,2194.4348,545.321,6131.057000000001,24.5350566893424,2.81,105.94400024414062,48.92839999999978,51.3080000000009,0.3610699052014325,-3.46592108843538,0.1240000000000001,-0.1720000000000001,-0.0139999389648437,-1.975999450683588,0.013149325476818,0.1595744680842576,0.0115093819829195,0.0571636598980664,0.0845381359448917,0.7249003493997316,-0.0024947837771567,0.0218970796146804,-0.0224830879426979,0.0326665681841922,-367.25,-1.0,8.321014822265467e-05,0.0019544937467373,-0.2098931927785334,-0.0707680617387926,-25247.0,0.1153846153846153,0.1466396686039322,-1.0,-0.2190147987203551,-4.883004899863819e-05,-134084.0,0.0,0.1286946787579999,-1.0
2022-08-25,8851.436,2226.6084,535.267,6110.006200000001,23.398265765765764,2.844,106.54600067138672,-21.05079999999998,38.25240000000031,-1.136790923576637,-3.286934234234238,0.0339999999999998,-0.1259999999999999,0.6020004272460966,-0.6740005493164034,-0.0224830879426979,0.6975806451594151,0.0232976874540074,0.0269153468928371,0.0185956014863721,1.0951008401180204,-0.0053238887053289,0.0326665681841922,-0.0540951009096745,0.0293614550996971,-863.75,-1.0,-0.0001895671376954,0.0018821479319391,-0.2264671615707479,-0.0165739687922144,-35039.0,0.0833333333333333,0.1853612451268876,-1.0,-0.25516276365769,-0.0361479649373348,-173101.0,0.0,0.1602958626286322,-1.0
2022-09-01,8826.093,2200.1592,612.536,6089.5606,24.614039735099336,3.04,108.5980010986328,-20.445600000000923,10.436999999998989,1.215773969333572,-0.6012569681973652,0.1960000000000001,0.27,2.052000427246085,1.9580001831054688,-0.0540951009096745,0.0208799403429653,0.0221968417916376,-0.0641178566449274,0.0030882645945407,0.9878040077612172,-0.0066705258930835,0.0293614550996971,0.0019531896580262,0.0280690077531498,29.5,0.0,-0.0004653051359147,0.0029334909522618,-0.1534875914524828,0.072979570118265,-3448.0,0.2307692307692307,0.1507030111612081,0.0,-0.2205149690625351,0.0346477945951548,-59355.0,0.0064102564102564,0.1452425330687887,-1.0
2022-09-08,8822.401,2194.9155,581.295,6013.397800000001,25.90789934354486,3.136,108.95999908447266,-76.16279999999915,-68.73080000000027,1.2938596084455227,1.7339125594038904,0.096,0.4500000000000002,0.3619979858398494,3.0019989013671875,0.0019531896580262,0.999999999996697,0.0200059472675609,-0.0613738564118467,0.0833661452553959,1.0178723952711333,-0.0059246238467969,0.0280690077531498,-0.0280182382871869,0.0567113187912555,-424.0,-1.0,6.731792030892083e-05,0.0028162858499378,-0.1444578043627508,0.009029787089732,-1589.0,0.25,0.0947879882112418,0.0,-0.2106510302997528,0.0098639387627823,15150.0,0.0256410256410256,0.1402096952170279,-1.0
2022-09-15,8832.759,2206.5492,593.808,6046.1905,25.7585046728972,3.2725,109.8224983215332,32.79269999999906,-84.866500000001,-0.1493946706476627,1.2234479835547951,0.1364999999999998,0.4624999999999999,0.8624992370605469,3.878498077392578,-0.0280182382871869,0.0,0.055476239037324,-0.0995133000704031,0.0110146919838474,1.846412086279895,-0.0035592602470955,0.0567113187912555,-0.0300496294785505,0.0172806924410356,-442.0,-1.0,-0.0003525542329256,0.003660177199458,-0.1215397169699463,0.0229180873928044,19465.0,0.3782051282051282,0.0250179596448523,0.0,-0.1955541440355357,0.015096886264217,51031.0,0.0384615384615384,0.1172471902829809,-1.0
2022-09-22,8816.802,2263.6744,692.496,6032.401800000001,26.350933333333334,3.396,109.31000061035157,-13.788699999999151,-77.60440000000017,0.5924286604361377,2.9526675675675698,0.1234999999999999,0.552,-0.5124977111816378,2.763999938964844,-0.0300496294785505,0.0,0.0321370996004766,-0.1064835835851508,-0.0051426877952687,0.6055770332058007,0.0020537116671408,0.0172806924410356,-0.0236384663909722,0.0328459312183488,-337.25,-1.0,-0.0002314296515116,0.0033425363288995,-0.1525134219558115,-0.0309737049858651,12610.0,0.2307692307692307,0.02846629350825,0.0,-0.2018227876111294,-0.0062686435755937,73315.0,0.032051282051282,0.1204273762353796,-1.0
2022-09-29,8795.567,2336.8088,689.569,5860.6316,27.406427015250543,3.544,110.34199981689451,-171.77020000000084,-228.9290000000001,1.0554936819172092,2.792387280151207,0.1479999999999997,0.5039999999999996,1.031999206542963,1.7439987182617216,-0.0236384663909722,0.0,0.0235108311348014,-0.0777137749528255,-0.0682285656950785,1.0904331529041802,0.0028847907325777,0.0328459312183488,0.0225057879717869,0.0370343613889334,313.5,1.0,-0.0001790222207208,0.0034046404459554,-0.1503228298659014,0.00219059208991,-622.0,0.25,-0.0004414767396942,0.0,-0.1619067903085535,0.0399159973025758,167052.0,0.0576923076923076,0.1326221776329248,-1.0
2022-10-06,8759.053,2275.1298,633.939,5769.189199999999,30.40558695652173,3.804,113.25,-91.44240000000082,-244.20860000000167,2.999159941271195,4.497687612976879,0.2600000000000002,0.6679999999999997,2.908000183105472,4.290000915527344,0.0225057879717869,0.8364312267644173,0.0424938128587225,-0.0587953479151522,-0.0250192521605202,1.1696131637142553,-0.0012114562001341,0.0370343613889334,-0.0321555824688887,0.0395247227784413,-458.0,-1.0,0.0001865276135481,0.0028515007169546,-0.1135491785260978,0.0367736513398036,6058.0,0.4230769230769231,-0.0379147255490083,0.0,-0.1284027149199732,0.0335040753885803,203971.0,0.1217948717948717,0.0976414110349804,-1.0
2022-10-13,8758.969,2235.18375,608.302,5849.9842,29.63728665207877,3.742,111.4540008544922,80.79500000000098,-196.20629999999983,-0.7683003044429633,3.8787819791815785,-0.0619999999999998,0.4695,-1.7959991455078068,1.63150253295899,-0.0321555824688887,0.93199233716118,0.0189332801363776,-0.0628016860425589,-0.1078229916673408,1.20413140578372,-0.0152035567018095,0.0395247227784413,0.0005077891224316,0.042149169523613,7.0,0.0,-0.0002125539185008,0.0048107377020307,-0.0735273045254637,0.040021874000634,14840.0,0.5833333333333334,-0.0484915733123661,0.0,-0.1505666026175382,-0.022163887697565,112095.0,0.0705128205128205,0.0873096491596592,-1.0
2022-10-20,8743.922,2219.3968,607.199,5915.483249999999,31.380000000000003,3.925,112.96800079345704,65.49904999999944,-116.91855000000125,1.742713347921228,5.029066666666669,0.1830000000000002,0.5290000000000004,1.5139999389648438,3.658000183105472,0.0005077891224316,0.7625068719059648,0.0329714151063097,-0.0332760916801009,-0.1129672803280006,1.2958296824825142,0.0020022996702272,0.042149169523613,0.0104768982580796,0.0397783380205282,144.5,1.0,-7.29576440401131e-05,0.0039656779990559,-0.0705443608594872,0.0029829436659765,28194.0,0.6089743589743589,-0.0126704682811677,0.0,-0.1523337931349367,-0.0017671905173984,178369.0,0.0705128205128205,0.0791063634376067,-1.0
2022-10-27,8723.09,2208.5620000000004,634.548,5917.3262,30.505260869565216,4.082,112.66799926757812,1.8429500000011103,56.69460000000072,-0.8747391304347865,3.098833854314673,0.1569999999999995,0.5380000000000003,-0.3000015258789119,2.3259994506835966,0.0104768982580796,0.0,0.0343157479326241,0.000502521581507,-0.1364150388053228,1.174489900381706,-0.0227393817488283,0.0397783380205282,-0.0363965773942992,0.0440397377343215,-507.25,-1.0,8.548746207065327e-05,0.0034781601953467,-0.0485152411913057,0.0220291196681814,27548.0,0.717948717948718,-0.0004956484977477,0.0,-0.1768758083443823,-0.0245420152094456,-66636.0,0.0576923076923076,0.0955945605645207,-1.0
2022-11-03,8676.87,2221.7822,598.544,5879.9800000000005,28.66513274336283,4.112,111.047998046875,-37.34619999999995,110.79080000000158,-1.8401281262023872,-1.740454213158909,0.0300000000000002,0.3080000000000003,-1.620001220703131,-2.2020019531250057,-0.0363965773942992,0.0,0.0639636620871961,-0.0571323258385551,-0.1670336486276942,1.2542217615699358,-0.0159486166187253,0.0440397377343215,0.0673331099445251,0.0635789800746226,904.25,1.0,-0.0002305291690078,0.0033622437619592,-0.1181291949287971,-0.0696139537374914,-1237.0,0.4166666666666667,0.0265669945665684,0.0,-0.1887680877152573,-0.011892279370875,-159001.0,0.0512820512820512,0.1183890078176866,-1.0
2022-11-10,8678.886,2228.6220000000003,527.479,5856.543800000001,26.135923423423424,4.086,111.59199981689451,-23.43619999999919,6.55960000000141,-2.529209319939405,-3.50136322865535,-0.0259999999999998,0.3440000000000003,0.5440017700195341,0.1379989624023352,0.0673331099445251,0.9999999999987524,0.0559169791575826,0.0397889048076749,-0.1224861489485444,1.6476919803585648,0.0142644562843237,0.0635789800746226,0.0054591436295456,0.0262136374776853,78.25,1.0,0.0005986502702886,0.0044223434979945,-0.1131676024725099,0.0049615924562872,-11954.0,0.4423076923076923,0.0320357140328393,0.0,-0.16942360437384,0.0193444833414173,-55420.0,0.0705128205128205,0.1373006760356757,-1.0
2022-11-17,8625.62,2116.27525,502.982,5922.785,25.952267573696147,4.093999999999999,109.8760009765625,66.24119999999857,7.301750000000538,-0.1836558497272769,-5.427732426303855,0.0079999999999991,0.1689999999999991,-1.715998840332034,-3.0919998168945426,0.0054591436295456,0.0,0.0134436580627255,0.0449346553317986,-0.0974024957334543,0.6889451671110146,0.0067014467515074,0.0262136374776853,0.0105641132389675,0.0197031102988922,152.25,1.0,2.330310493405046e-06,0.0028384231090995,-0.1248947094713866,-0.0117271069988766,-14260.0,0.3717948717948718,0.0306935624455235,0.0,-0.1690908816483713,0.0003327227254686,-45119.0,0.0769230769230769,0.1392081142095696,-1.0
2022-11-24,8621.39,2102.98625,479.474,6006.36275,25.28659192825112,3.78,106.46400146484376,83.57775000000038,89.0365499999998,-0.6656756454450274,-5.218668941314096,-0.3139999999999996,-0.302,-3.411999511718747,-6.203997802734378,0.0105641132389675,0.9999999999963604,0.0188646857888322,0.0450248443862451,-0.0357036448505313,0.5290265783123701,-0.0062548797846655,0.0197031102988922,0.0137322553512881,0.0431121679210661,200.0,1.0,0.0001203313922342,0.001998055641558,-0.1413414397901858,-0.0164467303187992,-24628.0,0.2756410256410256,0.0884408481976544,0.0,-0.2010975848609926,-0.0320067032126213,-57992.0,0.0384615384615384,0.1813724632591554,-1.0
2022-12-01,8584.576,2063.3112,511.474,6038.929749999999,23.555520581113804,3.78,107.01749992370604,32.5669999999991,158.94974999999886,-1.7310713471373165,-5.109612162249025,0.0,-0.3320000000000003,0.5534984588623075,-4.03049812316894,0.0137322553512881,0.9999999999981412,0.036439372132008,0.0993894039241967,-0.0243672768122645,1.1198640335054897,0.0033610182488523,0.0431121679210661,-0.0282608327547961,0.0230556485688941,-417.25,-1.0,7.463304475140351e-05,0.002570304679838,-0.1082180505872297,0.033123389202956,5916.0,0.4679487179487179,0.0825603849441261,0.0,-0.1892241448527979,0.0118734400081947,9850.0,0.0576923076923076,0.1973341168719621,-1.0
2022-12-08,8582.735,2116.4794,432.335,6009.790799999999,22.73009259259259,3.666,106.02799987792967,-29.13895000000048,153.24699999999757,-0.8254279885212128,-3.4058308308308334,-0.1140000000000003,-0.4200000000000008,-0.9895000457763672,-5.563999938964841,-0.0282608327547961,0.2715926110828325,0.0349027671290165,0.0009243917327985,-0.0246107825141069,0.6459423918439269,-0.0038359235586072,0.0230556485688941,-0.0202307102530145,0.0353636334944619,-290.25,-1.0,-0.0002012122131885,0.0024250011263536,-0.1198804302936144,-0.0116623797063846,1487.0,0.4102564102564102,0.0622077130327046,0.0,-0.1811774068740611,0.0080467379787368,-23446.0,0.0769230769230769,0.208218785090863,-1.0
2022-12-15,8583.413,2160.56,355.517,6033.9206,22.93488425925926,3.504,105.05800018310546,24.129800000001524,111.13560000000052,0.2047916666666687,-3.017383314436888,-0.1619999999999994,-0.5899999999999994,-0.9699996948242244,-4.818000793457031,-0.0202307102530145,0.0,0.0356945951233393,-0.0246495975575908,-0.0147368052148314,0.9506365047404164,-0.0055541872939686,0.0353636334944619,-0.0286517153680616,0.0263606386358966,-402.75,-1.0,-0.0002013900464929,0.0036927151648502,-0.128535557492543,-0.0086551271989286,1956.0,0.3461538461538461,0.0812628447593381,0.0,-0.1885599934606553,-0.0073825865865942,-39263.0,0.0705128205128205,0.2027144400183416,-1.0
2022-12-22,8564.411,2170.1152,459.78,6067.336000000001,24.292118451025058,3.524,104.44999847412107,33.41540000000077,60.97325000000092,1.357234191765798,-0.9944734772260624,0.02,-0.2559999999999998,-0.608001708984375,-2.014002990722659,-0.0286517153680616,0.0,0.021275816610517,-0.0624989271675506,-0.019795760871516,0.7190668146647554,-0.0115661231222919,0.0263606386358966,-0.0015746301450124,0.0323526945299158,-21.5,0.0,-0.0002535092075464,0.0026060540529125,-0.0983149298366689,0.030220627655874,7169.0,0.5192307692307693,0.062763591749099,0.0,-0.1923710407970482,-0.0038110473363928,-5256.0,0.0576923076923076,0.1970647601669667,-1.0
2022-12-29,8551.169,2259.73225,427.926,5934.5158,23.986167800453515,3.618,104.39600067138672,-132.82020000000102,-104.4139499999992,-0.3059506505715426,0.4306472193397113,0.0939999999999998,-0.1619999999999999,-0.0539978027343721,-2.621499252319339,-0.0015746301450124,0.8595041322285637,0.0221896203924445,-0.0766547572684017,-0.0428799606831306,0.8920114031906866,-0.0065888370646179,0.0323526945299158,-0.015587749862461,0.0163559215505057,-212.5,-1.0,-3.520983389655066e-05,0.0024619142177948,-0.0329816972392825,0.0653332325973863,19266.0,0.7948717948717948,0.044906037666551,0.0,-0.109967199286105,0.0824038415109431,217499.0,0.2692307692307692,0.2234590786306142,0.0
2023-01-05,8507.429,2303.504,423.625,5863.51075,23.415459770114943,3.825,104.1974983215332,-71.00505000000067,-146.2800499999994,-0.5707080303385723,0.6853671775223518,0.2070000000000003,0.1590000000000007,-0.1985023498535127,-1.8305015563964844,-0.015587749862461,0.0,0.0150521609538002,-0.0646128110406356,-0.026495710995448,0.4763124467545283,-0.0061082886949905,0.0163559215505057,0.0532041728763039,0.0166548245421826,714.0,1.0,-0.0001224411198841,0.0025158379591178,-0.0610293443283183,-0.0280476470890357,15174.0,0.6794871794871795,0.0374230902660089,0.0,-0.1258210073879193,-0.0158538081018142,172566.0,0.2179487179487179,0.2275412861811748,0.0
2023-01-12,8508.587,2200.4974,372.34,5780.3,22.90942196531792,3.7675,104.33249855041504,-83.21074999999928,-253.6206000000002,-0.5060378047970246,-0.0254622939413415,-0.0575000000000001,0.2635,0.1350002288818359,-0.725501632690424,0.0532041728763039,0.9999999999976232,0.0297686429885382,0.0054955804151031,0.0247784081640052,0.5170040081381022,0.0141399239396573,0.0166548245421826,-0.0125760577331257,0.0168490326341064,-177.75,-1.0,0.0004115319338155,0.0029951233645516,-0.007418518912114,0.0536108254162042,30332.0,0.903846153846154,0.0234817582094188,1.0,-0.1373518395859564,-0.0115308321980371,155153.0,0.1474358974358974,0.2170372293132358,-1.0
2023-01-19,8489.039,2128.733,339.018,5935.749599999999,22.51587962962963,3.532,103.11199951171876,155.449599999999,-131.58640000000196,-0.3935423356882879,-1.7762388213954274,-0.2355,0.008,-1.220499038696289,-1.337998962402338,-0.0125760577331257,0.0,0.0192028660994178,0.0221363702944192,0.0013991784311262,0.5560124748095825,0.0063833303957119,0.0168490326341064,0.053757277205553,0.0264761346469547,750.25,1.0,-5.4012181195246176e-05,0.0018191622630312,-0.0484100542138984,-0.0409915353017844,18493.0,0.7371794871794872,0.0688299655002464,0.0,-0.1551364137745096,-0.0177845741885532,161205.0,0.1282051282051282,0.2278356520772265,-1.0
2023-01-26,8470.557,2066.0076,491.848,6021.2880000000005,21.162159624413142,3.4450000000000003,102.25249862670898,85.53840000000127,86.77220000000034,-1.3537200052164842,-2.824008176040369,-0.0869999999999997,-0.1729999999999996,-0.8595008850097656,-2.1435020446777315,0.053757277205553,0.9999999999976732,0.0292217726855472,0.0787823216578029,0.0950891693659481,0.9180446669751215,0.0186194711223204,0.0264761346469547,0.0503178866487608,0.0381283013932916,740.0,1.0,0.0003909961402828,0.0022858092423583,-0.0653709797647401,-0.0169609255508416,-9896.0,0.6538461538461539,0.1023653255276984,0.0,-0.1878182635114895,-0.0326818497369799,-167755.0,0.0833333333333333,0.2573689308680108,-1.0
2023-02-02,8433.61,2040.449,560.089,5912.701400000001,20.50617021276596,3.482,101.90999908447266,-108.58659999999963,49.19065000000137,-0.6559894116471874,-2.909289557348984,0.0369999999999999,-0.3429999999999999,-0.3424995422363253,-2.287499237060544,0.0503178866487608,0.999999999998862,0.0568899103356747,0.1510059612518628,0.077631464201622,1.4270208268189966,0.0257077243489836,0.0381283013932916,-0.0272715501893633,0.0295469156025298,-421.25,-1.0,0.0003663826265764,0.0031802774429761,-0.1070112856762095,-0.0416403059114694,-14004.0,0.4743589743589743,0.1317514157298447,0.0,-0.1853221414151193,0.0024961220963702,-128399.0,0.0897435897435897,0.2624196258021365,-1.0
2023-02-09,8435.369,2057.9964,493.277,5833.072000000001,19.49319101123596,3.476,101.85599975585936,-79.6293999999998,52.77200000000085,-1.0129792015300048,-3.416230954081964,-0.0060000000000002,-0.2915000000000001,-0.0539993286132869,-2.476498794555667,-0.0272715501893633,0.0,0.0233773148533302,0.0630571671147588,0.0425513461004718,1.0944686246146589,-0.0066172381487794,0.0295469156025298,0.0037936140829604,0.0257898167625152,57.0,1.0,-0.0001425333760149,0.0030357689742012,-0.1017385589461624,0.005272726730047,-26514.0,0.5064102564102564,0.1365815643080061,0.0,-0.1922277809605907,-0.0069056395454713,-120048.0,0.0641025641025641,0.2784252012812533,-1.0
2023-02-16,8384.767,2054.3342,490.379,5884.095600000001,20.679977272727275,3.626,103.32000122070312,51.02359999999953,-51.65399999999863,1.1867862614913207,-1.835902356902356,0.1499999999999999,0.0939999999999998,1.4640014648437472,0.2080017089843693,0.0037936140829604,0.3550488599339282,0.0254438164067032,0.0806806986117329,0.0355665413598365,0.937681577899692,0.0021021927604802,0.0257898167625152,-0.0182333537767905,0.0256223527890207,-275.0,-1.0,-9.37884560013048e-07,0.0023297961468305,-0.1395136516938411,-0.0377750927476786,-26689.0,0.2884615384615384,0.1750732171883167,0.0,-0.1910908749073346,0.0011369060532561,-77001.0,0.0705128205128205,0.2744527019326029,-1.0
2023-02-23,8382.19,2091.748,477.333,5840.0538,21.0412610619469,3.78,103.5979995727539,-44.04180000000088,-181.2342000000008,0.3612837892196268,-0.1208985624662446,0.1539999999999999,0.3349999999999995,0.2779983520507869,1.345500946044922,-0.0182333537767905,0.3776641091206218,0.0198044876665147,0.0068507122700847,0.0029124405235618,0.9837223311560732,-0.0011366306487234,0.0256223527890207,-0.0098262675378615,0.0200891632007898,-145.5,-1.0,-0.000133467118277,0.0019476519946587,-0.1659980302986415,-0.0264843786048003,-27868.0,0.2115384615384615,0.1664759725400457,0.0,-0.1990934077974442,-0.0080025328901096,-27144.0,0.0448717948717948,0.272080726391109,-1.0
2023-03-02,8339.684,2163.7832,381.245,5813.109000000001,21.94,3.895,104.30749893188477,-26.944799999998395,-99.59239999999954,0.8987389380530999,1.4338297872340426,0.1150000000000002,0.4129999999999998,0.7094993591308594,2.3974998474121065,-0.0098262675378615,0.8251028806516452,0.0082868688935495,-0.0508043893438643,0.021938384331219,0.7786763216660717,-0.002525038139676,0.0200891632007898,-0.0037342063532661,0.0281235273984455,-54.75,-1.0,-8.096148796914063e-05,0.0018913551873958,-0.1298411834645933,0.0361568468340481,-5527.0,0.3525641025641026,0.1247684469077179,0.0,-0.1710375485782984,0.0280558592191458,20358.0,0.1346153846153846,0.2627585821258856,-1.0
2023-03-09,8342.283,2193.9996,333.35,5794.6558,21.225386363636364,3.976,104.8520004272461,-18.453200000001743,-38.41620000000148,-0.7146136363636373,1.73219535240041,0.0809999999999999,0.5,0.544501495361331,2.9960006713867244,-0.0037342063532661,0.0,0.0216505784897651,-0.0278364752666344,0.0391448948014299,1.1162000452551364,0.0102726077725248,0.0281235273984455,0.0365920449099745,0.0312319625172168,534.5,1.0,-4.9432140379439454e-05,0.0021384548119233,-0.1162932008216124,0.0135479826429809,-2867.0,0.4487179487179487,0.0901499703637983,0.0,-0.1414555175450593,0.0295820310332391,97344.0,0.1858974358974359,0.2356874234262542,-1.0
2023-03-16,8639.3,2095.9546,232.866,5814.933399999999,19.67837471783296,3.966,105.09199981689451,20.27759999999944,-69.16220000000158,-1.5470116458034049,-1.0016025548943157,-0.0099999999999997,0.3400000000000003,0.2399993896484318,1.771998596191409,0.0365920449099745,0.9999999999985744,0.0463296238813856,0.0039284589500903,0.1089424344514427,1.2199165426350065,0.0329171875163809,0.0312319625172168,0.0091470461975364,0.0211250091386215,138.5,1.0,0.0003957387310741,0.0033969220423512,-0.106805720639546,0.0094874801820663,11111.0,0.5128205128205128,0.0929833978758483,0.0,-0.1426000471598827,-0.0011445296148234,88136.0,0.1858974358974359,0.2447082251804709,-1.0
2023-03-23,8733.787,2182.5508,259.587,6310.479399999999,24.243369565217392,3.592,104.1699996948242,495.5460000000003,470.4255999999996,4.564994847384433,3.202108503270491,-0.3740000000000001,-0.1879999999999997,-0.9220001220703152,0.5720001220703068,0.0091470461975364,0.9404494381980204,0.0145615183246073,0.0319269276874503,0.1208509077571979,0.8564396524825839,0.0127538006649937,0.0211250091386215,0.0149214659685863,0.0197300460244011,228.0,1.0,7.146120706687931e-05,0.0026040637719867,-0.0196697132750986,0.0871360073644474,39818.0,0.8782051282051282,0.0654406270292141,1.0,-0.0988908593703449,0.0437091877895378,161118.0,0.391025641025641,0.1925511880905564,0.0
2023-03-30,8705.942,2241.3462,183.577,6291.6492,24.01646153846153,3.462,103.0259994506836,-18.830199999999422,478.54019999999855,-0.2269080267558543,2.076461538461537,-0.1300000000000003,-0.4330000000000003,-1.1440002441406136,-1.2814994812011662,0.0149214659685863,0.9999999999971388,0.0225367552231106,0.0577182123552781,0.1555886736214604,0.7908703489824805,-0.0074555427518656,0.0197300460244011,0.0057228527211761,0.0200685088627682,88.75,1.0,0.0001555906734577,0.0018427195844534,-0.1416119064018317,-0.1219421931267331,4407.0,0.282051282051282,0.1132792866583518,0.0,-0.2148431483407437,-0.1159522889703988,-106884.0,0.0256410256410256,0.2215732397086093,-1.0
2023-04-06,8632.384,2246.446,168.793,6281.018799999999,22.090532150776053,3.516,102.63800048828124,-10.630400000000918,486.3629999999994,-1.9259293876854853,0.8651457871396886,0.0539999999999998,-0.4600000000000004,-0.3879989624023494,-2.2139999389648466,0.0057228527211761,0.4099099099080635,0.0142337345921425,0.0677586088861503,0.1034915805858214,0.7953679012745272,-0.0054353469462236,0.0200685088627682,0.0025005209418629,0.021523170758056,39.0,0.0,1.856164132193327e-05,0.0016786867533336,-0.1858193153212101,-0.0442074089193783,-9698.0,0.1602564102564102,0.1105082835773421,-1.0,-0.2102587394829318,0.0045844088578119,-151505.0,0.0384615384615384,0.2003312433013791,-1.0
2023-04-13,8614.797,2290.606,109.208,6217.145,20.57429213483146,3.372,101.9719985961914,-63.87379999999848,402.2116000000015,-1.516240015944593,0.8959174169985005,-0.1439999999999996,-0.5940000000000003,-0.6660018920898381,-3.1200012207031165,0.0025005209418629,0.9999999999961166,0.0164686695553459,0.0326420764125086,0.1203403493058665,0.8400517977001755,-0.0061471526747745,0.021523170758056,-0.0086660377660169,0.0068465568472803,-135.5,-1.0,2.1711360755861788e-05,0.0017649314786591,-0.1909718932235363,-0.0051525779023261,-16485.0,0.1538461538461538,0.1407190786696872,-1.0,-0.2549263081253897,-0.0446675686424579,-261622.0,0.0064102564102564,0.2214806678224763,-1.0
2023-04-20,8593.263,2264.3122,166.555,6214.983000000001,20.88533156498674,3.418,101.82250022888184,-2.1619999999993524,-95.49639999999818,0.3110394301552794,-3.3580380002306534,0.0460000000000002,-0.1739999999999999,-0.149498367309576,-2.347499465942377,-0.0086660377660169,0.0,0.0076611667553749,0.0144142670157068,0.053972733145208,0.2854463218985238,-0.0044055706925896,0.0068465568472803,0.0101288688892113,0.0309840443661966,157.0,1.0,-6.148483635888751e-05,0.0017276696531159,-0.1524866298900913,0.0384852633334449,-30183.0,0.2564102564102564,0.1695161494083463,0.0,-0.2361242249726369,0.0188020831527528,-278649.0,0.0128205128205128,0.2380197369854776,-1.0
2023-04-27,8562.768,2285.49,291.702,6162.3958,19.73947019867549,3.568,101.84199981689451,-52.58720000000085,-129.2533999999996,-1.1458613663112445,-4.276991339786044,0.1499999999999999,0.1060000000000003,0.0194995880126924,-1.183999633789071,0.0101288688892113,0.9999999999976288,0.0269364032636637,0.0096240649987102,0.0136438675428089,1.3246654886305536,0.0098647518325318,0.0309840443661966,-0.0119752830158552,0.011564125062763,-187.5,-1.0,7.159634739448211e-05,0.0017609887612868,-0.1290505551724278,0.0234360747176635,-1196.0,0.3846153846153846,0.1575661371343227,0.0,-0.2402190033801207,-0.0040947784074837,-85597.0,0.0128205128205128,0.2596056481944379,-1.0
2023-05-04,8503.994,2266.6192,269.216,5985.576,19.821955555555554,3.49,101.6,-176.8198000000002,-295.4427999999989,0.0824853568800598,-2.268576595220498,-0.0780000000000002,-0.0259999999999998,-0.2419998168945341,-1.0380004882812557,-0.0119752830158552,0.0,0.0178735920102134,-0.0081427220414509,0.0295835343837873,0.5282466972521231,0.0045012695823702,0.011564125062763,0.0260346805863054,0.0195406688188171,402.75,1.0,-5.399212144138719e-05,0.0016562299538286,-0.1453317935506795,-0.0162812383782517,4902.0,0.282051282051282,0.1661592382921334,0.0,-0.2096686636119611,0.0305503397681595,-24643.0,0.0641025641025641,0.2579554893339818,-1.0
2023-05-11,8503.017,2224.6544000000004,197.666,5968.1588,19.335774336283187,3.444,101.70399932861328,-17.417199999999866,-248.98620000000028,-0.4861812192723675,-1.2385177985482727,-0.0459999999999998,0.072,0.103999328613284,-0.2679992675781335,0.0260346805863054,0.999999999994498,0.0114506221452197,0.0151415825911773,0.0523960284440319,0.9143646560110212,0.0114298695897419,0.0195406688188171,0.0281934162860293,0.0165561825562837,447.5,1.0,0.0002121999522253,0.001527918795901,-0.1341491049172898,0.0111826886333897,10005.0,0.358974358974359,0.1689834892207193,0.0,-0.1983495853786698,0.0113190782332913,108689.0,0.0897435897435897,0.2580653839461641,-1.0
2023-05-18,8456.76,2221.0564,116.22,6080.696599999999,20.8620728929385,3.462,101.5520004272461,112.53779999999917,-134.28640000000178,1.5262985566553129,-0.0232586720482395,0.0179999999999997,0.0439999999999995,-0.1519989013671789,-0.2704998016357365,0.0281934162860293,0.9999999999979908,0.0304993872549019,0.0528862437702617,0.1021627918756014,0.8031037635610068,0.0137459141691791,0.0165561825562837,0.0050551470588235,0.0263475813607524,82.5,1.0,0.0002356294329473,0.0015728610449245,-0.1128046591256958,0.0213444457915939,6363.0,0.5256410256410257,0.168485141667202,0.0,-0.2161328150700571,-0.0177832296913872,28310.0,0.0448717948717948,0.257309632205943,-1.0
2023-05-25,8436.255,2251.4134,61.952,6119.4836000000005,20.10210762331839,3.544,102.8259994506836,38.78700000000117,-42.91219999999976,-0.7599652696201105,0.3626374246428945,0.0819999999999998,-0.0240000000000004,1.2739990234374972,0.9839996337890682,0.0050551470588235,0.9999999999969348,0.0198902606310013,0.0475977582270195,0.1187273006291882,1.2465275646363936,0.0159581675606755,0.0263475813607524,0.0302240512117055,0.0257442887416808,495.75,1.0,1.6670438200666845e-05,0.0017610672486954,-0.0976408196345825,0.0151638394911133,3916.0,0.6025641025641025,0.1801927515548743,0.0,-0.2088958371441417,0.0072369779259154,58514.0,0.0769230769230769,0.2625893438685446,-1.0
2023-06-01,8385.854,2201.2685,48.954,6122.8896,19.974830699774262,3.736,103.597998046875,3.40599999999904,137.3135999999995,-0.1272769235441231,0.1528751442187115,0.1920000000000001,0.246,0.7719985961914091,1.997998046875012,0.0302240512117055,0.9999999999941775,0.0101637743553326,0.0923415051956237,0.1568597247894845,1.2295185366372885,0.0158253170344904,0.0257442887416808,0.0018197150592516,0.0214011589372906,30.75,0.0,0.0003011331851391,0.0017613341041307,-0.1188165962259658,-0.0211757765913833,2060.0,0.4743589743589743,0.2060871970670523,0.0,-0.2084436270864934,0.0004522100576482,-29536.0,0.0833333333333333,0.2599008265009038,-1.0
2023-06-08,8389.325,2142.3022,44.756,6135.6315,18.95976359338061,3.685,104.06499862670898,12.741899999999989,167.47269999999935,-1.0150671063936514,-0.3760107429025723,-0.0509999999999997,0.2410000000000001,0.4670005798339787,2.360999298095706,0.0018197150592516,0.6666666666640751,0.0151958178273967,0.0665616632540557,0.1180530330548492,1.0637140384450636,-0.0127905901453446,0.0214011589372906,0.0409209049559926,0.0101074555797936,692.75,1.0,-8.471622528280367e-06,0.0016889539710196,-0.1288652811641317,-0.0100486849381659,-5621.0,0.3846153846153846,0.2087058322690506,0.0,-0.2040336702223593,0.004409956864134,-59872.0,0.0897435897435897,0.24848028964379,-1.0
2023-06-15,8388.323,2086.0574,102.118,6202.2668,16.10890134529148,3.72,103.91799774169922,66.63530000000083,121.57020000000102,-2.850862248089136,-4.753171547647021,0.0350000000000001,0.2580000000000004,-0.1470008850097599,2.365997314453125,0.0409209049559926,0.9999999999984364,0.0362903797863435,0.0797640931372549,0.1532558900523559,0.5263984766471389,0.0146833319314974,0.0101074555797936,-0.0090371274135656,0.0208779384386865,-159.25,-1.0,0.0003479184430017,0.0017622063994221,-0.1199364949620384,0.0089287862020932,-8302.0,0.4551282051282051,0.2276561296508794,0.0,-0.2195471675568084,-0.015513497334449,-55956.0,0.032051282051282,0.2624504552379485,-1.0
2023-06-22,8362.06,2008.2145,276.85,6200.1476,16.22854214123007,3.774,103.13199920654296,-2.119200000000092,80.66399999999976,0.1196407959385901,-3.873565482088321,0.0539999999999998,0.2300000000000004,-0.7859985351562528,0.305999755859375,-0.0090371274135656,0.7622767857108828,0.0128274874731567,0.0646242950769699,0.1260317255610008,1.0819374816541298,0.0004505386205899,0.0208779384386865,-0.0065569076592698,0.0233042784142623,-114.5,-1.0,-0.0001054619180395,0.0016365714215309,-0.1196676775900064,0.0002688173720319,-12420.0,0.4615384615384615,0.211130892206944,0.0,-0.1753359492882228,0.0442112182685856,-29594.0,0.2115384615384615,0.2589798723005418,0.0
2023-06-29,8340.914,1952.28,390.571,6076.995499999999,16.456601466992666,3.7575,102.32500076293944,-123.15210000000116,-45.89410000000044,0.2280593257625973,-3.5182292327816,-0.0164999999999997,0.0215000000000005,-0.8069984436035185,-1.2729972839355526,-0.0065569076592698,0.8912248628852241,0.0157655061102144,0.026615182045478,0.1122830076778815,1.191032275315823,-0.0089767503694936,0.0233042784142623,0.0079403965875028,0.0192038607492458,137.75,1.0,-2.907125915362979e-06,0.0017915133048843,-0.0627629499801991,0.0569047276098073,17925.0,0.7307692307692307,0.2639517877657927,0.0,-0.1696364262254427,0.0056995230627801,125650.0,0.2243589743589743,0.3581644177667199,0.0
2023-07-06,8298.312,1916.31875,415.441,5998.063000000001,15.56784222737819,3.758,102.86600036621094,-78.93249999999807,-137.5684999999985,-0.8887592396144761,-3.3919213660024248,0.0004999999999997,0.0729999999999999,0.5409996032714872,-1.198998260498044,0.0079403965875028,0.0,0.0072487597043306,0.0328873530627915,0.1183185968053979,0.9912602067307827,0.0056772704559397,0.0192038607492458,0.0270791930572036,0.0166549711052076,473.5,1.0,5.1936861142808665e-05,0.0013967617113766,-0.0947866585408061,-0.032023708560607,14761.0,0.6282051282051282,0.2449984575912842,0.0,-0.1416682347786325,0.0279681914468101,205311.0,0.282051282051282,0.3433410693523652,0.0
2023-07-13,8296.923,1799.5315999999998,514.337,5966.55225,15.295297297297298,3.9175,103.11000061035156,-31.51075000000128,-235.7145500000006,-0.2725449300808922,-0.8136040479941808,0.1594999999999999,0.1974999999999998,0.2440002441406221,-0.8079971313476619,0.0270791930572036,0.9999999999981124,0.0294973342427996,0.0191524678309475,0.1586426025386687,0.8248895774647368,0.0077104339624172,0.0166549711052076,-0.0066400322953352,0.02552753912468,-119.25,-1.0,0.0002458539676811,0.0015385271133307,,,,,,,,,,,,
2023-07-20,8274.552,1727.9532,531.135,5983.054400000001,16.26214611872146,3.936,101.2519989013672,16.502150000001166,-217.0931999999993,0.9668488214241632,0.0336039774913921,0.0184999999999999,0.1619999999999999,-1.858001708984375,-1.880000305175784,-0.0066400322953352,0.0,0.0214405829596412,0.0216177523264138,0.1394082613485765,1.29346115888839,-0.0109718068461597,0.02552753912468,-0.0011911434977578,0.0090920005394588,-21.25,0.0,-5.822985397111312e-05,0.0015509878805227,-0.1349456015835697,-0.0094203124574887,3452.0,0.3269230769230769,0.2356001486436269,0.0,-0.1338002504387165,-0.0055960776293157,220257.0,0.3205128205128205,0.3417168965347001,0.0
2023-07-27,8243.344,1749.5701999999997,543.597,6015.4638,15.723248847926268,3.808,100.1699996948242,32.40939999999864,-61.531699999999546,-0.5388972707951929,-0.7333526190663981,-0.1280000000000001,0.0504999999999995,-1.0819992065429744,-2.15500106811524,-0.0011911434977578,0.2330827067651648,0.0074640477025605,0.0271356928752593,0.1518447292296256,0.4655443453366787,-0.0009460814970716,0.0090920005394588,-0.0074219572079972,0.0274478626999087,-132.25,-1.0,9.613664646849738e-06,0.001981747489342,-0.1061701883160722,0.0287754132674974,-13558.0,0.5641025641025641,0.2565608974819369,0.0,-0.1625338260970429,-0.0287335756583263,4824.0,0.2435897435897435,0.3567569868892242,0.0
2023-08-03,8206.764,1767.573,517.459,5950.176799999999,15.29413875598086,3.896,101.28599853515624,-65.28700000000026,-47.886200000001736,-0.4291100919454074,-0.2737034713973294,0.088,0.1379999999999999,1.1159988403320398,-1.5800018310546875,-0.0074219572079972,0.0,0.0236762502473638,0.0114807772042948,0.1142857142857143,1.359561602519895,0.0009121931989054,0.0274478626999087,-0.0134283210358182,0.0157858808604689,-237.5,-1.0,-4.730596196296136e-05,0.0016440547446254,-0.1451174379832179,-0.0389472496671456,-14408.0,0.2564102564102564,0.2347660400864754,0.0,-0.1733236335641443,-0.0107898074671013,-80954.0,0.2179487179487179,0.3549104640085885,0.0
2023-08-10,8208.241,1787.8308000000002,444.594,5921.731999999999,15.717146067415731,4.0520000000000005,102.18200073242188,-28.44480000000021,-44.82025000000067,0.4230073114348709,0.4218487701184337,0.1560000000000005,0.1345000000000005,0.8960021972656165,-0.9279998779296932,-0.0134283210358182,0.074857607810985,0.0176084589374749,-0.0284115427982794,0.0691789215686273,0.7844084317448703,-0.0063094758707006,0.0157858808604689,-0.0242564043784744,0.0189551233365228,-423.25,-1.0,-0.0001512430491663,0.0021593987514496,-0.1940788046229731,-0.0489613666397552,-21140.0,0.1538461538461538,0.2356219171741426,-1.0,-0.1640438448104707,0.0092797887536735,-85735.0,0.25,0.3632222074468673,0.0
2023-08-17,8145.727,1781.4352,435.795,5975.8162,16.98158013544018,4.05,102.3219985961914,54.08420000000115,-7.238200000000688,1.264434068024448,0.7194340167187185,-0.0020000000000006,0.1139999999999998,0.1399978637695369,1.0699996948242188,-0.0242564043784744,0.0,0.0289120890415987,-0.0456418161434977,0.0379972565157751,0.9716325861443156,-0.0040910986624815,0.0189551233365228,0.0049337033610854,0.0307926389093303,84.0,1.0,-0.0002207521359144,0.0019141664426924,-0.2097235191569589,-0.0156447145339857,-22391.0,0.1217948717948717,0.2361786207557687,-1.0,-0.141231974244627,0.0228118705658436,-19052.0,0.3141025641025641,0.3456340768876252,0.0
2023-08-24,8139.066,1800.8878,413.787,5928.4968,17.50729074889868,4.228,103.21999969482422,-47.31940000000032,-86.96699999999964,0.5257106134585001,1.7840419009724116,0.1779999999999999,0.4199999999999999,0.8980010986328182,3.050000000000012,0.0049337033610854,0.2613510520481476,0.0263884627186253,-0.0397895475271834,0.0125160889441213,1.545099610737265,0.0046288098197468,0.0307926389093303,0.0395388594222592,0.0141952436519892,676.5,1.0,4.376480973184993e-05,0.0024090921339883,-0.1371559192727867,0.0725675998841721,-9016.0,0.3141025641025641,0.2235213816198767,0.0,-0.1267731862100407,0.0144587880345863,89383.0,0.3717948717948718,0.3479202599352299,0.0
2023-08-31,8121.316,1687.5366,470.8,5924.3912,17.82704128440367,4.272,103.52200012207032,-4.105599999999868,-25.78559999999925,0.3197505355049905,2.532902528422809,0.0440000000000004,0.3760000000000003,0.3020004272460852,2.236001586914057,0.0395388594222592,0.999999999998212,0.0314428280272682,0.0056398948350435,0.0506379585326954,0.7344115007707392,0.0131228065901536,0.0141952436519892,-0.0144071965703844,0.0093211964424792,-256.25,-1.0,0.0003534825703367,0.002018771892991,-0.1138804341583874,0.0232754851143993,7876.0,0.5,0.2010566817894676,0.0,-0.1447343201787466,-0.0179611339687059,66419.0,0.2948717948717949,0.3357911297492897,0.0
2023-09-07,8101.318,1571.022,470.881,5962.979399999999,16.163425287356322,4.156000000000001,103.69400177001953,38.58819999999923,41.2474000000002,-1.663615997047348,0.4462792199405907,-0.1159999999999996,0.104,0.1720016479492159,1.5120010375976562,-0.0144071965703844,0.0,0.0143896177980604,0.0046420998338012,-0.005206633847376,0.4838859082659585,-0.002578441311785,0.0093211964424792,0.0106674272675413,0.0168613466106226,187.0,1.0,-0.0001370509116434,0.0014552962814829,-0.1005873767146582,0.0132930574437292,25276.0,0.5833333333333334,0.2268662850017004,0.0,-0.1501821815531904,-0.0054478613744437,27150.0,0.2948717948717949,0.330345119498008,0.0
2023-09-14,8098.779,1521.3894,521.507,6059.415,15.057690355329948,4.255,104.74249839782716,96.4356000000007,83.59879999999976,-1.1057349320263743,-1.923889780110232,0.0989999999999993,0.205,1.0484966278076229,2.420499801635742,0.0106674272675413,0.9956958393056202,0.0098351865439972,0.0406002672422654,0.0145740873299928,0.8907917100215822,0.0013515903447727,0.0168613466106226,-0.0457611333747248,0.0184980611524582,-810.75,-1.0,0.0001226716411622,0.0013904285111158,-0.0973679158610665,0.0032194608535916,30665.0,0.6217948717948718,0.2115403074307184,0.0,-0.1427577848325379,0.0074243967206525,-8983.0,0.3076923076923077,0.3421435158821833,0.0
2023-09-21,8024.09,1449.7536,640.296,6055.882600000001,15.305635103926097,4.272,104.90999908447266,-3.532399999999143,127.38580000000093,0.247944748596149,-2.2016556449725826,0.0170000000000003,0.0440000000000004,0.1675006866455106,1.6899993896484349,-0.0457611333747248,0.0,0.0326358595194085,-0.0118938032408422,-0.0254640304357851,0.9983853636091106,-0.0094371953040619,0.0184980611524582,-0.000177449168207,0.0172251964752832,-3.0,0.0,-0.0004049125147423,0.0017476422020858,-0.1019444661712944,-0.0045765503102279,5997.0,0.5769230769230769,0.1594274540477121,0.0,-0.0938097828604084,0.0489480019721294,45740.0,0.4615384615384615,0.3072021640953903,0.0
2023-09-28,8002.064,1439.8714,681.143,5934.0404,15.878526077097506,4.372,105.24799957275393,-121.84220000000096,9.649199999999835,0.5728909731714094,-1.948515207306164,0.0999999999999996,0.0999999999999996,0.3380004882812528,1.7259994506836025,-0.000177449168207,0.6572077184987187,0.0130300386020439,-0.0496450910113148,-0.0333128404557997,0.9380337387478288,0.0069286270418856,0.0172251964752832,0.0001183204413353,0.0242430585859214,2.0,0.0,-1.5000042507025716e-05,0.0019014702210622,-0.0850116757248248,0.0169327904464696,11159.0,0.6666666666666666,0.2828294517575582,0.0,-0.1527013535238883,-0.0588915706634798,4418.0,0.282051282051282,0.4105190880843964,0.0
2023-10-05,7955.782,1375.7872,668.009,5881.0496,17.86070796460177,4.55,106.14000091552734,-52.99079999999958,-81.92979999999898,1.9821818875042627,1.6972826772454468,0.1779999999999999,0.3939999999999992,0.8920013427734261,2.4459991455078125,0.0001183204413353,0.5448658649378544,0.015986158146138,-0.0356389047347404,-0.058688419616632,1.2762574903960444,0.0098164845321973,0.0242430585859214,0.026811197704855,0.0147450095155384,453.25,1.0,-2.7659133034673785e-06,0.0024094862729004,-0.1274811339339918,-0.042469458209167,-3315.0,0.3782051282051282,0.2362509900412902,0.0,-0.1333290547491354,0.0193722987747528,57478.0,0.3653846153846153,0.3538896050866785,0.0
2023-10-12,7952.054,1225.6505,709.16,5911.9858,18.239709172259506,4.708,106.64000091552734,30.9362000000001,-147.42919999999958,0.3790012076577369,3.182018816929558,0.1580000000000003,0.4530000000000003,0.5,1.8975025177001896,0.026811197704855,0.7574626865643379,0.0154391220439554,-0.0202348027318395,-0.0269899103139013,0.8147816377446037,0.0080104645286309,0.0147450095155384,-0.0244836823458247,0.02026673249735,-425.0,-1.0,0.0002374008901408,0.0024298365624866,-0.0863020762242746,0.0411790577097171,5641.0,0.6666666666666666,0.1864241624581039,0.0,-0.1245220789530682,0.0088069757960672,58244.0,0.4102564102564102,0.324332816176204,0.0
2023-10-19,7933.162,1121.6198,759.878,6017.2435000000005,17.8596,4.68,106.06800079345705,105.25770000000011,-38.639100000000326,-0.3801091722595053,2.553964896073904,-0.0280000000000004,0.4079999999999995,-0.5720001220703068,1.1580017089843722,-0.0244836823458247,0.0,0.0235922874774854,0.0016118299445471,-0.0496808137495615,1.0650942089951378,-0.0085486561301364,0.02026673249735,-0.041101957657897,0.0291225108911603,-696.0,-1.0,-0.0002362755015361,0.0021297721910873,-0.0641404379418473,0.0221616382824273,15627.0,0.7564102564102564,0.2142994935186271,0.0,-0.1375310596407353,-0.013008980687667,-48204.0,0.3525641025641026,0.3201634231519005,0.0
2023-10-26,7907.83,1117.0148000000002,834.418,6051.6642,18.925446623093684,4.812,106.39199981689453,34.42069999999967,117.6238000000003,1.0658466230936838,3.046920545996178,0.1320000000000005,0.4400000000000004,0.3239990234374943,1.1440002441406136,-0.041101957657897,0.0,0.0401847575057736,-0.03938591690947,-0.081926893393266,1.5193560871648648,-0.0104918448288121,0.0291225108911603,0.0495150115473441,0.012095183669359,804.0,1.0,-0.0002733497262968,0.0025640854817789,-0.0445062901620056,0.0196341477798417,8767.0,0.8269230769230769,0.2329283193049144,1.0,-0.1246649020287698,0.0128661576119655,56454.0,0.4166666666666667,0.316791027596193,0.0
2023-11-02,7866.664,1100.4076,820.487,5956.3972,20.088744493392067,4.886,106.21999969482422,-95.26699999999984,75.34760000000006,1.1632978702983827,2.228036528790298,0.0739999999999998,0.3360000000000003,-0.1720001220703011,0.0799987792968863,0.0495150115473441,0.9999999999986352,0.042997975530323,0.0080596264474053,-0.0233537738552352,0.6413103977296939,0.0108793827080295,0.012095183669359,0.0151395123668691,0.0158198697095028,258.0,1.0,0.0003333653669559,0.0019370142671561,-0.0497935741381148,-0.0052872839761092,18634.0,0.7884615384615384,0.2334211849301503,0.0,-0.0933536133829952,0.0313112886457745,83473.0,0.4935897435897436,0.2816084878531016,0.0
2023-11-09,7860.691,1032.0934,772.686,5945.7694,18.778638392857143,4.808,106.46800079345704,-10.627800000000208,33.78359999999975,-1.3101061005349235,0.5389292205976375,-0.0780000000000002,0.0999999999999996,0.2480010986328125,-0.1720001220703011,0.0151395123668691,0.3718411552328672,0.0120090176016647,-0.0033989111962439,0.0160785868463944,0.8505837982292864,0.0096401608752998,0.0158198697095028,0.0370819965894968,0.0245551428151979,641.5,1.0,0.0001476224222967,0.0013677275014439,-0.0313030611301211,0.0184905130079937,14300.0,0.8653846153846154,0.1699250901692407,1.0,-0.1081998666777312,-0.014846253294736,30608.0,0.4551282051282051,0.2764649718992769,0.0
2023-11-16,7814.991,979.5082,738.562,6055.9116,16.358568181818182,4.586,105.45599975585938,110.14220000000024,38.66809999999987,-2.4200702110389614,-1.5010318181818183,-0.2219999999999995,-0.0939999999999994,-1.0120010375976562,-0.6120010375976506,0.0370819965894968,0.999999999997147,0.0195362577336826,0.0594974458912807,0.0485834100439808,1.3582100965553927,0.0038535770033041,0.0245551428151979,0.0084582799175074,0.0149390415684961,151.75,1.0,0.0003171790390301,0.0018239958572689,0.0560412286953438,0.087344289825465,32605.0,0.9807692307692308,0.2347478538659064,1.0,-0.1248054336414802,-0.016605566963749,13308.0,0.4166666666666667,0.3060588055174827,0.0
2023-11-23,7810.814,937.9125,706.017,6096.9208,15.681945701357469,4.532,104.8780014038086,41.00919999999951,45.25659999999971,-0.6766224804607148,-3.243500921736217,-0.0540000000000002,-0.2800000000000002,-0.5779983520507841,-1.513998413085929,0.0084582799175074,0.8047182175580356,0.0105428970167608,0.1142571208622016,0.0172324126783329,0.8234947111224773,-0.0003307338153264,0.0149390415684961,-0.0035235107985243,0.0037785464350648,-63.75,-1.0,8.732409111478812e-05,0.0009733147423211,0.0055879853047576,-0.0504532433905861,13393.0,0.935897435897436,0.2970764054257195,1.0,-0.131567673803572,-0.0067622401620918,-25186.0,0.3846153846153846,0.3166435713509401,0.0
2023-11-30,7796.145,881.6960000000001,739.209,6166.8845,14.666269430051814,4.4225,103.69999885559082,69.96370000000024,210.48729999999972,-1.0156762713056526,-5.4224750633402525,-0.1094999999999997,-0.4634999999999998,-1.1780025482177765,-2.520000839233404,-0.0035235107985243,0.0,0.0034666370846968,0.0579467769855939,0.0284654877353109,0.2137290660161352,-0.0054046057938215,0.0037785464350648,0.0029535747961617,0.0181877984668363,53.25,0.0,-5.0793878731047616e-05,0.0012704750544977,-0.0097008070447789,-0.0152887923495366,10212.0,0.903846153846154,0.3154728211316252,1.0,-0.1376319210327038,-0.0060642472291317,-107214.0,0.3525641025641026,0.3372806931983634,0.0
2023-12-07,7737.385,818.21,682.509,6175.240000000001,13.922594339622645,4.368,103.1239990234375,8.355500000000575,229.47060000000056,-0.7436750904291713,-4.8560440532345,-0.0544999999999999,-0.4399999999999995,-0.5759998321533146,-3.3440017700195312,0.0029535747961617,0.9999999999955258,0.0123601874766691,0.0452469724558513,0.0206157927414347,1.0223792202547393,0.000433687449949,0.0181877984668363,0.028273583210054,0.0106068313832761,511.25,1.0,3.106913431956126e-05,0.0017170909307,0.0164756705653725,0.0261764776101514,13481.0,0.9551282051282052,0.3140684959836655,1.0,-0.1386404231033972,-0.0010085020706933,-80936.0,0.3461538461538461,0.3457519756732972,0.0
2023-12-14,7739.566,818.0786,658.44,6236.666,13.724634703196347,4.188,103.73000030517578,61.42599999999948,180.7543999999998,-0.1979596364262956,-2.6339334786218345,-0.1800000000000006,-0.3980000000000006,0.6060012817382727,-1.7259994506836025,0.028273583210054,0.9490546218467456,0.0256003442063086,0.0363692101889527,0.099800369685767,0.6191211658570659,0.0023987680301624,0.0106068313832761,0.0109446849705541,0.0205866244813943,203.5,1.0,0.0002622990747621,0.001612402803138,-0.0683162580273598,-0.0847919285927323,-35339.0,0.6858974358974359,0.3116194190117023,0.0,-0.1503456685872384,-0.0117052454838412,-76488.0,0.3012820512820512,0.3509257018496873,0.0
2023-12-21,7724.063,747.717,732.196,6263.0474,14.589267734553776,4.1240000000000006,103.36200103759764,26.381399999999303,166.1265999999996,0.8646330313574282,-1.0926779668036914,-0.0639999999999991,-0.4079999999999995,-0.3679992675781278,-1.516000366210946,0.0109446849705541,0.7409931840282727,0.0136590945363621,0.0389244310566387,0.1120346678893111,1.182310644594427,0.0065728377449956,0.0205866244813943,0.0071287971484812,0.0061966939513733,134.0,1.0,5.743092134187415e-05,0.0014611378455122,-0.096820713956002,-0.0285044559286422,-35361.0,0.5833333333333334,0.233080745092305,0.0,-0.1340130081856859,0.0163326604015524,-70003.0,0.3846153846153846,0.3073642923890442,0.0
2023-12-28,7712.781,803.65925,731.405,6244.150000000001,14.87854260089686,3.908,102.29600067138672,-18.897399999998925,77.26550000000043,0.2892748663430851,0.2122731708450462,-0.2160000000000006,-0.5145000000000004,-1.066000366210929,-1.4039981842040987,0.0071287971484812,0.8292682926767035,0.0070387195605092,0.0500305064063453,0.1198296387216988,0.3895250555765572,0.0003364887202788,0.0061966939513733,-0.034097512017326,0.0126277645272644,-645.5,-1.0,0.0001168142812907,0.0007589736139881,-0.1510970592179086,-0.0542763452619065,-39958.0,0.1794871794871795,0.3152430891267987,-1.0,-0.1419359036358065,-0.0079228954501206,2840.0,0.3333333333333333,0.4081228842810154,0.0
2024-01-04,7681.024,777.03575,758.448,6177.7167500000005,14.562225609756098,3.855,101.34749984741212,-66.43325000000004,2.476749999999811,-0.3163169911407628,0.6396312701334548,-0.0529999999999999,-0.5130000000000003,-0.9485008239746122,-1.7764991760253963,-0.034097512017326,0.0,0.0316370894971425,0.0112403047187159,0.0534032318460695,0.802685531575021,-0.0145707161222291,0.0126277645272644,0.0285061934319543,0.0171026912283444,521.25,1.0,-0.0003902795998535,0.0015109064197522,-0.1498476717535916,0.001249387464317,-47909.0,0.1923076923076923,0.3174401867069149,-1.0,-0.1641632683954313,-0.0222273647596248,-37469.0,0.25,0.4063512443303175,0.0
2024-01-11,7686.71,673.6688,747.565,6145.54025,14.284864864864865,3.9325,102.10249900817873,-32.17650000000049,-91.12575000000017,-0.2773607448912347,0.5602301616685157,0.0775000000000001,-0.2554999999999996,0.7549991607666016,-1.6275012969970677,0.0285061934319543,0.9999999999980236,0.0269052334932936,0.0114690617688977,0.1106239111819764,1.1056660546867365,0.0118371039325115,0.0171026912283444,0.0076435322424128,0.0171528420513897,143.75,1.0,0.000243248407008,0.0018679566976412,-0.1273376722518703,0.0225099995017212,-16172.0,0.3269230769230769,0.3166629384633411,0.0,-0.1746133530464137,-0.0104500846509823,-39824.0,0.2179487179487179,0.4284086729200805,0.0
2024-01-18,7673.741,598.6610000000001,748.883,6265.476199999999,14.292563510392611,4.02,102.36800079345704,119.93594999999914,2.4287999999996828,0.0076986455277481,-0.2967042241611644,0.0874999999999994,-0.1040000000000009,0.2655017852783174,-0.9940002441406222,0.0076435322424128,0.9999999999958376,0.0126777657581594,0.0081661967335213,0.1670823710546574,1.1853455459894635,0.008453789141512,0.0171528420513897,0.0276773699902377,0.0152815150650885,524.5,1.0,9.949514980879048e-05,0.0016649699126488,-0.1274008350730689,-6.316282119858685e-05,-2845.0,0.3205128205128205,0.3073729993041058,0.0,-0.138142990996497,0.0364703620499167,53134.0,0.3782051282051282,0.4180357668481448,0.0
2024-01-25,7677.23,618.1454,799.358,6326.197,14.872685185185183,4.0675,103.1875,60.72080000000096,82.04699999999957,0.5801216747925739,-0.0058574157116755,0.0475000000000003,0.1594999999999999,0.8194992065429716,0.8914993286132784,0.0276773699902377,0.999999999994898,0.0100641848523748,0.0287359357667318,0.1427984625766512,1.0369994950984591,0.0063074024267957,0.0152815150650885,-0.0101540436456996,0.0263115295252205,-197.75,-1.0,0.0001623054949046,0.0014360279500651,-0.1175513788863516,0.0098494561867172,9359.0,0.4294871794871794,0.3016441243632531,0.0,-0.1311410746953471,0.0070019163011498,14684.0,0.4423076923076923,0.4161590238931626,0.0
2024-02-01,7630.124,569.784,841.55,6259.726599999999,14.092293577981652,4.144,103.41000061035156,-66.47040000000106,82.00984999999855,-0.7803916072035335,-0.4699320317744462,0.0765000000000002,0.2890000000000001,0.2225006103515596,2.0625007629394503,-0.0101540436456996,0.419407008085349,0.0240568545824741,0.0542369637144184,0.1143241134136825,1.6854928444181865,-0.0111348020989033,0.0263115295252205,0.0223838981182482,0.0170283955535451,431.5,1.0,4.939273435057821e-05,0.0019239258116381,-0.1135305631232311,0.0040208157631205,8552.0,0.4551282051282051,0.3122768270426111,0.0,-0.1696586227835749,-0.0385175480882278,-32372.0,0.2371794871794871,0.3997904180752825,0.0
2024-02-08,7631.3,537.382,802.135,6218.79,14.266469194312796,4.029999999999999,103.36000061035156,-40.93659999999909,73.24974999999995,0.1741756163311443,-0.0183956705520671,-0.1140000000000007,0.0974999999999992,-0.0499999999999971,1.2575016021728516,0.0223838981182482,0.9999999999951982,0.0105663728039576,0.0479615031836972,0.0985312970291512,1.136487402532324,0.0057273404734947,0.0170283955535451,0.0022578803830786,0.0226921375643012,44.5,0.0,0.0001126911033847,0.0015147575014727,-0.0818624201762185,0.0316681429470125,10545.0,0.6282051282051282,0.315689919974133,0.0,-0.1825953459418001,-0.0129367231582252,-34514.0,0.1923076923076923,0.4176834091698566,-1.0
2024-02-15,7633.874,554.5648,838.005,6291.783,14.778875598086124,4.106,104.1479995727539,72.9930000000004,26.306800000001203,0.512406403773328,0.4863120876935127,0.0760000000000005,0.0860000000000003,0.7879989624023409,1.779998779296875,0.0022578803830786,0.6510344827568247,0.0183514105273815,0.0423603598849635,0.0917770930345027,1.4518835381799933,-0.0030197699152234,0.0226921375643012,0.0068216622581094,0.0368928008078134,134.75,1.0,3.148644991317038e-05,0.0015810644240438,-0.1057535955824279,-0.0238911754062093,4747.0,0.5,0.3198060675246066,0.0,-0.1761620006845975,0.0064333452572025,-100196.0,0.2179487179487179,0.396621009539418,0.0
2024-02-22,7581.683,547.78275,785.465,6241.3042,15.018782201405154,4.232,104.44600067138671,-50.47880000000077,-84.89280000000053,0.2399066033190298,0.1460970162199686,0.1260000000000003,0.1645000000000003,0.2980010986328096,1.258500671386713,0.0068216622581094,0.999999999998042,0.0256813153660498,0.0212066752246469,0.1031116534472238,2.006246319479476,-0.0025369316702175,0.0368928008078134,0.0017724255832662,0.0118882986079443,35.25,0.0,5.537943450978706e-05,0.0019899910940731,-0.1110855426115026,-0.0053319470290746,-1296.0,0.4615384615384615,0.3197244994167186,0.0,-0.1592386971556846,0.0169233035289129,-82203.0,0.3076923076923077,0.3987827542848119,0.0
2024-02-29,7567.807,527.3439999999999,785.821,6248.43525,15.09441624365482,4.305,104.08250045776369,7.131049999999959,-11.291349999999513,0.0756340422496677,1.00212266567317,0.0729999999999995,0.1609999999999996,-0.3635002136230412,0.6724998474121122,0.0017724255832662,0.99999999999403,0.0084072628712684,0.033511003903565,0.1018125509823169,0.6654887869347671,0.0006869439007697,0.0118882986079443,0.0117199754056189,0.0283439544302866,233.5,1.0,3.474259493430054e-05,0.0014020486013512,-0.1084952061172829,0.0025903364942197,1250.0,0.4679487179487179,0.3135369804441063,0.0,-0.1762257123861439,-0.0169870152304592,-24621.0,0.2179487179487179,0.4042896250581263,0.0
2024-03-07,7538.857,443.8266,767.733,6254.642,14.247878103837472,4.273999999999999,103.94800262451172,6.206750000000284,35.85199999999986,-0.8465381398173495,-0.0185910904753239,-0.0310000000000005,0.2439999999999997,-0.1344978332519559,0.5880020141601534,0.0117199754056189,0.9460784313702302,0.0202413583539012,0.0227310204858248,0.0840750800010756,1.4654018226479828,0.0012383634059804,0.0283439544302866,-0.0148461433514827,0.0220935146001437,-299.25,-1.0,7.250079939992015e-05,0.0015903784132298,-0.1463524867339506,-0.0378572806166677,-19693.0,0.141025641025641,0.3044265685152429,-1.0,-0.181078346691222,-0.004852634305078,-3572.0,0.2115384615384615,0.3981331510284877,0.0
2024-03-14,7541.969,481.1408,768.369,6327.2974,14.340829596412556,4.148000000000001,103.53600158691408,72.65539999999964,35.514399999999114,0.092951492575084,-0.4380460016735679,-0.1259999999999985,0.0420000000000007,-0.4120010375976477,-0.6119979858398352,-0.0148461433514827,0.2126436781601048,0.0131436484955306,0.0052776125447711,0.0564185774325689,1.1348818497640842,-0.0130130037646097,0.0220935146001437,0.0146040538839229,0.0187572607069858,290.0,1.0,-0.0001337924597047,0.0020826219199994,-0.180241582842003,-0.0338890961080523,-23984.0,0.0705128205128205,0.2661025645990454,-1.0,-0.1671254715417426,0.0139528751494793,6302.0,0.2884615384615384,0.3831467711936617,0.0
2024-03-21,7514.348,451.6654,809.298,6292.4592,15.065866050808316,4.166,102.94400024414062,-34.83819999999923,51.155000000000655,0.7250364543957595,0.0470838494031617,0.0179999999999989,-0.0660000000000007,-0.5920013427734432,-1.502000427246088,0.0146040538839229,0.999999999998012,0.0249658766596351,0.0130480691874497,0.0642596798901273,0.9143464089046488,-0.0005359237196604,0.0187572607069858,-0.0043057451296687,0.0056747382921193,-86.75,-1.0,0.000153878612317,0.0017609549432407,-0.1795310603896232,0.0007105224523797,-28711.0,0.0769230769230769,0.2359265786190919,-1.0,-0.1793025801060439,-0.0121771085643012,-109821.0,0.2179487179487179,0.3387400445177368,0.0
2024-03-28,7484.739,512.233,802.233,6253.3846,15.046103603603605,4.298,103.64600067138672,-39.07459999999992,4.949350000000777,-0.0197624472047106,-0.0483126400512166,0.1320000000000005,-0.0069999999999996,0.7020004272460909,-0.4364997863769559,-0.0043057451296687,0.206759443338316,0.0062684595541044,0.0069014844465635,0.0970851220912745,0.2846624489734537,-0.0053647399670689,0.0056747382921193,-0.0198521989457024,0.0181179833457889,-398.25,-1.0,-4.997592409697738e-05,0.0012838886989315,-0.1468419715943501,0.0326890887952731,-4494.0,0.141025641025641,0.3418250727723836,-1.0,-0.2038358855542857,-0.0245333054482418,-17685.0,0.1025641025641025,0.4493568100087666,-1.0
2024-04-04,7439.558,441.4305,768.651,6170.272999999999,14.28276923076923,4.222,104.37000122070312,-83.11160000000109,-84.3690000000006,-0.7633343728343753,0.0348911269317575,-0.0760000000000005,-0.0519999999999996,0.7240005493164148,0.4219985961914148,-0.0198521989457024,0.0,0.0213858868404322,-0.0245203219765091,0.0455022797665731,0.9050131196600666,-0.0002374415956781,0.0181179833457889,0.0207628734901461,0.0204140994064992,408.25,1.0,-0.0001763055397541,0.0023029966363005,-0.1805245342973589,-0.0336825627030087,-2029.0,0.0705128205128205,0.3203044048907412,-1.0,-0.2130305623850892,-0.0091946768308034,-25206.0,0.0641025641025641,0.4485307864522511,-1.0
2024-04-11,7438.176,445.977,704.971,6229.4765,14.84402777777778,4.34,104.55249977111816,59.20350000000053,-97.82089999999972,0.5612585470085492,0.5031981813652227,0.1180000000000003,0.1919999999999992,0.1824985504150333,1.016498184204096,0.0207628734901461,0.9999999999965308,0.0143616955021611,0.010739015485333,0.0591145352365372,1.0060492311725813,0.0124902361373901,0.0204140994064992,-0.0467222201462327,0.0149860875764843,-937.75,-1.0,0.0001659011879087,0.0022562704300375,-0.1701766164209389,0.0103479178764199,10479.0,0.0897435897435897,0.3107121291111419,-1.0,-0.1721675928466398,0.0408629695384493,37974.0,0.2756410256410256,0.4438157761928388,0.0
2024-04-18,7405.506,395.8912,796.535,6287.228000000001,15.765717539863324,4.456,104.6240005493164,57.751500000001215,-5.231199999999262,0.9216897620855456,0.6998514890550087,0.1160000000000005,0.2900000000000009,0.0715007781982421,1.6800003051757812,-0.0467222201462327,0.0,0.033031934354257,-0.0503536418910535,-0.0175609756097561,0.7394426770362852,-0.0120749357441993,0.0149860875764843,0.001058380808028,0.0288567522609454,20.25,0.0,-0.0004947351811018,0.0023634376482034,-0.1579670741206782,0.0122095423002606,21287.0,0.1089743589743589,0.3394751033614956,-1.0,-0.1574264319067085,0.0147411609399312,151865.0,0.358974358974359,0.4475814780310754,0.0
2024-04-25,7402.434,425.6146,941.43,6213.0798,17.235142231947485,4.606,106.12200012207032,-74.14820000000054,-40.30479999999989,1.4694246920841607,2.18903862834388,0.1499999999999994,0.3079999999999998,1.497999572753912,2.4759994506836023,0.001058380808028,0.7994832041327142,0.0252568102019239,-0.0452375908178906,-0.006432452761675,1.4091012448081548,-0.0050850900220333,0.0288567522609454,0.0042943103650816,0.0291451425940297,82.25,1.0,0.0001834420554435,0.0025791866104392,-0.1954555473637006,-0.0374884732430223,-13849.0,0.0448717948717948,0.3380976992710938,-1.0,-0.0915921655168258,0.0658342663898827,235811.0,0.6346153846153846,0.4072738416232338,0.0
2024-05-02,7362.474,474.3008,917.177,6035.3894,16.405244444444445,4.640000000000001,105.8760009765625,-177.6904000000004,-134.8835999999992,-0.8298977875030396,2.122475213675216,0.0340000000000006,0.418000000000001,-0.2459991455078238,1.5059997558593636,0.0042943103650816,0.4538626609432321,0.024226040394063,-0.021716465352829,-0.0240121773324031,1.3563094465561067,0.0025956601033976,0.0291451425940297,0.0293597774947362,0.0181778752647302,564.75,1.0,-3.015047712341256e-06,0.0026090796282276,-0.174385326122072,0.0210702212416286,1158.0,0.0961538461538461,0.317992299710764,-1.0,-0.0949399057357993,-0.0033477402189734,254831.0,0.6217948717948718,0.4034021319593678,0.0
2024-05-09,7353.408,469.2874,851.591,5970.9962000000005,15.368041958041958,4.64,105.76000213623048,-64.39319999999952,-258.48029999999926,-1.037202486402487,0.5240141802641798,-8.881784197001252e-16,0.2999999999999998,-0.1159988403320255,1.207502365112305,0.0293597774947362,0.9999999999953216,0.0107953182409313,-0.0134773239664686,0.0023793552959638,0.861005675503037,0.0023191248525435,0.0181778752647302,0.0219946717844472,0.0134384394317674,435.5,1.0,0.00021244225108,0.0014432679842126,-0.2056901382643284,-0.0313048121422564,-8510.0,0.0384615384615384,0.2841137264183355,-1.0,-0.0930480362240378,0.0018918695117615,174267.0,0.6346153846153846,0.407216753617482,0.0
2024-05-16,7304.272,460.1492,787.133,6032.5296,14.215521327014216,4.478,105.25400238037108,61.53339999999935,-254.6984000000012,-1.1525206310277412,-1.550196212849107,-0.1619999999999999,0.0219999999999993,-0.5059997558593778,0.6300018310546847,0.0219946717844472,0.9044075558078892,0.0215830893344699,0.0576360215334761,0.0174854183427193,0.7014588045145165,0.0074915703519871,0.0134384394317674,0.0022855589735986,0.0088498664992806,46.25,0.0,0.0001874125595856,0.0012077134398798,-0.1935572845910007,0.0121328536733276,-4836.0,0.0641025641025641,0.3326952369190235,-1.0,-0.1225687611328474,-0.0295207249088096,80945.0,0.5769230769230769,0.4205489028554538,0.0
2024-05-23,7299.566,478.9202,725.376,6056.9898,14.057688787185354,4.434,104.86999969482422,24.46020000000044,-156.09000000000017,-0.1578325398288633,-3.177453444762131,-0.0439999999999995,-0.1719999999999997,-0.384002685546875,-1.2520004272461025,0.0022855589735986,0.3719512195099271,0.0080859875751898,0.0589325571378225,0.0180066003287615,0.4681319060796178,0.0084437361531534,0.0088498664992806,-0.0044251060053248,0.0192136674104557,-89.75,-1.0,2.442679099109591e-05,0.0015538609706188,-0.2075653948618879,-0.0140081102708871,-1861.0,0.0384615384615384,0.3207386230856715,-1.0,-0.1345860855116288,-0.0120173243787813,-89076.0,0.4871794871794871,0.4373741739906518,0.0
2024-05-30,7284.319,440.10575,704.335,6095.2698,13.53133484162896,4.434,104.74600067138672,38.27999999999975,59.88040000000001,-0.5263539455563944,-2.873909602815486,0.0,-0.2060000000000004,-0.1239990234374914,-1.13000030517577,-0.0044251060053248,0.0,0.0165409996409513,0.049738764263991,0.0017611966214792,1.0589668450313163,0.0012843743876997,0.0192136674104557,0.0224714927756937,0.017820262711668,453.75,1.0,-6.982313087437378e-05,0.0013407356060854,-0.1465164727931723,0.0610489220687155,8045.0,0.1923076923076923,0.3330416195536004,-1.0,-0.1490627313530849,-0.0144766458414561,-125695.0,0.4038461538461538,0.4348796929492196,0.0
2024-06-06,7255.687,390.9332,710.309,6139.878250000001,13.863970944309926,4.54,104.78750038146973,44.60845000000063,168.88205000000016,0.3326361026809667,-1.504071013732032,0.1059999999999998,-0.0999999999999996,0.0414997100830021,-0.9725017547607422,0.0224714927756937,0.9710294878407222,0.0234064709871161,0.0427141071451118,0.0397079189223215,1.001831684490186,0.0027074153218766,0.017820262711668,0.0262641673931995,0.0107852025894187,542.25,1.0,0.0002299119771414,0.0020642501664704,-0.1615232450565237,-0.0150067722633513,10933.0,0.141025641025641,0.345208457123946,-1.0,-0.149717240279625,-0.00065450892654,-141450.0,0.4038461538461538,0.4427504430294882,0.0
2024-06-13,7258.974,419.966,673.573,6154.444799999999,13.65969696969697,4.364,104.25799865722657,14.566549999998642,121.91519999999946,-0.2042739746129562,-0.5558243573172472,-0.1760000000000001,-0.1139999999999998,-0.5295017242431612,-0.9960037231445256,0.0262641673931995,0.9999999999982292,0.0266539237549113,0.047070160483303,0.0516565330686189,0.6298537917986157,0.0132561792662626,0.0107852025894187,0.0075395561219071,0.0175465861917254,159.75,1.0,0.0002279682449412,0.0015390751023214,-0.1428952939004897,0.0186279511560339,10632.0,0.2371794871794871,0.334988041331045,0.0,-0.1528635045331019,-0.0031462642534769,-82566.0,0.3717948717948718,0.4372860764118843,0.0
2024-06-20,7252.542,371.17425,723.41,6165.435,13.993341232227488,4.368,105.0240005493164,10.990200000000186,108.4451999999992,0.3336442625305178,-0.064347554957866,0.0040000000000004,-0.0659999999999998,0.7660018920898466,0.154000854492196,0.0075395561219071,0.3178053830214584,0.0113125351320966,0.0525589192387339,0.0641675909425121,0.968746861923928,4.181837036676406e-05,0.0175465861917254,0.0003747423646243,0.0173035584435712,8.0,0.0,7.339893205510556e-05,0.0011867125929211,-0.1658148397220354,-0.0229195458215456,8910.0,0.1346153846153846,0.3069640588806695,-1.0,-0.1541439913888373,-0.0012804868557354,-70350.0,0.3717948717948718,0.4240636187958132,0.0
2024-06-27,7231.163,469.0228,765.417,6157.9577500000005,14.344842615012109,4.2375,105.43000030517578,-7.477249999999003,62.687950000000455,0.3515013827846189,0.8135077733831473,-0.1305000000000005,-0.1965000000000003,0.4059997558593693,0.6839996337890568,0.0003747423646243,0.9999999999965368,0.0135207904101891,0.0576334980004704,0.0861284170375078,0.958922415752536,0.0001181237426663,0.0173035584435712,0.0174189923206593,0.0146974394471882,372.0,1.0,1.7757905063386442e-05,0.0015153831256382,-0.1584124850051286,0.0074023547169067,-16834.0,0.1538461538461538,0.2212982226368952,-1.0,-0.1363373004875701,0.0178066909012672,-33776.0,0.5128205128205128,0.3693153613531366,0.0
2024-07-04,7221.52,496.405,761.373,5996.723199999999,14.219032258064518,4.268,105.76800231933592,-161.23455000000104,-143.1550500000012,-0.1258103569475892,0.3550613137545912,0.0304999999999999,-0.2720000000000002,0.3380020141601534,0.980501937866208,0.0174189923206593,0.999999999997935,0.0222869108983799,0.052407245955633,0.0825704071845845,0.8365835158919529,0.0098506851414572,0.0146974394471882,0.0013922128129602,0.0278890299659176,30.25,0.0,0.0001354352593345,0.0013485696605345,-0.1563436306425758,0.0020688543625528,3449.0,0.1666666666666666,0.3480635649403336,-1.0,-0.1460165543179749,-0.0096792538304048,40418.0,0.4294871794871794,0.4915909621719136,0.0
2024-07-11,7224.079,410.9792000000001,736.402,5963.742,13.461432360742704,4.407500000000001,105.72250175476074,-32.98119999999926,-190.70279999999912,-0.7575998973218123,-0.1982646089542648,0.1395000000000008,0.0435000000000007,-0.0455005645751924,1.4645030975341768,0.0013922128129602,0.0,0.0210494869762044,0.0269017025945983,0.1372105785815083,1.495899521948485,-0.0070104352943221,0.0278890299659176,-0.0249330713637355,0.0289581211673237,-542.5,-1.0,-9.39905494751541e-06,0.0016063820026915,-0.156597151615114,-0.0002535209725382,-5200.0,0.1666666666666666,0.3210119222455696,-1.0,-0.1353722069098886,0.0106443474080863,57481.0,0.5256410256410257,0.4642570414487833,0.0
2024-07-18,7208.247,404.1034,751.593,6076.6978,13.759621212121212,4.268,104.9000015258789,112.95579999999973,-88.73719999999958,0.2981888513785069,-0.2337200201062756,-0.1395000000000008,-0.1000000000000005,-0.8225002288818359,-0.1239990234375056,-0.0249330713637355,0.0,0.0329354371162933,-0.0061949597151957,0.107684074504327,1.5525395123848893,-0.0173158674246731,0.0289581211673237,-0.0427512579098076,0.038231841606241,-907.0,-1.0,-0.0001750968716474,0.0020118597012646,-0.1687362554379657,-0.0121391038228516,-1425.0,0.1282051282051282,0.3201852131535228,-1.0,-0.1579485067901426,-0.022576299880254,28712.0,0.358974358974359,0.475701350259486,0.0
2024-07-25,7205.455,388.4186,774.315,6052.5506000000005,14.345158371040725,4.188000000000001,104.09399871826172,-24.14719999999943,-105.40715,0.5855371589195126,0.0003157560286179,-0.0799999999999991,-0.0494999999999992,-0.8060028076171903,-1.3360015869140651,-0.0427512579098076,0.0,0.0496707084384809,-0.0490377411500281,0.0557952743625067,1.969766755309764,-0.0167557530542035,0.038231841606241,0.0015264356496584,0.0445032560829461,31.0,0.0,-0.0003514943153981,0.0025646638560923,-0.1595936982385018,0.0091425571994638,12469.0,0.1602564102564102,0.3334631703941248,-1.0,-0.1680418559870919,-0.0100933491969493,4878.0,0.3141025641025641,0.4778751969312966,0.0
2024-08-01,7178.391,379.1354,786.486,6042.7214,15.813928571428573,4.262,104.38199920654296,-9.829200000000128,45.99820000000091,1.4687702003878478,1.594896313364055,0.0739999999999989,-0.0060000000000002,0.2880004882812557,-1.386003112792963,0.0015264356496584,0.1528998242528068,0.0279747784510625,-0.0638922128129602,0.0272471307180464,2.060039707282191,-0.0052656228665379,0.0445032560829461,-0.0244840767462727,0.0523690753618605,-498.0,-1.0,-0.0001410228937039,0.0032220682368469,-0.1314143869430224,0.0281793112954794,6360.0,0.3461538461538461,0.3008124923172091,0.0,-0.1341557204259596,0.0338861355611322,13952.0,0.5512820512820513,0.4846974494210561,0.0
2024-08-08,7175.256,307.29920000000004,770.931,6012.7696,16.25242825607064,4.12,104.38999938964844,-29.95180000000073,49.02759999999944,0.4384996846420677,2.790995895327935,-0.1419999999999994,-0.2875000000000005,0.0080001831054659,-1.332502365112305,-0.0244840767462727,0.9474353539619372,0.0297226807111267,-0.0880815322923488,-0.0194704915804949,2.107634284516497,-0.0016506569227128,0.0523690753618605,0.0532211120490884,0.0259039148458256,1056.0,1.0,-0.0001214146839011,0.0049236885425346,-0.1223813575522229,0.0090330293907995,8935.0,0.4166666666666667,0.2711056302921035,0.0,-0.120104746890023,0.0140509735359366,29995.0,0.6538461538461539,0.4611530417165664,0.0
2024-08-15,7177.688,320.1892,794.12,6097.025799999999,24.046065217391305,3.886,103.05599975585938,84.25619999999981,20.32799999999952,7.793636961320665,10.286444005270091,-0.2339999999999999,-0.3819999999999997,-1.3339996337890625,-1.8440017700195312,0.0532211120490884,0.999999999998964,0.0461891830460217,-0.0149888644049821,0.0303594320086777,0.986120961457788,0.0144089329023366,0.0259039148458256,-0.0001435561244631,0.0228469719811797,-3.0,0.0,0.0004992290223137,0.0024147038027998,-0.1309880355674182,-0.0086066780151953,12043.0,0.3397435897435897,0.2725322387920734,0.0,-0.1049129427101483,0.0151918041798747,111539.0,0.6858974358974359,0.4371687557733065,0.0
2024-08-22,7139.952,322.565,736.494,6063.3788,17.927982456140352,3.888,102.87799987792968,-33.646999999999025,10.828199999999924,-6.118082761250953,3.582824085099628,0.0020000000000002,-0.3000000000000002,-0.1779998779296931,-1.215998840332034,-0.0001435561244631,0.0,0.0158532645760298,0.0288545577645102,0.0347905755921207,0.8598373551517908,-0.0046593828189631,0.0228469719811797,-0.0088538987066129,0.0198889139199535,-185.0,-1.0,2.5314083482946117e-05,0.0017500154529249,-0.175860446914566,-0.0448724113471477,-2287.0,0.1025641025641025,0.2800430075223635,-1.0,-0.1363912726007325,-0.0314783298905841,74202.0,0.532051282051282,0.4650269639922935,0.0
2024-08-29,7123.238,356.56440000000003,745.851,6080.893000000001,15.9369844789357,3.844,101.66800079345704,17.51420000000053,38.17160000000058,-1.990997977204653,0.1230559075071262,-0.0440000000000004,-0.4179999999999997,-1.2099990844726562,-2.713998413085946,-0.0088538987066129,0.0,0.019193857965451,0.0181909807151021,0.0030877651845393,0.7436870809881346,-0.0115681783622387,0.0198889139199535,-0.020751095498497,0.0385118823330958,-429.75,-1.0,-8.600476573078835e-05,0.0024508744415104,-0.2209273385927556,-0.0450668916781895,-22783.0,0.0192307692307692,0.2804375565414229,-1.0,-0.1717376563272137,-0.0353463837264812,-78692.0,0.282051282051282,0.4695050914791595,0.0
2024-09-05,7112.567,352.83525,733.959,6020.8226,15.974159292035395,3.834000000000001,100.90999908447266,-60.07040000000052,8.053000000000793,0.037174813099698,-0.2782689640352433,-0.0099999999999993,-0.2859999999999996,-0.7580017089843665,-3.4800003051757784,-0.020751095498497,0.0015140045420113,0.0325690335305719,0.0220872654881751,-0.0428657392658666,1.3255178665032656,-0.0042134310735086,0.0385118823330958,0.0238535502958578,0.0386813504514288,483.75,1.0,-0.0002464080741268,0.0024534989895531,-0.189621325007687,0.0313060135850685,-15452.0,0.0769230769230769,0.2882242563289892,-1.0,-0.1623720838476156,0.009365572479598,-96009.0,0.3525641025641026,0.4657120135567112,0.0
2024-09-12,7115.001,289.3,755.958,6025.77275,17.443890160183066,3.8125,101.5,4.950149999999667,-71.25304999999935,1.4697308681476695,-6.602175057208239,-0.0215000000000005,-0.0735000000000001,0.5900009155273409,-1.555999755859375,0.0238535502958578,0.9999999999989888,0.0476310878333634,-0.0064121735593545,-0.0273679033164698,1.2552584854416202,0.0083710111594395,0.0386813504514288,0.0210944554813075,0.0264422973492798,438.0,1.0,0.0002386827669608,0.0030067969256369,-0.1824997253506987,0.0071215996569882,-14411.0,0.0961538461538461,0.252631897959261,-1.0,-0.127709712933211,0.0346623709144046,-57115.0,0.6346153846153846,0.4670275138087683,0.0
2024-09-19,7109.137,279.6564,771.194,6069.743,19.46368421052632,3.68,101.48200073242188,43.97025000000031,6.364199999999983,2.0197940503432505,1.5357017543859648,-0.1325000000000002,-0.2080000000000006,-0.0179992675781193,-1.3959991455078011,0.0210944554813075,0.9999999999980296,0.0239367033381678,0.0146926859617846,-0.0072227945308109,0.837390846311326,0.0005117009497133,0.0264422973492798,0.0121805982996685,0.0083117981164351,258.25,1.0,0.0001587123361315,0.0017207498601781,-0.1285554718549497,0.053944253495749,9846.0,0.3717948717948718,0.2163582319958141,0.0,-0.1171569926468385,0.0105527202863725,24856.0,0.6987179487179487,0.4539198042229406,0.0
2024-09-26,7080.059,389.9548,806.771,6058.286599999999,18.528043956043955,3.674,100.79400024414062,-11.45640000000094,-22.60640000000149,-0.9356402544823617,2.5910594771082565,-0.0059999999999993,-0.1699999999999994,-0.6880004882812614,-0.8740005493164062,0.0121805982996685,0.9999999999968554,0.0148182665424044,0.036226897958691,-0.0123343151693666,0.2677349855979318,0.0077818930129227,0.0083117981164351,-0.0165890027958993,0.0143590441126406,-356.0,-1.0,0.0001193887347182,0.0017384401764096,-0.1936365726438003,-0.0650811007888506,2021.0,0.0641025641025641,0.1946208670412254,-1.0,-0.1361223223976286,-0.01896532975079,1272.0,0.5576923076923077,0.3931821603159857,0.0
2024-10-03,7046.925,400.4046,798.277,5883.3332,18.02624719101124,3.76,100.6979995727539,-174.95339999999942,-137.4894000000004,-0.5017967650327186,2.05208789897584,0.0859999999999998,-0.0740000000000002,-0.0960006713867187,-0.2119995117187585,-0.0165890027958993,0.0532751091701195,0.0135637793783169,0.0406311637080867,-0.0300690542667724,0.4799567281352207,-0.0074995960862646,0.0143590441126406,0.0208254359363153,0.0232223222229792,439.5,1.0,-0.000137310660448,0.0022625546482124,-0.2049110268315415,-0.0112744541877411,394.0,0.0512820512820512,0.2783015423733909,-1.0,-0.155765310019162,-0.0196429876215333,23024.0,0.391025641025641,0.5207135911065751,0.0
2024-10-10,7046.84,328.87,802.115,5848.2434,19.65248351648352,3.788,101.21199951171874,-35.08979999999974,-177.5293499999998,1.6262363254722771,2.2085933563004474,0.028,-0.0244999999999997,0.5139999389648438,-0.2880004882812557,0.0208254359363153,0.9283058948466738,0.0218511383944113,0.0375534284510263,0.0154484286438141,0.7888180762768501,0.0075665967101645,0.0232223222229792,-0.0028662937777055,0.0167547065286813,-61.75,0.0,0.000177481103892,0.0019336909453008,-0.2191228077496025,-0.0142117809180609,-4338.0,0.0256410256410256,0.2877434268999503,-1.0,-0.1434584674921416,0.0123068425270203,-29258.0,0.4743589743589743,0.5037503919604139,0.0
2024-10-17,7039.284,288.09275,791.792,5915.8550000000005,19.81431151241535,4.04,102.70599975585938,67.61160000000018,-153.88799999999992,0.1618279959318371,0.350627301889034,0.2519999999999998,0.3600000000000003,1.4940002441406364,1.2239990234375,-0.0028662937777055,0.0937781785388862,0.012906304188439,0.0132064570141616,0.0577583553886871,0.6059649939849103,-0.0124128331571804,0.0167547065286813,0.000570251492546,0.019657532798,12.25,0.0,-2.313841622685041e-05,0.0018986398346734,-0.2172940375449858,0.0018287702046166,-21207.0,0.032051282051282,0.2800466880653633,-1.0,-0.1523319155286918,-0.0088734480365502,-72415.0,0.4294871794871794,0.488781620774569,0.0
2024-10-24,7029.408,246.46660000000003,829.991,5959.39925,19.037006802721088,4.055,103.3740005493164,43.54424999999901,-98.88734999999996,-0.7773047096942634,0.5089628466771323,0.0149999999999996,0.3809999999999993,0.6680007934570256,2.580000305175787,0.000570251492546,0.4968895800917671,0.0149576626035172,0.0015843429636532,0.0567484851092072,0.7684982556580988,0.0067657353109206,0.019657532798,-0.0166790732297384,0.0291128188801572,-358.5,-1.0,3.406319049637435e-07,0.0014538942574111,-0.2330713276382555,-0.0157772900932696,-4156.0,0.0128205128205128,0.2767318067955552,-1.0,-0.14318907229327,0.0091428432354218,38583.0,0.4871794871794871,0.4818417842853525,0.0
2024-10-31,7013.49,230.6194,835.237,5952.950400000001,18.61988425925926,4.184,104.01399993896484,-6.448849999998856,69.6172000000006,-0.4171225434618293,0.5936370682480216,0.1290000000000004,0.4239999999999999,0.6399993896484375,3.316000366210943,-0.0166790732297384,0.0,0.0319249603747249,0.0014926080363912,0.0652034220771857,1.2314478852373765,0.0014490540772912,0.0291128188801572,0.0569184547325589,0.0239230629289405,1203.0,1.0,-0.0001165398692882,0.0019640282001356,-0.1955202675123237,0.0375510601259317,-2109.0,0.0769230769230769,0.2727518917391441,-1.0,-0.1342540939519265,0.0089349783413435,24663.0,0.6025641025641025,0.4863339596310537,0.0
2024-11-07,6994.299,161.6954,842.051,5947.6336,19.148159645232816,4.276000000000001,104.16600036621094,-5.316800000000512,99.39019999999982,0.5282753859735578,-0.5043238712506977,0.0920000000000005,0.4880000000000004,0.1520004272460937,2.954000854492193,0.0569184547325589,0.9999999999991218,0.0509770127806253,0.0369020818344281,0.0689428287734326,1.0190408650146583,0.0125993235713226,0.0239230629289405,-0.0095351075497459,0.0060823751586434,-213.0,-1.0,0.0004688625081754,0.001838859938271,-0.1643398692810457,0.031180398231278,8511.0,0.1987179487179487,0.2591895424836601,-1.0,-0.1308660757111421,0.0033880182407843,14188.0,0.6538461538461539,0.4805440525489076,0.0
2024-11-14,6967.108,198.7625,832.186,5990.5526,18.09852422907489,4.334,104.23799896240234,42.91899999999987,74.69759999999951,-1.0496354161579262,-1.715787283340461,0.0579999999999989,0.2939999999999996,0.0719985961914062,1.531999206542963,-0.0095351075497459,0.0,0.0099206797586495,0.0299672978225702,0.0589023558549397,0.2754822570206836,-0.0054552707432181,0.0060823751586434,-0.0082371019863958,0.0280562051311342,-182.25,-1.0,-0.0001368624661442,0.0014493036291048,-0.1556299306717666,0.008709938609279,14837.0,0.2435897435897435,0.2561767395618698,0.0,-0.085645332382192,0.04522074332895,141732.0,0.8269230769230769,0.4618993797508812,1.0
2024-11-21,6923.731,195.8908,751.873,5936.159500000001,15.634527472527472,4.4,105.94199981689454,-54.39309999999932,-23.23974999999882,-2.463996756547417,-3.4024793301936143,0.0660000000000007,0.3450000000000006,1.7040008544921932,2.5679992675781307,-0.0082371019863958,0.9999999999970216,0.0153008328301413,0.0209011817251325,0.0595613177368148,1.2327187206961343,-0.0069920720655154,0.0280562051311342,-0.0007519396625386,0.0126380809122708,-16.5,0.0,-5.018563440890288e-05,0.0024405156557965,-0.170647116094228,-0.0150171854224613,8807.0,0.173076923076923,0.267127250804694,-1.0,-0.119038435449247,-0.033393103067055,46472.0,0.7307692307692307,0.4804648395486027,0.0
2024-11-28,6905.14,177.41025,775.25,5975.967199999999,16.310512249443207,4.416,106.56600036621094,39.80769999999848,23.01679999999851,0.6759847769157332,-2.309372009816052,0.0159999999999991,0.2319999999999993,0.6240005493164062,2.5520004272460994,-0.0007519396625386,0.0,0.0082319541199676,0.0374370135553925,0.0812006903353057,0.6133958616404317,-0.007909732810359,0.0126380809122708,0.0301116216493553,0.0131588135138855,660.25,1.0,5.702648670896098e-05,0.0013036811686141,-0.1466654602023379,0.02398165589189,7674.0,0.3012820512820512,0.2690914279549385,0.0,-0.1082458654920786,0.0107925699571683,48652.0,0.7628205128205128,0.4754183176271943,0.0
2024-12-05,6895.827,157.97740000000002,789.516,5952.47975,15.53158653846154,4.3075,106.85000038146973,-23.48744999999872,4.846150000000307,-0.7789257109816674,-3.616573106771277,-0.1084999999999993,0.0314999999999994,0.2840000152587834,2.684000015258789,0.0301116216493553,0.8835174953943213,0.0240403772081285,0.0111242921413703,0.0878092830052374,0.7121884958293555,0.0183332937726483,0.0131588135138855,0.0078806393057953,0.0239409658043935,178.0,1.0,0.0002304652693164,0.0010604900549501,-0.1653063837001311,-0.0186409234977931,-3777.0,0.2051282051282051,0.2637311310473199,0.0,-0.1305118210553687,-0.02226595556329,-13703.0,0.6602564102564102,0.4815661749557138,0.0
2024-12-12,6897.485,160.606,775.067,5948.333600000001,14.686764705882352,4.192,106.1219985961914,-4.1461499999995794,-42.21899999999914,-0.8448218325791874,-3.411759523192538,-0.1154999999999999,-0.1419999999999994,-0.7280017852783232,1.88399963378906,0.0078806393057953,0.6336123631664299,0.0170546892159016,0.0289033016203024,0.0737321211692432,1.3105308350428428,0.0123003543920191,0.0239409658043935,-0.025225126290358,0.0416687956979116,-574.25,-1.0,9.506850229253275e-05,0.0014686648710829,-0.1705803776013312,-0.0052739939012001,-11471.0,0.1794871794871795,0.2581781662056884,-1.0,-0.1530766685857041,-0.0225648475303353,-167680.0,0.4102564102564102,0.4771634542326933,0.0
2024-12-19,6889.332,121.7382,767.932,5961.812,15.894714285714285,4.23,106.43800048828123,13.478399999999056,25.65249999999924,1.2079495798319329,0.2601868131868112,0.0379999999999993,-0.1700000000000008,0.3160018920898437,0.4960006713867102,-0.025225126290358,0.0,0.0465621937068373,0.0112790949380789,0.034051724137931,1.979713334218535,0.0059691342827919,0.0416687956979116,0.0283451438099207,0.012469925944637,629.0,1.0,-0.0002896689508522,0.0028765557068044,-0.1596640298813935,0.0109163477199377,265.0,0.2307692307692307,0.2598651295740402,0.0,-0.1236945285021115,0.0293821400835925,-22089.0,0.7307692307692307,0.464748491750761,0.0
2024-12-26,6885.963,148.04175,764.77,5999.661800000001,17.445503355704698,4.452,107.45200042724608,37.84980000000087,23.69460000000163,1.5507890699904134,1.1349911062614917,0.2220000000000004,0.0360000000000004,1.0139999389648438,0.8860000610351477,0.0283451438099207,0.9556277056256371,0.020245620569901,0.0407265098566818,0.081299753601213,0.5969194402856538,0.0019561412733033,0.012469925944637,-0.0368321300627745,0.0110380017262612,-840.5,-1.0,0.0003481231310815,0.0026003906072726,-0.1646666725446802,-0.0050026426632867,-13885.0,0.2179487179487179,0.2114585996808238,0.0,-0.094464647357746,0.0292298811443654,-988.0,0.8205128205128205,0.3977920176345899,1.0
2025-01-02,6852.491,310.7,719.873,5973.151249999999,17.42477142857143,4.57,108.01250076293944,-26.510550000001786,20.67149999999856,-0.0207319271332693,1.8931848901098896,0.1180000000000003,0.2625000000000002,0.5605003356933622,1.1625003814697266,-0.0368321300627745,0.0,0.0241591501074877,-0.0269070704387479,0.0202265184394365,0.5553681637451023,-0.0083313129064784,0.0110380017262612,0.0087923837255592,0.028081918469792,193.25,1.0,-0.0003487823056471,0.0025528823772674,-0.1718601629763243,-0.007193490431644,4523.0,0.173076923076923,0.2609289888872555,-1.0,-0.1589187288336429,-0.0644540814758969,-32971.0,0.3782051282051282,0.4986521378498421,0.0
2025-01-09,6853.554,206.1936,652.636,5821.918,17.176944444444445,4.58,108.50249862670898,-151.23324999999932,-126.41560000000118,-0.2478269841269842,2.4901797385620927,0.0099999999999997,0.3879999999999999,0.4899978637695312,2.380500030517581,0.0087923837255592,0.0025990903183818,0.0173525763896718,-0.0260267955194377,0.0321552015082569,1.3488574191091125,0.0017761355719403,0.028081918469792,-0.0050062013755778,0.0313116917737892,-111.0,-1.0,3.353085252665188e-05,0.0020088031870774,-0.1256838646684128,0.0461762983079115,20046.0,0.5,0.2668312074764037,0.0,-0.1574309642197081,0.0014877646139347,26836.0,0.391025641025641,0.4765257081435542,0.0
2025-01-16,6834.07,147.4308,641.225,5994.724400000001,17.307314148681055,4.648,108.80399932861329,172.8064000000013,32.91240000000107,0.1303697042366103,1.4125998629667702,0.0679999999999996,0.4180000000000001,0.3015007019043025,2.36599884033204,-0.0050062013755778,0.6869474778976871,0.0217913559821408,-0.0058244989466331,0.0264027170373126,1.4369607036922485,-0.0076546143650249,0.0313116917737892,0.0357409967590598,0.0146244915202312,788.5,1.0,2.962828780104039e-06,0.0027875142979366,-0.1625472638422023,-0.0368633991737895,8706.0,0.2371794871794871,0.2631319836488291,0.0,-0.1637035923383558,-0.0062726281186476,-50226.0,0.3461538461538461,0.4775909348322184,0.0
2025-01-23,6831.76,117.5885,677.282,6045.414199999999,18.255410199556543,4.722,109.38599853515623,50.689799999998286,45.75239999999849,0.9480960508754884,0.8099068438518451,0.0739999999999998,0.2699999999999996,0.5819992065429602,1.933998107910156,0.0357409967590598,0.9999999999977452,0.0194091903719912,0.0013256061087434,0.0811194435901681,0.7105179266680601,0.0070511398019728,0.0146244915202312,-0.0180962800875273,0.0359755348914964,-413.5,-1.0,0.0002814752107206,0.0020128999025121,-0.1509594165095368,0.0115878473326655,16558.0,0.3205128205128205,0.2504197566749916,0.0,-0.1462035069979533,0.0175000853404024,-52876.0,0.4935897435897436,0.4513823327807567,0.0
2025-01-30,6818.186,111.6804,784.206,6036.8895,16.822046511627907,4.6075,108.40749931335448,-8.52469999999903,63.73825000000125,-1.4333636879286369,-0.6027249169435223,-0.1144999999999996,0.0374999999999996,-0.978499221801755,0.394998550415039,-0.0180962800875273,0.5610877058589643,0.0290932186392708,0.0208037125925588,0.0043870447881459,1.66651901428864,-0.0097609715626004,0.0359755348914964,0.011008847190961,0.0168966119264304,247.0,1.0,-9.496693003458336e-05,0.0028887160584303,-0.1546657860073869,-0.0037063694978501,2511.0,0.2948717948717949,0.2319398418609241,0.0,-0.1905772124884127,-0.0443737054904593,-57806.0,0.173076923076923,0.456584953433757,-1.0
2025-02-06,6810.935,106.0238,805.593,5922.299599999999,17.023665158371042,4.556,107.69000091552736,-114.58990000000084,100.38159999999972,0.2016186467431353,-0.1532792860734027,-0.0514999999999998,-0.024,-0.7174983978271428,-0.8124977111816349,0.011008847190961,0.9999999999978576,0.0205766305905173,0.0230465666929755,0.0252197690447673,0.7513472309178486,0.0099332785338284,0.0168966119264304,0.0106465051689554,0.0238219436999556,241.5,1.0,4.87362296260529e-05,0.0028898977629917,-0.1794309469549258,-0.0247651609475389,-17716.0,0.1602564102564102,0.2115255959387085,-1.0,-0.1950436578491052,-0.0044664453606924,-73462.0,0.1538461538461538,0.4721873288412482,-1.0
2025-02-13,6813.513,81.3674,828.102,5899.318200000001,17.351137855579868,4.504,108.11800079345704,-22.98139999999876,-95.40620000000035,0.327472697208826,0.0438237068988129,-0.0520000000000004,-0.1440000000000001,0.427999877929679,-0.6859985351562585,0.0106465051689554,0.9999999999980862,0.0227917121046892,0.0391405842757746,0.0447404099210464,1.0761841439037567,0.0059907152763967,0.0238219436999556,0.0012431842966194,0.0079604679658246,28.5,0.0,0.0001039786232249,0.0021212095438434,-0.179078295159299,0.0003526517956267,-8311.0,0.1666666666666666,0.2186257347657041,-1.0,-0.1565590700832146,0.0384845877658906,14281.0,0.4230769230769231,0.4448955071026786,0.0
2025-02-20,6782.332,68.2475,790.062,5904.0436,17.37418552036199,4.536,107.91399993896484,4.725399999999354,-141.37059999999929,0.0230476647821227,-0.8812246791945526,0.032,-0.1859999999999999,-0.2040008544921789,-1.4719985961913975,0.0012431842966194,0.0,0.0047378395451674,0.0045295404814005,0.0468263650563809,0.3660698295239754,0.0010451409647382,0.0079604679658246,-0.066917899231054,0.0236790288712439,-1536.0,-1.0,2.962058469088177e-06,0.001347691952371,-0.191112510221952,-0.012034215062653,-13347.0,0.1089743589743589,0.2359950210952143,-1.0,-0.1699654114952067,-0.0134063414119921,-58070.0,0.3076923076923077,0.4433789681806598,0.0
2025-02-27,6766.101,110.00140000000002,681.161,5924.0225,17.09962085308057,4.5125,106.78249931335448,19.978900000000067,-112.8670000000002,-0.274564667281421,0.277574341452663,-0.0234999999999994,-0.0949999999999997,-1.1315006256103572,-1.625,-0.066917899231054,0.0,0.0501225633243842,-0.0454170659416576,-0.0517775711692566,1.04670496629393,-0.0256934417623386,0.0236790288712439,-0.0241157931597992,0.0421392982177046,-516.5,-1.0,-0.0005836586089811,0.0030009079138328,-0.2250201669328153,-0.0339076567108632,-27597.0,0.0256410256410256,0.2192384307656849,-1.0,-0.1667146485037859,0.0032507629914208,34274.0,0.3525641025641026,0.445986728926026,0.0
2025-03-06,6756.764,151.6856,548.331,5974.9386,18.04682713347921,4.332,106.63599853515623,50.91609999999946,52.63900000000013,0.9472062803986424,1.0231619751081702,-0.1805000000000003,-0.2240000000000002,-0.146500778198245,-1.0540023803711025,-0.0241157931597992,0.0,0.0397229797617338,-0.0785813476756233,-0.0818800790687458,1.745695360319086,-0.0026379525088554,0.0421392982177046,-0.0402014257691019,0.043868506856947,-840.25,-1.0,-0.0001864337430188,0.0035459302190474,-0.1155774392732364,0.1094427276595788,15320.0,0.6346153846153846,0.1948399255452219,0.0,-0.1576836260098259,0.0090310224939599,60881.0,0.4230769230769231,0.4300407868777274,0.0
2025-03-13,6759.571,129.4318,512.581,6056.7474,20.300945054945057,4.238,105.97999877929688,81.8088000000007,157.42919999999958,2.254117921465845,2.949807199365189,-0.0939999999999994,-0.2659999999999991,-0.6559997558593693,-2.1380020141601506,-0.0402014257691019,0.0,0.048888999663522,-0.1249400218102507,-0.0959859400876491,1.8036342628472348,-0.0032675690302559,0.043868506856947,0.0209862542527075,0.0337125267787213,421.0,1.0,-0.0002904251643424,0.0043369413602251,-0.0676564024560515,0.0479210368171848,27998.0,0.8333333333333334,0.1600113012539792,1.0,-0.1307628841449764,0.0269207418648494,38560.0,0.7307692307692307,0.4145875534280451,0.0
2025-03-20,6755.982,150.2502,435.936,6117.5582,22.572152173913043,4.282,103.7260009765625,60.81079999999929,213.51459999999952,2.271207118967986,5.1979666535510525,0.0439999999999995,-0.2539999999999995,-2.253997802734375,-4.187998962402347,0.0209862542527075,0.5232129697847511,0.0165635260658879,-0.1076851024898163,-0.1024551101567721,1.292038874572653,-0.00469747646258,0.0337125267787213,0.0054194587864806,0.031443311077455,111.0,1.0,9.639673836968186e-05,0.0026996907040932,-0.012344248951224,0.0553121535048274,48874.0,0.9487179487179488,0.1216392210882224,1.0,-0.0831747453748126,0.0475881387701637,166815.0,0.9423076923076924,0.3677159825038457,1.0
2025-03-27,6740.253,229.0714,360.177,6169.7958,20.228183807439827,4.279999999999999,103.52200012207032,52.237600000000384,245.77329999999984,-2.3439683664732165,3.128562954359257,-0.0020000000000006,-0.2325000000000008,-0.2040008544921931,-3.2604991912841825,0.0054194587864806,0.0554502369667195,0.0256158113899309,-0.0385082292517801,-0.0630822252806624,1.1313414906915151,0.0008899313956594,0.031443311077455,-0.0638452853552827,0.0591777044022697,-1314.75,-1.0,4.98596867665508e-05,0.0021329396578436,-0.0287634643467841,-0.01641921539556,59124.0,0.9294871794871796,0.1065914452252274,1.0,-0.0714656709944348,0.0117090743803778,170938.0,0.9423076923076924,0.3217317349686395,1.0
2025-04-03,6723.452,269.1116,313.326,6151.0046,18.65858407079646,4.326,104.23000030517578,-18.791199999999662,176.0660000000007,-1.5695997366433652,0.6117569373172493,0.0460000000000002,-0.0060000000000002,0.7080001831054688,-2.4059982299804688,-0.0638452853552827,0.0,0.0561520904658159,-0.0776517869958375,-0.1305445935280189,1.9476434420251527,-0.0116928266178316,0.0591777044022697,-0.0099076667704118,0.1522826650531235,-191.0,-1.0,-0.000646033875832,0.0045343018153755,-0.1532982454622906,-0.1245347811155064,-613.0,0.3205128205128205,0.1729800327813553,0.0,-0.1131079598417041,-0.0416422888472692,102549.0,0.8333333333333334,0.4401019740929386,1.0
2025-04-10,6727.416,157.5242,306.049,6141.0144,21.81449781659389,4.186,103.6779998779297,-9.990200000000186,84.26699999999983,3.155913745797428,1.5135527616488318,-0.1399999999999996,-0.0520000000000004,-0.5520004272460852,-2.3019989013671847,-0.0099076667704118,0.6067237163811214,0.1071409860114213,-0.0485400595690589,-0.1348276409129025,3.763301846430209,0.0135641939243192,0.1522826650531235,-0.0054356368208728,0.0385736135975001,-103.75,-1.0,7.211706209905638e-05,0.0120137556490489,-0.1258726571949734,0.0274255882673171,-11770.0,0.532051282051282,0.1851841768533391,0.0,-0.1239225705150622,-0.0108146106733581,24686.0,0.7884615384615384,0.4177910654014347,0.0
2025-04-17,6727.113,80.72380000000001,422.983,6263.8428,30.185304347826087,4.232,102.6020004272461,122.82840000000031,146.28460000000086,8.370806531232198,7.613152173913043,0.0460000000000002,-0.0499999999999998,-1.0759994506835966,-1.1240005493164062,-0.0054356368208728,0.0,0.030526911882844,-0.0731626936174887,-0.1692231947483589,0.9084494748358712,-0.0074118305797773,0.0385736135975001,0.0495831851764054,0.0546517565496685,941.25,1.0,-1.8128441906628545e-05,0.0046025838922347,0.0065939915578914,0.1324666487528649,5702.0,0.967948717948718,0.140314442303511,1.0,-0.1159263516293938,0.0079962188856684,-80418.0,0.8333333333333334,0.3470045614260552,1.0
2025-04-24,6726.93,138.46224999999998,606.632,6223.4062,26.85504629629629,4.368,99.67999877929688,-40.4366,53.61040000000048,-3.3302580515297926,6.626862488856467,0.1360000000000001,0.0880000000000009,-2.922001647949216,-3.842001342773429,0.0495831851764054,0.9999999999992856,0.0702527039574393,-0.032450741158903,-0.1119604216343903,1.2415975905373997,0.0131645079908262,0.0546517565496685,0.0275414690456472,0.0116262498157534,548.75,1.0,0.0005160355736697,0.0043029002686624,-0.0878683376790871,-0.0944623292369785,-12720.0,0.7692307692307693,0.1605685928168895,0.0,-0.1061191076098525,0.0098072440195412,-48001.0,0.8653846153846154,0.3703741287492167,1.0
2025-05-01,6709.277,161.6322,595.741,5981.835750000001,26.1839898989899,4.3875,99.08249855041504,-241.57044999999923,-169.1688499999991,-0.6710563973063941,7.525405828193438,0.0194999999999998,0.0615000000000005,-0.5975002288818416,-5.147501754760739,0.0275414690456472,0.9999999999970824,0.0167413576251938,0.0620007262164123,-0.0974386668723962,0.2667911781795022,0.0077149510778653,0.0116262498157534,0.0135420609820131,0.0232840288383555,277.25,1.0,0.0002525816495257,0.0033705934786517,-0.0424804972188859,0.0453878404602011,24518.0,0.903846153846154,0.1312001741354447,1.0,-0.1134202831450269,-0.0073011755351744,-16553.0,0.8397435897435898,0.3667800175757589,1.0
2025-05-08,6710.889,139.4114,583.727,5951.9038,23.6605701754386,4.226000000000001,99.48800048828124,-29.93195000000105,-189.1106,-2.5234197235513065,1.8460723588447048,-0.1614999999999993,0.0400000000000009,0.4055019378662052,-4.189999389648449,0.0135420609820131,0.8517647058796808,0.0153610756367316,0.0871535600146695,-0.0948527808069792,0.5348560421055022,0.0029102262311018,0.0232840288383555,0.06034794342305,0.0368566169044117,1252.25,1.0,8.720632814096132e-05,0.0027913900923149,-0.1490502364533131,-0.1065697392344272,-7254.0,0.358974358974359,0.1499606851690914,0.0,-0.1163395136650902,-0.0029192305200632,13115.0,0.8333333333333334,0.3869882857368732,1.0
2025-05-15,6713.27,141.6902,575.846,5987.7506,23.09781456953642,4.324,99.86399993896484,35.84680000000026,-276.09220000000005,-0.5627556059021721,-7.087489778289665,0.0979999999999989,0.0919999999999996,0.3759994506835937,-2.7380004882812585,0.06034794342305,0.9999999999992084,0.0574246401018054,0.1590612777053455,-0.0414206983684405,0.8022549752677306,0.017623910617863,0.0368566169044117,-0.0100896478849235,0.0154677858856059,-222.0,-1.0,0.0004980814643107,0.0024239483490545,-0.1883002734880603,-0.0392500370347471,-54568.0,0.1217948717948717,0.1469632841387622,-1.0,-0.1208333255806597,-0.0044938119155695,12651.0,0.8076923076923077,0.3808398564328894,1.0
2025-05-22,6688.726,157.8138,503.055,5995.7338,20.110000000000003,4.458,101.00999908447264,7.98319999999967,-227.6724000000004,-2.987814569536418,-6.745046296296291,0.1340000000000003,0.0899999999999998,1.1459991455078151,1.3300003051757727,-0.0100896478849235,0.0580688723833678,0.0169989554996958,0.0931641948355039,0.0169604295552703,0.341776610545059,0.0025112415896276,0.0154677858856059,0.0105712613202024,0.0310697847525197,230.25,1.0,-9.643513732678766e-05,0.0022523621516229,-0.2296790139516732,-0.0413787404636129,-48686.0,0.0064102564102564,0.1410224722755211,-1.0,-0.1337700578311476,-0.0129367322504878,-53415.0,0.6987179487179487,0.4009120622117719,0.0
2025-05-29,6673.244,158.052,467.204,6027.8572,19.960217864923745,4.498,100.23199920654297,32.12339999999949,46.02144999999837,-0.1497821350762578,-6.223772034066155,0.04,0.1105,-0.7779998779296875,1.1495006561279268,0.0105712613202024,0.8928939237880682,0.022057153241561,0.0751102047794072,0.0531075068178557,0.7008030450881336,-0.000438831264667,0.0310697847525197,0.007893780382536,0.0148387092678121,173.75,1.0,8.454657150262817e-05,0.002775469270544,-0.2225631828899737,0.0071158310616994,-56087.0,0.0256410256410256,0.1638304938394606,-1.0,-0.1389325498768102,-0.0051624920456626,-43612.0,0.6025641025641025,0.4111113927949041,0.0
2025-06-05,6672.885,185.2568,378.947,6047.988,20.232227378190256,4.46,99.34399871826172,20.13080000000081,96.08420000000024,0.2720095132665108,-3.4283427972483373,-0.0380000000000002,0.2339999999999991,-0.88800048828125,-0.1440017700195284,0.007893780382536,0.5272610647837659,0.0175683746717903,0.0691188164140623,0.1058783943770795,0.3540157234963639,0.0040574632469863,0.0148387092678121,0.0157878722996653,0.0108615450513474,350.25,1.0,0.0001202956001472,0.0021404144655524,-0.2043011843988186,0.0182619984911551,-20772.0,0.0833333333333333,0.1744966897051012,-1.0,-0.1205276306397685,0.0184049192370416,-6493.0,0.8269230769230769,0.4032866561478643,1.0
2025-06-12,6677.155,179.4732,332.907,6108.6812,19.61465011286682,4.42,98.96199951171874,60.693199999999706,120.93059999999969,-0.6175772653234368,-3.483164456669602,-0.04,0.096,-0.3819992065429716,-0.9020004272460938,0.0157878722996653,0.8265895953709447,0.0076769469713778,0.0241901580484258,0.100247781561634,0.2714629722703059,-0.0012246610884587,0.0108615450513474,-0.0051253605502551,0.0306125010045779,-115.5,-1.0,-3.967495008769323e-05,0.0019070507580815,-0.2035817070634563,0.0007194773353622,-7884.0,0.0897435897435897,0.1829863883056157,-1.0,-0.1334155343008377,-0.0128879036610691,-25780.0,0.7115384615384616,0.3814098415957142,0.0
2025-06-19,6681.056,170.84825,337.762,6164.774799999999,19.989797297297297,4.448,98.74600067138672,56.09359999999924,169.04099999999926,0.3751471844304781,-0.1202027027027057,0.0280000000000004,-0.0099999999999997,-0.2159988403320198,-2.263998413085929,-0.0051253605502551,0.4365129500936538,0.0176520439795713,0.0293263546939384,0.0887084046569788,0.7664255008862889,0.0008546790473044,0.0306125010045779,0.0322933160864427,0.0170880523676305,724.0,1.0,0.0001012353379643,0.0019629493724888,-0.1733244941758657,0.0302572128875906,18857.0,0.2115384615384615,0.1802116710360229,0.0,-0.1399197973075447,-0.0065042630067069,-27057.0,0.6025641025641025,0.3696920359350885,0.0
2025-06-26,6662.2,190.856,364.375,6172.44575,21.00739726027397,4.41,98.47750091552734,7.67095000000063,144.5885500000004,1.017599962976675,1.047179395350227,-0.0380000000000002,-0.088,-0.2684997558593807,-1.7544982910156222,0.0322933160864427,0.9999999999987872,0.0356255536111651,0.0514515469537957,0.2005135387488328,0.4690082029734145,0.0061561671900562,0.0170880523676305,0.0169918119558407,0.0156741087818763,393.25,1.0,0.0002987465764033,0.0018566151642546,-0.1654520103780711,0.0078724837977946,11600.0,0.2628205128205128,0.1651713605842292,0.0,-0.1321693915385097,0.007750405769035,-30949.0,0.7307692307692307,0.3433455779039748,0.0
2025-07-03,6659.598,288.795,359.516,6106.969,19.850690423162582,4.314,97.96399993896485,-65.47674999999981,58.98099999999977,-1.1567068371113898,-0.3815369550276735,-0.096,-0.1459999999999999,-0.5135009765624972,-1.379998779296869,0.0169918119558407,0.9999999999972956,0.0157094756072949,0.0609427647370377,0.2331298789752187,0.6257030323701579,-0.0034883021306748,0.0156741087818763,-0.002092472410167,0.013142030026621,-49.25,0.0,0.0001222692648728,0.0015208710340643,-0.1139227845569113,0.0515292258211597,30776.0,0.6730769230769231,0.1916691030513795,0.0,-0.1450363060921749,-0.0128669145536651,-18657.0,0.5448717948717948,0.4443276735443849,0.0
2025-07-10,6661.912,212.01425,319.889,6011.287,18.618341013824885,4.287999999999999,97.01199951171876,-95.6819999999998,-97.39419999999971,-1.2323494093376972,-0.996309099041934,-0.0260000000000006,-0.1320000000000005,-0.9520004272460908,-1.9499999999999889,-0.002092472410167,0.7648809523763995,0.0071527408195848,0.0422675837585977,0.2372749660885253,0.5731095104638045,-0.002092472410167,0.013142030026621,0.0101224055348589,0.0080608940722871,237.75,1.0,-1.3907193806600587e-05,0.0015204312875615,-0.0456544892182895,0.0682682953386218,48176.0,0.9102564102564102,0.2004719733885792,1.0,-0.1596186289770644,-0.0145823228848894,-17877.0,0.3974358974358974,0.4430834154422228,0.0
2025-07-17,6659.273,197.7002,296.247,6130.00875,19.58739952718676,4.3775,97.52750205993652,118.7217499999997,-34.76604999999927,0.969058513361876,-0.4023977701105359,0.0895000000000001,-0.0705000000000009,0.5155025482177678,-1.218498611450201,0.0101224055348589,0.9999999999965754,0.012307562617886,0.0582417092263432,0.1907576099776657,0.4231767989168324,0.0075992115594698,0.0080608940722871,0.0053318721615156,0.0089747348104273,126.5,1.0,0.000116104783362,0.0014130071892602,-0.0266570914079917,0.0189973978102977,44306.0,0.9423076923076924,0.2192877150860344,1.0,-0.1803387473105451,-0.0207201183334807,-31737.0,0.2435897435897435,0.4519949607147724,0.0
2025-07-24,6657.715,186.2312,323.176,6165.3258,19.33840354767184,4.458,98.33400115966796,35.317049999999654,-7.1199500000002445,-0.2489959795149197,-1.6689937126021306,0.0805000000000006,0.048,0.8064990997314396,-0.1434997558593806,0.0053318721615156,0.9999999999934748,0.0064251050761474,0.030602544991034,0.1650202092974979,0.4766805661349413,-0.0041159710972158,0.0089747348104273,-0.0005240705608603,0.0070039236640241,-12.5,0.0,4.439753530456336e-05,0.0014165017624349,-0.0588343804209398,-0.032177289012948,38831.0,0.8782051282051282,0.2418896531662723,1.0,-0.1763714009206679,0.0039673463898772,-17559.0,0.2564102564102564,0.4446267915388672,0.0
2025-07-31,6642.578,172.3832,370.507,6148.3078,18.62333333333333,4.4,97.66199951171876,-17.01800000000003,41.33879999999954,-0.7150702143385068,-1.2273570898292476,-0.0579999999999998,0.0860000000000003,-0.6720016479492159,-0.3020004272460994,-0.0005240705608603,0.0,0.0052958880837274,0.0128522417071175,0.1488518348955447,0.4008910504214075,0.0036569804556336,0.0070039236640241,0.0055056262256572,0.0339435909425242,131.25,1.0,-2.7624130633745373e-05,0.001590549574205,-0.0763031239455129,-0.0174687435245731,8132.0,0.8205128205128205,0.2331219919370593,1.0,-0.1754189425232789,0.000952458397389,-64624.0,0.2692307692307692,0.4403330383427549,0.0
2025-08-07,6640.843,95.4878,421.043,6099.687800000001,17.559460674157304,4.382,99.03800201416016,-48.61999999999898,88.40080000000034,-1.063872659176031,-1.0588803396675814,-0.0180000000000006,0.0940000000000003,1.376002502441409,2.026002502441401,0.0055056262256572,0.9999999999983674,0.0255522412965937,0.0205641298563066,0.0894320028178294,1.970241368091565,0.0066997250662257,0.0339435909425242,0.0181160176049728,0.015115579538698,434.25,1.0,8.354287752270497e-05,0.0020408917806691,-0.0633383847843484,0.0129647391611645,-6082.0,0.8589743589743589,0.2502920192749749,1.0,-0.1853163773700887,-0.0098974348468098,-60754.0,0.2051282051282051,0.4448462193327902,0.0
2025-08-14,6643.615,61.2058,504.304,6124.3122,19.0437527593819,4.224,98.56600036621094,24.624399999999696,-5.696549999999661,1.484292085224595,-0.5436467678048622,-0.1579999999999994,-0.1534999999999993,-0.472001647949213,1.0384983062744195,0.0181160176049728,0.9482200647218504,0.0126614695909607,0.0286403725988135,0.1204733537642184,0.878874701208292,-0.0010124050714637,0.015115579538698,-0.0291234288406969,0.0107710996730994,-710.75,-1.0,0.0001426847239808,0.0014190137560124,-0.0525070189641214,0.0108313658202269,-7781.0,0.8782051282051282,0.2641679728542639,1.0,-0.1718842451066566,0.0134321322634321,13953.0,0.2948717948717949,0.4407942397394711,0.0
2025-08-21,6618.415,30.9396,519.534,6078.1052,18.841299559471366,4.272,98.17799835205078,-46.207000000000335,-87.22059999999965,-0.2024531999105328,-0.4971039882004753,0.048,-0.1859999999999999,-0.3880020141601648,-0.1560028076171846,-0.0291234288406969,0.0,0.0246581413015953,-0.0066137704780571,0.0764617691154423,0.694585631381631,-0.0136462472770854,0.0107710996730994,0.0231809740862665,0.0146683690104769,549.25,1.0,-0.0002613806079083,0.0018018019637915,-0.0451278522526048,0.0073791667115166,2288.0,0.903846153846154,0.2597952722601172,1.0,-0.1969993417846178,-0.0251150966779612,-47633.0,0.1217948717948717,0.4462418916406646,-1.0
2025-08-28,6603.384,35.8252,589.998,6067.941400000001,18.29222958057395,4.318,98.2259994506836,-10.163799999999355,-80.36639999999898,-0.5490699788974176,-0.3311037527593861,0.0459999999999993,-0.0820000000000007,0.0480010986328096,0.5639999389648409,0.0231809740862665,0.9999999999963066,0.0111680570880554,0.0169468418679279,0.0927889653928937,0.946771778728228,0.0033093516855284,0.0146683690104769,-0.004166108091943,0.0243249316696615,-101.0,-1.0,0.00018676766891,0.0017664282270623,-0.0619067326199344,-0.0167788803673295,2634.0,0.8525641025641025,0.2723134225410401,1.0,-0.185380386685529,0.0116189550990888,-31029.0,0.1858974358974359,0.4357015752355757,-1.0
2025-09-04,6602.071,34.25375,597.513,5977.560799999999,17.08251111111111,4.252,98.08400115966796,-90.38060000000132,-122.12700000000132,-1.209718469462839,-0.4769495630461939,-0.0659999999999998,-0.1299999999999999,-0.141998291015625,-0.9540008544921932,-0.004166108091943,0.9999999999974556,0.0162785158798372,0.0071650570492898,0.0713223873973818,1.4640357611591246,-0.0031485457191383,0.0243249316696615,0.0144870507098551,0.0055072195057649,349.75,1.0,1.0884546228896242e-05,0.0019423948410465,-0.0480118797809078,0.0138948528390265,4276.0,0.8910256410256411,0.2689040700987523,1.0,-0.2082658831681579,-0.0228854964826288,-61410.0,0.0705128205128205,0.427119077027273,-1.0
2025-09-11,6605.962,23.925,672.274,5970.30425,17.097004716981132,4.225,98.16499900817873,-7.256549999999152,-154.00795000000016,0.0144936058700224,-1.9467480424007668,-0.0270000000000001,0.0009999999999994,0.0809978485107478,-0.4010013580322322,0.0144870507098551,0.9999999999970036,0.0136268985791278,0.0035751236951822,0.0924418474988291,0.3792099311839501,0.0021506867305289,0.0055072195057649,0.0189143393761228,0.0116117098726001,463.25,1.0,9.93827919690913e-05,0.0015697155477792,-0.0608767906180228,-0.012864910837115,-2781.0,0.8525641025641025,0.2553393434372435,1.0,-0.1906039764120534,0.0176619067561044,-54081.0,0.1474358974358974,0.4262209254037122,-1.0
2025-09-18,6608.597,16.154400000000003,756.376,5909.763,18.141395881006865,4.056,97.66599884033204,-60.54125000000022,-168.34220000000005,1.0443911640257326,-0.6999036784645014,-0.1689999999999996,-0.2160000000000002,-0.499000167846674,-0.5119995117187415,0.0189143393761228,0.9999999999972808,0.0147363781168291,0.0532307757238119,0.0782833192905134,0.8254858489702362,0.012318229962692,0.0116117098726001,-0.0030554692900292,0.0136695398720675,-76.25,-1.0,0.0001613507743767,0.0011096007961447,-0.0813117352560261,-0.0204349446380032,-10942.0,0.7756410256410257,0.2581298848575055,0.0,-0.2038090299066281,-0.0132050534945746,-28436.0,0.0897435897435897,0.4308997191331173,-1.0
2025-09-25,6608.395,18.8958,804.856,5836.066599999999,17.916829268292684,4.064,97.14000091552734,-73.69640000000072,-231.8748000000014,-0.224566612714181,-0.3754003122812648,0.008,-0.2539999999999995,-0.5259979248046989,-1.08599853515625,-0.0030554692900292,0.0,0.0150227099159934,0.0262237942520082,0.0570278394425738,0.9834577356767708,0.0019424945024997,0.0136695398720675,0.0193235258651875,0.001818447965278,480.75,1.0,-4.768313899460066e-05,0.0014886285405576,-0.0669844297891995,0.0143273054668266,-5661.0,0.8076923076923077,0.2243099720955148,1.0,-0.1936735310152223,0.0101354988914057,-106835.0,0.1282051282051282,0.3641501441979332,-1.0
2025-10-02,6587.119,34.395799999999994,805.139,5784.6432,17.99477375565611,4.15,97.7300018310547,-51.423399999998765,-192.91759999999888,0.0779444873634247,0.9122626445449988,0.0860000000000003,-0.1019999999999994,0.5900009155273551,-0.3539993286132699,0.0193235258651875,0.9999999999973908,0.0151125306834649,0.0504302622994956,0.0797126130920702,0.1403574315640225,0.0033985370275628,0.001818447965278,0.007068287345104,0.0172543824078244,179.25,1.0,0.0002064141323802,0.0014176066523094,-0.0922813182435748,-0.0252968884543753,-11623.0,0.7371794871794872,0.2784551255148277,0.0,-0.2303388783436983,-0.0366653473284759,-26684.0,0.0192307692307692,0.466432256162061,-1.0
2025-10-09,6590.815,12.3034,807.428,5747.584199999999,17.692827102803736,4.146,97.87799987792968,-37.05900000000111,-222.7200500000008,-0.3019466528523722,0.5958223858226042,-0.0040000000000004,-0.0789999999999997,0.1479980468749886,-0.2869991302490291,0.007068287345104,0.8768436578145226,0.0132738165159168,0.0427486526212641,0.0764480880075024,1.2574283463755742,0.0052370538262056,0.0172543824078244,-0.0179333568268138,0.0462537077592175,-458.0,-1.0,4.612301219441923e-05,0.0013133004228489,-0.0095210102558181,0.0827603079877567,15302.0,0.9615384615384616,0.2797553439775498,1.0,-0.2240647176225194,0.0062741607211788,-52524.0,0.0256410256410256,0.4797563063980056,-1.0
2025-10-16,6596.454,5.021,809.593,5771.0836,18.30448192771084,4.144,98.56000061035157,23.499400000000605,-138.6794,0.6116548249071059,0.1630860467039774,-0.0019999999999997,0.088,0.6820007324218835,0.8940017700195284,-0.0179333568268138,0.8232227488136052,0.0210318567840197,0.0050390198455234,0.0515370989550032,2.7485273676416755,-0.0017748425327435,0.0462537077592175,0.0168553885411266,0.0197817393557826,422.75,1.0,-0.0002007563959884,0.0034250614630516,-0.0325228944730448,-0.0230018842172267,15668.0,0.9166666666666666,0.287010890803133,1.0,-0.2351627220816217,-0.0110980044591023,-41767.0,0.0192307692307692,0.4838656509519146,-1.0
2025-10-23,6589.533,5.1356,908.001,5781.84,20.352835164835167,4.03,98.89600067138672,10.756400000000212,-54.22659999999905,2.0483532371243243,2.4360058965424827,-0.1139999999999998,-0.0339999999999998,0.3360000610351505,1.7559997558593778,0.0168553885411266,0.839215686271877,0.0124981620349948,0.025111539852888,0.0698218274484305,1.105535214145222,0.0010631768883324,0.0197817393557826,0.0246532372690291,0.0266171079198372,628.75,1.0,0.0002169375464476,0.0017859387465456,-0.0342,-0.0016771055269551,14591.0,0.903846153846154,0.2886965517241379,1.0,-0.2166918137207746,0.0184709083608471,56584.0,0.0448717948717948,0.4753359099418231,-1.0
2025-10-30,6587.034,13.1686,957.99,5676.3964000000005,19.73745652173913,3.996,98.75800018310548,-105.4435999999996,-108.2467999999999,-0.6153786430960366,1.7426827660830213,-0.0340000000000002,-0.1540000000000003,-0.13800048828125,1.0279983520507727,0.0246532372690291,0.4958513109850702,0.0288242609777097,0.0304715149005807,0.090194197033854,1.540090599754867,0.0128743295615265,0.0266171079198372,-0.0244331770783506,0.0303284205622304,-638.5,-1.0,0.0002892403643535,0.0019958605906361,-0.0021874698265672,0.0320125301734327,25289.0,0.967948717948718,0.2736667920771641,1.0,-0.2331918802492492,-0.0165000665284746,9033.0,0.0256410256410256,0.4759542032925984,-1.0
2025-11-06,6572.732,23.229,940.979,5615.8754,18.35756097560976,4.042,99.03399963378908,-60.52100000000064,-131.70879999999943,-1.3798955461293725,0.6647338728060213,0.0459999999999998,-0.104,0.2759994506835994,1.1559997558593835,-0.0244331770783506,0.0,0.0336942025574645,-0.0017620110419358,0.0446327046988803,1.6349062570050492,-0.0088143911497198,0.0303284205622304,-0.0058641248921315,0.0334532293483515,-149.5,-1.0,-0.0002845602669047,0.0024091285355001,0.0329828854792226,0.0351703553057899,12964.0,0.9871794871794872,0.246709922558001,1.0,-0.2316568835685538,0.0015349966806954,-13145.0,0.032051282051282,0.4665698368422593,-1.0
2025-11-13,6580.462,5.4255,953.816,5608.523999999999,19.281626373626374,4.1240000000000006,99.96400146484376,-7.351400000000467,-162.5596000000005,0.9240653980166158,0.9771444459155312,0.0820000000000007,-0.0199999999999995,0.9300018310546818,1.4040008544921818,-0.0058641248921315,0.0,0.0244530371480991,0.0105059606873729,0.0696589853971469,1.63659630439536,-0.0077005372768966,0.0334532293483515,-0.0380062735504744,0.0247309662014469,-963.25,-1.0,-7.61010625074233e-05,0.0023129421572478,0.0147821236382727,-0.0182007618409499,14076.0,0.9743589743589745,0.2638666491665573,1.0,-0.2063957973047272,0.0252610862638265,54229.0,0.1153846153846153,0.456420961478834,-1.0
2025-11-20,6555.283,2.657,941.926,5621.2205,19.610463576158946,4.1075,99.46800079345704,12.696500000000924,-160.6194999999998,0.3288372025325685,-0.7423715886762245,-0.0165000000000006,0.0774999999999996,-0.4960006713867102,0.572000122070321,-0.0380062735504744,0.0,0.0394770571648295,-0.0440131353232368,0.0056923061058231,1.162208594045309,-0.0083109258216186,0.0247309662014469,0.0480184568059471,0.0215752212269994,1170.75,1.0,-0.0003269206116884,0.0041687041249028,,,,,,,,,,,,
2025-11-27,6552.419,2.02775,903.394,5610.7,20.97145652173913,4.124,99.76000061035155,-10.520500000000538,-65.69640000000072,1.3609929455801897,1.2340000000000018,0.0164999999999997,0.1279999999999996,0.2919998168945312,1.0020004272461025,0.0480184568059471,0.9999999999989968,0.0390086881653099,-0.0222137185496986,0.0583934803094161,1.024944261761546,0.0071373595905468,0.0215752212269994,0.012543049467752,0.01153352135754,320.5,1.0,0.0004503403615819,0.0025847285780698,0.0029567890475209,-0.0348801940621788,1590.0,0.9487179487179488,0.2469124847486095,1.0,-0.1729813425369905,0.0369834074914368,86187.0,0.3205128205128205,0.442782762715305,0.0
2025-12-04,6535.781,4.2336,937.167,5646.997249999999,20.00717948717949,4.0275,99.89500045776369,36.29724999999962,31.12184999999954,-0.9642770345596432,1.6496185115697308,-0.0964999999999998,-0.0144999999999999,0.1349998474121037,0.8610008239746065,0.012543049467752,0.8694835680718518,0.0102908493574258,0.0148466305797443,0.0563653437857258,0.535140277085368,0.0069167109436676,0.01153352135754,0.0035075852739394,0.0078226162687304,90.75,1.0,0.0001399877720353,0.0015889678177312,-0.0072701562148263,-0.0102269452623472,-12536.0,0.935897435897436,0.2451244296906458,1.0,-0.1801043955128495,-0.0071230529758589,72870.0,0.2628205128205128,0.4321298255552408,0.0
2025-12-11,6539.303,2.8636,858.946,5594.3804,18.084788732394365,4.074,99.21399993896485,-52.61684999999943,-14.143599999999424,-1.922390754785124,-1.1968376412320083,0.0464999999999999,-0.0500000000000007,-0.6810005187988253,-0.7500015258789006,0.0035075852739394,0.3694029850718701,0.0051611412284671,0.024413580855807,0.0403923022209755,0.3683558323882482,-0.0023399457685093,0.0078226162687304,-0.0270189594908187,0.0320773401920687,-701.5,-1.0,-8.760765531833021e-06,0.0020278580897996,-0.0485388730971264,-0.0412687168823001,-20454.0,0.8205128205128205,0.2352106932211746,1.0,-0.2096345296855437,-0.0295301341726941,-32639.0,0.1025641025641025,0.4486558638510338,-1.0
2025-12-18,6556.861,5.4124,833.093,5677.4934,19.20952702702703,4.151999999999999,98.88799896240236,83.11300000000028,56.272899999999936,1.1247382946326638,-0.400936549131913,0.0779999999999994,0.0444999999999993,-0.3260009765624971,-0.5800018310546875,-0.0270189594908187,0.6430469441972665,0.0223460369926865,0.0361138169700077,0.0153844607902247,1.4087199644440906,-0.0074969613568921,0.0320773401920687,0.0244935525052698,0.0096452231792767,618.75,1.0,-0.0002209846736216,0.0024894017883497,-0.1039816316594597,-0.0554427585623332,-47819.0,0.6410256410256411,0.2326896539803352,0.0,-0.2065863728914367,0.0030481567941069,-27760.0,0.1282051282051282,0.4433103021581541,-1.0
2025-12-25,6581.231,3.8165,837.12,5718.3556,18.5182932166302,4.16,98.30000152587893,40.862199999999575,107.65560000000004,-0.691233810396831,-2.4531633051089337,0.0080000000000008,0.0360000000000004,-0.5879974365234375,-1.4599990844726562,0.0244935525052698,0.9999999999967294,0.0118139139506578,0.0128561365059487,0.0205345084237817,0.4117879776112358,0.0022404231589554,0.0096452231792767,-0.0163733312725797,0.0075536253598786,-423.75,-1.0,0.0002577451840029,0.0014249374721945,-0.0592992247447798,0.0446824069146798,-24882.0,0.8012820512820513,0.2008284905674393,1.0,-0.1551879659618034,0.0513984069296332,-31595.0,0.4807692307692308,0.3881422142077646,0.0
2026-01-01,6640.618,37.372,837.306,5740.2945,17.098475609756097,4.165,98.20250129699708,21.938900000000103,93.29725000000052,-1.4198176068741013,-2.908703877423392,0.0049999999999998,0.1375000000000001,-0.0975002288818416,-1.6924991607666016,-0.0163733312725797,0.0,0.0159682598917772,-0.0160691854285438,-0.0032205646266494,0.3340184847699242,-0.0034839649997548,0.0075536253598786,0.0090643935302032,0.0147748569863191,230.75,1.0,-9.943785903554974e-05,0.0011688761977339,-0.048241601638669,0.0110576231061107,-10943.0,0.8333333333333334,0.2803049907241707,1.0,-0.1929953915133754,-0.0378074255515719,7172.0,0.1923076923076923,0.4885287004774877,-1.0
2026-01-08,6573.602,4.4798,796.148,5765.9400000000005,16.567848837209304,4.145,98.14499855041504,25.64550000000054,171.5596000000005,-0.5306267725467926,-1.516939895185061,-0.0200000000000004,0.0709999999999997,-0.0575027465820312,-1.0690013885498075,0.0090643935302032,0.6664829106931279,0.017654501216545,-0.0106207812966404,0.0241816514493042,0.7390696783734756,-0.0010190304814035,0.0147748569863191,0.0007104622871045,0.016608531584495,18.25,0.0,2.040605549487716e-05,0.0019748820442907,-0.0805652624707192,-0.0323236608320501,-7129.0,0.7307692307692307,0.284956240334298,0.0,-0.1880724508990701,0.0049229406143052,74058.0,0.2243589743589743,0.4844236927921009,0.0
2026-01-15,6581.7,3.037,779.175,5772.9742,16.646912442396314,4.176,98.5759994506836,7.034199999999146,95.48079999999936,0.0790636051870095,-2.562614584630716,0.0310000000000005,0.0240000000000009,0.4310009002685575,-0.3119995117187528,0.0007104622871045,0.2294704528005235,0.0126722620425391,0.0175759794946905,0.0079204038621771,0.8419306487923488,-0.0021263662104535,0.016608531584495,-0.0018478356009842,0.0344878538186232,-47.5,0.0,4.029734391353124e-05,0.0018602924689294,,,,,,,,,,,,
2026-01-22,6584.58,2.5325,869.261,5799.487999999999,18.226121076233184,4.174,99.11399841308594,26.51379999999972,81.1323999999995,1.5792086338368705,-0.2921721403970139,-0.0019999999999997,0.0140000000000002,0.5379989624023409,0.8139968872070256,-0.0018478356009842,0.9450647610523536,0.0218155953738076,-0.0085875466084504,-0.0181479001243661,1.6920228410561224,0.0034158876775634,0.0344878538186232,0.0132900723938693,0.0119619033973997,341.0,1.0,-2.9189336091828577e-05,0.0027606696971403,,,,,,,,,,,,
2026-01-29,6587.568,1.5248,923.042,5712.7865,18.886359447004608,4.265,98.78750038146973,-86.70149999999921,-27.50799999999981,0.6602383707714239,1.7878838372485113,0.0909999999999993,0.0999999999999996,-0.3264980316162109,0.5849990844726562,0.0132900723938693,0.6244019138741043,0.0160773868476975,0.0213106543451147,0.0198183886404643,0.6345139186645434,0.0064146224298664,0.0119619033973997,-0.0126638268411588,,-329.25,-1.0,4.320838549940959e-05,0.0024108221710343,,,,,,,,,,,,
