,walcl,rrp,tga,net_liq,vix,us10y,dxy,net_liq_wow,net_liq_4w,vix_wow,vix_4w,us10y_wow,us10y_4w,dxy_wow,dxy_4w,nq_week_ret,nq_close_pos,nq_week_range,nq_mom_4w,nq_mom_12w,nq_vol_regime,es_nq_spread,realized_vol,fwd_return,fwd_vol,fwd_points,label,nq_1h_drift,nq_1h_vol
2014-02-06,4109.285,96.0318,80.081,3923.7408,15.463442028985506,2.742,80.6259994506836,-12.85919999999942,88.92979999999989,1.3608586956521729,1.3182497212931992,-0.0954999999999999,-0.258,-0.3665008544921875,-0.003997802734375,-0.002291974205578473,0.6815476190395053,0.013082583810302535,-0.009334619093539054,,,0.004293582218129477,0.016885204684706206,0.02550325117782193,0.008028164538535993,163.75,1.0,-2.621280242948998e-05,0.001201031927522152
2014-02-13,4119.474,101.4812,36.41,3933.1722,18.0348,2.67,81.06399993896484,9.431399999999485,82.0357999999992,2.5713579710144945,4.098540157480317,-0.072,-0.3159999999999998,0.4380004882812471,0.199998474121088,0.02550325117782193,0.9999999999892473,0.014124079277090137,0.008539153743059469,,,-0.0004518050019532982,0.008028164538535993,0.003113372313767071,0.005868184512048602,20.5,1.0,0.00018956327866402611,0.0007879225010641173
2014-02-20,4149.224,81.52550000000001,41.184,3981.5828,15.560959409594098,2.738,80.59199981689453,48.41060000000061,45.832000000000335,-2.473840590405903,1.3022823667925412,0.068,-0.1339999999999999,-0.4720001220703125,-0.1440017700195284,0.003113372313767071,0.8292682926424747,0.0031037093111279334,0.008820497155294316,,,-0.002143445121344012,0.005868184512048602,0.004542013626040786,0.0063516740206331366,30.0,1.0,5.422334839070948e-05,0.0006633441760668928
2014-02-27,4159.972,110.9838,46.704,4026.5145,14.83,2.7375,80.14999961853027,44.93169999999964,89.91450000000032,-0.7309594095940977,0.7274166666666666,-0.0005000000000001,-0.1,-0.4420001983642549,-0.8425006866455078,0.004542013626040786,0.9999999999729731,0.005576488319517709,0.03099992230595916,,,-0.003193033764742559,0.0063516740206331366,0.003089675960813887,0.009463574354991063,20.5,1.0,2.3582889585275583e-05,0.0007133239434722055
2014-03-06,4171.762,78.501,45.394,4002.2842,14.98439114391144,2.7,80.26000061035157,-24.23030000000017,78.54339999999956,0.1543911439114396,-0.4790508850740664,-0.0374999999999996,-0.0419999999999998,0.1100009918212947,-0.3659988403320255,0.003089675960813887,0.894957983178236,0.008939974457215836,0.0365611493984348,,,-0.006531945660807725,0.009463574354991063,-0.010630305762151626,0.009377316219902057,-70.75,-1.0,3.378829535688373e-05,0.0009853394304001686
2014-03-13,4181.361,67.726,56.141,4047.867,15.37449814126394,2.68,79.96000061035156,45.58280000000013,114.6948000000002,0.3901069973525004,-2.6603018587360605,-0.02,0.0100000000000002,-0.3000000000000113,-1.103999328613284,-0.010630305762151626,0.0,0.008542465545388967,3.7967955045958846e-05,,,0.0020048800179104376,0.009377316219902057,0.00683397243631112,0.010450813170085888,45.0,1.0,-8.96618788036226e-05,0.001007203494508708
2014-03-20,4222.081,67.63199999999999,88.345,4057.494,15.723874538745388,2.75,79.69400024414062,9.627000000000407,75.91120000000001,0.3493763974814481,0.1629151291512904,0.0699999999999998,0.012,-0.2660003662109318,-0.8979995727539034,0.00683397243631112,0.9527027026898283,0.011161808514649874,0.0037471612414836653,,,-0.004444630752063139,0.010450813170085888,-0.020702138089671585,0.009097831152298062,-137.25,-1.0,5.82244744461502e-05,0.0009148736018642059
2014-03-27,4226.971,97.1368,102.04,4066.1040000000007,16.11779411764706,2.72,79.68800048828125,8.610000000000582,39.58950000000095,0.39391957890167,1.2877941176470582,-0.0300000000000002,-0.0175,-0.0059997558593778,-0.4619991302490263,-0.020702138089671585,0.0,0.013053523296110897,-0.021477015825169588,-3.8504485772583585e-05,0.9229709383295178,-0.009763800288063007,0.009097831152298062,0.011782826338082364,0.011287890467918393,76.5,1.0,-0.0001674265047916984,0.0012482598508237333
2014-04-03,4236.441,137.1346,96.163,4027.7942,15.7787072243346,2.728,80.01400146484374,-38.30980000000136,25.509999999999764,-0.3390868933124569,0.7943160804231617,0.0080000000000004,0.028,0.3260009765624971,-0.2459991455078238,0.011782826338082364,0.7112860892313776,0.01449992388491399,-0.012996769589061707,0.013539054966248854,1.1190605442591657,-0.0066493540804366535,0.011287890467918393,-0.02294869843202918,0.025851516253424984,-150.75,-1.0,9.754510374101465e-05,0.0009616569556941239
2014-04-10,4244.188,93.4798,62.436,4003.1434,14.94603846153846,2.77,80.21000061035156,-24.65079999999989,-44.72360000000026,-0.8326687627961409,-0.4284596797254796,0.0419999999999998,0.0899999999999998,0.1959991455078125,0.25,-0.02294869843202918,0.0,0.017294433841000274,-0.02528569801435132,-0.016925138809113505,2.3456358639708688,0.000898847612897935,0.025851516253424984,0.006738596969579014,0.008940422899667545,43.25,1.0,-0.00019765886998815893,0.0013324021165978229
2014-04-17,4283.967,73.33699999999999,65.457,4088.2722,15.289622641509434,2.7,79.85,85.12880000000041,30.778199999999742,0.3435841799709731,-0.4342518972359546,-0.0699999999999998,-0.0499999999999998,-0.3600006103515625,0.1559997558593693,0.006738596969579014,0.9999999999873816,0.012264953958059275,-0.025378030845808697,-0.013097101836649028,0.7912750800226203,-0.006785233328163276,0.008940422899667545,0.009517913797105981,0.010547298474342486,61.5,1.0,5.802625628454826e-05,0.0015775967088234256
2014-04-24,4296.339,147.70925,111.394,4145.172999999999,16.30100371747212,2.66,79.7260009765625,56.90079999999898,79.06899999999814,1.011381075962687,0.1832095998250622,-0.04,-0.0599999999999996,-0.1239990234374914,0.0380004882812556,0.009517913797105981,0.9925925925631826,0.005173999693392611,0.004697728147862845,0.013596457151736407,0.957757747472783,0.0030614411833107535,0.010547298474342486,0.000306607389238156,0.010647128298067205,2.0,0.0,9.096886608939148e-05,0.0011669799915414716
2014-05-01,4296.049,182.8814,84.126,4037.23575,15.308221153846157,2.715,79.88000106811523,-107.93724999999904,9.44155000000046,-0.9927825636259656,-0.4704860704884464,0.0549999999999997,-0.0130000000000003,0.1540000915527315,-0.1340003967285099,0.000306607389238156,0.9999999999822223,0.008620689655172414,-0.006698127568884105,0.01623642097885769,1.0147224088881985,-0.0017248263753293358,0.010647128298067205,-0.007547892720306537,0.0064148385228793865,-49.25,-1.0,2.7735009065314267e-06,0.0010366729238338983
2014-05-08,4303.143,193.9196,91.397,4029.0416,15.222209737827717,2.678,79.65599822998047,-8.194150000000263,25.898200000000088,-0.0860114160184402,0.2761712762892543,-0.0369999999999999,-0.092,-0.2240028381347656,-0.5540023803710881,-0.007547892720306537,0.0,0.008222985754545805,0.008958828341058656,-0.016516060444984437,0.619300067914861,-0.005200474879930916,0.0064148385228793865,0.003976373393043353,0.011906712689647022,25.75,1.0,-6.356970203461505e-05,0.0011659485720759432
2014-05-15,4336.649,191.172,71.25,4017.8264,14.638884462151395,2.614,79.35999908447266,-11.21519999999964,-70.44579999999996,-0.5833252756763194,-0.6507381793580382,-0.064,-0.0860000000000003,-0.2959991455078068,-0.4900009155273324,0.003976373393043353,0.25102880658022997,0.009343997539029454,0.006190513038768053,-0.015669947009841034,1.0962392425916168,0.006115410826198486,0.011906712689647022,0.013035453356917692,0.0071235839214817956,84.75,1.0,3.4179493063514936e-05,0.0008846133113558708
2014-05-22,4327.56,209.5686,37.745,4074.2270000000008,14.722159090909091,2.586,80.00200042724609,56.40060000000085,-70.9459999999981,0.0832746287576959,-1.5788446265630292,-0.028,-0.0740000000000002,0.6420013427734261,0.2759994506835852,0.013035453356917692,0.9999999999846743,0.009907003226418675,0.009696458684654408,-0.007347400150715888,0.6519999010660293,0.0031747888338737873,0.0071235839214817956,0.01328525336876063,0.007203258999062937,87.5,1.0,0.00011549421481408185,0.0008232145674686448
2014-05-29,4322.654,173.7505,33.573,4080.246400000001,14.344119850187266,2.536,80.08399963378906,6.019400000000132,43.01065000000108,-0.3780392407218258,-0.9641013036588896,-0.0499999999999998,-0.1789999999999998,0.0819992065429744,0.2039985656738281,0.01328525336876063,0.9999999999834711,0.009065368046450646,0.022796934865900287,0.0027420930057846515,0.6708578949494081,0.0015043151390854437,0.007203258999062937,0.006106012361865476,0.005260026246060797,40.75,1.0,0.00010524874417662594,0.0004469281830327166
2014-06-05,4330.917,131.31099999999998,33.895,4115.3305,13.604485596707818,2.4875,80.44999885559082,35.084099999999125,86.28890000000047,-0.7396342534794478,-1.617724141119897,-0.0485000000000002,-0.1905000000000001,0.3659992218017578,0.7940006256103516,0.006106012361865476,0.9999999999794873,0.007260406582768635,0.036868316411226454,0.019704620524697125,0.5060502398165648,-0.002495686998251978,0.005260026246060797,-0.0007446570854121592,0.005912385098362958,-5.0,0.0,6.287551698987704e-05,0.0006335985603900476
2014-06-12,4340.904,105.7156,46.921,4165.711,13.212074074074074,2.564,80.52000122070312,50.38050000000021,147.88460000000032,-0.3924115226337434,-1.426810388077321,0.0765000000000002,-0.0499999999999998,0.0700023651123018,1.1600021362304602,-0.0007446570854121592,0.0,0.004359490274983233,0.031992617088364206,0.0120291112032882,0.5902896535376078,0.0025834760399128243,0.005912385098362958,0.0033534540576793948,0.0037767726875231195,22.5,1.0,-5.445294844521238e-06,0.000546617230081277
2014-06-19,4368.168,71.73859999999999,84.475,4188.267400000001,12.616776859504132,2.618,80.6500015258789,22.556400000000394,114.04039999999986,-0.5952972145699409,-2.105382231404958,0.0539999999999998,0.032,0.1300003051757841,0.6480010986328182,0.0033534540576793948,0.7476635513739192,0.003973559120617944,0.022129436325678542,0.036888717751251354,0.3945377247999046,-0.00781215170252092,0.0037767726875231195,0.004233511586452687,0.0027510183123630933,28.5,1.0,2.071799830222487e-05,0.000676351144452713
2014-06-26,4368.348,118.8022,107.244,4211.9544,13.441811594202898,2.624,80.51600036621093,23.68699999999899,131.70799999999872,0.8250347346987645,-0.9023082559843676,0.0060000000000002,0.088,-0.1340011596679744,0.4320007324218693,0.004233511586452687,0.9999999999587629,0.003587012794911619,0.012998688893051114,0.029152077941848153,0.31045499055409437,0.0048527066328922785,0.0027510183123630933,0.014532948746394547,0.0052204496959775285,98.25,1.0,3.179913127842789e-05,0.0006801726173930823
2014-07-03,4377.031,183.0964,100.085,4142.3018,12.76648148148148,2.59,80.28200225830078,-69.65259999999944,26.97130000000016,-0.6753301127214169,-0.8380041152263367,-0.0340000000000002,0.1025,-0.2339981079101534,-0.1679965972900419,0.014532948746394547,0.9999999999881305,0.012283579369418625,0.02148335691414105,0.06863241537802356,0.7309515598300131,0.00265769058860843,0.0052204496959775285,-0.006123564789502489,0.00846176118049875,-42.0,-1.0,0.00013109357950081107,0.00045637630618707454
2014-07-10,4383.401,137.5635,63.826,4093.8496,12.2590099009901,2.588,79.96199951171874,-48.45220000000063,-71.86140000000069,-0.5074715804913819,-0.9530641730839752,-0.0019999999999997,0.024,-0.3200027465820341,-0.5580017089843778,-0.006123564789502489,0.2560975609693635,0.006014596398577035,0.015984797674938545,0.05497949392555901,1.1914444730717288,0.0019384823581656274,0.00846176118049875,0.0003300693145560363,0.009433354527354715,2.25,0.0,-5.096882565202938e-05,0.0007729768546065714
2014-07-17,4398.201,103.8844,59.384,4182.0115,12.500841121495329,2.5825,80.1299991607666,88.16190000000006,-6.25590000000102,0.2418312205052277,-0.1159357380088064,-0.0055,-0.0354999999999998,0.1679996490478572,-0.5200023651123047,0.0003300693145560363,0.0,0.006819181698196217,0.012923351158645291,0.045377893607235986,1.3458389960132044,0.0020790405079716967,0.009433354527354715,0.014041648335533008,0.007985458298611746,95.75,1.0,-2.9998291541831016e-06,0.0008605645322736701
2014-07-24,4410.746,115.8492,64.138,4234.9326,12.964296875,2.532,80.36999969482422,52.92110000000048,22.97820000000047,0.4634557535046735,-0.4775147192028974,-0.0504999999999999,-0.092,0.2400005340576143,-0.1460006713867159,0.014041648335533008,0.9246231155593041,0.0071947648143461445,0.022816359736705927,0.05973180076628348,1.176500263252034,0.0028080092548363744,0.007985458298611746,-0.012581799775841507,0.012646082591693157,-87.0,-1.0,0.00010544920133588876,0.000590188892854741
2014-07-31,4406.637,116.8758,62.335,4230.7588000000005,13.093042328042328,2.494,80.70799865722657,-4.173799999999574,88.45700000000033,0.1287454530423275,0.3265608465608469,-0.0379999999999998,-0.0959999999999996,0.3379989624023523,0.4259963989257898,-0.012581799775841507,0.0,0.01226611987843726,-0.004519774011299438,0.05435663822723247,1.7307424191211234,0.010247388972629778,0.012646082591693157,-0.004100911720552158,0.005919097063854966,-28.0,-1.0,-7.4375820451833e-05,0.000815972035250958
2014-08-07,4410.111,117.22959999999998,71.513,4227.4262,13.582727272727274,2.52,81.22999877929688,-3.332600000000639,133.57660000000033,0.4896849446849458,1.3237173717371746,0.0259999999999998,-0.068,0.5220001220703097,1.2679992675781335,-0.004100911720552158,0.0,0.005882569212103386,-0.0024938570433123974,0.04587402907021465,0.8694618706397759,0.004034257240649319,0.005919097063854966,0.016360895621162497,0.005369582957531877,111.25,1.0,-7.570881079896711e-05,0.0010968445835011548
2014-08-14,4431.923,128.9134,78.066,4221.3684,15.698958333333334,2.4880000000000004,81.42200012207032,-6.057799999999588,39.35690000000068,2.11623106060606,3.1981172118380066,-0.0319999999999995,-0.0944999999999995,0.1920013427734375,1.2920009613037138,0.016360895621162497,0.9999999999894179,0.013673853277383881,0.01349171432761409,0.04930726893148596,0.8060495611033213,-0.003933531297870108,0.005369582957531877,0.011503400376211781,0.00304738683055913,79.5,1.0,0.00016544388190803858,0.0006589756758515607
2014-08-21,4412.924,138.323,42.803,4224.9436,15.20410579345088,2.434,81.50999908447265,3.575199999999313,-9.989000000000487,-0.4948525398824532,2.23980891845088,-0.0540000000000002,-0.0979999999999998,0.087998962402338,1.1399993896484375,0.011503400376211781,0.999999999984,0.008940705242829555,0.010954842908275753,0.0474620715489793,0.4825417412470087,-0.003337370519387539,0.00304738683055913,0.003182891066447313,0.0017190632389609273,22.25,1.0,9.467782649530502e-05,0.0005262896413788438
2014-08-28,4413.736,155.473,40.217,4231.798,13.517869674185464,2.394,81.85599975585937,6.854400000000169,1.039199999999255,-1.6862361192654165,0.424827346143136,-0.04,-0.1,0.3460006713867187,1.148001098632804,0.003182891066447313,0.8333333332870371,0.002566753413425546,0.02709530958221973,0.04441879514483582,0.2855491415420559,0.0002378316574902506,0.0017190632389609273,-7.129870592847976e-05,0.004741522985523829,-0.5,0.0,3.0283860962255236e-05,0.00040898323034583173
2014-09-04,4415.587,156.902,42.868,4218.046,13.448191214470285,2.378,82.49000091552735,-13.751999999999498,-9.380199999999604,-0.0696784597151793,-0.1345360582569892,-0.016,-0.1419999999999999,0.6340011596679744,1.2600021362304688,-7.129870592847976e-05,0.0,0.0032443224357374596,0.031251148939299256,0.045122587376108525,0.800577383351141,-0.00047632098215377727,0.004741522985523829,0.003101714856144522,0.006577567674065265,21.75,1.0,-9.709905313012735e-06,0.0006742950957104146
2014-09-11,4421.408,167.397,39.081,4215.817,13.557717041800643,2.4075,83.10750007629395,-2.229000000000269,-5.551400000000285,0.1095258273303585,-2.1412412915326904,0.0295,-0.0805000000000002,0.6174991607665987,1.68549995422363,0.003101714856144522,0.9259259258916324,0.0038384987205004263,0.017797713789610814,0.044860368389780136,1.068475783560718,0.0034053585808409004,0.006577567674065265,0.0009951663349445639,0.010317429583167583,7.0,0.0,3.042564648075933e-05,0.0009093208452998091
2014-09-18,4449.588,151.418,66.417,4214.93,13.878493506493507,2.504,84.16400146484375,-0.8869999999997162,-10.013599999999316,0.3207764646928641,-1.325612286957373,0.0964999999999998,0.0699999999999998,1.056501388549805,2.6540023803710966,0.0009951663349445639,0.9999999999859155,0.010083794915494958,0.007224089836206371,0.04149101397825605,1.5202731491083228,-0.004370835487471192,0.010317429583167583,-0.012640249964493644,0.015382281089618876,-89.0,-1.0,3.823297747386489e-05,0.0008375157073544152
2014-09-25,4459.05,168.5358,114.828,4231.753,14.588762376237623,2.614,84.31799926757813,16.82299999999941,-0.0450000000000727,0.710268869744116,1.0708927020521593,0.1099999999999998,0.2199999999999997,0.1539978027343806,2.4619995117187585,-0.012640249964493644,0.0,0.01229861910241657,-0.008662792770311234,0.013595771824312042,2.015133058231246,0.0046809987766947,0.015382281089618876,-0.004243383199079354,0.011747702149322614,-29.5,-1.0,-0.0001236063945164521,0.0009463846384917699
2014-10-02,4450.26,211.8092,119.237,4175.6862,14.72608173076923,2.558,84.8760009765625,-56.0667999999996,-42.35980000000018,0.1373193545316073,1.277890516298946,-0.056,0.1799999999999997,0.5580017089843636,2.386000061035148,-0.004243383199079354,0.0,0.009786926688335138,-0.012799030268458744,0.015513257784134593,1.4856948324702135,0.005184778309426541,0.011747702149322614,-0.0011195377392561046,0.018550481598440898,-7.75,0.0,-3.0356705950279617e-05,0.0010740705510832913
2014-10-09,4455.403,181.001,96.461,4119.2138,16.107834549878344,2.484,85.74799957275391,-56.47239999999965,-96.60319999999956,1.3817528191091135,2.550117508077701,-0.0739999999999998,0.0764999999999997,0.8719985961914176,2.6404994964599666,-0.0011195377392561046,0.1885521885496491,0.010737915325933692,-0.016953369348876923,0.014041648335533008,2.140364941113008,0.004467054439514895,0.018550481598440898,-0.03308145630716941,0.01631510029098375,-228.75,-1.0,-3.942129675828428e-05,0.001176729829549906
2014-10-16,4474.36,137.558,79.79,4177.941,15.9735,2.386,85.77799987792969,58.72719999999936,-36.98900000000049,-0.1343345498783446,2.0950064935064923,-0.0979999999999998,-0.1179999999999998,0.0300003051757755,1.6139984130859375,-0.03308145630716941,0.0,0.01667663775052348,-0.050418974577474795,-0.03308145630716941,1.7428599256310768,-0.002078543281784473,0.01631510029098375,0.03944810050852521,0.015204865957135685,263.75,1.0,-0.000251994458965471,0.0019032040798435282
2014-10-23,4481.616,131.355,123.514,4257.012,19.7834606741573,2.21,85.46200103759766,79.07099999999991,25.25900000000001,3.809960674157301,5.194698297919677,-0.1760000000000001,-0.4039999999999999,-0.3159988403320284,1.1440017700195284,0.03944810050852521,0.9999999999950311,0.028957876182596497,-0.0003236478711162727,0.01786825821097726,1.588085003177529,-0.0015654275138068385,0.015204865957135685,0.012122738227993812,0.009241975097708972,84.25,1.0,0.00029323246082229394,0.0012399639226487727
2014-10-30,4486.754,123.066,118.424,4226.747,18.183386004514677,2.2380000000000004,85.40599822998047,-30.264999999999414,51.0608000000002,-1.600074669642627,3.457304273745443,0.0280000000000004,-0.3199999999999994,-0.0560028076171903,0.5299972534179744,0.012122738227993812,0.9240506328957967,0.00842337219220927,0.016106897797038666,0.03444979594838049,0.9381528504146943,-0.005410265072336218,0.009241975097708972,0.010413704862098472,0.009110247918809298,73.25,1.0,0.0001551819058847816,0.0009524167206784117
2014-11-06,4486.585,133.3828,111.382,4245.264,16.587080459770114,2.304,85.74800109863281,18.516999999999825,126.05019999999968,-1.5963055447445598,0.4792459098917696,0.0659999999999993,-0.1800000000000001,0.3420028686523437,1.525878900565658e-06,0.010413704862098472,0.9999999999506173,0.0028492032783425376,0.027839039733902116,0.02839675879033421,0.8964160164875156,-0.005600890718683971,0.009110247918809298,0.005944634000492499,0.003788652445897373,42.25,1.0,6.894305619651505e-05,0.0009026584612285803
2014-11-13,4488.895,107.3075,107.205,4241.8202,15.597598039215686,2.362,87.32400054931641,-3.44380000000001,63.87920000000031,-0.9894824205544276,-0.3759019607843132,0.0580000000000002,-0.024,1.5759994506835966,1.5460006713867216,0.005944634000492499,0.9999999999815669,0.0075879432128120846,0.06932396051450795,0.02274515413775835,0.3705377482655637,0.0035503802095906423,0.003788652445897373,0.0055947968389398195,0.005800018395696665,40.0,1.0,4.410762435755518e-05,0.0007525242013473633
2014-11-20,4492.759,140.7326,95.281,4274.382500000001,14.873548387096774,2.355,87.69399871826172,32.562300000000505,17.370500000000902,-0.7240496521189126,-4.909912287060527,-0.0070000000000001,0.145,0.3699981689453153,2.2319976806640653,0.0055947968389398195,0.9999999999694658,0.004555254190138396,0.03449764380013676,0.025204092545720203,0.5489935615015669,-0.001570808256601497,0.005800018395696665,0.010118923430002091,0.004068028829967243,72.75,1.0,4.4133879414951876e-05,0.000705043155924129
2014-11-27,4485.931,147.74775,79.769,4256.7454,15.34005025125628,2.336,87.65599975585937,-17.637100000000828,29.99839999999949,0.4665018641595075,-2.8433357532583923,-0.0190000000000001,0.0979999999999994,-0.0379989624023551,2.250001525878901,0.010118923430002091,0.9999999999854015,0.009432338462597679,0.03244953085015645,0.035651894898213854,0.38711071870690966,0.0021149708608321216,0.004068028829967243,-0.0005852180797961681,0.009079572625630632,-4.25,0.0,9.905688345735487e-05,0.00045299609713547647
2014-12-04,4486.19,158.198,87.426,4258.41425,14.53747922437673,2.28,87.99749946594238,1.6688500000000204,13.150249999999687,-0.8025710268795514,-2.049601235393384,-0.0559999999999996,-0.0239999999999995,0.3414997100830135,2.2494983673095703,-0.0005852180797961681,0.5217391304247008,0.00713006337834114,0.02121073551655006,0.03184532271822582,0.8471966309541928,-0.00048718847485551553,0.009079572625630632,-0.010608983190961707,0.010110503016803501,-77.0,-1.0,-2.258106395089196e-05,0.0007483379070936288
2014-12-11,4488.865,109.8674,60.092,4240.565999999999,14.60609947643979,2.244,88.5239990234375,-17.848250000000917,-1.2542000000012197,0.0686202520630594,-0.991498562775897,-0.036,-0.1179999999999998,0.5264995574951143,1.199998474121088,-0.010608983190961707,0.11014492753495483,0.01201086199693636,0.004405902510665083,0.01988353926999009,0.9449110229964057,0.005469448181587344,0.010110503016803501,0.004595460242306171,0.02481652375228376,33.0,1.0,-9.561650074428329e-05,0.001120009170834862
2014-12-18,4502.247,50.597,114.776,4318.9056,15.540688073394495,2.232,88.79800109863281,78.33960000000116,44.52309999999943,0.934588596954706,0.6671396862977215,-0.012,-0.1229999999999997,0.2740020751953125,1.1040023803710852,0.004595460242306171,0.9999999999944368,0.02491682838924314,0.003407747409416517,0.03768699654775598,2.1605626588647455,-0.010350733460364303,0.02481652375228376,0.00270307734959796,0.00432130578838543,19.5,0.0,8.249689668471394e-05,0.0018953436580432838
2014-12-25,4509.462,58.59825,175.093,4336.874000000001,18.460807174887893,2.13,88.66399841308593,17.968400000000656,80.12860000000092,2.9201191014933983,3.120756923631612,-0.1020000000000003,-0.2059999999999999,-0.134002685546875,1.0079986572265651,0.00270307734959796,0.32727272724892564,0.001900877859957144,-0.003958828186856667,0.044925966052726585,0.3976439901471669,-0.004659969970252753,0.00432130578838543,-0.006877721711481266,0.010477251275116126,-49.75,-1.0,-2.7465332139238283e-06,0.0007222303323617468
2015-01-01,4497.66,70.35125,192.063,4275.770750000001,16.33773381294964,2.2175,89.8499984741211,-61.10325000000012,17.35650000000078,-2.1230733619382534,1.8002545885729102,0.0874999999999999,-0.0625000000000004,1.186000061035159,1.852499008178711,-0.006877721711481266,0.0,0.010892639638072037,-0.010230090934141622,0.03890234643334911,1.027735287393103,0.0033551990564750778,0.010477251275116126,-6.960153123369839e-05,0.019631277547621905,-0.5,0.0,-5.351317214184054e-05,0.0007228498647368808
2015-01-08,4499.524,124.858,176.817,4235.24575,16.35741935483871,2.21,90.11999893188477,-40.52500000000055,-5.32024999999885,0.0196855418890713,1.751319878398922,-0.0074999999999998,-0.0340000000000002,0.2700004577636719,1.5959999084472685,-6.960153123369839e-05,0.9999999999923078,0.018097657745449483,0.000313326834702643,0.07437182171702061,1.874850084632794,-0.0010542411531321294,0.019631277547621905,-0.019942226707966415,0.006067424260000765,-143.25,-1.0,-2.4179339179911107e-05,0.0012308628327636606
2015-01-15,4516.077,106.7106,158.268,4197.849,18.50694877505568,2.024,91.64400024414064,-37.39674999999989,-121.05659999999988,2.149529420216968,2.9662607016611844,-0.1859999999999999,-0.2080000000000001,1.5240013122558622,2.845999145507818,-0.019942226707966415,0.0,0.015873579545454545,-0.024119767119489932,0.01298607863592216,0.624902182609508,0.006026689286525055,0.006067424260000765,0.02496448863636358,0.00878891012442223,175.75,1.0,-0.00021372975215424767,0.0019163632229657777
2015-01-22,4512.936,154.8215,170.152,4251.0984,19.37338747099768,1.888,92.14800109863282,53.249399999999696,-85.77560000000085,0.8664386959420014,0.9125802961097876,-0.1360000000000001,-0.242,0.5040008544921903,3.4840026855468835,0.02496448863636358,0.9999999999923519,0.018120084537296886,-0.0024538605101265265,0.02583878305373899,0.9087297914003545,-0.0023027301073246242,0.00878891012442223,-0.01094827287530753,0.01835185553888114,-79.0,-1.0,0.0002562438416595956,0.0014352381847006705
2015-01-29,4500.064,142.3096,201.192,4187.9625,19.692165450121653,1.855,93.17749977111816,-63.13590000000022,-87.80825000000095,0.318777979123972,3.354431637172013,-0.0329999999999999,-0.3624999999999998,1.029498672485346,3.3275012969970703,-0.01094827287530753,0.4241379310315577,0.020317371352506393,-0.006542543935966538,0.004150691195610179,1.7575414220551098,0.003994707856112001,0.01835185553888114,0.008652397800119171,0.012307366848295972,61.75,1.0,-7.658445764046063e-05,0.001627369971487831
2015-02-05,4500.348,147.2156,167.272,4156.562400000001,18.511359447004608,1.794,94.61399993896484,-31.40009999999893,-78.68334999999934,-1.1808060031170449,2.1539400921658967,-0.0609999999999999,-0.4159999999999999,1.436500167846674,4.494001007080072,0.008652397800119171,0.9999999999905882,0.014760019448496215,0.002122994466293049,0.00685362612770124,1.1036344360933785,-0.005918460483314014,0.012307366848295972,0.01350975897756479,0.011257180570409664,97.25,1.0,6.946970664125547e-05,0.0015027482545857667
2015-02-12,4501.685,120.6954,158.907,4185.8604000000005,19.65609589041096,1.7579999999999998,94.31799926757812,29.29799999999977,-11.988599999999678,1.1447364434063516,1.14914711535528,-0.0360000000000002,-0.2660000000000002,-0.2960006713867074,2.673999023437503,0.01350975897756479,0.9999999999923372,0.01788712606654559,0.036328125000000044,0.01477849641838791,0.9699086905283019,0.0020991746769549735,0.011257180570409664,0.009389027858684784,0.004505040793929471,68.5,1.0,0.00011405564110899454,0.0009141494706605493
2015-02-19,4496.851,123.55875,118.836,4222.082600000001,19.184056603773584,1.982,94.597998046875,36.22220000000016,-29.015799999999217,-0.4720392866373757,-0.1893308672240969,0.2240000000000002,0.094,0.279998779296875,2.4499969482421875,0.009389027858684784,0.9999999999724138,0.0049224293037308615,0.020579981290926197,0.014045233915108923,0.38693622286824764,0.005012447426862243,0.004505040793929471,0.006585870930508886,0.004847412915620127,48.5,1.0,7.818750093946392e-05,0.0004951700950091136
2015-02-26,4486.725,142.99280000000002,68.114,4254.456249999999,18.143736559139786,2.085,94.21499824523926,32.373649999998634,66.49374999999964,-1.0403200446337983,-1.548428890981867,0.1029999999999999,0.2299999999999999,-0.3829998016357478,1.0374984741210938,0.006585870930508886,0.99999999996,0.0033725675356649017,0.03867306547097771,0.021321300633783347,0.42934804974803514,0.000872691885287713,0.004847412915620127,-0.0016525580924757755,0.006967697809487685,-12.25,0.0,5.0147162622063425e-05,0.0005919566880683489
2015-03-05,4487.583,110.621,49.803,4275.618200000001,16.64249370277078,2.034,94.56199951171877,21.161950000001525,119.05580000000008,-1.5012428563690072,-1.8688657442338297,-0.0510000000000001,0.2399999999999997,0.347001266479495,-0.0520004272460852,-0.0016525580924757755,0.2028985507187566,0.004661847172488345,0.028061401680905762,0.030566773429884453,0.6318033045181318,0.0022950637060992207,0.006967697809487685,-0.016046213093709905,0.012815165297600423,-118.75,-1.0,-9.942724952959521e-06,0.0006299894299298279
2015-03-12,4489.279,93.6284,39.431,4327.159,15.752137404580154,2.086,95.68799896240236,51.54079999999885,141.29859999999917,-0.8903562981906248,-3.903958485830806,0.052,0.328,1.1259994506835938,1.369999694824216,-0.016046213093709905,0.21933962263944018,0.014556940295945342,-0.0019189254017749624,0.009391461047962402,1.2779182445640127,-0.002223110145425755,0.012815165297600423,0.013080646822535735,0.009858483256475911,95.25,1.0,-0.0001283255570274394,0.0008051705925981173
2015-03-19,4495.888,110.186,60.686,4356.219600000001,17.19868613138686,2.1580000000000004,98.55600128173828,29.06060000000161,134.13700000000065,1.4465487268067072,-1.9853704723867232,0.0720000000000005,0.1760000000000003,2.868002319335929,3.95800323486327,0.013080646822535735,0.9999999999916492,0.01623288599701776,0.0017313372033811447,0.01983825257482552,0.9398350492555884,0.0036707271989324664,0.009858483256475911,-0.015080656093262812,0.014854705622709583,-111.25,-1.0,0.00011348157168707685,0.0011165079953709017
2015-03-26,4480.603,79.4298,85.907,4325.0160000000005,17.227959697733,2.04,99.43399963378906,-31.203600000000733,70.55975000000126,0.0292735663461378,-0.9157768614067868,-0.1180000000000003,-0.0449999999999999,0.8779983520507812,5.219001388549799,-0.015080656093262812,0.0,0.018786773560884974,-0.01983069710970964,0.01141465112232476,1.368545243280464,-0.0022626331761915752,0.014854705622709583,-0.0004817121425867432,0.010346908516088963,-3.5,0.0,-0.00012293771446779124,0.0010129951286508886
2015-04-02,4481.799,83.25450000000001,75.467,4315.2662,16.22289603960396,1.934,97.31000213623048,-9.749800000000503,39.64799999999923,-1.005063658129039,-0.4195976631668188,-0.1060000000000001,-0.0999999999999998,-2.123997497558591,2.748002624511713,-0.0004817121425867432,0.0,0.008984818754518228,-0.0186811701912033,0.010997807399157677,1.026409849188458,-0.00480986480833534,0.010346908516088963,0.012668250197941378,0.00662095243773665,92.0,1.0,-1.557954508171755e-05,0.0012460111607134434
2015-04-09,4483.419,107.19025,55.206,4323.0775,16.105980392156862,1.928,97.852001953125,7.811300000000301,-4.081499999999323,-0.1169156474470973,0.3538429875767086,-0.0059999999999997,-0.1579999999999997,0.5419998168945312,2.1640029907226506,0.012668250197941378,0.9999999999891304,0.012509773260359656,0.009956397843924991,0.04463778409090913,0.6538045674507063,0.0023842149383919153,0.00662095243773665,0.0021756127409320314,0.0047320173424190695,16.0,0.0,0.00011123857217909835,0.0010560081509731665
2015-04-16,4485.366,80.9614,50.447,4321.02275,15.995491329479773,1.91,98.04250144958496,-2.05475000000024,-35.19685000000118,-0.1104890626770913,-1.20319480190709,-0.018,-0.2480000000000002,0.1904994964599637,-0.5134998321533146,0.0021756127409320314,0.7291666666362847,0.003256334588378956,-0.0009150061000406939,0.02141149568651901,0.48341472864856533,-0.0036411589507789888,0.0047320173424190695,0.008988840270004461,0.01439972931590898,66.25,1.0,1.4388033785867985e-05,0.0006659908643906573
2015-04-23,4489.695,111.548,150.028,4353.9576,15.593897058823533,1.922,98.6779998779297,32.93484999999964,28.9415999999992,-0.4015942706562398,-1.6340626389094677,0.0119999999999997,-0.1180000000000001,0.6354984283447322,-0.7559997558593636,0.008988840270004461,0.9999999999924529,0.01781752168358771,0.023500670956198677,0.042000910778715816,1.5222685353748369,0.006579201715787519,0.01439972931590898,-0.00985006387413434,0.013214860836701925,-73.25,-1.0,9.765065707170358e-05,0.0010413187432703557
2015-04-30,4471.499,93.2318,219.702,4228.119,15.1456157635468,1.928,97.74799957275393,-125.83860000000004,-87.14720000000034,-0.4482812952767325,-1.0772802760571611,0.0060000000000002,-0.0059999999999997,-0.9300003051757812,0.437997436523446,-0.00985006387413434,0.0,0.016432960988693852,0.013907535543392191,0.022886712509550655,1.385930043839659,0.0009191668950964127,0.013214860836701925,-0.0007809051709503079,0.015450080780691527,-5.75,0.0,-9.394509463498679e-05,0.0008130482046910482
2015-05-07,4472.703,90.1824,227.506,4158.5652,14.895147783251232,1.996,95.89999847412108,-69.55379999999968,-164.51230000000032,-0.250467980295566,-1.2108326089056298,0.0679999999999998,0.0679999999999998,-1.848001098632821,-1.9520034790039065,-0.0007809051709503079,0.2850241545866181,0.014067278287461774,0.000441921338001805,0.008463831682828937,1.5630738916972506,-0.0028221182347140106,0.015450080780691527,0.01192660550458724,0.011185584714201745,87.75,1.0,-1.4875617276681001e-06,0.0009979690689287698
2015-05-14,4501.188,82.767,216.211,4155.0146,15.048513853904282,2.18,94.93200073242188,-3.5505999999995765,-166.00814999999966,0.1533660706530497,-0.9469774755754888,0.1840000000000001,0.27,-0.9679977416992216,-3.110500717163092,0.01192660550458724,0.9999999999856115,0.009334810785400088,0.010176045588684346,0.010999083409715782,1.0712998733142305,-0.0009747428318178653,0.011185584714201745,0.005171082233638824,0.0038017825659527856,38.5,1.0,9.216993909878234e-05,0.0008821483865559342
2015-05-21,4480.384,127.9708,181.641,4202.21,15.807978723404256,2.244,94.26200103759766,47.19539999999961,-151.7475999999997,0.7594648694999737,0.2140816645807248,0.0639999999999996,0.3219999999999998,-0.6699996948242131,-4.415998840332037,0.005171082233638824,0.9999999999750001,0.00534491398029063,0.006353795468298173,0.009578091801288213,0.36718017480431675,0.001148864267731975,0.0038017825659527856,0.0018707198931016134,0.013700131932923172,14.0,0.0,4.744001135380538e-05,0.0007164760924063637
2015-05-28,4463.981,120.255,175.577,4170.7722,15.01470167064439,2.218,94.66199951171876,-31.437799999999697,-57.34679999999935,-0.7932770527598656,-0.1309140929024081,-0.0259999999999998,0.2899999999999998,0.3999984741210909,-3.0860000610351648,0.0018707198931016134,0.999999999984127,0.008402520756226868,0.018266390520490283,0.013141003986217203,1.2551616876058864,0.004255305928965836,0.013700131932923172,-0.006168517221833203,0.007615612499232065,-46.25,-1.0,1.1617950984168223e-05,0.000771745553819177
2015-06-04,4465.36,114.4512,185.794,4168.148999999999,14.567936962750716,2.155,96.91250228881836,-2.6232000000009066,9.583799999999428,-0.4467647078936743,-0.3272108205005164,-0.0629999999999997,0.1590000000000002,2.250502777099612,1.0125038146972685,-0.006168517221833203,0.0,0.004160236194054888,0.012776078831124638,0.02331170391732762,0.7265601251765135,0.002532123374782147,0.007615612499232065,-0.0008052070053009563,0.011615599904527265,-6.0,0.0,-5.700802774721847e-05,0.0012258665920144953
2015-06-11,4468.005,82.8578,178.468,4165.114799999999,14.652901554404146,2.254,96.21399993896485,-3.0342000000000557,10.10019999999895,0.0849645916534296,-0.3956122995001365,0.0989999999999997,0.0739999999999998,-0.6985023498535128,1.2819992065429773,-0.0008052070053009563,0.9999999999830509,0.007924249546706064,3.357845606255516e-05,0.009285617459672046,1.0929074903205773,-0.00475968231394297,0.011615599904527265,0.008730105432811719,0.012453038443676923,65.0,1.0,-1.0264913464413938e-05,0.0008766906884821827
2015-06-18,4487.817,112.4404,207.648,4206.6792000000005,14.569872448979591,2.422,95.28200073242188,41.56440000000112,4.469200000000456,-0.0830291054245524,-1.2381062744246627,0.1679999999999997,0.1779999999999999,-0.9319992065429688,1.0199996948242216,0.008730105432811719,0.9999999999902676,0.013680846814459757,0.0035744112243194515,0.03368544197089074,1.1941895530867122,0.00027588312519322145,0.012453038443676923,-0.002862658944144836,0.007779428138356651,-21.5,0.0,8.169192007822512e-05,0.0010114055974513212
2015-06-25,4495.055,142.711,239.498,4167.7286,15.349202898550724,2.348,94.6240005493164,-38.95060000000103,-3.043600000000879,0.7793304495711304,0.3345012279063333,-0.0739999999999998,0.1299999999999999,-0.6580001831054716,-0.0379989624023409,-0.002862658944144836,0.2289156626450864,0.005541460809186808,-0.0011670167716981705,0.031223105786774008,0.7616385512130424,0.005044362109489553,0.007779428138356651,-0.010749098678061175,0.015921802826887932,-80.5,-1.0,-2.6183889728843372e-05,0.0006833504160686872
2015-07-02,4479.13,118.7356,227.457,4112.8460000000005,14.54545905707196,2.366,94.86000061035156,-54.882599999999,-55.302999999998974,-0.8037438414787648,-0.0224779056787571,0.0180000000000002,0.2109999999999998,0.2360000610351562,-2.052501678466797,-0.010749098678061175,0.4951219512146817,0.01383545926975771,-0.005770650204656835,0.007376686949722933,1.4488671650935188,-0.0010506158664613796,0.015921802826887932,-0.012046973071471956,0.01079364251877793,-89.25,-1.0,-8.322860635333588e-05,0.0012142679554651178
2015-07-09,4481.289,151.16075,182.596,4132.9374,16.197002398081533,2.4,95.63399963378906,20.09139999999934,-32.17739999999958,1.6515433410095746,1.5441008436773878,0.0339999999999998,0.1459999999999999,0.7739990234374972,-0.5800003051757869,-0.012046973071471956,0.0,0.011374116200430372,-0.01695655093680748,-0.006919711000305306,0.9390451290671055,-0.00138082355144864,0.01079364251877793,0.0352836697749086,0.007959451545174816,258.25,1.0,-5.739193651669064e-05,0.001562254743819733
2015-07-16,4493.605,109.7934,176.411,4147.53225,17.547306733167083,2.2775,96.51750183105467,14.594850000000406,-59.14695000000029,1.35030433508555,2.97743428418749,-0.1225,-0.1444999999999998,0.8835021972656278,1.2355010986328097,0.0352836697749086,0.999999999994723,0.025008248102936323,0.008920844151521168,0.01896053250857266,0.7263874060298219,0.005586521877231521,0.007959451545174816,0.002936324645331556,0.01095317587413417,22.25,0.0,0.000254735426230245,0.0008601159776867773
2015-07-23,4500.503,115.5954,194.772,4207.4006,15.593806306306304,2.398,96.86399993896484,59.86834999999974,39.67200000000048,-1.9535004268607776,0.2446034077555818,0.1205000000000002,0.0500000000000002,0.3464981079101505,2.239999389648432,0.002936324645331556,0.05529953916948757,0.007138392710286523,0.014788356255841961,0.03211896920517443,1.0170919304097263,0.009979918782015318,0.01095317587413417,-0.0032566860751997995,0.01230994602765824,-24.75,-1.0,1.5605169740403232e-05,0.001016175453357728
2015-07-30,4485.48,84.05080000000001,196.825,4190.1356,14.33040380047506,2.336,97.58800048828124,-17.265000000000327,77.28959999999915,-1.2634025058312446,-0.2150552565968979,-0.0620000000000002,-0.0300000000000002,0.7240005493164148,2.7279998779296903,-0.0032566860751997995,0.9999999999862542,0.009603960396039604,0.022474185057703933,0.029561671763506547,1.1715464596213798,-0.005269722885015704,0.01230994602765824,-0.009306930693069315,0.011627055333017808,-70.5,-1.0,-3.439767101700297e-05,0.0009981864627736196
2015-08-06,4486.329,99.2402,203.501,4204.6042,14.646605080831408,2.266,97.00999908447264,14.468600000000151,71.66679999999997,0.3162012803563474,-1.550397317250125,-0.0699999999999998,-0.1339999999999999,-0.5780014038085994,1.3759994506835938,-0.009306930693069315,0.0,0.009161169964687854,0.025309970283840633,0.007958094086833789,1.102694442630398,-2.729805172230204e-05,0.011627055333017808,-0.000999400359784075,0.011576178068889725,-7.5,0.0,-6.589999231329338e-05,0.0012002413662256062
2015-08-13,4489.25,77.327,196.323,4183.587799999999,14.024354066985646,2.22,97.71600036621092,-21.01640000000043,36.05554999999913,-0.6222510138457622,-3.522952666181437,-0.0460000000000002,-0.0575000000000001,0.7060012817382812,1.1984985351562472,-0.000999400359784075,0.11764705882140006,0.007369614512471655,-0.010623556581986104,0.0017705027559713482,1.0343179445851067,-0.0013856498769720949,0.011576178068889725,-0.02014138988928904,0.019863422747635896,-151.0,-1.0,-1.771458295915333e-05,0.0013474265671643243
2015-08-20,4487.208,79.3726,177.883,4215.599999999999,14.512718894009218,2.18,96.94400024414062,32.01220000000012,8.199399999999514,0.4883648270235721,-1.0810874122970873,-0.0399999999999995,-0.2179999999999999,-0.7720001220703097,0.0800003051757869,-0.02014138988928904,0.0,0.027021508303838825,-0.03338925622553368,-0.020239405154879764,1.6969023008118942,0.0010941313462321522,0.019863422747635896,-0.005206915328069717,0.05276223450763093,-38.25,-1.0,-0.0001992276098012391,0.0011138713526106666
2015-08-27,4475.105,75.8724,128.581,4229.9524,15.481946308724831,2.154,96.51399993896484,14.35240000000067,39.81680000000051,0.9692274147156148,1.151542508249772,-0.0260000000000002,-0.1819999999999999,-0.4300003051757812,-1.074000549316409,-0.005206915328069717,0.9999999999969207,0.04443912284903014,-0.03528052805280524,-0.019291417835335167,3.4110761316404976,0.009092887433271524,0.05276223450763093,-0.013478840956518745,0.02502904362533792,-98.5,-1.0,-7.049677273128959e-06,0.004236986291610432
2015-09-03,4475.886,89.1064,120.354,4270.651599999999,22.33557692307692,2.108,94.6759994506836,40.69919999999911,66.04739999999947,6.853630614352088,7.688971842245513,-0.0460000000000002,-0.1580000000000003,-1.8380004882812528,-2.3339996337890625,-0.013478840956518745,0.40772532188607885,0.024239692062281097,-0.039343060830168586,-0.03173057551541203,1.5090735484982358,0.003829813370644808,0.02502904362533792,0.009085549814474403,0.021664036111929585,65.5,1.0,-0.00014684040366528354,0.0020317135302142385
2015-09-10,4478.213,66.3335,85.792,4266.4256000000005,26.436030042918457,2.19,95.95,-4.2259999999987485,82.83780000000115,4.100453119841536,12.41167597593281,0.0820000000000003,-0.0299999999999998,1.274000549316412,-1.7660003662109318,0.009085549814474403,0.9665071770242439,0.014364754802570535,-0.029645191409897298,-0.03138938818986747,1.248411259895539,0.007660178199732082,0.021664036111929585,0.011134403244097646,0.009222252583402226,81.0,1.0,0.00014001056572676406,0.0016350049935786822
2015-09-17,4487.809,81.02860000000001,117.411,4326.0875,25.619084668192222,2.1925,95.89500045776369,59.66189999999915,110.48750000000018,-0.8169453747262345,11.106365774183004,0.0024999999999999,0.0124999999999997,-0.0549995422363309,-1.0489997863769531,0.011134403244097646,0.861538461527858,0.011045780511844475,0.0013272529267629452,-0.017792762718654043,0.5277844707610733,-0.0030990249787572477,0.009222252583402226,-0.0168235733949631,0.010532538052070656,-123.75,-1.0,8.920163874163444e-05,0.0014252354753280377
2015-09-24,4497.484,119.1552,153.512,4289.3694000000005,21.363861171366597,2.234,95.2040008544922,-36.71809999999914,59.41700000000037,-4.255223496825629,5.881914862641761,0.0415,0.08,-0.6909996032714787,-1.3099990844726506,-0.0168235733949631,0.0,0.013170630530973452,-0.010365707639150235,-0.023823985962070582,0.6186725480413013,0.006632721713296763,0.010532538052070656,-0.008089048672566324,0.023868200093491564,-58.5,-1.0,-0.00013865077638208192,0.0017542472131650342
2015-10-01,4484.111,112.6876,145.165,4224.8168000000005,21.27945533769063,2.152,95.81799926757812,-64.55259999999998,-45.83479999999872,-0.0844058336759623,-1.0561215853862898,-0.0819999999999998,0.0440000000000004,0.6139984130859375,1.1419998168945398,-0.008089048672566324,0.812612612606756,0.019342022722520388,-0.004958906959808607,-0.019913242477029747,1.317668720345033,-0.007267862057908192,0.023868200093491564,0.021920959085523162,0.01096363708935395,157.25,1.0,-8.492134917571552e-05,0.0018192260669701128
2015-10-08,4486.185,139.30900000000003,83.381,4226.2584,22.7945670995671,2.086,96.14599914550782,1.4415999999991982,-40.167200000000776,1.515111761876469,-3.641462943351357,-0.0660000000000002,-0.104,0.3279998779296846,0.1959991455078125,0.021920959085523162,0.9999999999880239,0.011390376155236503,0.007697859032956389,-0.03256351039260974,0.5970078420400701,-0.014960076459987315,0.01096363708935395,0.009139583262285589,0.013812320708755706,67.0,1.0,0.00020482455062897535,0.0018358017272024055
2015-10-15,4504.704,101.3815,66.439,4263.495,20.236936542669586,2.0620000000000003,95.64400024414064,37.23660000000018,-62.59249999999975,-2.5576305568975144,-5.382148125522637,-0.0239999999999995,-0.1304999999999996,-0.5019989013671875,-0.251000213623044,0.009139583262285589,0.9999999999882697,0.011523774120509615,0.005709818849199522,-0.026579821704661333,0.7424952124913657,0.004185654797012717,0.013812320708755706,0.0190598492784968,0.0224581904280156,141.0,1.0,6.499912029851607e-05,0.0011945447986534202
2015-10-22,4501.372,142.0412,60.403,4336.883499999999,18.12990654205608,2.0525,94.54199981689452,73.38849999999911,47.51409999999851,-2.107030000613509,-3.233954629310517,-0.0095,-0.1814999999999997,-1.1020004272460966,-0.6620010375976619,0.0190598492784968,0.9999999999934854,0.020361465760238767,0.04241565265486735,-0.004785478547854827,1.1547661051896467,0.005651587423030069,0.0224581904280156,0.014458630409550643,0.008380619500713594,109.0,1.0,0.00018885232828717545,0.001403416459850112
2015-10-29,4489.339,147.871,47.1,4298.9278,16.852958057395146,2.048,95.1479995727539,-37.955699999998615,74.11099999999988,-1.276948484660931,-4.426497280295486,-0.0045000000000001,-0.104,0.6059997558593722,-0.6699996948242273,0.014458630409550643,0.8072289156496831,0.008139648916347945,0.06611138217048862,0.019088546871876888,0.43699763476234427,0.002784343027509628,0.008380619500713594,0.004380373312412145,0.008310849731943749,33.5,1.0,0.00013479332345172455,0.0011114499846980423
2015-11-05,4489.702,134.0504,29.795,4294.368,16.453133333333334,2.1,97.18000030517578,-4.559800000000905,68.10959999999977,-0.399824724061812,-6.341433766233767,0.052,0.0140000000000002,2.032000732421878,1.034001159667966,0.004380373312412145,0.7563636363526347,0.008950366151342554,0.04781229751389704,0.024576497265572872,0.43959696669467274,0.00014919723778961114,0.008310849731943749,-0.014320585842148126,0.00736775230856988,-110.0,-1.0,1.1161914884844322e-05,0.0009020146355882596
2015-11-12,4492.012,76.92175,107.125,4325.8566,16.22977011494253,2.22,97.38600006103516,31.488600000000588,62.36160000000018,-0.2233632183908049,-4.007166427727057,0.1199999999999996,0.1579999999999994,0.2059997558593806,1.741999816894534,-0.014320585842148126,0.0,0.015552253590886578,0.023453076949072393,0.030662945820854937,0.41242868401139643,0.006171609887048457,0.00736775230856988,0.00987287436024431,0.018834459236089236,74.75,1.0,-0.00013174746432996235,0.001029442708081806
2015-11-19,4486.721,91.386,133.021,4307.965249999999,16.607653758542142,2.335,99.01800231933592,-17.891350000000784,-28.91824999999972,0.3778836435996133,-1.5222527835139346,0.1150000000000002,0.2824999999999997,1.6320022583007727,4.476002502441403,0.00987287436024431,0.999999999993671,0.020664399686110384,0.014226496435085334,0.04628647668571029,1.252541712395524,-0.005280122022588873,0.018834459236089236,0.002256081611299976,0.005858615775456056,17.25,0.0,8.797386704347e-05,0.001011371319265813
2015-11-26,4477.088,116.6645,163.491,4262.313999999999,18.451888888888888,2.262,99.33999938964844,-45.65124999999989,-36.61380000000099,1.844235130346746,1.5989308314937425,-0.0729999999999999,0.2139999999999999,0.3219970703125057,4.191999816894537,0.002256081611299976,0.4787234042349479,0.0030665840211398557,0.002026739890817586,0.06297465062246421,0.43592655753833787,-0.0011144884965583746,0.005858615775456056,-0.00864515708087299,0.01385514349459662,-66.25,-1.0,3.517817235775177e-05,0.000980387159699069
2015-12-03,4478.069,93.8624,212.756,4196.9325,17.248613861386136,2.245,99.67500114440918,-65.3814999999995,-97.4354999999996,-1.2032750275027515,0.7954805280528028,-0.0169999999999999,0.145,0.3350017547607393,2.4950008392333984,-0.00864515708087299,0.0,0.013854152955113861,-0.010968266883645272,0.044297054881611064,1.0833882516466262,0.0054636825390521615,0.01385514349459662,0.004343819928919412,0.01879695940318375,33.0,1.0,-7.964599564840124e-05,0.0011928740096368673
2015-12-10,4480.436,79.51820000000001,186.624,4171.4506,16.832105263157896,2.218,99.51999969482422,-25.48189999999977,-154.40599999999995,-0.4165085982282406,0.6023351482153672,-0.0270000000000001,-0.0019999999999997,-0.1550014495849581,2.13399963378906,0.004343819928919412,0.28791773778624247,0.012745740498034076,0.007759616972098371,0.037283757604595014,1.3834917866613694,0.005122636128296332,0.01879695940318375,-0.009436435124508535,0.02287706390424387,-72.0,-1.0,3.977294275544448e-05,0.0014071116933906617
2015-12-17,4489.593,95.658,196.343,4214.2938,17.713421052631578,2.242,98.15400085449218,42.84319999999934,-93.67144999999982,0.8813157894736818,1.1057672940894356,0.024,-0.0929999999999999,-1.3659988403320398,-0.8640014648437528,-0.009436435124508535,0.29540918163436797,0.016571844403281293,-0.011509285901124766,0.04507743362831862,1.5652799664347605,-0.0025190539865506123,0.02287706390424387,0.00549087060068798,0.013561421904421118,41.5,1.0,-9.971945287489173e-05,0.001632275512780616
2015-12-24,4496.523,165.8778,267.608,4197.592,19.4617494600432,2.236,98.10599975585936,-16.70179999999982,-64.72199999999975,1.74832840741162,1.0098605711543094,-0.0060000000000002,-0.0260000000000002,-0.0480010986328096,-1.2339996337890682,0.00549087060068798,0.9999999999906103,0.0140140798736759,-0.008318924738198508,0.05938523733184642,0.9858249776914153,-0.0049084230321974065,0.013561421904421118,-0.003059411803408074,0.017872210345326083,-23.25,-1.0,6.531932119301523e-05,0.0010806427905913506
2015-12-31,4486.587,287.9365,290.467,4063.0372,18.68496202531645,2.23,98.34399871826172,-134.5547999999999,-133.89530000000013,-0.7767874347267423,1.4363481639303188,-0.0059999999999997,-0.0150000000000001,0.2379989624023437,-1.3310024261474638,-0.003059411803408074,0.0,0.01356211846229995,-0.0027313413189417046,0.03348907001330015,1.247002747540924,0.003057686944043181,0.017872210345326083,-0.03939943903646259,0.018430052247134524,-298.5,-1.0,-2.5699847659697065e-05,0.0009273802819467552
2016-01-07,4486.606,153.178,333.22,3908.183500000001,18.00509036144578,2.285,98.2299976348877,-154.8536999999992,-263.2670999999996,-0.6798716638706743,1.172985098287885,0.0550000000000001,0.0670000000000001,-0.1140010833740206,-1.2900020599365265,-0.03939943903646259,0.0,0.029576448765071622,-0.0461664482306684,-0.016221148322124956,1.2523015086801639,0.0006552698341899532,0.018430052247134524,-0.004362612071038385,0.02564030513773675,-31.75,-1.0,-0.00035083365498017214,0.002093529199873491
2016-01-14,4501.695,89.27799999999999,302.983,4000.208,20.589458128078817,2.2075,98.91750144958496,92.02449999999908,-214.08579999999984,2.5843677666330365,2.87603707544724,-0.0775000000000001,-0.0344999999999999,0.6875038146972656,0.7635005950927791,-0.004362612071038385,0.5967153284627977,0.01890698316312448,-0.04128076210637732,-0.038832697728403254,1.7113935334409716,0.0031684280266616183,0.02564030513773675,-0.01756141319348603,0.01757493197699966,-127.25,-1.0,-0.00012118374740296761,0.0025349901606805465
2016-01-21,4488.84,94.4555,285.318,4109.433999999999,22.1195464362851,2.12,98.8520004272461,109.22599999999966,-88.15800000000036,1.530088308206281,2.657796976241901,-0.0874999999999999,-0.1159999999999996,-0.0655010223388643,0.7460006713867244,-0.01756141319348603,0.0,0.0020017559262510976,-0.06326074083821309,-0.0691706711124187,1.1159881757937353,0.004382803377473765,0.01757493197699966,0.003301141352063164,0.026821950872490005,23.5,1.0,-6.133049216095522e-05,0.002527766294309612
2016-01-28,4482.349,75.372,341.996,4109.0665,24.40851015801354,2.03,99.04399871826172,-0.3674999999993815,46.02930000000015,2.288963721728443,5.723548132697086,-0.0900000000000003,-0.2000000000000001,0.1919982910156221,0.7000000000000028,0.003301141352063164,0.22199170124297102,0.01687143407189611,-0.057284276522026056,-0.0701708706265256,1.5512172450495167,-0.004981517486267739,0.026821950872490005,0.0002800238020230772,0.023695066137054244,2.0,0.0,1.7177189621768633e-06,0.0020187449348293513
2016-02-04,4483.495,77.9688,350.858,4064.981,23.223747323340472,2.026,99.14000091552734,-44.08550000000014,156.79749999999922,-1.1847628346730694,5.218656961894691,-0.004,-0.2590000000000003,0.0960021972656193,0.9100032806396428,0.0002800238020230772,0.0,0.019001294747524232,-0.01834358146405135,-0.05639755654614498,1.2704097276296469,-0.010950089538935615,0.023695066137054244,-0.027224691185218863,0.01898794724954661,-194.5,-1.0,-2.933521414332616e-05,0.0022787166720720188
2016-02-11,4486.278,45.3198,317.303,4054.6682,22.49384946236559,1.906,98.2480010986328,-10.312799999999696,54.46020000000044,-0.7298978609748836,1.904391334286771,-0.1199999999999998,-0.3015000000000001,-0.8919998168945256,-0.6695003509521484,-0.027224691185218863,0.21864951768207525,0.011187452786071441,-0.04088462600055198,-0.09106068532566047,1.0173401331216516,0.007016954058997049,0.01898794724954661,0.027878700672686163,0.020503995286575115,193.75,1.0,-0.0002245433934526171,0.0027202740924948186
2016-02-18,4483.629,48.41,266.76,4123.6552,24.39888888888889,1.738,96.2239990234375,68.98700000000008,14.221200000000865,1.9050394265233024,2.2793424526037924,-0.1679999999999999,-0.3820000000000001,-2.0240020751953125,-2.6280014038085966,0.027878700672686163,0.7808398950090245,0.026667599916007558,0.0034767339771728523,-0.06782370404201876,1.0311415112337667,-0.011303582121180877,0.020503995286575115,0.012493875551200295,0.014028438667409469,89.25,1.0,0.00025310568753756713,0.0015373736395236641
2016-02-25,4489.796,52.63680000000001,237.95,4168.459,23.76009111617312,1.77,96.64750099182127,44.80379999999968,59.39249999999993,-0.638797772715769,-0.6484190418404197,0.032,-0.2599999999999998,0.423501968383789,-2.3964977264404297,0.012493875551200295,0.9999999999882353,0.011752099823718503,0.012671077041548573,-0.04794655785178359,0.7049751752974845,-0.0014405506783079502,0.014028438667409469,0.010507759842383502,0.02122486119378942,76.0,1.0,0.00010152113583391086,0.0015584378456294464
2016-03-03,4478.485,56.947,237.207,4199.2092,21.83868995633188,1.746,97.24199981689452,30.750200000000405,134.22820000000047,-1.921401159841242,-1.3850573670085922,-0.024,-0.2799999999999998,0.594498825073245,-1.898001098632804,0.010507759842383502,0.8717948717884851,0.018676244227809134,0.023025510025544982,-0.042103538663171736,1.0558833740253124,-0.005660388904584979,0.02122486119378942,-0.0048229861467419255,0.006513768295708537,-35.25,-1.0,9.052094564634889e-05,0.001315776111785835
2016-03-10,4481.083,47.4396,211.443,4184.330999999999,20.22054704595186,1.8,98.0979995727539,-14.878200000001016,129.66279999999915,-1.6181429103800191,-2.273302416413728,0.054,-0.1059999999999998,0.8559997558593722,-0.1500015258789062,-0.0048229861467419255,0.2788461538407914,0.0071492403932082215,0.04658440951113341,-0.037642233395078106,0.34762507913170987,-0.004126884316988599,0.006513768295708537,0.016223276276895682,0.008527288461250157,118.0,1.0,-1.7110926151434662e-07,0.001628936300761813
2016-03-17,4486.333,40.361,235.634,4222.2004,19.363073496659243,1.89,96.9719985961914,37.869400000000496,98.54519999999955,-0.8574735492926173,-5.035815392229647,0.0899999999999998,0.1519999999999999,-1.1260009765624943,0.7479995727539119,0.016223276276895682,0.9999999999800996,0.006798349455455591,0.03471687548120661,-0.027370221725113497,0.46550396571652397,-0.00447530069593749,0.008527288461250157,0.0005749847798146579,0.007253064859001612,4.25,0.0,0.00011031661252001169,0.0008795816275294428
2016-03-24,4492.857,65.433,296.956,4210.338,18.743825503355705,1.954,96.01399993896484,-11.86239999999998,41.87899999999991,-0.6192479933035386,-5.016265612817417,0.064,0.1839999999999999,-0.9579986572265682,-0.6335010528564453,0.0005749847798146579,0.06289308175942408,0.005374708447419126,0.02253637966195421,-0.023824451410658254,0.41604246346584817,0.001257445538321078,0.007253064859001612,0.010681810499273192,0.010796916131485737,79.0,1.0,3.868540575459374e-06,0.0009313715670931291
2016-03-31,4482.84,150.30475,284.66,4130.468,17.416611764705884,1.906,95.6240005493164,-79.86999999999989,-68.74120000000039,-1.3272137386498208,-4.422078191625996,-0.048,0.1599999999999999,-0.3899993896484375,-1.6179992675781278,0.010681810499273192,0.937837837827699,0.01237499581925817,0.022712502137848478,0.027068805606128343,0.6427739034153628,0.0017062007431756232,0.010796916131485737,-0.0008027024315194753,0.016973112735148423,-6.0,0.0,8.089266358840159e-05,0.000899285613115014
2016-04-07,4484.069,52.1398,264.323,4047.87525,16.49728179551122,1.8275,95.13249969482422,-82.5927499999998,-136.45574999999917,-0.9193299691946636,-3.72326525044064,-0.0784999999999997,0.0275,-0.4915008544921875,-2.9654998779296875,-0.0008027024315194753,0.011450381679214498,0.008769874476987448,0.02684402282257503,0.030741098537123923,1.0558628097194993,0.005579041911934368,0.016973112735148423,0.010175732217573286,0.009363879658126488,76.0,1.0,2.9040991089174965e-05,0.0010529062895262469
2016-04-14,4499.729,19.4662,239.635,4167.6062,16.175064655172413,1.752,94.53400115966797,119.73095000000012,-54.594199999999546,-0.3222171403388074,-3.1880088414868304,-0.0755000000000001,-0.1379999999999999,-0.5984985351562528,-2.437997436523446,0.010175732217573286,0.9844155844053567,0.012757215282149839,0.020733274707434246,0.05984196663740127,0.6084053264130401,-0.00597841336436522,0.009363879658126488,-0.006428311077239179,0.005876929724981095,-48.5,-1.0,7.391961317800313e-05,0.0010077852468215072
2016-04-21,4490.131,34.1322,268.785,4240.6278,18.072622222222225,1.762,94.35799865722656,73.02160000000003,30.28980000000047,1.8975575670498088,-0.6712032811334829,0.01,-0.1919999999999999,-0.1760025024414062,-1.656001281738284,-0.006428311077239179,0.0,0.0065032516258129065,0.01358888550856907,0.04956421295810154,0.4306882109562075,-0.008822488437898013,0.005876929724981095,-0.01544105386026351,0.005510504532916961,-115.75,-1.0,-5.997814867971651e-05,0.0011634642354907657
2016-04-28,4474.665,25.9506,346.166,4187.2138,16.60708695652174,1.812,94.4519989013672,-53.41399999999976,56.7458000000006,-1.4655352657004812,-0.8095248081841433,0.05,-0.0939999999999998,0.0940002441406306,-1.172001647949216,-0.01544105386026351,0.0,0.012228168823250457,-0.012609117361784716,0.03306855163243161,0.45428505982528045,-0.011523981155572627,0.005510504532916961,-0.011076485332972008,0.010212029792860839,-81.75,-1.0,-0.00013564830606225555,0.0014546278637615935
2016-05-05,4477.27,41.771,336.357,4102.5484,16.18121412803532,1.89,94.53600006103515,-84.66540000000077,54.67314999999962,-0.425872828486419,-0.3160676674758989,0.0779999999999998,0.0624999999999997,0.084001159667963,-0.5964996337890653,-0.011076485332972008,0.0,0.00941942113375578,-0.02276150627615059,0.050217633727831945,0.8958917004316567,-0.00014228237881896977,0.010212029792860839,0.004726836787121158,0.011470528126556363,34.5,1.0,-0.00010103279374056885,0.0010421368713391997
2016-05-12,4478.411,29.7886,315.369,4099.142000000001,16.67150442477876,1.814,93.12200012207032,-3.406399999998939,-68.46419999999944,0.4902902967434386,0.4964397696063471,-0.0759999999999998,0.062,-1.4139999389648352,-1.4120010375976475,0.004726836787121158,0.10196078431212612,0.008693280605461425,-0.028032737996620205,0.026562609365157197,1.0774552871206966,-0.000994652739643831,0.011470528126556363,-0.0023863907544403595,0.011959962612937977,-17.5,0.0,3.4153189110346275e-05,0.0010603673981306376
2016-05-19,4473.741,37.1078,295.339,4133.2534000000005,17.531832229580573,1.762,94.05800018310546,34.111399999999776,-107.3743999999997,0.8603278048018126,-0.5407899926416491,-0.052,0.0,0.9360000610351448,-0.2999984741210966,-0.0023863907544403595,0.0,0.007928100331476609,-0.024078706019676543,0.011475579827866289,1.1419183745471986,0.005327426620933329,0.011959962612937977,0.02392099237945522,0.011574646620341961,175.0,1.0,1.8013035362172427e-05,0.0010276378545307793
2016-05-26,4461.111,64.119,268.619,4141.2942,17.826158940397352,1.7879999999999998,94.82000122070312,8.040799999999763,-45.91960000000017,0.2943267108167795,1.2190719838756117,0.0259999999999998,-0.0240000000000002,0.7620010375976562,0.368002319335929,0.02392099237945522,0.9999999999928444,0.018656342822814805,0.014938012329787975,0.024901658970412077,1.1970405013410046,0.004097845940819411,0.011574646620341961,0.005339919233721568,0.0026733208099200398,40.0,1.0,0.000187588366470241,0.0008657868746023179
2016-06-02,4461.393,66.8145,267.948,4128.3730000000005,16.797704194260486,1.85,95.3259994506836,-12.921199999999772,25.824600000000828,-1.028454746136866,0.6164900662251647,0.0620000000000002,-0.0399999999999998,0.5059982299804773,0.7899993896484432,0.005339919233721568,0.9999999999550562,0.0029545529993692528,0.031786264771364925,0.03536811713755417,0.2859365827151001,4.0450078997444905e-06,0.0026733208099200398,-0.002688975201673105,0.004531016870486219,-20.25,0.0,4.067448724152421e-05,0.0006785533041995318
2016-06-09,4463.542,48.8642,236.351,4126.630499999999,15.38766826923077,1.8375,95.60749816894533,-1.7425000000012003,27.488499999998567,-1.4100359250297156,-1.2838361555479896,-0.0124999999999999,0.0235,0.2814987182617159,2.4854980468749943,-0.002688975201673105,0.18181818180716253,0.00219692430597164,0.02417072921283192,0.0160995738348102,0.5025347187539708,-0.00666964054145136,0.004531016870486219,-0.011517209240396786,0.0072811901366385216,-86.5,-1.0,-2.404631259604401e-05,0.0006715313216006571
2016-06-16,4472.817,36.973,231.257,4178.326800000001,15.522886836027713,1.7100000000000002,93.88999938964844,51.69630000000143,45.07340000000022,0.1352185667969418,-2.0089453935528603,-0.1274999999999999,-0.0519999999999998,-1.717498779296875,-0.1680007934570255,-0.011517209240396786,0.21428571428163268,0.0070716594827586205,0.014796842429005919,0.003819761349423745,0.8073463479486942,-0.0007553853944607392,0.0072811901366385216,0.006162446120689724,0.013954462350982137,45.75,1.0,-8.60297632972689e-05,0.0011168901756021163
2016-06-23,4482.009,78.96079999999999,316.838,4204.587,20.16059957173448,1.61,94.61600036621094,26.260199999999717,63.29280000000017,4.637712735706764,2.334440631337124,-0.1,-0.1779999999999997,0.7260009765625028,-0.2040008544921789,0.006162446120689724,0.9999999999902912,0.013788948759998662,-0.00280345759770384,-0.0006689186929328406,1.5034222197274216,-0.007293036272668418,0.013954462350982137,-0.007429967535727444,0.038906665801130724,-55.5,-1.0,-0.00022338267738464257,0.0019396607464105531
2016-06-30,4466.482,151.0508,337.093,4086.2102,18.678980477223423,1.686,93.81799926757812,-118.37680000000046,-42.16280000000052,-1.48161909451105,1.88127628296294,0.0759999999999998,-0.1640000000000001,-0.7980010986328097,-1.508000183105466,-0.007429967535727444,0.9999999999956333,0.03088646862460802,-0.01546990671579851,-0.007297071129707122,3.502077858427376,-0.0015919261044656796,0.038906665801130724,0.006103112250058995,0.008614663609340947,45.25,1.0,0.0002001270938652351,0.0017167143746541526
2016-07-07,4470.605,96.1195,303.297,3978.3382,19.987982832618027,1.496,96.02999877929688,-107.87199999999984,-148.29229999999916,1.3090023553946004,4.600314563387256,-0.1899999999999999,-0.3415000000000001,2.2119995117187443,0.4225006103515625,0.006103112250058995,0.9999999999792747,0.006468261947851732,-0.006790493309366874,-0.011299247821332736,0.7798079818763988,0.005440107893173174,0.008614663609340947,0.018466385146457487,0.007888065557630804,137.75,1.0,5.228624252013009e-05,0.00100756329923647
2016-07-14,4472.202,54.1494,316.064,4071.1885,16.733995381062353,1.4025,96.05249977111816,92.8502999999996,-107.13830000000098,-3.2539874515556733,1.2111085450346408,-0.0935000000000001,-0.3075000000000003,0.022500991821289,2.1625003814697266,0.018466385146457487,0.9999999999862542,0.009575833360755537,0.023336476293103425,0.01347340336835079,0.7033649637393171,-0.006237826874365915,0.007888065557630804,0.006350982263318983,0.007461612635556517,48.25,1.0,0.00016314489241866706,0.0007639101423701366
2016-07-21,4480.973,70.8266,329.15,4101.9886,16.411128668171557,1.468,96.32200164794922,30.80009999999993,-102.59840000000077,-0.3228667128907965,-3.7494709035629192,0.0655000000000001,-0.1420000000000001,0.2695018768310575,1.7060012817382812,0.006350982263318983,0.8280701754269744,0.009319207376888365,0.023528230529803462,0.03590542646162187,0.6558306242251927,0.0060738716037955776,0.007461612635556517,0.010659865280230107,0.005102627041069686,81.5,1.0,5.758365819559627e-05,0.0007477355641298635
2016-07-28,4464.498,55.3418,325.499,4080.9964,15.794977477477476,1.582,96.87799987792968,-20.99220000000014,-5.213800000000447,-0.6161511906940795,-2.884002999745949,0.1140000000000001,-0.1039999999999998,0.5559982299804602,3.060000610351551,0.010659865280230107,0.9999999999848485,0.008541477934515335,0.04218228411504876,0.058674430553177004,0.4659268089317493,0.008166560265916667,0.005102627041069686,0.003105991976187328,0.005774666995400268,24.0,1.0,9.277946966743377e-05,0.0008367113055810176
2016-08-04,4466.793,76.4604,298.813,4083.6572,15.120307692307692,1.552,97.14200134277344,2.6608000000001084,105.3189999999995,-0.6746697851697849,-4.867675140310334,-0.03,0.056,0.2640014648437585,1.1120025634765651,0.003105991976187328,0.9752066115380097,0.0039027222293897563,0.039077686171995474,0.056966556438141414,0.5511804402442528,0.005132521084514563,0.005774666995400268,0.007257128112501565,0.005624895148356662,56.25,1.0,3.816909490848105e-05,0.000770791339757779
2016-08-11,4468.929,68.812,259.832,4091.5196,13.890957683741648,1.516,95.5239990234375,7.86239999999998,20.33109999999988,-1.229350008566044,-2.843037697320705,-0.036,0.1135000000000001,-1.6180023193359432,-0.5285007476806669,0.007257128112501565,0.9999999999518072,0.0026577860322136476,0.027641580835170654,0.06718381574001309,0.5653737048241891,-0.001050052984046257,0.005624895148356662,0.0010887316276537717,0.004483994914462932,8.5,0.0,5.459298815108625e-05,0.0005936501094245079
2016-08-18,4466.476,69.4102,260.81,4140.285,14.109058295964129,1.56,96.05600128173828,48.76540000000023,38.296400000000176,0.2181006122224786,-2.30207037220743,0.044,0.092,0.5320022583007784,-0.266000366210946,0.0010887316276537717,0.4123711340036136,0.003102709272942456,0.02226800078477531,0.04338684377398794,0.47915662777164036,0.0004479407085764553,0.004483994914462932,-0.003358602821226353,0.004229909354880411,-26.25,-1.0,4.906150996492295e-06,0.0005996352327377604
2016-08-25,4473.84,101.4826,254.376,4136.255799999999,14.928564920273349,1.544,95.0040008544922,-4.029200000000856,55.25939999999946,0.8195066243092217,-0.8664125572041286,-0.016,-0.038,-1.0520004272460852,-1.8739990234374917,-0.003358602821226353,0.0,0.004461133577251428,0.008088520771321273,0.0343591275769346,0.4458254836280796,0.0003007147160529744,0.004229909354880411,-0.0006097952371783011,0.002797449335665688,-4.75,0.0,-2.2612633688083282e-05,0.0006604300345246869
2016-09-01,4457.907,103.932,274.195,4117.9814,14.837639198218264,1.564,94.6259994506836,-18.27439999999933,34.32420000000002,-0.0909257220550845,-0.2826684940894282,0.02,0.012,-0.3780014038085966,-2.5160018920898466,-0.0006097952371783011,0.19230769229783037,0.00250489739554899,0.004354276867500895,0.03651554490380127,0.2994053807018435,0.0016856780894216605,0.002797449335665688,0.0023764411188542667,0.007994143596779732,18.5,0.0,-9.479385877723655e-06,0.0007555086122680029
2016-09-08,4459.394,82.184,236.154,4079.78,14.758072562358278,1.582,95.7740005493164,-38.20139999999947,-11.739599999999427,-0.0795666358599866,0.8671148786166292,0.018,0.066,1.1480010986328182,0.2500015258789148,0.0023764411188542667,0.02238805970082424,0.004293083010284177,-0.0005123442953665069,0.051084321120689724,0.8501909037377596,-0.0013967965030856622,0.007994143596779732,0.0036523243520327764,0.025671856451474264,28.5,1.0,2.557609468957913e-05,0.0005811907332635605
2016-09-15,4481.635,73.6856,243.082,4141.0560000000005,13.64673860911271,1.5750000000000002,95.17249870300292,61.276000000000295,0.7710000000006403,-1.111333953245568,-0.4623196868514174,-0.0069999999999998,0.0150000000000001,-0.6015018463134822,-0.8835025787353459,0.0036523243520327764,0.9999999999931508,0.018642065949500432,0.0020471483862714024,0.04846213059339344,2.473391537211789,0.015479591244853874,0.025671856451474264,0.009257190283142425,0.008241986541019418,72.5,1.0,1.762971636008108e-05,0.0011630882769017783
2016-09-22,4473.032,150.794,340.448,4164.8674,17.157705627705628,1.698,95.33799896240234,23.811399999999598,28.61160000000109,3.5109670185929183,2.229140707432279,0.1229999999999997,0.1539999999999999,0.1655002593994083,0.3339981079101477,0.009257190283142425,0.9999999999891304,0.011639307967232818,0.014731369150779994,0.06608895033213069,1.05344752354577,-0.001969382364844119,0.008241986541019418,-0.005313597115475854,0.010039707330977895,-42.0,-1.0,8.575395241366244e-05,0.0008343474416363231
2016-09-29,4452.002,231.7236,351.7,3981.79,16.804273127753305,1.6759999999999995,95.81599884033204,-183.07739999999967,-136.19139999999925,-0.3534324999523228,1.9666339295350408,-0.0220000000000002,0.1119999999999996,0.4779998779296903,1.1899993896484349,-0.005313597115475854,0.549295774637572,0.006772870361537728,0.009955361443848565,0.05399155439372616,1.2640366330970552,0.0019347742947453117,0.010039707330977895,0.0035295239912238596,0.004187121243270588,27.75,1.0,-6.447262813580806e-05,0.0008993925049349931
2016-10-06,4459.407,315.0072,347.76,3868.5784,15.671425485961125,1.58,95.44000091552736,-113.21160000000008,-211.20159999999987,-1.132847641792182,0.9133529236028456,-0.0959999999999996,-0.002,-0.375997924804679,-0.3339996337890625,0.0035295239912238596,0.9062499999433594,0.0020278833967046894,0.011117162720661211,0.0385336799499818,0.5484714665471946,0.000572037854440044,0.004187121243270588,-0.009632446134347328,0.010072101511880713,-76.0,-1.0,3.952278363989071e-05,0.0007280012926977099
2016-10-13,4457.698,199.31325,356.185,3796.6398,15.431198156682028,1.6780000000000002,96.0240005493164,-71.9386000000004,-344.4162000000006,-0.2402273292790955,1.784459547569318,0.098,0.1029999999999999,0.5839996337890625,0.8515018463134822,-0.009632446134347328,0.0,0.012445610442794984,-0.002266415552079626,0.022039107972009697,1.2827916444958607,0.0015175722954352544,0.010072101511880713,0.006110826721269502,0.002748405687270199,47.75,1.0,-6.992483013074526e-05,0.0009231474631989348
2016-10-20,4467.382,159.3708,391.988,3902.19975,16.00314732142857,1.76,97.42749786376952,105.5599500000003,-262.66764999999987,0.5719491647465436,-1.1545583062770568,0.0819999999999998,0.062,1.403497314453119,2.089498901367193,0.006110826721269502,0.9999999999753088,0.005151524787738099,-0.005376854223993366,0.017438850782968807,0.3590096745578587,0.0021037444363007918,0.002748405687270199,-0.004674531751836408,0.011693838438278266,-36.75,-1.0,4.503464385235629e-05,0.0008705854459160915
2016-10-27,4454.326,146.68800000000002,429.027,3916.0232,16.634291938997823,1.768,98.0,13.823449999999866,-65.76680000000033,0.6311446175692517,-0.1699811887554823,0.008,0.0920000000000003,0.5725021362304688,2.184001159667972,-0.004674531751836408,0.0,0.012236421725239617,-0.00473782950173296,0.009547155205779978,1.4350408910584191,0.0003375343331830649,0.011693838438278266,-0.01693290734824282,0.005688604392186759,-132.5,-1.0,-2.6547919744815528e-05,0.0008158473166200663
2016-11-03,4453.087,168.2892,417.665,3878.611,15.429358407079643,1.784,98.7219985961914,-37.41220000000021,10.032599999999547,-1.2049335319181775,-0.2420670788814778,0.016,0.2039999999999999,0.7219985961914119,3.2819976806640625,-0.01693290734824282,0.0,0.01709457263568411,-0.025031685678073456,-0.01469787697332603,0.6976378892799382,-0.0020075342139144192,0.005688604392186759,0.009002274943126443,0.020532025700551886,69.25,1.0,-0.00015408444233565635,0.0010337500485462143
2016-11-10,4455.087,124.6826,376.217,3867.1328,17.631831896551724,1.832,97.81199951171877,-11.47819999999956,70.4930000000004,2.2024734894720783,2.200633739869696,0.048,0.1539999999999999,-0.9099990844726592,1.787998962402341,0.009002274943126443,0.5284178187371527,0.0209682094888395,-0.006686716150499095,-0.00690912580366565,2.163217510763096,-0.02272120990535842,0.020532025700551886,0.01091892936515615,0.013615113510129171,84.75,1.0,4.619826635246347e-05,0.003095249249084646
2016-11-17,4453.633,98.034,400.625,3954.1874,17.05461373390558,1.944,98.0,87.05459999999994,51.98765000000003,-0.5772181626461439,1.0514664124770086,0.1119999999999996,0.1839999999999997,0.1880004882812471,0.5725021362304688,0.01091892936515615,0.9999999999925374,0.017077677945580832,-0.0019397716793334574,0.007317542846138947,1.3252615412161999,0.004677534229772906,0.013615113510129171,0.002676352513859781,0.009630920447634592,21.0,0.0,0.00013058222616321797,0.0012606449505697642
2016-11-24,4465.782,124.76775,399.665,3954.974,15.75074074074074,2.2425,100.4000015258789,0.7865999999999076,38.95080000000007,-1.3038729931648394,-0.8835511982570825,0.2985000000000004,0.4745000000000001,2.4000015258789062,2.4000015258789062,0.002676352513859781,0.6188679245189604,0.008420718144264379,0.005431309904153414,0.010629756896496367,0.8882166754394141,-0.0033438974177282255,0.009630920447634592,-0.014362885287575455,0.012618597476851989,-113.0,-1.0,3.4328805009044295e-05,0.000692191005176995
2016-12-01,4446.307,154.84160000000003,409.36,3941.34925,14.55700956937799,2.335,101.25,-13.624749999999947,62.738250000000335,-1.1937311713627494,-0.8723488377016544,0.0924999999999998,0.5509999999999999,0.8499984741210938,2.528001403808588,-0.014362885287575455,0.0,0.017860597072667482,0.008059798505037463,-0.006247396917950843,1.1238151735157036,-0.011189433478707933,0.012618597476851989,0.0163131085176349,0.006552668042050659,126.5,1.0,-0.00014870509519237973,0.0009516442816359615
2016-12-08,4448.618,178.785,343.355,3882.1054,14.445972540045767,2.3600000000000003,101.25800018310548,-59.24385000000029,14.972599999999602,-0.1110370293322233,-3.185859356505956,0.0250000000000003,0.5280000000000002,0.0080001831054659,3.446000671386713,0.0163131085176349,0.9999999999919679,0.015797487628473543,0.01536380326601594,0.006288505123376087,0.680083679245296,-0.003970682641178946,0.006552668042050659,0.008913843420885748,0.010890701926209093,70.25,1.0,0.00015150699257598303,0.0009291411743666501
2016-12-15,4470.973,196.5612,324.525,3926.478000000001,13.742371364653245,2.384,100.53999938964844,44.3726000000006,-27.70939999999973,-0.7036011753925226,-3.312242369252335,0.0239999999999995,0.4400000000000001,-0.7180007934570227,2.539999389648443,0.008913843420885748,0.9614035087584364,0.008960855211444742,0.013349901229847694,0.005946168200651636,1.105002433486298,0.003386518824291196,0.010890701926209093,0.0002200911806320427,0.005260292687878643,1.75,0.0,8.090475714289138e-05,0.0009671580139807362
2016-12-22,4469.089,269.68,388.497,3949.8868,14.474666666666666,2.516,101.73799896240234,23.40879999999925,-5.087200000000394,0.7322953020134211,-1.2760740740740744,0.1320000000000001,0.2734999999999998,1.1979995727539006,1.3379974365234375,0.0002200911806320427,0.5155279502977509,0.005060983276750912,0.010867492850333615,0.011542497376705096,0.5562013811269689,0.00013143083840305714,0.005260292687878643,-0.0022632968691059796,0.006768465047773458,-18.0,0.0,-3.948151184170974e-06,0.0005534669547974967
2016-12-29,4451.451,311.272,380.679,3810.912,14.464757505773672,2.562,103.097998046875,-138.97479999999996,-130.4372500000004,-0.0099091608929935,-0.0922520636043184,0.0459999999999998,0.2269999999999998,1.359999084472662,1.8479980468750057,-0.0022632968691059796,0.0,0.005387523629489603,0.023276807015281342,0.005703422053231932,0.6997533091511237,0.002612589655716757,0.006768465047773458,0.005482041587901776,0.012449133517052064,43.5,1.0,2.029386792387984e-06,0.0008057021301705859
2017-01-05,4453.101,313.87225,387.989,3759.5,14.352735294117648,2.53,102.99250030517578,-51.41199999999981,-122.60539999999992,-0.1120222116560238,-0.093237245928119,-0.032,0.1699999999999994,-0.1054977416992244,1.7345001220703151,0.005482041587901776,0.9999999999897958,0.012283010590963213,0.012371526456033566,0.021051958024059347,1.2612170320329812,-0.0013776466080892558,0.012449133517052064,0.009118255311148626,0.005389367225744073,72.75,1.0,3.729436988604622e-05,0.0009570637103548811
2017-01-12,4452.509,176.3856,372.492,3751.2397499999993,13.863809523809524,2.4325,102.45499801635742,-8.260250000000724,-175.23825000000124,-0.4889257703081249,0.1214381591562787,-0.0974999999999997,0.0485000000000002,-0.5375022888183594,1.9149986267089787,0.009118255311148626,0.7235294117476817,0.00527868343424934,0.012576638893255776,0.024104048080898055,0.5340866443163803,0.009383695056326524,0.005389367225744073,0.0023288309268747476,0.005681974196655425,18.75,0.0,8.479602422770007e-05,0.0006469182669317755
2017-01-19,4460.758,113.4385,366.09,3903.6314,13.82367205542725,2.384,101.85800018310547,152.39165000000094,-46.255399999999554,-0.040137468382273,-0.6509946112394154,-0.0485000000000002,-0.1320000000000001,-0.5969978332519474,0.1200012207031306,0.0023288309268747476,0.6309523809223356,0.0026022304832713753,0.014711429649189034,0.03130990415335466,0.5925004852255054,0.0030368581859242516,0.005681974196655425,0.0116790582403965,0.0059678981021180424,94.25,1.0,2.6159493906913938e-05,0.0006382012188851846
2017-01-26,4452.838,123.6648,390.842,3981.2295,14.214468085106384,2.405,100.89750099182127,77.59809999999925,170.31749999999963,0.3907960296791337,-0.2502894206672881,0.0210000000000003,-0.1569999999999995,-0.9604991912841854,-2.2004970550537166,0.0116790582403965,0.9999999999888268,0.010962427657163855,0.02889098928796474,0.061325966850828806,0.6208091334870667,0.00016546334180467248,0.0059678981021180424,-0.002051627522430155,0.007909137789068396,-16.75,0.0,9.142679360870798e-05,0.0005836795592934771
2017-02-02,4453.881,127.0596,374.841,3938.3312,13.282286995515694,2.48,100.33199920654296,-42.89829999999938,178.83120000000008,-0.9321810895906903,-1.0704482986019546,0.0749999999999997,-0.0499999999999998,-0.5655017852783146,-2.660501098632807,-0.002051627522430155,0.36683417084689784,0.006106167536054004,0.021181926427273234,0.049698843688601224,0.9238363546780124,0.004427665008871817,0.007909137789068396,0.009972384166922366,0.002272337203716592,81.25,1.0,-2.6038706777852878e-05,0.0008465723653361805
2017-02-09,4456.236,116.3016,305.735,3951.980400000001,12.859604395604396,2.478,99.99199981689452,13.649200000000748,200.74065000000155,-0.4226825999112993,-1.004205128205129,-0.0019999999999997,0.0455,-0.3399993896484403,-2.462998199462888,0.009972384166922366,0.9999999999825329,0.006957314294394653,0.02204626610774718,0.048715988020136436,0.298365256456163,-0.00016245323503416564,0.002272337203716592,0.01072459365031131,0.004745018166519116,88.25,1.0,0.00010391413438994085,0.0005065939469370582
2017-02-16,4454.676,94.0742,309.919,4034.1994,13.041961722488038,2.41,100.19400177001953,82.21899999999914,130.56799999999976,0.1823573268836433,-0.7817103329392125,-0.068,0.0260000000000002,0.2020019531249914,-1.6639984130859489,0.01072459365031131,0.8858858858752445,0.010009618852951785,0.030607187112763334,0.057133778201461816,0.6582258682797242,-0.003670799823777049,0.004745018166519116,0.003787423349765451,0.005194449677691144,31.5,1.0,8.124361145047954e-05,0.0004284986862099687
2017-02-23,4468.702,168.87775,258.292,4050.682800000001,12.96363436123348,2.454,100.9260009765625,16.48340000000053,69.45330000000104,-0.0783273612545585,-1.2508337238729048,0.0439999999999995,0.0489999999999994,0.7319992065429801,0.0284999847412166,0.003787423349765451,0.24752475246544456,0.0030244954183386236,0.02256790274673115,0.07660068347411175,0.7882177323594773,-0.0021470395383398344,0.005194449677691144,0.00392286039408285,0.007916452356694501,32.75,1.0,2.63592081815494e-05,0.0005077716864557604
2017-03-02,4458.018,168.6134,175.496,4041.5322500000007,13.154474327628362,2.4125,101.17500114440918,-9.15054999999984,103.20105000000058,0.1908399663948827,-0.1278126678873317,-0.0414999999999996,-0.0674999999999999,0.249000167846674,0.8430019378662053,0.00392286039408285,0.6046511627794484,0.006413124533929903,0.028689782141761322,0.06347544727826415,1.1808957568225664,-0.002660586938338483,0.007916452356694501,0.0002386278896346905,0.0029512626419941827,2.0,0.0,2.752119042356041e-05,0.0006303027796234215
2017-03-09,4459.84,207.4404,88.22,4113.9086,13.255100222717148,2.396,101.46399841308592,72.37634999999909,161.92819999999892,0.1006258950887861,0.3954958271127538,-0.0165000000000001,-0.0820000000000003,0.2889972686767521,1.4719985961913975,0.0002386278896346905,0.7640449437858856,0.0026541019294426386,0.01877563420932704,0.054331080018865,0.4884458521374732,0.005589855274328537,0.0029512626419941827,0.005039811528941618,0.0048730850781476005,42.25,1.0,3.313759441665068e-05,0.0006389402009373892
2017-03-16,4469.577,220.486,38.579,4164.1796,12.732039911308204,2.534,101.78199920654296,50.27099999999973,129.9801999999995,-0.5230603114089458,-0.3099218111798354,0.1379999999999999,0.1239999999999996,0.3180007934570312,1.5879974365234375,0.005039811528941618,0.8740740740481757,0.004005696991276482,0.013045569315859096,0.05941154281403249,0.8108454177044485,-0.0006817939364724968,0.0048730850781476005,-0.007180582754732656,0.010901192237254899,-60.5,-1.0,3.2170065578076266e-05,0.0005176530675639989
2017-03-23,4478.236,239.2606,70.827,4210.512000000001,13.648423423423422,2.568,101.06799774169922,46.33240000000114,159.82920000000013,0.9163835121152192,0.6847890621899424,0.0340000000000002,0.1140000000000003,-0.7140014648437472,0.1419967651367102,-0.007180582754732656,0.20249221183548297,0.009593544530783024,0.0019764029466371458,0.05419029615626969,1.7155680334892647,0.006065575010402724,0.010901192237254899,0.00992229527794386,0.0038812705716397646,83.0,1.0,-4.8471539354869635e-05,0.0009031901767059286
2017-03-30,4469.618,224.9352,65.187,4168.1484,13.502101769911503,2.442,99.99200134277343,-42.36360000000059,126.61614999999938,-0.1463216535119169,0.3476274422831427,-0.1259999999999999,0.0295,-1.0759963989257812,-1.182999801635745,0.00992229527794386,0.9999999999829788,0.006954308712121212,0.00796420581655477,0.05884564767813494,0.6881335116665601,0.0014892860704747157,0.0038812705716397646,-0.0017459753787878451,0.0039156210602653155,-14.75,0.0,6.463385416365326e-05,0.0007711964452765603
2017-04-06,4474.634,216.0254,89.21,4179.495800000001,13.401601830663616,2.402,99.78399963378908,11.347400000000562,65.58720000000085,-0.1004999392478893,0.1465016079464671,-0.04,0.0060000000000002,-0.2080017089843693,-1.6799987792968665,-0.0017459753787878451,0.23423423422579337,0.003290546349272226,0.005964273998747549,0.04744604875019398,0.7096762766608729,0.0019232796771042615,0.0039156210602653155,-0.007559363234814542,0.003362528951417919,-63.75,-1.0,-2.0758457125606882e-05,0.0008705700987121095
2017-04-13,4484.492,114.63975,122.218,4169.3986,13.358784403669723,2.358,100.53199920654296,-10.097200000001068,5.219000000000051,-0.0428174269938903,0.6267444923615226,-0.0440000000000004,-0.1760000000000001,0.7479995727538977,-1.25,-0.007559363234814542,0.0,0.0075572017444291775,-0.00664648982256244,0.03711276332094182,0.6315571623843799,0.0014334425205811963,0.003362528951417919,0.010006571479777682,0.006328414920854618,83.75,1.0,-5.803448262166898e-05,0.0008998193740333878
2017-04-20,4479.27,104.76625,164.543,4247.63425,14.455542452830189,2.318,100.8499984741211,78.23565000000053,37.12224999999944,1.0967580491604618,0.8071190294067652,-0.0399999999999995,-0.25,0.3179992675781307,-0.2179992675781221,0.010006571479777682,0.9999999999813085,0.006328926744151657,0.010549910340705404,0.03539823008849563,1.1819465864108447,0.0015371219939943614,0.006328414920854618,0.017537633454588475,0.00886997292008562,148.25,1.0,0.00010881237994080407,0.000623611799925438
2017-04-27,4470.142,124.4586,234.219,4209.960750000001,14.461841432225064,2.2225,99.82999992370604,-37.67349999999897,41.81235000000106,0.0062989793948773,0.9597396623135594,-0.0954999999999999,-0.2195,-1.019998550415039,-0.1620014190673799,0.017537633454588475,0.9999999999932887,0.017322560018601406,0.018169981060605966,0.055722614298864714,1.6322198135997965,0.005882821559824558,0.00886997292008562,0.004039993024472555,0.007498607330344951,34.75,1.0,0.00014295295594110073,0.000711172464717062
2017-05-04,4471.246,173.497,244.655,4111.4644,12.765536105032824,2.298,99.18600006103516,-98.49635000000126,-68.03140000000076,-1.69630532719224,-0.6360657256307913,0.0754999999999999,-0.104,-0.6439998626708956,-0.5979995727539062,0.004039993024472555,0.7637130801558868,0.006860616587060356,0.02407138410458609,0.0495214947592284,1.2774844044899367,0.004209412761871922,0.007498607330344951,0.00521059487624842,0.0031844215156762103,45.0,1.0,2.992773599328287e-05,0.0005614079940217717
2017-05-11,4473.459,167.0344,199.013,4053.094,11.984764150943397,2.32,99.0280014038086,-58.370400000000245,-116.30459999999994,-0.7807719540894276,-1.3740202527263286,0.0219999999999997,-0.0379999999999998,-0.157998657226571,-1.503997802734375,0.00521059487624842,0.8035714285427296,0.0032253419726421886,0.03724834219487416,0.04379583984609825,0.5547991819293575,0.0033466619778328432,0.0031844215156762103,-0.004636429085673188,0.020097589745109397,-40.25,-1.0,4.5338504450858464e-05,0.0004910191649229382
2017-05-18,4467.108,164.56480000000002,186.08,4107.4116,12.11585152838428,2.394,99.33600006103516,54.317600000000766,-140.2226499999997,0.1310873774408829,-2.3396909244459074,0.0740000000000002,0.076,0.3079986572265625,-1.5139984130859432,-0.004636429085673188,0.3556701030903391,0.01683832889711839,0.02221039245260692,0.035036234054021786,2.8786090935264275,0.004665896495722133,0.020097589745109397,0.017532692975350095,0.00473320881011946,151.5,1.0,-3.210839471441793e-05,0.00102870768797231
2017-05-25,4470.852,180.9132,167.165,4116.4632,12.830065075921908,2.29,98.31399993896484,9.05159999999978,-93.49755000000096,0.7142135475376286,-1.6317763563031562,-0.104,0.0674999999999999,-1.0220001220703097,-1.5159999847412138,0.017532692975350095,0.9999999999922331,0.014643161785612738,0.022205429285589773,0.049067859806114944,0.7047207941184118,0.00046056322716392373,0.00473320881011946,0.004549331816889435,0.003386287285873516,40.0,1.0,0.00015476061793548313,0.0006345637554208902
2017-06-01,4459.914,192.50925,170.984,4122.7738,12.392159827213822,2.256,97.19400024414062,6.310599999999795,11.309400000000096,-0.4379052487080859,-0.3733762778190019,-0.0340000000000002,-0.0420000000000002,-1.119999694824216,-1.991999816894534,0.004549331816889435,0.9999999999666667,0.003396546844041891,0.022723983210305443,0.05358900187874638,0.5014728369272828,-0.0008220487957837364,0.003386287285873516,0.007132748372487896,0.007932793430177982,63.0,1.0,5.6111223470221635e-05,0.0006735919686482455
2017-06-08,4462.443,162.4746,152.444,4096.420749999999,11.86875,2.22,97.19999885559082,-26.35305000000062,43.32674999999972,-0.5234098272138219,-0.1160141509433962,-0.036,-0.1,0.0059986114501953,-1.828002548217768,0.007132748372487896,0.9560439560019321,0.002557472879545838,0.02467962562994952,0.05578303958222075,1.1320176048389605,0.006130995304619136,0.007932793430177982,-0.01975718059693099,0.0160523205755058,-175.75,-1.0,4.396941699635795e-05,0.0006889386245037146
2017-06-15,4476.269,154.9898,153.646,4147.524399999999,11.762885462555069,2.168,96.76600036621092,51.103650000000016,40.11279999999897,-0.1058645374449334,-0.3529660658292126,-0.0519999999999996,-0.2259999999999999,-0.4339984893798885,-2.5699996948242188,-0.01975718059693099,0.0,0.005734109349465295,0.009113528526790926,0.04240884638374176,2.1584635970353303,-0.020424347638879015,0.0160523205755058,0.008773187304681906,0.013685098639891103,76.5,1.0,-0.00016466601088331673,0.0016322798876887534
2017-06-22,4474.257,182.3142,212.275,4167.6332,12.331208053691276,2.188,97.1520004272461,20.108800000000883,51.17000000000007,0.5683225911362086,-0.4988570222306325,0.0199999999999995,-0.1020000000000003,0.3860000610351619,-1.1619995117187472,0.008773187304681906,0.9084821428490314,0.01273269859315049,0.0004264998578333845,0.041222774621212155,1.6580149545513305,0.008856527583038454,0.013685098639891103,-0.01509165837714932,0.021560538365451805,-132.75,-1.0,6.964914382619891e-05,0.0009455414466959639
2017-06-29,4463.347,226.526,208.365,4079.6678,12.12066371681416,2.164,97.50800018310548,-87.9654000000005,-43.10600000000022,-0.2105443368771169,-0.2714961103996636,-0.0239999999999995,-0.0919999999999996,0.3559997558593721,0.3139999389648409,-0.01509165837714932,0.0,0.0183817163963756,-0.019133880554769278,0.02730264133044802,2.2171780639863505,-0.011174338823890406,0.021560538365451805,-0.00649275696889251,0.015039087050740772,-56.25,-1.0,-0.00015153894375422727,0.0014045597000446992
2017-07-06,4467.272,271.14725,177.006,4028.456,11.865496688741722,2.198,96.5760009765625,-51.21179999999959,-67.96474999999919,-0.2551670280724369,-0.0032533112582786,0.0339999999999998,-0.0219999999999997,-0.9319992065429688,-0.6239978790283232,-0.00649275696889251,0.11811023621861244,0.007377501524877284,-0.032404024506773044,0.028406714857518445,1.4058687973971147,-0.002643706680213742,0.015039087050740772,0.02332336111998612,0.0058055393260056515,200.75,1.0,-3.953261989692961e-05,0.0011989674855254027
2017-07-13,4466.702,178.852,171.033,4019.11875,12.33579572446556,2.34,95.99250030517578,-9.33725000000004,-128.40564999999924,0.470299035723837,0.5729102619104918,0.1419999999999999,0.1719999999999997,-0.5835006713867159,-0.7735000610351506,0.02332336111998612,0.9999999999929454,0.0160933242506812,0.01012070300180623,0.04196610771005238,0.5449272050033382,0.010891609755013354,0.0058055393260056515,0.014503860127157209,0.004101593342807911,127.75,1.0,0.0001953981787776678,0.0008543480913137166
2017-07-20,4476.903,137.4792,180.4,4116.817,12.360558035714286,2.364,95.86400146484377,97.69824999999992,-50.81620000000021,0.0247623112487271,0.0293499820230103,0.024,0.1760000000000001,-0.1284988403320284,-1.287998962402341,0.014503860127157209,0.9999999999878049,0.009176621995915284,0.01585903083700435,0.0388595012497821,0.3999048234417712,0.0059582698176907645,0.004101593342807911,-0.0017625828833617296,0.005458997703313257,-15.75,0.0,0.00011576725772173666,0.0006821486792271782
2017-07-27,4465.284,98.2644,191.404,4159.023800000001,11.790174672489082,2.29,94.79400024414062,42.20680000000084,79.35600000000113,-0.5703833632252042,-0.330489044325077,-0.0739999999999998,0.1259999999999999,-1.0700012207031335,-2.7139999389648466,-0.0017625828833617296,0.0,0.004316143497757848,0.02960697177814975,0.03285569546967726,0.5412205766175365,-0.002009374591160351,0.005458997703313257,-0.002186098654708535,0.005069174157360721,-19.5,0.0,-3.9260258080615716e-05,0.0010492849077376055
2017-08-03,4466.846,123.6696,180.348,4175.615599999999,11.290228310502282,2.288,93.9000015258789,16.59179999999833,147.15959999999905,-0.4999463619867992,-0.5752683782394392,-0.0020000000000002,0.0899999999999998,-0.8939987182617131,-2.675999450683591,-0.002186098654708535,0.2654867256543191,0.003173978989944385,0.034070115309768,0.025255579553635776,0.49486647503956305,-0.002103855049148895,0.005069174157360721,-0.011263412167855757,0.016443754663021046,-100.25,-1.0,1.546288513130004e-05,0.0010473107283915965
2017-08-10,4469.083,99.1348,149.862,4162.828399999999,11.344215246636772,2.274,92.95800018310548,-12.787199999999755,143.70964999999933,0.0539869361344891,-0.9915804778287872,-0.0139999999999997,-0.0659999999999998,-0.9420013427734376,-3.0345001220703125,-0.011263412167855757,0.0,0.016391579784665208,-0.0008798819255222412,0.018429579909732707,1.6544622629127372,4.888539497427402e-06,0.016443754663021046,0.0011931479219340346,0.018966872354729616,10.5,0.0,-0.0001186438096611873,0.0009337300519001451
2017-08-17,4462.871,82.604,130.954,4220.0862,12.2570989010989,2.252,93.50599975585938,57.25780000000032,103.26919999999971,0.912883654462128,-0.1034591346153863,-0.0220000000000002,-0.1120000000000001,0.5479995727539091,-2.358001708984375,0.0011931479219340346,0.0,0.013988593479556223,-0.013988753042553759,0.002075632641455716,1.7048611351057443,0.003855156074333954,0.018966872354729616,0.004568283063303369,0.011238235739513918,40.25,1.0,4.4667150461794395e-05,0.0009363908142678416
2017-08-24,4463.837,147.9942,82.077,4249.313,13.68483660130719,2.22,93.49799957275393,29.226800000000367,90.28919999999924,1.42773770020829,1.894661928818108,-0.032,-0.0700000000000002,-0.0080001831054659,-1.2960006713867074,0.004568283063303369,0.5502958579816533,0.009546943848152752,-0.007735426008968593,0.002094537220492576,0.9540502834826775,0.0008148424093705753,0.011238235739513918,0.016975482996271607,0.008048899825348817,150.25,1.0,2.6503549777959333e-05,0.0011549819268936374
2017-08-31,4452.36,146.1858,61.057,4233.7658,13.814381778741868,2.19,93.3020004272461,-15.547199999999975,58.15020000000095,0.1295451774346769,2.524153468239584,-0.0299999999999998,-0.0979999999999998,-0.1959991455078125,-0.5980010986328068,0.016975482996271607,0.9999999999939668,0.018414109151506736,0.011319588787146895,0.011888033275251564,0.6827364219459846,0.00725302994657917,0.008048899825348817,-0.0023052353839744244,0.007562238377235422,-20.75,0.0,0.00015421036466489252,0.0010047687197732632
2017-09-07,4453.474,133.2045,37.563,4245.1172,13.228577586206898,2.146,92.56999816894532,11.351399999999558,82.28880000000026,-0.5858041925349688,1.884362339570126,-0.044,-0.1280000000000001,-0.7320022583007812,-0.3880020141601505,-0.0023052353839744244,0.6275510203953562,0.005456266354880018,0.02048237265986752,0.02990338025746153,0.6824096884098675,-0.0011530668381757314,0.007562238377235422,-0.0029786760202661355,0.010155466075545882,-26.75,0.0,-3.4491222827269005e-05,0.0008337217162657756
2017-09-14,4471.174,116.013,70.232,4282.7065,13.110894495412843,2.095,92.23499870300292,37.58930000000055,62.6203000000005,-0.1176830907940527,0.8537955943139455,-0.0510000000000001,-0.157,-0.3349994659423885,-1.2710010528564482,-0.0029786760202661355,0.4137931034419342,0.0072874493927125505,0.016230173367761003,0.017905357396617916,0.9414076414486924,-0.010394017537939337,0.010155466075545882,-0.0028479687281864896,0.005710619409213232,-25.5,0.0,-1.820935643156199e-05,0.0006818552229731588
2017-09-21,4458.576,145.2346,127.782,4284.929,13.342091503267977,2.154,91.94800109863282,2.2224999999998545,35.615999999999985,0.2311970078551297,-0.3427450980392148,0.0590000000000001,-0.0659999999999998,-0.2869976043701143,-1.5499984741210966,-0.0028479687281864896,0.0,0.005796208663511887,0.008727827364139573,0.030559242800253905,0.6032319062563871,-0.005056196420997527,0.005710619409213232,-0.0007560272169797599,0.009897186982091454,-6.75,0.0,-4.6320990083182286e-05,0.0009399478621605644
2017-09-28,4455.661,183.7134,164.652,4185.5594,12.515098039215689,2.244,92.09600219726562,-99.3696,-48.20640000000003,-0.826993464052288,-1.2992837395261798,0.0900000000000003,0.0540000000000002,0.1480010986328039,-1.20599822998048,-0.0007560272169797599,0.9612403100626163,0.007229725942946814,-0.008859880572142709,0.0365099189636644,1.0950378109611065,-0.002959389384435296,0.009897186982091454,0.014263296530852454,0.006662667866841196,127.25,1.0,1.88250331005982e-05,0.0007589005840138831
2017-10-05,4460.422,199.9274,160.433,4107.2956,12.28827664399093,2.268,92.8479995727539,-78.26379999999972,-137.8215999999993,-0.226821395224757,-0.940300942215968,0.0239999999999995,0.1219999999999998,0.7519973754882869,0.278001403808588,0.014263296530852454,0.9999999999882697,0.009421190772206106,0.007599799565725762,0.027333106267029894,0.731386339293083,0.0005022021574301316,0.006662667866841196,0.0009946125155408936,0.002291821753847203,9.0,0.0,0.00012168654203019327,0.0006433170469348252
2017-10-12,4459.415,118.5135,169.766,4100.0616,11.392780373831776,2.336,93.5259994506836,-7.234000000000378,-182.64490000000023,-0.8954962701591551,-1.7181141215810705,0.068,0.2410000000000001,0.6779998779296932,1.2910007476806695,0.0009946125155408936,0.5753424657218991,0.0020148491623195606,0.011615245009074515,0.013653022969532413,0.25581714227857105,0.0011552550858220378,0.002291821753847203,0.002539261957991812,0.004662032645164492,23.0,0.0,1.429216593728208e-05,0.0005041879376920055
2017-10-19,4469.723,98.7498,178.974,4171.1355,12.128275058275058,2.35,93.38200073242189,71.07390000000032,-113.79349999999975,0.7354946844432835,-1.2138164449929167,0.0140000000000002,0.1960000000000001,-0.1439987182617272,1.4339996337890568,0.002539261957991812,0.0,0.0028631996255815873,0.017080614902136526,0.018021300448430422,0.5242707508156075,-0.0009954424121880745,0.004662032645164492,-0.0014315998127908403,0.006892147210329189,-13.0,0.0,3.4739951893645606e-05,0.0007257545256764216
2017-10-26,4461.117,104.0838,196.332,4191.9992,11.712040358744394,2.31,93.297998046875,20.86369999999988,6.439800000000105,-0.4162346995306638,-0.8030576804712926,-0.0400000000000004,0.0659999999999993,-0.0840026855468778,1.201995849609375,-0.0014315998127908403,0.4354838709583767,0.005128063742383723,0.01639298324272831,0.018791079152856494,0.76204078091515,-0.001751804743946761,0.006892147210329189,0.016652422045160042,0.014218313554170772,151.0,1.0,-1.4655764746146252e-05,0.0009114827891139425
2017-11-02,4455.887,105.5156,193.546,4160.7012,11.736880530973451,2.418,93.98399963378908,-31.298000000000684,53.40559999999914,0.0248401722290569,-0.5513961130174785,0.1080000000000005,0.1500000000000003,0.6860015869140739,1.136000061035162,0.016652422045160042,0.5942028985335014,0.003742372881355932,0.018787125293548756,0.04755546717422798,1.60497956165113,0.011770859945288148,0.014218313554170772,0.008542372881355842,0.007317033353796302,78.75,1.0,0.000144669832222814,0.0008111700239502512
2017-11-09,4458.552,62.235,177.78,4156.8254,11.45096109839817,2.378,94.69400024414062,-3.875799999999799,56.76379999999972,-0.2859194325752821,0.0581807245663945,-0.04,0.0420000000000002,0.7100006103515568,1.1680007934570256,0.008542372881355842,0.47058823528489047,0.005485345522990051,0.02646904584471854,0.05524501319410957,0.9276092950527948,0.006232904059184863,0.007317033353796302,0.0028502285560634277,0.00978816293382211,26.5,0.0,6.250476150277961e-05,0.0008235757167058386
2017-11-16,4448.289,32.576,174.631,4218.537,11.773130630630632,2.326,94.7760025024414,61.711600000000544,47.40149999999994,0.3221695322324631,-0.3551444276444258,-0.0520000000000004,-0.0240000000000004,0.0820022583007755,1.3940017700195284,0.0028502285560634277,0.999999999986622,0.008016945516945517,0.02678743495856617,0.053440289232855154,1.2601893838379459,0.0025324151125547534,0.00978816293382211,0.005201630201630225,0.00912088515831451,48.5,1.0,2.161005404273012e-05,0.0008571799381705311
2017-11-23,4450.615,41.98675,163.579,4241.081999999999,12.754108695652176,2.376,94.08999938964844,22.544999999999163,49.08279999999922,0.9809780650215424,1.0420683369077803,0.0500000000000002,0.0660000000000002,-0.6860031127929602,0.792001342773446,0.005201630201630225,0.9999999999868852,0.008135502800746866,0.03360811667723529,0.04124427162894051,1.1609278303988537,0.0021833617345929923,0.00912088515831451,-0.002187249933315538,0.0158861701303054,-20.5,0.0,4.6872923171819874e-05,0.0005034146897625735
2017-11-30,4438.592,60.08820000000001,172.282,4245.04925,11.97199513381995,2.35,93.72750091552734,3.967250000000604,84.34805000000051,-0.7821135618322241,0.2351146028464992,-0.0259999999999998,-0.068,-0.3624984741210966,-0.2564987182617244,-0.002187249933315538,0.5533769063132603,0.01227010265183918,0.014454237288135552,0.04136740715995768,1.857986193526549,-0.01913371809929587,0.0158861701303054,-0.0049187339606501235,0.010768040339620961,-46.0,-1.0,-3.383968278630943e-05,0.0010284769882756507
2017-12-07,4437.148,67.9272,127.586,4206.221799999999,11.41478359908884,2.358,93.03800201416016,-38.82745000000068,49.39639999999963,-0.5572115347311115,-0.0361774993093302,0.0079999999999995,-0.0200000000000004,-0.6894989013671875,-1.6559982299804688,-0.0049187339606501235,0.712962962954161,0.008704061895551257,0.0009142242538315859,0.03934105821583134,1.251914762852429,-0.002271171275710082,0.010768040339620961,0.006716097141629129,0.006229639209128753,62.5,1.0,-4.717587864698443e-06,0.0014927837221769909
2017-12-14,4452.726,112.0696,76.208,4241.6348,11.62691304347826,2.3600000000000003,93.3760009765625,35.413000000000466,23.097799999999552,0.2121294443894221,-0.1462175871523712,0.0020000000000006,0.0340000000000006,0.337998962402338,-1.4000015258789062,0.006716097141629129,0.8465116278912277,0.005737311202433687,0.004772629772629822,0.04930977515190538,0.7206470166498559,0.0028122870229532193,0.006229639209128753,0.00888616107167639,0.011476029744900562,83.25,1.0,4.439946784652267e-05,0.0006895536260765186
2017-12-21,4447.47,110.934,155.612,4264.4484,12.041628440366972,2.376,93.75800018310548,22.81360000000041,23.366400000000795,0.4147153968887114,-0.7124802552852021,0.0159999999999995,0.0,0.3819992065429716,-0.3319992065429744,0.00888616107167639,0.07027027026875092,0.004893273732377602,0.008455588156841776,0.05943507257748126,1.3076489160653975,-0.0009909582314810983,0.011476029744900562,-0.004866823604094517,0.001948171827038335,-46.0,-1.0,7.694638964678774e-05,0.0007890857497398275
2017-12-28,4448.68,134.88375000000002,190.283,4180.924,11.357844036697248,2.434,93.5459991455078,-83.52440000000024,-64.12525000000005,-0.6837844036697245,-0.6141510971227024,0.0580000000000002,0.084,-0.2120010375976591,-0.1815017700195369,-0.004866823604094517,0.0,0.003986922892911251,0.0057474337040204215,0.03945296311645263,0.23238988693834203,-0.004250728109292834,0.001948171827038335,0.016718496664274607,0.014861695696046515,157.25,1.0,-5.8039932038493555e-05,0.0005348338356135473
2018-01-04,4443.718,166.202,211.566,4123.51325,11.284215384615385,2.45,93.05999946594238,-57.41075000000001,-82.70854999999938,-0.0736286520818634,-0.1305682144734543,0.016,0.0920000000000005,-0.485999679565424,0.0219974517822265,0.016718496664274607,0.9999999999948652,0.020364948238000627,0.027616591446378624,0.05578096105544983,1.5758857736140888,0.0050054659175688965,0.014861695696046515,0.012862072571368843,0.007403828063366802,123.0,1.0,0.00018640337103734863,0.0010530392266627942
2018-01-11,4446.062,55.0708,206.215,4065.95,10.893449275362318,2.44,91.9950008392334,-57.56325000000015,-175.6848,-0.3907661092530663,-0.7334637681159428,-0.0100000000000002,0.0799999999999996,-1.0649986267089844,-1.381000137329096,0.012862072571368843,0.9999999999829788,0.006065455296303944,0.033890163846933774,0.06665198359166369,0.7665071772046095,-0.0010765366144032118,0.007403828063366802,0.008930415032004868,0.008984028554501278,86.5,1.0,0.0001011905718818996,0.0007053881805160068
2018-01-18,4439.145,21.73625,227.665,4184.776199999999,11.197670588235294,2.52,92.1979995727539,118.82619999999952,-79.67220000000088,0.3042213128729756,-0.8439578521316786,0.08,0.1440000000000001,0.2029987335205021,-1.5600006103515651,0.008930415032004868,0.8252032520191024,0.0062931696085955485,0.03393551458724575,0.07772049295580485,0.9136145486096929,0.0008925544550817399,0.008984028554501278,0.01212586339217192,0.010119740034887885,118.5,1.0,8.54396763270909e-05,0.0009782372843173872
2018-01-25,4441.317,27.791000000000004,269.118,4189.743750000001,11.799691943127964,2.57,90.60000038146973,4.967550000001211,8.819750000000568,0.6020213548926687,0.4418479064307146,0.0499999999999998,0.1359999999999996,-1.597999191284174,-2.9459987640380803,0.01212586339217192,0.7145833333273784,0.012132241431604488,0.051590782234271604,0.07292203389830498,1.06613897141285,-0.0012879528385456585,0.010119740034887885,-0.0033363663936912813,0.015174490754163468,-33.0,-1.0,0.00012193954914626942,0.001173513124181783
2018-02-01,4419.225,34.959,270.244,4144.407999999999,12.02068493150685,2.6420000000000003,89.93800048828125,-45.3357500000011,20.89474999999948,0.220992988378887,0.736469546891465,0.0720000000000005,0.1920000000000001,-0.6619998931884794,-3.121998977661136,-0.0033363663936912813,0.0,0.013364779874213837,0.030848060232144814,0.06028502285560644,1.4955040189576025,0.0021787450115591245,0.015174490754163468,-0.05896226415094341,0.049200466574964644,-581.25,-1.0,-1.926152389236995e-05,0.0013764641402697851
2018-02-08,4420.745,46.709,203.936,4114.022000000001,13.17183585313175,2.718,89.0739990234375,-30.385999999998603,48.07200000000103,1.1511509216249003,2.278386577769432,0.0759999999999996,0.278,-0.8640014648437528,-2.921001815795904,-0.05896226415094341,0.0,0.047268709407928426,-0.042251703489572634,-0.0050675675675675436,3.6631750803759844,0.008769176251304467,0.049200466574964644,0.053763440860215006,0.009662388191071099,498.75,1.0,-0.0005275535045827648,0.004225480255760704
2018-02-15,4434.863,35.5866,197.681,4170.1,19.450703624733475,2.818,89.76600036621093,56.07799999999952,-14.676199999998971,6.278867771601725,8.25303303649818,0.1,0.298,0.6920013427734375,-2.4319992065429688,0.053763440860215006,0.999999999997489,0.04073960411232162,0.00030698388334604587,0.04299813283542275,0.7169952149913656,0.009188567763768196,0.009662388191071099,-0.0027875811978926857,0.006466114635536776,-27.25,0.0,0.0004492244838187655,0.002438002324996099
2018-02-22,4411.66,35.90025,214.677,4201.595400000001,19.47628205128205,2.866,89.61199951171875,31.4954000000007,11.851650000000518,0.0255784265485772,7.676590108154089,0.048,0.2960000000000002,-0.1540008544921818,-0.9880008697509766,-0.0027875811978926857,0.9416666666352778,0.0030774754443105173,-0.014432312203012887,0.04237061591103508,0.5094951396474435,0.004046131786161977,0.006466114635536776,-0.002872310414689827,0.023634014454285278,-28.0,0.0,-1.8939880072198398e-05,0.0016395758617918812
2018-03-01,4393.401,20.7616,202.62,4161.0827500000005,18.06013667425968,2.9025,89.66250038146973,-40.512650000000576,16.67475000000104,-1.4161453770223709,6.039451742752831,0.0364999999999997,0.2604999999999995,0.0505008697509765,-0.2755001068115206,-0.002872310414689827,0.0,0.024613564465934518,-0.01397342260093326,0.04451429185471745,1.7171659594403588,0.007295885303964633,0.023634014454285278,0.021964455646716896,0.004844184512492154,213.5,1.0,-3.543414524474607e-05,0.001915991773322945
2018-03-08,4396.097,12.667,195.071,4170.0194,17.583222222222222,2.864,90.1979995727539,8.936649999999645,55.99739999999929,-0.4769144520374588,4.411386369090472,-0.0384999999999999,0.1459999999999999,0.535499191284174,1.1240005493164062,0.021964455646716896,0.9999999999941004,0.017063042657606643,0.07082221683240353,0.06033516571489561,0.3549391532826291,0.0031183909212979533,0.004844184512492154,0.006216182207122278,0.017079903489341897,61.75,1.0,0.00018885644086479207,0.0018596011617243997
2018-03-15,4407.258,3.1756,249.929,4188.359,18.66871111111111,2.874,89.88000183105468,18.339599999999336,18.258999999999105,1.0854888888888894,-0.7819925136223631,0.0099999999999997,0.0559999999999996,-0.3179977416992159,0.1140014648437528,0.006216182207122278,0.11600928074138274,0.010779850932919813,0.022505242698583228,0.05752902901579082,1.210060334854818,0.0027289560680880953,0.017079903489341897,-0.03786704016807563,0.01863028004522625,-378.5,-1.0,4.559979248015544e-05,0.0013133295164282435
2018-03-22,4401.222,12.4456,316.454,4154.1534,16.649954022988506,2.848,89.8979995727539,-34.20559999999932,-47.44200000000092,-2.018757088122605,-2.826328028293545,-0.0259999999999998,-0.0180000000000002,0.0179977416992187,0.2860000610351534,-0.03786704016807563,0.0,0.03660185088905064,-0.013463955068858557,0.022459665630066628,1.2015586196206152,-0.0039469676440898604,0.01863028004522625,-0.010190288031610706,0.04233154091833444,-98.0,-1.0,-0.00038239267806757356,0.001821323761423117
2018-03-29,4392.198,10.97225,318.858,4072.3224,17.39908888888889,2.862,90.02800140380859,-81.83100000000059,-88.76035000000093,0.749134865900384,-0.6610477853707906,0.0140000000000002,-0.0404999999999997,0.1300018310546846,0.3655010223388615,-0.010190288031610706,0.39409282700288917,0.03112196659312953,-0.020704199994856065,-0.0046010666108962095,2.378945155767114,-0.010112089720694217,0.04233154091833444,0.0006565815736947478,0.03316257345468881,6.25,0.0,-5.213540633401013e-05,0.003243851527710004
2018-04-05,4386.104,5.43325,303.916,4062.36775,19.818995327102805,2.7920000000000003,89.61000061035156,-9.95464999999922,-107.6516499999998,2.419906438213914,2.2357731048805825,-0.0699999999999998,-0.0719999999999996,-0.4180007934570255,-0.5879989624023381,0.0006565815736947478,0.9999999999951691,0.021731713078396893,-0.04112243613942368,-0.01659611810861039,1.6630504315470127,-0.005208750404095186,0.03316257345468881,0.007401380541193214,0.0250603821006881,70.5,1.0,-4.504767554679423e-05,0.0024337335341645823
2018-04-12,4383.684,3.8872,294.083,4076.75475,20.437102564102563,2.785,90.21249961853027,14.386999999999716,-111.6042499999994,0.6181072369997587,1.7683914529914515,-0.0070000000000001,-0.0889999999999995,0.6024990081787109,0.3324977874755888,0.007401380541193214,0.9999999999953704,0.022509965349243155,-0.03999299684858182,-0.018086467127142458,1.177621500047185,0.006701644885774183,0.0250603821006881,0.011385248677800108,0.016968735924666495,109.25,1.0,0.00012007345936980477,0.00229940992186821
2018-04-19,4385.903,7.751,275.246,4085.7138,19.400967032967035,2.794,89.77199859619141,8.959049999999934,-68.43960000000015,-1.0361355311355285,2.7510130099785286,0.0089999999999994,-0.0540000000000002,-0.4405010223388643,-0.1260009765624943,0.011385248677800108,0.6868064118338506,0.020891293147861926,0.00915046272226272,-0.01880497421898697,0.776556538760903,0.002372739937220425,0.016968735924666495,-0.004662545079855751,0.029392600344148305,-45.25,-1.0,0.00012050003885020971,0.0012775444878605673
2018-04-26,4372.886,7.947599999999999,359.599,4102.906,17.04923595505618,2.852,89.66200103759766,17.192199999999957,30.583600000000388,-2.351731077910856,-0.349852933832711,0.0580000000000002,-0.0100000000000002,-0.1099975585937471,-0.3660003662109261,-0.004662545079855751,0.9999999999951924,0.021532648360464816,0.01478621703960492,-0.020110570095353997,1.2759365507515688,0.0010354606181499637,0.029392600344148305,-0.007272444939051215,0.015248584942158977,-70.25,-1.0,-3.84180906495878e-05,0.0022085982332673425
2018-05-03,4356.129,6.573,399.984,4005.3394,17.11017937219731,2.994,90.9519989013672,-97.56660000000012,-57.0283500000005,0.0609434171411322,-2.708815954905493,0.1419999999999999,0.2019999999999995,1.2899978637695284,1.3419982910156278,-0.007272444939051215,0.6518987341689633,0.008238177172949581,0.006745229783995166,0.0337133155469318,0.754627334283049,0.005970023890810139,0.015248584942158977,0.03133635747432084,0.009856804190274623,300.5,1.0,-6.608577289585917e-05,0.0019416289259916867
2018-05-10,4358.207,3.9842,353.741,3949.572,16.47615560640732,2.958,92.15,-55.76740000000018,-127.1827500000004,-0.6340237657899905,-3.960946957695242,-0.0359999999999995,0.173,1.1980010986328151,1.937500381469732,0.03133635747432084,0.9999999999947438,0.0192366026289181,0.030664617148216555,0.011712955859035423,0.4874062010197384,0.004025103354088566,0.009856804190274623,-0.0059908998988877915,0.011135908570543921,-59.25,-1.0,0.00026963546548937936,0.0011607971384234286
2018-05-17,4337.609,2.7234000000000003,337.258,4000.481800000001,16.02154022988506,2.968,92.8260009765625,50.909800000000814,-85.23199999999952,-0.4546153765222627,-3.3794268030819765,0.0099999999999997,0.1740000000000003,0.6760009765624915,3.054002380371088,-0.0059908998988877915,0.1826347305367349,0.008493756834422602,0.012957238536836613,0.00846305747185383,0.5402600647752291,-0.0059908998988877915,0.011135908570543921,0.005238664394883408,0.007671478906292626,51.5,1.0,-3.4508583176536774e-05,0.0012089064115992018
2018-05-24,4337.301,5.6048,326.445,3997.6276000000007,14.72505617977528,3.05,93.04199981689452,-2.8541999999997643,-105.27839999999924,-1.296484050109779,-2.3241797752809,0.0819999999999998,0.1979999999999999,0.2159988403320341,3.3799987792968693,0.005238664394883408,0.9999999999879879,0.008424194894887297,0.023033722404824042,0.016666238008281598,0.3978587703831942,0.002564867603439547,0.007671478906292626,0.0019985327228111416,0.0059797406687237325,19.75,0.0,5.063150693408796e-05,0.0013509385816030135
2018-05-31,4327.519,6.57375,325.351,4005.2512,14.143310810810812,3.034,93.74400024414062,7.623599999999442,-0.0881999999996878,-0.5817453689644676,-2.9668685613865,-0.016,0.04,0.7020004272460909,2.792001342773432,0.0019985327228111416,0.7602339181108718,0.00431730963441729,0.03258772615881944,-0.0031961746571033123,0.30860717607133964,0.008703294627573022,0.0059797406687237325,0.018582104625328277,0.013176317656840906,184.0,1.0,3.6149695975680324e-06,0.0011545692653235262
2018-06-07,4319.191,10.578,294.069,3995.594250000001,14.802019002375296,2.8425,94.29000091552734,-9.656949999999595,46.022250000000895,0.6587081915644841,-1.6741366040320251,-0.1914999999999995,-0.1154999999999999,0.5460006713867216,2.140000915527338,0.018582104625328277,0.5909090909046144,0.013087447947650209,0.019817997977755297,0.009054074333449957,0.6916249941537352,-0.0018980671933417348,0.013176317656840906,0.013186595280586966,0.0075416055298954555,133.0,1.0,0.0001373284577164337,0.0009480096212429789
2018-06-14,4324.906,2.975,281.188,4014.544,13.984504504504503,2.93,93.83200073242188,18.949749999998858,14.062199999998938,-0.8175144978707909,-2.0370357253805533,0.0874999999999999,-0.0379999999999998,-0.4580001831054687,1.0059997558593778,0.013186595280586966,0.9999999999929825,0.013944612975829338,0.039493426239096685,0.06259748362275142,0.41603832504645943,0.007699523723160517,0.0075416055298954555,-0.007192484587533077,0.010871218148158593,-73.5,-1.0,0.00012952729574600334,0.0010123287469762784
2018-06-21,4315.896,0.5050000000000001,352.777,4040.743,14.017863636363636,2.954,93.88200073242189,26.19900000000007,43.11539999999877,0.0333591318591306,-0.7071925434116437,0.0239999999999995,-0.096,0.0499999999999971,0.8400009155273409,-0.007192484587533077,0.0,0.0074417229313488735,0.02663867034329237,0.06581573694715837,0.701120314982172,0.0035722608710899717,0.010871218148158593,-0.017470799862007835,0.019963899313908573,-177.25,-1.0,-5.987692601164877e-05,0.0012256944060065045
2018-06-28,4305.491,13.128800000000002,373.94,3962.614,14.095258426966293,2.914,94.91199951171876,-78.1289999999999,-42.637200000000576,0.077394790602657,-0.048052383844519,-0.0399999999999995,-0.1199999999999996,1.029998779296875,1.167999267578125,-0.017470799862007835,0.2772828507782749,0.022521505780854212,0.006690567562108729,0.04650796567019233,1.3858423462187102,-0.00749573751786814,0.019963899313908573,0.006545782860582383,0.01850058498669247,65.25,1.0,-0.000126995391935215,0.0018035030670526548
2018-07-05,4289.764,35.5415,336.026,3918.4222,15.809933920704848,2.864,94.83199920654296,-44.19180000000006,-77.17205000000104,1.7146754937385538,1.0079149183295506,-0.0500000000000002,0.0214999999999996,-0.0800003051757727,0.5419982910156307,0.006545782860582383,0.9999999999901961,0.01016594408730752,-0.005205234979179019,0.04561915431310726,1.3349190363047214,0.000744698973856206,0.01850058498669247,0.025614192455274853,0.016280610919871204,257.0,1.0,4.026907598965097e-05,0.0014187790836471292
2018-07-12,4291.201,2.6862000000000004,326.476,3918.1965,16.006658711217185,2.8475,94.63999938964844,-0.2256999999995059,-96.3474999999994,0.1967247905123379,2.0221542067126794,-0.0164999999999997,-0.0825,-0.1919998168945369,0.8079986572265625,0.025614192455274853,0.9999999999932999,0.014503668432048977,0.006996770721205525,0.06032972694487371,1.1796165490964385,0.007400638535566273,0.016280610919871204,-0.0014576551187989173,0.013650687234651716,-15.0,0.0,0.00023761561892169042,0.0010560414888643953
2018-07-19,4291.615,2.5204,324.457,3962.0388,14.55125550660793,2.85,94.3520004272461,43.8422999999998,-78.70419999999967,-1.4554032046092544,0.5333918702442944,0.0024999999999999,-0.1039999999999996,-0.2879989624023409,0.4699996948242244,-0.0014576551187989173,0.441860465111712,0.009415600214101504,0.012813562663249733,0.06374388571132794,1.0929479823550374,-0.003470027482218474,0.013650687234651716,0.006131088511508009,0.010159841136378042,63.0,1.0,-3.129280641597184e-05,0.0010764300778206494
2018-07-26,4277.681,2.1252,348.886,3964.6376,14.131409395973154,2.852,94.89600067138672,2.5987999999997555,2.023599999999988,-0.4198461106347757,0.0361509690068615,0.0019999999999997,-0.0620000000000002,0.5440002441406193,-0.0159988403320312,0.006131088511508009,0.6461187214552866,0.010591478454321226,0.03714292879893666,0.07810626205745863,0.8420415125065072,-0.004951922497120398,0.010159841136378042,-0.004352662378488192,0.022195007956622416,-45.0,-1.0,6.190330564297312e-05,0.0012702934300190258
2018-08-02,4255.653,3.0244,351.523,3926.669799999999,14.064527027027026,2.944,94.56999969482422,-37.96780000000035,8.247599999999693,-0.0668823689461284,-1.7454068936778206,0.092,0.08,-0.3260009765624971,-0.2619995117187557,-0.004352662378488192,0.999999999994602,0.017996794093359886,0.025913190810783915,0.040798786653184926,1.6950636315994336,-0.00023289485108435315,0.022195007956622416,0.008719094574245911,0.00429178182060233,89.75,1.0,-4.943342397015626e-05,0.0017518427675603792
2018-08-09,4258.03,1.9018,326.471,3901.1056,14.294049773755656,2.976,94.66399993896484,-25.564199999999342,-17.090900000000147,0.2295227467286302,-1.7126089374615283,0.032,0.1284999999999998,0.0940002441406306,0.0240005493164119,0.008719094574245911,0.9767441860335316,0.007247249175354537,0.009013167484573259,0.05620120540141893,0.34269650726396406,0.0012580618491222495,0.00429178182060233,-0.008330724965689984,0.010719246964579716,-86.5,-1.0,6.070243429322642e-05,0.0007780293822880424
2018-08-16,4228.924,1.077,342.799,3929.6572,14.132247706422016,2.952,95.26399993896484,28.551600000000235,-32.38159999999971,-0.1618020673336389,-0.4190078001859127,-0.024,0.1019999999999998,0.5999999999999943,0.9119995117187472,-0.008330724965689984,0.17910447760980172,0.008133634399203633,0.0020680258868182033,0.041943889296465864,0.8389128585504234,-0.005691041727678536,0.010719246964579716,0.0034476898050355143,0.003780266821521131,35.5,1.0,-6.151791653554535e-05,0.0012554791112621437
2018-08-23,4228.818,2.134,348.393,3885.048,14.926167400881056,2.874,96.56600036621094,-44.60920000000033,-79.58959999999979,0.7939196944590385,0.7947580049079015,-0.0779999999999998,0.0220000000000002,1.3020004272460994,1.6699996948242273,0.0034476898050355143,0.8108108107932799,0.004476275738585497,-0.0006045364414566379,0.043450818016562254,0.3001580172202543,-0.00044879600587455215,0.003780266821521131,0.021728084395944647,0.010119451666662102,224.5,1.0,4.8867308296262696e-05,0.0011254123511055525
2018-08-30,4218.914,1.7802,342.543,3878.291,14.31188340807175,2.836,95.60600128173829,-6.756999999999607,-48.378799999999046,-0.6142839928093053,0.2473563810447245,-0.0380000000000002,-0.1080000000000001,-0.9599990844726562,1.0360015869140682,0.021728084395944647,0.8858381502838969,0.016387619295711274,0.025574391606353553,0.04667360697997225,0.8200849165493186,0.008839032766504884,0.010119451666662102,-0.018140052572998333,0.011280247961365108,-191.5,-1.0,0.00017854546400590036,0.0008305319122065173
2018-09-06,4208.496,0.4525,323.764,3874.5908,14.065237020316026,2.8600000000000003,94.79400024414062,-3.700200000000677,-26.514800000000378,-0.2466463877557245,-0.2288127534396302,0.0240000000000004,-0.1159999999999996,-0.8120010375976676,0.1300003051757698,-0.018140052572998333,0.0,0.01965702708569499,-0.0017335612645366094,0.014311576475193322,0.891643757798576,-0.011488328185752295,0.011280247961365108,0.010322954101444681,0.009692483312245122,107.0,1.0,-0.0001839422084340398,0.0013217529477191903
2018-09-13,4210.812,0.8754,303.654,3884.2795,14.430974477958236,2.885,95.17749786376952,9.688700000000154,-45.37770000000046,0.3657374576422114,0.29872677153622,0.0249999999999994,-0.0670000000000001,0.3834976196289119,-0.0865020751953125,0.010322954101444681,0.9999999999920635,0.012031798324142376,0.017044212979823836,0.03220639692474503,0.7721345429233228,0.002680476482986194,0.009692483312245122,0.0021724080307479188,0.015485165784207684,22.75,0.0,0.00011037661753342,0.0014102239646502847
2018-09-20,4208.059,7.7856,335.878,3906.2826,15.269711751662973,2.96,94.98400115966795,22.00310000000036,21.234600000000228,0.8387372737047354,0.3435443507819169,0.0750000000000001,0.0859999999999998,-0.1934967041015625,-1.5819992065429744,0.0021724080307479188,0.9999999999930436,0.013696998570747975,0.01575165138280621,0.052842775813206844,1.271400298622226,-0.006929007745039462,0.015485165784207684,0.004621248213434903,0.009997053717967547,48.5,1.0,2.5051295656213126e-05,0.0011063904321200891
2018-09-27,4192.909,13.1852,370.031,3864.3954,14.478783185840708,3.036,94.51400299072266,-41.88720000000012,-13.895600000000286,-0.7909285658222647,0.1668997777689576,0.076,0.2000000000000001,-0.4699981689453096,-1.0919982910156278,0.004621248213434903,0.9999999999906323,0.010124721392327026,-0.0012551211310298793,0.05082972043653755,0.8715077110448958,0.010204641198402697,0.009997053717967547,-0.013562858633281216,0.014849877547938201,-143.0,-1.0,4.161617817120858e-05,0.001050269073448095
2018-10-04,4174.704,12.4258,368.007,3809.6928,14.105261958997724,3.0740000000000003,94.36000061035156,-54.70260000000008,-64.89799999999968,-0.3735212268429855,0.0400249386816966,0.0380000000000002,0.2139999999999999,-0.1540023803710966,-0.4339996337890568,-0.013562858633281216,0.0,0.01550406230469689,0.0034007862810834233,0.010689470871191986,1.3081564821883762,-0.010035648728299984,0.014849877547938201,-0.04646411230229319,0.03370845902123984,-483.25,-1.0,-0.00012023003453426184,0.001128105474734129
2018-10-11,4176.906,2.09025,324.721,3794.2712,14.029685393258427,3.106,95.502001953125,-15.421600000000126,-90.00829999999996,-0.0755765657392952,-0.40128908469981,0.0319999999999995,0.221,1.1420013427734403,0.3245040893554716,-0.04646411230229319,0.0,0.04083793390304772,-0.05299720690396048,-0.03486448348012261,2.588331184922293,0.00041878880295853627,0.03370845902123984,0.010764072701605842,0.04113509082232405,106.75,1.0,-0.0003354759928577999,0.003129011679321599
2018-10-18,4175.446,2.4512,332.923,3850.09475,16.444235033259424,3.2,95.51999969482422,55.82355000000007,-56.18785000000025,2.414549640000997,1.1745232815964517,0.0940000000000003,0.2400000000000002,0.0179977416992187,0.5359985351562528,0.010764072701605842,0.22091974751949173,0.027658619313647246,-0.044878513577894186,-0.030420273734100722,2.6361025036527783,0.002654325846974892,0.04113509082232405,-0.02107442138866722,0.03454925965296144,-211.25,-1.0,4.577466440557198e-05,0.002226667444919375
2018-10-25,4173.07,3.9918,369.576,3840.0718,17.898480176211454,3.166,95.36400146484377,-10.022950000000035,-24.32360000000017,1.4542451429520291,3.419696990370745,-0.0340000000000002,0.1299999999999999,-0.1559982299804687,0.8499984741210938,-0.02107442138866722,0.2829153605006805,0.03250872589233395,-0.06930810451937208,-0.04670423082527808,2.077022544123577,0.004186837163321355,0.03454925965296144,0.015413620035158448,0.028895396676893927,151.25,1.0,-0.0002882381163407043,0.003243992735079125
2018-11-01,4139.731,2.7844,373.368,3799.5022,19.38138461538462,3.162,96.15800018310549,-40.56959999999981,-10.190599999999904,1.482904439173165,5.276122656386896,-0.004,0.0879999999999996,0.7939987182617188,1.797999572753909,0.015413620035158448,0.9999999999970718,0.03427338418305901,-0.041969136099226034,-0.040377531119832444,1.5465040238711483,6.460345205017148e-05,0.028895396676893927,0.008856884785226837,0.026887370618022724,88.25,1.0,0.0002090565801379162,0.0033077056309246382
2018-11-08,4141.936,1.7112000000000005,319.984,3763.5786,20.74492307692308,3.114,96.67200012207032,-35.923599999999624,-30.6925999999994,1.363538461538461,6.715237683664652,-0.048,0.008,0.5139999389648438,1.1699981689453125,0.008856884785226837,0.8048327137516549,0.026760178069586412,0.013612644634349191,-0.023745356544540797,1.3422426221423978,-0.01264114013121187,0.026887370618022724,-0.024919794075953128,0.030824451518288477,-250.5,-1.0,6.85429740578908e-05,0.0021187908362406077
2018-11-15,4145.892,0.655,341.094,3820.2408,18.47417218543046,3.22,96.36999969482422,56.66219999999976,-29.853949999999717,-2.270750891492618,2.029937152171037,0.1060000000000003,0.02,-0.3020004272460994,0.8499999999999943,-0.024919794075953128,0.5598859315568065,0.026831943275435508,-0.022171787709497237,-0.05134409252582928,1.3831705149419322,-0.002833083285442184,0.030824451518288477,-0.03461116637335171,0.02757793426316352,-339.25,-1.0,-0.00024168515362683126,0.0023681908450632317
2018-11-22,4106.198,16.575,330.202,3804.143,18.570442477876107,3.14,97.09600219726562,-16.097800000000007,-35.92879999999968,0.0962702924456451,0.671962301664653,-0.08,-0.0259999999999998,0.7260025024414034,1.7320007324218665,-0.03461116637335171,0.12060647829050143,0.03833553500660502,-0.03569335813100305,-0.10365406019845125,1.1616539213070851,-0.008603561810614058,0.02757793426316352,0.03561426684280056,0.02443444680208665,337.0,1.0,-0.00032030892090687815,0.0022463924895086773
2018-11-29,4097.17,3.4876,340.596,3759.421,19.593784403669723,3.065,96.54500007629396,-44.72199999999975,-40.081199999999626,1.0233419257936165,0.2123997882851043,-0.0750000000000001,-0.0969999999999999,-0.551002120971674,0.3869998931884737,0.03561426684280056,0.987088444154972,0.03951732231236287,-0.01650943396226412,-0.054581413858807104,0.983815337429926,0.005867233738490851,0.02443444680208665,-0.009056584519618327,0.036041095341711495,-88.75,-1.0,0.00035867509068386794,0.0020648589909924584
2018-12-06,4086.044,2.686666666666667,337.564,3753.0864,19.02621867881549,3.054,96.98600006103516,-6.334600000000137,-10.49220000000014,-0.5675657248542336,-1.7187043981075902,-0.0110000000000001,-0.06,0.4409999847412109,0.3139999389648409,-0.009056584519618327,0.08333333333300653,0.026259557706665295,-0.033972493720311414,-0.07271598749074937,1.333268621495256,0.007093237301596278,0.036041095341711495,-0.007465952681306787,0.025428542378796447,-72.5,-1.0,-7.599970710420076e-05,0.00265155794912865
2018-12-13,4088.314,1.6573999999999998,334.967,3745.7933333333335,18.455280373831776,2.9425,97.02249908447266,-7.293066666666618,-74.44746666666651,-0.5709383049837129,-0.0188918115986851,-0.1114999999999999,-0.2775000000000003,0.0364990234375,0.6524993896484403,-0.007465952681306787,0.8831615120214217,0.015096101470702668,-0.016680694773892446,-0.08163411148165789,0.912701345965028,0.006559941276769621,0.025428542378796447,-0.046559282027338944,0.015921120757241364,-448.75,-1.0,-0.00012354643141889913,0.002420902571738752
2018-12-20,4084.274,4.489800000000001,350.714,3751.6896,20.516849015317288,2.882,97.04400024414062,5.896266666666179,-52.45340000000033,2.061568641485511,1.946406537441181,-0.0604999999999997,-0.258,0.021501159667963,-0.052001953125,-0.046559282027338944,0.0,0.03234670003808695,-0.028850726552179684,-0.1284203537724664,0.5615040090586687,0.0011974789543712783,0.015921120757241364,-0.00019043473529567478,0.07332583796431338,-1.75,0.0,-0.000361215762337155,0.003272664656592556
2018-12-27,4075.636,5.2175,374.085,3729.0702,21.57226872246696,2.826,97.0,-22.619399999999587,-30.350800000000163,1.055419707149671,1.978484318797236,-0.0560000000000004,-0.2390000000000003,-0.0440002441406193,0.4549999237060547,-0.00019043473529567478,0.9999999999976825,0.04696470844330766,-0.06242665442114392,-0.11660497091485988,2.20678717307942,-0.00306329035378039,0.07332583796431338,-0.017577752986313255,0.028366094908256246,-161.5,-1.0,1.404466898666651e-05,0.004308553431483477
2019-01-03,4058.378,17.93425,379.902,3696.3335,24.738611898016995,2.7775,96.76000213623048,-32.73670000000038,-56.75290000000041,3.166343175550036,5.7123932192015054,-0.0484999999999997,-0.2764999999999999,-0.2399978637695312,-0.2259979248046875,-0.017577752986313255,0.0,0.023154687716382773,-0.0704888911773035,-0.08984345458670495,0.865289012927767,-0.0021087727931555778,0.028366094908256246,0.051322531505331614,0.025356743194113435,463.25,1.0,-0.00012125509163321919,0.003252671448002411
2019-01-10,4056.563,2.6420000000000003,356.698,3660.54175,24.546406685236768,2.6575,96.42249870300292,-35.79174999999941,-85.2515833333332,-0.1922052127802267,6.091126311404992,-0.1199999999999996,-0.2849999999999997,-0.337503433227539,-0.6000003814697266,0.051322531505331614,0.9999999999947713,0.020153854259971547,-0.015433299613519025,-0.053322027134876326,0.8058110033680594,0.002690059978188941,0.025356743194113435,0.009984719953632926,0.018083785786490305,94.75,1.0,0.0003793598801583934,0.0019963278548777285
2019-01-17,4050.044,1.7236,351.18,3697.223,20.84946547884187,2.716,95.71200103759766,36.68125000000009,-54.46659999999929,-3.696941206394897,0.3326164635245838,0.0584999999999999,-0.1659999999999999,-0.7104976654052706,-1.3319992065429602,0.009984719953632926,0.9999999999942858,0.01825912304040483,0.042956635290277045,-0.02328603092914827,0.6008853486608747,-0.0030959840260722515,0.018083785786490305,-0.004695203067532683,0.02099676565893502,-45.0,-1.0,0.0001147485749702229,0.0014530271792530835
2019-01-24,4047.052,12.52625,389.626,3697.1404,19.207814569536424,2.724,95.8719985961914,-0.082600000000184,-31.929799999999886,-1.6416509093054472,-2.3644541529305343,0.008,-0.1019999999999994,0.1599975585937443,-1.1280014038085966,-0.004695203067532683,0.1574239713763333,0.014649998689624447,0.038257462381976026,-0.04262846246487351,0.7132776578263409,-0.004303936145238274,0.02099676565893502,0.02513300311869382,0.02852292880797724,239.75,1.0,-5.633678579285738e-06,0.0015363996079142148
2019-01-31,4039.678,1.3321999999999998,403.276,3644.899750000001,19.062654028436015,2.7525,96.34000015258788,-52.24064999999973,-51.43374999999924,-0.145160541100406,-5.6759578695809765,0.0284999999999997,-0.0249999999999999,0.4680015563964872,-0.4200019836425781,0.02513300311869382,0.9999999999963769,0.02822374475917783,0.0833956515718044,-0.027182968987042755,0.9644820484159635,0.0030569110566929236,0.02852292880797724,-0.0009459044892116131,0.015363935679098084,-9.25,0.0,0.00013612134098414156,0.0018448480390708918
2019-02-07,4026.35,2.2223999999999995,352.375,3635.0698,18.52280087527352,2.712,95.65599975585936,-9.82995000000028,-25.471950000000103,-0.5398531531624968,-6.023605809963247,-0.0404999999999997,0.0544999999999999,-0.6840003967285213,-0.7664989471435604,-0.0009459044892116131,0.21305182341487103,0.013331968576473298,0.029532641340428878,-0.003264723136174652,0.5431843897338615,-0.0007927182147018375,0.015363935679098084,0.011694260344430552,0.010483750097174576,114.25,1.0,-9.972905083396756e-06,0.0012223471909216515
2019-02-14,4028.431,1.7436,359.109,3671.7526,17.101735159817352,2.698,96.09199981689451,36.68279999999959,-25.47040000000061,-1.4210657154561694,-3.74773031902452,-0.0140000000000002,-0.0180000000000002,0.4360000610351591,0.3799987792968693,0.011694260344430552,0.9999999999905212,0.010673816268717119,0.031275269322064814,0.04454425363276093,0.39030476281684834,-0.0004093094426078636,0.010483750097174576,0.0014923108053419565,0.007627999404300706,14.75,0.0,0.00010474580062134295,0.0011191573702930104
2019-02-21,3981.42,2.8095,333.896,3667.5784,16.902092511013215,2.666,96.90399932861328,-4.174199999999473,-29.561999999999895,-0.1996426488041365,-2.3057220585232088,-0.032,-0.0580000000000002,0.8119995117187528,1.0320007324218778,0.0014923108053419565,0.0,0.003914635686324031,0.037686400922504415,0.010128067758559123,0.2996085765582767,-0.007817407632441986,0.007627999404300706,0.006869554236646147,0.0069605991063834615,68.0,1.0,4.5817572587085905e-05,0.0011546029773390736
2019-02-28,3974.59,3.037,310.574,3644.7145,16.21,2.6625,96.62499809265135,-22.863900000000285,-0.1852500000004511,-0.6920925110132146,-2.8526540284360173,-0.0034999999999998,-0.0899999999999998,-0.279001235961914,0.2849979400634765,0.006869554236646147,0.3799999999898667,0.003762510346903454,0.019199304632375513,0.026362536364338496,0.30215512313827453,0.0037199479374334654,0.0069605991063834615,-0.007525020693806894,0.012363517609419698,-75.0,-1.0,9.521171104147316e-05,0.0010250468193996726
2019-03-07,3969.134,2.1766,220.045,3660.979,15.535790645879732,2.676,96.24600219726562,16.264500000000226,25.90920000000005,-0.6742093541202685,-2.987010229393789,0.0134999999999996,-0.0360000000000004,-0.3789958953857422,0.5900024414062557,-0.007525020693806894,0.0,0.013951019789218288,0.012487525269326172,0.026301455139677854,0.56331577962017,0.0028659488808361333,0.012363517609419698,0.021988020319963608,0.014915309556038356,217.5,1.0,-0.00011775809382277098,0.001421509621440738
2019-03-14,3971.559,0.0192,245.972,3746.9124,15.60352808988764,2.7060000000000004,96.9199996948242,85.93339999999989,75.15980000000036,0.067737444007907,-1.4982070699297123,0.0300000000000006,0.0080000000000004,0.6739974975585881,0.8279998779296847,0.021988020319963608,0.8818181818146189,0.024482528377476075,0.022789356535815486,0.10008705587899236,0.6821876684238585,0.004236094047112671,0.014915309556038356,0.02643618468234532,0.010225326952314259,267.25,1.0,0.00023849366228718212,0.0011007284017176158
2019-03-21,3962.748,1.3454000000000002,303.623,3725.5678,16.02609756097561,2.622,96.97400207519532,-21.344600000000355,57.98939999999948,0.4225694710879715,-0.8759949500376045,-0.0840000000000005,-0.044,0.0540023803711022,0.070002746582034,0.02643618468234532,0.9999999999947713,0.018431070206717103,0.04826366965525941,0.12938423444260017,0.615777189444845,0.011517458340773334,0.010225326952314259,-0.017587818628632013,0.016561748975041507,-182.5,-1.0,0.00019129546310080604,0.0013839952652035846
2019-03-28,3955.617,1.2784,310.868,3657.7796,15.096563192904656,2.576,96.35199890136718,-67.78819999999996,13.065099999999802,-0.9295343680709536,-1.1134368070953435,-0.0460000000000002,-0.0865000000000004,-0.6220031738281335,-0.2729991912841853,-0.017587818628632013,0.4142011834221491,0.004144594859721405,0.022800812702234996,0.12937266306605744,1.0601644714982497,-0.005447991218949455,0.016561748975041507,0.020551304689032657,0.009729384001315755,209.5,1.0,-0.00012540174012448717,0.0018622656694613543
2019-04-04,3935.509,0.2784,310.188,3643.4706,16.206474501108648,2.412,96.78599853515624,-14.308999999999742,-17.508400000000165,1.1099113082039906,0.6706838552289156,-0.1639999999999997,-0.2639999999999998,0.433999633789071,0.5399963378906278,0.020551304689032657,0.8858321870652774,0.017470082183880426,0.05173503171835114,0.09631698192739346,0.679445822637712,0.002265844221161828,0.009729384001315755,0.005358773489690938,0.007847270293420298,55.75,1.0,0.00016921745302188548,0.0009557149515180761
2019-04-11,3936.784,0.7123999999999999,262.617,3625.0426,15.165950226244345,2.482,97.25799865722657,-18.42800000000034,-121.8698000000004,-1.040524274864303,-0.4375778636432947,0.0700000000000002,-0.2240000000000002,0.4720001220703125,0.3379989624023523,0.005358773489690938,0.4999999999895834,0.0045892391901905015,0.034621757301481315,0.09129561520202412,0.5827233697131727,0.002741543391544754,0.007847270293420298,0.009106771518034185,0.0034774358432728266,95.25,1.0,4.0785434525106424e-05,0.0006254783046525661
2019-04-18,3931.827,0.18725,285.264,3673.4546,15.747260579064587,2.504,97.11800079345704,48.41200000000026,-52.11319999999978,0.5813103528202443,-0.2788369819110219,0.0219999999999997,-0.1179999999999998,-0.1399978637695369,0.143998718261713,0.009106771518034185,0.9999999999845559,0.006134824008716661,0.0171541463884739,0.10642870246612679,0.2896270126927682,0.0038134642886817893,0.0034774358432728266,0.008148183239376605,0.013234382104497058,86.0,1.0,8.346127480592154e-05,0.0007028973641960768
2019-04-25,3928.273,4.2330000000000005,378.602,3646.37575,14.728099762470308,2.574,97.08600158691408,-27.078849999999875,-11.403849999999691,-1.0191608165942814,-0.3684634304343497,0.0699999999999998,-0.0019999999999997,-0.031999206542963,0.7340026855468835,0.008148183239376605,0.5641592920304056,0.010619801701047883,0.04380027467137526,0.08809694242765098,1.2331063892345753,0.003459781623681213,0.013234382104497058,-0.006038250082233021,0.006805087521450924,-64.25,-1.0,7.841508276662636e-05,0.0010396235541019207
2019-05-02,3889.691,0.319,400.498,3545.438,14.41498673740053,2.5575,97.7874984741211,-100.93775000000004,-98.0326,-0.3131130250697769,-1.7914877637081172,-0.0164999999999997,0.1455000000000001,0.7014968872070284,1.001499938964841,-0.006038250082233021,0.0,0.010022455974471102,0.016604988705724022,0.0825507305714066,0.67919670561925,-0.003525506884587859,0.006805087521450924,-0.013142654532561138,0.020338520898738277,-139.0,-1.0,-2.532976205171499e-05,0.0014584266064140794
2019-05-09,3892.216,0.315,348.357,3488.874,14.601832946635732,2.526,97.77400207519533,-56.56400000000031,-136.16859999999997,0.1868462092352008,-0.5641172796086131,-0.0315000000000003,0.0439999999999995,-0.0134963989257812,0.5160034179687472,-0.013142654532561138,0.0,0.02584493041749503,-0.002103401295504015,0.05597430190206398,1.8761523789243726,-0.00025939557185872264,0.020338520898738277,0.00047905339050036133,0.036549302302248614,5.0,0.0,-0.00017773775786631514,0.0022568890780375705
2019-05-16,3864.749,0.7924,323.786,3543.544,16.94625,2.4880000000000004,97.53199920654296,54.67000000000007,-129.91060000000016,2.344417053364268,1.1989894209354102,-0.0379999999999993,-0.0159999999999995,-0.2420028686523494,0.4139984130859346,0.00047905339050036133,0.9661590524501992,0.02829849888673418,-0.010635274053721111,0.054905922464957735,2.7583011193075926,-0.0011979425992918458,0.036549302302248614,-0.02769996887643944,0.01751376188569632,-289.25,-1.0,2.4115593944382482e-05,0.0021961999041024637
2019-05-23,3860.435,6.0382,282.864,3540.1706,17.713179824561404,2.412,97.51799926757812,-3.373399999999947,-106.20515000000024,0.7669298245614051,2.9850800620910967,-0.0760000000000005,-0.1619999999999999,-0.0139999389648437,0.431997680664054,-0.02769996887643944,0.0,0.01974785777602679,-0.04581551618814905,0.018687134722953802,1.2394659338177882,-0.010521340255097211,0.01751376188569632,-0.0054909878853540706,0.01103383409698354,-55.75,-1.0,-0.0001961266769454136,0.0016510251633614617
2019-05-30,3851.444,2.682,247.777,3571.5328,16.747627494456765,2.386,97.98999938964845,31.36220000000003,26.09479999999985,-0.9655523301046394,2.332640757056234,-0.0259999999999998,-0.1714999999999999,0.4720001220703125,0.202500915527338,-0.0054909878853540706,0.39447236180508066,0.009854168214117706,-0.04529015482803456,0.020774888164379446,0.7870471098633619,0.0031003319191192924,0.01103383409698354,0.002673995394785633,0.030580377918373303,27.0,0.0,-0.00012125440472343051,0.0013846846816585536
2019-06-06,3847.645,1.6931999999999998,223.638,3600.985,17.184988235294117,2.2625,97.96249961853027,29.452200000000172,112.11100000000032,0.4373607408373523,2.5831552886583857,-0.1234999999999999,-0.2634999999999996,-0.0274997711181583,0.1884975433349609,0.002673995394785633,0.9999999999965339,0.02849593797071388,-0.02998874224532322,0.0014837895986348215,1.9954956681125156,-0.013835790949155768,0.030580377918373303,0.023754846037978172,0.015873219803918946,240.5,1.0,7.708488834409174e-05,0.001848138383124943
2019-06-13,3849.955,1.6764,187.56,3622.3138,17.55213186813187,2.114,97.27200012207032,21.328799999999774,78.76980000000003,0.3671436328377524,0.6058818681318705,-0.1485000000000003,-0.3740000000000005,-0.6904994964599638,-0.2599990844726534,0.023754846037978172,0.9999999999903147,0.009961648857907813,-0.007421772127654491,-0.0011323664048571436,1.0049292533495309,0.00942398692134705,0.015873219803918946,0.021249909549193147,0.012524124218673063,220.25,1.0,0.00019368406591800127,0.001614802611691716
2019-06-20,3844.016,14.343799999999998,198.398,3660.7186,17.021409090909092,2.124,96.81400146484376,38.40480000000025,120.54800000000024,-0.5307227772227776,-0.6917707336523122,0.0099999999999997,-0.2880000000000002,-0.457998657226554,-0.7039978027343636,0.021249909549193147,0.9999999999962229,0.025011809163911197,0.042549000295479145,0.03835589562487729,0.8101566676792834,0.0035713122444547274,0.012524124218673063,-0.007770429853566352,0.014272664311910366,-82.25,-1.0,0.00016229966200276183,0.001273441556795162
2019-06-27,3826.817,12.6978,248.302,3631.2742,16.456,2.056,97.30399932861329,-29.444400000000314,59.741399999999885,-0.5654090909090925,-0.2916274944567654,-0.0679999999999996,-0.33,0.4899978637695312,-0.6860000610351449,-0.007770429853566352,0.4749999999963462,0.012377710599604866,0.04015944935502236,0.009540058634113446,0.9011943629892882,0.00048814910129624245,0.014272664311910366,0.01875699221632421,0.008083254871767004,197.0,1.0,-4.475079705275826e-05,0.001160210528318018
2019-07-04,3813.198,18.78825,245.306,3565.8172,16.32507865168539,2.03,96.152001953125,-65.45699999999988,-35.16780000000017,-0.1309213483146081,-0.8599095836087258,-0.0260000000000002,-0.2325000000000003,-1.1519973754882926,-1.8104976654052791,0.01875699221632421,0.9999999999948388,0.018107899717283115,0.056843716818529844,0.022994000525850433,0.5097541380146181,-0.001128147769318355,0.008083254871767004,0.002920628986658569,0.011811762666905376,31.25,0.0,0.0001965837225118201,0.0012112423062856203
2019-07-11,3815.038,6.0866,211.115,3549.10375,15.298503740648378,1.9925,96.61749839782716,-16.713450000000194,-73.21005000000014,-1.026574911037013,-2.2536281274834917,-0.0374999999999998,-0.1214999999999999,0.4654964447021541,-0.6545017242431612,0.002920628986658569,0.9217221134957203,0.011904761904761904,0.0353361151981475,0.01672272490406934,0.7136287543765037,0.0018648114319319564,0.011811762666905376,0.0013745224117043264,0.010344717988112324,14.75,0.0,2.3564217736445854e-05,0.0013448533319348442
2019-07-18,3808.11,6.4672,197.005,3597.8364,15.785573033707864,2.072,97.25399932861328,48.732650000000376,-62.88220000000001,0.487069293059486,-1.2358360572012277,0.0795000000000001,-0.0519999999999996,0.6365009307861271,0.4399978637695199,0.0013745224117043264,0.47407407406939184,0.009422329758276528,0.015186584789796953,0.009891452469338757,0.6342217200155875,0.0032026759766037305,0.010344717988112324,0.00449014726752428,0.016150203938205213,48.25,1.0,2.7938053448650636e-05,0.0009955782702365506
2019-07-25,3803.436,10.956,193.362,3604.6378,15.309189189189189,2.088,97.03000030517578,6.801399999999831,-26.636399999999867,-0.4763838445186756,-1.1468108108108108,0.016,0.032,-0.2239990234375,-0.2739990234375113,0.00449014726752428,0.7119078104957137,0.018088753010932,0.027730832401037908,0.020588582909821573,0.9450286154099662,0.0019542216546755142,0.016150203938205213,-0.016073744672966517,0.010356243083514486,-173.5,-1.0,3.841648295262287e-05,0.0012842633617196205
2019-08-01,3779.102,4.579,163.763,3599.118,14.984196428571428,2.062,97.53400115966797,-5.519800000000032,33.30079999999998,-0.3249927606177607,-1.3408822231139634,-0.0260000000000002,0.032,0.5040008544921903,1.3819992065429716,-0.016073744672966517,0.0,0.01991431665175839,-0.007406715110166107,0.017557306761838642,0.6370019399326946,-0.000756150518947396,0.010356243083514486,-0.006826420601666605,0.0431223332271818,-72.5,-1.0,-0.0001794762083425057,0.0019778509571588055
2019-08-08,3781.543,3.3793999999999995,131.704,3610.76,15.04047191011236,2.024,98.20200042724608,11.641999999999824,61.65625,0.0562754815409327,-0.2580318305360176,-0.0379999999999998,0.0315,0.667999267578125,1.5845020294189425,-0.006826420601666605,0.999999999997147,0.033229048160788775,-0.01705339670114625,0.010127127774186562,2.565959164408834,-0.003401274319377423,0.0431223332271818,-0.02270572620401967,0.03424855805258156,-239.5,-1.0,-7.792378823254497e-05,0.002836399113993343
2019-08-15,3786.018,3.881,129.957,3646.4596,19.19438596491228,1.754,97.6779998779297,35.69960000000037,48.6232,4.153914054799918,3.408812931204414,-0.27,-0.318,-0.5240005493163977,0.4240005493164176,-0.02270572620401967,0.028929604628625153,0.025149148760731436,-0.04069050554870535,0.015315670245247714,1.8817777530923576,0.0035007752996321084,0.03424855805258156,0.020856574671387795,0.018345605953681027,215.0,1.0,-0.00012040464344672397,0.0029705943968537894
2019-08-22,3764.866,14.198000000000002,125.725,3652.18,19.31171052631579,1.636,97.76199798583984,5.720400000000154,47.54220000000032,0.1173245614035103,4.0025213371266,-0.1180000000000001,-0.4520000000000002,0.0839981079101477,0.7319976806640653,0.020856574671387795,0.7184115523413833,0.01316102057300328,-0.0250602186399852,0.0422144643343485,0.975341283123621,-0.000834601799200474,0.018345605953681027,7.126906447485482e-05,0.027207859913193525,0.75,0.0,0.00017305284210321383,0.001590997940620247
2019-08-29,3759.946,3.7268,145.957,3624.943,18.28831140350877,1.582,98.23000030517578,-27.23700000000008,25.825000000000276,-1.0233991228070174,3.3041149749373435,-0.0539999999999998,-0.4799999999999997,0.4680023193359375,0.6959991455078125,7.126906447485482e-05,0.9999999999951807,0.01971636933748248,-0.009062661833246999,0.03950909943946468,1.4684425393913787,-0.001224160946320385,0.027207859913193525,0.013635175903271124,0.02107202881434542,143.5,1.0,-1.5796245530368788e-05,0.0025958256098126764
2019-09-05,3761.508,4.08575,148.74,3610.2622,19.30934640522876,1.504,98.08800048828124,-14.68080000000009,-0.4977999999996427,1.0210350017199872,4.268874495116398,-0.078,-0.52,-0.1419998168945255,-0.113999938964838,0.013635175903271124,0.9999999999957984,0.02231023411684751,0.011352863102009891,0.029233700764610848,1.1112993772220863,0.0006257602488473069,0.02107202881434542,0.006186871645848413,0.008603976134679843,66.0,1.0,0.00011934280667443971,0.001664779817840515
2019-09-12,3769.673,2.8712,185.342,3608.68225,18.516850574712645,1.5025,98.68249893188477,-1.5799500000002809,-37.7773500000003,-0.7924958305161134,-0.6775353901996333,-0.0015,-0.2515,0.5944984436035128,1.0044990539550724,0.006186871645848413,0.9999999999906103,0.009921975078607197,0.04125236455352388,0.014052905054322107,0.46171218518368634,-0.005094524693019187,0.008603976134679843,0.00037265634098049283,0.005211185819525953,4.0,0.0,6.534244053253134e-05,0.0013350061924649694
2019-09-19,3844.695,6.1232,250.226,3581.4598,17.57016018306636,1.688,98.39199981689453,-27.222450000000208,-70.72020000000066,-0.9466903916462854,-1.741550343249429,0.1855,0.052,-0.29049911499024,0.6300018310546847,0.00037265634098049283,0.9999999999746836,0.003678610509650532,0.020359196084952735,0.02237509223774725,0.2914564285293519,-0.0013111996893289124,0.005211185819525953,-0.012176666433843186,0.017017735281725743,-130.75,-1.0,-1.0602520971229576e-07,0.0011905721779367766
2019-09-26,3857.715,4.0902,314.189,3588.3458,16.90128035320088,1.828,98.40800018310549,6.886000000000422,-36.59720000000016,-0.6688798298654781,-1.3870310503078898,0.1400000000000001,0.246,0.016000366210946,0.1779998779296931,-0.012176666433843186,0.4511930585644148,0.010865466201565005,0.007862793073140528,-0.008668426832402654,0.9137357520533784,-0.00447196656692439,0.017017735281725743,-0.01213821061563114,0.02369774486992628,-128.75,-1.0,-0.00013237616292629636,0.0016369374977594124
2019-10-03,3945.831,4.2888,335.171,3539.4358,17.06575892857143,1.706,98.73999938964845,-48.909999999999854,-70.82639999999992,0.1644785753705484,-2.2435874766573285,-0.1220000000000001,0.2019999999999999,0.3319992065429602,0.651998901367179,-0.01213821061563114,0.5005574135986598,0.021401474482857348,-0.017763820861943724,-0.023553256919206067,1.2081532903368088,0.007273097353593161,0.02369774486992628,0.009710590986090173,0.019634642221346442,101.75,1.0,-9.051618533162e-05,0.0018200987833378402
2019-10-10,3949.955,3.504,318.191,3606.371200000001,18.24935412026726,1.632,99.10399932861328,66.9354000000003,-2.311049999999341,1.1835951916958294,-0.2674964544453857,-0.0739999999999998,0.1295000000000001,0.3639999389648523,0.4215003967285184,0.009710590986090173,0.9518072289091098,0.013728733459357278,-0.014323978106439927,-0.015424702789474942,0.9630012657420182,0.0012884775395021197,0.019634642221346442,0.018194706994328902,0.011959213554395491,192.5,1.0,0.0001244998516332877,0.002020798577706649
2019-10-17,3966.471,1.87,324.604,3628.26,19.13315673289183,1.576,98.95399932861328,21.88879999999972,46.800200000000586,0.8838026126245708,1.5629965498254703,-0.056,-0.1119999999999998,-0.1500000000000056,0.5619995117187528,0.018194706994328902,0.931540342289178,0.009491761429566025,0.003236245954692629,-0.001991847322586615,0.5967742732424152,0.0019194553703729689,0.011959213554395491,-0.002274309584590406,0.014783512375918151,-24.5,0.0,0.00010850100972058374,0.0013031611948292798
2019-10-24,3968.7,15.6546,377.985,3639.997,17.259934354485775,1.76,98.13200073242189,11.73700000000008,51.65120000000024,-1.873222378406055,0.3586540012848935,0.1839999999999999,-0.068,-0.8219985961914062,-0.2759994506835994,-0.002274309584590406,0.7765363128404856,0.008327130628954224,0.013293108324691216,0.012005084506379271,0.7243730665934695,-0.004030297503393565,0.014783512375918151,0.015072571641235655,0.012629546463050001,162.0,1.0,-1.3187102722293485e-06,0.001187951652727933
2019-10-31,4019.823,0.6338,389.872,3575.0604,16.307511312217194,1.7760000000000002,97.4479995727539,-64.93660000000045,35.624599999999646,-0.9524230422685812,-0.758247616354236,0.0160000000000002,0.0700000000000002,-0.6840011596679716,-1.2919998168945312,0.015072571641235655,0.7218543046262006,0.00692025664527956,0.04120439958962607,0.03431930223739088,0.7068393262019401,0.006237906096431267,0.012629546463050001,0.012855178735105444,0.00695111644784507,140.25,1.0,0.00014848984574633862,0.0010342067779193142
2019-11-07,4039.443,1.9452,377.029,3629.3172,15.458146453089244,1.7920000000000005,97.65600128173828,54.25680000000011,22.945999999999454,-0.8493648591279488,-2.791207667178014,0.016,0.1600000000000001,0.2080017089843835,-1.447998046875,0.012855178735105444,0.999999999985765,0.0063573222325286755,0.044447069943289286,0.07195518261628764,0.44578878410304446,-0.0011147962440438697,0.00695111644784507,0.0031673491549963906,0.0035723715811629,35.0,1.0,6.842365782672601e-05,0.0008998950115107094
2019-11-14,4047.882,1.43375,381.955,3660.4688,15.629248291571754,1.822,97.76399993896484,31.151600000000144,32.20879999999988,0.1711018384825084,-3.5039084413200765,0.0299999999999995,0.2459999999999997,0.1079986572265596,-1.1899993896484349,0.0031673491549963906,0.6237623762129203,0.0022778015831848627,0.029032258064516148,0.05338052929158543,0.24874217696892834,0.00015137821798916207,0.0035723715811629,0.0008118896732143277,0.00770407754925146,9.0,0.0,7.200450363060139e-05,0.0009057086852180561
2019-11-21,4030.249,21.1056,368.813,3664.49325,15.917425287356322,1.89,98.27799987792967,4.024449999999888,24.49624999999969,0.2881769957845677,-1.3425090671294535,0.068,0.1299999999999999,0.5139999389648438,0.1459991455078153,0.0008118896732143277,0.0,0.006039164432025599,0.03221529586899896,0.05416062902344576,0.6048851991657513,-0.0011015935496381246,0.00770407754925146,0.016247155057800278,0.007915308544786157,180.25,1.0,-3.343320216834787e-06,0.0010670739346840853
2019-11-28,4052.875,0.7715000000000001,360.941,3640.3304,15.143640350877194,1.7879999999999998,97.91399993896484,-24.16285000000016,65.26999999999998,-0.773784936479128,-1.163870961340001,-0.102,0.0119999999999995,-0.363999938964838,0.4660003662109488,0.016247155057800278,0.9999999999942611,0.015455230830635505,0.03340971585701191,0.056877035926038655,0.6800072276679747,0.0026737289613538717,0.007915308544786157,-0.012905228613242281,0.011743220606233958,-145.5,-1.0,0.00010295133166048763,0.0007383878491896539
2019-12-05,4065.696,0.1833999999999999,346.971,3691.1625,14.249928229665072,1.76,98.3125,50.83210000000054,61.84530000000041,-0.893712121212122,-1.2082182234241738,-0.0279999999999998,-0.0320000000000002,0.3985000610351505,0.6564987182617159,-0.012905228613242281,0.34887218044902935,0.014938449096953904,0.007126535598742212,0.03682310469314087,0.9866893126863295,-0.0032147844678855897,0.011743220606233958,0.014017431934585378,0.01037200247888204,156.0,1.0,-7.787907553618242e-05,0.0014407846422577304
2019-12-12,4095.491,0.4641999999999999,326.865,3718.5416,15.41134433962264,1.78,97.78600006103515,27.379099999999653,58.07279999999992,1.1614161099575693,-0.217903951949113,0.02,-0.0419999999999998,-0.5264999389648466,0.0220001220703096,0.014017431934585378,0.9999999999908467,0.009680992467877713,0.01801944024717539,0.05096505320015843,0.8410840380772094,0.0003588290533675931,0.01037200247888204,0.014665485157288494,0.006944328815525807,165.5,1.0,0.00014726197803685196,0.0012159233127917036
2019-12-19,4137.052,4.8904,332.592,3768.1618,16.585202702702702,1.842,97.46200103759766,49.62019999999984,103.66854999999988,1.1738583630800612,0.6677774153463805,0.062,-0.0479999999999998,-0.3239990234374943,-0.8159988403320284,0.014665485157288494,0.9999999999934427,0.013318195711977643,0.032111228789688306,0.07952295653813524,0.6042615249183839,0.004945031983057735,0.006944328815525807,0.011418715339941432,0.006103210932257772,130.75,1.0,0.00010370407693718717,0.000689503510249751
2019-12-26,4165.591,7.0795,367.82,3799.5696,14.950067720090294,1.888,97.25599975585938,31.407799999999497,159.23919999999953,-1.6351349826124082,-0.1935726307868996,0.0459999999999998,0.1,-0.2060012817382812,-0.6580001831054716,0.011418715339941432,0.9999999999893048,0.008073394495412844,0.027207414962969523,0.10526566936272763,0.6087355827050422,0.0027213311944096485,0.006103210932257772,0.007555315704263377,0.016130883346441853,87.5,1.0,0.0001510892066142775,0.0004728204286912351
2020-01-02,4173.626,18.63425,382.553,3790.6915,14.64276397515528,1.9125,97.65250015258788,-8.878099999998994,99.529,-0.3073037449350142,0.392835745490208,0.0244999999999999,0.1524999999999998,0.3965003967285128,-0.6599998474121094,0.007555315704263377,0.999999999993671,0.013540439207284413,0.04849941594033602,0.10290642722117194,1.6571577848723376,0.0037377681494683568,0.016130883346441853,0.010048205677557487,0.01282879853650093,117.25,1.0,-5.967518065336241e-06,0.0012779380412373995
2020-01-09,4149.544,2.191,367.002,3772.43875,14.852853107344632,1.895,96.7249984741211,-18.252750000000106,53.89715000000024,0.2100891321893527,-0.5584912322780085,-0.0174999999999998,0.1149999999999999,-0.9275016784667968,-1.0610015869140597,0.010048205677557487,0.9999999999949749,0.016884439165111148,0.04439521488701814,0.09408215363193317,1.3081891973344186,0.0055894816594603824,0.01282879853650093,0.010563380281690238,0.012005632595542532,124.5,1.0,0.00016545462106797062,0.0016305012979776162
2020-01-16,4175.85,0.6516,350.987,3780.351,16.31711111111111,1.832,97.04799957275392,7.912249999999858,12.189200000000255,1.464258003766478,-0.2680915915915918,-0.0629999999999999,-0.01,0.3230010986328153,-0.41400146484375,0.010563380281690238,0.9999999999935588,0.013034717266277654,0.04017291821317848,0.10815965761071822,1.2538465348953851,-1.1722531809255088e-05,0.012005632595542532,0.009634356240292075,0.004637208317693768,114.75,1.0,7.30317595973968e-05,0.0009859591000971819
2020-01-23,4145.912,14.50975,403.941,3824.2114,15.289046563192905,1.82,97.3260009765625,43.86040000000003,24.641800000000785,-1.0280645479182056,0.3389788431026108,-0.0120000000000002,-0.068,0.278001403808588,0.0700012207031193,0.009634356240292075,0.9999999999872611,0.006527930812249226,0.038337830545062124,0.1022227314390467,0.520507507952119,0.007179734445834418,0.004637208317693768,-0.0026610673374773963,0.02718185381765026,-32.0,0.0,9.735372195972646e-05,0.0008978541266660478
2020-01-30,4151.63,0.8888,432.061,3727.46125,14.982592592592592,1.7825,97.59000015258788,-96.75014999999983,-63.23025000000007,-0.3064539706003124,0.3398286174373126,-0.0374999999999998,-0.1299999999999999,0.2639991760253934,-0.0625,-0.0026610673374773963,0.9999999999961796,0.021824776436745668,0.027809319764327878,0.08533743580461972,2.565558245318001,0.006682318189940584,0.02718185381765026,0.019948721155650162,0.03162236107115125,239.25,1.0,-3.061521745761426e-05,0.0020233454154939567
2020-02-06,4166.707,3.4574,413.322,3718.6802,16.629736263736262,1.626,97.93799896240236,-8.78105000000005,-53.758550000000014,1.6471436711436702,1.77688315639163,-0.1564999999999998,-0.2689999999999999,0.3479988098144559,1.2130004882812528,0.019948721155650162,0.9999999999978154,0.03742080523196403,0.03788393008654345,0.10349338084391424,2.4452030112359453,0.005508757580783508,0.03162236107115125,0.012875536480686733,0.013222415678010205,157.5,1.0,0.0001546129998892751,0.001813693295425731
2020-02-13,4182.689,0.5834,411.237,3749.9276,16.74759911894273,1.594,97.98399963378908,31.247399999999743,-30.42340000000013,0.117862855206468,0.4304880078316202,-0.0320000000000002,-0.2380000000000002,0.0460006713867215,0.9360000610351592,0.012875536480686733,0.9410404624233941,0.017453591606133977,0.04025859535703802,0.11679473601189816,0.9873170816816538,0.004604184852063931,0.013222415678010205,0.0009079903147699575,0.015287326384709516,11.25,0.0,0.00014532117759521697,0.0013623322191765963
2020-02-20,4171.57,3.28725,428.805,3770.8686,15.831086474501108,1.594,98.87000122070312,20.940999999999804,-53.34280000000035,-0.9165126444416228,0.5420399113082031,2.220446049250313e-16,-0.2259999999999997,0.8860015869140625,1.5440002441406335,0.0009079903147699575,0.0,0.008809595806874307,0.03126754121535935,0.09993791298948951,1.091437073370583,0.003006559472162662,0.015287326384709516,-0.1001108759197662,0.03418798323618603,-1241.5,-1.0,-5.5796571125804655e-05,0.001549421650313077
2020-02-27,4158.637,1.5619999999999998,439.365,3739.47775,15.526279069767442,1.5550000000000002,99.51250076293944,-31.390850000000228,12.016499999999269,-0.3048074047336655,0.54368647717485,-0.0389999999999999,-0.2274999999999998,0.6424995422363224,1.9225006103515625,-0.1001108759197662,0.0,0.09635072470261431,-0.06949742563525318,0.002763051487105761,2.1533024060713517,0.004974517911485399,0.03418798323618603,0.02383565940097232,0.054310825453161383,266.0,1.0,-0.0009940924020067285,0.003574837906069822
2020-03-05,4241.507,2.2428,374.515,3717.71,20.71934210526316,1.36,98.99200134277343,-21.767749999999523,-0.9702000000002045,5.193063035495717,4.089605841526897,-0.1950000000000002,-0.2660000000000002,-0.5204994201660185,1.054002380371088,0.02383565940097232,0.4401129943492879,0.03872831105179091,-0.0659513590844063,0.01247230837394775,2.7796726265033618,0.0071725532270778825,0.054310825453161383,-0.12546222348642322,0.09155366138029056,-1433.5,-1.0,0.0002673360423565633,0.005689073483431246
2020-03-12,4311.911,5.5920000000000005,380.556,3864.7492,27.88781181619256,1.038,97.35999908447266,147.0391999999997,114.82159999999976,7.168469710929401,11.14021269724983,-0.3219999999999998,-0.5559999999999998,-1.6320022583007727,-0.6240005493164062,-0.12546222348642322,0.0,0.1288998974205009,-0.1935230024213075,-0.12735251735732067,3.443245985429889,0.02765117568707265,0.09155366138029056,0.005429207635917921,0.12901201682862887,54.25,1.0,-0.0009975441550538547,0.007894944485186609
2020-03-19,4668.212,4.7794,362.576,3925.763,38.145611353711786,0.748,96.2480010986328,61.01380000000063,154.8944000000006,10.257799537519226,22.31452487921068,-0.29,-0.8460000000000001,-1.1119979858398494,-2.622000122070318,0.005429207635917921,0.2649985783335058,0.08751804110884387,-0.18988005241407113,-0.1325202374527793,3.502739526753493,0.010556988630045838,0.12901201682862887,0.05678594535410353,0.07971623483435038,570.5,1.0,2.6545176399598834e-05,0.011111136409487982
2020-03-26,5254.278,63.31079999999999,390.252,4300.8566,59.58472647702407,0.998,100.06800079345705,375.0935999999997,561.3788500000005,21.439115123312284,44.05844740725663,0.25,-0.5570000000000002,3.8199996948242183,0.5555000305175781,0.05678594535410353,0.9999999999988571,0.0824149948196289,-0.04863460202961534,-0.09013390465988214,1.892125293360415,-0.016038063291669236,0.07971623483435038,-0.02041537157389095,0.059491346303731214,-216.75,-1.0,0.0003697244352558384,0.008706806206330341
2020-04-02,5811.607,224.7308,429.267,4800.7152,52.05563596491228,0.8460000000000001,101.50399932861328,499.8585999999996,1083.0051999999996,-7.529090512111793,31.33629385964912,-0.1519999999999999,-0.5139999999999998,1.4359985351562443,2.511997985839841,-0.02041537157389095,0.45312499999891076,0.03999903848465181,-0.08975340787256858,-0.11757593755302898,1.2927541454752933,0.007945728774811145,0.059491346303731214,0.05771495877502941,0.05185739046384624,600.25,1.0,-0.00014639601905544112,0.004248892003167826
2020-04-09,6083.141,87.9558,698.578,5157.6092,48.50672489082969,0.674,99.29000091552734,356.89400000000023,1292.86,-3.5489110740825893,20.618913074637128,-0.172,-0.364,-2.213998413085932,1.9300018310546816,0.05771495877502941,0.999999999998581,0.06406526976046543,0.10090319997998454,-0.07640317367029092,1.0510201830359338,-0.02626302990030349,0.05185739046384624,0.04606608790509514,0.03804397653453551,506.75,1.0,0.0006229269099794148,0.004463915127931299
2020-04-16,6367.887,5.16875,889.815,5296.6072,38.72156177156177,0.708,100.1780014038086,138.9980000000005,1370.8442,-9.78516311926792,0.575950417849981,0.0339999999999999,-0.04,0.88800048828125,3.930000305175781,0.04606608790509514,0.9999999999975431,0.035369006495904756,0.14539889513761017,-0.043076027525415284,0.7298751729666533,0.04378533452075151,0.03804397653453551,-0.011775185209324524,0.03507966923198976,-135.5,-1.0,0.0006084816696495678,0.0032797839175430286
2020-04-23,6573.136,11.5058,901.331,5472.903249999999,35.71398976982097,0.69,99.43249893188477,176.296049999999,1172.046649999999,-3.0075720017407974,-23.8707367072031,-0.018,-0.308,-0.7455024719238281,-0.6355018615722656,-0.011775185209324524,0.44267726971386967,0.033174313540132346,0.07108881981727411,-0.051820815875596726,0.6646129809558992,-0.009793242905867139,0.03507966923198976,0.034273528700507816,0.03297427228499317,389.75,1.0,-0.00028031638874820444,0.003180997263606611
2020-04-30,6655.929,5.6664,997.507,5660.2992,38.48748908296943,0.62,100.16399993896484,187.395950000001,859.5840000000007,2.773499313148463,-13.568146881942845,-0.0699999999999999,-0.2260000000000001,0.7315010070800838,-1.339999389648426,0.034273528700507816,0.848460931331181,0.026931088721676658,0.130886276772193,-0.03850398528510113,0.6233939308349765,-0.0015458299343849013,0.03297427228499317,0.010139012881010157,0.03275275709853288,119.25,1.0,0.00022380723306634982,0.0031332978506148092
2020-05-07,6721.42,1.8366,1127.49,5652.7556,34.480000000000004,0.632,99.7759994506836,-7.543599999999969,495.1464000000005,-4.007489082969428,-14.026724890829684,0.012,-0.042,-0.38800048828125,0.4859985351562557,0.010139012881010157,0.9999999999974343,0.032805168023904215,0.08001909004136176,-0.04110169491525428,0.6007223485658233,0.016529696684177142,0.03275275709853288,-0.0023777960145613397,0.024909130425525557,-28.25,0.0,0.00028888061456598993,0.002514734616730658
2020-05-14,6934.227,3.1171999999999995,1177.494,5592.093400000001,34.967089715536105,0.658,99.59400024414064,-60.66219999999976,295.4862000000003,0.4870897155361007,-3.754472056025662,0.026,-0.0499999999999999,-0.1819992065429687,-0.5840011596679631,-0.0023777960145613397,0.3042720139483722,0.02419320818392744,0.030002824306415432,-0.044249571615764594,0.4502400946676422,0.007055492058046342,0.024909130425525557,0.023307319130984938,0.027729518547924388,276.25,1.0,-7.018480420251395e-05,0.002900517609344969
2020-05-21,7037.258,2.3094,1194.41,5753.6158000000005,31.84929824561404,0.6759999999999999,100.12200012207032,161.52239999999983,280.7125500000011,-3.117791469922068,-3.8646915242069326,0.0179999999999999,-0.014,0.5279998779296875,0.6895011901855526,0.023307319130984938,0.6664524421576699,0.03207255487993404,0.06656847011233968,0.08682990210354169,0.5061433429725234,-0.0026648329503944357,0.027729518547924388,0.00861589199216728,0.00378703341646598,104.5,1.0,0.00013685075671514846,0.0023237280972898578
2020-05-28,7097.316,1.082,1310.491,5840.5386,30.953960612691464,0.686,99.58600158691408,86.92279999999937,180.23939999999948,-0.8953376329225726,-7.533528470277968,0.0100000000000001,0.066,-0.5359985351562528,-0.5779983520507841,0.00861589199216728,0.9999999999814816,0.004414199006805224,0.04010967988776937,0.07067369756908737,0.07487868890484442,-0.01979279937974754,0.00378703341646598,0.01356957472462339,0.01044084972774058,166.0,1.0,0.00012348042139159193,0.002554187708583613
2020-06-04,7165.217,0.6702,1434.823,5785.743,29.70574712643678,0.6825,99.05249977111816,-54.79560000000038,132.98739999999907,-1.2482134862546843,-4.774252873563224,-0.0035,0.0504999999999999,-0.5335018157959013,-0.7234996795654354,0.01356957472462339,0.5301204819234528,0.010040929894953324,0.04364202596637412,0.24088668718256656,0.23828752344156107,-0.006259485104436413,0.01044084972774058,-0.0007661753735105359,0.04654750282136959,-9.5,0.0,0.00014760793989427868,0.001959748078744271
2020-06-11,7168.936,0.3278,1506.558,5729.7238,28.50144104803493,0.716,97.55999908447264,-56.01919999999973,137.6303999999991,-1.2043060784018458,-6.465648667501171,0.0334999999999999,0.0579999999999999,-1.4925006866455135,-2.03400115966798,-0.0007661753735105359,0.0,0.03797493896164168,0.04532798987555364,0.23324043199124067,1.2599427850755789,0.02611951017794778,0.04654750282136959,0.03908472729473966,0.020577874449956075,484.25,1.0,4.731525059650967e-05,0.0024410590826197255
2020-06-18,7094.69,0.8009999999999999,1560.85,5662.0502,29.22665934065934,0.808,96.51400146484374,-67.67360000000008,-91.5656000000008,0.7252182926244046,-2.622638904954698,0.092,0.1320000000000001,-1.0459976196289062,-3.607998657226574,0.03908472729473966,0.9999999999978071,0.03542022681373311,0.06144491394414109,0.2125835923518884,0.6427383433849154,0.0007079875951392367,0.020577874449956075,0.008175392263476855,0.025502011746398302,105.25,1.0,0.0002831461485764133,0.003332531530490318
2020-06-25,7082.302,0.0048,1623.942,5533.038999999999,34.61840611353712,0.724,97.10800018310547,-129.01120000000083,-307.499600000001,5.391746772877781,3.6644455008456553,-0.084,0.0379999999999999,0.5939987182617301,-2.478001403808591,0.008175392263476855,0.6045871559610841,0.020995049791012577,0.060981341834753566,0.24797480829787744,0.8738503850232955,0.01540782541323471,0.025502011746398302,0.020609819519617822,0.02722461468508793,267.5,1.0,6.334027605199299e-05,0.002352132276266058
2020-07-02,7009.04,0.2804,1657.62,5458.3552,32.82951859956236,0.7,97.18600158691406,-74.68379999999888,-327.3877999999995,-1.7888875139747569,3.123771473125583,-0.024,0.0174999999999999,0.0780014038085852,-1.8664981842041044,0.020609819519617822,0.9999999999979603,0.037009077698303354,0.06835090832106783,0.2041952638516431,1.0034590655768043,0.005037035132503753,0.02722461468508793,0.028063487270462595,0.021684148283280535,371.75,1.0,0.00017160238546038215,0.0021783037480425692
2020-07-09,6920.716,0.001,1653.098,5351.1396,31.51901531728665,0.662,97.38999938964844,-107.21559999999954,-378.5841999999993,-1.310503282275711,3.0175742692517176,-0.0379999999999999,-0.0539999999999999,0.2039978027343778,-0.169999694824213,0.028063487270462595,0.9999999999948784,0.014337114953922972,0.09917472103956904,0.1834712898390145,0.8415326116918459,0.02490455341064024,0.021684148283280535,-0.015842420237177413,0.02482901466572584,-215.75,-1.0,0.000226036660975122,0.002022852573623735
2020-07-16,6958.604,0.0008,1655.32,5267.617,29.490616438356163,0.6575,96.69999885559082,-83.52260000000024,-394.4331999999995,-2.0283988789304885,0.2639570976968244,-0.0045,-0.1505,-0.6900005340576172,0.185997390747076,-0.015842420237177413,0.0,0.024286060696498853,0.041071151157371366,0.17860047925780997,0.9966197602908803,-0.02988165135965981,0.02482901466572584,0.002723321706366244,0.036576493392837764,36.5,0.0,-5.355246440996333e-05,0.0031837536673541174
2020-07-23,6964.755,0.0006,1804.944,5303.283200000001,30.924266958424507,0.636,96.36000061035156,35.66620000000057,-229.7557999999981,1.433650520068344,-3.694139155112613,-0.0214999999999999,-0.0879999999999999,-0.3399982452392578,-0.7479995727539119,0.002723321706366244,0.0,0.029968190189184663,0.03544118496831472,0.1426476214768524,1.450676043244599,-0.005816498439845885,0.036576493392837764,0.01828599066168124,0.025395177262417388,245.75,1.0,-6.047137888217212e-05,0.002293178826073919
2020-07-30,6949.032,0.0616,1816.687,5159.8104,28.114934210526314,0.612,95.31000213623048,-143.47280000000046,-298.54479999999967,-2.8093327478981927,-4.714584389036048,-0.024,-0.0879999999999999,-1.0499984741210966,-1.8759994506835935,0.01828599066168124,0.9999999999970149,0.024479356960175374,0.03308358654009469,0.15186330829282668,1.032312496103507,0.012833427957210208,0.025395177262417388,0.03414322250639379,0.011326723763488242,467.25,1.0,0.0002474786985021788,0.0026100751690722574
2020-08-06,6945.237,0.031,1745.228,5132.2834,27.748810572687223,0.586,93.63000030517578,-27.527000000000044,-218.85620000000017,-0.3661236378390917,-3.770204744599429,-0.026,-0.076,-1.6800018310546818,-3.759999084472653,0.03414322250639379,0.9999999999973028,0.026197247787454293,0.03919300950912352,0.19403079519088795,0.48263695936723366,0.009771651752278787,0.011326723763488242,-0.006076772244696049,0.028055443643954188,-86.0,-1.0,0.00020961546608533042,0.0018609684940108422
2020-08-13,6957.277,0.0474,1669.733,5199.978,26.10537610619469,0.546,93.1979995727539,67.69459999999981,-67.63900000000012,-1.6434344664925329,-3.385240332161473,-0.0399999999999999,-0.1114999999999999,-0.4320007324218835,-3.50199928283692,-0.006076772244696049,0.9999999999966303,0.02109659646316538,0.04950476581298613,0.15974440894568698,1.1940735586205373,-0.011931281462434051,0.028055443643954188,0.02146983026748428,0.017470366337547456,302.0,1.0,8.993036122325555e-07,0.002357218180417094
2020-08-20,7010.637,0.0638,1643.505,5287.4966,27.20626931567329,0.6399999999999999,93.48600006103516,87.51859999999942,-15.786600000001272,1.100893209478599,-3.717997642751218,0.0939999999999998,0.0039999999999998,0.2880004882812557,-2.8740005493164062,0.02146983026748428,0.9999999999970888,0.023906878012284027,0.0691258812805775,0.17452434962091012,0.7091439958255155,0.018250016025998184,0.017470366337547456,0.033093800567222775,0.016587253200479546,475.5,1.0,0.00018729656887882384,0.001331314772415983
2020-08-27,6990.418,0.0046,1622.69,5367.0682,26.17632743362832,0.6799999999999999,92.77999877929688,79.57160000000022,207.2577999999994,-1.0299418820449695,-1.9386067768979949,0.04,0.0679999999999999,-0.7060012817382812,-2.530003356933591,0.033093800567222775,0.9103086779244955,0.028917894736842104,0.08467299963463648,0.19714902111014787,0.6595840181417807,0.0072945165282152225,0.016587253200479546,-0.01025684210526312,0.04832917698734904,-152.25,-1.0,0.0002988176735950001,0.0019796623053143433
2020-09-03,7017.492,0.0066,1639.159,5367.723399999999,25.858017817371937,0.682,93.11800079345704,0.6551999999992404,235.4399999999987,-0.3183096162563821,-1.8907927553152848,0.0020000000000001,0.096,0.3380020141601534,-0.5119995117187557,-0.01025684210526312,0.0,0.041588673722900996,0.038103481778515746,0.18577856696059247,1.9105065711252562,-0.004540837291785338,0.04832917698734904,-0.042354422625327626,0.05454994813987139,-622.25,-1.0,-0.0001818902575684733,0.0028382891075549753
2020-09-10,7010.614,0.00275,1611.083,5378.3264,28.398527472527476,0.686,92.48799896240234,10.603000000000977,178.34839999999986,2.5405096551555357,2.2931513663327827,0.004,0.14,-0.6300018310546847,-0.7100006103515568,-0.042354422625327626,0.24116743471532787,0.03470334239565009,0.00021327645961077835,0.09284216249805821,1.9393791841291104,-0.013065466498247469,0.05454994813987139,-0.009311086234163102,0.030227674478813936,-131.0,-1.0,-0.0002731141335555682,0.004312978710668251
2020-09-17,7064.475,0.0118,1614.855,5399.528249999999,35.16913043478261,0.7,93.20000076293944,21.201849999999467,112.0316499999999,6.770602962255136,7.96286111910932,0.0139999999999999,0.06,0.7120018005371094,-0.2859992980957031,-0.009311086234163102,0.0,0.02690438182698689,-0.02992709620169476,0.07388716605350854,1.0598267285905862,-0.010370870536887344,0.030227674478813936,-0.013165210840672237,0.031200163709347833,-183.5,-1.0,-9.622792113734556e-05,0.002838941771264456
2020-09-24,7093.161,0.0118,1680.688,5449.608200000001,30.943695652173915,0.682,93.1260009765625,50.07995000000119,82.54000000000087,-4.225434782608694,4.767368218545595,-0.0179999999999999,0.0020000000000001,-0.0739997863769588,0.3460021972656193,-0.013165210840672237,0.19578783151264967,0.023301041458405277,-0.07336421052631581,0.0383490290071149,1.081362827540412,0.014982752791162346,0.031200163709347833,0.0496555735291444,0.02112087703632476,683.0,1.0,-8.784518006907454e-05,0.0034688208645486138
2020-10-01,7056.129,0.4303999999999999,1679.152,5412.4612,31.23570806100218,0.682,93.83999938964844,-37.14700000000085,44.73780000000079,0.2920124088282634,5.377690243630241,0.0,0.0,0.713998413085946,0.7219985961914119,0.0496555735291444,0.9999999999977183,0.03035445273674915,-0.017271891910288217,0.060157139185666564,0.7332188551395259,0.01639913369831003,0.02112087703632476,-0.002476147599175804,0.039386576180775124,-35.75,0.0,0.0003209238203254153,0.002278763035911498
2020-10-08,7074.649,0.0446,1697.074,5376.5466,30.6704203539823,0.672,94.06600036621094,-35.914600000000064,-1.7798000000002503,-0.565287707019877,2.2718928814548285,-0.01,-0.014,0.2260009765625028,1.5780014038085994,-0.002476147599175804,0.9999999999967294,0.02122969032078878,0.02365086980471598,0.07455559493387542,1.312062647655693,-0.019778473180571132,0.039386576180775124,0.023260658241910814,0.032048940751774044,335.0,1.0,8.21717403966792e-05,0.0024046033303037682
2020-10-15,7151.426,0.00025,1680.998,5377.5304,31.2569844789357,0.766,93.68399963378906,0.9837999999999738,-21.997849999999744,0.5865641249533979,-3.91214595584691,0.0939999999999999,0.066,-0.3820007324218863,0.4839988708496037,0.023260658241910814,0.39959839357322735,0.02534437131030739,0.05730633329148205,0.0965641683873728,1.0812176099340511,0.013994625566953411,0.032048940751774044,-0.015216801248558065,0.010876023866117534,-224.25,-1.0,0.00015238018575675807,0.0022837056744132367
2020-10-22,7177.265,0.0028,1724.792,5470.427750000001,28.83369710467706,0.75,93.37999877929688,92.8973500000011,20.819550000000163,-2.4232873742586385,-2.109998547496854,-0.016,0.0679999999999999,-0.3040008544921875,0.253997802734375,-0.015216801248558065,0.0,0.01021515563900708,0.05510823533688369,0.06048593350383635,0.38253298735035096,-0.008874689627393573,0.010876023866117534,-0.021153813026476675,0.04056616764716785,-307.0,-1.0,-0.00010200096803776895,0.0024854144377014402
2020-10-29,7146.306,0.004,1680.933,5452.4702,29.225584988962478,0.8099999999999999,93.1479995727539,-17.957550000000992,40.009000000000015,0.3918878842854134,-2.010123072039704,0.0599999999999999,0.1279999999999999,-0.2319992065429659,-0.6919998168945369,-0.021153813026476675,0.3956665096554015,0.03736163173362899,-0.016068985818427417,0.003780317617340101,1.3141726576982176,0.014588695027744958,0.04056616764716785,0.0516516199426289,0.04764151154578342,733.75,1.0,-0.00028886514645983267,0.0025356174255560904
2020-11-05,7157.479,0.0002,1621.346,5465.369,31.733458149779736,0.818,93.2260009765625,12.898799999999936,88.82240000000002,2.5078731608172617,1.0630377957974346,0.008,0.1459999999999999,0.0780014038085994,-0.8399993896484403,0.0516516199426289,0.9999999999990293,0.06896147796110981,0.03732120538814043,0.06208122278503514,1.4658750728922645,0.000589399681644176,0.04764151154578342,-0.01716924930553232,0.03132045653509132,-256.5,-1.0,0.00047610687123621437,0.0038442160495389434
2020-11-12,7175.417,0.0,1600.837,5536.132799999999,31.35707692307692,0.844,93.51600189208985,70.76379999999972,158.60239999999976,-0.376381226702815,0.1000924441412216,0.026,0.0779999999999999,0.2900009155273437,-0.1679977416992102,-0.01716924930553232,0.4417077175688195,0.031107403119253557,-0.0036642464545022513,0.021905938440659023,0.9306451384681476,-0.023826719466870983,0.03132045653509132,0.011390723966491878,0.012559542591868105,167.25,1.0,-6.114095982375634e-05,0.003495254086502824
2020-11-19,7243.08,0.4237999999999999,1556.892,5574.58,25.971780219780214,0.9125,92.74200134277343,38.44720000000052,104.1522499999992,-5.385296703296703,-2.861916884896843,0.0685,0.1624999999999999,-0.7740005493164119,-0.6379974365234347,0.011390723966491878,0.8356481481404107,0.007272604838302385,0.02325541334343928,0.0004378947368421926,0.3769492522644495,7.041891406101008e-05,0.012559542591868105,0.011110924058517435,0.016268774377813048,165.0,1.0,8.351020267646852e-05,0.00195432468737146
2020-11-26,7216.48,0.1215,1517.215,5685.7642000000005,24.62140311804009,0.882,92.47200012207033,111.1842000000006,233.2940000000008,-1.3503771017401291,-4.604181870922385,-0.0304999999999999,0.072,-0.2700012207031221,-0.6759994506835909,0.011110924058517435,0.9999999999959515,0.01644994255839896,0.05698396775953407,0.0220365517476091,0.5308401098680269,-2.375250563946274e-05,0.016268774377813048,0.020645676895156617,0.0112249567690407,310.0,1.0,0.00011925375739262144,0.001321383039741116
2020-12-03,7222.414,0.0018,1531.053,5699.143499999999,23.61858173076923,0.8625,92.28000068664552,13.379299999998691,233.77449999999956,-1.0028213872708598,-8.114876419010507,-0.0194999999999999,0.0445,-0.1919994354248047,-0.946000289916995,0.020645676895156617,0.999999999995116,0.013360304073343012,0.02582081060276442,0.08927270465732007,0.4151731899942251,0.01196421095097433,0.0112249567690407,-0.003931420368346372,0.02098196489788118,-60.25,-1.0,0.00019157194541554495,0.0014050951556334314
2020-12-10,7242.658,0.0012,1534.243,5691.3592,22.95167832167832,0.8939999999999999,91.36000061035156,-7.784299999999348,155.22640000000047,-0.6669034090909065,-8.405398601398598,0.0314999999999998,0.0499999999999999,-0.9200000762939452,-2.156001281738284,-0.003931420368346372,0.12939001848381002,0.017720275139207337,0.039637676224204776,0.09518770290387968,0.7988160192235414,-0.00485563478609119,0.02098196489788118,0.019849328529315535,0.00894350040899018,303.0,1.0,-7.925367953818264e-05,0.0017857832518508347
2020-12-17,7362.592,0.0282,1529.698,5708.4138,24.154426605504582,0.94,90.86799926757811,17.05460000000039,133.83380000000034,1.2027482838262635,-1.817353614275632,0.0460000000000001,0.0275,-0.4920013427734346,-1.8740020751953068,0.019849328529315535,0.9999999999970327,0.021646968139773896,0.04833251965455121,0.1318271869717733,0.36636261374218065,0.011654499351106962,0.00894350040899018,-0.0029868961973278374,0.0067940217811986794,-46.5,0.0,0.0001745755875178199,0.0013012588289829416
2020-12-24,7404.039,0.348,1602.407,5832.8658,24.847171492204897,0.916,90.48600006103516,124.45199999999932,147.10159999999905,0.6927448867003108,0.225768374164808,-0.024,0.034,-0.3819992065429716,-1.986000061035156,-0.0029868961973278374,0.8693877550878468,0.0039461392262345775,0.033715722348945265,0.0750636352617271,0.2926224764005842,0.001077213705362512,0.0067940217811986794,0.011661244080791056,0.00842841489624432,181.0,1.0,-9.730990118350128e-06,0.0019097736359493165
2020-12-31,7363.351,2.86525,1591.055,5801.284,25.17822384428224,0.946,90.29000091552734,-31.58179999999993,102.14050000000044,0.3310523520773429,1.5596421135130107,0.0299999999999999,0.0834999999999999,-0.1959991455078125,-1.989999771118164,0.011661244080791056,0.9999999999810427,0.0033593376850819933,0.024616237908027694,0.09029995833911952,0.4083958507010177,-0.0006957879325431016,0.00842841489624432,0.002706575386085097,0.03519703155817432,42.5,0.0,0.00012615735946524615,0.0008543772622686217
2021-01-07,7334.809,0.00275,1669.327,5769.43075,23.793661971830986,0.935,89.97999954223633,-31.85325000000012,78.07154999999966,-1.384561872451254,0.8419836501526632,-0.0109999999999998,0.0410000000000001,-0.3100013732910156,-1.3800010681152344,0.002706575386085097,0.9999999999967872,0.019768180374722135,0.03144448083851947,0.06839926715070921,1.684052602693236,-0.007909979626972596,0.03519703155817432,-0.0017148301047952286,0.020037522318991138,-27.0,0.0,5.796196361666096e-05,0.0026163949048092936
2021-01-14,7333.968,0.12,1589.421,5665.47925,25.58848717948718,1.0025,89.67000007629395,-103.9514999999992,-42.934549999999945,1.7948252076561957,1.4340605739825951,0.0674999999999999,0.0624999999999998,-0.3099994659423828,-1.1979991912841823,-0.0017148301047952286,0.05193236714950757,0.013169614454765237,0.009635149023638157,0.08304766498423799,0.9249372697405014,-0.0007598275768473384,0.020037522318991138,0.031460745641939125,0.024285123367977654,494.5,1.0,-7.374664983063678e-05,0.0013678506528695374
2021-01-21,7414.942,0.75275,1626.906,5744.427,25.271059602649007,1.136,90.25,78.94774999999936,-88.4387999999999,-0.317427576838174,0.4238881104441105,0.1334999999999999,0.2199999999999998,0.5799999237060547,-0.2360000610351562,0.031460745641939125,0.9999999999983143,0.036592135697764074,0.04451889314821367,0.14126322087886956,1.1959049027796171,0.01914630569592024,0.024285123367977654,-0.01292212798766379,0.02718227114083886,-209.5,-1.0,0.0002937139485776446,0.0013922963635893554
2021-01-28,7404.926,1.5276,1633.54,5787.28325,25.239861751152077,1.1075000000000002,90.46999931335448,42.85625000000073,-14.000749999999243,-0.0311978514969339,0.0616379068698336,-0.0284999999999997,0.1615000000000002,0.2199993133544922,0.1799983978271484,-0.01292212798766379,0.21184210526260042,0.023745547709804412,0.01913708008278947,0.0711871213896047,1.4612580478677748,0.001908733535415652,0.02718227114083886,0.02258951446603752,0.03342944998845946,361.5,1.0,-0.00018458059074957138,0.002955582028327131
2021-02-04,7410.598,1.5601999999999998,1625.325,5769.8584,27.02507726269316,1.062,90.38199920654296,-17.424850000000333,0.4276500000005399,1.785215511541086,3.2314152908621736,-0.0455,0.127,-0.0880001068115206,0.4019996643066434,0.02258951446603752,0.9999999999984283,0.03887989245012069,0.03934582407113374,0.11452019342096298,1.7802725658651408,0.003363082350566149,0.03342944998845946,0.01109108130404235,0.0074013846443452816,181.5,1.0,0.00033296173072483253,0.00229799124808269
2021-02-11,7442.225,0.0242,1608.906,5783.7128,29.06687912087912,1.124,91.08999938964844,13.854400000000169,118.23354999999992,2.0418018581859627,3.4783919413919406,0.062,0.1215000000000001,0.7080001831054688,1.419999313354495,0.01109108130404235,0.9999999999923664,0.007917321406986583,0.05267845781906089,0.11418999680140063,0.40339208017544054,0.0005804877321000657,0.0074013846443452816,-0.005802006527257375,0.009190493244929529,-96.0,-1.0,5.6221940217905244e-05,0.0013458524083842334
2021-02-18,7557.402,0.01375,1567.041,5833.294800000001,26.76400890868597,1.174,90.64000091552734,49.582000000000335,88.8678000000009,-2.3028702121931524,1.4929493060369623,0.0499999999999998,0.038,-0.4499984741211023,0.390000915527338,-0.005802006527257375,0.0,0.010440729483282675,0.014649190439475657,0.09555285459782548,0.5175406814878142,-0.0052545712614775475,0.009190493244929529,-0.0487082066869301,0.03335333598194539,-801.25,-1.0,-5.389390825217222e-05,0.0013799953654235076
2021-02-25,7590.111,2.3028000000000004,1529.977,5990.34725,26.03180974477958,1.27,90.63249969482422,157.05244999999923,203.0639999999994,-0.7321991639063903,0.791947993627506,0.096,0.1624999999999998,-0.0075012207031193,0.1625003814697265,-0.0487082066869301,0.0,0.047559709241952235,-0.022136474411047935,0.02110895417693026,1.701523470432317,-0.030852041928207452,0.03335333598194539,-0.024075405383816584,0.042223377647719704,-376.75,-1.0,-0.0004944067284111665,0.0036183829170094513
2021-03-04,7557.524,2.7624,1429.549,6057.8312,25.252907488986786,1.4,90.1699996948242,67.48394999999982,287.97279999999955,-0.7789022557927971,-1.772169773706377,0.1299999999999999,0.3379999999999998,-0.4625000000000057,-0.2119995117187585,-0.024075405383816584,0.0,0.054004059717129384,-0.06676036542515806,0.00045856534556176776,1.9756251356248011,-0.010133070879327133,0.042223377647719704,0.0388455997904662,0.048386353148609104,593.25,1.0,-0.00012326275879098012,0.0037328631861750523
2021-03-11,7579.901,2.4352,1360.064,6125.212600000001,25.55070484581498,1.464,91.06799926757812,67.38140000000112,341.4998000000005,0.2977973568281982,-3.5161742750641416,0.064,0.3399999999999998,0.8979995727539176,-0.0220001220703096,0.0388455997904662,0.9999999999986685,0.04733615921589638,-0.04114287441073372,0.01909365364850979,1.9622136197981037,0.00010344719728716534,0.048386353148609104,-0.01692377995934513,0.03070712422852648,-268.5,-1.0,0.0003107434295113369,0.0031293531464685444
2021-03-18,7693.506,6.815,1272.583,6217.4018,26.869185022026432,1.554,91.89199981689453,92.18919999999888,384.1069999999991,1.3184801762114515,0.1051761133404625,0.09,0.3800000000000001,0.8240005493163949,1.2519989013671875,-0.01692377995934513,0.0,0.026239440909163768,-0.051869300911854155,0.004848113906516849,1.1521584709772374,-0.011261142477040909,0.03070712422852648,-0.0005930722746726458,0.023101401699149603,-9.25,0.0,-0.00011613653397036842,0.002797228831412608
2021-03-25,7719.622,18.5356,1061.138,6414.108,24.33918502202643,1.644,91.7260009765625,196.7062000000005,423.7607500000004,-2.530000000000001,-1.6926247227531483,0.09,0.3740000000000001,-0.1659988403320227,1.093501281738284,-0.0005930722746726458,0.0,0.019326383319967923,-0.003914050643022637,-0.0073236745741124265,0.8287625494636047,0.0006116150542070375,0.023101401699149603,0.034995990376904595,0.020049188607951764,545.5,1.0,2.416837474467999e-05,0.002262513054437494
2021-04-01,7688.988,60.0822,1025.727,6639.9484,22.70646153846154,1.662,92.29399871826172,225.84040000000005,582.1172000000006,-1.6327234835648916,-2.546445950525243,0.018,0.2620000000000002,0.5679977416992159,2.1239990234375057,0.034995990376904595,0.9999999999977156,0.02713382507903056,0.05637768465165016,0.02464274372816777,0.7533818814419535,0.010982832482167693,0.020049188607951764,0.026761916568524224,0.017489773660505473,431.75,1.0,0.00029126248314140647,0.0018862370943189357
2021-04-08,7708.882,21.269,1010.103,6603.178800000001,21.278702460850116,1.7120000000000002,93.03400115966797,-36.76959999999963,477.96619999999984,-1.4277590776114266,-4.272002384964868,0.05,0.2480000000000002,0.7400024414062472,1.9660018920898352,0.026761916568524224,0.9999999999943742,0.01073061772740307,0.04409007106726959,0.05387135767909412,0.6624929377188362,0.009843616964712254,0.017489773660505473,0.016073288157080645,0.021023019194563092,266.25,1.0,0.0002443706599506496,0.0011821274432854535
2021-04-15,7793.104,35.7022,925.094,6677.509999999999,20.157538860103628,1.688,92.36499786376952,74.33119999999872,460.10819999999967,-1.1211636007464847,-6.711646161922804,-0.0240000000000002,0.1339999999999999,-0.6690032958984347,0.4729980468750057,0.016073288157080645,0.9999999999953543,0.012788901431881647,0.0791350762178018,0.0381495759444872,0.8046134618425513,0.0005947159763919352,0.021023019194563092,-0.015670488978670294,0.016200573498229228,-263.75,-1.0,0.00010256865310943657,0.001426496343432535
2021-04-22,7820.948,69.0916,1015.902,6832.3078000000005,20.66016279069768,1.64,91.9020004272461,154.7978000000012,418.1998000000003,0.5026239305940479,-3.679022231328755,-0.048,-0.0040000000000002,-0.4629974365234375,0.1759994506835909,-0.015670488978670294,0.0,0.01685554331587922,0.06285485164394555,0.03525901393488717,0.6425495411332536,-0.008463935681283341,0.016200573498229228,0.012268179691862002,0.01359052790632652,203.25,1.0,-0.0001111458315392765,0.001987957638946507
2021-04-29,7780.962,131.4166,967.689,6735.9544000000005,20.513518930957684,1.584,91.27200012207032,-96.35339999999997,96.00600000000033,-0.1466438597399921,-2.192942607503856,-0.0559999999999998,-0.078,-0.6300003051757841,-1.021998596191409,0.012268179691862002,0.5136268343772442,0.007110700336901106,0.03951527924130671,0.024809801704910095,0.5768545664496315,-0.0035551008972027898,0.01359052790632652,-0.02121284398199219,0.017496315872841332,-355.75,-1.0,6.718116266659924e-05,0.0014462082892583077
2021-05-06,7810.486,155.697,953.689,6681.856400000001,19.95664367816092,1.614,90.76000061035155,-54.09799999999996,78.67759999999998,-0.5568752527967646,-1.3220587826891936,0.03,-0.098,-0.5119995117187415,-2.2740005493163977,-0.02121284398199219,0.2973537604448542,0.021870573721805085,-0.00905537360962283,-0.007932430798984647,0.717034001229311,-0.019310725947856877,0.017496315872841332,-0.030308107037877563,0.032086360238997524,-497.5,-1.0,-0.00013214145148693877,0.0018514877131414905
2021-05-13,7830.663,192.7262,898.779,6701.099999999999,20.07327313769752,1.612,91.15599822998048,19.24359999999888,23.590000000000146,0.1166294595365968,-0.084265722406112,-0.002,-0.0759999999999998,0.3959976196289005,-1.2089996337890625,-0.030308107037877563,0.14305799648486037,0.04468422623254645,-0.05428970352326068,-0.03238601823708209,1.2195988494170338,-0.012332315124408577,0.032086360238997524,0.02426612637233183,0.02538638348449779,386.25,1.0,-0.0002472079931285311,0.0028414911139740626
2021-05-20,7922.883,267.7468,866.119,6739.157799999999,22.694966740576497,1.6439999999999997,90.40800018310549,38.05779999999959,-93.15000000000146,2.621693602878981,2.034803949878821,0.0319999999999995,0.0039999999999997,-0.7479980468749972,-1.4940002441406222,0.02426612637233183,0.999999999996357,0.01683687551752691,-0.01591996257677042,0.041840402588066095,0.9899142349131457,0.01435319235365995,0.02538638348449779,0.01097923758702124,0.0164039190838534,179.0,1.0,0.00018433903871901787,0.0019362837720146029
2021-05-27,7903.541,426.5108,812.473,6789.0172,22.370682819383266,1.6439999999999997,90.05800018310546,49.85940000000119,53.0627999999997,-0.3242839211932349,1.8571638884255783,0.0,0.0599999999999996,-0.3500000000000085,-1.2139999389648466,0.01097923758702124,0.8823031329351997,0.01791293796450781,-0.0171730121344027,0.07926270298585636,0.698234861768361,0.001682950908236558,0.0164039190838534,-0.008266343091157258,0.010715666940374343,-136.25,-1.0,9.769821014703618e-05,0.0013280722500787873
2021-06-03,7935.703,461.34075,783.235,6664.5572,20.50171875,1.598,89.9,-124.46000000000004,-17.299200000000383,-1.86896406938326,0.5450750718390829,-0.0459999999999996,-0.016,-0.1580001831054573,-0.8600006103515625,-0.008266343091157258,0.0,0.009619943412097575,-0.004173076044411306,0.03031783299979507,0.5264600587296885,-0.006671200557453405,0.010715666940374343,0.02633631566873129,0.013977769310301263,430.5,1.0,-9.481050079344348e-05,0.001368177262436351
2021-06-10,7952.327,500.9442,730.235,6691.1272500000005,19.033922518159805,1.605,90.06500053405762,26.570050000000265,-9.972749999998996,-1.4677962318401967,-1.039350619537711,0.0069999999999998,-0.0070000000000001,0.1650005340576115,-1.0909976959228516,0.02633631566873129,0.9999999999948187,0.011504015974488503,0.05399802101493667,0.07565678747174887,0.7372212051464347,0.016698630774642842,0.013977769310301263,0.011906358502093761,0.015481677086220285,199.75,1.0,0.00023984776627908636,0.001411834159831164
2021-06-17,8064.257,583.6002000000001,653.889,6721.147800000001,20.22912844036697,1.522,90.0740005493164,30.020550000000185,-18.0099999999984,1.1952059222071654,-2.4658383002095263,-0.0829999999999999,-0.1219999999999996,0.0090000152587919,-0.3339996337890625,0.011906358502093761,0.9999999999945505,0.010809059582363856,0.04127947986628633,0.0891098636728147,0.844834617787217,0.015683795970189762,0.015481677086220285,0.011663181456719629,0.01329246438935504,198.0,1.0,0.00011130333856194736,0.001393856075702047
2021-06-24,8101.945,786.113,734.689,6826.7678,19.23265588914549,1.516,90.92799835205078,105.61999999999898,37.7505999999994,-0.9964725512214764,-3.138026930237768,-0.006,-0.1279999999999996,0.8539978027343693,0.8699981689453153,0.011663181456719629,0.9999999999968677,0.01858860519956913,0.041983922341877644,0.06455711894873861,0.7483637137809658,0.0026961800219993393,0.01329246438935504,0.011310372936621071,0.010405078810609012,194.25,1.0,8.923914373341202e-05,0.0010702222805445774
2021-07-01,8078.544,829.9362000000001,745.962,6581.142999999999,19.34433035714286,1.484,91.88800201416016,-245.6248000000005,-83.41420000000107,0.1116744679973642,-1.1573883928571431,-0.032,-0.1140000000000001,0.9600036621093722,1.9880020141601449,0.011310372936621071,0.9352678571386819,0.012896725440806046,0.0625525732201575,0.04853680254757853,0.6059453250963753,0.0001885406274442225,0.010405078810609012,0.009427851745232196,0.01347808316343994,163.75,1.0,8.339134817726267e-05,0.0008891441098252868
2021-07-08,8097.773,770.801,753.364,6502.6458,17.7875117370892,1.49,92.15599975585936,-78.49719999999888,-188.48145000000025,-1.556818620053658,-1.2464107810706049,0.006,-0.1149999999999999,0.2679977416992187,2.090999221801752,0.009427851745232196,0.0,0.005133323827178098,0.04504746151668226,0.041679044620046346,0.8147351323010047,0.008975817591540647,0.01347808316343994,0.004292029088835081,0.009731330718217118,75.25,1.0,8.170126093015945e-05,0.001257219307527801
2021-07-15,8201.651,798.3142,704.918,6573.608,18.76143216080402,1.36,92.44500160217284,70.96219999999994,-147.53980000000047,0.9739204237148192,-1.467696279562951,-0.1299999999999999,-0.1619999999999999,0.2890018463134822,2.3710010528564425,0.004292029088835081,0.0,0.005920688333262342,0.03718375401290008,0.06280462961565747,0.6080638275545636,-0.0035396893709269683,0.009731330718217118,0.008007837457937539,0.01817718912050081,141.0,1.0,5.0673092765544636e-05,0.0017919504253628784
2021-07-22,8240.53,862.1078,678.103,6698.4188,19.86165898617511,1.37,92.4280014038086,124.8108000000002,-128.34899999999925,1.1002268253710916,0.6290030970296172,0.0099999999999997,-0.1460000000000001,-0.0170001983642578,1.5000030517578151,0.008007837457937539,0.9999999999974211,0.021846608916120853,0.03343619901598305,0.058331594168331335,1.109310820145576,0.006513441442993484,0.01817718912050081,0.006155363053736096,0.015390615249565653,109.25,1.0,9.613087870900031e-05,0.001419013477511461
2021-07-29,8221.473,929.669,578.204,6700.319200000001,21.00532584269663,1.26,92.8240005493164,1.9004000000004453,119.1762000000017,1.14366685652152,1.660995485553773,-0.1099999999999998,-0.2239999999999999,0.3959991455078153,0.9359985351562584,0.006155363053736096,0.5294117647027682,0.009519543061933027,0.02816840590140335,0.08792397081892811,0.9494199880245537,-0.004240060970138515,0.015390615249565653,0.0072796505767722675,0.009234577871402312,130.0,1.0,-6.226367471540827e-05,0.0017088816109866681
2021-08-05,8235.073,949.2486,492.668,6713.6,20.43159645232816,1.276,92.43400115966796,13.280799999999545,210.95420000000013,-0.5737293903684737,2.6440847152389573,0.016,-0.2139999999999999,-0.3899993896484375,0.2780014038086023,0.0072796505767722675,0.9999999999953488,0.011952412719590839,0.025980322258662536,0.13009470857089012,0.6454934757847053,0.005359792350918102,0.009234577871402312,-0.004961641094062719,0.00767605725764477,-89.25,-1.0,0.00015814063789821624,0.0011703739844566234
2021-08-12,8257.159,1004.071,434.919,6793.156400000001,20.43067415730337,1.21,92.16199951171876,79.5564000000004,219.54840000000056,-0.0009222950247895,1.6692419964993483,-0.066,-0.1500000000000001,-0.2720016479492244,-0.2830020904541044,-0.004961641094062719,0.5579196217441331,0.005908233815210559,0.016526813477020008,0.09784708804857845,0.598272521056467,-0.011447171482703133,0.00767605725764477,-0.008408408408408397,0.0132321638770532,-150.5,-1.0,-4.496206273045328e-05,0.0011183259077882565
2021-08-19,8342.598,1073.2814,338.808,6818.169,20.39129716981132,1.342,92.95200042724608,25.01259999999911,119.7501999999995,-0.0393769874920479,0.5296381836362087,0.1320000000000001,-0.0279999999999998,0.7900009155273438,0.5239990234374972,-0.008408408408408397,0.27655838454687776,0.016043835307706394,-2.8170997957599475e-05,0.07679356893675116,1.0530084952325878,0.0019406274715036975,0.0132321638770532,0.019537137464257004,0.01518082463633297,346.75,1.0,-7.28198200406159e-05,0.0017226126177658776
2021-08-26,8332.743,1123.244,301.43,6930.5086,20.48316371681416,1.264,92.997998046875,112.33960000000025,230.1893999999993,0.0918665470028372,-0.522162125882474,-0.078,0.004,0.0459976196289062,0.173997497558588,0.019537137464257004,0.6774774774750362,0.015335728101685549,0.013271362974577317,0.10698172363691971,1.1733378850327127,0.006712197889453098,0.01518082463633297,0.018029842497927495,0.010994115709994059,326.25,1.0,0.00019875549786481868,0.0011445963197373541
2021-09-02,8349.173,1120.2888,277.65,6908.069,20.01427927927928,1.298,93.04799957275392,-22.4395999999997,194.46900000000005,-0.4688844375348786,-0.4173171730488789,0.034,0.022,0.0500015258789119,0.6139984130859375,0.018029842497927495,0.954856361143886,0.009920607993485785,0.024085501445407997,0.09802256098469608,0.8663937008081674,0.004636767935028763,0.010994115709994059,-0.0022935468548551663,0.006781560130907582,-42.25,0.0,0.00014190681738418388,0.0010551725640616256
2021-09-09,8357.314,1094.385,253.496,6951.234200000001,18.593837209302325,1.3,92.53000030517578,43.16520000000037,158.07780000000002,-1.4204420699769535,-1.836836948001043,0.002,0.09,-0.5179992675781335,0.3680007934570284,-0.0022935468548551663,0.0,0.006311551226943795,0.02683148264543611,0.08261420198509706,0.566806573840108,0.005972504663791511,0.006781560130907582,-0.0027613036617879505,0.010545681107787395,-50.75,0.0,-1.4947097560274063e-05,0.0008698306427431099
2021-09-16,8448.77,1116.9094,230.328,7009.433,19.93416464891041,1.34,92.42250061035156,58.19879999999921,191.26400000000007,1.340327439608085,-0.4571325209009096,0.04,-0.002,-0.107499694824213,-0.5294998168945284,-0.0027613036617879505,0.9999999999922929,0.007079235606236274,0.03267927823869954,0.06717808378700973,0.8986055500189115,0.0014061706549400865,0.010545681107787395,-0.011239480037646854,0.025063211866137587,-206.0,-1.0,-3.063437101551822e-05,0.0015287165704257952
2021-09-23,8489.824,1263.77,308.022,7101.5326,21.134172185430465,1.322,92.64000091552734,92.09959999999955,171.02399999999943,1.2000075365200544,0.6510084686163076,-0.018,0.058,0.2175003051757755,-0.3579971313476591,-0.011239480037646854,0.9289099526037001,0.017464718784919092,0.0015059408676429964,0.0433825116948543,1.9343200176933018,-0.006129990986551981,0.025063211866137587,-0.034267268137234574,0.02211349664562129,-621.0,-1.0,-0.00010749745735914705,0.002093460967792533
2021-09-30,8447.981,1399.3226,197.744,6918.032,22.475638766519825,1.348,93.23999786376952,-183.5005999999994,9.962999999999738,1.3414665810893602,2.4613594872405464,0.026,0.05,0.5999969482421932,0.1919982910156221,-0.034267268137234574,0.0,0.03635454610384972,-0.04994232204654947,-0.0017824041066590857,1.6168695292339441,-0.00682779638374964,0.02211349664562129,0.01135633169059358,0.02480896128661616,198.75,1.0,-0.0003357516684403259,0.002076998134305575
2021-10-07,8464.032,1408.6763999999998,135.582,6850.914400000001,21.35587196467991,1.512,93.81399841308594,-67.11759999999958,-100.3198000000002,-1.1197668018399156,2.7620347553775844,0.1639999999999999,0.2119999999999999,0.5740005493164091,1.2839981079101648,0.01135633169059358,0.9999999999976134,0.02367231638418079,-0.036944338647369235,0.005239170251735814,1.6613286974981871,-0.0072013025882236015,0.02480896128661616,0.008813559322033981,0.020219887007047462,156.0,1.0,0.000138963898168364,0.0023061686192526296
2021-10-14,8480.942,1387.3425,77.858,6919.773599999999,22.171274725274724,1.524,94.06399993896484,68.85919999999805,-89.65940000000137,0.8154027605948144,2.237110076364313,0.012,0.1839999999999999,0.2500015258789005,1.6414993286132784,0.008813559322033981,0.9999999999973959,0.021505376344086023,-0.025766235183391717,0.006042679061905698,1.33876131630184,0.001110996738713066,0.020219887007047462,0.024725582437276072,0.008129084552649204,441.5,1.0,0.00011064559504494475,0.0018479484092105425
2021-10-21,8564.943,1472.5432,83.386,7015.741499999999,21.338396436525613,1.57,94.18999938964843,95.96790000000055,-85.79110000000037,-0.8328782887491109,0.2042242510951482,0.046,0.248,0.1259994506835937,1.5499984741210966,0.024725582437276072,0.9999999999970952,0.018814045634649543,0.00967043275531454,0.02461081868070325,0.5606921864692693,0.0026274884591290792,0.008129084552649204,0.015630550621669625,0.015247072869522526,286.0,1.0,0.00014621981609708081,0.0012096532268100657
2021-10-28,8556.181,1411.492,213.291,7009.013799999999,19.630403587443947,1.632,93.80199890136718,-6.727700000000368,90.98179999999866,-1.7079928490816665,-2.8452351790758783,0.062,0.284,-0.38800048828125,0.5620010375976534,0.015630550621669625,0.9999999999976401,0.02280248607635806,0.0618384401114207,0.03310540360240166,1.0165160426877264,0.006857779768361771,0.015247072869522526,0.030457125945058783,0.007835448526987672,566.0,1.0,0.000119542729253294,0.0014723567698964977
2021-11-04,8574.871,1376.6678,280.205,6931.398,18.84503416856492,1.608,93.71599884033203,-77.61579999999867,80.48359999999957,-0.7853694188790286,-2.5108377961149912,-0.0240000000000002,0.0959999999999998,-0.0860000610351505,-0.0979995727539062,0.030457125945058783,0.9999999999979685,0.025705632000835532,0.08189265536723167,0.0698791815070885,0.5219239253371865,0.0141571687146258,0.007835448526987672,-0.016083970860858,0.01326957880070053,-308.0,-1.0,0.00032096142395719474,0.0012794095223025528
2021-11-11,8663.117,1383.56525,259.293,6917.998199999999,18.076386946386947,1.564,94.05999908447264,-13.39980000000105,-1.7753999999995358,-0.7686472221779717,-4.094887778887777,-0.0439999999999998,0.04,0.3440002441406165,-0.0040008544921903,-0.016083970860858,0.11380471380440726,0.019703845235251972,0.0551915322580645,0.061597622300790134,0.8837110674356925,-0.010426063818867903,0.01326957880070053,0.024334580580102516,0.009957621552143392,458.5,1.0,-0.0001259002648460181,0.0015284790189488346
2021-11-18,8674.97,1476.0508,211.453,7020.258750000001,20.254193548387097,1.495,94.47200012207033,102.2605500000018,4.517250000001695,2.1778066020001496,-1.0842028881385168,-0.0689999999999999,-0.0749999999999999,0.4120010375976619,0.2820007324218778,0.024334580580102516,0.9999999999965928,0.015207253886010363,0.05478890558819516,0.06659298148659842,0.6829421133888255,0.013330583401640173,0.009957621552143392,-0.005971502590673583,0.015007573928926028,-115.25,-1.0,0.00022939310139710227,0.0013197123773558792
2021-11-25,8681.771,1543.5075,164.087,6987.466199999999,20.090940366972475,1.606,95.56600036621094,-32.79255000000194,-21.547599999999875,-0.1632531814146212,0.4605367795285282,0.1109999999999997,-0.0260000000000002,1.094000244140631,1.7640014648437583,-0.005971502590673583,0.20532319391556914,0.013708805170773662,0.032353969919552306,0.041446698785370106,1.0062113866136826,-0.005506364677282272,0.015007573928926028,-0.019677087269836746,0.0341796730356752,-377.5,-1.0,-0.00012423896939499194,0.002158183553715533
2021-12-02,8650.402,1460.867,152.651,6974.176500000001,20.646197183098597,1.62,96.4749984741211,-13.289699999997538,42.77850000000126,0.5552568161261178,1.8011630145336746,0.014,0.012,0.9089981079101506,2.75899963378906,-0.019677087269836746,0.2279270633392938,0.027702082973321458,-0.017872529308859186,0.023301050111540267,1.987408954169951,0.0032648830405546114,0.0341796730356752,0.008520650281141684,0.036412961316306384,160.25,1.0,-0.0001387818022525179,0.0029201609807749736
2021-12-09,8664.524,1480.5434,115.117,7036.884,24.167959183673467,1.46,96.11999816894532,62.70749999999862,118.88580000000093,3.521762000574874,6.09157223728652,-0.1599999999999999,-0.104,-0.3550003051757784,2.0599990844726648,0.008520650281141684,0.6389918458107651,0.03556082773164624,0.0066873656556005745,0.03487785249546471,1.8814456380340896,-0.008863613388128577,0.036412961316306384,-0.014564386450507394,0.037775732953590456,-276.25,-1.0,7.270914401587003e-05,0.002414847624513178
2021-12-16,8756.666,1594.0252,104.798,7068.863599999999,23.943851203501094,1.454,96.18800048828123,31.979599999998754,48.604849999997896,-0.2241079801723735,3.689657655113997,-0.006,-0.0410000000000001,0.0680023193359318,1.7160003662109349,-0.014564386450507394,0.0,0.024463318397645956,-0.03154145077720205,0.03139786726261917,1.8505640757794939,-0.014330315011904293,0.037775732953590456,0.02312579415501914,0.025421758600717197,432.25,1.0,-0.00014122793893124561,0.0029166589275876273
2021-12-23,8790.495,1697.5938,84.954,7057.842799999999,20.340395604395603,1.45,96.2980010986328,-11.020799999999326,70.37660000000051,-3.603455599105491,0.2494552374231275,-0.004,-0.1559999999999999,0.1100006103515625,0.7320007324218665,0.02312579415501914,0.9999999999985245,0.03544068815854838,-0.003192639987490087,0.09269337904435404,1.2287703369160043,0.012543288067736968,0.025421758600717197,0.006863283394776154,0.0181548883563454,131.25,1.0,0.0002342459408769095,0.002326718397702122
2021-12-30,8757.46,1639.09825,211.849,7007.9472000000005,22.867935034802784,1.456,96.34199981689451,-49.89559999999892,33.770699999999124,2.527539430407181,2.221737851704191,0.006,-0.1639999999999999,0.0439987182617187,-0.1329986572265653,0.006863283394776154,0.0,0.006738596969578935,0.02379401560568395,0.08783898305084747,0.9016907609738143,-0.0036084059759957654,0.0181548883563454,-0.03486152767498929,0.029374156211156233,-671.25,-1.0,6.0042697307594714e-05,0.0012429472489080648
2022-01-06,8765.721,1596.6280000000002,389.751,6906.512749999999,20.54821989528796,1.51,96.04749870300292,-101.43445000000156,-130.37125000000106,-2.3197151395148268,-3.61973928838551,0.054,0.05,-0.2945011138915987,-0.0724994659423856,-0.03486152767498929,0.0,0.03909381978636963,-0.02024515618821665,0.04074260752688175,1.405655097134679,-0.019316773456353964,0.029374156211156233,-0.014461753706244806,0.028702976966783037,-268.75,-1.0,-0.0002876034231062269,0.0022836007997141866
2022-01-13,8788.278,1558.252,456.401,6779.341999999999,19.62057142857143,1.65,96.12799987792968,-127.17075000000024,-289.52160000000003,-0.9276484667165265,-4.323279774929663,0.1399999999999999,0.1959999999999999,0.0805011749267521,-0.0600006103515653,-0.014461753706244806,0.0,0.021676517560982267,-0.02014311509396105,0.0009427517420412812,1.2693905450765013,-0.00784756580741397,0.028702976966783037,-0.03544956933619081,0.02480513338498678,-649.25,-1.0,-0.0001232424000708781,0.003408590900513784
2022-01-20,8867.834,1632.88275,488.697,6773.625,21.68710467706013,1.746,95.4279998779297,-5.716999999998734,-284.21779999999944,2.066533248488703,1.346709072664531,0.096,0.296,-0.6999999999999886,-0.8700012207031165,-0.03544956933619081,0.0,0.042724519543743456,-0.07624127382539803,-0.04939866010170313,1.0596804769306425,-0.0022053249511390094,0.02480513338498678,-0.04835696696951686,0.02794236995891656,-854.25,-1.0,-0.00040452465916649436,0.003283444018779992
2022-01-27,8860.485,1623.3144,614.877,6746.254250000001,22.902316513761463,1.8275,95.53750038146973,-27.37074999999913,-261.69294999999966,1.2152118367013325,0.0343814789586822,0.0815000000000001,0.3715000000000001,0.1095005035400333,-0.8044994354248018,-0.04835696696951686,0.0,0.030589634917094207,-0.12690375102247498,-0.12210501579675714,1.1139651499581829,-0.017898144581312336,0.02794236995891656,0.03006915012268574,0.0562867659300326,505.5,1.0,-0.00026377429327580093,0.005392084023512298
2022-02-03,8873.211,1624.2544,675.773,6622.293600000001,27.69604347826087,1.7879999999999998,96.2519989013672,-123.96065,-284.2191499999981,4.7937269644994025,7.147823582972912,-0.0395000000000003,0.2779999999999998,0.7144985198974609,0.2045001983642578,0.03006915012268574,0.08694057226693039,0.03935495979326375,-0.06816530793445796,-0.08092508558235811,1.9633684838858236,-0.00019598244359730899,0.0562867659300326,0.012054802431172185,0.03357588539695668,208.75,1.0,0.00033814267117953,0.004030169641073462
2022-02-10,8878.009,1656.9466,686.384,6573.183599999999,24.776013071895427,1.796,96.30399932861329,-49.11000000000149,-206.15839999999932,-2.920030406365441,5.1554416433239965,0.0080000000000002,0.1460000000000001,0.0520004272460994,0.1759994506836051,0.012054802431172185,0.2951933124340748,0.027303072665544492,-0.04309368132243141,-0.09194300518134713,1.0959383108899006,0.006519478323379069,0.03357588539695668,-0.03059827109069646,0.044281645139296576,-536.25,-1.0,-0.00012452959802644023,0.0031196541373802638
2022-02-17,8911.033,1640.3775999999998,692.541,6534.6784,24.03129102844639,1.956,95.51200103759766,-38.5051999999996,-238.94660000000025,-0.7447220434490376,2.344186351386256,0.1599999999999999,0.2099999999999999,-0.7919982910156307,0.084001159667963,-0.03059827109069646,0.0,0.0261783186426711,-0.038280829866123245,-0.1144398545719908,1.3387782045760228,-0.006840484621045584,0.044281645139296576,-0.011669143723236797,0.047854181210564645,-198.25,-1.0,-0.0001372729553059767,0.003297683466012597
2022-02-24,8928.129,1690.7705,697.838,6578.1144,26.147899343544857,1.99,95.98800048828124,43.435999999999694,-168.1398500000014,2.116608315098468,3.245582829783391,0.0339999999999998,0.1624999999999996,0.475999450683588,0.4505001068115177,-0.011669143723236797,0.9396110542457736,0.02909296647013281,-0.0012045505242025412,-0.10720599768706218,1.3986028270849866,0.006236579183228064,0.047854181210564645,0.0038115657197308472,0.0291463481969131,64.0,1.0,-0.0002080777222158444,0.00448284946193926
2022-03-03,8904.455,1562.5108,682.903,6539.5205000000005,28.728264840182646,1.9525,96.35000038146973,-38.59389999999894,-82.77310000000034,2.580365496637789,1.0322213619217775,-0.0374999999999998,0.1645000000000001,0.3619998931884822,0.098001480102539,0.0038115657197308472,0.10695187165729647,0.013868288341738356,-0.026664934239969962,-0.11137471991564518,0.8671887849242059,-0.011348343623003965,0.0291463481969131,-0.026371996440225476,0.04876776049796942,-444.5,-1.0,5.773338281079408e-05,0.004305783681955375
2022-03-10,8910.748,1516.1252,652.039,6659.0412,29.799065217391306,1.848,97.18400115966796,119.52069999999912,85.85760000000028,1.0708003772086556,5.023052145495875,-0.1044999999999998,0.052,0.834000778198245,0.8800018310546847,-0.026371996440225476,0.5569620253154832,0.034901435056823374,-0.06362157998345264,-0.12202233665485185,1.4124874124696927,-0.006129884910159977,0.04876776049796942,0.029203863380153017,0.05198624506378883,479.25,1.0,-0.00019649596842594708,0.004301179015849064
2022-03-17,8954.306,1604.5858,570.606,6742.583799999999,31.431891304347825,1.86,98.69600067138671,83.54259999999977,207.90539999999964,1.6328260869565234,7.400600275901436,0.012,-0.0959999999999998,1.5119995117187417,3.183999633789057,0.029203863380153017,0.99999999999906,0.0629819861158395,-0.005856644642936004,-0.11680654691871262,1.4149820054254878,0.0009478374534768186,0.05198624506378883,0.03884012492784095,0.03137331807383786,656.0,1.0,0.0002165940425808513,0.0035437441086685157
2022-03-24,8962.474,1743.613,614.616,6779.114200000001,29.48686956521739,2.136,98.72799987792968,36.53040000000146,200.9998000000014,-1.945021739130436,3.3389702216725325,0.276,0.1460000000000003,0.0319992065429772,2.739999389648446,0.03884012492784095,0.9999999999974571,0.022412835017026917,0.04494967542135675,-0.08875731962243083,0.8290739517812514,0.017073159498903756,0.03137331807383786,0.005984355185728818,0.02691815354119708,105.0,1.0,0.00041619380123529836,0.0025189264520186334
2022-03-31,8937.142,1748.477,575.065,6604.245,25.35719565217391,2.3,98.5260009765625,-174.869200000001,64.72449999999935,-4.129673913043479,-3.371069188008736,0.1639999999999997,0.3474999999999999,-0.2019989013671903,2.176000595092773,0.005984355185728818,0.23443983402440988,0.02730762148917185,0.047211509937703955,-0.050192374956278374,0.7152096409238586,0.00246594377258047,0.02691815354119708,-0.018851890146311057,0.033754102183899334,-332.75,-1.0,5.62417833933742e-05,0.0023487550717216058
2022-04-07,8937.592,1707.1457999999998,574.451,6613.6,22.81539823008849,2.404,98.47999877929688,9.355000000000471,-45.4411999999993,-2.5417974220854163,-6.983666987302808,0.104,0.5559999999999998,-0.0460021972656221,1.2959976196289062,-0.018851890146311057,0.046661608497653016,0.03805289294375794,0.05529996039121299,-0.054423347302038017,0.8869200846313952,-0.012223966415462417,0.033754102183899334,-0.037085691188358916,0.03334758334542834,-642.25,-1.0,-0.00018537927887286634,0.0025140650732449537
2022-04-14,8965.487,1748.4720000000002,547.308,6655.9952,23.09270925110132,2.524,99.28799896240234,42.39519999999993,-86.58859999999913,0.277311021012828,-8.339182053246503,0.1200000000000001,0.6639999999999999,0.8080001831054631,0.5919982910156278,-0.037085691188358916,0.0,0.02598084044195913,-0.012670406607557805,-0.056027284820695744,0.860149283475084,-0.016053925970547223,0.03334758334542834,-0.00992459109785171,0.03533605995563705,-165.5,-1.0,-0.00034546021336383595,0.003036318643542577
2022-04-21,8955.851,1819.23275,711.406,6669.706999999999,25.106745283018867,2.752,100.04400024414062,13.71179999999913,-109.40720000000148,2.014036031917545,-4.380124282198523,0.2280000000000002,0.6160000000000001,0.7560012817382784,1.316000366210929,-0.00992459109785171,0.0,0.02961796459774988,-0.059017140903067644,-0.01790467692765263,0.8971806069943296,-0.010517242223888945,0.03533605995563705,-0.01656546690692151,0.05484607711148098,-273.5,-1.0,-0.00010666407882470476,0.0030626544877483206
2022-04-28,8939.199,1797.9122,944.328,6425.2122500000005,24.074720812182743,2.8825000000000003,100.67749977111816,-244.49474999999893,-179.0327499999994,-1.0320244708361237,-1.282474839991167,0.1305,0.5825000000000005,0.6334995269775447,2.151498794555664,-0.01656546690692151,0.846226862836552,0.03244183719032442,-0.08010991034375314,-0.062367361081034245,1.396796649496513,0.004559903280640154,0.05484607711148098,-0.03675304479036756,0.06904273737440826,-596.75,-1.0,-0.0001847228710607766,0.004179410714806116
2022-05-05,8939.972,1831.9548,945.478,6196.9588,28.30658695652174,2.83,102.36800079345704,-228.25345000000016,-416.6412,4.231866144338998,5.491188726433247,-0.0525000000000002,0.4260000000000001,1.6905010223388643,3.888002014160151,-0.03675304479036756,0.008833271991153724,0.04343030690537084,-0.09689340570504679,-0.10758608884197307,1.635262925619575,-0.008465428816184395,0.06904273737440826,-0.05823209718670075,0.03874051566673586,-910.75,-1.0,-0.00026941012360460613,0.004343350706438419
2022-05-12,8942.008,1872.2548,945.658,6162.5392,29.48292576419214,2.966,103.30199890136718,-34.41960000000017,-493.4560000000001,1.1763388076703976,6.390216513090817,0.1360000000000001,0.4420000000000001,0.9339981079101562,4.013999938964844,-0.05823209718670075,0.0,0.05081725138754519,-0.11672638412065428,-0.13302529540738994,0.9277071473360745,-0.01339789034740857,0.03874051566673586,-0.004684556240134419,0.06193935545427335,-69.0,-1.0,-0.00039211657327406865,0.006148316829086409
2022-05-19,8945.898,1906.06,886.964,6124.0952,31.769455337690637,2.982,103.98600006103516,-38.444000000000415,-545.6117999999997,2.2865295734984947,6.662710054671766,0.016,0.2299999999999999,0.6840011596679716,3.941999816894537,-0.004684556240134419,0.0,0.04652035265428625,-0.1120516043064157,-0.12689833839556908,1.4426917329852278,0.001726048421135773,0.06193935545427335,0.027352875974147706,0.035564425038406684,401.0,1.0,-5.846830684597802e-05,0.003560582178853123
2022-05-26,8914.281,2004.7924,821.535,6152.874,29.129391304347827,2.904,103.72799987792968,28.778800000000047,-272.3382500000007,-2.6400640333428065,5.054670492165084,-0.0780000000000002,0.0214999999999996,-0.2580001831054659,3.0505001068115263,0.027352875974147706,0.9999999999980325,0.03374553904888372,-0.07239749334072398,-0.10642242657964995,0.8181743423468474,-0.007203414692373178,0.035564425038406684,0.04080006639555145,0.037193988963784036,614.5,1.0,0.00015658438005276143,0.004039303085801169
2022-06-02,8915.05,1983.87,789.532,6087.953600000001,28.884509803921567,2.78,102.19600067138671,-64.92039999999906,-109.0051999999996,-0.2448815004262599,0.5779228473998259,-0.1240000000000001,-0.0500000000000002,-1.5319992065429773,-0.1720001220703153,0.04080006639555145,0.9999999999970824,0.021864982536720732,0.002285805626598414,-0.04477316352335392,0.8750796522039245,0.015537131032727025,0.037193988963784036,-0.03947179560786562,0.030630658013665504,-618.75,-1.0,0.00037306191305517286,0.003077055983632013
2022-06-09,8918.254,2089.0622000000003,723.384,6141.647999999999,26.55237762237762,2.8625,101.93499946594238,53.694399999998495,-20.891200000000936,-2.3321321815439475,-2.930548141814519,0.0825,-0.1035000000000003,-0.2610012054443302,-1.3669994354248018,-0.03947179560786562,0.0,0.028989838613269574,0.02225164214063846,-0.10851255939253102,0.7521540683021427,-0.006686600494715478,0.030630658013665504,-0.07229195722919568,0.053842758842310476,-1088.5,-1.0,-0.00033786554112062993,0.002823350997232731
2022-06-16,8932.42,2188.1336,656.87,6105.8078000000005,26.658057395143487,3.01,102.53200073242188,-35.84019999999873,-18.28739999999925,0.1056797727658676,-5.111397942547146,0.1475000000000004,0.028,0.597001266479495,-1.4539993286132784,-0.07229195722919568,0.0,0.04678383505745069,-0.047185416346924525,-0.20388128179188691,1.2640222963587455,-0.0033797363689921367,0.053842758842310476,0.04153989333142438,0.019053172087210496,580.25,1.0,-0.000568443322096692,0.0035127390220584765
2022-06-23,8934.346,2240.7015,758.283,6087.4164,30.81363043478261,3.336,104.70800018310548,-18.39140000000043,-65.45759999999973,4.155573039639123,1.6842391304347828,0.3259999999999996,0.4319999999999999,2.175999450683591,0.9800003051757784,0.04153989333142438,0.9999999999977311,0.030294698857290144,-0.03402772014275046,-0.1757432403722221,0.45428562773752307,0.012118027275328291,0.019053172087210496,-0.014296760890110782,0.043421774370482016,-208.0,-1.0,0.0003656415775218068,0.003472716057485676
2022-06-30,8913.553,2221.4858,756.627,5935.361499999999,30.05075514874142,3.2025,104.4424991607666,-152.054900000001,-152.59210000000166,-0.76287528604119,1.1662453448198526,-0.1334999999999997,0.4225000000000003,-0.2655010223388672,2.2464984893798885,-0.014296760890110782,0.0,0.04260586092080261,-0.08516338931151624,-0.17191650306039963,1.0157949944228613,-0.01201695661964819,0.043421774370482016,0.04246639820093101,0.013813924362937146,609.0,1.0,-0.00026710242991180447,0.0030787615833326163
2022-07-07,8891.851,2161.462,700.457,5935.440199999999,28.245886214442017,3.122,104.48800201416016,0.0787000000000262,-206.20780000000013,-1.804868934299403,1.693508592064397,-0.0805000000000002,0.2595,0.0455028533935575,2.5530025482177763,0.04246639820093101,0.9999999999981034,0.03526814829679426,-0.007122932855150421,-0.10350359054315394,0.3359516483838133,0.016718195559232374,0.013813924362937146,-0.022809745982374285,0.018532070950100177,-341.0,-1.0,0.0004330186065548231,0.0026223961880314202
2022-07-14,8895.867,2163.546,652.572,6029.932000000001,27.773264367816093,2.91,106.46749877929688,94.4918000000016,-75.8757999999998,-0.4726218466259233,1.1152069726726062,-0.2119999999999997,-0.1,1.979496765136716,3.935498046874997,-0.022809745982374285,0.09044259140451458,0.02667921622315393,0.045835272219637124,-0.11517087869656728,0.46658589863820926,0.0014771325832328985,0.018532070950100177,0.05767091640284083,0.02559883001441606,842.5,1.0,-0.00014477052545940145,0.0035112632066011066
2022-07-21,8899.213,2213.5812,613.878,6079.749,28.00097777777778,2.982,107.9199996948242,49.8169999999991,-7.667400000000271,0.2277134099616873,-2.812652657004829,0.072,-0.3539999999999996,1.452500915527338,3.2119995117187443,0.05767091640284083,0.9999999999986358,0.04743952754631502,0.06203282068906257,-0.048377908140483816,0.686642082902125,0.011340590085878954,0.02559883001441606,0.006310169080171457,0.04571891054303708,97.5,1.0,0.00040906079363860963,0.0024990051633252894
2022-07-28,8890.004,2207.9354,602.945,6071.7538,26.6852,2.97,107.22000122070312,-7.995199999999386,136.39230000000134,-1.3157777777777788,-3.365555148741418,-0.0120000000000004,-0.2325000000000003,-0.6999984741210881,2.7775020599365234,0.006310169080171457,0.9999999999984001,0.04019615724736715,0.08423548280250337,-0.005834398976982125,1.2937776896784765,-0.009070352473846688,0.04571891054303708,0.0379130155157168,0.023676425552234655,589.5,1.0,0.00020631066594190586,0.0025572318247925074
2022-08-04,8874.62,2198.3764,594.115,6079.123600000001,25.2152967032967,2.77,106.64000091552734,7.369800000000396,143.6834000000017,-1.4699032967033006,-3.0305895111453154,-0.1999999999999997,-0.3519999999999998,-0.5800003051757869,2.151998901367179,0.0379130155157168,0.9999999999975155,0.024940746363453288,0.0794996571849027,0.09565999626593347,0.6946861316893918,0.02140271623378376,0.023676425552234655,-0.0009759422490046576,0.029104651028178816,-15.75,0.0,0.00026093695458810233,0.0022010510673200856
2022-08-11,8879.138,2190.816,557.265,6082.128600000001,24.17398678414097,2.686,105.95800018310548,3.005000000000109,52.19660000000022,-1.041309919155733,-3.599277583675125,-0.084,-0.2240000000000002,-0.6820007324218693,-0.5094985961914062,-0.0009759422490046576,0.7760055478480555,0.022360055822608155,0.10361940617780441,0.0997425009805426,0.9284975043032666,-0.012835280188573495,0.029104651028178816,0.013149325476818019,0.021897079614680428,212.0,1.0,-1.3384559148048495e-05,0.0027404125551427384
2022-08-18,8849.762,2194.4348,545.321,6131.057000000001,24.5350566893424,2.81,105.94400024414062,48.92839999999978,51.3080000000009,0.3610699052014325,-3.46592108843538,0.1240000000000001,-0.1720000000000001,-0.0139999389648437,-1.975999450683588,0.013149325476818019,0.1595744680842576,0.011509381982919587,0.05716365989806649,0.08453813594489179,0.7249003493997316,-0.0024947837771567283,0.021897079614680428,-0.022483087942697932,0.032666568184192224,-367.25,-1.0,8.321014822265467e-05,0.0019544937467373814
2022-08-25,8851.436,2226.6084,535.267,6110.006200000001,23.398265765765764,2.844,106.54600067138672,-21.05079999999998,38.25240000000031,-1.136790923576637,-3.286934234234238,0.0339999999999998,-0.1259999999999999,0.6020004272460966,-0.6740005493164034,-0.022483087942697932,0.6975806451594151,0.023297687454007423,0.026915346892837144,0.018595601486372182,1.0951008401180204,-0.005323888705328961,0.032666568184192224,-0.05409510090967451,0.02936145509969715,-863.75,-1.0,-0.00018956713769545903,0.001882147931939107
2022-09-01,8826.093,2200.1592,612.536,6089.5606,24.614039735099336,3.04,108.5980010986328,-20.445600000000923,10.436999999998989,1.215773969333572,-0.6012569681973652,0.1960000000000001,0.27,2.052000427246085,1.9580001831054688,-0.05409510090967451,0.020879940342965312,0.022196841791637698,-0.06411785664492742,0.0030882645945407017,0.9878040077612172,-0.00667052589308359,0.02936145509969715,0.0019531896580262664,0.02806900775314986,29.5,0.0,-0.00046530513591473975,0.0029334909522618913
2022-09-08,8822.401,2194.9155,581.295,6013.397800000001,25.90789934354486,3.136,108.95999908447266,-76.16279999999915,-68.73080000000027,1.2938596084455227,1.7339125594038904,0.096,0.4500000000000002,0.3619979858398494,3.0019989013671875,0.0019531896580262664,0.999999999996697,0.02000594726756096,-0.06137385641184678,0.08336614525539598,1.0178723952711333,-0.005924623846796928,0.02806900775314986,-0.02801823828718697,0.05671131879125554,-424.0,-1.0,6.731792030892083e-05,0.0028162858499378315
2022-09-15,8832.759,2206.5492,593.808,6046.1905,25.7585046728972,3.2725,109.8224983215332,32.79269999999906,-84.866500000001,-0.1493946706476627,1.2234479835547951,0.1364999999999998,0.4624999999999999,0.8624992370605469,3.878498077392578,-0.02801823828718697,0.0,0.055476239037324085,-0.09951330007040315,0.011014691983847413,1.846412086279895,-0.0035592602470955192,0.05671131879125554,-0.0300496294785505,0.017280692441035674,-442.0,-1.0,-0.0003525542329256711,0.0036601771994580435
2022-09-22,8816.802,2263.6744,692.496,6032.401800000001,26.350933333333334,3.396,109.31000061035157,-13.788699999999151,-77.60440000000017,0.5924286604361377,2.9526675675675698,0.1234999999999999,0.552,-0.5124977111816378,2.763999938964844,-0.0300496294785505,0.0,0.03213709960047662,-0.10648358358515086,-0.005142687795268719,0.6055770332058007,0.002053711667140856,0.017280692441035674,-0.023638466390972224,0.032845931218348834,-337.25,-1.0,-0.00023142965151163006,0.003342536328899524
2022-09-29,8795.567,2336.8088,689.569,5860.6316,27.406427015250543,3.544,110.34199981689451,-171.77020000000084,-228.9290000000001,1.0554936819172092,2.792387280151207,0.1479999999999997,0.5039999999999996,1.031999206542963,1.7439987182617216,-0.023638466390972224,0.0,0.023510831134801416,-0.0777137749528255,-0.06822856569507851,1.0904331529041802,0.0028847907325777467,0.032845931218348834,0.022505787971786928,0.03703436138893345,313.5,1.0,-0.00017902222072089198,0.003404640445955448
2022-10-06,8759.053,2275.1298,633.939,5769.189199999999,30.405586956521734,3.804,113.25,-91.44240000000082,-244.20860000000172,2.999159941271195,4.497687612976879,0.2600000000000002,0.6679999999999997,2.908000183105472,4.290000915527344,0.022505787971786928,0.8364312267644173,0.04249381285872255,-0.058795347915152285,-0.025019252160520256,1.1696131637142553,-0.0012114562001341866,0.03703436138893345,-0.03215558246888872,0.03952472277844134,-458.0,-1.0,0.00018652761354811048,0.002851500716954667
2022-10-13,8758.969,2235.18375,608.302,5849.9842,29.63728665207877,3.742,111.4540008544922,80.79500000000098,-196.20629999999983,-0.7683003044429633,3.8787819791815785,-0.0619999999999998,0.4695,-1.7959991455078068,1.63150253295899,-0.03215558246888872,0.9319923371611801,0.01893328013637765,-0.06280168604255898,-0.10782299166734088,1.20413140578372,-0.015203556701809506,0.03952472277844134,0.0005077891224316566,0.042149169523613035,7.0,0.0,-0.00021255391850083614,0.004810737702030764
2022-10-20,8743.922,2219.3968,607.199,5915.483249999999,31.380000000000003,3.925,112.96800079345704,65.49904999999944,-116.91855000000125,1.742713347921228,5.029066666666669,0.1830000000000002,0.5290000000000004,1.5139999389648438,3.658000183105472,0.0005077891224316566,0.7625068719059648,0.0329714151063097,-0.03327609168010093,-0.11296728032800063,1.2958296824825142,0.0020022996702272478,0.042149169523613035,0.010476898258079625,0.03977833802052828,144.5,1.0,-7.29576440401131e-05,0.003965677999055944
2022-10-27,8723.09,2208.5620000000004,634.548,5917.3262,30.505260869565216,4.082,112.66799926757812,1.8429500000011103,56.69460000000072,-0.8747391304347865,3.098833854314673,0.1569999999999995,0.5380000000000003,-0.3000015258789119,2.3259994506835966,0.010476898258079625,0.0,0.03431574793262418,0.0005025215815070982,-0.1364150388053228,1.174489900381706,-0.02273938174882839,0.03977833802052828,-0.036396577394299245,0.044039737734321585,-507.25,-1.0,8.548746207065327e-05,0.0034781601953467267
2022-11-03,8676.87,2221.7822,598.544,5879.9800000000005,28.66513274336283,4.112,111.047998046875,-37.34619999999995,110.79080000000158,-1.8401281262023872,-1.740454213158909,0.0300000000000002,0.3080000000000003,-1.620001220703131,-2.2020019531250057,-0.036396577394299245,0.0,0.0639636620871961,-0.0571323258385551,-0.1670336486276942,1.2542217615699358,-0.015948616618725375,0.044039737734321585,0.06733310994452513,0.06357898007462265,904.25,1.0,-0.00023052916900788073,0.003362243761959263
2022-11-10,8678.886,2228.6220000000003,527.479,5856.543800000001,26.135923423423424,4.086,111.59199981689451,-23.43619999999919,6.55960000000141,-2.529209319939405,-3.50136322865535,-0.0259999999999998,0.3440000000000003,0.5440017700195341,0.1379989624023352,0.06733310994452513,0.9999999999987523,0.055916979157582626,0.03978890480767494,-0.12248614894854448,1.6476919803585648,0.014264456284323712,0.06357898007462265,0.005459143629545693,0.026213637477685337,78.25,1.0,0.0005986502702886727,0.004422343497994515
2022-11-17,8625.62,2116.27525,502.982,5922.785,25.952267573696147,4.093999999999999,109.8760009765625,66.24119999999857,7.301750000000538,-0.1836558497272769,-5.427732426303855,0.0079999999999991,0.1689999999999991,-1.715998840332034,-3.0919998168945426,0.005459143629545693,0.0,0.013443658062725506,0.044934655331798634,-0.09740249573345439,0.6889451671110146,0.006701446751507412,0.026213637477685337,0.010564113238967554,0.01970311029889221,152.25,1.0,2.330310493405046e-06,0.0028384231090995624
2022-11-24,8621.39,2102.98625,479.474,6006.36275,25.28659192825112,3.78,106.46400146484376,83.57775000000038,89.0365499999998,-0.6656756454450274,-5.218668941314096,-0.3139999999999996,-0.302,-3.411999511718747,-6.203997802734378,0.010564113238967554,0.9999999999963604,0.01886468578883224,0.0450248443862451,-0.035703644850531346,0.5290265783123701,-0.006254879784665546,0.01970311029889221,0.013732255351288192,0.043112167921066175,200.0,1.0,0.00012033139223428764,0.001998055641558006
2022-12-01,8584.576,2063.3112,511.474,6038.929749999999,23.555520581113804,3.78,107.01749992370604,32.5669999999991,158.94974999999886,-1.7310713471373165,-5.109612162249025,0.0,-0.3320000000000003,0.5534984588623075,-4.03049812316894,0.013732255351288192,0.9999999999981413,0.03643937213200806,0.0993894039241967,-0.024367276812264582,1.1198640335054895,0.0033610182488523765,0.043112167921066175,-0.028260832754796184,0.023055648568894138,-417.25,-1.0,7.463304475140351e-05,0.0025703046798380754
2022-12-08,8582.735,2116.4794,432.335,6009.790799999999,22.73009259259259,3.666,106.02799987792967,-29.13895000000048,153.24699999999757,-0.8254279885212128,-3.4058308308308334,-0.1140000000000003,-0.4200000000000008,-0.9895000457763672,-5.563999938964841,-0.028260832754796184,0.27159261108283256,0.03490276712901652,0.0009243917327985685,-0.024610782514106977,0.6459423918439269,-0.0038359235586072904,0.023055648568894138,-0.020230710253014594,0.0353636334944619,-290.25,-1.0,-0.00020121221318854062,0.0024250011263536103
2022-12-15,8583.413,2160.56,355.517,6033.9206,22.93488425925926,3.504,105.05800018310546,24.129800000001524,111.13560000000052,0.2047916666666687,-3.017383314436888,-0.1619999999999994,-0.5899999999999994,-0.9699996948242244,-4.818000793457031,-0.020230710253014594,0.0,0.03569459512333932,-0.024649597557590885,-0.01473680521483145,0.9506365047404165,-0.0055541872939686154,0.0353636334944619,-0.02865171536806166,0.026360638635896678,-402.75,-1.0,-0.00020139004649294846,0.0036927151648502915
2022-12-22,8564.411,2170.1152,459.78,6067.336000000001,24.292118451025058,3.524,104.44999847412107,33.41540000000077,60.97325000000092,1.357234191765798,-0.9944734772260624,0.02,-0.2559999999999998,-0.608001708984375,-2.014002990722659,-0.02865171536806166,0.0,0.021275816610517063,-0.06249892716755068,-0.01979576087151602,0.7190668146647554,-0.011566123122291994,0.026360638635896678,-0.0015746301450124678,0.032352694529915856,-21.5,0.0,-0.0002535092075464067,0.0026060540529125346
2022-12-29,8551.169,2259.73225,427.926,5934.5158,23.986167800453515,3.618,104.39600067138672,-132.82020000000102,-104.4139499999992,-0.3059506505715426,0.4306472193397113,0.0939999999999998,-0.1619999999999999,-0.0539978027343721,-2.621499252319339,-0.0015746301450124678,0.8595041322285637,0.022189620392444525,-0.07665475726840176,-0.0428799606831306,0.8920114031906866,-0.006588837064617992,0.032352694529915856,-0.015587749862461031,0.01635592155050577,-212.5,-1.0,-3.520983389655066e-05,0.002461914217794823
2023-01-05,8507.429,2303.504,423.625,5863.51075,23.415459770114943,3.825,104.1974983215332,-71.00505000000067,-146.2800499999994,-0.5707080303385723,0.6853671775223518,0.2070000000000003,0.1590000000000007,-0.1985023498535127,-1.8305015563964844,-0.015587749862461031,0.0,0.015052160953800298,-0.06461281104063565,-0.026495710995448007,0.4763124467545283,-0.006108288694990582,0.01635592155050577,0.05320417287630397,0.016654824542182606,714.0,1.0,-0.00012244111988412768,0.00251583795911783
2023-01-12,8508.587,2200.4974,372.34,5780.3,22.90942196531792,3.7675,104.33249855041504,-83.21074999999928,-253.6206000000002,-0.5060378047970246,-0.0254622939413415,-0.0575000000000001,0.2635,0.1350002288818359,-0.725501632690424,0.05320417287630397,0.9999999999976233,0.029768642988538277,0.0054955804151031185,0.024778408164005228,0.5170040081381022,0.01413992393965735,0.016654824542182606,-0.012576057733125756,0.01684903263410648,-177.75,-1.0,0.0004115319338155237,0.002995123364551697
2023-01-19,8489.039,2128.733,339.018,5935.749599999999,22.51587962962963,3.532,103.11199951171876,155.449599999999,-131.58640000000196,-0.3935423356882879,-1.7762388213954274,-0.2355,0.008,-1.220499038696289,-1.337998962402338,-0.012576057733125756,0.0,0.019202866099417824,0.022136370294419283,0.0013991784311262467,0.5560124748095825,0.006383330395711928,0.01684903263410648,0.05375727720555301,0.026476134646954766,750.25,1.0,-5.4012181195246176e-05,0.0018191622630312034
2023-01-26,8470.557,2066.0076,491.848,6021.2880000000005,21.162159624413142,3.4450000000000003,102.25249862670898,85.53840000000127,86.77220000000034,-1.3537200052164842,-2.824008176040369,-0.0869999999999997,-0.1729999999999996,-0.8595008850097656,-2.1435020446777315,0.05375727720555301,0.9999999999976731,0.029221772685547206,0.07878232165780297,0.09508916936594813,0.9180446669751215,0.01861947112232043,0.026476134646954766,0.0503178866487608,0.03812830139329168,740.0,1.0,0.0003909961402828563,0.0022858092423583645
2023-02-02,8433.61,2040.449,560.089,5912.701400000001,20.50617021276596,3.482,101.90999908447266,-108.58659999999963,49.19065000000137,-0.6559894116471874,-2.909289557348984,0.0369999999999999,-0.3429999999999999,-0.3424995422363253,-2.287499237060544,0.0503178866487608,0.999999999998862,0.05688991033567475,0.15100596125186283,0.07763146420162204,1.4270208268189966,0.025707724348983607,0.03812830139329168,-0.027271550189363336,0.02954691560252983,-421.25,-1.0,0.00036638262657646015,0.0031802774429761575
2023-02-09,8435.369,2057.9964,493.277,5833.072000000001,19.493191011235957,3.476,101.85599975585936,-79.6293999999998,52.77200000000085,-1.0129792015300048,-3.416230954081964,-0.0060000000000002,-0.2915000000000001,-0.0539993286132869,-2.476498794555667,-0.027271550189363336,0.0,0.02337731485333023,0.06305716711475884,0.04255134610047184,1.0944686246146587,-0.0066172381487794585,0.02954691560252983,0.003793614082960417,0.025789816762515252,57.0,1.0,-0.0001425333760149074,0.003035768974201243
2023-02-16,8384.767,2054.3342,490.379,5884.095600000001,20.679977272727275,3.626,103.32000122070312,51.02359999999953,-51.65399999999863,1.1867862614913207,-1.835902356902356,0.1499999999999999,0.0939999999999998,1.4640014648437472,0.2080017089843693,0.003793614082960417,0.3550488599339282,0.025443816406703245,0.08068069861173299,0.0355665413598365,0.9376815778996919,0.0021021927604802926,0.025789816762515252,-0.018233353776790584,0.02562235278902075,-275.0,-1.0,-9.37884560013048e-07,0.0023297961468305086
2023-02-23,8382.19,2091.748,477.333,5840.0538,21.0412610619469,3.78,103.5979995727539,-44.04180000000088,-181.2342000000008,0.3612837892196268,-0.1208985624662446,0.1539999999999999,0.3349999999999995,0.2779983520507869,1.345500946044922,-0.018233353776790584,0.3776641091206218,0.019804487666514714,0.006850712270084713,0.0029124405235618767,0.9837223311560731,-0.0011366306487234912,0.02562235278902075,-0.009826267537861533,0.020089163200789815,-145.5,-1.0,-0.00013346711827703353,0.0019476519946587131
2023-03-02,8339.684,2163.7832,381.245,5813.109000000001,21.94,3.895,104.30749893188477,-26.944799999998395,-99.59239999999954,0.8987389380530999,1.4338297872340426,0.1150000000000002,0.4129999999999998,0.7094993591308594,2.3974998474121065,-0.009826267537861533,0.8251028806516452,0.008286868893549543,-0.05080438934386433,0.021938384331219085,0.7786763216660717,-0.0025250381396760835,0.020089163200789815,-0.0037342063532661562,0.02812352739844551,-54.75,-1.0,-8.096148796914063e-05,0.0018913551873958408
2023-03-09,8342.283,2193.9996,333.35,5794.6558,21.225386363636364,3.976,104.8520004272461,-18.453200000001743,-38.41620000000148,-0.7146136363636373,1.73219535240041,0.0809999999999999,0.5,0.544501495361331,2.9960006713867244,-0.0037342063532661562,0.0,0.02165057848976518,-0.027836475266634464,0.03914489480142991,1.1162000452551364,0.010272607772524811,0.02812352739844551,0.036592044909974586,0.031231962517216834,534.5,1.0,-4.9432140379439454e-05,0.0021384548119233533
2023-03-16,8639.3,2095.9546,232.866,5814.933399999999,19.67837471783296,3.966,105.09199981689451,20.27759999999944,-69.16220000000158,-1.5470116458034049,-1.0016025548943157,-0.0099999999999997,0.3400000000000003,0.2399993896484318,1.771998596191409,0.036592044909974586,0.9999999999985745,0.0463296238813856,0.003928458950090308,0.1089424344514427,1.2199165426350063,0.03291718751638095,0.031231962517216834,0.00914704619753648,0.02112500913862158,138.5,1.0,0.0003957387310741129,0.0033969220423512186
2023-03-23,8733.787,2182.5508,259.587,6310.479399999999,24.243369565217392,3.592,104.1699996948242,495.5460000000003,470.4255999999996,4.564994847384433,3.202108503270491,-0.3740000000000001,-0.1879999999999997,-0.9220001220703152,0.5720001220703068,0.00914704619753648,0.9404494381980205,0.01456151832460733,0.03192692768745031,0.12085090775719798,0.8564396524825839,0.012753800664993764,0.02112500913862158,0.014921465968586345,0.019730046024401197,228.0,1.0,7.146120706687931e-05,0.002604063771986793
2023-03-30,8705.942,2241.3462,183.577,6291.6492,24.016461538461535,3.462,103.0259994506836,-18.830199999999422,478.54019999999855,-0.2269080267558543,2.076461538461537,-0.1300000000000003,-0.4330000000000003,-1.1440002441406136,-1.2814994812011662,0.014921465968586345,0.9999999999971388,0.022536755223110654,0.05771821235527819,0.15558867362146045,0.7908703489824805,-0.0074555427518656625,0.019730046024401197,0.005722852721176119,0.02006850886276822,88.75,1.0,0.0001555906734577028,0.001842719584453486
2023-04-06,8632.384,2246.446,168.793,6281.018799999999,22.090532150776053,3.516,102.63800048828124,-10.630400000000918,486.3629999999994,-1.9259293876854853,0.8651457871396886,0.0539999999999998,-0.4600000000000004,-0.3879989624023494,-2.2139999389648466,0.005722852721176119,0.4099099099080635,0.014233734592142593,0.06775860888615037,0.10349158058582142,0.7953679012745272,-0.005435346946223607,0.02006850886276822,0.002500520941862927,0.02152317075805603,39.0,0.0,1.856164132193327e-05,0.0016786867533336589
2023-04-13,8614.797,2290.606,109.208,6217.145,20.57429213483146,3.372,101.9719985961914,-63.87379999999848,402.2116000000015,-1.516240015944593,0.8959174169985005,-0.1439999999999996,-0.5940000000000003,-0.6660018920898381,-3.1200012207031165,0.002500520941862927,0.9999999999961166,0.01646866955534592,0.0326420764125086,0.12034034930586657,0.8400517977001755,-0.006147152674774503,0.02152317075805603,-0.008666037766016932,0.006846556847280323,-135.5,-1.0,2.1711360755861788e-05,0.001764931478659146
2023-04-20,8593.263,2264.3122,166.555,6214.983000000001,20.88533156498674,3.418,101.82250022888184,-2.1619999999993524,-95.49639999999818,0.3110394301552794,-3.3580380002306534,0.0460000000000002,-0.1739999999999999,-0.149498367309576,-2.347499465942377,-0.008666037766016932,0.0,0.007661166755374913,0.014414267015706805,0.05397273314520801,0.28544632189852387,-0.004405570692589622,0.006846556847280323,0.010128868889211384,0.030984044366196634,157.0,1.0,-6.148483635888751e-05,0.0017276696531159062
2023-04-27,8562.768,2285.49,291.702,6162.3958,19.73947019867549,3.568,101.84199981689451,-52.58720000000085,-129.2533999999996,-1.1458613663112445,-4.276991339786044,0.1499999999999999,0.1060000000000003,0.0194995880126924,-1.183999633789071,0.010128868889211384,0.9999999999976289,0.026936403263663797,0.009624064998710269,0.013643867542808996,1.3246654886305536,0.009864751832531882,0.030984044366196634,-0.011975283015855265,0.011564125062763072,-187.5,-1.0,7.159634739448211e-05,0.0017609887612868584
2023-05-04,8503.994,2266.6192,269.216,5985.576,19.821955555555554,3.49,101.6,-176.8198000000002,-295.4427999999989,0.0824853568800598,-2.268576595220498,-0.0780000000000002,-0.0259999999999998,-0.2419998168945341,-1.0380004882812557,-0.011975283015855265,0.0,0.01787359201021348,-0.008142722041450945,0.029583534383787358,0.5282466972521231,0.004501269582370293,0.011564125062763072,0.026034680586305425,0.01954066881881714,402.75,1.0,-5.399212144138719e-05,0.00165622995382868
2023-05-11,8503.017,2224.6544000000004,197.666,5968.1588,19.335774336283187,3.444,101.70399932861328,-17.417199999999866,-248.98620000000028,-0.4861812192723675,-1.2385177985482727,-0.0459999999999998,0.072,0.103999328613284,-0.2679992675781335,0.026034680586305425,0.999999999994498,0.01145062214521972,0.015141582591177372,0.052396028444031906,0.9143646560110212,0.011429869589741903,0.01954066881881714,0.028193416286029338,0.016556182556283754,447.5,1.0,0.0002121999522253873,0.001527918795901012
2023-05-18,8456.76,2221.0564,116.22,6080.696599999999,20.8620728929385,3.462,101.5520004272461,112.53779999999917,-134.28640000000178,1.5262985566553129,-0.0232586720482395,0.0179999999999997,0.0439999999999995,-0.1519989013671789,-0.2704998016357365,0.028193416286029338,0.9999999999979909,0.03049938725490196,0.05288624377026174,0.1021627918756014,0.8031037635610068,0.013745914169179141,0.016556182556283754,0.005055147058823595,0.026347581360752433,82.5,1.0,0.00023562943294738132,0.0015728610449245836
2023-05-25,8436.255,2251.4134,61.952,6119.4836000000005,20.10210762331839,3.544,102.8259994506836,38.78700000000117,-42.91219999999976,-0.7599652696201105,0.3626374246428945,0.0819999999999998,-0.0240000000000004,1.2739990234374972,0.9839996337890682,0.005055147058823595,0.9999999999969349,0.019890260631001373,0.047597758227019504,0.11872730062918824,1.2465275646363936,0.015958167560675585,0.026347581360752433,0.03022405121170557,0.025744288741680884,495.75,1.0,1.6670438200666845e-05,0.0017610672486954586
2023-06-01,8385.854,2201.2685,48.954,6122.8896,19.974830699774262,3.736,103.597998046875,3.40599999999904,137.3135999999995,-0.1272769235441231,0.1528751442187115,0.1920000000000001,0.246,0.7719985961914091,1.9979980468750116,0.03022405121170557,0.9999999999941777,0.010163774355332653,0.09234150519562379,0.1568597247894845,1.2295185366372883,0.015825317034490416,0.025744288741680884,0.0018197150592516032,0.021401158937290644,30.75,0.0,0.0003011331851391242,0.0017613341041307676
2023-06-08,8389.325,2142.3022,44.756,6135.6315,18.95976359338061,3.685,104.06499862670898,12.741899999999989,167.47269999999935,-1.0150671063936514,-0.3760107429025723,-0.0509999999999997,0.2410000000000001,0.4670005798339787,2.360999298095706,0.0018197150592516032,0.6666666666640751,0.015195817827396775,0.06656166325405577,0.11805303305484927,1.0637140384450636,-0.012790590145344671,0.021401158937290644,0.040920904955992654,0.010107455579793626,692.75,1.0,-8.471622528280367e-06,0.0016889539710196236
2023-06-15,8388.323,2086.0574,102.118,6202.2668,16.10890134529148,3.72,103.91799774169922,66.63530000000083,121.57020000000102,-2.850862248089136,-4.753171547647021,0.0350000000000001,0.2580000000000004,-0.1470008850097599,2.365997314453125,0.040920904955992654,0.9999999999984363,0.03629037978634358,0.07976409313725497,0.15325589005235596,0.5263984766471389,0.014683331931497401,0.010107455579793626,-0.00903712741356566,0.020877938438686537,-159.25,-1.0,0.0003479184430017876,0.0017622063994221977
2023-06-22,8362.06,2008.2145,276.85,6200.1476,16.22854214123007,3.774,103.13199920654296,-2.119200000000092,80.66399999999976,0.1196407959385901,-3.873565482088321,0.0539999999999998,0.2300000000000004,-0.7859985351562528,0.305999755859375,-0.00903712741356566,0.7622767857108828,0.012827487473156764,0.06462429507696998,0.12603172556100084,1.0819374816541298,0.00045053862058996863,0.020877938438686537,-0.006556907659269862,0.023304278414262396,-114.5,-1.0,-0.00010546191803952367,0.0016365714215309547
2023-06-29,8340.914,1952.28,390.571,6076.995499999999,16.456601466992666,3.7575,102.32500076293944,-123.15210000000116,-45.89410000000044,0.2280593257625973,-3.5182292327816,-0.0164999999999997,0.0215000000000005,-0.8069984436035185,-1.2729972839355526,-0.006556907659269862,0.8912248628852241,0.015765506110214433,0.02661518204547808,0.11228300767788157,1.191032275315823,-0.008976750369493636,0.023304278414262396,0.007940396587502896,0.019203860749245894,137.75,1.0,-2.907125915362979e-06,0.0017915133048843504
2023-07-06,8298.312,1916.31875,415.441,5998.063000000001,15.56784222737819,3.758,102.86600036621094,-78.93249999999807,-137.5684999999985,-0.8887592396144761,-3.3919213660024248,0.0004999999999997,0.0729999999999999,0.5409996032714872,-1.198998260498044,0.007940396587502896,0.0,0.007248759704330669,0.03288735306279156,0.11831859680539791,0.9912602067307829,0.005677270455939798,0.019203860749245894,0.027079193057203632,0.016654971105207642,473.5,1.0,5.1936861142808665e-05,0.0013967617113766824
2023-07-13,8296.923,1799.5315999999998,514.337,5966.55225,15.295297297297298,3.9175,103.11000061035156,-31.51075000000128,-235.7145500000006,-0.2725449300808922,-0.8136040479941808,0.1594999999999999,0.1974999999999998,0.2440002441406221,-0.8079971313476619,0.027079193057203632,0.9999999999981123,0.029497334242799673,0.019152467830947595,0.1586426025386687,0.8248895774647368,0.007710433962417218,0.016654971105207642,-0.006640032295335274,0.025527539124680015,-119.25,-1.0,0.00024585396768117746,0.0015385271133307723
2023-07-20,8274.552,1727.9532,531.135,5983.054400000001,16.26214611872146,3.936,101.2519989013672,16.502150000001166,-217.0931999999993,0.9668488214241632,0.0336039774913921,0.0184999999999999,0.1619999999999999,-1.858001708984375,-1.880000305175784,-0.006640032295335274,0.0,0.021440582959641255,0.02161775232641383,0.13940826134857653,1.29346115888839,-0.010971806846159726,0.025527539124680015,-0.0011911434977578406,0.009092000539458897,-21.25,0.0,-5.8229853971113124e-05,0.0015509878805227925
2023-07-27,8243.344,1749.5701999999997,543.597,6015.4638,15.723248847926268,3.808,100.1699996948242,32.40939999999864,-61.531699999999546,-0.5388972707951929,-0.7333526190663981,-0.1280000000000001,0.0504999999999995,-1.0819992065429744,-2.15500106811524,-0.0011911434977578406,0.23308270676516482,0.007464047702560505,0.0271356928752593,0.15184472922962566,0.4655443453366787,-0.0009460814970716491,0.009092000539458897,-0.00742195720799721,0.027447862699908756,-132.25,-1.0,9.613664646849738e-06,0.0019817474893420468
2023-08-03,8206.764,1767.573,517.459,5950.176799999999,15.29413875598086,3.896,101.28599853515624,-65.28700000000026,-47.886200000001736,-0.4291100919454074,-0.2737034713973294,0.088,0.1379999999999999,1.1159988403320398,-1.5800018310546875,-0.00742195720799721,0.0,0.02367625024736381,0.011480777204294856,0.11428571428571432,1.359561602519895,0.0009121931989054533,0.027447862699908756,-0.013428321035818258,0.015785880860468966,-237.5,-1.0,-4.7305961962961364e-05,0.0016440547446254477
2023-08-10,8208.241,1787.8308000000002,444.594,5921.731999999999,15.717146067415731,4.0520000000000005,102.18200073242188,-28.44480000000021,-44.82025000000067,0.4230073114348709,0.4218487701184337,0.1560000000000005,0.1345000000000005,0.8960021972656165,-0.9279998779296932,-0.013428321035818258,0.07485760781098501,0.017608458937474928,-0.0284115427982794,0.06917892156862737,0.7844084317448703,-0.0063094758707006315,0.015785880860468966,-0.024256404378474428,0.018955123336522828,-423.25,-1.0,-0.00015124304916634243,0.0021593987514496376
2023-08-17,8145.727,1781.4352,435.795,5975.8162,16.98158013544018,4.05,102.3219985961914,54.08420000000115,-7.238200000000688,1.264434068024448,0.7194340167187185,-0.0020000000000006,0.1139999999999998,0.1399978637695369,1.0699996948242188,-0.024256404378474428,0.0,0.028912089041598754,-0.045641816143497715,0.037997256515775124,0.9716325861443155,-0.004091098662481585,0.018955123336522828,0.004933703361085451,0.030792638909330317,84.0,1.0,-0.0002207521359144062,0.0019141664426924163
2023-08-24,8139.066,1800.8878,413.787,5928.4968,17.50729074889868,4.228,103.21999969482422,-47.31940000000032,-86.96699999999964,0.5257106134585001,1.7840419009724116,0.1779999999999999,0.4199999999999999,0.8980010986328182,3.050000000000012,0.004933703361085451,0.2613510520481476,0.026388462718625345,-0.039789547527183444,0.012516088944121373,1.545099610737265,0.004628809819746893,0.030792638909330317,0.03953885942225921,0.0141952436519892,676.5,1.0,4.376480973184993e-05,0.002409092133988356
2023-08-31,8121.316,1687.5366,470.8,5924.3912,17.82704128440367,4.272,103.52200012207032,-4.105599999999868,-25.78559999999925,0.3197505355049905,2.532902528422809,0.0440000000000004,0.3760000000000003,0.3020004272460852,2.236001586914057,0.03953885942225921,0.9999999999982119,0.031442828027268256,0.0056398948350435685,0.05063795853269548,0.7344115007707392,0.013122806590153635,0.0141952436519892,-0.014407196570384473,0.009321196442479243,-256.25,-1.0,0.0003534825703367046,0.0020187718929910105
2023-09-07,8101.318,1571.022,470.881,5962.979399999999,16.163425287356322,4.156000000000001,103.69400177001953,38.58819999999923,41.2474000000002,-1.663615997047348,0.4462792199405907,-0.1159999999999996,0.104,0.1720016479492159,1.5120010375976562,-0.014407196570384473,0.0,0.014389617798060467,0.004642099833801261,-0.005206633847376074,0.48388590826595856,-0.0025784413117850846,0.009321196442479243,0.01066742726754133,0.016861346610622673,187.0,1.0,-0.00013705091164349336,0.0014552962814829238
2023-09-14,8098.779,1521.3894,521.507,6059.415,15.057690355329948,4.255,104.74249839782716,96.4356000000007,83.59879999999976,-1.1057349320263743,-1.9238897801102317,0.0989999999999993,0.205,1.0484966278076229,2.420499801635742,0.01066742726754133,0.9956958393056202,0.009835186543997291,0.0406002672422654,0.01457408732999288,0.8907917100215822,0.001351590344772724,0.016861346610622673,-0.04576113337472487,0.018498061152458202,-810.75,-1.0,0.00012267164116225835,0.0013904285111158395
2023-09-21,8024.09,1449.7536,640.296,6055.882600000001,15.305635103926097,4.272,104.90999908447266,-3.532399999999143,127.38580000000093,0.247944748596149,-2.2016556449725826,0.0170000000000003,0.0440000000000004,0.1675006866455106,1.6899993896484349,-0.04576113337472487,0.0,0.032635859519408505,-0.011893803240842216,-0.025464030435785157,0.9983853636091106,-0.009437195304061952,0.018498061152458202,-0.00017744916820705559,0.017225196475283235,-3.0,0.0,-0.00040491251474237747,0.0017476422020858509
2023-09-28,8002.064,1439.8714,681.143,5934.0404,15.878526077097506,4.372,105.24799957275393,-121.84220000000096,9.649199999999835,0.5728909731714094,-1.948515207306164,0.0999999999999996,0.0999999999999996,0.3380004882812528,1.7259994506836025,-0.00017744916820705559,0.6572077184987187,0.013030038602043985,-0.04964509101131487,-0.03331284045579974,0.9380337387478287,0.006928627041885682,0.017225196475283235,0.00011832044133530673,0.02424305858592142,2.0,0.0,-1.5000042507025715e-05,0.0019014702210622752
2023-10-05,7955.782,1375.7872,668.009,5881.0496,17.86070796460177,4.55,106.14000091552734,-52.99079999999958,-81.92979999999898,1.9821818875042627,1.6972826772454468,0.1779999999999999,0.3939999999999992,0.8920013427734261,2.4459991455078125,0.00011832044133530673,0.5448658649378544,0.015986158146138033,-0.035638904734740406,-0.05868841961663207,1.2762574903960444,0.0098164845321973,0.02424305858592142,0.026811197704855072,0.014745009515538407,453.25,1.0,-2.7659133034673785e-06,0.002409486272900462
2023-10-12,7952.054,1225.6505,709.16,5911.9858,18.239709172259506,4.708,106.64000091552734,30.9362000000001,-147.42919999999958,0.3790012076577369,3.182018816929558,0.1580000000000003,0.4530000000000003,0.5,1.8975025177001896,0.026811197704855072,0.7574626865643379,0.01543912204395541,-0.02023480273183953,-0.0269899103139013,0.8147816377446037,0.008010464528630967,0.014745009515538407,-0.024483682345824764,0.020266732497350042,-425.0,-1.0,0.00023740089014085975,0.002429836562486672
2023-10-19,7933.162,1121.6198,759.878,6017.2435000000005,17.8596,4.68,106.06800079345705,105.25770000000011,-38.639100000000326,-0.3801091722595053,2.553964896073904,-0.0280000000000004,0.4079999999999995,-0.5720001220703068,1.1580017089843722,-0.024483682345824764,0.0,0.023592287477485457,0.0016118299445471163,-0.04968081374956157,1.0650942089951378,-0.008548656130136445,0.020266732497350042,-0.04110195765789704,0.029122510891160355,-696.0,-1.0,-0.00023627550153613465,0.0021297721910873376
2023-10-26,7907.83,1117.0148000000002,834.418,6051.6642,18.925446623093684,4.812,106.39199981689453,34.42069999999967,117.6238000000003,1.0658466230936838,3.046920545996178,0.1320000000000005,0.4400000000000004,0.3239990234374943,1.1440002441406136,-0.04110195765789704,0.0,0.040184757505773674,-0.03938591690947002,-0.08192689339326609,1.5193560871648648,-0.010491844828812158,0.029122510891160355,0.04951501154734417,0.012095183669359036,804.0,1.0,-0.0002733497262968029,0.0025640854817789035
2023-11-02,7866.664,1100.4076,820.487,5956.3972,20.088744493392067,4.886,106.21999969482422,-95.26699999999984,75.34760000000006,1.1632978702983827,2.228036528790298,0.0739999999999998,0.3360000000000003,-0.1720001220703011,0.0799987792968863,0.04951501154734417,0.9999999999986353,0.042997975530323036,0.008059626447405321,-0.023353773855235294,0.6413103977296939,0.010879382708029572,0.012095183669359036,0.015139512366869168,0.015819869709502866,258.0,1.0,0.0003333653669559332,0.0019370142671561613
2023-11-09,7860.691,1032.0934,772.686,5945.7694,18.778638392857143,4.808,106.46800079345704,-10.627800000000208,33.78359999999975,-1.3101061005349235,0.5389292205976375,-0.0780000000000002,0.0999999999999996,0.2480010986328125,-0.1720001220703011,0.015139512366869168,0.3718411552328672,0.012009017601664788,-0.0033989111962439145,0.016078586846394405,0.8505837982292864,0.009640160875299841,0.015819869709502866,0.037081996589496846,0.024555142815197974,641.5,1.0,0.00014762242229673372,0.001367727501443918
2023-11-16,7814.991,979.5082,738.562,6055.9116,16.358568181818182,4.586,105.45599975585938,110.14220000000024,38.66809999999987,-2.4200702110389614,-1.5010318181818183,-0.2219999999999995,-0.0939999999999994,-1.0120010375976562,-0.6120010375976506,0.037081996589496846,0.999999999997147,0.019536257733682626,0.0594974458912807,0.04858341004398081,1.3582100965553927,0.0038535770033041317,0.024555142815197974,0.008458279917507472,0.014939041568496118,151.75,1.0,0.0003171790390301977,0.0018239958572689129
2023-11-23,7810.814,937.9125,706.017,6096.9208,15.681945701357469,4.532,104.8780014038086,41.00919999999951,45.25659999999971,-0.6766224804607148,-3.243500921736217,-0.0540000000000002,-0.2800000000000002,-0.5779983520507841,-1.513998413085929,0.008458279917507472,0.8047182175580356,0.010542897016760857,0.11425712086220163,0.017232412678332976,0.8234947111224773,-0.00033073381532644497,0.014939041568496118,-0.0035235107985243097,0.0037785464350648112,-63.75,-1.0,8.732409111478812e-05,0.0009733147423211079
2023-11-30,7796.145,881.6960000000001,739.209,6166.8845,14.666269430051814,4.4225,103.69999885559082,69.96370000000024,210.48729999999975,-1.0156762713056526,-5.4224750633402525,-0.1094999999999997,-0.4634999999999998,-1.1780025482177765,-2.520000839233404,-0.0035235107985243097,0.0,0.0034666370846968774,0.05794677698559392,0.02846548773531099,0.2137290660161352,-0.005404605793821515,0.0037785464350648112,0.002953574796161762,0.018187798466836345,53.25,0.0,-5.0793878731047616e-05,0.0012704750544977848
2023-12-07,7737.385,818.21,682.509,6175.240000000001,13.922594339622645,4.368,103.1239990234375,8.355500000000575,229.47060000000056,-0.7436750904291713,-4.8560440532345,-0.0544999999999999,-0.4399999999999995,-0.5759998321533146,-3.3440017700195312,0.002953574796161762,0.9999999999955258,0.012360187476669109,0.0452469724558513,0.02061579274143477,1.0223792202547393,0.0004336874499490939,0.018187798466836345,0.02827358321005402,0.010606831383276194,511.25,1.0,3.106913431956126e-05,0.0017170909307000954
2023-12-14,7739.566,818.0786,658.44,6236.666,13.724634703196347,4.188,103.73000030517578,61.42599999999948,180.7543999999998,-0.1979596364262956,-2.6339334786218345,-0.1800000000000006,-0.3980000000000006,0.6060012817382727,-1.7259994506836025,0.02827358321005402,0.9490546218467457,0.025600344206308655,0.03636921018895278,0.099800369685767,0.6191211658570659,0.002398768030162479,0.010606831383276194,0.01094468497055412,0.02058662448139437,203.5,1.0,0.0002622990747621198,0.0016124028031380847
2023-12-21,7724.063,747.717,732.196,6263.0474,14.589267734553776,4.1240000000000006,103.36200103759764,26.381399999999303,166.1265999999996,0.8646330313574282,-1.0926779668036914,-0.0639999999999991,-0.4079999999999995,-0.3679992675781278,-1.516000366210946,0.01094468497055412,0.7409931840282727,0.013659094536362186,0.038924431056638786,0.11203466788931116,1.182310644594427,0.006572837744995619,0.02058662448139437,0.007128797148481247,0.006196693951373396,134.0,1.0,5.743092134187415e-05,0.0014611378455122626
2023-12-28,7712.781,803.65925,731.405,6244.150000000001,14.87854260089686,3.908,102.29600067138672,-18.897399999998925,77.26550000000043,0.2892748663430851,0.2122731708450462,-0.2160000000000006,-0.5145000000000004,-1.066000366210929,-1.4039981842040987,0.007128797148481247,0.8292682926767035,0.007038719560509218,0.05003050640634532,0.11982963872169883,0.3895250555765572,0.0003364887202788047,0.006196693951373396,-0.034097512017326026,0.012627764527264499,-645.5,-1.0,0.00011681428129077702,0.0007589736139881849
2024-01-04,7681.024,777.03575,758.448,6177.7167500000005,14.562225609756098,3.855,101.34749984741212,-66.43325000000004,2.476749999999811,-0.3163169911407628,0.6396312701334548,-0.0529999999999999,-0.5130000000000003,-0.9485008239746122,-1.7764991760253963,-0.034097512017326026,0.0,0.03163708949714254,0.011240304718715954,0.05340323184606954,0.802685531575021,-0.014570716122229155,0.012627764527264499,0.028506193431954374,0.017102691228344454,521.25,1.0,-0.00039027959985356476,0.0015109064197522568
2024-01-11,7686.71,673.6688,747.565,6145.54025,14.284864864864865,3.9325,102.10249900817873,-32.17650000000049,-91.12575000000017,-0.2773607448912347,0.5602301616685157,0.0775000000000001,-0.2554999999999996,0.7549991607666016,-1.6275012969970677,0.028506193431954374,0.9999999999980237,0.026905233493293632,0.011469061768897726,0.11062391118197645,1.1056660546867365,0.011837103932511583,0.017102691228344454,0.007643532242412876,0.01715284205138979,143.75,1.0,0.00024324840700808498,0.001867956697641293
2024-01-18,7673.741,598.6610000000001,748.883,6265.476199999999,14.292563510392611,4.02,102.36800079345704,119.93594999999914,2.4287999999996828,0.0076986455277481,-0.2967042241611644,0.0874999999999994,-0.1040000000000009,0.2655017852783174,-0.9940002441406222,0.007643532242412876,0.9999999999958377,0.012677765758159416,0.00816619673352137,0.1670823710546574,1.1853455459894637,0.00845378914151207,0.01715284205138979,0.027677369990237732,0.01528151506508852,524.5,1.0,9.949514980879049e-05,0.0016649699126488164
2024-01-25,7677.23,618.1454,799.358,6326.197,14.872685185185183,4.0675,103.1875,60.72080000000096,82.04699999999957,0.5801216747925739,-0.0058574157116755,0.0475000000000003,0.1594999999999999,0.8194992065429716,0.8914993286132784,0.027677369990237732,0.999999999994898,0.01006418485237484,0.028735935766731835,0.1427984625766512,1.0369994950984591,0.006307402426795727,0.01528151506508852,-0.010154043645699606,0.02631152952522058,-197.75,-1.0,0.0001623054949046914,0.0014360279500651959
2024-02-01,7630.124,569.784,841.55,6259.726599999999,14.092293577981652,4.144,103.41000061035156,-66.47040000000106,82.00984999999855,-0.7803916072035335,-0.4699320317744462,0.0765000000000002,0.2890000000000001,0.2225006103515596,2.0625007629394503,-0.010154043645699606,0.419407008085349,0.024056854582474158,0.05423696371441844,0.11432411341368254,1.6854928444181863,-0.011134802098903385,0.02631152952522058,0.022383898118248258,0.01702839555354517,431.5,1.0,4.939273435057821e-05,0.0019239258116381854
2024-02-08,7631.3,537.382,802.135,6218.79,14.266469194312796,4.029999999999999,103.36000061035156,-40.93659999999909,73.24974999999995,0.1741756163311443,-0.0183956705520671,-0.1140000000000007,0.0974999999999992,-0.0499999999999971,1.2575016021728516,0.022383898118248258,0.9999999999951982,0.010566372803957632,0.047961503183697296,0.0985312970291512,1.136487402532324,0.005727340473494769,0.01702839555354517,0.0022578803830786143,0.022692137564301204,44.5,0.0,0.00011269110338479062,0.001514757501472751
2024-02-15,7633.874,554.5648,838.005,6291.783,14.778875598086124,4.106,104.1479995727539,72.9930000000004,26.306800000001203,0.512406403773328,0.4863120876935127,0.0760000000000005,0.0860000000000003,0.7879989624023409,1.779998779296875,0.0022578803830786143,0.6510344827568247,0.01835141052738157,0.04236035988496356,0.09177709303450277,1.4518835381799933,-0.003019769915223458,0.022692137564301204,0.006821662258109429,0.036892800807813424,134.75,1.0,3.148644991317038e-05,0.0015810644240438082
2024-02-22,7581.683,547.78275,785.465,6241.3042,15.018782201405154,4.232,104.44600067138671,-50.47880000000077,-84.89280000000053,0.2399066033190298,0.1460970162199686,0.1260000000000003,0.1645000000000003,0.2980010986328096,1.258500671386713,0.006821662258109429,0.9999999999980421,0.025681315366049878,0.02120667522464692,0.10311165344722384,2.006246319479476,-0.0025369316702175126,0.036892800807813424,0.0017724255832662905,0.011888298607944381,35.25,0.0,5.537943450978706e-05,0.0019899910940731403
2024-02-29,7567.807,527.3439999999999,785.821,6248.43525,15.09441624365482,4.305,104.08250045776369,7.131049999999959,-11.291349999999513,0.0756340422496677,1.00212266567317,0.0729999999999995,0.1609999999999996,-0.3635002136230412,0.6724998474121122,0.0017724255832662905,0.9999999999940299,0.008407262871268494,0.033511003903565095,0.1018125509823169,0.6654887869347671,0.000686943900769732,0.011888298607944381,0.011719975405618976,0.02834395443028668,233.5,1.0,3.474259493430054e-05,0.0014020486013512359
2024-03-07,7538.857,443.8266,767.733,6254.642,14.247878103837472,4.273999999999999,103.94800262451172,6.206750000000284,35.85199999999986,-0.8465381398173495,-0.0185910904753239,-0.0310000000000005,0.2439999999999997,-0.1344978332519559,0.5880020141601534,0.011719975405618976,0.9460784313702302,0.020241358353901298,0.02273102048582487,0.08407508000107566,1.4654018226479828,0.0012383634059804915,0.02834395443028668,-0.01484614335148271,0.02209351460014378,-299.25,-1.0,7.250079939992015e-05,0.0015903784132298073
2024-03-14,7541.969,481.1408,768.369,6327.2974,14.340829596412556,4.148000000000001,103.53600158691408,72.65539999999964,35.514399999999114,0.092951492575084,-0.4380460016735679,-0.1259999999999985,0.0420000000000007,-0.4120010375976477,-0.6119979858398352,-0.01484614335148271,0.21264367816010482,0.013143648495530656,0.005277612544771104,0.05641857743256895,1.1348818497640842,-0.013013003764609787,0.02209351460014378,0.01460405388392294,0.01875726070698589,290.0,1.0,-0.00013379245970477157,0.0020826219199994245
2024-03-21,7514.348,451.6654,809.298,6292.4592,15.065866050808316,4.166,102.94400024414062,-34.83819999999923,51.155000000000655,0.7250364543957595,0.0470838494031617,0.0179999999999989,-0.0660000000000007,-0.5920013427734432,-1.502000427246088,0.01460405388392294,0.9999999999980119,0.02496587665963519,0.013048069187449718,0.06425967989012737,0.9143464089046487,-0.0005359237196604916,0.01875726070698589,-0.004305745129668748,0.005674738292119335,-86.75,-1.0,0.00015387861231709273,0.0017609549432407272
2024-03-28,7484.739,512.233,802.233,6253.3846,15.046103603603605,4.298,103.64600067138672,-39.07459999999992,4.949350000000777,-0.0197624472047106,-0.0483126400512166,0.1320000000000005,-0.0069999999999996,0.7020004272460909,-0.4364997863769559,-0.004305745129668748,0.20675944333831603,0.006268459554104408,0.006901484446563577,0.09708512209127451,0.2846624489734537,-0.005364739967068988,0.005674738292119335,-0.01985219894570245,0.01811798334578899,-398.25,-1.0,-4.997592409697738e-05,0.0012838886989315615
2024-04-04,7439.558,441.4305,768.651,6170.272999999999,14.28276923076923,4.222,104.37000122070312,-83.11160000000109,-84.3690000000006,-0.7633343728343753,0.0348911269317575,-0.0760000000000005,-0.0519999999999996,0.7240005493164148,0.4219985961914148,-0.01985219894570245,0.0,0.021385886840432296,-0.024520321976509107,0.04550227976657317,0.9050131196600666,-0.00023744159567817835,0.01811798334578899,0.02076287349014616,0.020414099406499204,408.25,1.0,-0.00017630553975417183,0.002302996636300585
2024-04-11,7438.176,445.977,704.971,6229.4765,14.84402777777778,4.34,104.55249977111816,59.20350000000053,-97.82089999999972,0.5612585470085492,0.5031981813652227,0.1180000000000003,0.1919999999999992,0.1824985504150333,1.016498184204096,0.02076287349014616,0.9999999999965308,0.014361695502161105,0.01073901548533307,0.0591145352365372,1.0060492311725813,0.012490236137390198,0.020414099406499204,-0.04672222014623273,0.014986087576484343,-937.75,-1.0,0.0001659011879087279,0.002256270430037583
2024-04-18,7405.506,395.8912,796.535,6287.228000000001,15.765717539863324,4.456,104.6240005493164,57.751500000001215,-5.231199999999262,0.9216897620855456,0.6998514890550087,0.1160000000000005,0.2900000000000009,0.0715007781982421,1.6800003051757812,-0.04672222014623273,0.0,0.033031934354257046,-0.05035364189105351,-0.017560975609756113,0.7394426770362852,-0.012074935744199378,0.014986087576484343,0.0010583808080280033,0.02885675226094547,20.25,0.0,-0.000494735181101843,0.002363437648203477
2024-04-25,7402.434,425.6146,941.43,6213.0798,17.235142231947485,4.606,106.12200012207032,-74.14820000000054,-40.30479999999989,1.4694246920841607,2.18903862834388,0.1499999999999994,0.3079999999999998,1.497999572753912,2.4759994506836023,0.0010583808080280033,0.7994832041327142,0.025256810201923954,-0.045237590817890694,-0.006432452761675034,1.4091012448081548,-0.0050850900220333894,0.02885675226094547,0.004294310365081655,0.02914514259402973,82.25,1.0,0.0001834420554435216,0.0025791866104392528
2024-05-02,7362.474,474.3008,917.177,6035.3894,16.405244444444445,4.640000000000001,105.8760009765625,-177.6904000000004,-134.8835999999992,-0.8298977875030396,2.122475213675216,0.0340000000000006,0.418000000000001,-0.2459991455078238,1.5059997558593636,0.004294310365081655,0.4538626609432321,0.02422604039406306,-0.021716465352829006,-0.02401217733240313,1.3563094465561067,0.0025956601033976234,0.02914514259402973,0.029359777494736283,0.01817787526473027,564.75,1.0,-3.0150477123412562e-06,0.0026090796282276655
2024-05-09,7353.408,469.2874,851.591,5970.9962000000005,15.368041958041958,4.64,105.76000213623048,-64.39319999999952,-258.48029999999926,-1.037202486402487,0.5240141802641798,-8.881784197001252e-16,0.2999999999999998,-0.1159988403320255,1.207502365112305,0.029359777494736283,0.9999999999953217,0.010795318240931301,-0.013477323966468613,0.002379355295963892,0.861005675503037,0.002319124852543597,0.01817787526473027,0.02199467178444725,0.0134384394317674,435.5,1.0,0.00021244225108003417,0.00144326798421266
2024-05-16,7304.272,460.1492,787.133,6032.5296,14.215521327014216,4.478,105.25400238037108,61.53339999999935,-254.69840000000116,-1.1525206310277412,-1.550196212849107,-0.1619999999999999,0.0219999999999993,-0.5059997558593778,0.6300018310546847,0.02199467178444725,0.9044075558078892,0.021583089334469934,0.057636021533476134,0.017485418342719328,0.7014588045145165,0.007491570351987109,0.0134384394317674,0.0022855589735986115,0.008849866499280625,46.25,0.0,0.00018741255958560715,0.00120771343987982
2024-05-23,7299.566,478.9202,725.376,6056.9898,14.057688787185354,4.434,104.86999969482422,24.46020000000044,-156.09000000000017,-0.1578325398288633,-3.177453444762131,-0.0439999999999995,-0.1719999999999997,-0.384002685546875,-1.2520004272461025,0.0022855589735986115,0.37195121950992716,0.008085987575189824,0.05893255713782253,0.018006600328761557,0.46813190607961785,0.008443736153153414,0.008849866499280625,-0.004425106005324864,0.019213667410455715,-89.75,-1.0,2.442679099109591e-05,0.0015538609706188104
2024-05-30,7284.319,440.10575,704.335,6095.2698,13.53133484162896,4.434,104.74600067138672,38.27999999999975,59.88040000000001,-0.5263539455563944,-2.873909602815486,0.0,-0.2060000000000004,-0.1239990234374914,-1.13000030517577,-0.004425106005324864,0.0,0.016540999640951355,0.04973876426399104,0.0017611966214792218,1.0589668450313163,0.0012843743876997937,0.019213667410455715,0.022471492775693713,0.017820262711668013,453.75,1.0,-6.982313087437378e-05,0.0013407356060854986
2024-06-06,7255.687,390.9332,710.309,6139.878250000001,13.863970944309926,4.54,104.78750038146973,44.60845000000063,168.88205000000016,0.3326361026809667,-1.504071013732032,0.1059999999999998,-0.0999999999999996,0.0414997100830021,-0.9725017547607422,0.022471492775693713,0.9710294878407222,0.023406470987116148,0.04271410714511181,0.039707918922321506,1.001831684490186,0.0027074153218766828,0.017820262711668013,0.02626416739319959,0.010785202589418794,542.25,1.0,0.00022991197714141516,0.0020642501664704382
2024-06-13,7258.974,419.966,673.573,6154.444799999999,13.65969696969697,4.364,104.25799865722657,14.566549999998642,121.91519999999946,-0.2042739746129562,-0.5558243573172472,-0.1760000000000001,-0.1139999999999998,-0.5295017242431612,-0.9960037231445256,0.02626416739319959,0.9999999999982293,0.02665392375491133,0.047070160483303036,0.05165653306861895,0.6298537917986157,0.013256179266262658,0.010785202589418794,0.007539556121907154,0.017546586191725434,159.75,1.0,0.00022796824494129492,0.001539075102321491
2024-06-20,7252.542,371.17425,723.41,6165.435,13.993341232227488,4.368,105.0240005493164,10.990200000000186,108.4451999999992,0.3336442625305178,-0.064347554957866,0.0040000000000004,-0.0659999999999998,0.7660018920898466,0.154000854492196,0.007539556121907154,0.3178053830214584,0.011312535132096683,0.0525589192387339,0.06416759094251212,0.968746861923928,4.181837036676406e-05,0.017546586191725434,0.0003747423646243142,0.017303558443571204,8.0,0.0,7.339893205510556e-05,0.0011867125929211396
2024-06-27,7231.163,469.0228,765.417,6157.9577500000005,14.344842615012109,4.2375,105.43000030517578,-7.477249999999003,62.687950000000455,0.3515013827846189,0.8135077733831473,-0.1305000000000005,-0.1965000000000003,0.4059997558593693,0.6839996337890568,0.0003747423646243142,0.9999999999965369,0.013520790410189174,0.05763349800047046,0.08612841703750784,0.9589224157525361,0.00011812374266639836,0.017303558443571204,0.017418992320659354,0.014697439447188255,372.0,1.0,1.7757905063386442e-05,0.001515383125638252
2024-07-04,7221.52,496.405,761.373,5996.723199999999,14.219032258064518,4.268,105.76800231933592,-161.23455000000104,-143.1550500000012,-0.1258103569475892,0.3550613137545912,0.0304999999999999,-0.2720000000000002,0.3380020141601534,0.980501937866208,0.017418992320659354,0.999999999997935,0.02228691089837997,0.052407245955633064,0.08257040718458453,0.8365835158919529,0.00985068514145726,0.014697439447188255,0.001392212812960203,0.027889029965917626,30.25,0.0,0.00013543525933457296,0.0013485696605345472
2024-07-11,7224.079,410.9792000000001,736.402,5963.742,13.461432360742704,4.407500000000001,105.72250175476074,-32.98119999999926,-190.70279999999912,-0.7575998973218123,-0.1982646089542648,0.1395000000000008,0.0435000000000007,-0.0455005645751924,1.4645030975341768,0.001392212812960203,0.0,0.02104948697620443,0.026901702594598342,0.1372105785815083,1.495899521948485,-0.007010435294322104,0.027889029965917626,-0.02493307136373557,0.02895812116732373,-542.5,-1.0,-9.39905494751541e-06,0.001606382002691505
2024-07-18,7208.247,404.1034,751.593,6076.6978,13.759621212121212,4.268,104.9000015258789,112.95579999999973,-88.73719999999958,0.2981888513785069,-0.2337200201062756,-0.1395000000000008,-0.1000000000000005,-0.8225002288818359,-0.1239990234375056,-0.02493307136373557,0.0,0.03293543711629332,-0.006194959715195791,0.10768407450432704,1.5525395123848893,-0.01731586742467317,0.02895812116732373,-0.042751257909807605,0.038231841606241004,-907.0,-1.0,-0.00017509687164743654,0.002011859701264609
2024-07-25,7205.455,388.4186,774.315,6052.5506000000005,14.345158371040725,4.188000000000001,104.09399871826172,-24.14719999999943,-105.40715,0.5855371589195126,0.0003157560286179,-0.0799999999999991,-0.0494999999999992,-0.8060028076171903,-1.3360015869140651,-0.042751257909807605,0.0,0.04967070843848095,-0.049037741150028125,0.05579527436250675,1.969766755309764,-0.016755753054203515,0.038231841606241004,0.0015264356496584863,0.04450325608294617,31.0,0.0,-0.0003514943153981772,0.0025646638560923997
2024-08-01,7178.391,379.1354,786.486,6042.7214,15.813928571428573,4.262,104.38199920654296,-9.829200000000128,45.99820000000091,1.4687702003878478,1.594896313364055,0.0739999999999989,-0.0060000000000002,0.2880004882812557,-1.386003112792963,0.0015264356496584863,0.15289982425280685,0.027974778451062575,-0.0638922128129602,0.02724713071804641,2.060039707282191,-0.005265622866537978,0.04450325608294617,-0.02448407674627273,0.05236907536186054,-498.0,-1.0,-0.00014102289370399227,0.0032220682368469117
2024-08-08,7175.256,307.29920000000004,770.931,6012.7696,16.25242825607064,4.12,104.38999938964844,-29.95180000000073,49.02759999999944,0.4384996846420677,2.790995895327935,-0.1419999999999994,-0.2875000000000005,0.0080001831054659,-1.332502365112305,-0.02448407674627273,0.9474353539619373,0.02972268071112679,-0.08808153229234883,-0.019470491580494964,2.107634284516497,-0.0016506569227128232,0.05236907536186054,0.053221112049088415,0.025903914845825615,1056.0,1.0,-0.0001214146839011356,0.004923688542534668
2024-08-15,7177.688,320.1892,794.12,6097.025799999999,24.046065217391305,3.886,103.05599975585938,84.25619999999981,20.32799999999952,7.793636961320665,10.286444005270091,-0.2339999999999999,-0.3819999999999997,-1.3339996337890625,-1.8440017700195312,0.053221112049088415,0.999999999998964,0.0461891830460217,-0.01498886440498215,0.030359432008677745,0.986120961457788,0.01440893290233669,0.025903914845825615,-0.00014355612446315114,0.02284697198117977,-3.0,0.0,0.000499229022313791,0.0024147038027998377
2024-08-22,7139.952,322.565,736.494,6063.3788,17.927982456140352,3.888,102.87799987792968,-33.646999999999025,10.828199999999924,-6.118082761250953,3.582824085099628,0.0020000000000002,-0.3000000000000002,-0.1779998779296931,-1.215998840332034,-0.00014355612446315114,0.0,0.015853264576029865,0.02885455776451029,0.03479057559212073,0.8598373551517908,-0.004659382818963165,0.02284697198117977,-0.008853898706612906,0.0198889139199535,-185.0,-1.0,2.5314083482946113e-05,0.00175001545292499
2024-08-29,7123.238,356.56440000000003,745.851,6080.893000000001,15.9369844789357,3.844,101.66800079345704,17.51420000000053,38.17160000000058,-1.990997977204653,0.1230559075071262,-0.0440000000000004,-0.4179999999999997,-1.2099990844726562,-2.713998413085946,-0.008853898706612906,0.0,0.019193857965451054,0.018190980715102167,0.0030877651845393483,0.7436870809881346,-0.011568178362238779,0.0198889139199535,-0.020751095498497074,0.03851188233309586,-429.75,-1.0,-8.600476573078835e-05,0.0024508744415104675
2024-09-05,7112.567,352.83525,733.959,6020.8226,15.974159292035395,3.834000000000001,100.90999908447266,-60.07040000000052,8.053000000000793,0.037174813099698,-0.2782689640352433,-0.0099999999999993,-0.2859999999999996,-0.7580017089843665,-3.4800003051757784,-0.020751095498497074,0.0015140045420113338,0.03256903353057199,0.02208726548817519,-0.042865739265866676,1.3255178665032656,-0.004213431073508689,0.03851188233309586,0.023853550295857895,0.03868135045142888,483.75,1.0,-0.00024640807412682554,0.0024534989895531748
2024-09-12,7115.001,289.3,755.958,6025.77275,17.443890160183066,3.8125,101.5,4.950149999999667,-71.25304999999935,1.4697308681476695,-6.602175057208239,-0.0215000000000005,-0.0735000000000001,0.5900009155273409,-1.555999755859375,0.023853550295857895,0.9999999999989889,0.047631087833363436,-0.006412173559354528,-0.027367903316469877,1.2552584854416202,0.008371011159439501,0.03868135045142888,0.021094455481307506,0.026442297349279848,438.0,1.0,0.00023868276696082982,0.003006796925636961
2024-09-19,7109.137,279.6564,771.194,6069.743,19.46368421052632,3.68,101.48200073242188,43.97025000000031,6.364199999999983,2.0197940503432505,1.5357017543859648,-0.1325000000000002,-0.2080000000000006,-0.0179992675781193,-1.3959991455078011,0.021094455481307506,0.9999999999980296,0.02393670333816784,0.014692685961784635,-0.007222794530810983,0.837390846311326,0.0005117009497133118,0.026442297349279848,0.012180598299668555,0.008311798116435117,258.25,1.0,0.00015871233613151488,0.0017207498601781342
2024-09-26,7080.059,389.9548,806.771,6058.286599999999,18.528043956043955,3.674,100.79400024414062,-11.45640000000094,-22.60640000000149,-0.9356402544823617,2.5910594771082565,-0.0059999999999993,-0.1699999999999994,-0.6880004882812614,-0.8740005493164062,0.012180598299668555,0.9999999999968554,0.014818266542404474,0.03622689795869105,-0.012334315169366672,0.2677349855979318,0.007781893012922758,0.008311798116435117,-0.016589002795899366,0.014359044112640692,-356.0,-1.0,0.0001193887347182582,0.0017384401764096165
2024-10-03,7046.925,400.4046,798.277,5883.3332,18.02624719101124,3.76,100.6979995727539,-174.95339999999942,-137.4894000000004,-0.5017967650327186,2.05208789897584,0.0859999999999998,-0.0740000000000002,-0.0960006713867187,-0.2119995117187585,-0.016589002795899366,0.053275109170119565,0.013563779378316907,0.040631163708086726,-0.03006905426677242,0.4799567281352207,-0.007499596086264604,0.014359044112640692,0.020825435936315362,0.023222322222979246,439.5,1.0,-0.00013731066044805003,0.002262554648212451
2024-10-10,7046.84,328.87,802.115,5848.2434,19.652483516483517,3.788,101.21199951171874,-35.08979999999974,-177.5293499999998,1.6262363254722771,2.2085933563004474,0.028,-0.0244999999999997,0.5139999389648438,-0.2880004882812557,0.020825435936315362,0.9283058948466738,0.02185113839441131,0.03755342845102638,0.015448428643814127,0.7888180762768501,0.007566596710164575,0.023222322222979246,-0.002866293777705531,0.016754706528681346,-61.75,0.0,0.00017748110389202457,0.0019336909453008901
2024-10-17,7039.284,288.09275,791.792,5915.8550000000005,19.81431151241535,4.04,102.70599975585938,67.61160000000018,-153.88799999999992,0.1618279959318371,0.350627301889034,0.2519999999999998,0.3600000000000003,1.4940002441406364,1.2239990234375,-0.002866293777705531,0.09377817853888629,0.012906304188439023,0.013206457014161677,0.05775835538868712,0.6059649939849103,-0.012412833157180447,0.016754706528681346,0.0005702514925460811,0.01965753279800003,12.25,0.0,-2.313841622685041e-05,0.0018986398346734269
2024-10-24,7029.408,246.46660000000003,829.991,5959.39925,19.037006802721088,4.055,103.3740005493164,43.54424999999901,-98.88734999999996,-0.7773047096942634,0.5089628466771323,0.0149999999999996,0.3809999999999993,0.6680007934570256,2.580000305175787,0.0005702514925460811,0.4968895800917671,0.01495766260351726,0.0015843429636532846,0.05674848510920727,0.7684982556580988,0.0067657353109206175,0.01965753279800003,-0.016679073229738495,0.02911281888015727,-358.5,-1.0,3.4063190496374347e-07,0.0014538942574111695
2024-10-31,7013.49,230.6194,835.237,5952.950400000001,18.61988425925926,4.184,104.01399993896484,-6.448849999998856,69.6172000000006,-0.4171225434618293,0.5936370682480216,0.1290000000000004,0.4239999999999999,0.6399993896484375,3.316000366210943,-0.016679073229738495,0.0,0.03192496037472499,0.0014926080363912853,0.06520342207718577,1.2314478852373765,0.0014490540772912341,0.02911281888015727,0.056918454732558965,0.023923062928940503,1203.0,1.0,-0.00011653986928821826,0.0019640282001356308
2024-11-07,6994.299,161.6954,842.051,5947.6336,19.148159645232816,4.276000000000001,104.16600036621094,-5.316800000000512,99.39019999999982,0.5282753859735578,-0.5043238712506977,0.0920000000000005,0.4880000000000004,0.1520004272460937,2.954000854492193,0.056918454732558965,0.9999999999991218,0.05097701278062538,0.03690208183442811,0.06894282877343261,1.0190408650146585,0.012599323571322651,0.023923062928940503,-0.009535107549745958,0.006082375158643465,-213.0,-1.0,0.00046886250817542574,0.0018388599382710652
2024-11-14,6967.108,198.7625,832.186,5990.5526,18.09852422907489,4.334,104.23799896240234,42.91899999999987,74.69759999999951,-1.0496354161579262,-1.715787283340461,0.0579999999999989,0.2939999999999996,0.0719985961914062,1.531999206542963,-0.009535107549745958,0.0,0.009920679758649522,0.029967297822570238,0.05890235585493975,0.27548225702068363,-0.005455270743218166,0.006082375158643465,-0.008237101986395823,0.028056205131134288,-182.25,-1.0,-0.0001368624661442965,0.0014493036291048829
2024-11-21,6923.731,195.8908,751.873,5936.159500000001,15.634527472527472,4.4,105.94199981689454,-54.39309999999932,-23.23974999999882,-2.463996756547417,-3.4024793301936143,0.0660000000000007,0.3450000000000006,1.7040008544921932,2.5679992675781307,-0.008237101986395823,0.9999999999970216,0.015300832830141388,0.020901181725132556,0.059561317736814834,1.2327187206961343,-0.006992072065515442,0.028056205131134288,-0.0007519396625386143,0.01263808091227085,-16.5,0.0,-5.018563440890288e-05,0.0024405156557965654
2024-11-28,6905.14,177.41025,775.25,5975.967199999999,16.310512249443207,4.416,106.56600036621094,39.80769999999848,23.01679999999851,0.6759847769157332,-2.309372009816052,0.0159999999999991,0.2319999999999993,0.6240005493164062,2.5520004272460994,-0.0007519396625386143,0.0,0.008231954119967619,0.03743701355539253,0.08120069033530575,0.6133958616404317,-0.007909732810359005,0.01263808091227085,0.030111621649355325,0.013158813513885545,660.25,1.0,5.702648670896098e-05,0.0013036811686141893
2024-12-05,6895.827,157.97740000000002,789.516,5952.47975,15.53158653846154,4.3075,106.85000038146973,-23.48744999999872,4.846150000000307,-0.7789257109816674,-3.616573106771277,-0.1084999999999993,0.0314999999999994,0.2840000152587834,2.684000015258789,0.030111621649355325,0.8835174953943213,0.024040377208128568,0.01112429214137034,0.08780928300523749,0.7121884958293555,0.018333293772648362,0.013158813513885545,0.0078806393057953,0.023940965804393557,178.0,1.0,0.0002304652693164324,0.00106049005495019
2024-12-12,6897.485,160.606,775.067,5948.333600000001,14.686764705882352,4.192,106.1219985961914,-4.1461499999995794,-42.21899999999914,-0.8448218325791874,-3.411759523192538,-0.1154999999999999,-0.1419999999999994,-0.7280017852783232,1.88399963378906,0.0078806393057953,0.6336123631664299,0.017054689215901603,0.028903301620302413,0.07373212116924321,1.3105308350428428,0.012300354392019153,0.023940965804393557,-0.025225126290358002,0.0416687956979116,-574.25,-1.0,9.506850229253277e-05,0.0014686648710829685
2024-12-19,6889.332,121.7382,767.932,5961.812,15.894714285714285,4.23,106.43800048828123,13.478399999999056,25.65249999999924,1.2079495798319329,0.2601868131868112,0.0379999999999993,-0.1700000000000008,0.3160018920898437,0.4960006713867102,-0.025225126290358002,0.0,0.046562193706837306,0.011279094938078993,0.034051724137931005,1.9797133342185347,0.005969134282791999,0.0416687956979116,0.028345143809920703,0.012469925944637033,629.0,1.0,-0.0002896689508522027,0.0028765557068044087
2024-12-26,6885.963,148.04175,764.77,5999.661800000001,17.445503355704698,4.452,107.45200042724608,37.84980000000087,23.69460000000163,1.5507890699904134,1.1349911062614917,0.2220000000000004,0.0360000000000004,1.0139999389648438,0.8860000610351477,0.028345143809920703,0.9556277056256371,0.020245620569901073,0.0407265098566818,0.081299753601213,0.5969194402856538,0.0019561412733033468,0.012469925944637033,-0.036832130062774526,0.011038001726261274,-840.5,-1.0,0.0003481231310815331,0.0026003906072726963
2025-01-02,6852.491,310.7,719.873,5973.151249999999,17.42477142857143,4.57,108.01250076293944,-26.510550000001786,20.67149999999856,-0.0207319271332693,1.8931848901098896,0.1180000000000003,0.2625000000000002,0.5605003356933622,1.1625003814697266,-0.036832130062774526,0.0,0.024159150107487745,-0.02690707043874796,0.02022651843943657,0.5553681637451023,-0.008331312906478483,0.011038001726261274,0.008792383725559239,0.028081918469792046,193.25,1.0,-0.0003487823056471191,0.002552882377267457
2025-01-09,6853.554,206.1936,652.636,5821.918,17.176944444444445,4.58,108.50249862670898,-151.23324999999932,-126.41560000000118,-0.2478269841269842,2.4901797385620927,0.0099999999999997,0.3879999999999999,0.4899978637695312,2.380500030517581,0.008792383725559239,0.002599090318381809,0.01735257638967189,-0.026026795519437762,0.0321552015082569,1.3488574191091125,0.0017761355719403404,0.028081918469792046,-0.0050062013755778345,0.031311691773789244,-111.0,-1.0,3.353085252665188e-05,0.00200880318707747
2025-01-16,6834.07,147.4308,641.225,5994.724400000001,17.307314148681055,4.648,108.80399932861329,172.8064000000013,32.91240000000107,0.1303697042366103,1.4125998629667702,0.0679999999999996,0.4180000000000001,0.3015007019043025,2.36599884033204,-0.0050062013755778345,0.6869474778976871,0.021791355982140832,-0.005824498946633172,0.026402717037312673,1.4369607036922483,-0.007654614365024903,0.031311691773789244,0.03574099675905984,0.01462449152023121,788.5,1.0,2.962828780104039e-06,0.0027875142979366108
2025-01-23,6831.76,117.5885,677.282,6045.414199999999,18.255410199556543,4.722,109.38599853515623,50.689799999998286,45.75239999999849,0.9480960508754884,0.8099068438518451,0.0739999999999998,0.2699999999999996,0.5819992065429602,1.933998107910156,0.03574099675905984,0.9999999999977452,0.019409190371991247,0.0013256061087434379,0.0811194435901681,0.7105179266680601,0.0070511398019728055,0.01462449152023121,-0.018096280087527394,0.03597553489149641,-413.5,-1.0,0.0002814752107206056,0.00201289990251211
2025-01-30,6818.186,111.6804,784.206,6036.8895,16.822046511627907,4.6075,108.40749931335448,-8.52469999999903,63.73825000000125,-1.4333636879286369,-0.6027249169435223,-0.1144999999999996,0.0374999999999996,-0.978499221801755,0.394998550415039,-0.018096280087527394,0.5610877058589643,0.02909321863927083,0.020803712592558865,0.0043870447881459995,1.66651901428864,-0.009760971562600473,0.03597553489149641,0.011008847190961069,0.016896611926430403,247.0,1.0,-9.496693003458336e-05,0.0028887160584303577
2025-02-06,6810.935,106.0238,805.593,5922.299599999999,17.023665158371042,4.556,107.69000091552736,-114.58990000000084,100.38159999999972,0.2016186467431353,-0.1532792860734027,-0.0514999999999998,-0.024,-0.7174983978271428,-0.8124977111816349,0.011008847190961069,0.9999999999978576,0.020576630590517335,0.023046566692975556,0.025219769044767304,0.7513472309178486,0.009933278533828416,0.016896611926430403,0.010646505168955489,0.023821943699955668,241.5,1.0,4.87362296260529e-05,0.0028898977629917898
2025-02-13,6813.513,81.3674,828.102,5899.318200000001,17.351137855579868,4.504,108.11800079345704,-22.98139999999876,-95.40620000000035,0.327472697208826,0.0438237068988129,-0.0520000000000004,-0.1440000000000001,0.427999877929679,-0.6859985351562585,0.010646505168955489,0.9999999999980862,0.022791712104689204,0.039140584275774604,0.04474040992104644,1.0761841439037567,0.005990715276396719,0.023821943699955668,0.001243184296619404,0.00796046796582469,28.5,0.0,0.0001039786232249231,0.0021212095438434804
2025-02-20,6782.332,68.2475,790.062,5904.0436,17.37418552036199,4.536,107.91399993896484,4.725399999999354,-141.37059999999929,0.0230476647821227,-0.8812246791945526,0.032,-0.1859999999999999,-0.2040008544921789,-1.4719985961913975,0.001243184296619404,0.0,0.004737839545167404,0.004529540481400529,0.046826365056380936,0.3660698295239754,0.0010451409647382892,0.00796046796582469,-0.06691789923105407,0.023679028871243964,-1536.0,-1.0,2.962058469088177e-06,0.0013476919523710714
2025-02-27,6766.101,110.00140000000002,681.161,5924.0225,17.09962085308057,4.5125,106.78249931335448,19.978900000000067,-112.8670000000002,-0.274564667281421,0.277574341452663,-0.0234999999999994,-0.0949999999999997,-1.1315006256103572,-1.625,-0.06691789923105407,0.0,0.050122563324384264,-0.04541706594165762,-0.05177757116925663,1.04670496629393,-0.025693441762338676,0.023679028871243964,-0.02411579315979928,0.0421392982177046,-516.5,-1.0,-0.0005836586089811717,0.003000907913832877
2025-03-06,6756.764,151.6856,548.331,5974.9386,18.04682713347921,4.332,106.63599853515623,50.91609999999946,52.63900000000013,0.9472062803986424,1.0231619751081702,-0.1805000000000003,-0.2240000000000002,-0.146500778198245,-1.0540023803711025,-0.02411579315979928,0.0,0.03972297976173389,-0.0785813476756233,-0.08188007906874584,1.745695360319086,-0.0026379525088554567,0.0421392982177046,-0.040201425769101906,0.043868506856947,-840.25,-1.0,-0.0001864337430188767,0.003545930219047422
2025-03-13,6759.571,129.4318,512.581,6056.7474,20.300945054945057,4.238,105.97999877929688,81.8088000000007,157.42919999999958,2.254117921465845,2.949807199365189,-0.0939999999999994,-0.2659999999999991,-0.6559997558593693,-2.1380020141601506,-0.040201425769101906,0.0,0.04888899966352205,-0.12494002181025077,-0.09598594008764916,1.8036342628472348,-0.0032675690302559346,0.043868506856947,0.020986254252707504,0.033712526778721316,421.0,1.0,-0.00029042516434248496,0.004336941360225149
2025-03-20,6755.982,150.2502,435.936,6117.5582,22.572152173913043,4.282,103.7260009765625,60.81079999999929,213.51459999999952,2.271207118967986,5.1979666535510525,0.0439999999999995,-0.2539999999999995,-2.253997802734375,-4.187998962402347,0.020986254252707504,0.5232129697847511,0.016563526065887926,-0.10768510248981633,-0.10245511015677211,1.292038874572653,-0.004697476462580008,0.033712526778721316,0.0054194587864806465,0.03144331107745505,111.0,1.0,9.639673836968186e-05,0.002699690704093275
2025-03-27,6740.253,229.0714,360.177,6169.7958,20.228183807439827,4.279999999999999,103.52200012207032,52.237600000000384,245.77329999999984,-2.3439683664732165,3.128562954359257,-0.0020000000000006,-0.2325000000000008,-0.2040008544921931,-3.2604991912841825,0.0054194587864806465,0.055450236966719524,0.025615811389930923,-0.0385082292517801,-0.06308222528066243,1.1313414906915151,0.0008899313956594046,0.03144331107745505,-0.06384528535528278,0.05917770440226972,-1314.75,-1.0,4.98596867665508e-05,0.0021329396578436853
2025-04-03,6723.452,269.1116,313.326,6151.0046,18.65858407079646,4.326,104.23000030517578,-18.791199999999662,176.0660000000007,-1.5695997366433652,0.6117569373172493,0.0460000000000002,-0.0060000000000002,0.7080001831054688,-2.4059982299804688,-0.06384528535528278,0.0,0.05615209046581596,-0.07765178699583752,-0.13054459352801895,1.9476434420251532,-0.011692826617831664,0.05917770440226972,-0.009907666770411883,0.15228266505312352,-191.0,-1.0,-0.0006460338758320513,0.004534301815375516
2025-04-10,6727.416,157.5242,306.049,6141.0144,21.81449781659389,4.186,103.6779998779297,-9.990200000000186,84.26699999999983,3.155913745797428,1.5135527616488318,-0.1399999999999996,-0.0520000000000004,-0.5520004272460852,-2.3019989013671847,-0.009907666770411883,0.6067237163811214,0.10714098601142139,-0.048540059569058935,-0.13482764091290256,3.763301846430209,0.01356419392431929,0.15228266505312352,-0.005435636820872891,0.038573613597500105,-103.75,-1.0,7.211706209905638e-05,0.012013755649048963
2025-04-17,6727.113,80.72380000000001,422.983,6263.8428,30.185304347826087,4.232,102.6020004272461,122.82840000000031,146.28460000000086,8.370806531232198,7.613152173913043,0.0460000000000002,-0.0499999999999998,-1.0759994506835966,-1.1240005493164062,-0.005435636820872891,0.0,0.030526911882844086,-0.07316269361748873,-0.1692231947483589,0.9084494748358711,-0.007411830579777345,0.038573613597500105,0.049583185176405475,0.05465175654966852,941.25,1.0,-1.8128441906628545e-05,0.0046025838922347856
2025-04-24,6726.93,138.46224999999998,606.632,6223.4062,26.85504629629629,4.368,99.67999877929688,-40.4366,53.61040000000048,-3.3302580515297926,6.626862488856467,0.1360000000000001,0.0880000000000009,-2.922001647949216,-3.842001342773429,0.049583185176405475,0.9999999999992856,0.07025270395743934,-0.03245074115890301,-0.11196042163439035,1.2415975905373995,0.013164507990826246,0.05465175654966852,0.02754146904564725,0.011626249815753406,548.75,1.0,0.0005160355736697116,0.004302900268662494
2025-05-01,6709.277,161.6322,595.741,5981.835750000001,26.1839898989899,4.3875,99.08249855041504,-241.57044999999923,-169.1688499999991,-0.6710563973063941,7.525405828193438,0.0194999999999998,0.0615000000000005,-0.5975002288818416,-5.147501754760739,0.02754146904564725,0.9999999999970824,0.01674135762519385,0.062000726216412394,-0.09743866687239622,0.2667911781795022,0.007714951077865351,0.011626249815753406,0.01354206098201316,0.02328402883835558,277.25,1.0,0.0002525816495257284,0.003370593478651777
2025-05-08,6710.889,139.4114,583.727,5951.9038,23.660570175438597,4.226000000000001,99.48800048828124,-29.93195000000105,-189.1106,-2.5234197235513065,1.8460723588447048,-0.1614999999999993,0.0400000000000009,0.4055019378662052,-4.189999389648449,0.01354206098201316,0.8517647058796808,0.015361075636731645,0.08715356001466956,-0.09485278080697923,0.5348560421055022,0.00291022623110182,0.02328402883835558,0.060347943423050054,0.03685661690441179,1252.25,1.0,8.720632814096132e-05,0.0027913900923149768
2025-05-15,6713.27,141.6902,575.846,5987.7506,23.09781456953642,4.324,99.86399993896484,35.84680000000026,-276.09220000000005,-0.5627556059021721,-7.087489778289665,0.0979999999999989,0.0919999999999996,0.3759994506835937,-2.7380004882812585,0.060347943423050054,0.9999999999992085,0.05742464010180546,0.1590612777053455,-0.041420698368440534,0.8022549752677306,0.01762391061786306,0.03685661690441179,-0.010089647884923503,0.015467785885605965,-222.0,-1.0,0.0004980814643107314,0.0024239483490545153
2025-05-22,6688.726,157.8138,503.055,5995.7338,20.110000000000003,4.458,101.00999908447264,7.98319999999967,-227.6724000000004,-2.987814569536418,-6.745046296296291,0.1340000000000003,0.0899999999999998,1.1459991455078151,1.3300003051757727,-0.010089647884923503,0.05806887238336781,0.016998955499695833,0.09316419483550398,0.01696042955527033,0.34177661054505903,0.0025112415896276774,0.015467785885605965,0.010571261320202474,0.031069784752519727,230.25,1.0,-9.643513732678766e-05,0.0022523621516229715
2025-05-29,6673.244,158.052,467.204,6027.8572,19.960217864923745,4.498,100.23199920654297,32.12339999999949,46.02144999999837,-0.1497821350762578,-6.223772034066155,0.04,0.1105,-0.7779998779296875,1.1495006561279268,0.010571261320202474,0.8928939237880682,0.022057153241561038,0.07511020477940722,0.0531075068178557,0.7008030450881336,-0.0004388312646670389,0.031069784752519727,0.007893780382536075,0.014838709267812111,173.75,1.0,8.454657150262817e-05,0.002775469270544076
2025-06-05,6672.885,185.2568,378.947,6047.988,20.232227378190256,4.46,99.34399871826172,20.130800000000814,96.08420000000024,0.2720095132665108,-3.4283427972483373,-0.0380000000000002,0.2339999999999991,-0.88800048828125,-0.1440017700195284,0.007893780382536075,0.5272610647837659,0.017568374671790305,0.06911881641406237,0.10587839437707958,0.3540157234963639,0.004057463246986304,0.014838709267812111,0.015787872299665384,0.010861545051347425,350.25,1.0,0.00012029560014727798,0.0021404144655524163
2025-06-12,6677.155,179.4732,332.907,6108.6812,19.61465011286682,4.42,98.96199951171874,60.693199999999706,120.93059999999969,-0.6175772653234368,-3.483164456669602,-0.04,0.096,-0.3819992065429716,-0.9020004272460938,0.015787872299665384,0.8265895953709447,0.007676946971377857,0.024190158048425836,0.10024778156163405,0.27146297227030597,-0.001224661088458756,0.010861545051347425,-0.0051253605502551425,0.030612501004577932,-115.5,-1.0,-3.967495008769323e-05,0.001907050758081518
2025-06-19,6681.056,170.84825,337.762,6164.774799999999,19.989797297297297,4.448,98.74600067138672,56.09359999999924,169.04099999999926,0.3751471844304781,-0.1202027027027057,0.0280000000000004,-0.0099999999999997,-0.2159988403320198,-2.263998413085929,-0.0051253605502551425,0.4365129500936538,0.017652043979571354,0.029326354693938406,0.08870840465697882,0.7664255008862889,0.0008546790473044075,0.030612501004577932,0.0322933160864427,0.01708805236763056,724.0,1.0,0.00010123533796439603,0.001962949372488863
2025-06-26,6662.2,190.856,364.375,6172.44575,21.00739726027397,4.41,98.47750091552734,7.67095000000063,144.5885500000004,1.017599962976675,1.047179395350227,-0.0380000000000002,-0.088,-0.2684997558593807,-1.7544982910156222,0.0322933160864427,0.9999999999987872,0.03562555361116512,0.051451546953795724,0.20051353874883282,0.4690082029734145,0.006156167190056294,0.01708805236763056,0.016991811955840763,0.015674108781876323,393.25,1.0,0.0002987465764033656,0.0018566151642546802
2025-07-03,6659.598,288.795,359.516,6106.969,19.850690423162582,4.314,97.96399993896485,-65.47674999999981,58.98099999999977,-1.1567068371113898,-0.3815369550276735,-0.096,-0.1459999999999999,-0.5135009765624972,-1.379998779296869,0.016991811955840763,0.9999999999972955,0.015709475607294975,0.06094276473703775,0.23312987897521875,0.6257030323701579,-0.0034883021306748585,0.015674108781876323,-0.002092472410167079,0.013142030026621003,-49.25,0.0,0.000122269264872862,0.0015208710340643763
2025-07-10,6661.912,212.01425,319.889,6011.287,18.618341013824885,4.287999999999999,97.01199951171876,-95.6819999999998,-97.39419999999971,-1.2323494093376972,-0.996309099041934,-0.0260000000000006,-0.1320000000000005,-0.9520004272460908,-1.9499999999999889,-0.002092472410167079,0.7648809523763995,0.0071527408195848855,0.04226758375859774,0.23727496608852539,0.5731095104638045,-0.002092472410167079,0.013142030026621003,0.010122405534858991,0.008060894072287144,237.75,1.0,-1.3907193806600587e-05,0.001520431287561593
2025-07-17,6659.273,197.7002,296.247,6130.00875,19.58739952718676,4.3775,97.52750205993652,118.7217499999997,-34.76604999999927,0.969058513361876,-0.4023977701105359,0.0895000000000001,-0.0705000000000009,0.5155025482177678,-1.218498611450201,0.010122405534858991,0.9999999999965754,0.012307562617886007,0.0582417092263432,0.19075760997766578,0.4231767989168324,0.007599211559469854,0.008060894072287144,0.0053318721615156495,0.008974734810427315,126.5,1.0,0.00011610478336200083,0.0014130071892602214
2025-07-24,6657.715,186.2312,323.176,6165.3258,19.33840354767184,4.458,98.33400115966796,35.317049999999654,-7.1199500000002445,-0.2489959795149197,-1.6689937126021306,0.0805000000000006,0.048,0.8064990997314396,-0.1434997558593806,0.0053318721615156495,0.9999999999934748,0.0064251050761474525,0.030602544991034097,0.16502020929749794,0.4766805661349413,-0.0041159710972158425,0.008974734810427315,-0.0005240705608603458,0.007003923664024184,-12.5,0.0,4.439753530456336e-05,0.0014165017624349035
2025-07-31,6642.578,172.3832,370.507,6148.3078,18.62333333333333,4.4,97.66199951171876,-17.01800000000003,41.33879999999954,-0.7150702143385068,-1.2273570898292476,-0.0579999999999998,0.0860000000000003,-0.6720016479492159,-0.3020004272460994,-0.0005240705608603458,0.0,0.005295888083727466,0.012852241707117518,0.14885183489554477,0.4008910504214075,0.003656980455633674,0.007003923664024184,0.005505626225657201,0.0339435909425242,131.25,1.0,-2.7624130633745373e-05,0.0015905495742050014
2025-08-07,6640.843,95.4878,421.043,6099.687800000001,17.559460674157304,4.382,99.03800201416016,-48.61999999999898,88.40080000000034,-1.063872659176031,-1.0588803396675814,-0.0180000000000006,0.0940000000000003,1.376002502441409,2.026002502441401,0.005505626225657201,0.9999999999983674,0.02555224129659373,0.020564129856306623,0.08943200281782948,1.970241368091565,0.006699725066225737,0.0339435909425242,0.018116017604972834,0.015115579538698059,434.25,1.0,8.354287752270497e-05,0.0020408917806691734
2025-08-14,6643.615,61.2058,504.304,6124.3122,19.0437527593819,4.224,98.56600036621094,24.624399999999696,-5.696549999999661,1.484292085224595,-0.5436467678048622,-0.1579999999999994,-0.1534999999999993,-0.472001647949213,1.0384983062744195,0.018116017604972834,0.9482200647218505,0.012661469590960777,0.02864037259881358,0.12047335376421842,0.878874701208292,-0.0010124050714637178,0.015115579538698059,-0.029123428840696963,0.0107710996730994,-710.75,-1.0,0.00014268472398082377,0.0014190137560124172
2025-08-21,6618.415,30.9396,519.534,6078.1052,18.841299559471366,4.272,98.17799835205078,-46.207000000000335,-87.22059999999965,-0.2024531999105328,-0.4971039882004753,0.048,-0.1859999999999999,-0.3880020141601648,-0.1560028076171846,-0.029123428840696963,0.0,0.02465814130159534,-0.006613770478057113,0.07646176911544234,0.694585631381631,-0.01364624727708541,0.0107710996730994,0.023180974086266515,0.01466836901047695,549.25,1.0,-0.00026138060790831496,0.0018018019637915978
2025-08-28,6603.384,35.8252,589.998,6067.941400000001,18.29222958057395,4.318,98.2259994506836,-10.163799999999355,-80.36639999999898,-0.5490699788974176,-0.3311037527593861,0.0459999999999993,-0.0820000000000007,0.0480010986328096,0.5639999389648409,0.023180974086266515,0.9999999999963066,0.011168057088055438,0.016946841867927942,0.09278896539289372,0.946771778728228,0.0033093516855284832,0.01466836901047695,-0.004166108091943066,0.024324931669661577,-101.0,-1.0,0.00018676766891006816,0.0017664282270623405
2025-09-04,6602.071,34.25375,597.513,5977.560799999999,17.08251111111111,4.252,98.08400115966796,-90.38060000000132,-122.12700000000132,-1.209718469462839,-0.4769495630461939,-0.0659999999999998,-0.1299999999999999,-0.141998291015625,-0.9540008544921932,-0.004166108091943066,0.9999999999974555,0.016278515879837214,0.007165057049289825,0.07132238739738184,1.4640357611591246,-0.0031485457191383626,0.024324931669661577,0.01448705070985512,0.005507219505764997,349.75,1.0,1.0884546228896242e-05,0.0019423948410465632
2025-09-11,6605.962,23.925,672.274,5970.30425,17.097004716981132,4.225,98.16499900817873,-7.256549999999152,-154.00795000000016,0.0144936058700224,-1.9467480424007668,-0.0270000000000001,0.0009999999999994,0.0809978485107478,-0.4010013580322322,0.01448705070985512,0.9999999999970037,0.013626898579127878,0.003575123695182203,0.09244184749882911,0.3792099311839501,0.0021506867305289834,0.005507219505764997,0.018914339376122857,0.011611709872600138,463.25,1.0,9.93827919690913e-05,0.001569715547779266
2025-09-18,6608.597,16.154400000000003,756.376,5909.763,18.141395881006865,4.056,97.66599884033204,-60.54125000000022,-168.34220000000005,1.0443911640257326,-0.6999036784645014,-0.1689999999999996,-0.2160000000000002,-0.499000167846674,-0.5119995117187415,0.018914339376122857,0.9999999999972808,0.014736378116829124,0.05323077572381196,0.07828331929051346,0.8254858489702362,0.012318229962692051,0.011611709872600138,-0.0030554692900292,0.013669539872067564,-76.25,-1.0,0.0001613507743767494,0.0011096007961447637
2025-09-25,6608.395,18.8958,804.856,5836.066599999999,17.916829268292684,4.064,97.14000091552734,-73.69640000000072,-231.8748000000014,-0.224566612714181,-0.3754003122812648,0.008,-0.2539999999999995,-0.5259979248046989,-1.08599853515625,-0.0030554692900292,0.0,0.015022709915993408,0.02622379425200827,0.057027839442573836,0.9834577356767708,0.0019424945024997253,0.013669539872067564,0.019323525865187596,0.0018184479652780443,480.75,1.0,-4.7683138994600664e-05,0.001488628540557624
2025-10-02,6587.119,34.395799999999994,805.139,5784.6432,17.99477375565611,4.15,97.7300018310547,-51.423399999998765,-192.91759999999888,0.0779444873634247,0.9122626445449988,0.0860000000000003,-0.1019999999999994,0.5900009155273551,-0.3539993286132699,0.019323525865187596,0.9999999999973908,0.01511253068346494,0.050430262299495654,0.07971261309207023,0.1403574315640225,0.0033985370275628757,0.0018184479652780443,0.007068287345104007,0.017254382407824433,179.25,1.0,0.00020641413238029868,0.0014176066523094398
2025-10-09,6590.815,12.3034,807.428,5747.584199999999,17.692827102803736,4.146,97.87799987792968,-37.05900000000111,-222.7200500000008,-0.3019466528523722,0.5958223858226042,-0.0040000000000004,-0.0789999999999997,0.1479980468749886,-0.2869991302490291,0.007068287345104007,0.8768436578145226,0.013273816515916833,0.04274865262126415,0.07644808800750247,1.2574283463755742,0.005237053826205651,0.017254382407824433,-0.01793335682681385,0.04625370775921756,-458.0,-1.0,4.612301219441923e-05,0.0013133004228489276
2025-10-16,6596.454,5.021,809.593,5771.0836,18.30448192771084,4.144,98.56000061035157,23.499400000000605,-138.6794,0.6116548249071059,0.1630860467039774,-0.0019999999999997,0.088,0.6820007324218835,0.8940017700195284,-0.01793335682681385,0.8232227488136052,0.021031856784019774,0.0050390198455234625,0.05153709895500325,2.7485273676416755,-0.0017748425327435147,0.04625370775921756,0.01685538854112667,0.019781739355782643,422.75,1.0,-0.00020075639598847003,0.0034250614630516687
2025-10-23,6589.533,5.1356,908.001,5781.84,20.352835164835167,4.03,98.89600067138672,10.756400000000212,-54.22659999999905,2.0483532371243243,2.4360058965424827,-0.1139999999999998,-0.0339999999999998,0.3360000610351505,1.7559997558593778,0.01685538854112667,0.839215686271877,0.012498162034994854,0.025111539852888054,0.06982182744843057,1.105535214145222,0.0010631768883324622,0.019781739355782643,0.024653237269029127,0.0266171079198372,628.75,1.0,0.000216937546447638,0.001785938746545656
2025-10-30,6587.034,13.1686,957.99,5676.3964000000005,19.73745652173913,3.996,98.75800018310548,-105.4435999999996,-108.2467999999999,-0.6153786430960366,1.7426827660830213,-0.0340000000000002,-0.1540000000000003,-0.13800048828125,1.0279983520507727,0.024653237269029127,0.49585131098507024,0.028824260977709747,0.030471514900580754,0.090194197033854,1.540090599754867,0.012874329561526565,0.0266171079198372,-0.024433177078350687,0.03032842056223047,-638.5,-1.0,0.00028924036435353407,0.0019958605906361987
2025-11-06,6572.732,23.229,940.979,5615.8754,18.35756097560976,4.042,99.03399963378908,-60.52100000000064,-131.70879999999943,-1.3798955461293725,0.6647338728060213,0.0459999999999998,-0.104,0.2759994506835994,1.1559997558593835,-0.024433177078350687,0.0,0.033694202557464505,-0.0017620110419358515,0.044632704698880366,1.6349062570050492,-0.008814391149719825,0.03032842056223047,-0.005864124892131506,0.033453229348351585,-149.5,-1.0,-0.00028456026690477833,0.0024091285355001945
2025-11-13,6580.462,5.4255,953.816,5608.523999999999,19.281626373626374,4.1240000000000006,99.96400146484376,-7.351400000000467,-162.5596000000005,0.9240653980166158,0.9771444459155312,0.0820000000000007,-0.0199999999999995,0.9300018310546818,1.4040008544921818,-0.005864124892131506,0.0,0.024453037148099193,0.010505960687372973,0.06965898539714699,1.63659630439536,-0.0077005372768966796,0.033453229348351585,-0.03800627355047448,0.024730966201446984,-963.25,-1.0,-7.61010625074233e-05,0.0023129421572478616
2025-11-20,6555.283,2.657,941.926,5621.2205,19.610463576158946,4.1075,99.46800079345704,12.696500000000924,-160.6194999999998,0.3288372025325685,-0.7423715886762245,-0.0165000000000006,0.0774999999999996,-0.4960006713867102,0.572000122070321,-0.03800627355047448,0.0,0.03947705716482953,-0.04401313532323681,0.005692306105823164,1.162208594045309,-0.008310925821618631,0.024730966201446984,0.048018456805947185,0.021575221226999477,1170.75,1.0,-0.0003269206116884956,0.00416870412490282
2025-11-27,6552.419,2.02775,903.394,5610.7,20.97145652173913,4.124,99.76000061035155,-10.520500000000538,-65.69640000000072,1.3609929455801897,1.2340000000000018,0.0164999999999997,0.1279999999999996,0.2919998168945312,1.0020004272461025,0.048018456805947185,0.9999999999989968,0.03900868816530995,-0.02221371854969867,0.05839348030941616,1.024944261761546,0.0071373595905468434,0.021575221226999477,0.012543049467752088,0.011533521357540084,320.5,1.0,0.00045034036158193386,0.0025847285780698213
2025-12-04,6535.781,4.2336,937.167,5646.997249999999,20.00717948717949,4.0275,99.89500045776369,36.29724999999962,31.12184999999954,-0.9642770345596432,1.6496185115697308,-0.0964999999999998,-0.0144999999999999,0.1349998474121037,0.8610008239746065,0.012543049467752088,0.8694835680718518,0.010290849357425838,0.014846630579744335,0.056365343785725885,0.535140277085368,0.006916710943667637,0.011533521357540084,0.003507585273939462,0.00782261626873047,90.75,1.0,0.00013998777203533104,0.0015889678177312926
2025-12-11,6539.303,2.8636,858.946,5594.3804,18.084788732394365,4.074,99.21399993896485,-52.61684999999943,-14.143599999999424,-1.9223907547851236,-1.1968376412320083,0.0464999999999999,-0.0500000000000007,-0.6810005187988253,-0.7500015258789006,0.003507585273939462,0.36940298507187014,0.00516114122846716,0.024413580855807027,0.04039230222097556,0.3683558323882482,-0.002339945768509377,0.00782261626873047,-0.027018959490818784,0.03207734019206879,-701.5,-1.0,-8.760765531833021e-06,0.002027858089799692
2025-12-18,6556.861,5.4124,833.093,5677.4934,19.20952702702703,4.151999999999999,98.88799896240236,83.11300000000028,56.272899999999936,1.1247382946326638,-0.400936549131913,0.0779999999999994,0.0444999999999993,-0.3260009765624971,-0.5800018310546875,-0.027018959490818784,0.6430469441972665,0.02234603699268657,0.036113816970007706,0.015384460790224708,1.4087199644440906,-0.007496961356892151,0.03207734019206879,0.024493552505269856,0.009645223179276774,618.75,1.0,-0.00022098467362167477,0.00248940178834971
2025-12-25,6581.231,3.8165,837.12,5718.3556,18.5182932166302,4.16,98.30000152587893,40.862199999999575,107.65560000000004,-0.691233810396831,-2.4531633051089337,0.0080000000000008,0.0360000000000004,-0.5879974365234375,-1.4599990844726562,0.024493552505269856,0.9999999999967294,0.01181391395065783,0.012856136505948745,0.020534508423781794,0.4117879776112358,0.0022404231589554513,0.009645223179276774,-0.016373331272579783,0.00755362535987866,-423.75,-1.0,0.00025774518400291987,0.0014249374721945671
2026-01-01,6640.618,37.372,837.306,5740.2945,17.098475609756097,4.165,98.20250129699708,21.938900000000103,93.29725000000052,-1.4198176068741013,-2.908703877423392,0.0049999999999998,0.1375000000000001,-0.0975002288818416,-1.6924991607666016,-0.016373331272579783,0.0,0.01596825989177723,-0.016069185428543853,-0.003220564626649436,0.3340184847699242,-0.003483964999754896,0.00755362535987866,0.009064393530203274,0.014774856986319147,230.75,1.0,-9.943785903554974e-05,0.0011688761977339517
2026-01-08,6573.602,4.4798,796.148,5765.9400000000005,16.567848837209304,4.145,98.14499855041504,25.64550000000054,171.5596000000005,-0.5306267725467926,-1.516939895185061,-0.0200000000000004,0.0709999999999997,-0.0575027465820312,-1.0690013885498075,0.009064393530203274,0.6664829106931279,0.01765450121654501,-0.010620781296640458,0.024181651449304287,0.7390696783734756,-0.0010190304814035045,0.014774856986319147,0.0007104622871045851,0.016608531584495097,18.25,0.0,2.0406055494877158e-05,0.0019748820442907645
2026-01-15,6581.7,3.037,779.175,5772.9742,16.646912442396314,4.176,98.5759994506836,7.034199999999146,95.48079999999936,0.0790636051870095,-2.562614584630716,0.0310000000000005,0.0240000000000009,0.4310009002685575,-0.3119995117187528,0.0007104622871045851,0.2294704528005235,0.01267226204253912,0.017575979494690586,0.007920403862177183,0.8419306487923488,-0.0021263662104535896,0.016608531584495097,-0.0018478356009842267,0.034487853818623265,-47.5,0.0,4.0297343913531236e-05,0.0018602924689294772
2026-01-22,6584.58,2.5325,869.261,5799.487999999999,18.226121076233184,4.174,99.11399841308594,26.51379999999972,81.1323999999995,1.5792086338368705,-0.2921721403970139,-0.0019999999999997,0.0140000000000002,0.5379989624023409,0.8139968872070256,-0.0018478356009842267,0.9450647610523536,0.021815595373807645,-0.008587546608450403,-0.01814790012436618,1.6920228410561224,0.0034158876775634006,0.034487853818623265,0.013290072393869368,0.011961903397399777,341.0,1.0,-2.9189336091828577e-05,0.002760669697140324
2026-01-29,6587.568,1.5248,923.042,5712.7865,18.886359447004608,4.265,98.78750038146973,-86.70149999999921,-27.50799999999981,0.6602383707714239,1.7878838372485113,0.0909999999999993,0.0999999999999996,-0.3264980316162109,0.5849990844726562,0.013290072393869368,0.6244019138741043,0.01607738684769753,0.0213106543451147,0.01981838864046437,0.6345139186645434,0.006414622429866457,0.011961903397399777,-0.012663826841158854,,-329.25,-1.0,4.3208385499409586e-05,0.002410822171034365
