timestamp,intended_timestamp,snapshot_date,snapshot_weekday,session_label,expiry,nq_price,qqq_price,gamma_flip,gamma_regime,vol_regime,iv,rv_iv_ratio,hv5,hv10,hv21,hv63,strike_futures,strike_etf,dist_nq,dist_pct,net_gex,abs_gex,net_vex,net_charmex,net_dex,net_dag,net_vegaex,total_oi,score,type
2026-06-02T07:14:15 ET,2026-06-02T07:10:00 ET,2026-06-02,Tue,0714ET,2026-06-04,30521.0,742.74,30528.3,NEAR_FLIP,EXPANSION,,,9.85,11.9,15.23,18.76,27528.33,670.0,-2992.6699999999983,-9.805281609383696,-207205.09999999998,245668.32,3198081.61,623860.3200000001,1819577.7800000003,2.754953,890.99,396,,
2026-06-02T07:14:15 ET,2026-06-02T07:10:00 ET,2026-06-02,Tue,0714ET,2026-06-02,30521.0,742.74,30528.3,NEAR_FLIP,EXPANSION,,,9.85,11.9,15.23,18.76,27531.94,670.0,-2989.0600000000013,-9.793453687624918,-995950.17,1065233.67,4983066.53,10677754.27,-2433852.69,-8.573781,2927.7,738,,
2026-06-02T07:14:15 ET,2026-06-02T07:10:00 ET,2026-06-02,Tue,0714ET,2026-06-03,30521.0,742.74,30528.3,NEAR_FLIP,EXPANSION,,,9.85,11.9,15.23,18.76,27532.84,670.0,-2988.16,-9.790504898266766,-227367.27,278075.08999999997,2264006.67,1411117.93,1665110.07,3.323653,778.74,340,,
2026-06-02T07:14:15 ET,2026-06-02T07:10:00 ET,2026-06-02,Tue,0714ET,2026-06-04,30521.0,742.74,30528.3,NEAR_FLIP,EXPANSION,,,9.85,11.9,15.23,18.76,27569.41,671.0,-2951.59,-9.670685757347401,-1880.66,1880.66,29073.39,4707.47,-3635.05,-0.005561,6.71,3,,
2026-06-02T07:14:15 ET,2026-06-02T07:10:00 ET,2026-06-02,Tue,0714ET,2026-06-02,30521.0,742.74,30528.3,NEAR_FLIP,EXPANSION,,,9.85,11.9,15.23,18.76,27573.03,671.0,-2947.970000000001,-9.658825071262413,-158387.27,158387.27,800448.56,1566051.74,-608987.61,-2.159692,425.12,109,,
2026-06-02T07:14:15 ET,2026-06-02T07:10:00 ET,2026-06-02,Tue,0714ET,2026-06-03,30521.0,742.74,30528.3,NEAR_FLIP,EXPANSION,,,9.85,11.9,15.23,18.76,27573.93,671.0,-2947.0699999999997,-9.655876281904261,-10674.83,20528.510000000002,106768.91,102696.95,399592.04000000004,0.800799,56.42,25,,
2026-06-02T07:14:15 ET,2026-06-02T07:10:00 ET,2026-06-02,Tue,0714ET,2026-06-04,30521.0,742.74,30528.3,NEAR_FLIP,EXPANSION,,,9.85,11.9,15.23,18.76,27610.5,672.0,-2910.5,-9.536057140984894,-8241.0,8241.0,127582.78,20328.74,-15663.69,-0.024234,28.95,13,,
2026-06-02T07:14:15 ET,2026-06-02T07:10:00 ET,2026-06-02,Tue,0714ET,2026-06-02,30521.0,742.74,30528.3,NEAR_FLIP,EXPANSION,,,9.85,11.9,15.23,18.76,27614.12,672.0,-2906.880000000001,-9.524196454899908,-482665.99,497292.23,2463827.25,4849018.949999999,-1485484.14,-5.302618000000001,1303.2,340,,
2026-06-02T07:14:15 ET,2026-06-02T07:10:00 ET,2026-06-02,Tue,0714ET,2026-06-03,30521.0,742.74,30528.3,NEAR_FLIP,EXPANSION,,,9.85,11.9,15.23,18.76,27615.03,672.0,-2905.970000000001,-9.521214901215561,16494.38,29689.88,-165693.40999999997,146392.78,2014487.8399999999,4.054714,80.09,36,,
2026-06-02T07:14:15 ET,2026-06-02T07:10:00 ET,2026-06-02,Tue,0714ET,2026-06-04,30521.0,742.74,30528.3,NEAR_FLIP,EXPANSION,,,9.85,11.9,15.23,18.76,27651.59,673.0,-2869.41,-9.401428524622391,-7698.3,7698.3,119332.66,18710.65,-14390.02,-0.02253,26.61,12,,
2026-06-02T07:14:15 ET,2026-06-02T07:10:00 ET,2026-06-02,Tue,0714ET,2026-06-02,30521.0,742.74,30528.3,NEAR_FLIP,EXPANSION,,,9.85,11.9,15.23,18.76,27655.21,673.0,-2865.790000000001,-9.389567838537403,-1274745.74,1283577.7,6572535.23,12340254.36,-4430416.06,-15.916212999999999,3283.5800000000004,872,,
2026-06-02T07:14:15 ET,2026-06-02T07:10:00 ET,2026-06-02,Tue,0714ET,2026-06-03,30521.0,742.74,30528.3,NEAR_FLIP,EXPANSION,,,9.85,11.9,15.23,18.76,27656.12,673.0,-2864.880000000001,-9.386586284853056,-18229.92,18229.92,183902.59,88576.21,-39170.12,-0.079215,48.26,22,,
2026-06-02T07:14:15 ET,2026-06-02T07:10:00 ET,2026-06-02,Tue,0714ET,2026-06-04,30521.0,742.74,30528.3,NEAR_FLIP,EXPANSION,,,9.85,11.9,15.23,18.76,27692.68,674.0,-2828.3199999999997,-9.266799908259886,-4548.13,4548.13,70578.6,10889.29,-8361.7,-0.013259,15.47,7,,
2026-06-02T07:14:15 ET,2026-06-02T07:10:00 ET,2026-06-02,Tue,0714ET,2026-06-02,30521.0,742.74,30528.3,NEAR_FLIP,EXPANSION,,,9.85,11.9,15.23,18.76,27696.31,674.0,-2824.6899999999987,-9.25490645784869,-1019064.0800000001,1022026.48,5307023.39,9685563.190000001,-3521983.72,-12.731804,2551.6299999999997,690,,
2026-06-02T07:14:15 ET,2026-06-02T07:10:00 ET,2026-06-02,Tue,0714ET,2026-06-03,30521.0,742.74,30528.3,NEAR_FLIP,EXPANSION,,,9.85,11.9,15.23,18.76,27697.21,674.0,-2823.790000000001,-9.25195766849055,-13326.61,13326.61,134990.37,63794.18,-28023.53,-0.056966,34.61,16,,
2026-06-02T07:14:15 ET,2026-06-02T07:10:00 ET,2026-06-02,Tue,0714ET,2026-06-04,30521.0,742.74,30528.3,NEAR_FLIP,EXPANSION,,,9.85,11.9,15.23,18.76,27733.76,675.0,-2787.2400000000016,-9.132204056223589,-65859.24,82982.64,1022945.15,195673.44,815493.6,1.310771,277.81,126,,
2026-06-02T07:14:15 ET,2026-06-02T07:10:00 ET,2026-06-02,Tue,0714ET,2026-06-02,30521.0,742.74,30528.3,NEAR_FLIP,EXPANSION,,,9.85,11.9,15.23,18.76,27737.4,675.0,-2783.5999999999985,-9.120277841486185,-830062.8,874769.96,4366101.52,8169885.54,-1872828.0299999998,-6.811507000000001,2131.01,587,,
2026-06-02T07:14:15 ET,2026-06-02T07:10:00 ET,2026-06-02,Tue,0714ET,2026-06-03,30521.0,742.74,30528.3,NEAR_FLIP,EXPANSION,,,9.85,11.9,15.23,18.76,27738.31,675.0,-2782.6899999999987,-9.117296287801837,-137365.62,187621.34000000003,1396960.5899999999,884662.48,1842104.48,3.765634,478.12,224,,
2026-06-02T07:14:15 ET,2026-06-02T07:10:00 ET,2026-06-02,Tue,0714ET,2026-06-04,30521.0,742.74,30528.3,NEAR_FLIP,EXPANSION,,,9.85,11.9,15.23,18.76,27774.85,676.0,-2746.1500000000015,-8.997575439861084,-11358.6,11358.6,176551.7,26372.44,-20207.65,-0.032952,37.42,17,,
2026-06-02T07:14:15 ET,2026-06-02T07:10:00 ET,2026-06-02,Tue,0714ET,2026-06-02,30521.0,742.74,30528.3,NEAR_FLIP,EXPANSION,,,9.85,11.9,15.23,18.76,27778.49,676.0,-2742.5099999999984,-8.98564922512368,-1049380.71,1049380.71,5574953.79,9656296.85,-3476137.43,-12.718079,2493.82,700,,
2026-06-02T07:14:15 ET,2026-06-02T07:10:00 ET,2026-06-02,Tue,0714ET,2026-06-03,30521.0,742.74,30528.3,NEAR_FLIP,EXPANSION,,,9.85,11.9,15.23,18.76,27779.4,676.0,-2741.5999999999985,-8.982667671439332,-10112.6,10112.6,103236.15,46956.36,-20367.2,-0.041889,25.28,12,,
2026-06-02T07:14:15 ET,2026-06-02T07:10:00 ET,2026-06-02,Tue,0714ET,2026-06-04,30521.0,742.74,30528.3,NEAR_FLIP,EXPANSION,,,9.85,11.9,15.23,18.76,27815.94,677.0,-2705.0600000000013,-8.862946823498579,-58348.15,62418.950000000004,907399.63,142666.94,113564.98,0.188045,202.35,92,,
2026-06-02T07:14:15 ET,2026-06-02T07:10:00 ET,2026-06-02,Tue,0714ET,2026-06-02,30521.0,742.74,30528.3,NEAR_FLIP,EXPANSION,,,9.85,11.9,15.23,18.76,27819.58,677.0,-2701.4199999999983,-8.851020608761175,-1133888.7,1145951.34,6084074.11,10387056.09,-3384610.3,-12.455203000000001,2656.08,760,,
2026-06-02T07:14:15 ET,2026-06-02T07:10:00 ET,2026-06-02,Tue,0714ET,2026-06-03,30521.0,742.74,30528.3,NEAR_FLIP,EXPANSION,,,9.85,11.9,15.23,18.76,27820.49,677.0,-2700.5099999999984,-8.848039055076827,-7634.85,7634.85,78229.32,34903.44,-15049.0,-0.031157,18.72,9,,
2026-06-02T07:14:15 ET,2026-06-02T07:10:00 ET,2026-06-02,Tue,0714ET,2026-06-04,30521.0,742.74,30528.3,NEAR_FLIP,EXPANSION,,,9.85,11.9,15.23,18.76,27857.02,678.0,-2663.9799999999996,-8.72835097146227,-7585.52,7585.52,118002.13,17063.59,-13065.21,-0.021989,24.2,11,,
2026-06-02T07:14:15 ET,2026-06-02T07:10:00 ET,2026-06-02,Tue,0714ET,2026-06-02,30521.0,742.74,30528.3,NEAR_FLIP,EXPANSION,,,9.85,11.9,15.23,18.76,27860.68,678.0,-2660.3199999999997,-8.716359228072474,-717251.94,720284.72,3886876.14,6429390.35,-2169575.6300000004,-8.029249,1627.89,475,,
2026-06-02T07:14:15 ET,2026-06-02T07:10:00 ET,2026-06-02,Tue,0714ET,2026-06-03,30521.0,742.74,30528.3,NEAR_FLIP,EXPANSION,,,9.85,11.9,15.23,18.76,27861.59,678.0,-2659.41,-8.713377674388125,-267440.0,274275.52,2749973.0,1234204.13,-232007.15000000002,-0.483808,659.8100000000001,321,,
2026-06-02T07:14:15 ET,2026-06-02T07:10:00 ET,2026-06-02,Tue,0714ET,2026-06-04,30521.0,742.74,30528.3,NEAR_FLIP,EXPANSION,,,9.85,11.9,15.23,18.76,27898.11,679.0,-2622.8899999999994,-8.593722355099766,-6314.33,6314.33,98235.86,13976.07,-10703.28,-0.018327,19.82,9,,
2026-06-02T07:14:15 ET,2026-06-02T07:10:00 ET,2026-06-02,Tue,0714ET,2026-06-02,30521.0,742.74,30528.3,NEAR_FLIP,EXPANSION,,,9.85,11.9,15.23,18.76,27901.77,679.0,-2619.2299999999996,-8.581730611709968,-1469903.55,1552242.55,8044703.53,13641182.62,-2682122.8899999997,-9.981137,3419.9900000000002,1018,,
2026-06-02T07:14:15 ET,2026-06-02T07:10:00 ET,2026-06-02,Tue,0714ET,2026-06-03,30521.0,742.74,30528.3,NEAR_FLIP,EXPANSION,,,9.85,11.9,15.23,18.76,27902.68,679.0,-2618.3199999999997,-8.578749058025622,-4305.67,9472.49,44422.869999999995,41945.94,204937.57,0.430708,22.35,11,,
2026-06-02T07:14:15 ET,2026-06-02T07:10:00 ET,2026-06-02,Tue,0714ET,2026-06-04,30521.0,742.74,30528.3,NEAR_FLIP,EXPANSION,,,9.85,11.9,15.23,18.76,27939.2,680.0,-2581.7999999999993,-8.459093738737261,-157197.67,190066.27,2445273.7800000003,413833.76,1391186.33,2.426041,586.98,266,,
2026-06-02T07:14:15 ET,2026-06-02T07:10:00 ET,2026-06-02,Tue,0714ET,2026-06-02,30521.0,742.74,30528.3,NEAR_FLIP,EXPANSION,,,9.85,11.9,15.23,18.76,27942.86,680.0,-2578.1399999999994,-8.447101995347465,-2382377.6,2627667.44,13167688.33,22728675.8,-1748247.25,-6.541118000000001,5642.62,1714,,
2026-06-02T07:14:15 ET,2026-06-02T07:10:00 ET,2026-06-02,Tue,0714ET,2026-06-03,30521.0,742.74,30528.3,NEAR_FLIP,EXPANSION,,,9.85,11.9,15.23,18.76,27943.78,680.0,-2577.220000000001,-8.44408767733692,-154584.51,196270.22999999998,1600000.8900000001,855059.15,1419884.08,3.009459,454.17,226,,
2026-06-02T07:14:15 ET,2026-06-02T07:10:00 ET,2026-06-02,Tue,0714ET,2026-06-04,30521.0,742.74,30528.3,NEAR_FLIP,EXPANSION,,,9.85,11.9,15.23,18.76,27980.29,681.0,-2540.709999999999,-8.324465122374756,-3642.47,3642.47,56638.62,7799.51,-5982.75,-0.010637,11.07,5,,
2026-06-02T07:14:15 ET,2026-06-02T07:10:00 ET,2026-06-02,Tue,0714ET,2026-06-02,30521.0,742.74,30528.3,NEAR_FLIP,EXPANSION,,,9.85,11.9,15.23,18.76,27983.95,681.0,-2537.0499999999993,-8.31247337898496,-1249910.3,1252992.7,6976522.55,10664603.91,-3478631.49,-13.084465999999999,2621.81,813,,
2026-06-02T07:14:15 ET,2026-06-02T07:10:00 ET,2026-06-02,Tue,0714ET,2026-06-03,30521.0,742.74,30528.3,NEAR_FLIP,EXPANSION,,,9.85,11.9,15.23,18.76,27984.87,681.0,-2536.130000000001,-8.309459060974413,-8764.47,10517.37,90989.53,45066.28,55250.87000000001,0.11818300000000001,23.869999999999997,12,,
2026-06-02T07:14:15 ET,2026-06-02T07:10:00 ET,2026-06-02,Tue,0714ET,2026-06-04,30521.0,742.74,30528.3,NEAR_FLIP,EXPANSION,,,9.85,11.9,15.23,18.76,28021.37,682.0,-2499.630000000001,-8.189869270338459,-5948.42,5948.42,92436.74,12522.96,-9619.92,-0.017457,17.78,8,,
2026-06-02T07:14:15 ET,2026-06-02T07:10:00 ET,2026-06-02,Tue,0714ET,2026-06-02,30521.0,742.74,30528.3,NEAR_FLIP,EXPANSION,,,9.85,11.9,15.23,18.76,28025.05,682.0,-2495.9500000000007,-8.177811998296256,-618137.06,618137.06,3484074.34,5175486.05,-1697767.01,-6.41918,1260.02,399,,
2026-06-02T07:14:15 ET,2026-06-02T07:10:00 ET,2026-06-02,Tue,0714ET,2026-06-03,30521.0,742.74,30528.3,NEAR_FLIP,EXPANSION,,,9.85,11.9,15.23,18.76,28025.96,682.0,-2495.040000000001,-8.17483044461191,-37177.68,38948.04,387058.55,164102.78999999998,5317.630000000005,0.011487999999999998,86.67,44,,
2026-06-02T07:14:15 ET,2026-06-02T07:10:00 ET,2026-06-02,Tue,0714ET,2026-06-04,30521.0,742.74,30528.3,NEAR_FLIP,EXPANSION,,,9.85,11.9,15.23,18.76,28062.46,683.0,-2458.540000000001,-8.055240653975954,-87384.37,87384.37,1404065.99,180935.0,-131177.0,-0.215198,248.54,130,,
2026-06-02T07:14:15 ET,2026-06-02T07:10:00 ET,2026-06-02,Tue,0714ET,2026-06-02,30521.0,742.74,30528.3,NEAR_FLIP,EXPANSION,,,9.85,11.9,15.23,18.76,28066.14,683.0,-2454.8600000000006,-8.043183381933753,-875111.29,875111.29,4980664.0,7205662.24,-2327576.34,-8.845461,1737.37,562,,
2026-06-02T07:14:15 ET,2026-06-02T07:10:00 ET,2026-06-02,Tue,0714ET,2026-06-03,30521.0,742.74,30528.3,NEAR_FLIP,EXPANSION,,,9.85,11.9,15.23,18.76,28067.06,683.0,-2453.9399999999987,-8.040169063923196,-140471.68,147629.47999999998,1466309.44,611460.89,41235.640000000014,0.09004299999999998,322.1,165,,
2026-06-02T07:14:15 ET,2026-06-02T07:10:00 ET,2026-06-02,Tue,0714ET,2026-06-04,30521.0,742.74,30528.3,NEAR_FLIP,EXPANSION,,,9.85,11.9,15.23,18.76,28103.55,684.0,-2417.4500000000007,-7.920612037613449,-120485.64,120485.64,1868473.67,244987.44,-189005.77,-0.358565,348.72,155,,
2026-06-02T07:14:15 ET,2026-06-02T07:10:00 ET,2026-06-02,Tue,0714ET,2026-06-02,30521.0,742.74,30528.3,NEAR_FLIP,EXPANSION,,,9.85,11.9,15.23,18.76,28107.23,684.0,-2413.7700000000004,-7.908554765571248,-738672.52,741802.48,4244958.33,6005005.42,-1835870.84,-7.011996,1434.0,474,,
2026-06-02T07:14:15 ET,2026-06-02T07:10:00 ET,2026-06-02,Tue,0714ET,2026-06-03,30521.0,742.74,30528.3,NEAR_FLIP,EXPANSION,,,9.85,11.9,15.23,18.76,28108.15,684.0,-2412.8499999999985,-7.905540447560691,-13577.17,19008.03,142068.29,77370.18000000001,190571.24,0.42098399999999997,40.660000000000004,21,,
2026-06-02T07:14:15 ET,2026-06-02T07:10:00 ET,2026-06-02,Tue,0714ET,2026-06-04,30521.0,742.74,30528.3,NEAR_FLIP,EXPANSION,,,9.85,11.9,15.23,18.76,28144.63,685.0,-2376.369999999999,-7.786016185577141,-193803.8,219283.68,3075172.0999999996,438169.78,861833.06,1.7206340000000002,611.37,297,,
2026-06-02T07:14:15 ET,2026-06-02T07:10:00 ET,2026-06-02,Tue,0714ET,2026-06-02,30521.0,742.74,30528.3,NEAR_FLIP,EXPANSION,,,9.85,11.9,15.23,18.76,28148.32,685.0,-2372.6800000000003,-7.773926149208743,-1143412.5999999999,1178013.8,6634303.3,9372516.78,-2118991.8400000003,-8.133686,2216.84,749,,
2026-06-02T07:14:15 ET,2026-06-02T07:10:00 ET,2026-06-02,Tue,0714ET,2026-06-03,30521.0,742.74,30528.3,NEAR_FLIP,EXPANSION,,,9.85,11.9,15.23,18.76,28149.24,685.0,-2371.7599999999984,-7.770911831198187,-443597.74,520585.78,4651916.34,2081807.2,2254730.89,5.043456,1091.72,568,,
2026-06-02T07:14:15 ET,2026-06-02T07:10:00 ET,2026-06-02,Tue,0714ET,2026-06-04,30521.0,742.74,30528.3,NEAR_FLIP,EXPANSION,,,9.85,11.9,15.23,18.76,28185.72,686.0,-2335.279999999999,-7.651387569214635,-41479.13,41479.13,659330.75,81402.68,-60203.18,-0.10883,113.07,56,,
2026-06-02T07:14:15 ET,2026-06-02T07:10:00 ET,2026-06-02,Tue,0714ET,2026-06-02,30521.0,742.74,30528.3,NEAR_FLIP,EXPANSION,,,9.85,11.9,15.23,18.76,28189.41,686.0,-2331.59,-7.639297532846237,-802925.99,806087.1100000001,4703367.32,6301305.19,-1869785.5099999998,-7.212621,1476.3100000000002,510,,
2026-06-02T07:14:15 ET,2026-06-02T07:10:00 ET,2026-06-02,Tue,0714ET,2026-06-03,30521.0,742.74,30528.3,NEAR_FLIP,EXPANSION,,,9.85,11.9,15.23,18.76,28190.34,686.0,-2330.66,-7.636250450509485,-50163.310000000005,52021.21,527086.35,204318.36000000002,-10340.169999999998,-0.02344299999999999,106.94,56,,
2026-06-02T07:14:15 ET,2026-06-02T07:10:00 ET,2026-06-02,Tue,0714ET,2026-06-04,30521.0,742.74,30528.3,NEAR_FLIP,EXPANSION,,,9.85,11.9,15.23,18.76,28226.81,687.0,-2294.1899999999987,-7.51675895285213,-10656.56,24076.260000000002,169162.84999999998,46373.89,558834.24,1.146965,65.55,30,,
2026-06-02T07:14:15 ET,2026-06-02T07:10:00 ET,2026-06-02,Tue,0714ET,2026-06-02,30521.0,742.74,30528.3,NEAR_FLIP,EXPANSION,,,9.85,11.9,15.23,18.76,28230.51,687.0,-2290.4900000000016,-7.504636152157536,-481274.20999999996,528925.13,2845992.5,4061092.5700000003,-119952.04999999981,-0.46499299999999977,942.5400000000001,333,,
2026-06-02T07:14:15 ET,2026-06-02T07:10:00 ET,2026-06-02,Tue,0714ET,2026-06-03,30521.0,742.74,30528.3,NEAR_FLIP,EXPANSION,,,9.85,11.9,15.23,18.76,28231.43,687.0,-2289.5699999999997,-7.501621834146979,-93309.31,93309.31,982124.05,359826.31,-148622.79,-0.341873,188.03,99,,
2026-06-02T07:14:15 ET,2026-06-02T07:10:00 ET,2026-06-02,Tue,0714ET,2026-06-04,30521.0,742.74,30528.3,NEAR_FLIP,EXPANSION,,,9.85,11.9,15.23,18.76,28267.89,688.0,-2253.1100000000006,-7.382163100815833,-111184.62,111184.62,1711528.84,210127.48,-164457.87,-0.345939,301.48,129,,
2026-06-02T07:14:15 ET,2026-06-02T07:10:00 ET,2026-06-02,Tue,0714ET,2026-06-02,30521.0,742.74,30528.3,NEAR_FLIP,EXPANSION,,,9.85,11.9,15.23,18.76,28271.6,688.0,-2249.4000000000015,-7.370007535795031,-614547.64,755015.68,3668322.3,5691903.5,1564289.2799999998,6.093986000000001,1308.75,473,,
2026-06-02T07:14:15 ET,2026-06-02T07:10:00 ET,2026-06-02,Tue,0714ET,2026-06-03,30521.0,742.74,30528.3,NEAR_FLIP,EXPANSION,,,9.85,11.9,15.23,18.76,28272.53,688.0,-2248.470000000001,-7.366960453458278,-102434.75,104349.41,1079745.0499999998,394962.85000000003,-88505.96999999999,-0.20678799999999997,206.1,109,,
2026-06-02T07:14:15 ET,2026-06-02T07:10:00 ET,2026-06-02,Tue,0714ET,2026-06-04,30521.0,742.74,30528.3,NEAR_FLIP,EXPANSION,,,9.85,11.9,15.23,18.76,28308.98,689.0,-2212.0200000000004,-7.247534484453329,-11310.59,11310.59,165650.92,20953.42,-17881.29,-0.044873,31.6,11,,
2026-06-02T07:14:15 ET,2026-06-02T07:10:00 ET,2026-06-02,Tue,0714ET,2026-06-02,30521.0,742.74,30528.3,NEAR_FLIP,EXPANSION,,,9.85,11.9,15.23,18.76,28312.69,689.0,-2208.3100000000013,-7.235378919432526,-11529419.68,11539044.899999999,69462283.55,85383112.89,-24955908.84,-97.70634199999999,19451.760000000002,7193,,
2026-06-02T07:14:15 ET,2026-06-02T07:10:00 ET,2026-06-02,Tue,0714ET,2026-06-03,30521.0,742.74,30528.3,NEAR_FLIP,EXPANSION,,,9.85,11.9,15.23,18.76,28313.62,689.0,-2207.380000000001,-7.232331837095773,-118768.67000000001,184967.61000000002,1253397.55,686929.78,2242687.48,5.328443999999999,358.06,190,,
2026-06-02T07:14:15 ET,2026-06-02T07:10:00 ET,2026-06-02,Tue,0714ET,2026-06-04,30521.0,742.74,30528.3,NEAR_FLIP,EXPANSION,,,9.85,11.9,15.23,18.76,28350.07,690.0,-2170.9300000000003,-7.112905868090824,-292325.47,327140.37,4534497.68,594986.27,950156.1400000001,2.16578,848.6400000000001,372,,
2026-06-02T07:14:15 ET,2026-06-02T07:10:00 ET,2026-06-02,Tue,0714ET,2026-06-02,30521.0,742.74,30528.3,NEAR_FLIP,EXPANSION,,,9.85,11.9,15.23,18.76,28353.78,690.0,-2167.220000000001,-7.10075030307002,-2478186.44,2526557.02,15068142.620000001,18343160.22,-4215605.33,-16.588596000000003,4140.89,1567,,
2026-06-02T07:14:15 ET,2026-06-02T07:10:00 ET,2026-06-02,Tue,0714ET,2026-06-03,30521.0,742.74,30528.3,NEAR_FLIP,EXPANSION,,,9.85,11.9,15.23,18.76,28354.71,690.0,-2166.290000000001,-7.097703220733269,-827639.63,851428.07,8742084.83,3101428.39,-383220.93999999994,-0.9270289999999997,1615.3,859,,
2026-06-02T07:14:15 ET,2026-06-02T07:10:00 ET,2026-06-02,Tue,0714ET,2026-06-04,30521.0,742.74,30528.3,NEAR_FLIP,EXPANSION,,,9.85,11.9,15.23,18.76,28391.16,691.0,-2129.84,-6.9782772517283185,-72518.76,76304.04,1132392.1300000001,136075.57,44323.93000000001,0.11993499999999999,192.77999999999997,87,,
2026-06-02T07:14:15 ET,2026-06-02T07:10:00 ET,2026-06-02,Tue,0714ET,2026-06-02,30521.0,742.74,30528.3,NEAR_FLIP,EXPANSION,,,9.85,11.9,15.23,18.76,28394.88,691.0,-2126.119999999999,-6.966088922381308,-585086.6,617501.38,3589877.5900000003,4397062.67,-516266.56000000006,-2.042097,983.71,381,,
2026-06-02T07:14:15 ET,2026-06-02T07:10:00 ET,2026-06-02,Tue,0714ET,2026-06-03,30521.0,742.74,30528.3,NEAR_FLIP,EXPANSION,,,9.85,11.9,15.23,18.76,28395.81,691.0,-2125.1899999999987,-6.963041840044555,-81849.69,81849.69,865056.07,292326.96,-120049.04,-0.29606,152.17,81,,
2026-06-02T07:14:15 ET,2026-06-02T07:10:00 ET,2026-06-02,Tue,0714ET,2026-06-04,30521.0,742.74,30528.3,NEAR_FLIP,EXPANSION,,,9.85,11.9,15.23,18.76,28432.24,692.0,-2088.7599999999984,-6.84368139969201,-420386.73,422344.61,6540085.140000001,738122.49,-493911.02999999997,-1.076667,1048.66,467,,
2026-06-02T07:14:15 ET,2026-06-02T07:10:00 ET,2026-06-02,Tue,0714ET,2026-06-02,30521.0,742.74,30528.3,NEAR_FLIP,EXPANSION,,,9.85,11.9,15.23,18.76,28435.97,692.0,-2085.029999999999,-6.831460306018802,-4596643.569999999,4625973.45,28456295.19,32295223.59,-8445682.84,-33.586293,7161.11,2839,,
2026-06-02T07:14:15 ET,2026-06-02T07:10:00 ET,2026-06-02,Tue,0714ET,2026-06-03,30521.0,742.74,30528.3,NEAR_FLIP,EXPANSION,,,9.85,11.9,15.23,18.76,28436.9,692.0,-2084.0999999999985,-6.82841322368205,-66021.43000000001,76337.27,697950.64,267215.29000000004,261645.31,0.65873,139.08,74,,
2026-06-02T07:14:15 ET,2026-06-02T07:10:00 ET,2026-06-02,Tue,0714ET,2026-06-04,30521.0,742.74,30528.3,NEAR_FLIP,EXPANSION,,,9.85,11.9,15.23,18.76,28473.33,693.0,-2047.6699999999983,-6.709052783329506,-126260.38,126260.38,1957312.51,216163.71,-167464.7,-0.382249,308.22,135,,
2026-06-02T07:14:15 ET,2026-06-02T07:10:00 ET,2026-06-02,Tue,0714ET,2026-06-02,30521.0,742.74,30528.3,NEAR_FLIP,EXPANSION,,,9.85,11.9,15.23,18.76,28477.06,693.0,-2043.9399999999987,-6.696831689656298,-2023593.4,2033424.62,12637971.0,13912272.85,-3647755.59,-14.587188000000001,3058.0299999999997,1241,,
2026-06-02T07:14:15 ET,2026-06-02T07:10:00 ET,2026-06-02,Tue,0714ET,2026-06-03,30521.0,742.74,30528.3,NEAR_FLIP,EXPANSION,,,9.85,11.9,15.23,18.76,28477.99,693.0,-2043.0099999999984,-6.693784607319546,-283698.95,285808.23000000004,2998895.14,980168.03,-328401.8,-0.84528,510.23,271,,
2026-06-02T07:14:15 ET,2026-06-02T07:10:00 ET,2026-06-02,Tue,0714ET,2026-06-04,30521.0,742.74,30528.3,NEAR_FLIP,EXPANSION,,,9.85,11.9,15.23,18.76,28514.42,694.0,-2006.5800000000017,-6.574424166967012,-390109.91,390109.91,5994328.4,653949.87,-514691.94,-1.237453,940.88,396,,
2026-06-02T07:14:15 ET,2026-06-02T07:10:00 ET,2026-06-02,Tue,0714ET,2026-06-02,30521.0,742.74,30528.3,NEAR_FLIP,EXPANSION,,,9.85,11.9,15.23,18.76,28518.15,694.0,-2002.8499999999985,-6.562203073293793,-1977763.34,1981059.6199999999,12458829.14,13277615.17,-3568199.13,-14.352637,2893.5699999999997,1202,,
2026-06-02T07:14:15 ET,2026-06-02T07:10:00 ET,2026-06-02,Tue,0714ET,2026-06-03,30521.0,742.74,30528.3,NEAR_FLIP,EXPANSION,,,9.85,11.9,15.23,18.76,28519.09,694.0,-2001.9099999999999,-6.5591232266308435,-46433.86,48593.58,490619.35,163202.65000000002,7151.539999999994,0.018848000000000004,85.0,45,,
2026-06-02T07:14:15 ET,2026-06-02T07:10:00 ET,2026-06-02,Tue,0714ET,2026-06-04,30521.0,742.74,30528.3,NEAR_FLIP,EXPANSION,,,9.85,11.9,15.23,18.76,28555.5,695.0,-1965.5,-6.439828314930704,-301534.42000000004,316851.64,4594198.09,519839.57,103931.34999999998,0.333477,755.06,305,,
2026-06-02T07:14:15 ET,2026-06-02T07:10:00 ET,2026-06-02,Tue,0714ET,2026-06-02,30521.0,742.74,30528.3,NEAR_FLIP,EXPANSION,,,9.85,11.9,15.23,18.76,28559.25,695.0,-1961.75,-6.427541692605092,-3150859.62,3714697.66,20017329.26,24378615.07,6030362.31,24.406664000000003,5268.28,2240,,
2026-06-02T07:14:15 ET,2026-06-02T07:10:00 ET,2026-06-02,Tue,0714ET,2026-06-03,30521.0,742.74,30528.3,NEAR_FLIP,EXPANSION,,,9.85,11.9,15.23,18.76,28560.18,695.0,-1960.8199999999997,-6.424494610268338,-442976.74000000005,493919.06,4676604.5600000005,1623830.8399999999,1039254.93,2.8088759999999997,846.53,446,,
2026-06-02T07:14:15 ET,2026-06-02T07:10:00 ET,2026-06-02,Tue,0714ET,2026-06-04,30521.0,742.74,30528.3,NEAR_FLIP,EXPANSION,,,9.85,11.9,15.23,18.76,28596.59,696.0,-1924.4099999999999,-6.305199698568198,-412702.96,412702.96,6105733.61,662192.19,-557034.38,-1.58045,989.9,355,,
2026-06-02T07:14:15 ET,2026-06-02T07:10:00 ET,2026-06-02,Tue,0714ET,2026-06-02,30521.0,742.74,30528.3,NEAR_FLIP,EXPANSION,,,9.85,11.9,15.23,18.76,28600.34,696.0,-1920.6599999999999,-6.292913076242587,-898082.52,904759.72,5752880.64,5811452.58,-1402784.5,-5.714977,1245.59,542,,
2026-06-02T07:14:15 ET,2026-06-02T07:10:00 ET,2026-06-02,Tue,0714ET,2026-06-03,30521.0,742.74,30528.3,NEAR_FLIP,EXPANSION,,,9.85,11.9,15.23,18.76,28601.28,696.0,-1919.7200000000012,-6.289833229579638,-174058.21,174058.21,1835303.75,559915.45,-231270.42,-0.642115,292.28,153,,
2026-06-02T07:14:15 ET,2026-06-02T07:10:00 ET,2026-06-02,Tue,0714ET,2026-06-04,30521.0,742.74,30528.3,NEAR_FLIP,EXPANSION,,,9.85,11.9,15.23,18.76,28637.68,697.0,-1883.3199999999997,-6.170571082205694,-139195.76,139195.76,2041710.49,218395.85,-186546.16,-0.5559,329.36,114,,
2026-06-02T07:14:15 ET,2026-06-02T07:10:00 ET,2026-06-02,Tue,0714ET,2026-06-02,30521.0,742.74,30528.3,NEAR_FLIP,EXPANSION,,,9.85,11.9,15.23,18.76,28641.43,697.0,-1879.5699999999997,-6.158284459880082,-862422.3300000001,896045.03,5569174.649999999,5630434.03,-740582.5699999998,-3.0385449999999996,1197.15,533,,
2026-06-02T07:14:15 ET,2026-06-02T07:10:00 ET,2026-06-02,Tue,0714ET,2026-06-03,30521.0,742.74,30528.3,NEAR_FLIP,EXPANSION,,,9.85,11.9,15.23,18.76,28642.37,697.0,-1878.630000000001,-6.1552046132171325,-410917.04000000004,460086.6,4325585.2,1447466.32,959946.0,2.7427319999999993,756.9300000000001,393,,
2026-06-02T07:14:15 ET,2026-06-02T07:10:00 ET,2026-06-02,Tue,0714ET,2026-06-04,30521.0,742.74,30528.3,NEAR_FLIP,EXPANSION,,,9.85,11.9,15.23,18.76,28678.77,698.0,-1842.2299999999996,-6.035942465843188,79215.23000000001,273282.73,-1147990.88,419178.66,10192826.22,30.889196,628.0500000000001,223,,
2026-06-02T07:14:15 ET,2026-06-02T07:10:00 ET,2026-06-02,Tue,0714ET,2026-06-02,30521.0,742.74,30528.3,NEAR_FLIP,EXPANSION,,,9.85,11.9,15.23,18.76,28682.52,698.0,-1838.4799999999996,-6.023655843517576,-1167181.56,1167181.56,7596468.63,7171286.3,-1865175.48,-7.711315,1512.96,689,,
2026-06-02T07:14:15 ET,2026-06-02T07:10:00 ET,2026-06-02,Tue,0714ET,2026-06-03,30521.0,742.74,30528.3,NEAR_FLIP,EXPANSION,,,9.85,11.9,15.23,18.76,28683.46,698.0,-1837.5400000000009,-6.020575996854627,-162937.47999999998,167765.26,1711557.97,515942.15,-66113.63,-0.19474600000000003,270.4,139,,
2026-06-02T07:14:15 ET,2026-06-02T07:10:00 ET,2026-06-02,Tue,0714ET,2026-06-04,30521.0,742.74,30528.3,NEAR_FLIP,EXPANSION,,,9.85,11.9,15.23,18.76,28719.85,699.0,-1801.1500000000015,-5.901346613806892,-178795.85,178795.85,2586213.51,267860.78,-234593.09,-0.763937,409.82,134,,
2026-06-02T07:14:15 ET,2026-06-02T07:10:00 ET,2026-06-02,Tue,0714ET,2026-06-02,30521.0,742.74,30528.3,NEAR_FLIP,EXPANSION,,,9.85,11.9,15.23,18.76,28723.62,699.0,-1797.380000000001,-5.888994462828875,-1894336.27,1901168.87,12422925.97,11415702.74,-2783878.33,-11.60554,2390.36,1113,,
2026-06-02T07:14:15 ET,2026-06-02T07:10:00 ET,2026-06-02,Tue,0714ET,2026-06-03,30521.0,742.74,30528.3,NEAR_FLIP,EXPANSION,,,9.85,11.9,15.23,18.76,28724.56,699.0,-1796.4399999999987,-5.885914616165914,-693159.2000000001,695652.58,7262302.9799999995,2090263.93,-799638.28,-2.432996,1098.48,558,,
2026-06-02T07:14:15 ET,2026-06-02T07:10:00 ET,2026-06-02,Tue,0714ET,2026-06-04,30521.0,742.74,30528.3,NEAR_FLIP,EXPANSION,,,9.85,11.9,15.23,18.76,28760.94,700.0,-1760.0600000000013,-5.766717997444387,-790715.49,869699.5900000001,11451356.35,1272350.54,1041467.0599999998,3.457638,1944.65,638,,
2026-06-02T07:14:15 ET,2026-06-02T07:10:00 ET,2026-06-02,Tue,0714ET,2026-06-02,30521.0,742.74,30528.3,NEAR_FLIP,EXPANSION,,,9.85,11.9,15.23,18.76,28764.71,700.0,-1756.2900000000009,-5.75436584646637,-4833324.07,5791715.01,31929092.360000003,33968721.66,12026379.420000002,50.593226,7061.38,3360,,
2026-06-02T07:14:15 ET,2026-06-02T07:10:00 ET,2026-06-02,Tue,0714ET,2026-06-03,30521.0,742.74,30528.3,NEAR_FLIP,EXPANSION,,,9.85,11.9,15.23,18.76,28765.65,700.0,-1755.3499999999985,-5.751285999803409,-4137394.75,4617390.27,44667364.23,13554016.440000001,8400905.43,27.956476,6937.1,3927,,
2026-06-02T07:14:15 ET,2026-06-02T07:10:00 ET,2026-06-02,Tue,0714ET,2026-06-04,30521.0,742.74,30528.3,NEAR_FLIP,EXPANSION,,,9.85,11.9,15.23,18.76,28802.03,701.0,-1718.9700000000012,-5.632089381081882,-196982.54,196982.54,2867888.23,281278.56,-243842.84,-0.819769,427.75,143,,
2026-06-02T07:14:15 ET,2026-06-02T07:10:00 ET,2026-06-02,Tue,0714ET,2026-06-02,30521.0,742.74,30528.3,NEAR_FLIP,EXPANSION,,,9.85,11.9,15.23,18.76,28805.8,701.0,-1715.2000000000007,-5.6197372301038655,-3414090.0,3414090.0,22712144.84,19547585.07,-4904767.35,-20.840366,4035.4,1961,,
2026-06-02T07:14:15 ET,2026-06-02T07:10:00 ET,2026-06-02,Tue,0714ET,2026-06-03,30521.0,742.74,30528.3,NEAR_FLIP,EXPANSION,,,9.85,11.9,15.23,18.76,28806.75,701.0,-1714.25,-5.616624619114708,-343309.49,370073.99,3650668.77,1060077.7,309280.26,1.093889,549.87,294,,
2026-06-02T07:14:15 ET,2026-06-02T07:10:00 ET,2026-06-02,Tue,0714ET,2026-06-04,30521.0,742.74,30528.3,NEAR_FLIP,EXPANSION,,,9.85,11.9,15.23,18.76,28843.11,702.0,-1677.8899999999994,-5.497493529045573,-144350.77,144350.77,2071410.92,201011.28,-178751.31,-0.642587,310.22,98,,
2026-06-02T07:14:15 ET,2026-06-02T07:10:00 ET,2026-06-02,Tue,0714ET,2026-06-02,30521.0,742.74,30528.3,NEAR_FLIP,EXPANSION,,,9.85,11.9,15.23,18.76,28846.89,702.0,-1674.1100000000006,-5.48510861374136,-1751431.54,1761992.94,11729373.65,9842672.459999999,-2219940.14,-9.536760999999998,2018.53,1001,,
2026-06-02T07:14:15 ET,2026-06-02T07:10:00 ET,2026-06-02,Tue,0714ET,2026-06-03,30521.0,742.74,30528.3,NEAR_FLIP,EXPANSION,,,9.85,11.9,15.23,18.76,28847.84,702.0,-1673.1599999999999,-5.481996002752203,-564873.2699999999,570436.87,5979236.210000001,1593843.75,-507073.63,-1.584474,829.52,437,,
2026-06-02T07:14:15 ET,2026-06-02T07:10:00 ET,2026-06-02,Tue,0714ET,2026-06-04,30521.0,742.74,30528.3,NEAR_FLIP,EXPANSION,,,9.85,11.9,15.23,18.76,28884.2,703.0,-1636.7999999999993,-5.362864912683069,-330383.18,330383.18,4673078.39,448383.61,-408952.18,-1.570221,702.24,210,,
2026-06-02T07:14:15 ET,2026-06-02T07:10:00 ET,2026-06-02,Tue,0714ET,2026-06-02,30521.0,742.74,30528.3,NEAR_FLIP,EXPANSION,,,9.85,11.9,15.23,18.76,28887.99,703.0,-1633.0099999999984,-5.350447233052647,-5094034.0600000005,5147486.68,34330802.6,28036711.68,-5772397.26,-25.10114,5713.9800000000005,2889,,
2026-06-02T07:14:15 ET,2026-06-02T07:10:00 ET,2026-06-02,Tue,0714ET,2026-06-03,30521.0,742.74,30528.3,NEAR_FLIP,EXPANSION,,,9.85,11.9,15.23,18.76,28888.93,703.0,-1632.0699999999997,-5.347367386389698,-224539.79,253517.11000000002,2369669.39,690493.48,455911.54,1.6718909999999998,361.37,186,,
2026-06-02T07:14:15 ET,2026-06-02T07:10:00 ET,2026-06-02,Tue,0714ET,2026-06-04,30521.0,742.74,30528.3,NEAR_FLIP,EXPANSION,,,9.85,11.9,15.23,18.76,28925.29,704.0,-1595.7099999999991,-5.2282362963205635,-594313.13,617754.0299999999,8230300.96,816506.94,-252300.49000000005,-1.0916229999999998,1306.09,362,,
2026-06-02T07:14:15 ET,2026-06-02T07:10:00 ET,2026-06-02,Tue,0714ET,2026-06-02,30521.0,742.74,30528.3,NEAR_FLIP,EXPANSION,,,9.85,11.9,15.23,18.76,28929.08,704.0,-1591.9199999999983,-5.215818616690142,-2770275.7,2958091.0,18780721.31,15699481.47,43250.74000000022,0.19062599999999819,3180.97,1638,,
2026-06-02T07:14:15 ET,2026-06-02T07:10:00 ET,2026-06-02,Tue,0714ET,2026-06-03,30521.0,742.74,30528.3,NEAR_FLIP,EXPANSION,,,9.85,11.9,15.23,18.76,28930.03,704.0,-1590.9700000000012,-5.212706005700997,-435859.57,441910.41,4548001.5,1172480.3,-346273.4,-1.189966,619.2099999999999,307,,
2026-06-02T07:14:15 ET,2026-06-02T07:10:00 ET,2026-06-02,Tue,0714ET,2026-06-04,30521.0,742.74,30528.3,NEAR_FLIP,EXPANSION,,,9.85,11.9,15.23,18.76,28966.37,705.0,-1554.630000000001,-5.093640444284266,659999.66,1858198.92,-9092952.71,2390978.03,50534621.31,218.423967,3837.21,1051,,
2026-06-02T07:14:15 ET,2026-06-02T07:10:00 ET,2026-06-02,Tue,0714ET,2026-06-02,30521.0,742.74,30528.3,NEAR_FLIP,EXPANSION,,,9.85,11.9,15.23,18.76,28970.17,705.0,-1550.8300000000017,-5.081190000327649,-1633319.83,3341798.0300000003,11133651.509999998,17270325.09,30448027.11,136.22043100000002,3480.4,1823,,
2026-06-02T07:14:15 ET,2026-06-02T07:10:00 ET,2026-06-02,Tue,0714ET,2026-06-03,30521.0,742.74,30528.3,NEAR_FLIP,EXPANSION,,,9.85,11.9,15.23,18.76,28971.12,705.0,-1549.880000000001,-5.078077389338492,-858154.0800000001,953139.78,8917846.879999999,2461930.5100000002,1178332.67,4.750015,1307.94,633,,
2026-06-02T07:14:15 ET,2026-06-02T07:10:00 ET,2026-06-02,Tue,0714ET,2026-06-04,30521.0,742.74,30528.3,NEAR_FLIP,EXPANSION,,,9.85,11.9,15.23,18.76,29007.46,706.0,-1513.5400000000009,-4.959011827921762,-229094.15,285381.05,3154815.99,357214.1,771325.0499999999,3.5611689999999996,576.23,155,,
2026-06-02T07:14:15 ET,2026-06-02T07:10:00 ET,2026-06-02,Tue,0714ET,2026-06-02,30521.0,742.74,30528.3,NEAR_FLIP,EXPANSION,,,9.85,11.9,15.23,18.76,29011.26,706.0,-1509.7400000000016,-4.946561383965144,-4745411.21,4868426.590000001,32509397.990000002,24481868.020000003,-3403331.77,-15.481367,4909.5199999999995,2612,,
2026-06-02T07:14:15 ET,2026-06-02T07:10:00 ET,2026-06-02,Tue,0714ET,2026-06-03,30521.0,742.74,30528.3,NEAR_FLIP,EXPANSION,,,9.85,11.9,15.23,18.76,29012.21,706.0,-1508.7900000000009,-4.943448772975986,-245097.04,251740.13999999998,2507481.7,632510.8400000001,-127899.02000000002,-0.48667499999999997,340.82,156,,
2026-06-02T07:14:15 ET,2026-06-02T07:10:00 ET,2026-06-02,Tue,0714ET,2026-06-04,30521.0,742.74,30528.3,NEAR_FLIP,EXPANSION,,,9.85,11.9,15.23,18.76,29048.55,707.0,-1472.4500000000007,-4.824383211559256,-637189.6,637189.6,8449664.05,774940.54,-790922.68,-3.980465,1296.13,309,,
2026-06-02T07:14:15 ET,2026-06-02T07:10:00 ET,2026-06-02,Tue,0714ET,2026-06-02,30521.0,742.74,30528.3,NEAR_FLIP,EXPANSION,,,9.85,11.9,15.23,18.76,29052.36,707.0,-1468.6399999999994,-4.81190000327643,-2481565.79,2823326.95,17076581.909999996,13804636.129999999,3407411.5199999996,15.789352999999998,2756.23,1487,,
2026-06-02T07:14:15 ET,2026-06-02T07:10:00 ET,2026-06-02,Tue,0714ET,2026-06-03,30521.0,742.74,30528.3,NEAR_FLIP,EXPANSION,,,9.85,11.9,15.23,18.76,29053.31,707.0,-1467.6899999999987,-4.8087873922872735,-646451.74,660424.4199999999,6544351.399999999,1612998.74,-420950.42000000004,-1.7319270000000002,878.39,386,,
2026-06-02T07:14:15 ET,2026-06-02T07:10:00 ET,2026-06-02,Tue,0714ET,2026-06-04,30521.0,742.74,30528.3,NEAR_FLIP,EXPANSION,,,9.85,11.9,15.23,18.76,29089.64,708.0,-1431.3600000000006,-4.689754595196752,-148152.75999999998,156619.96,1968229.04,185032.06,-39838.50999999998,-0.20566800000000007,309.02000000000004,74,,
2026-06-02T07:14:15 ET,2026-06-02T07:10:00 ET,2026-06-02,Tue,0714ET,2026-06-02,30521.0,742.74,30528.3,NEAR_FLIP,EXPANSION,,,9.85,11.9,15.23,18.76,29093.45,708.0,-1427.5499999999993,-4.677271386913925,-2054458.6,2232770.1,14192596.040000001,10606439.969999999,914363.7200000002,4.325139,2109.64,1152,,
2026-06-02T07:14:15 ET,2026-06-02T07:10:00 ET,2026-06-02,Tue,0714ET,2026-06-03,30521.0,742.74,30528.3,NEAR_FLIP,EXPANSION,,,9.85,11.9,15.23,18.76,29094.4,708.0,-1426.5999999999985,-4.674158775924768,-527579.8,910607.02,5292773.22,2160175.13,6742513.83,30.350777,1190.68,500,,
2026-06-02T07:14:15 ET,2026-06-02T07:10:00 ET,2026-06-02,Tue,0714ET,2026-06-04,30521.0,742.74,30528.3,NEAR_FLIP,EXPANSION,,,9.85,11.9,15.23,18.76,29130.72,709.0,-1390.2799999999988,-4.555158743160443,-481564.5,481564.5,6224883.9,551953.37,-589027.87,-3.328255,947.74,208,,
2026-06-02T07:14:15 ET,2026-06-02T07:10:00 ET,2026-06-02,Tue,0714ET,2026-06-02,30521.0,742.74,30528.3,NEAR_FLIP,EXPANSION,,,9.85,11.9,15.23,18.76,29134.54,709.0,-1386.4599999999991,-4.542642770551421,-1300900.5,2201218.84,9016181.38,10150437.75,14477939.92,70.070719,2012.56,1110,,
2026-06-02T07:14:15 ET,2026-06-02T07:10:00 ET,2026-06-02,Tue,0714ET,2026-06-03,30521.0,742.74,30528.3,NEAR_FLIP,EXPANSION,,,9.85,11.9,15.23,18.76,29135.5,709.0,-1385.5,-4.539497395236067,-561489.8,608206.2,5536907.65,1400179.65,238859.69999999995,1.1301670000000001,782.9,312,,
2026-06-02T07:14:15 ET,2026-06-02T07:10:00 ET,2026-06-02,Tue,0714ET,2026-06-04,30521.0,742.74,30528.3,NEAR_FLIP,EXPANSION,,,9.85,11.9,15.23,18.76,29171.81,710.0,-1349.1899999999987,-4.420530126797939,-5791267.89,10358352.05,72747421.42999999,11509830.87,57906128.44,337.520867,20114.23,4188,,
2026-06-02T07:14:15 ET,2026-06-02T07:10:00 ET,2026-06-02,Tue,0714ET,2026-06-02,30521.0,742.74,30528.3,NEAR_FLIP,EXPANSION,,,9.85,11.9,15.23,18.76,29175.63,710.0,-1345.369999999999,-4.4080141541889155,-40589383.24,41663467.059999995,282035042.69,186331062.12,-23947979.39,-118.89475199999998,36853.57,20481,,
2026-06-02T07:14:15 ET,2026-06-02T07:10:00 ET,2026-06-02,Tue,0714ET,2026-06-03,30521.0,742.74,30528.3,NEAR_FLIP,EXPANSION,,,9.85,11.9,15.23,18.76,29176.59,710.0,-1344.4099999999999,-4.4048687788735625,-7699345.16,8078919.08,75307810.78999999,18034849.03,-1694323.25,-8.369655000000002,10169.78,3931,,
2026-06-02T07:14:15 ET,2026-06-02T07:10:00 ET,2026-06-02,Tue,0714ET,2026-06-04,30521.0,742.74,30528.3,NEAR_FLIP,EXPANSION,,,9.85,11.9,15.23,18.76,29212.9,711.0,-1308.0999999999985,-4.285901510435433,-617127.79,632531.69,7642643.64,680661.57,-558272.3300000001,-3.713406,1220.21,236,,
2026-06-02T07:14:15 ET,2026-06-02T07:10:00 ET,2026-06-02,Tue,0714ET,2026-06-02,30521.0,742.74,30528.3,NEAR_FLIP,EXPANSION,,,9.85,11.9,15.23,18.76,29216.73,711.0,-1304.2700000000004,-4.273352773500214,-9739234.63,10057318.790000001,67794713.87,43582185.15,-4515464.950000001,-23.061655999999996,8605.34,4806,,
2026-06-02T07:14:15 ET,2026-06-02T07:10:00 ET,2026-06-02,Tue,0714ET,2026-06-03,30521.0,742.74,30528.3,NEAR_FLIP,EXPANSION,,,9.85,11.9,15.23,18.76,29217.68,711.0,-1303.3199999999997,-4.270240162511056,-603208.2000000001,730342.88,5804928.510000001,1579306.02,1386631.15,7.3908190000000005,904.75,331,,
2026-06-02T07:14:15 ET,2026-06-02T07:10:00 ET,2026-06-02,Tue,0714ET,2026-06-04,30521.0,742.74,30528.3,NEAR_FLIP,EXPANSION,,,9.85,11.9,15.23,18.76,29253.98,712.0,-1267.0200000000004,-4.151305658399136,-663878.81,691338.23,8100052.59,719856.64,-475879.9099999999,-3.3943160000000003,1310.1,243,,
2026-06-02T07:14:15 ET,2026-06-02T07:10:00 ET,2026-06-02,Tue,0714ET,2026-06-02,30521.0,742.74,30528.3,NEAR_FLIP,EXPANSION,,,9.85,11.9,15.23,18.76,29257.82,712.0,-1263.1800000000003,-4.13872415713771,-2669088.08,2928222.84,18597300.25,12282603.469999999,1596575.9099999997,8.414408000000002,2423.16,1356,,
2026-06-02T07:14:15 ET,2026-06-02T07:10:00 ET,2026-06-02,Tue,0714ET,2026-06-03,30521.0,742.74,30528.3,NEAR_FLIP,EXPANSION,,,9.85,11.9,15.23,18.76,29258.78,712.0,-1262.2200000000012,-4.135578781822356,-2797176.72,3049383.9,26579842.5,6381390.4399999995,839519.9900000002,4.647873999999998,3704.21,1296,,
2026-06-02T07:14:15 ET,2026-06-02T07:10:00 ET,2026-06-02,Tue,0714ET,2026-06-04,30521.0,742.74,30528.3,NEAR_FLIP,EXPANSION,,,9.85,11.9,15.23,18.76,29295.07,713.0,-1225.9300000000003,-4.016677042036632,-716100.0,727863.6799999999,8547299.190000001,732481.92,-747152.27,-5.619329,1363.93,238,,
2026-06-02T07:14:15 ET,2026-06-02T07:10:00 ET,2026-06-02,Tue,0714ET,2026-06-02,30521.0,742.74,30528.3,NEAR_FLIP,EXPANSION,,,9.85,11.9,15.23,18.76,29298.91,713.0,-1222.0900000000001,-4.004095540775205,-2804360.3200000003,3206838.66,20252448.43,13010887.93,3812972.3899999997,22.060060999999997,2487.94,1560,,
2026-06-02T07:14:15 ET,2026-06-02T07:10:00 ET,2026-06-02,Tue,0714ET,2026-06-03,30521.0,742.74,30528.3,NEAR_FLIP,EXPANSION,,,9.85,11.9,15.23,18.76,29299.87,713.0,-1221.130000000001,-4.000950165459851,-943137.78,1137701.9,8839756.979999999,2301616.1199999996,1725864.4000000001,10.457818,1354.3700000000001,453,,
2026-06-02T07:14:15 ET,2026-06-02T07:10:00 ET,2026-06-02,Tue,0714ET,2026-06-04,30521.0,742.74,30528.3,NEAR_FLIP,EXPANSION,,,9.85,11.9,15.23,18.76,29336.16,714.0,-1184.8400000000001,-3.8820484256741263,-3462512.4,3550814.28,40483380.9,3449728.33,-3328133.8200000003,-26.885267,6559.61,1085,,
2026-06-02T07:14:15 ET,2026-06-02T07:10:00 ET,2026-06-02,Tue,0714ET,2026-06-02,30521.0,742.74,30528.3,NEAR_FLIP,EXPANSION,,,9.85,11.9,15.23,18.76,29340.0,714.0,-1181.0,-3.8694669244127,-19297045.49,19520135.23,137871982.49,76485416.33999999,-13513945.74,-70.280275,14723.33,8991,,
2026-06-02T07:14:15 ET,2026-06-02T07:10:00 ET,2026-06-02,Tue,0714ET,2026-06-03,30521.0,742.74,30528.3,NEAR_FLIP,EXPANSION,,,9.85,11.9,15.23,18.76,29340.96,714.0,-1180.0400000000009,-3.8663215490973455,-1947225.1099999999,3186726.81,17826060.590000004,6224811.5600000005,13957474.23,90.65005500000001,3735.46,1174,,
2026-06-02T07:14:15 ET,2026-06-02T07:10:00 ET,2026-06-02,Tue,0714ET,2026-06-04,30521.0,742.74,30528.3,NEAR_FLIP,EXPANSION,,,9.85,11.9,15.23,18.76,29377.25,715.0,-1143.75,-3.7474198093116216,-3453976.7199999997,8958871.719999999,38652422.5,8393093.55,49466009.92,406.309974,16221.69,2579,,
2026-06-02T07:14:15 ET,2026-06-02T07:10:00 ET,2026-06-02,Tue,0714ET,2026-06-02,30521.0,742.74,30528.3,NEAR_FLIP,EXPANSION,,,9.85,11.9,15.23,18.76,29381.1,715.0,-1139.9000000000015,-3.734805543723998,-23904374.200000003,25102283.86,170286475.48,94876938.06,-2990312.6799999997,-10.01709799999999,18336.73,11024,,
2026-06-02T07:14:15 ET,2026-06-02T07:10:00 ET,2026-06-02,Tue,0714ET,2026-06-03,30521.0,742.74,30528.3,NEAR_FLIP,EXPANSION,,,9.85,11.9,15.23,18.76,29382.06,715.0,-1138.9399999999987,-3.7316601684086326,-3435404.88,4553974.68,30916021.39,8578794.56,9823756.25,68.09492,5246.4800000000005,1556,,
2026-06-02T07:14:15 ET,2026-06-02T07:10:00 ET,2026-06-02,Tue,0714ET,2026-06-04,30521.0,742.74,30528.3,NEAR_FLIP,EXPANSION,,,9.85,11.9,15.23,18.76,29418.33,716.0,-1102.6699999999983,-3.612823957275313,-949451.05,1058595.07,10533999.97,954808.38,-200759.5199999998,-2.242165999999999,1910.26,280,,
2026-06-02T07:14:15 ET,2026-06-02T07:10:00 ET,2026-06-02,Tue,0714ET,2026-06-02,30521.0,742.74,30528.3,NEAR_FLIP,EXPANSION,,,9.85,11.9,15.23,18.76,29422.19,716.0,-1098.8100000000013,-3.600176927361493,-3706332.79,3965557.79,26143476.330000002,14438155.03,484019.88000000035,3.8993280000000006,2818.57,1632,,
2026-06-02T07:14:15 ET,2026-06-02T07:10:00 ET,2026-06-02,Tue,0714ET,2026-06-03,30521.0,742.74,30528.3,NEAR_FLIP,EXPANSION,,,9.85,11.9,15.23,18.76,29423.15,716.0,-1097.8499999999985,-3.5970315520461273,-1121707.91,1325455.89,9915070.799999999,2404846.83,1101219.47,8.069552000000002,1499.53,420,,
2026-06-02T07:14:15 ET,2026-06-02T07:10:00 ET,2026-06-02,Tue,0714ET,2026-06-04,30521.0,742.74,30528.3,NEAR_FLIP,EXPANSION,,,9.85,11.9,15.23,18.76,29459.42,717.0,-1061.5800000000017,-3.47819534091282,-9043403.51,9286005.430000002,98572747.14,8054042.68,-9177206.719999999,-91.031887,16455.48,2302,,
2026-06-02T07:14:15 ET,2026-06-02T07:10:00 ET,2026-06-02,Tue,0714ET,2026-06-02,30521.0,742.74,30528.3,NEAR_FLIP,EXPANSION,,,9.85,11.9,15.23,18.76,29463.28,717.0,-1057.7200000000012,-3.465548310998988,-4429915.64,4874134.100000001,30915714.310000002,17070811.44,2184735.67,15.009592999999999,3368.5699999999997,1875,,
2026-06-02T07:14:15 ET,2026-06-02T07:10:00 ET,2026-06-02,Tue,0714ET,2026-06-03,30521.0,742.74,30528.3,NEAR_FLIP,EXPANSION,,,9.85,11.9,15.23,18.76,29464.25,717.0,-1056.75,-3.462370171357426,-1022476.7499999999,1368877.5299999998,8824160.59,2388647.59,2471619.2699999996,19.808456,1522.08,401,,
2026-06-02T07:14:15 ET,2026-06-02T07:10:00 ET,2026-06-02,Tue,0714ET,2026-06-04,30521.0,742.74,30528.3,NEAR_FLIP,EXPANSION,,,9.85,11.9,15.23,18.76,29500.51,718.0,-1020.4900000000016,-3.343566724550315,-1980085.05,2468615.95,20854811.5,2055502.6199999999,1235795.1,11.741815999999996,4323.49,569,,
2026-06-02T07:14:15 ET,2026-06-02T07:10:00 ET,2026-06-02,Tue,0714ET,2026-06-02,30521.0,742.74,30528.3,NEAR_FLIP,EXPANSION,,,9.85,11.9,15.23,18.76,29504.37,718.0,-1016.630000000001,-3.330919694636483,-11739994.92,12816103.42,80970900.19,43112522.88,3860242.2799999993,27.792603999999997,8604.92,4598,,
2026-06-02T07:14:15 ET,2026-06-02T07:10:00 ET,2026-06-02,Tue,0714ET,2026-06-03,30521.0,742.74,30528.3,NEAR_FLIP,EXPANSION,,,9.85,11.9,15.23,18.76,29505.34,718.0,-1015.6599999999999,-3.3277415549949207,-2029446.8199999998,2202341.48,17147215.89,3690316.2399999998,-456833.5499999998,-4.594858000000002,2410.4100000000003,594,,
2026-06-02T07:14:15 ET,2026-06-02T07:10:00 ET,2026-06-02,Tue,0714ET,2026-06-04,30521.0,742.74,30528.3,NEAR_FLIP,EXPANSION,,,9.85,11.9,15.23,18.76,29541.59,719.0,-979.4099999999999,-3.2089708725140063,-1058004.57,1194062.1300000001,10852717.719999999,952897.1100000001,-381407.85,-4.694734,2065.64,256,,
2026-06-02T07:14:15 ET,2026-06-02T07:10:00 ET,2026-06-02,Tue,0714ET,2026-06-02,30521.0,742.74,30528.3,NEAR_FLIP,EXPANSION,,,9.85,11.9,15.23,18.76,29545.47,719.0,-975.5299999999988,-3.1962583139477694,-10759886.700000001,11290131.74,73653356.35,36420270.37,-2237444.6799999997,-15.376402000000006,7323.79,3811,,
2026-06-02T07:14:15 ET,2026-06-02T07:10:00 ET,2026-06-02,Tue,0714ET,2026-06-03,30521.0,742.74,30528.3,NEAR_FLIP,EXPANSION,,,9.85,11.9,15.23,18.76,29546.43,719.0,-974.5699999999997,-3.1931129386324164,-2143030.25,2689547.8499999996,17698511.88,4320758.77,2484450.25,23.052595999999998,2881.52,673,,
2026-06-02T07:14:15 ET,2026-06-02T07:10:00 ET,2026-06-02,Tue,0714ET,2026-06-04,30521.0,742.74,30528.3,NEAR_FLIP,EXPANSION,,,9.85,11.9,15.23,18.76,29582.68,720.0,-938.3199999999997,-3.0743422561515015,-3703515.3599999994,5638252.18,36756545.38,4304994.57,7666113.28,89.68013199999999,9573.17,1131,,
2026-06-02T07:14:15 ET,2026-06-02T07:10:00 ET,2026-06-02,Tue,0714ET,2026-06-02,30521.0,742.74,30528.3,NEAR_FLIP,EXPANSION,,,9.85,11.9,15.23,18.76,29586.56,720.0,-934.4399999999987,-3.061629697585265,-46695074.59,50395332.09,313641816.13,155601531.3,3929035.980000004,29.654202999999995,31878.99,15571,,
2026-06-02T07:14:15 ET,2026-06-02T07:10:00 ET,2026-06-02,Tue,0714ET,2026-06-03,30521.0,742.74,30528.3,NEAR_FLIP,EXPANSION,,,9.85,11.9,15.23,18.76,29587.53,720.0,-933.4700000000012,-3.0584515579437146,-3079408.8899999997,7038814.21,24671240.67,10822054.06,27648238.46,284.902239,7368.07,1635,,
2026-06-02T07:14:15 ET,2026-06-02T07:10:00 ET,2026-06-02,Tue,0714ET,2026-06-04,30521.0,742.74,30528.3,NEAR_FLIP,EXPANSION,,,9.85,11.9,15.23,18.76,29623.77,721.0,-897.2299999999996,-2.9397136397889962,-1945751.8199999998,2377409.86,18778099.61,1733083.31,46375.54000000004,-0.15869099999999747,3992.18,443,,
2026-06-02T07:14:15 ET,2026-06-02T07:10:00 ET,2026-06-02,Tue,0714ET,2026-06-02,30521.0,742.74,30528.3,NEAR_FLIP,EXPANSION,,,9.85,11.9,15.23,18.76,29627.65,721.0,-893.3499999999985,-2.92700108122276,-4810982.55,5761402.97,31833358.020000003,16994460.77,5841889.779999999,49.097944000000005,3532.6,1645,,
2026-06-02T07:14:15 ET,2026-06-02T07:10:00 ET,2026-06-02,Tue,0714ET,2026-06-03,30521.0,742.74,30528.3,NEAR_FLIP,EXPANSION,,,9.85,11.9,15.23,18.76,29628.62,721.0,-892.380000000001,-2.92382294158121,-3191937.61,4058972.57,24708229.03,5959266.99,2828980.04,30.285995,4230.6900000000005,852,,
2026-06-02T07:14:15 ET,2026-06-02T07:10:00 ET,2026-06-02,Tue,0714ET,2026-06-04,30521.0,742.74,30528.3,NEAR_FLIP,EXPANSION,,,9.85,11.9,15.23,18.76,29664.85,722.0,-856.1500000000015,-2.8051177877526996,-14145835.73,14599567.57,132169168.80000001,10138866.55,-15666207.55,-221.56374000000002,24259.86,2528,,
2026-06-02T07:14:15 ET,2026-06-02T07:10:00 ET,2026-06-02,Tue,0714ET,2026-06-02,30521.0,742.74,30528.3,NEAR_FLIP,EXPANSION,,,9.85,11.9,15.23,18.76,29668.74,722.0,-852.2599999999984,-2.792372464860255,-15939692.35,16976253.21,103815418.00999999,47736249.28,-2270869.92,-22.44279800000001,10087.73,4457,,
2026-06-02T07:14:15 ET,2026-06-02T07:10:00 ET,2026-06-02,Tue,0714ET,2026-06-03,30521.0,742.74,30528.3,NEAR_FLIP,EXPANSION,,,9.85,11.9,15.23,18.76,29669.71,722.0,-851.2900000000009,-2.7891943252187046,-13812677.549999999,14375517.81,104868581.50999999,20115679.84,-10467454.36,-132.990781,14655.57,2789,,
2026-06-02T07:14:15 ET,2026-06-02T07:10:00 ET,2026-06-02,Tue,0714ET,2026-06-04,30521.0,742.74,30528.3,NEAR_FLIP,EXPANSION,,,9.85,11.9,15.23,18.76,29705.94,723.0,-815.0600000000013,-2.6704891713901944,-1689946.9,2569664.18,15066288.969999999,1696103.0699999998,2049183.9100000001,29.878929999999997,4205.83,415,,
2026-06-02T07:14:15 ET,2026-06-02T07:10:00 ET,2026-06-02,Tue,0714ET,2026-06-02,30521.0,742.74,30528.3,NEAR_FLIP,EXPANSION,,,9.85,11.9,15.23,18.76,29709.84,723.0,-811.1599999999999,-2.6577110841715537,-8787962.8,9982794.64,55949195.6,26696438.25,3576693.4800000004,33.988491999999994,5766.14,2383,,
2026-06-02T07:14:15 ET,2026-06-02T07:10:00 ET,2026-06-02,Tue,0714ET,2026-06-03,30521.0,742.74,30528.3,NEAR_FLIP,EXPANSION,,,9.85,11.9,15.23,18.76,29710.81,723.0,-810.1899999999987,-2.6545329445299917,-4376619.67,4913978.15,32037728.620000005,6537498.859999999,-1392809.2999999998,-20.354176000000002,4932.15,874,,
2026-06-02T07:14:15 ET,2026-06-02T07:10:00 ET,2026-06-02,Tue,0714ET,2026-06-04,30521.0,742.74,30528.3,NEAR_FLIP,EXPANSION,,,9.85,11.9,15.23,18.76,29747.03,724.0,-773.9700000000012,-2.5358605550276896,-1555212.93,1923533.8299999998,13367544.34,1203379.6500000001,-428106.34999999986,-7.356222999999996,3118.73,289,,
2026-06-02T07:14:15 ET,2026-06-02T07:10:00 ET,2026-06-02,Tue,0714ET,2026-06-02,30521.0,742.74,30528.3,NEAR_FLIP,EXPANSION,,,9.85,11.9,15.23,18.76,29750.93,724.0,-770.0699999999997,-2.5230824678090484,-15399896.860000001,16036999.4,95842503.5,40681233.01,-6258966.96,-72.413617,8999.560000000001,3468,,
2026-06-02T07:14:15 ET,2026-06-02T07:10:00 ET,2026-06-02,Tue,0714ET,2026-06-03,30521.0,742.74,30528.3,NEAR_FLIP,EXPANSION,,,9.85,11.9,15.23,18.76,29751.9,724.0,-769.0999999999985,-2.5199043281674864,-6557215.8100000005,7455591.07,46355007.57,9406006.06,-2093604.5300000003,-33.08081800000001,7349.84,1218,,
2026-06-02T07:14:15 ET,2026-06-02T07:10:00 ET,2026-06-02,Tue,0714ET,2026-06-04,30521.0,742.74,30528.3,NEAR_FLIP,EXPANSION,,,9.85,11.9,15.23,18.76,29788.12,725.0,-732.880000000001,-2.401231938665185,-1815910.1300000001,5665141.11,14591127.469999999,3350111.84,12834780.360000001,220.88813900000002,8988.8,796,,
2026-06-02T07:14:15 ET,2026-06-02T07:10:00 ET,2026-06-02,Tue,0714ET,2026-06-02,30521.0,742.74,30528.3,NEAR_FLIP,EXPANSION,,,9.85,11.9,15.23,18.76,29792.02,725.0,-728.9799999999996,-2.3884538514465437,-38083306.68,43212380.18,230926836.04,103682783.94999999,7836649.099999998,82.904086,23508.190000000002,8460,,
2026-06-02T07:14:15 ET,2026-06-02T07:10:00 ET,2026-06-02,Tue,0714ET,2026-06-03,30521.0,742.74,30528.3,NEAR_FLIP,EXPANSION,,,9.85,11.9,15.23,18.76,29793.0,725.0,-728.0,-2.385242947478785,-5900513.99,23746407.049999997,38946692.800000004,28331060.04,77076432.01,1227.153315,22771.72,3588,,
2026-06-02T07:14:15 ET,2026-06-02T07:10:00 ET,2026-06-02,Tue,0714ET,2026-06-04,30521.0,742.74,30528.3,NEAR_FLIP,EXPANSION,,,9.85,11.9,15.23,18.76,29829.2,726.0,-691.7999999999993,-2.2666360866288757,-1362326.41,1772976.45,10736359.29,987485.1100000001,-354368.74,-6.794153000000001,2796.55,232,,
2026-06-02T07:14:15 ET,2026-06-02T07:10:00 ET,2026-06-02,Tue,0714ET,2026-06-02,30521.0,742.74,30528.3,NEAR_FLIP,EXPANSION,,,9.85,11.9,15.23,18.76,29833.11,726.0,-687.8899999999994,-2.2538252350840384,-10289259.6,12070400.6,60672017.75,27305648.279999997,3583839.5600000005,44.57065399999999,6363.27,2130,,
2026-06-02T07:14:15 ET,2026-06-02T07:10:00 ET,2026-06-02,Tue,0714ET,2026-06-03,30521.0,742.74,30528.3,NEAR_FLIP,EXPANSION,,,9.85,11.9,15.23,18.76,29834.09,726.0,-686.9099999999999,-2.25061433111628,-2543116.9699999997,3931859.63,16524709.41,4420674.51,3128200.2,53.68820399999999,3731.6099999999997,542,,
2026-06-02T07:14:15 ET,2026-06-02T07:10:00 ET,2026-06-02,Tue,0714ET,2026-06-04,30521.0,742.74,30528.3,NEAR_FLIP,EXPANSION,,,9.85,11.9,15.23,18.76,29870.29,727.0,-650.7099999999991,-2.132007470266371,6364243.380000001,15625864.58,-50261317.74,8170260.42,79466568.87,1582.7920689999999,23953.07,1913,,
2026-06-02T07:14:15 ET,2026-06-02T07:10:00 ET,2026-06-02,Tue,0714ET,2026-06-02,30521.0,742.74,30528.3,NEAR_FLIP,EXPANSION,,,9.85,11.9,15.23,18.76,29874.2,727.0,-646.7999999999993,-2.1191966187215336,-17742936.05,20899428.05,101600717.38,44415365.39,4646782.860000001,63.78832799999998,10663.13,3314,,
2026-06-02T07:14:15 ET,2026-06-02T07:10:00 ET,2026-06-02,Tue,0714ET,2026-06-03,30521.0,742.74,30528.3,NEAR_FLIP,EXPANSION,,,9.85,11.9,15.23,18.76,29875.18,727.0,-645.8199999999997,-2.115985714753775,-3566902.4000000004,9468767.58,21909979.6,9997601.370000001,18165237.66,345.473973,8791.93,1200,,
2026-06-02T07:14:15 ET,2026-06-02T07:10:00 ET,2026-06-02,Tue,0714ET,2026-06-04,30521.0,742.74,30528.3,NEAR_FLIP,EXPANSION,,,9.85,11.9,15.23,18.76,29911.38,728.0,-609.619999999999,-1.997378853903866,-1658561.2999999998,6609917.08,11226648.3,3228969.31,12008688.89,256.490311,10131.779999999999,756,,
2026-06-02T07:14:15 ET,2026-06-02T07:10:00 ET,2026-06-02,Tue,0714ET,2026-06-02,30521.0,742.74,30528.3,NEAR_FLIP,EXPANSION,,,9.85,11.9,15.23,18.76,29915.3,728.0,-605.7000000000007,-1.984535238032832,-19840545.53,24117826.47,109156293.0,47952256.86,6394561.34,99.54528100000005,11969.41,3398,,
2026-06-02T07:14:15 ET,2026-06-02T07:10:00 ET,2026-06-02,Tue,0714ET,2026-06-03,30521.0,742.74,30528.3,NEAR_FLIP,EXPANSION,,,9.85,11.9,15.23,18.76,29916.28,728.0,-604.7200000000012,-1.9813243340650737,-6537349.960000001,14767240.48,38118072.69,14579966.5,20104220.77,417.40664499999997,13539.109999999999,1714,,
2026-06-02T07:14:15 ET,2026-06-02T07:10:00 ET,2026-06-02,Tue,0714ET,2026-06-04,30521.0,742.74,30528.3,NEAR_FLIP,EXPANSION,,,9.85,11.9,15.23,18.76,29952.46,729.0,-568.5400000000009,-1.8627830018675695,-1891725.9799999995,7469124.72,12175213.560000002,3393419.21,11790289.009999998,269.83120099999996,11299.02,800,,
2026-06-02T07:14:15 ET,2026-06-02T07:10:00 ET,2026-06-02,Tue,0714ET,2026-06-02,30521.0,742.74,30528.3,NEAR_FLIP,EXPANSION,,,9.85,11.9,15.23,18.76,29956.39,729.0,-564.6100000000006,-1.849906621670327,-31517252.109999996,41456736.989999995,164837623.13,76753403.56,18638501.78,336.763965,20077.590000000004,5158,,
2026-06-02T07:14:15 ET,2026-06-02T07:10:00 ET,2026-06-02,Tue,0714ET,2026-06-03,30521.0,742.74,30528.3,NEAR_FLIP,EXPANSION,,,9.85,11.9,15.23,18.76,29957.37,729.0,-563.630000000001,-1.846695717702569,-1992451.58,5785135.66,10946610.95,5316390.4,8899218.129999999,202.360371,5202.79,617,,
2026-06-02T07:14:15 ET,2026-06-02T07:10:00 ET,2026-06-02,Tue,0714ET,2026-06-04,30521.0,742.74,30528.3,NEAR_FLIP,EXPANSION,,,9.85,11.9,15.23,18.76,29993.55,730.0,-527.4500000000007,-1.7281543855050645,-6725876.65,19831772.61,41463287.51,8332909.91,20735445.64,508.175622,29644.23,1993,,
2026-06-02T07:14:15 ET,2026-06-02T07:10:00 ET,2026-06-02,Tue,0714ET,2026-06-02,30521.0,742.74,30528.3,NEAR_FLIP,EXPANSION,,,9.85,11.9,15.23,18.76,29997.48,730.0,-523.5200000000004,-1.7152780053078223,-52765765.76,77163421.7,265109895.8,132330592.57000001,49704866.42,1047.9413670000001,36015.03,8560,,
2026-06-02T07:14:15 ET,2026-06-02T07:10:00 ET,2026-06-02,Tue,0714ET,2026-06-03,30521.0,742.74,30528.3,NEAR_FLIP,EXPANSION,,,9.85,11.9,15.23,18.76,29998.47,730.0,-522.5299999999988,-1.7120343370138555,-19279364.85,39794049.73,100820464.7,33850194.57,31440771.95,780.00768,35299.15,3901,,
2026-06-02T07:14:15 ET,2026-06-02T07:10:00 ET,2026-06-02,Tue,0714ET,2026-06-04,30521.0,742.74,30528.3,NEAR_FLIP,EXPANSION,,,9.85,11.9,15.23,18.76,30034.64,731.0,-486.3600000000006,-1.5935257691425595,-3609778.45,5035129.2700000005,20920275.759999998,1943266.15,-2418750.5999999996,-60.918874999999986,7537.49,478,,
2026-06-02T07:14:15 ET,2026-06-02T07:10:00 ET,2026-06-02,Tue,0714ET,2026-06-02,30521.0,742.74,30528.3,NEAR_FLIP,EXPANSION,,,9.85,11.9,15.23,18.76,30038.57,731.0,-482.4300000000003,-1.5806493889453173,-17381486.77,23472097.029999997,82700411.9,37049663.019999996,6290853.9,146.887317,10670.0,2293,,
2026-06-02T07:14:15 ET,2026-06-02T07:10:00 ET,2026-06-02,Tue,0714ET,2026-06-03,30521.0,742.74,30528.3,NEAR_FLIP,EXPANSION,,,9.85,11.9,15.23,18.76,30039.56,731.0,-481.4399999999987,-1.5774057206513505,-1696865.3399999999,11296604.4,7770609.849999998,8839265.05,19702473.85,533.3407219999999,9821.21,1020,,
2026-06-02T07:14:15 ET,2026-06-02T07:10:00 ET,2026-06-02,Tue,0714ET,2026-06-04,30521.0,742.74,30528.3,NEAR_FLIP,EXPANSION,,,9.85,11.9,15.23,18.76,30075.73,732.0,-445.27000000000044,-1.4588971527800545,-7145305.37,11324610.45,38225351.309999995,3985081.3,-3233000.3100000005,-83.826685,16735.06,1014,,
2026-06-02T07:14:15 ET,2026-06-02T07:10:00 ET,2026-06-02,Tue,0714ET,2026-06-02,30521.0,742.74,30528.3,NEAR_FLIP,EXPANSION,,,9.85,11.9,15.23,18.76,30079.67,732.0,-441.33000000000175,-1.4459880082566159,-24796305.119999997,32795359.36,110825670.86,47295632.65,3021599.329999998,75.18950800000005,14513.69,2821,,
2026-06-02T07:14:15 ET,2026-06-02T07:10:00 ET,2026-06-02,Tue,0714ET,2026-06-03,30521.0,742.74,30528.3,NEAR_FLIP,EXPANSION,,,9.85,11.9,15.23,18.76,30080.65,732.0,-440.34999999999854,-1.4427771042888455,-439850.1899999995,11703006.17,1337072.4400000013,8360051.68,21607775.560000002,635.561428,10001.619999999999,975,,
2026-06-02T07:14:15 ET,2026-06-02T07:10:00 ET,2026-06-02,Tue,0714ET,2026-06-04,30521.0,742.74,30528.3,NEAR_FLIP,EXPANSION,,,9.85,11.9,15.23,18.76,30116.81,733.0,-404.1899999999987,-1.3243013007437459,1305643.4300000002,5462484.27,-6937635.58,1737217.54,12812452.21,375.072254,7857.99,459,,
2026-06-02T07:14:15 ET,2026-06-02T07:10:00 ET,2026-06-02,Tue,0714ET,2026-06-02,30521.0,742.74,30528.3,NEAR_FLIP,EXPANSION,,,9.85,11.9,15.23,18.76,30120.76,733.0,-400.2400000000016,-1.3113593918941109,-49597346.550000004,61392155.65,206150130.82999998,80175826.4,-10175564.759999998,-338.8932960000001,26521.64,4648,,
2026-06-02T07:14:15 ET,2026-06-02T07:10:00 ET,2026-06-02,Tue,0714ET,2026-06-03,30521.0,742.74,30528.3,NEAR_FLIP,EXPANSION,,,9.85,11.9,15.23,18.76,30121.75,733.0,-399.25,-1.3081157236001442,-11356053.92,16799239.8,47705315.11,10854681.97,-4142250.4399999995,-126.84444799999994,14303.53,1300,,
2026-06-02T07:14:15 ET,2026-06-02T07:10:00 ET,2026-06-02,Tue,0714ET,2026-06-04,30521.0,742.74,30528.3,NEAR_FLIP,EXPANSION,,,9.85,11.9,15.23,18.76,30157.9,734.0,-363.09999999999854,-1.1896726843812409,157476.25999999978,6655273.16,-1071430.33,1890222.8199999998,9740348.98,302.011798,9497.6,531,,
2026-06-02T07:14:15 ET,2026-06-02T07:10:00 ET,2026-06-02,Tue,0714ET,2026-06-02,30521.0,742.74,30528.3,NEAR_FLIP,EXPANSION,,,9.85,11.9,15.23,18.76,30161.85,734.0,-359.15000000000146,-1.1767307755316059,-79058168.96000001,87316102.34,303769267.71,102157697.08,-42765242.83,-1565.172601,36751.219999999994,5834,,
2026-06-02T07:14:15 ET,2026-06-02T07:10:00 ET,2026-06-02,Tue,0714ET,2026-06-03,30521.0,742.74,30528.3,NEAR_FLIP,EXPANSION,,,9.85,11.9,15.23,18.76,30162.84,734.0,-358.15999999999985,-1.1734871072376392,-6378926.95,11994740.21,24436933.04,6935869.65,553134.870000001,22.755712000000017,10004.14,861,,
2026-06-02T07:14:15 ET,2026-06-02T07:10:00 ET,2026-06-02,Tue,0714ET,2026-06-04,30521.0,742.74,30528.3,NEAR_FLIP,EXPANSION,,,9.85,11.9,15.23,18.76,30198.99,735.0,-322.0099999999984,-1.0550440680187358,-1905136.7199999988,20497841.32,6420213.640000001,5124654.56,19026468.94,628.4600300000001,29163.85,1564,,
2026-06-02T07:14:15 ET,2026-06-02T07:10:00 ET,2026-06-02,Tue,0714ET,2026-06-02,30521.0,742.74,30528.3,NEAR_FLIP,EXPANSION,,,9.85,11.9,15.23,18.76,30202.94,735.0,-318.0600000000013,-1.0421021591691009,-193267619.97000003,288045168.07,669108561.3100001,297892060.3,-5504900.75,-210.47181799999998,117838.83,17034,,
2026-06-02T07:14:15 ET,2026-06-02T07:10:00 ET,2026-06-02,Tue,0714ET,2026-06-03,30521.0,742.74,30528.3,NEAR_FLIP,EXPANSION,,,9.85,11.9,15.23,18.76,30203.93,735.0,-317.0699999999997,-1.0388584908751342,-12058597.240000002,44008721.32,40266650.89,22460092.07,24698523.4,926.71153,36161.1,2947,,
2026-06-02T07:14:15 ET,2026-06-02T07:10:00 ET,2026-06-02,Tue,0714ET,2026-06-04,30521.0,742.74,30528.3,NEAR_FLIP,EXPANSION,,,9.85,11.9,15.23,18.76,30240.07,736.0,-280.9300000000003,-0.9204482159824393,-2002747.1799999997,9055801.5,6981489.709999999,1957598.8800000001,3930272.620000001,136.84812500000004,12672.2,657,,
2026-06-02T07:14:15 ET,2026-06-02T07:10:00 ET,2026-06-02,Tue,0714ET,2026-06-02,30521.0,742.74,30528.3,NEAR_FLIP,EXPANSION,,,9.85,11.9,15.23,18.76,30244.04,736.0,-276.9599999999991,-0.9074407784803877,-44351840.699999996,81869472.03999999,136472856.46,73564234.77,10494060.850000001,509.40249399999993,32569.96,4300,,
2026-06-02T07:14:15 ET,2026-06-02T07:10:00 ET,2026-06-02,Tue,0714ET,2026-06-03,30521.0,742.74,30528.3,NEAR_FLIP,EXPANSION,,,9.85,11.9,15.23,18.76,30245.03,736.0,-275.97000000000116,-0.9041971101864329,-3930389.2299999995,18900711.61,11261714.500000004,8363958.0200000005,10481153.29,422.86016000000006,15344.47,1188,,
2026-06-02T07:14:15 ET,2026-06-02T07:10:00 ET,2026-06-02,Tue,0714ET,2026-06-04,30521.0,742.74,30528.3,NEAR_FLIP,EXPANSION,,,9.85,11.9,15.23,18.76,30281.16,737.0,-239.84000000000015,-0.7858195996199344,-2277044.2399999998,7776693.039999999,6773044.790000001,1417338.55,729202.3200000003,31.57139099999995,10847.41,544,,
2026-06-02T07:14:15 ET,2026-06-02T07:10:00 ET,2026-06-02,Tue,0714ET,2026-06-02,30521.0,742.74,30528.3,NEAR_FLIP,EXPANSION,,,9.85,11.9,15.23,18.76,30285.13,737.0,-235.86999999999898,-0.7728121621178827,-45737549.349999994,118188904.03,120592335.82000001,90183746.03,31806940.64,1721.4141279999994,45906.759999999995,5552,,
2026-06-02T07:14:15 ET,2026-06-02T07:10:00 ET,2026-06-02,Tue,0714ET,2026-06-03,30521.0,742.74,30528.3,NEAR_FLIP,EXPANSION,,,9.85,11.9,15.23,18.76,30286.12,737.0,-234.88000000000102,-0.7695684938239278,-2713822.26,30512478.96,6379772.589999996,11437960.93,20404820.750000004,865.6104249999999,24295.32,1800,,
2026-06-02T07:14:15 ET,2026-06-02T07:10:00 ET,2026-06-02,Tue,0714ET,2026-06-04,30521.0,742.74,30528.3,NEAR_FLIP,EXPANSION,,,9.85,11.9,15.23,18.76,30322.25,738.0,-198.75,-0.6511909832574293,3557527.530000001,16685103.23,-9747042.43,2477420.81,20458091.24,758.4448639999998,22944.25,1120,,
2026-06-02T07:14:15 ET,2026-06-02T07:10:00 ET,2026-06-02,Tue,0714ET,2026-06-02,30521.0,742.74,30528.3,NEAR_FLIP,EXPANSION,,,9.85,11.9,15.23,18.76,30326.22,738.0,-194.77999999999884,-0.6381835457553777,-80156373.58000001,144248623.22,180097817.62,90534835.63,-20666833.400000006,-1082.8607869999996,55125.350000000006,6139,,
2026-06-02T07:14:15 ET,2026-06-02T07:10:00 ET,2026-06-02,Tue,0714ET,2026-06-03,30521.0,742.74,30528.3,NEAR_FLIP,EXPANSION,,,9.85,11.9,15.23,18.76,30327.22,738.0,-193.77999999999884,-0.6349071131352145,-7830554.109999999,34354307.69,16686867.680000003,10553090.24,7538960.380000003,354.69422799999984,27072.09,1925,,
2026-06-02T07:14:15 ET,2026-06-02T07:10:00 ET,2026-06-02,Tue,0714ET,2026-06-04,30521.0,742.74,30528.3,NEAR_FLIP,EXPANSION,,,9.85,11.9,15.23,18.76,30363.33,739.0,-157.66999999999825,-0.5165951312211207,-2701582.8000000007,22144496.04,5116393.27,2539512.2,5549197.039999999,225.89547100000004,30273.120000000003,1443,,
2026-06-02T07:14:15 ET,2026-06-02T07:10:00 ET,2026-06-02,Tue,0714ET,2026-06-02,30521.0,742.74,30528.3,NEAR_FLIP,EXPANSION,,,9.85,11.9,15.23,18.76,30367.31,739.0,-153.6899999999987,-0.5035549293928727,131627815.29,290541498.81,-256724927.92,143130221.52,347861943.75,22407.316037999997,106658.78,11141,,
2026-06-02T07:14:15 ET,2026-06-02T07:10:00 ET,2026-06-02,Tue,0714ET,2026-06-03,30521.0,742.74,30528.3,NEAR_FLIP,EXPANSION,,,9.85,11.9,15.23,18.76,30368.31,739.0,-152.6899999999987,-0.5002784967727096,-12456277.930000002,32615195.910000004,21774037.210000005,7815010.57,-7164796.900000002,-305.504402,25397.59,1745,,
2026-06-02T07:14:15 ET,2026-06-02T07:10:00 ET,2026-06-02,Tue,0714ET,2026-06-04,30521.0,742.74,30528.3,NEAR_FLIP,EXPANSION,,,9.85,11.9,15.23,18.76,30404.42,740.0,-116.58000000000175,-0.38196651485862765,2440572.3000000007,30588685.14,-4289257.700000003,2476209.23,17976740.5,719.1708700000001,41426.270000000004,1938,,
2026-06-02T07:14:15 ET,2026-06-02T07:10:00 ET,2026-06-02,Tue,0714ET,2026-06-02,30521.0,742.74,30528.3,NEAR_FLIP,EXPANSION,,,9.85,11.9,15.23,18.76,30408.41,740.0,-112.59000000000015,-0.3688935487041714,-5099405.729999989,327673843.39,-327641.1100000143,117150077.19,118950625.88,8537.663257,118884.08,11694,,
2026-06-02T07:14:15 ET,2026-06-02T07:10:00 ET,2026-06-02,Tue,0714ET,2026-06-03,30521.0,742.74,30528.3,NEAR_FLIP,EXPANSION,,,9.85,11.9,15.23,18.76,30409.4,740.0,-111.59999999999854,-0.3656498804102046,-21898325.28,50026488.7,28615712.139999997,8611083.13,-22209235.599999998,-1024.366721,38491.71,2573,,
2026-06-02T07:14:15 ET,2026-06-02T07:10:00 ET,2026-06-02,Tue,0714ET,2026-06-04,30521.0,742.74,30528.3,NEAR_FLIP,EXPANSION,,,9.85,11.9,15.23,18.76,30445.51,741.0,-75.4900000000016,-0.24733789849612267,-1561680.0999999996,13990618.52,1383322.3900000006,660643.1200000001,-22414.52999999933,13.371398999999997,18880.05,871,,
2026-06-02T07:14:15 ET,2026-06-02T07:10:00 ET,2026-06-02,Tue,0714ET,2026-06-02,30521.0,742.74,30528.3,NEAR_FLIP,EXPANSION,,,9.85,11.9,15.23,18.76,30449.5,741.0,-71.5,-0.23426493234166643,2281636.379999995,136974265.06,-4084975.9299999997,30496494.700000003,34874552.06999999,2714.760865,48822.5,4600,,
2026-06-02T07:14:15 ET,2026-06-02T07:10:00 ET,2026-06-02,Tue,0714ET,2026-06-03,30521.0,742.74,30528.3,NEAR_FLIP,EXPANSION,,,9.85,11.9,15.23,18.76,30450.5,741.0,-70.5,-0.23098849972150323,116939.88000000268,35476347.82,-502624.1699999999,3715216.67,8752482.169999998,466.30523199999993,27002.559999999998,1769,,
2026-06-02T07:14:15 ET,2026-06-02T07:10:00 ET,2026-06-02,Tue,0714ET,2026-06-04,30521.0,742.74,30528.3,NEAR_FLIP,EXPANSION,,,9.85,11.9,15.23,18.76,30486.6,742.0,-34.400000000001455,-0.1127092821336177,-27269306.73,43627794.55,12373544.18,591332.24,-56304187.43000001,-2219.141428,58528.98,2677,,
2026-06-02T07:14:15 ET,2026-06-02T07:10:00 ET,2026-06-02,Tue,0714ET,2026-06-02,30521.0,742.74,30528.3,NEAR_FLIP,EXPANSION,,,9.85,11.9,15.23,18.76,30490.59,742.0,-30.409999999999854,-0.09963631597916141,17898727.599999994,192152860.16,-8505528.520000003,16894701.08,39263585.17,3251.891293999999,67439.88,6192,,
2026-06-02T07:14:15 ET,2026-06-02T07:10:00 ET,2026-06-02,Tue,0714ET,2026-06-03,30521.0,742.74,30528.3,NEAR_FLIP,EXPANSION,,,9.85,11.9,15.23,18.76,30491.59,742.0,-29.409999999999854,-0.09635988335899826,-31017135.47,72022907.69,11389432.649999999,2691258.73,-48452535.43999999,-2362.2420589999992,54437.17,3523,,
2026-06-02T07:14:15 ET,2026-06-02T07:10:00 ET,2026-06-02,Tue,0714ET,2026-06-04,30521.0,742.74,30528.3,NEAR_FLIP,EXPANSION,,,9.85,11.9,15.23,18.76,30527.68,743.0,6.680000000000291,0.021886569902690906,-3494573.8000000007,13322608.84,-318891.21,-265362.15,-7781297.59,-311.46022400000004,17437.18,795,,
2026-06-02T07:14:15 ET,2026-06-02T07:10:00 ET,2026-06-02,Tue,0714ET,2026-06-02,30521.0,742.74,30528.3,NEAR_FLIP,EXPANSION,,,9.85,11.9,15.23,18.76,30531.68,743.0,10.680000000000291,0.03499230038334357,18887823.64,187483797.98000002,2691148.3200000003,-8697056.58,14252331.299999997,1359.544495,63049.57000000001,5751,,
2026-06-02T07:14:15 ET,2026-06-02T07:10:00 ET,2026-06-02,Tue,0714ET,2026-06-03,30521.0,742.74,30528.3,NEAR_FLIP,EXPANSION,,,9.85,11.9,15.23,18.76,30532.68,743.0,11.680000000000291,0.038268733003506736,7579383.15,25912923.89,864045.58,-768298.1599999999,12757804.610000001,672.618312,18967.67,1223,,
2026-06-02T07:14:15 ET,2026-06-02T07:10:00 ET,2026-06-02,Tue,0714ET,2026-06-04,30521.0,742.74,30528.3,NEAR_FLIP,EXPANSION,,,9.85,11.9,15.23,18.76,30568.77,744.0,47.77000000000044,0.1565151862651959,8580605.99,17353371.79,5708248.800000001,-927569.51,16466593.030000001,687.8701070000001,22446.48,1026,,
2026-06-02T07:14:15 ET,2026-06-02T07:10:00 ET,2026-06-02,Tue,0714ET,2026-06-02,30521.0,742.74,30528.3,NEAR_FLIP,EXPANSION,,,9.85,11.9,15.23,18.76,30572.78,744.0,51.779999999998836,0.16965368107204493,26130192.010000005,251891229.11,20031266.590000004,-45541325.35,-14007550.47999999,-822.360987,83783.98,7759,,
2026-06-02T07:14:15 ET,2026-06-02T07:10:00 ET,2026-06-02,Tue,0714ET,2026-06-03,30521.0,742.74,30528.3,NEAR_FLIP,EXPANSION,,,9.85,11.9,15.23,18.76,30573.78,744.0,52.779999999998836,0.1729301136922081,9913187.81,18772301.79,6223652.67,-1816989.17,14380300.950000001,755.9958629999999,13588.619999999999,881,,
2026-06-02T07:14:15 ET,2026-06-02T07:10:00 ET,2026-06-02,Tue,0714ET,2026-06-04,30521.0,742.74,30528.3,NEAR_FLIP,EXPANSION,,,9.85,11.9,15.23,18.76,30609.86,745.0,88.86000000000058,0.29114380262770084,13313706.72,19056521.880000003,16526724.67,-1657563.86,24166326.439999998,1001.2792029999999,24487.760000000002,1129,,
2026-06-02T07:14:15 ET,2026-06-02T07:10:00 ET,2026-06-02,Tue,0714ET,2026-06-02,30521.0,742.74,30528.3,NEAR_FLIP,EXPANSION,,,9.85,11.9,15.23,18.76,30613.87,745.0,92.86999999999898,0.30428229743454993,145231623.29,274337261.15,184405000.41,-86423085.19,85250609.91000001,6745.53633,90220.3,8685,,
2026-06-02T07:14:15 ET,2026-06-02T07:10:00 ET,2026-06-02,Tue,0714ET,2026-06-03,30521.0,742.74,30528.3,NEAR_FLIP,EXPANSION,,,9.85,11.9,15.23,18.76,30614.87,745.0,93.86999999999898,0.30755873005471307,-89326160.81,127926864.66999999,-100459468.91,-20973206.79,-195225113.23,-9955.435248,92569.68999999999,6092,,
2026-06-02T07:14:15 ET,2026-06-02T07:10:00 ET,2026-06-02,Tue,0714ET,2026-06-04,30521.0,742.74,30528.3,NEAR_FLIP,EXPANSION,,,9.85,11.9,15.23,18.76,30650.94,746.0,129.9399999999987,0.42573965466399755,14301507.290000001,16385417.03,25906338.740000002,-1974574.44,25297556.990000002,1029.3767579999999,21033.33,984,,
2026-06-02T07:14:15 ET,2026-06-02T07:10:00 ET,2026-06-02,Tue,0714ET,2026-06-02,30521.0,742.74,30528.3,NEAR_FLIP,EXPANSION,,,9.85,11.9,15.23,18.76,30654.96,746.0,133.95999999999913,0.43891091379705494,117344744.14,144722072.96,216452361.7,-64988427.910000004,77637909.67,5733.067712,46949.38,4820,,
2026-06-02T07:14:15 ET,2026-06-02T07:10:00 ET,2026-06-02,Tue,0714ET,2026-06-03,30521.0,742.74,30528.3,NEAR_FLIP,EXPANSION,,,9.85,11.9,15.23,18.76,30655.97,746.0,134.97000000000116,0.4422201107434264,8052238.73,13897115.030000001,13486414.120000001,-3208500.5599999996,8361377.119999999,428.84751200000005,9907.1,669,,
2026-06-02T07:14:15 ET,2026-06-02T07:10:00 ET,2026-06-02,Tue,0714ET,2026-06-04,30521.0,742.74,30528.3,NEAR_FLIP,EXPANSION,,,9.85,11.9,15.23,18.76,30692.03,747.0,171.02999999999884,0.5603682710265026,57194178.85,70118152.37,138063654.45,-10792194.04,90303192.78,3646.320429,89005.0,4255,,
2026-06-02T07:14:15 ET,2026-06-02T07:10:00 ET,2026-06-02,Tue,0714ET,2026-06-02,30521.0,742.74,30528.3,NEAR_FLIP,EXPANSION,,,9.85,11.9,15.23,18.76,30696.05,747.0,175.04999999999927,0.5735395301595599,43876314.550000004,72005315.71000001,106734173.76999998,-41979539.64,12287178.970000003,855.5534890000001,23331.05,2612,,
2026-06-02T07:14:15 ET,2026-06-02T07:10:00 ET,2026-06-02,Tue,0714ET,2026-06-03,30521.0,742.74,30528.3,NEAR_FLIP,EXPANSION,,,9.85,11.9,15.23,18.76,30697.06,747.0,176.0600000000013,0.5768487271059314,26446498.1,35167373.68,58739208.16,-10470140.760000002,27735052.990000002,1386.307044,24712.45,1732,,
2026-06-02T07:14:15 ET,2026-06-02T07:10:00 ET,2026-06-02,Tue,0714ET,2026-06-04,30521.0,742.74,30528.3,NEAR_FLIP,EXPANSION,,,9.85,11.9,15.23,18.76,30733.12,748.0,212.11999999999898,0.6949968873890074,13185359.38,15158450.06,39905007.5,-2838809.9,19589315.58,777.430549,19021.59,936,,
2026-06-02T07:14:15 ET,2026-06-02T07:10:00 ET,2026-06-02,Tue,0714ET,2026-06-02,30521.0,742.74,30528.3,NEAR_FLIP,EXPANSION,,,9.85,11.9,15.23,18.76,30737.15,748.0,216.15000000000146,0.7082009108482732,51898474.07,64128269.93,155606514.97,-45963775.160000004,22420290.61,1362.938345,20676.09,2591,,
2026-06-02T07:14:15 ET,2026-06-02T07:10:00 ET,2026-06-02,Tue,0714ET,2026-06-03,30521.0,742.74,30528.3,NEAR_FLIP,EXPANSION,,,9.85,11.9,15.23,18.76,30738.15,748.0,217.15000000000146,0.7114773434684364,8354686.77,12776363.39,23067103.63,-4658035.13,6344879.4,305.73909299999997,8947.57,657,,
2026-06-02T07:14:15 ET,2026-06-02T07:10:00 ET,2026-06-02,Tue,0714ET,2026-06-04,30521.0,742.74,30528.3,NEAR_FLIP,EXPANSION,,,9.85,11.9,15.23,18.76,30774.2,749.0,253.20000000000073,0.8295927394253161,2131810.7199999997,7693813.4799999995,7896788.820000002,-1698065.68,-1649608.1799999997,-57.75418000000002,9693.77,493,,
2026-06-02T07:14:15 ET,2026-06-02T07:10:00 ET,2026-06-02,Tue,0714ET,2026-06-02,30521.0,742.74,30528.3,NEAR_FLIP,EXPANSION,,,9.85,11.9,15.23,18.76,30778.24,749.0,257.2400000000016,0.8428295272107781,49636381.04,54301833.6,176335539.04000002,-46176024.33,23881719.98,1262.2945140000002,17532.25,2509,,
2026-06-02T07:14:15 ET,2026-06-02T07:10:00 ET,2026-06-02,Tue,0714ET,2026-06-03,30521.0,742.74,30528.3,NEAR_FLIP,EXPANSION,,,9.85,11.9,15.23,18.76,30779.25,749.0,258.25,0.8461387241571376,15047189.440000001,16326141.82,49777067.77,-7041004.9799999995,14964717.96,678.453816,11291.460000000001,881,,
2026-06-02T07:14:15 ET,2026-06-02T07:10:00 ET,2026-06-02,Tue,0714ET,2026-06-04,30521.0,742.74,30528.3,NEAR_FLIP,EXPANSION,,,9.85,11.9,15.23,18.76,30815.29,750.0,294.2900000000009,0.9642213557878211,10348421.629999999,13715700.05,43828504.03,-3483607.64,11202702.8,417.19448300000005,17103.8,908,,
2026-06-02T07:14:15 ET,2026-06-02T07:10:00 ET,2026-06-02,Tue,0714ET,2026-06-02,30521.0,742.74,30528.3,NEAR_FLIP,EXPANSION,,,9.85,11.9,15.23,18.76,30819.33,750.0,298.33000000000175,0.9774581435732831,67233455.14999999,86291362.99,277832399.25,-84892213.51,8765393.450000003,389.0069850000002,27878.38,4664,,
2026-06-02T07:14:15 ET,2026-06-02T07:10:00 ET,2026-06-02,Tue,0714ET,2026-06-03,30521.0,742.74,30528.3,NEAR_FLIP,EXPANSION,,,9.85,11.9,15.23,18.76,30820.34,750.0,299.34000000000015,0.9807673405196426,42406443.48,44054673.52,163264708.94,-21936813.75,40776416.510000005,1729.059753,30337.120000000003,2538,,
2026-06-02T07:14:15 ET,2026-06-02T07:10:00 ET,2026-06-02,Tue,0714ET,2026-06-04,30521.0,742.74,30528.3,NEAR_FLIP,EXPANSION,,,9.85,11.9,15.23,18.76,30856.38,751.0,335.380000000001,1.098849972150326,2875817.12,2904358.8600000003,13619750.299999999,-834679.46,3947512.56,137.844055,3667.8399999999997,203,,
2026-06-02T07:14:15 ET,2026-06-02T07:10:00 ET,2026-06-02,Tue,0714ET,2026-06-02,30521.0,742.74,30528.3,NEAR_FLIP,EXPANSION,,,9.85,11.9,15.23,18.76,30860.42,751.0,339.41999999999825,1.1120867599357762,42935923.7,44563789.2,201734166.53,-49777716.7,18445544.5,691.990927,14338.740000000002,2890,,
2026-06-02T07:14:15 ET,2026-06-02T07:10:00 ET,2026-06-02,Tue,0714ET,2026-06-03,30521.0,742.74,30528.3,NEAR_FLIP,EXPANSION,,,9.85,11.9,15.23,18.76,30861.43,751.0,340.4300000000003,1.1153959568821477,8812772.0,8844678.66,38800376.74,-4992967.15,8252652.510000001,323.916739,6054.72,550,,
2026-06-02T07:14:15 ET,2026-06-02T07:10:00 ET,2026-06-02,Tue,0714ET,2026-06-04,30521.0,742.74,30528.3,NEAR_FLIP,EXPANSION,,,9.85,11.9,15.23,18.76,30897.47,752.0,376.47000000000116,1.233478588512831,3001155.67,3164071.71,16373070.219999999,-1014002.01,3585473.3,120.575128,3894.79,230,,
2026-06-02T07:14:15 ET,2026-06-02T07:10:00 ET,2026-06-02,Tue,0714ET,2026-06-02,30521.0,742.74,30528.3,NEAR_FLIP,EXPANSION,,,9.85,11.9,15.23,18.76,30901.52,752.0,380.52000000000044,1.2467481406244894,43103765.25,44917893.06999999,226054892.3,-56151786.88,15888310.409999998,485.14240600000005,14513.720000000001,3559,,
2026-06-02T07:14:15 ET,2026-06-02T07:10:00 ET,2026-06-02,Tue,0714ET,2026-06-03,30521.0,742.74,30528.3,NEAR_FLIP,EXPANSION,,,9.85,11.9,15.23,18.76,30902.53,752.0,381.52999999999884,1.250057337570849,11758024.120000001,11933943.7,58360060.690000005,-7530365.31,10091282.29,362.46862,8125.24,811,,
2026-06-02T07:14:15 ET,2026-06-02T07:10:00 ET,2026-06-02,Tue,0714ET,2026-06-04,30521.0,742.74,30528.3,NEAR_FLIP,EXPANSION,,,9.85,11.9,15.23,18.76,30938.55,753.0,417.5499999999993,1.3680744405491279,14524229.07,14832127.27,88118755.13,-5245654.22,17047180.66,539.704576,18183.510000000002,1144,,
2026-06-02T07:14:15 ET,2026-06-02T07:10:00 ET,2026-06-02,Tue,0714ET,2026-06-02,30521.0,742.74,30528.3,NEAR_FLIP,EXPANSION,,,9.85,11.9,15.23,18.76,30942.61,753.0,421.6100000000006,1.3813767569869944,26909840.939999998,27184660.64,156489301.15,-37595670.66,10927954.11,266.59854,8766.44,2707,,
2026-06-02T07:14:15 ET,2026-06-02T07:10:00 ET,2026-06-02,Tue,0714ET,2026-06-03,30521.0,742.74,30528.3,NEAR_FLIP,EXPANSION,,,9.85,11.9,15.23,18.76,30943.62,753.0,422.619999999999,1.384685953933354,3749995.84,4682804.16,20751128.119999997,-3265997.8,1314747.0,42.54574100000001,3186.58,352,,
2026-06-02T07:14:15 ET,2026-06-02T07:10:00 ET,2026-06-02,Tue,0714ET,2026-06-04,30521.0,742.74,30528.3,NEAR_FLIP,EXPANSION,,,9.85,11.9,15.23,18.76,30979.64,754.0,458.6399999999994,1.5027030569116326,1189777.28,1695582.68,7982398.84,-655961.24,408804.31000000006,12.341805,2084.0299999999997,140,,
2026-06-02T07:14:15 ET,2026-06-02T07:10:00 ET,2026-06-02,Tue,0714ET,2026-06-02,30521.0,742.74,30528.3,NEAR_FLIP,EXPANSION,,,9.85,11.9,15.23,18.76,30983.7,754.0,462.7000000000007,1.5160053733494996,24841933.27,24910115.27,156013122.55,-37758919.45999999,10199695.930000002,200.275898,8157.89,3091,,
2026-06-02T07:14:15 ET,2026-06-02T07:10:00 ET,2026-06-02,Tue,0714ET,2026-06-03,30521.0,742.74,30528.3,NEAR_FLIP,EXPANSION,,,9.85,11.9,15.23,18.76,30984.72,754.0,463.72000000000116,1.5193473346220672,6621127.17,6717016.25,40136380.0,-5130221.930000001,4997397.41,144.927505,4551.0,565,,
2026-06-02T07:14:15 ET,2026-06-02T07:10:00 ET,2026-06-02,Tue,0714ET,2026-06-04,30521.0,742.74,30528.3,NEAR_FLIP,EXPANSION,,,9.85,11.9,15.23,18.76,31020.73,755.0,499.72999999999956,1.6373316732741376,15719848.33,15809704.049999999,114864589.31,-6638929.359999999,17002954.93,467.293398,19229.05,1404,,
2026-06-02T07:14:15 ET,2026-06-02T07:10:00 ET,2026-06-02,Tue,0714ET,2026-06-02,30521.0,742.74,30528.3,NEAR_FLIP,EXPANSION,,,9.85,11.9,15.23,18.76,31024.79,755.0,503.7900000000009,1.6506339897120044,28657253.71,28739040.97,196154652.8,-47371522.339999996,10928051.02,163.781319,9398.15,4660,,
2026-06-02T07:14:15 ET,2026-06-02T07:10:00 ET,2026-06-02,Tue,0714ET,2026-06-03,30521.0,742.74,30528.3,NEAR_FLIP,EXPANSION,,,9.85,11.9,15.23,18.76,31025.81,755.0,504.8100000000013,1.6539759509845722,28632567.08,28632567.08,189776323.61,-23764814.84,21296906.17,545.134562,19302.99,2730,,
2026-06-02T07:14:15 ET,2026-06-02T07:10:00 ET,2026-06-02,Tue,0714ET,2026-06-04,30521.0,742.74,30528.3,NEAR_FLIP,EXPANSION,,,9.85,11.9,15.23,18.76,31061.81,756.0,540.8100000000013,1.7719275253104465,5509224.04,5509224.04,43689938.53,-2495643.29,5747223.76,145.527001,6676.36,531,,
2026-06-02T07:14:15 ET,2026-06-02T07:10:00 ET,2026-06-02,Tue,0714ET,2026-06-02,30521.0,742.74,30528.3,NEAR_FLIP,EXPANSION,,,9.85,11.9,15.23,18.76,31065.89,756.0,544.8899999999994,1.785295370400706,5314839.93,5325687.609999999,38969287.38999999,-9483814.79,1947854.7200000002,22.484444999999997,1757.5800000000002,1120,,
2026-06-02T07:14:15 ET,2026-06-02T07:10:00 ET,2026-06-02,Tue,0714ET,2026-06-03,30521.0,742.74,30528.3,NEAR_FLIP,EXPANSION,,,9.85,11.9,15.23,18.76,31066.9,756.0,545.9000000000015,1.7886045673470772,4216227.83,4216227.83,30460695.67,-3778187.15,2948360.04,65.525924,2819.1,463,,
2026-06-02T07:14:15 ET,2026-06-02T07:10:00 ET,2026-06-02,Tue,0714ET,2026-06-04,30521.0,742.74,30528.3,NEAR_FLIP,EXPANSION,,,9.85,11.9,15.23,18.76,31102.9,757.0,581.9000000000015,1.9065561416729513,1623129.48,1623129.48,13865291.52,-788888.28,1621024.45,37.552269,1963.65,171,,
2026-06-02T07:14:15 ET,2026-06-02T07:10:00 ET,2026-06-02,Tue,0714ET,2026-06-02,30521.0,742.74,30528.3,NEAR_FLIP,EXPANSION,,,9.85,11.9,15.23,18.76,31106.98,757.0,585.9799999999996,1.9199239867632107,4704234.7299999995,4747327.87,37220298.88,-9081299.209999999,1325079.67,10.456738999999999,1561.31,1369,,
2026-06-02T07:14:15 ET,2026-06-02T07:10:00 ET,2026-06-02,Tue,0714ET,2026-06-03,30521.0,742.74,30528.3,NEAR_FLIP,EXPANSION,,,9.85,11.9,15.23,18.76,31108.0,757.0,587.0,1.9232659480357788,4905892.42,4905892.42,37999659.95,-4720556.42,3288718.3,63.305854,3289.01,622,,
2026-06-02T07:14:15 ET,2026-06-02T07:10:00 ET,2026-06-02,Tue,0714ET,2026-06-04,30521.0,742.74,30528.3,NEAR_FLIP,EXPANSION,,,9.85,11.9,15.23,18.76,31143.99,758.0,622.9900000000016,2.0411847580354565,1009244.33,1009244.33,9233882.66,-523823.82,967150.36,20.360761,1219.75,117,,
2026-06-02T07:14:15 ET,2026-06-02T07:10:00 ET,2026-06-02,Tue,0714ET,2026-06-02,30521.0,742.74,30528.3,NEAR_FLIP,EXPANSION,,,9.85,11.9,15.23,18.76,31148.07,758.0,627.0699999999997,2.0545526031257157,9165431.41,9165431.41,74993243.41,-18745256.15,3297916.48,23.010105,3116.05,3206,,
2026-06-02T07:14:15 ET,2026-06-02T07:10:00 ET,2026-06-02,Tue,0714ET,2026-06-03,30521.0,742.74,30528.3,NEAR_FLIP,EXPANSION,,,9.85,11.9,15.23,18.76,31149.09,758.0,628.0900000000001,2.0578945643982838,1835315.64,1849574.24,15238950.559999999,-1901756.58,1107438.08,18.105508999999998,1237.68,275,,
2026-06-02T07:14:15 ET,2026-06-02T07:10:00 ET,2026-06-02,Tue,0714ET,2026-06-04,30521.0,742.74,30528.3,NEAR_FLIP,EXPANSION,,,9.85,11.9,15.23,18.76,31185.08,759.0,664.0800000000017,2.1758133743979613,1079492.59,1079492.59,10569041.92,-595831.89,988093.02,18.728037,1298.75,139,,
2026-06-02T07:14:15 ET,2026-06-02T07:10:00 ET,2026-06-02,Tue,0714ET,2026-06-02,30521.0,742.74,30528.3,NEAR_FLIP,EXPANSION,,,9.85,11.9,15.23,18.76,31189.16,759.0,668.1599999999999,2.189181219488221,1549312.26,1549312.26,13483812.04,-3372948.62,531742.15,2.691591,527.36,747,,
2026-06-02T07:14:15 ET,2026-06-02T07:10:00 ET,2026-06-02,Tue,0714ET,2026-06-03,30521.0,742.74,30528.3,NEAR_FLIP,EXPANSION,,,9.85,11.9,15.23,18.76,31190.18,759.0,669.1800000000003,2.1925231807607886,1715570.56,1715570.56,15310841.49,-1876929.0,1032620.47,14.083172,1137.08,307,,
2026-06-02T07:14:15 ET,2026-06-02T07:10:00 ET,2026-06-02,Tue,0714ET,2026-06-04,30521.0,742.74,30528.3,NEAR_FLIP,EXPANSION,,,9.85,11.9,15.23,18.76,31226.16,760.0,705.1599999999999,2.310409226434258,18699535.54,18699535.54,195013231.24,-10936374.34,16386138.67,277.484185,22413.95,2695,,
2026-06-02T07:14:15 ET,2026-06-02T07:10:00 ET,2026-06-02,Tue,0714ET,2026-06-02,30521.0,742.74,30528.3,NEAR_FLIP,EXPANSION,,,9.85,11.9,15.23,18.76,31230.26,760.0,709.2599999999984,2.323842600176922,2852313.5500000003,2896409.93,25509434.69,-6687852.3100000005,263236.55999999994,0.25159600000000015,1018.78,1675,,
2026-06-02T07:14:15 ET,2026-06-02T07:10:00 ET,2026-06-02,Tue,0714ET,2026-06-03,30521.0,742.74,30528.3,NEAR_FLIP,EXPANSION,,,9.85,11.9,15.23,18.76,31231.28,760.0,710.2799999999988,2.32718456144949,7383431.97,7404383.47,69297900.44,-8588797.12,4191500.9899999998,48.473788,4952.160000000001,1557,,
2026-06-02T07:14:15 ET,2026-06-02T07:10:00 ET,2026-06-02,Tue,0714ET,2026-06-04,30521.0,742.74,30528.3,NEAR_FLIP,EXPANSION,,,9.85,11.9,15.23,18.76,31267.25,761.0,746.25,2.4450378427967627,1378700.38,1404803.62,15194776.26,-867792.05,1041823.06,15.614217,1686.77,227,,
2026-06-02T07:14:15 ET,2026-06-02T07:10:00 ET,2026-06-02,Tue,0714ET,2026-06-02,30521.0,742.74,30528.3,NEAR_FLIP,EXPANSION,,,9.85,11.9,15.23,18.76,31271.35,761.0,750.3499999999985,2.458471216539427,2495687.9,2495687.9,22833719.11,-6091494.46,878500.04,3.123664,906.62,1713,,
2026-06-02T07:14:15 ET,2026-06-02T07:10:00 ET,2026-06-02,Tue,0714ET,2026-06-03,30521.0,742.74,30528.3,NEAR_FLIP,EXPANSION,,,9.85,11.9,15.23,18.76,31272.37,761.0,751.369999999999,2.4618131778119947,1749637.51,1749637.51,17403449.9,-2144509.07,980728.45,9.368691,1167.35,447,,
2026-06-02T07:14:15 ET,2026-06-02T07:10:00 ET,2026-06-02,Tue,0714ET,2026-06-04,30521.0,742.74,30528.3,NEAR_FLIP,EXPANSION,,,9.85,11.9,15.23,18.76,31308.34,762.0,787.3400000000001,2.579666459159268,714841.03,714841.03,8319631.44,-465036.79,582275.21,7.75454,856.22,131,,
2026-06-02T07:14:15 ET,2026-06-02T07:10:00 ET,2026-06-02,Tue,0714ET,2026-06-02,30521.0,742.74,30528.3,NEAR_FLIP,EXPANSION,,,9.85,11.9,15.23,18.76,31312.44,762.0,791.4399999999987,2.5930998329019324,670123.69,670123.69,6242465.34,-1723876.64,240753.69,0.740126,252.07,532,,
2026-06-02T07:14:15 ET,2026-06-02T07:10:00 ET,2026-06-02,Tue,0714ET,2026-06-03,30521.0,742.74,30528.3,NEAR_FLIP,EXPANSION,,,9.85,11.9,15.23,18.76,31313.47,762.0,792.4700000000012,2.596474558500708,2284780.99,2284780.99,23685409.72,-2950662.95,1256579.39,10.169623,1542.09,689,,
2026-06-02T07:14:15 ET,2026-06-02T07:10:00 ET,2026-06-02,Tue,0714ET,2026-06-04,30521.0,742.74,30528.3,NEAR_FLIP,EXPANSION,,,9.85,11.9,15.23,18.76,31349.42,763.0,828.4199999999983,2.714262311195564,629913.15,629913.15,7796236.68,-430393.96,486299.24,5.579163,745.98,134,,
2026-06-02T07:14:15 ET,2026-06-02T07:10:00 ET,2026-06-02,Tue,0714ET,2026-06-02,30521.0,742.74,30528.3,NEAR_FLIP,EXPANSION,,,9.85,11.9,15.23,18.76,31353.53,763.0,832.5299999999988,2.727728449264437,179567.15,179567.15,1704754.38,-485541.5,65543.3,0.173036,69.68,166,,
2026-06-02T07:14:15 ET,2026-06-02T07:10:00 ET,2026-06-02,Tue,0714ET,2026-06-03,30521.0,742.74,30528.3,NEAR_FLIP,EXPANSION,,,9.85,11.9,15.23,18.76,31354.56,763.0,833.5600000000013,2.7311031748632133,409126.45,409126.45,4539409.97,-555131.15,209916.78,1.301872,271.22,161,,
2026-06-02T07:14:15 ET,2026-06-02T07:10:00 ET,2026-06-02,Tue,0714ET,2026-06-04,30521.0,742.74,30528.3,NEAR_FLIP,EXPANSION,,,9.85,11.9,15.23,18.76,31390.51,764.0,869.5099999999984,2.84889092755807,578344.1,578344.1,7308773.24,-414199.69,452244.99,4.763705,703.81,134,,
2026-06-02T07:14:15 ET,2026-06-02T07:10:00 ET,2026-06-02,Tue,0714ET,2026-06-02,30521.0,742.74,30528.3,NEAR_FLIP,EXPANSION,,,9.85,11.9,15.23,18.76,31394.63,764.0,873.630000000001,2.86238982995315,295199.77,295199.77,2839685.17,-836986.9,110353.66,0.258132,118.58,308,,
2026-06-02T07:14:15 ET,2026-06-02T07:10:00 ET,2026-06-02,Tue,0714ET,2026-06-03,30521.0,742.74,30528.3,NEAR_FLIP,EXPANSION,,,9.85,11.9,15.23,18.76,31395.65,764.0,874.6500000000015,2.865731791225718,283083.18,283083.18,3229108.02,-402691.89,145076.36,0.776981,191.46,129,,
2026-06-02T07:14:15 ET,2026-06-02T07:10:00 ET,2026-06-02,Tue,0714ET,2026-06-04,30521.0,742.74,30528.3,NEAR_FLIP,EXPANSION,,,9.85,11.9,15.23,18.76,31431.6,765.0,910.5999999999985,2.9835195439205746,711047.91,711047.91,9661463.64,-532364.7,513720.0,4.435258,842.09,201,,
2026-06-02T07:14:15 ET,2026-06-02T07:10:00 ET,2026-06-02,Tue,0714ET,2026-06-02,30521.0,742.74,30528.3,NEAR_FLIP,EXPANSION,,,9.85,11.9,15.23,18.76,31435.72,765.0,914.7200000000012,2.9970184463156553,1896802.27,1896802.27,18509243.97,-5626876.8,723053.7,1.488308,786.04,2249,,
2026-06-02T07:14:15 ET,2026-06-02T07:10:00 ET,2026-06-02,Tue,0714ET,2026-06-03,30521.0,742.74,30528.3,NEAR_FLIP,EXPANSION,,,9.85,11.9,15.23,18.76,31436.75,765.0,915.75,3.0003931719144195,1008470.95,1008470.95,11799641.8,-1500700.51,517060.07,2.401143,695.93,530,,
2026-06-02T07:14:15 ET,2026-06-02T07:10:00 ET,2026-06-02,Tue,0714ET,2026-06-04,30521.0,742.74,30528.3,NEAR_FLIP,EXPANSION,,,9.85,11.9,15.23,18.76,31472.68,766.0,951.6800000000003,3.118115395956883,273405.36,273405.36,3740894.05,-213695.73,203965.99,1.659742,335.95,82,,
2026-06-02T07:14:15 ET,2026-06-02T07:10:00 ET,2026-06-02,Tue,0714ET,2026-06-02,30521.0,742.74,30528.3,NEAR_FLIP,EXPANSION,,,9.85,11.9,15.23,18.76,31476.81,766.0,955.8100000000013,3.1316470626781605,663180.33,663180.33,6541283.2,-2054243.52,258933.72,0.478963,283.96,875,,
2026-06-02T07:14:15 ET,2026-06-02T07:10:00 ET,2026-06-02,Tue,0714ET,2026-06-03,30521.0,742.74,30528.3,NEAR_FLIP,EXPANSION,,,9.85,11.9,15.23,18.76,31477.84,766.0,956.8400000000001,3.1350217882769247,694800.91,694800.91,8492677.57,-1079309.89,344085.77,1.273946,479.31,458,,
2026-06-02T07:14:15 ET,2026-06-02T07:10:00 ET,2026-06-02,Tue,0714ET,2026-06-04,30521.0,742.74,30528.3,NEAR_FLIP,EXPANSION,,,9.85,11.9,15.23,18.76,31513.77,767.0,992.7700000000004,3.2527440123193885,177820.03,177820.03,2524512.7,-144791.12,129740.96,0.923034,219.55,61,,
2026-06-02T07:14:15 ET,2026-06-02T07:10:00 ET,2026-06-02,Tue,0714ET,2026-06-02,30521.0,742.74,30528.3,NEAR_FLIP,EXPANSION,,,9.85,11.9,15.23,18.76,31517.9,767.0,996.9000000000015,3.2662756790406653,221413.27,221413.27,2208571.01,-714820.77,88299.49,0.146364,97.73,326,,
2026-06-02T07:14:15 ET,2026-06-02T07:10:00 ET,2026-06-02,Tue,0714ET,2026-06-03,30521.0,742.74,30528.3,NEAR_FLIP,EXPANSION,,,9.85,11.9,15.23,18.76,31518.94,767.0,997.9399999999987,3.269683168965626,654950.63,654950.63,8183333.73,-1060243.65,325093.55,1.045563,460.8,497,,
2026-06-02T07:14:15 ET,2026-06-02T07:10:00 ET,2026-06-02,Tue,0714ET,2026-06-04,30521.0,742.74,30528.3,NEAR_FLIP,EXPANSION,,,9.85,11.9,15.23,18.76,31554.86,768.0,1033.8600000000006,3.387372628681893,397134.39,397134.39,5770436.36,-336352.64,289692.65,1.859463,498.67,151,,
2026-06-02T07:14:15 ET,2026-06-02T07:10:00 ET,2026-06-02,Tue,0714ET,2026-06-02,30521.0,742.74,30528.3,NEAR_FLIP,EXPANSION,,,9.85,11.9,15.23,18.76,31559.0,768.0,1038.0,3.400937059729367,438102.45,438102.45,4260995.71,-1471906.42,190479.91,0.354198,206.41,575,,
2026-06-02T07:14:15 ET,2026-06-02T07:10:00 ET,2026-06-02,Tue,0714ET,2026-06-03,30521.0,742.74,30528.3,NEAR_FLIP,EXPANSION,,,9.85,11.9,15.23,18.76,31560.03,768.0,1039.0299999999988,3.4043117853281313,223728.5,223728.5,2790380.31,-376838.3,115983.38,0.361883,164.13,175,,
2026-06-02T07:14:15 ET,2026-06-02T07:10:00 ET,2026-06-02,Tue,0714ET,2026-06-04,30521.0,742.74,30528.3,NEAR_FLIP,EXPANSION,,,9.85,11.9,15.23,18.76,31595.95,769.0,1074.9500000000007,3.5220012450443985,76785.0,76785.0,1189794.5,-67516.79,51973.2,0.263235,93.93,37,,
2026-06-02T07:14:15 ET,2026-06-02T07:10:00 ET,2026-06-02,Tue,0714ET,2026-06-02,30521.0,742.74,30528.3,NEAR_FLIP,EXPANSION,,,9.85,11.9,15.23,18.76,31600.09,769.0,1079.0900000000001,3.5355656760918714,67918.64,67918.64,687116.29,-237024.84,28548.63,0.040103,31.96,118,,
2026-06-02T07:14:15 ET,2026-06-02T07:10:00 ET,2026-06-02,Tue,0714ET,2026-06-03,30521.0,742.74,30528.3,NEAR_FLIP,EXPANSION,,,9.85,11.9,15.23,18.76,31601.12,769.0,1080.119999999999,3.5389404016906356,31564.5,31564.5,409285.66,-55219.27,15850.03,0.039387,23.14,31,,
2026-06-02T07:14:15 ET,2026-06-02T07:10:00 ET,2026-06-02,Tue,0714ET,2026-06-04,30521.0,742.74,30528.3,NEAR_FLIP,EXPANSION,,,9.85,11.9,15.23,18.76,31637.03,770.0,1116.0299999999988,3.6565970970806947,297964.03,297964.03,4770628.65,-271687.74,197504.34,0.86003,366.0,167,,
2026-06-02T07:14:15 ET,2026-06-02T07:10:00 ET,2026-06-02,Tue,0714ET,2026-06-02,30521.0,742.74,30528.3,NEAR_FLIP,EXPANSION,,,9.85,11.9,15.23,18.76,31641.18,770.0,1120.1800000000003,3.670194292454377,458071.63,458071.63,4668251.3,-1658348.03,197132.03,0.254779,222.02,865,,
2026-06-02T07:14:15 ET,2026-06-02T07:10:00 ET,2026-06-02,Tue,0714ET,2026-06-03,30521.0,742.74,30528.3,NEAR_FLIP,EXPANSION,,,9.85,11.9,15.23,18.76,31642.22,770.0,1121.2200000000012,3.6736017823793494,490909.51,490909.51,6698662.78,-890632.3,233100.47,0.423146,354.78,660,,
2026-06-02T07:14:15 ET,2026-06-02T07:10:00 ET,2026-06-02,Tue,0714ET,2026-06-04,30521.0,742.74,30528.3,NEAR_FLIP,EXPANSION,,,9.85,11.9,15.23,18.76,31678.12,771.0,1157.119999999999,3.7912257134432,63956.54,63956.54,1030616.67,-60404.91,43444.21,0.178453,80.9,38,,
2026-06-02T07:14:15 ET,2026-06-02T07:10:00 ET,2026-06-02,Tue,0714ET,2026-06-02,30521.0,742.74,30528.3,NEAR_FLIP,EXPANSION,,,9.85,11.9,15.23,18.76,31682.27,771.0,1161.2700000000004,3.8048229088168815,283755.96,283755.96,2907696.09,-1064254.36,125276.61,0.150882,141.72,575,,
2026-06-02T07:14:15 ET,2026-06-02T07:10:00 ET,2026-06-02,Tue,0714ET,2026-06-03,30521.0,742.74,30528.3,NEAR_FLIP,EXPANSION,,,9.85,11.9,15.23,18.76,31683.31,771.0,1162.3100000000013,3.808230398741854,3865.2,3865.2,49945.61,-7266.91,2100.94,0.004955,3.06,4,,
2026-06-02T07:14:15 ET,2026-06-02T07:10:00 ET,2026-06-02,Tue,0714ET,2026-06-04,30521.0,742.74,30528.3,NEAR_FLIP,EXPANSION,,,9.85,11.9,15.23,18.76,31719.21,772.0,1198.2099999999991,3.9258543298057043,3639.44,3639.44,56855.17,-3557.13,2705.36,0.012015,4.92,2,,
2026-06-02T07:14:15 ET,2026-06-02T07:10:00 ET,2026-06-02,Tue,0714ET,2026-06-02,30521.0,742.74,30528.3,NEAR_FLIP,EXPANSION,,,9.85,11.9,15.23,18.76,31723.36,772.0,1202.3600000000006,3.9394515251793867,1392.61,1392.61,14330.59,-5404.42,631.43,0.000715,0.72,3,,
2026-06-02T07:14:15 ET,2026-06-02T07:10:00 ET,2026-06-02,Tue,0714ET,2026-06-03,30521.0,742.74,30528.3,NEAR_FLIP,EXPANSION,,,9.85,11.9,15.23,18.76,31724.4,772.0,1203.4000000000015,3.9428590151043594,135437.21,135437.21,1904141.51,-263336.96,65313.46,0.092656,101.87,233,,
2026-06-02T07:14:15 ET,2026-06-02T07:10:00 ET,2026-06-02,Tue,0714ET,2026-06-04,30521.0,742.74,30528.3,NEAR_FLIP,EXPANSION,,,9.85,11.9,15.23,18.76,31760.29,773.0,1239.2900000000009,4.060450181842013,772949.38,772949.38,13530691.57,-780000.98,484339.66,1.322247,962.56,691,,
2026-06-02T07:14:15 ET,2026-06-02T07:10:00 ET,2026-06-02,Tue,0714ET,2026-06-02,30521.0,742.74,30528.3,NEAR_FLIP,EXPANSION,,,9.85,11.9,15.23,18.76,31764.46,773.0,1243.4599999999991,4.074112905868088,19454.14,19454.14,189925.9,-78050.87,10046.14,0.015386,10.91,31,,
2026-06-02T07:14:15 ET,2026-06-02T07:10:00 ET,2026-06-02,Tue,0714ET,2026-06-03,30521.0,742.74,30528.3,NEAR_FLIP,EXPANSION,,,9.85,11.9,15.23,18.76,31765.5,773.0,1244.5,4.07752039579306,20045.37,20045.37,276924.38,-40283.66,10321.11,0.015779,15.86,32,,
2026-06-02T07:14:15 ET,2026-06-02T07:10:00 ET,2026-06-02,Tue,0714ET,2026-06-04,30521.0,742.74,30528.3,NEAR_FLIP,EXPANSION,,,9.85,11.9,15.23,18.76,31801.38,774.0,1280.380000000001,4.195078798204518,5893.48,5893.48,101268.47,-6139.96,3944.76,0.011348,7.72,5,,
2026-06-02T07:14:15 ET,2026-06-02T07:10:00 ET,2026-06-02,Tue,0714ET,2026-06-02,30521.0,742.74,30528.3,NEAR_FLIP,EXPANSION,,,9.85,11.9,15.23,18.76,31805.55,774.0,1284.5499999999993,4.208741522230593,478661.07,478661.07,4787380.39,-1982377.0,244174.91,0.312769,270.56,912,,
2026-06-02T07:14:15 ET,2026-06-02T07:10:00 ET,2026-06-02,Tue,0714ET,2026-06-03,30521.0,742.74,30528.3,NEAR_FLIP,EXPANSION,,,9.85,11.9,15.23,18.76,31806.59,774.0,1285.5900000000001,4.212149012155566,15414.06,15414.06,222068.65,-31971.09,7587.74,0.00865,12.07,33,,
2026-06-02T07:14:15 ET,2026-06-02T07:10:00 ET,2026-06-02,Tue,0714ET,2026-06-04,30521.0,742.74,30528.3,NEAR_FLIP,EXPANSION,,,9.85,11.9,15.23,18.76,31842.47,775.0,1321.4700000000012,4.329707414567023,87786.28,87786.28,1554575.93,-94291.96,57414.76,0.139784,115.13,88,,
2026-06-02T07:14:15 ET,2026-06-02T07:10:00 ET,2026-06-02,Tue,0714ET,2026-06-02,30521.0,742.74,30528.3,NEAR_FLIP,EXPANSION,,,9.85,11.9,15.23,18.76,31846.64,775.0,1325.6399999999994,4.343370138593098,550142.59,550142.59,5689401.03,-2349416.15,272205.92,0.271934,310.15,1344,,
2026-06-02T07:14:15 ET,2026-06-02T07:10:00 ET,2026-06-02,Tue,0714ET,2026-06-03,30521.0,742.74,30528.3,NEAR_FLIP,EXPANSION,,,9.85,11.9,15.23,18.76,31847.69,775.0,1326.6899999999987,4.346810392844267,29974.96,29974.96,438298.48,-64113.21,14811.78,0.014843,23.86,73,,
2026-06-02T07:14:15 ET,2026-06-02T07:10:00 ET,2026-06-02,Tue,0714ET,2026-06-04,30521.0,742.74,30528.3,NEAR_FLIP,EXPANSION,,,9.85,11.9,15.23,18.76,32047.9,780.0,1526.9000000000015,5.002784967727143,377920.04,377920.04,7286280.22,-466863.92,244239.75,0.332749,524.5,677,,
2026-06-02T07:14:15 ET,2026-06-02T07:10:00 ET,2026-06-02,Tue,0714ET,2026-06-02,30521.0,742.74,30528.3,NEAR_FLIP,EXPANSION,,,9.85,11.9,15.23,18.76,32052.1,780.0,1531.0999999999985,5.0165459847318195,111203.33,111203.33,1145636.35,-546849.15,63879.81,0.057217,72.5,303,,
2026-06-02T07:14:15 ET,2026-06-02T07:10:00 ET,2026-06-02,Tue,0714ET,2026-06-03,30521.0,742.74,30528.3,NEAR_FLIP,EXPANSION,,,9.85,11.9,15.23,18.76,32053.15,780.0,1532.1500000000015,5.019986238983,53024.8,53024.8,769907.49,-130570.45,30606.73,0.028091,48.98,141,,
2026-06-02T07:14:15 ET,2026-06-02T07:10:00 ET,2026-06-02,Tue,0714ET,2026-06-04,30521.0,742.74,30528.3,NEAR_FLIP,EXPANSION,,,9.85,11.9,15.23,18.76,32253.34,785.0,1732.3400000000001,5.67589528521346,76046.52,76046.52,1582263.41,-106125.19,48371.34,0.0362,110.63,248,,
2026-06-02T07:14:15 ET,2026-06-02T07:10:00 ET,2026-06-02,Tue,0714ET,2026-06-02,30521.0,742.74,30528.3,NEAR_FLIP,EXPANSION,,,9.85,11.9,15.23,18.76,32257.57,785.0,1736.5699999999997,5.689754595196749,91042.4,91042.4,908727.11,-506394.72,62764.08,0.061435,69.32,227,,
2026-06-02T07:14:15 ET,2026-06-02T07:10:00 ET,2026-06-02,Tue,0714ET,2026-06-03,30521.0,742.74,30528.3,NEAR_FLIP,EXPANSION,,,9.85,11.9,15.23,18.76,32258.62,785.0,1737.619999999999,5.693194849447917,109969.68,109969.68,1736766.56,-305997.2,61476.37,0.027004,105.61,611,,
2026-06-02T07:14:15 ET,2026-06-02T07:10:00 ET,2026-06-02,Tue,0714ET,2026-06-04,30521.0,742.74,30528.3,NEAR_FLIP,EXPANSION,,,9.85,11.9,15.23,18.76,32458.77,790.0,1937.7700000000004,6.34897283837358,13658.59,13658.59,269497.83,-21254.45,10700.7,0.010192,23.39,35,,
2026-06-02T07:14:15 ET,2026-06-02T07:10:00 ET,2026-06-02,Tue,0714ET,2026-06-02,30521.0,742.74,30528.3,NEAR_FLIP,EXPANSION,,,9.85,11.9,15.23,18.76,32463.03,790.0,1942.0299999999988,6.36293044133547,186793.57,186793.57,1787952.11,-1158978.43,155268.39,0.176079,165.48,402,,
2026-06-02T07:14:15 ET,2026-06-02T07:10:00 ET,2026-06-02,Tue,0714ET,2026-06-03,30521.0,742.74,30528.3,NEAR_FLIP,EXPANSION,,,9.85,11.9,15.23,18.76,32464.09,790.0,1943.0900000000001,6.366403459912847,2422.89,2422.89,39139.22,-7514.85,1449.21,0.000476,2.54,18,,
2026-06-02T07:14:15 ET,2026-06-02T07:10:00 ET,2026-06-02,Tue,0714ET,2026-06-02,30521.0,742.74,30528.3,NEAR_FLIP,EXPANSION,,,9.85,11.9,15.23,18.76,32668.49,795.0,2147.4900000000016,7.036106287474203,547.35,547.35,4995.7,-3746.73,548.01,0.000732,0.56,1,,
2026-06-02T07:14:15 ET,2026-06-02T07:10:00 ET,2026-06-02,Tue,0714ET,2026-06-04,30521.0,742.74,30528.3,NEAR_FLIP,EXPANSION,,,9.85,11.9,15.23,18.76,32869.64,800.0,2348.6399999999994,7.695160709020017,4027.8099999999995,5798.49,90032.1,-10850.35,-738511.5900000001,-0.159241,10.389999999999999,49,,
2026-06-02T07:14:15 ET,2026-06-02T07:10:00 ET,2026-06-02,Tue,0714ET,2026-06-02,30521.0,742.74,30528.3,NEAR_FLIP,EXPANSION,,,9.85,11.9,15.23,18.76,32873.95,800.0,2352.949999999997,7.709282133612913,-640.8200000000002,1922.44,-5561.66,-14388.66,-146239.84,-0.228712,2.27,3,,
2026-06-02T07:14:15 ET,2026-06-02T07:10:00 ET,2026-06-02,Tue,0714ET,2026-06-03,30521.0,742.74,30528.3,NEAR_FLIP,EXPANSION,,,9.85,11.9,15.23,18.76,32875.03,800.0,2354.029999999999,7.712820680842694,-56.260000000000005,281.28000000000003,-979.8600000000001,-1050.04,-222645.82,-0.030568,0.33,5,,
2026-06-02T07:14:15 ET,2026-06-02T07:10:00 ET,2026-06-02,Tue,0714ET,2026-06-03,30521.0,742.74,30528.3,NEAR_FLIP,EXPANSION,,,9.85,11.9,15.23,18.76,33080.5,805.0,2559.5,8.386029291307624,113.17,113.17,1955.26,-457.99,78.08,1.1e-05,0.14,2,,
2026-06-02T07:14:15 ET,2026-06-02T07:10:00 ET,2026-06-02,Tue,0714ET,2026-06-04,30521.0,742.74,30528.3,NEAR_FLIP,EXPANSION,,,9.85,11.9,15.23,18.76,33280.52,810.0,2759.519999999997,9.04138134399265,134.54,134.54,2956.97,-293.98,121.9,4e-05,0.29,1,,
2026-06-02T07:14:15 ET,2026-06-02T07:10:00 ET,2026-06-02,Tue,0714ET,2026-06-02,30521.0,742.74,30528.3,NEAR_FLIP,EXPANSION,,,9.85,11.9,15.23,18.76,33490.34,815.0,2969.3399999999965,9.728842436355285,4591.0,4591.0,34219.62,-43155.75,9127.16,0.020453,7.92,5,,
2026-06-02T07:14:15 ET,2026-06-02T07:10:00 ET,2026-06-02,Tue,0714ET,AGGREGATE,30521.0,742.74,30528.3,NEAR_FLIP,EXPANSION,,,9.85,11.9,15.23,18.76,27528.33,670.0,-2992.6699999999983,-9.805281609383696,-207205.09999999998,245668.32,3198081.61,623860.3200000001,1819577.7800000003,2.754953,890.99,396,,
2026-06-02T07:14:15 ET,2026-06-02T07:10:00 ET,2026-06-02,Tue,0714ET,AGGREGATE,30521.0,742.74,30528.3,NEAR_FLIP,EXPANSION,,,9.85,11.9,15.23,18.76,27531.94,670.0,-2989.0600000000013,-9.793453687624918,-995950.17,1065233.67,4983066.53,10677754.27,-2433852.69,-8.573781,2927.7,738,,
2026-06-02T07:14:15 ET,2026-06-02T07:10:00 ET,2026-06-02,Tue,0714ET,AGGREGATE,30521.0,742.74,30528.3,NEAR_FLIP,EXPANSION,,,9.85,11.9,15.23,18.76,27532.84,670.0,-2988.16,-9.790504898266766,-227367.27,278075.08999999997,2264006.67,1411117.93,1665110.07,3.323653,778.74,340,,
2026-06-02T07:14:15 ET,2026-06-02T07:10:00 ET,2026-06-02,Tue,0714ET,AGGREGATE,30521.0,742.74,30528.3,NEAR_FLIP,EXPANSION,,,9.85,11.9,15.23,18.76,27569.41,671.0,-2951.59,-9.670685757347401,-1880.66,1880.66,29073.39,4707.47,-3635.05,-0.005561,6.71,3,,
2026-06-02T07:14:15 ET,2026-06-02T07:10:00 ET,2026-06-02,Tue,0714ET,AGGREGATE,30521.0,742.74,30528.3,NEAR_FLIP,EXPANSION,,,9.85,11.9,15.23,18.76,27573.03,671.0,-2947.970000000001,-9.658825071262413,-158387.27,158387.27,800448.56,1566051.74,-608987.61,-2.159692,425.12,109,,
2026-06-02T07:14:15 ET,2026-06-02T07:10:00 ET,2026-06-02,Tue,0714ET,AGGREGATE,30521.0,742.74,30528.3,NEAR_FLIP,EXPANSION,,,9.85,11.9,15.23,18.76,27573.93,671.0,-2947.0699999999997,-9.655876281904261,-10674.83,20528.510000000002,106768.91,102696.95,399592.04000000004,0.800799,56.42,25,,
2026-06-02T07:14:15 ET,2026-06-02T07:10:00 ET,2026-06-02,Tue,0714ET,AGGREGATE,30521.0,742.74,30528.3,NEAR_FLIP,EXPANSION,,,9.85,11.9,15.23,18.76,27610.5,672.0,-2910.5,-9.536057140984894,-8241.0,8241.0,127582.78,20328.74,-15663.69,-0.024234,28.95,13,,
2026-06-02T07:14:15 ET,2026-06-02T07:10:00 ET,2026-06-02,Tue,0714ET,AGGREGATE,30521.0,742.74,30528.3,NEAR_FLIP,EXPANSION,,,9.85,11.9,15.23,18.76,27614.12,672.0,-2906.880000000001,-9.524196454899908,-482665.99,497292.23,2463827.25,4849018.949999999,-1485484.14,-5.302618000000001,1303.2,340,,
2026-06-02T07:14:15 ET,2026-06-02T07:10:00 ET,2026-06-02,Tue,0714ET,AGGREGATE,30521.0,742.74,30528.3,NEAR_FLIP,EXPANSION,,,9.85,11.9,15.23,18.76,27615.03,672.0,-2905.970000000001,-9.521214901215561,16494.38,29689.88,-165693.40999999997,146392.78,2014487.8399999999,4.054714,80.09,36,,
2026-06-02T07:14:15 ET,2026-06-02T07:10:00 ET,2026-06-02,Tue,0714ET,AGGREGATE,30521.0,742.74,30528.3,NEAR_FLIP,EXPANSION,,,9.85,11.9,15.23,18.76,27651.59,673.0,-2869.41,-9.401428524622391,-7698.3,7698.3,119332.66,18710.65,-14390.02,-0.02253,26.61,12,,
2026-06-02T07:14:15 ET,2026-06-02T07:10:00 ET,2026-06-02,Tue,0714ET,AGGREGATE,30521.0,742.74,30528.3,NEAR_FLIP,EXPANSION,,,9.85,11.9,15.23,18.76,27655.21,673.0,-2865.790000000001,-9.389567838537403,-1274745.74,1283577.7,6572535.23,12340254.36,-4430416.06,-15.916212999999999,3283.5800000000004,872,,
2026-06-02T07:14:15 ET,2026-06-02T07:10:00 ET,2026-06-02,Tue,0714ET,AGGREGATE,30521.0,742.74,30528.3,NEAR_FLIP,EXPANSION,,,9.85,11.9,15.23,18.76,27656.12,673.0,-2864.880000000001,-9.386586284853056,-18229.92,18229.92,183902.59,88576.21,-39170.12,-0.079215,48.26,22,,
2026-06-02T07:14:15 ET,2026-06-02T07:10:00 ET,2026-06-02,Tue,0714ET,AGGREGATE,30521.0,742.74,30528.3,NEAR_FLIP,EXPANSION,,,9.85,11.9,15.23,18.76,27692.68,674.0,-2828.3199999999997,-9.266799908259886,-4548.13,4548.13,70578.6,10889.29,-8361.7,-0.013259,15.47,7,,
2026-06-02T07:14:15 ET,2026-06-02T07:10:00 ET,2026-06-02,Tue,0714ET,AGGREGATE,30521.0,742.74,30528.3,NEAR_FLIP,EXPANSION,,,9.85,11.9,15.23,18.76,27696.31,674.0,-2824.6899999999987,-9.25490645784869,-1019064.0800000001,1022026.48,5307023.39,9685563.190000001,-3521983.72,-12.731804,2551.6299999999997,690,,
2026-06-02T07:14:15 ET,2026-06-02T07:10:00 ET,2026-06-02,Tue,0714ET,AGGREGATE,30521.0,742.74,30528.3,NEAR_FLIP,EXPANSION,,,9.85,11.9,15.23,18.76,27697.21,674.0,-2823.790000000001,-9.25195766849055,-13326.61,13326.61,134990.37,63794.18,-28023.53,-0.056966,34.61,16,,
2026-06-02T07:14:15 ET,2026-06-02T07:10:00 ET,2026-06-02,Tue,0714ET,AGGREGATE,30521.0,742.74,30528.3,NEAR_FLIP,EXPANSION,,,9.85,11.9,15.23,18.76,27733.76,675.0,-2787.2400000000016,-9.132204056223589,-65859.24,82982.64,1022945.15,195673.44,815493.6,1.310771,277.81,126,,
2026-06-02T07:14:15 ET,2026-06-02T07:10:00 ET,2026-06-02,Tue,0714ET,AGGREGATE,30521.0,742.74,30528.3,NEAR_FLIP,EXPANSION,,,9.85,11.9,15.23,18.76,27737.4,675.0,-2783.5999999999985,-9.120277841486185,-830062.8,874769.96,4366101.52,8169885.54,-1872828.0299999998,-6.811507000000001,2131.01,587,,
2026-06-02T07:14:15 ET,2026-06-02T07:10:00 ET,2026-06-02,Tue,0714ET,AGGREGATE,30521.0,742.74,30528.3,NEAR_FLIP,EXPANSION,,,9.85,11.9,15.23,18.76,27738.31,675.0,-2782.6899999999987,-9.117296287801837,-137365.62,187621.34000000003,1396960.5899999999,884662.48,1842104.48,3.765634,478.12,224,,
2026-06-02T07:14:15 ET,2026-06-02T07:10:00 ET,2026-06-02,Tue,0714ET,AGGREGATE,30521.0,742.74,30528.3,NEAR_FLIP,EXPANSION,,,9.85,11.9,15.23,18.76,27774.85,676.0,-2746.1500000000015,-8.997575439861084,-11358.6,11358.6,176551.7,26372.44,-20207.65,-0.032952,37.42,17,,
2026-06-02T07:14:15 ET,2026-06-02T07:10:00 ET,2026-06-02,Tue,0714ET,AGGREGATE,30521.0,742.74,30528.3,NEAR_FLIP,EXPANSION,,,9.85,11.9,15.23,18.76,27778.49,676.0,-2742.5099999999984,-8.98564922512368,-1049380.71,1049380.71,5574953.79,9656296.85,-3476137.43,-12.718079,2493.82,700,,
2026-06-02T07:14:15 ET,2026-06-02T07:10:00 ET,2026-06-02,Tue,0714ET,AGGREGATE,30521.0,742.74,30528.3,NEAR_FLIP,EXPANSION,,,9.85,11.9,15.23,18.76,27779.4,676.0,-2741.5999999999985,-8.982667671439332,-10112.6,10112.6,103236.15,46956.36,-20367.2,-0.041889,25.28,12,,
2026-06-02T07:14:15 ET,2026-06-02T07:10:00 ET,2026-06-02,Tue,0714ET,AGGREGATE,30521.0,742.74,30528.3,NEAR_FLIP,EXPANSION,,,9.85,11.9,15.23,18.76,27815.94,677.0,-2705.0600000000013,-8.862946823498579,-58348.15,62418.950000000004,907399.63,142666.94,113564.98,0.188045,202.35,92,,
2026-06-02T07:14:15 ET,2026-06-02T07:10:00 ET,2026-06-02,Tue,0714ET,AGGREGATE,30521.0,742.74,30528.3,NEAR_FLIP,EXPANSION,,,9.85,11.9,15.23,18.76,27819.58,677.0,-2701.4199999999983,-8.851020608761175,-1133888.7,1145951.34,6084074.11,10387056.09,-3384610.3,-12.455203000000001,2656.08,760,,
2026-06-02T07:14:15 ET,2026-06-02T07:10:00 ET,2026-06-02,Tue,0714ET,AGGREGATE,30521.0,742.74,30528.3,NEAR_FLIP,EXPANSION,,,9.85,11.9,15.23,18.76,27820.49,677.0,-2700.5099999999984,-8.848039055076827,-7634.85,7634.85,78229.32,34903.44,-15049.0,-0.031157,18.72,9,,
2026-06-02T07:14:15 ET,2026-06-02T07:10:00 ET,2026-06-02,Tue,0714ET,AGGREGATE,30521.0,742.74,30528.3,NEAR_FLIP,EXPANSION,,,9.85,11.9,15.23,18.76,27857.02,678.0,-2663.9799999999996,-8.72835097146227,-7585.52,7585.52,118002.13,17063.59,-13065.21,-0.021989,24.2,11,,
2026-06-02T07:14:15 ET,2026-06-02T07:10:00 ET,2026-06-02,Tue,0714ET,AGGREGATE,30521.0,742.74,30528.3,NEAR_FLIP,EXPANSION,,,9.85,11.9,15.23,18.76,27860.68,678.0,-2660.3199999999997,-8.716359228072474,-717251.94,720284.72,3886876.14,6429390.35,-2169575.6300000004,-8.029249,1627.89,475,,
2026-06-02T07:14:15 ET,2026-06-02T07:10:00 ET,2026-06-02,Tue,0714ET,AGGREGATE,30521.0,742.74,30528.3,NEAR_FLIP,EXPANSION,,,9.85,11.9,15.23,18.76,27861.59,678.0,-2659.41,-8.713377674388125,-267440.0,274275.52,2749973.0,1234204.13,-232007.15000000002,-0.483808,659.8100000000001,321,,
2026-06-02T07:14:15 ET,2026-06-02T07:10:00 ET,2026-06-02,Tue,0714ET,AGGREGATE,30521.0,742.74,30528.3,NEAR_FLIP,EXPANSION,,,9.85,11.9,15.23,18.76,27898.11,679.0,-2622.8899999999994,-8.593722355099766,-6314.33,6314.33,98235.86,13976.07,-10703.28,-0.018327,19.82,9,,
2026-06-02T07:14:15 ET,2026-06-02T07:10:00 ET,2026-06-02,Tue,0714ET,AGGREGATE,30521.0,742.74,30528.3,NEAR_FLIP,EXPANSION,,,9.85,11.9,15.23,18.76,27901.77,679.0,-2619.2299999999996,-8.581730611709968,-1469903.55,1552242.55,8044703.53,13641182.62,-2682122.8899999997,-9.981137,3419.9900000000002,1018,,
2026-06-02T07:14:15 ET,2026-06-02T07:10:00 ET,2026-06-02,Tue,0714ET,AGGREGATE,30521.0,742.74,30528.3,NEAR_FLIP,EXPANSION,,,9.85,11.9,15.23,18.76,27902.68,679.0,-2618.3199999999997,-8.578749058025622,-4305.67,9472.49,44422.869999999995,41945.94,204937.57,0.430708,22.35,11,,
2026-06-02T07:14:15 ET,2026-06-02T07:10:00 ET,2026-06-02,Tue,0714ET,AGGREGATE,30521.0,742.74,30528.3,NEAR_FLIP,EXPANSION,,,9.85,11.9,15.23,18.76,27939.2,680.0,-2581.7999999999993,-8.459093738737261,-157197.67,190066.27,2445273.7800000003,413833.76,1391186.33,2.426041,586.98,266,,
2026-06-02T07:14:15 ET,2026-06-02T07:10:00 ET,2026-06-02,Tue,0714ET,AGGREGATE,30521.0,742.74,30528.3,NEAR_FLIP,EXPANSION,,,9.85,11.9,15.23,18.76,27942.86,680.0,-2578.1399999999994,-8.447101995347465,-2382377.6,2627667.44,13167688.33,22728675.8,-1748247.25,-6.541118000000001,5642.62,1714,,
2026-06-02T07:14:15 ET,2026-06-02T07:10:00 ET,2026-06-02,Tue,0714ET,AGGREGATE,30521.0,742.74,30528.3,NEAR_FLIP,EXPANSION,,,9.85,11.9,15.23,18.76,27943.78,680.0,-2577.220000000001,-8.44408767733692,-154584.51,196270.22999999998,1600000.8900000001,855059.15,1419884.08,3.009459,454.17,226,,
2026-06-02T07:14:15 ET,2026-06-02T07:10:00 ET,2026-06-02,Tue,0714ET,AGGREGATE,30521.0,742.74,30528.3,NEAR_FLIP,EXPANSION,,,9.85,11.9,15.23,18.76,27980.29,681.0,-2540.709999999999,-8.324465122374756,-3642.47,3642.47,56638.62,7799.51,-5982.75,-0.010637,11.07,5,,
2026-06-02T07:14:15 ET,2026-06-02T07:10:00 ET,2026-06-02,Tue,0714ET,AGGREGATE,30521.0,742.74,30528.3,NEAR_FLIP,EXPANSION,,,9.85,11.9,15.23,18.76,27983.95,681.0,-2537.0499999999993,-8.31247337898496,-1249910.3,1252992.7,6976522.55,10664603.91,-3478631.49,-13.084465999999999,2621.81,813,,
2026-06-02T07:14:15 ET,2026-06-02T07:10:00 ET,2026-06-02,Tue,0714ET,AGGREGATE,30521.0,742.74,30528.3,NEAR_FLIP,EXPANSION,,,9.85,11.9,15.23,18.76,27984.87,681.0,-2536.130000000001,-8.309459060974413,-8764.47,10517.37,90989.53,45066.28,55250.87000000001,0.11818300000000001,23.869999999999997,12,,
2026-06-02T07:14:15 ET,2026-06-02T07:10:00 ET,2026-06-02,Tue,0714ET,AGGREGATE,30521.0,742.74,30528.3,NEAR_FLIP,EXPANSION,,,9.85,11.9,15.23,18.76,28021.37,682.0,-2499.630000000001,-8.189869270338459,-5948.42,5948.42,92436.74,12522.96,-9619.92,-0.017457,17.78,8,,
2026-06-02T07:14:15 ET,2026-06-02T07:10:00 ET,2026-06-02,Tue,0714ET,AGGREGATE,30521.0,742.74,30528.3,NEAR_FLIP,EXPANSION,,,9.85,11.9,15.23,18.76,28025.05,682.0,-2495.9500000000007,-8.177811998296256,-618137.06,618137.06,3484074.34,5175486.05,-1697767.01,-6.41918,1260.02,399,,
2026-06-02T07:14:15 ET,2026-06-02T07:10:00 ET,2026-06-02,Tue,0714ET,AGGREGATE,30521.0,742.74,30528.3,NEAR_FLIP,EXPANSION,,,9.85,11.9,15.23,18.76,28025.96,682.0,-2495.040000000001,-8.17483044461191,-37177.68,38948.04,387058.55,164102.78999999998,5317.630000000005,0.011487999999999998,86.67,44,,
2026-06-02T07:14:15 ET,2026-06-02T07:10:00 ET,2026-06-02,Tue,0714ET,AGGREGATE,30521.0,742.74,30528.3,NEAR_FLIP,EXPANSION,,,9.85,11.9,15.23,18.76,28062.46,683.0,-2458.540000000001,-8.055240653975954,-87384.37,87384.37,1404065.99,180935.0,-131177.0,-0.215198,248.54,130,,
2026-06-02T07:14:15 ET,2026-06-02T07:10:00 ET,2026-06-02,Tue,0714ET,AGGREGATE,30521.0,742.74,30528.3,NEAR_FLIP,EXPANSION,,,9.85,11.9,15.23,18.76,28066.14,683.0,-2454.8600000000006,-8.043183381933753,-875111.29,875111.29,4980664.0,7205662.24,-2327576.34,-8.845461,1737.37,562,,
2026-06-02T07:14:15 ET,2026-06-02T07:10:00 ET,2026-06-02,Tue,0714ET,AGGREGATE,30521.0,742.74,30528.3,NEAR_FLIP,EXPANSION,,,9.85,11.9,15.23,18.76,28067.06,683.0,-2453.9399999999987,-8.040169063923196,-140471.68,147629.47999999998,1466309.44,611460.89,41235.640000000014,0.09004299999999998,322.1,165,,
2026-06-02T07:14:15 ET,2026-06-02T07:10:00 ET,2026-06-02,Tue,0714ET,AGGREGATE,30521.0,742.74,30528.3,NEAR_FLIP,EXPANSION,,,9.85,11.9,15.23,18.76,28103.55,684.0,-2417.4500000000007,-7.920612037613449,-120485.64,120485.64,1868473.67,244987.44,-189005.77,-0.358565,348.72,155,0.24539503872063065,PUT WALL + VOL SENSITIVE
2026-06-02T07:14:15 ET,2026-06-02T07:10:00 ET,2026-06-02,Tue,0714ET,AGGREGATE,30521.0,742.74,30528.3,NEAR_FLIP,EXPANSION,,,9.85,11.9,15.23,18.76,28107.23,684.0,-2413.7700000000004,-7.908554765571248,-738672.52,741802.48,4244958.33,6005005.42,-1835870.84,-7.011996,1434.0,474,1.0096563769892966,PUT WALL + VOL SENSITIVE
2026-06-02T07:14:15 ET,2026-06-02T07:10:00 ET,2026-06-02,Tue,0714ET,AGGREGATE,30521.0,742.74,30528.3,NEAR_FLIP,EXPANSION,,,9.85,11.9,15.23,18.76,28108.15,684.0,-2412.8499999999985,-7.905540447560691,-13577.17,19008.03,142068.29,77370.18000000001,190571.24,0.42098399999999997,40.660000000000004,21,0.0286034232658977,PUT WALL + VOL SENSITIVE
2026-06-02T07:14:15 ET,2026-06-02T07:10:00 ET,2026-06-02,Tue,0714ET,AGGREGATE,30521.0,742.74,30528.3,NEAR_FLIP,EXPANSION,,,9.85,11.9,15.23,18.76,28144.63,685.0,-2376.369999999999,-7.786016185577141,-193803.8,219283.68,3075172.0999999996,438169.78,861833.06,1.7206340000000002,611.37,297,0.43714942582248,PUT WALL + VOL SENSITIVE
2026-06-02T07:14:15 ET,2026-06-02T07:10:00 ET,2026-06-02,Tue,0714ET,AGGREGATE,30521.0,742.74,30528.3,NEAR_FLIP,EXPANSION,,,9.85,11.9,15.23,18.76,28148.32,685.0,-2372.6800000000003,-7.773926149208743,-1143412.5999999999,1178013.8,6634303.3,9372516.78,-2118991.8400000003,-8.133686,2216.84,749,1.581329364717055,PUT WALL + VOL SENSITIVE
2026-06-02T07:14:15 ET,2026-06-02T07:10:00 ET,2026-06-02,Tue,0714ET,AGGREGATE,30521.0,742.74,30528.3,NEAR_FLIP,EXPANSION,,,9.85,11.9,15.23,18.76,28149.24,685.0,-2371.7599999999984,-7.770911831198187,-443597.74,520585.78,4651916.34,2081807.2,2254730.89,5.043456,1091.72,568,0.8463136333912719,PUT WALL + VOL SENSITIVE
2026-06-02T07:14:15 ET,2026-06-02T07:10:00 ET,2026-06-02,Tue,0714ET,AGGREGATE,30521.0,742.74,30528.3,NEAR_FLIP,EXPANSION,,,9.85,11.9,15.23,18.76,28185.72,686.0,-2335.279999999999,-7.651387569214635,-41479.13,41479.13,659330.75,81402.68,-60203.18,-0.10883,113.07,56,0.08659280022372519,PUT WALL + VOL SENSITIVE
2026-06-02T07:14:15 ET,2026-06-02T07:10:00 ET,2026-06-02,Tue,0714ET,AGGREGATE,30521.0,742.74,30528.3,NEAR_FLIP,EXPANSION,,,9.85,11.9,15.23,18.76,28189.41,686.0,-2331.59,-7.639297532846237,-802925.99,806087.1100000001,4703367.32,6301305.19,-1869785.5099999998,-7.212621,1476.3100000000002,510,1.0857054562685238,PUT WALL + VOL SENSITIVE
2026-06-02T07:14:15 ET,2026-06-02T07:10:00 ET,2026-06-02,Tue,0714ET,AGGREGATE,30521.0,742.74,30528.3,NEAR_FLIP,EXPANSION,,,9.85,11.9,15.23,18.76,28190.34,686.0,-2330.66,-7.636250450509485,-50163.310000000005,52021.21,527086.35,204318.36000000002,-10340.169999999998,-0.02344299999999999,106.94,56,0.08695746412423587,PUT WALL + VOL SENSITIVE
2026-06-02T07:14:15 ET,2026-06-02T07:10:00 ET,2026-06-02,Tue,0714ET,AGGREGATE,30521.0,742.74,30528.3,NEAR_FLIP,EXPANSION,,,9.85,11.9,15.23,18.76,28226.81,687.0,-2294.1899999999987,-7.51675895285213,-10656.56,24076.260000000002,169162.84999999998,46373.89,558834.24,1.146965,65.55,30,0.034986842384390815,PUT WALL + VOL SENSITIVE
2026-06-02T07:14:15 ET,2026-06-02T07:10:00 ET,2026-06-02,Tue,0714ET,AGGREGATE,30521.0,742.74,30528.3,NEAR_FLIP,EXPANSION,,,9.85,11.9,15.23,18.76,28230.51,687.0,-2290.4900000000016,-7.504636152157536,-481274.20999999996,528925.13,2845992.5,4061092.5700000003,-119952.04999999981,-0.46499299999999977,942.5400000000001,333,0.6864415188801305,PUT WALL + VOL SENSITIVE
2026-06-02T07:14:15 ET,2026-06-02T07:10:00 ET,2026-06-02,Tue,0714ET,AGGREGATE,30521.0,742.74,30528.3,NEAR_FLIP,EXPANSION,,,9.85,11.9,15.23,18.76,28231.43,687.0,-2289.5699999999997,-7.501621834146979,-93309.31,93309.31,982124.05,359826.31,-148622.79,-0.341873,188.03,99,0.15777564721299842,PUT WALL + VOL SENSITIVE
2026-06-02T07:14:15 ET,2026-06-02T07:10:00 ET,2026-06-02,Tue,0714ET,AGGREGATE,30521.0,742.74,30528.3,NEAR_FLIP,EXPANSION,,,9.85,11.9,15.23,18.76,28267.89,688.0,-2253.1100000000006,-7.382163100815833,-111184.62,111184.62,1711528.84,210127.48,-164457.87,-0.345939,301.48,129,0.21448132956990232,PUT WALL + VOL SENSITIVE
2026-06-02T07:14:15 ET,2026-06-02T07:10:00 ET,2026-06-02,Tue,0714ET,AGGREGATE,30521.0,742.74,30528.3,NEAR_FLIP,EXPANSION,,,9.85,11.9,15.23,18.76,28271.6,688.0,-2249.4000000000015,-7.370007535795031,-614547.64,755015.68,3668322.3,5691903.5,1564289.2799999998,6.093986000000001,1308.75,473,0.945052984771135,PUT WALL + VOL SENSITIVE
2026-06-02T07:14:15 ET,2026-06-02T07:10:00 ET,2026-06-02,Tue,0714ET,AGGREGATE,30521.0,742.74,30528.3,NEAR_FLIP,EXPANSION,,,9.85,11.9,15.23,18.76,28272.53,688.0,-2248.470000000001,-7.366960453458278,-102434.75,104349.41,1079745.0499999998,394962.85000000003,-88505.96999999999,-0.20678799999999997,206.1,109,0.17353317698112072,PUT WALL + VOL SENSITIVE
2026-06-02T07:14:15 ET,2026-06-02T07:10:00 ET,2026-06-02,Tue,0714ET,AGGREGATE,30521.0,742.74,30528.3,NEAR_FLIP,EXPANSION,,,9.85,11.9,15.23,18.76,28308.98,689.0,-2212.0200000000004,-7.247534484453329,-11310.59,11310.59,165650.92,20953.42,-17881.29,-0.044873,31.6,11,0.018996521970184106,PUT WALL + VOL SENSITIVE
2026-06-02T07:14:15 ET,2026-06-02T07:10:00 ET,2026-06-02,Tue,0714ET,AGGREGATE,30521.0,742.74,30528.3,NEAR_FLIP,EXPANSION,,,9.85,11.9,15.23,18.76,28312.69,689.0,-2208.3100000000013,-7.235378919432526,-11529419.68,11539044.899999999,69462283.55,85383112.89,-24955908.84,-97.70634199999999,19451.760000000002,7193,15.321702864797688,PUT WALL + VOL SENSITIVE
2026-06-02T07:14:15 ET,2026-06-02T07:10:00 ET,2026-06-02,Tue,0714ET,AGGREGATE,30521.0,742.74,30528.3,NEAR_FLIP,EXPANSION,,,9.85,11.9,15.23,18.76,28313.62,689.0,-2207.380000000001,-7.232331837095773,-118768.67000000001,184967.61000000002,1253397.55,686929.78,2242687.48,5.328443999999999,358.06,190,0.26335935602942107,PUT WALL + VOL SENSITIVE
2026-06-02T07:14:15 ET,2026-06-02T07:10:00 ET,2026-06-02,Tue,0714ET,AGGREGATE,30521.0,742.74,30528.3,NEAR_FLIP,EXPANSION,,,9.85,11.9,15.23,18.76,28350.07,690.0,-2170.9300000000003,-7.112905868090824,-292325.47,327140.37,4534497.68,594986.27,950156.1400000001,2.16578,848.6400000000001,372,0.594302383344453,PUT WALL + VOL SENSITIVE
2026-06-02T07:14:15 ET,2026-06-02T07:10:00 ET,2026-06-02,Tue,0714ET,AGGREGATE,30521.0,742.74,30528.3,NEAR_FLIP,EXPANSION,,,9.85,11.9,15.23,18.76,28353.78,690.0,-2167.220000000001,-7.10075030307002,-2478186.44,2526557.02,15068142.620000001,18343160.22,-4215605.33,-16.588596000000003,4140.89,1567,3.3132612656961116,PUT WALL + VOL SENSITIVE
2026-06-02T07:14:15 ET,2026-06-02T07:10:00 ET,2026-06-02,Tue,0714ET,AGGREGATE,30521.0,742.74,30528.3,NEAR_FLIP,EXPANSION,,,9.85,11.9,15.23,18.76,28354.71,690.0,-2166.290000000001,-7.097703220733269,-827639.63,851428.07,8742084.83,3101428.39,-383220.93999999994,-0.9270289999999997,1615.3,859,1.3878299974091093,PUT WALL + VOL SENSITIVE
2026-06-02T07:14:15 ET,2026-06-02T07:10:00 ET,2026-06-02,Tue,0714ET,AGGREGATE,30521.0,742.74,30528.3,NEAR_FLIP,EXPANSION,,,9.85,11.9,15.23,18.76,28391.16,691.0,-2129.84,-6.9782772517283185,-72518.76,76304.04,1132392.1300000001,136075.57,44323.93000000001,0.11993499999999999,192.77999999999997,87,0.14250111937147658,PUT WALL + VOL SENSITIVE
2026-06-02T07:14:15 ET,2026-06-02T07:10:00 ET,2026-06-02,Tue,0714ET,AGGREGATE,30521.0,742.74,30528.3,NEAR_FLIP,EXPANSION,,,9.85,11.9,15.23,18.76,28394.88,691.0,-2126.119999999999,-6.966088922381308,-585086.6,617501.38,3589877.5900000003,4397062.67,-516266.56000000006,-2.042097,983.71,381,0.7944643314844688,PUT WALL + VOL SENSITIVE
2026-06-02T07:14:15 ET,2026-06-02T07:10:00 ET,2026-06-02,Tue,0714ET,AGGREGATE,30521.0,742.74,30528.3,NEAR_FLIP,EXPANSION,,,9.85,11.9,15.23,18.76,28395.81,691.0,-2125.1899999999987,-6.963041840044555,-81849.69,81849.69,865056.07,292326.96,-120049.04,-0.29606,152.17,81,0.13288515154880864,PUT WALL + VOL SENSITIVE
2026-06-02T07:14:15 ET,2026-06-02T07:10:00 ET,2026-06-02,Tue,0714ET,AGGREGATE,30521.0,742.74,30528.3,NEAR_FLIP,EXPANSION,,,9.85,11.9,15.23,18.76,28432.24,692.0,-2088.7599999999984,-6.84368139969201,-420386.73,422344.61,6540085.140000001,738122.49,-493911.02999999997,-1.076667,1048.66,467,0.7987185600424249,PUT WALL + VOL SENSITIVE
2026-06-02T07:14:15 ET,2026-06-02T07:10:00 ET,2026-06-02,Tue,0714ET,AGGREGATE,30521.0,742.74,30528.3,NEAR_FLIP,EXPANSION,,,9.85,11.9,15.23,18.76,28435.97,692.0,-2085.029999999999,-6.831460306018802,-4596643.569999999,4625973.45,28456295.19,32295223.59,-8445682.84,-33.586293,7161.11,2839,6.028268075509673,PUT WALL + VOL SENSITIVE
2026-06-02T07:14:15 ET,2026-06-02T07:10:00 ET,2026-06-02,Tue,0714ET,AGGREGATE,30521.0,742.74,30528.3,NEAR_FLIP,EXPANSION,,,9.85,11.9,15.23,18.76,28436.9,692.0,-2084.0999999999985,-6.82841322368205,-66021.43000000001,76337.27,697950.64,267215.29000000004,261645.31,0.65873,139.08,74,0.11535875720446011,PUT WALL + VOL SENSITIVE
2026-06-02T07:14:15 ET,2026-06-02T07:10:00 ET,2026-06-02,Tue,0714ET,AGGREGATE,30521.0,742.74,30528.3,NEAR_FLIP,EXPANSION,,,9.85,11.9,15.23,18.76,28473.33,693.0,-2047.6699999999983,-6.709052783329506,-126260.38,126260.38,1957312.51,216163.71,-167464.7,-0.382249,308.22,135,0.23475519383172727,PUT WALL + VOL SENSITIVE
2026-06-02T07:14:15 ET,2026-06-02T07:10:00 ET,2026-06-02,Tue,0714ET,AGGREGATE,30521.0,742.74,30528.3,NEAR_FLIP,EXPANSION,,,9.85,11.9,15.23,18.76,28477.06,693.0,-2043.9399999999987,-6.696831689656298,-2023593.4,2033424.62,12637971.0,13912272.85,-3647755.59,-14.587188000000001,3058.0299999999997,1241,2.6356799874029098,PUT WALL + VOL SENSITIVE
2026-06-02T07:14:15 ET,2026-06-02T07:10:00 ET,2026-06-02,Tue,0714ET,AGGREGATE,30521.0,742.74,30528.3,NEAR_FLIP,EXPANSION,,,9.85,11.9,15.23,18.76,28477.99,693.0,-2043.0099999999984,-6.693784607319546,-283698.95,285808.23000000004,2998895.14,980168.03,-328401.8,-0.84528,510.23,271,0.45361721437989916,PUT WALL + VOL SENSITIVE
2026-06-02T07:14:15 ET,2026-06-02T07:10:00 ET,2026-06-02,Tue,0714ET,AGGREGATE,30521.0,742.74,30528.3,NEAR_FLIP,EXPANSION,,,9.85,11.9,15.23,18.76,28514.42,694.0,-2006.5800000000017,-6.574424166967012,-390109.91,390109.91,5994328.4,653949.87,-514691.94,-1.237453,940.88,396,0.707857010437311,PUT WALL + VOL SENSITIVE
2026-06-02T07:14:15 ET,2026-06-02T07:10:00 ET,2026-06-02,Tue,0714ET,AGGREGATE,30521.0,742.74,30528.3,NEAR_FLIP,EXPANSION,,,9.85,11.9,15.23,18.76,28518.15,694.0,-2002.8499999999985,-6.562203073293793,-1977763.34,1981059.6199999999,12458829.14,13277615.17,-3568199.13,-14.352637,2893.5699999999997,1202,2.5558758179226473,PUT WALL + VOL SENSITIVE
2026-06-02T07:14:15 ET,2026-06-02T07:10:00 ET,2026-06-02,Tue,0714ET,AGGREGATE,30521.0,742.74,30528.3,NEAR_FLIP,EXPANSION,,,9.85,11.9,15.23,18.76,28519.09,694.0,-2001.9099999999999,-6.5591232266308435,-46433.86,48593.58,490619.35,163202.65000000002,7151.539999999994,0.018848000000000004,85.0,45,0.07409541495927653,PUT WALL + VOL SENSITIVE
2026-06-02T07:14:15 ET,2026-06-02T07:10:00 ET,2026-06-02,Tue,0714ET,AGGREGATE,30521.0,742.74,30528.3,NEAR_FLIP,EXPANSION,,,9.85,11.9,15.23,18.76,28555.5,695.0,-1965.5,-6.439828314930704,-301534.42000000004,316851.64,4594198.09,519839.57,103931.34999999998,0.333477,755.06,305,0.5444674152785414,PUT WALL + VOL SENSITIVE
2026-06-02T07:14:15 ET,2026-06-02T07:10:00 ET,2026-06-02,Tue,0714ET,AGGREGATE,30521.0,742.74,30528.3,NEAR_FLIP,EXPANSION,,,9.85,11.9,15.23,18.76,28559.25,695.0,-1961.75,-6.427541692605092,-3150859.62,3714697.66,20017329.26,24378615.07,6030362.31,24.406664000000003,5268.28,2240,4.504785780810174,PUT WALL + VOL SENSITIVE
2026-06-02T07:14:15 ET,2026-06-02T07:10:00 ET,2026-06-02,Tue,0714ET,AGGREGATE,30521.0,742.74,30528.3,NEAR_FLIP,EXPANSION,,,9.85,11.9,15.23,18.76,28560.18,695.0,-1960.8199999999997,-6.424494610268338,-442976.74000000005,493919.06,4676604.5600000005,1623830.8399999999,1039254.93,2.8088759999999997,846.53,446,0.7311630146825163,PUT WALL + VOL SENSITIVE
2026-06-02T07:14:15 ET,2026-06-02T07:10:00 ET,2026-06-02,Tue,0714ET,AGGREGATE,30521.0,742.74,30528.3,NEAR_FLIP,EXPANSION,,,9.85,11.9,15.23,18.76,28596.59,696.0,-1924.4099999999999,-6.305199698568198,-412702.96,412702.96,6105733.61,662192.19,-557034.38,-1.58045,989.9,355,0.6871160978751972,PUT WALL + VOL SENSITIVE
2026-06-02T07:14:15 ET,2026-06-02T07:10:00 ET,2026-06-02,Tue,0714ET,AGGREGATE,30521.0,742.74,30528.3,NEAR_FLIP,EXPANSION,,,9.85,11.9,15.23,18.76,28600.34,696.0,-1920.6599999999999,-6.292913076242587,-898082.52,904759.72,5752880.64,5811452.58,-1402784.5,-5.714977,1245.59,542,1.1499709029236627,PUT WALL + VOL SENSITIVE
2026-06-02T07:14:15 ET,2026-06-02T07:10:00 ET,2026-06-02,Tue,0714ET,AGGREGATE,30521.0,742.74,30528.3,NEAR_FLIP,EXPANSION,,,9.85,11.9,15.23,18.76,28601.28,696.0,-1919.7200000000012,-6.289833229579638,-174058.21,174058.21,1835303.75,559915.45,-231270.42,-0.642115,292.28,153,0.26568909120742584,PUT WALL + VOL SENSITIVE
2026-06-02T07:14:15 ET,2026-06-02T07:10:00 ET,2026-06-02,Tue,0714ET,AGGREGATE,30521.0,742.74,30528.3,NEAR_FLIP,EXPANSION,,,9.85,11.9,15.23,18.76,28637.68,697.0,-1883.3199999999997,-6.170571082205694,-139195.76,139195.76,2041710.49,218395.85,-186546.16,-0.5559,329.36,114,0.22571094889003634,PUT WALL + VOL SENSITIVE
2026-06-02T07:14:15 ET,2026-06-02T07:10:00 ET,2026-06-02,Tue,0714ET,AGGREGATE,30521.0,742.74,30528.3,NEAR_FLIP,EXPANSION,,,9.85,11.9,15.23,18.76,28641.43,697.0,-1879.5699999999997,-6.158284459880082,-862422.3300000001,896045.03,5569174.649999999,5630434.03,-740582.5699999998,-3.0385449999999996,1197.15,533,1.1177310379303385,PUT WALL + VOL SENSITIVE
2026-06-02T07:14:15 ET,2026-06-02T07:10:00 ET,2026-06-02,Tue,0714ET,AGGREGATE,30521.0,742.74,30528.3,NEAR_FLIP,EXPANSION,,,9.85,11.9,15.23,18.76,28642.37,697.0,-1878.630000000001,-6.1552046132171325,-410917.04000000004,460086.6,4325585.2,1447466.32,959946.0,2.7427319999999993,756.9300000000001,393,0.6589976291391555,PUT WALL + VOL SENSITIVE
2026-06-02T07:14:15 ET,2026-06-02T07:10:00 ET,2026-06-02,Tue,0714ET,AGGREGATE,30521.0,742.74,30528.3,NEAR_FLIP,EXPANSION,,,9.85,11.9,15.23,18.76,28678.77,698.0,-1842.2299999999996,-6.035942465843188,79215.23000000001,273282.73,-1147990.88,419178.66,10192826.22,30.889196,628.0500000000001,223,0.2735772313417463,CALL WALL + VOL SENSITIVE
2026-06-02T07:14:15 ET,2026-06-02T07:10:00 ET,2026-06-02,Tue,0714ET,AGGREGATE,30521.0,742.74,30528.3,NEAR_FLIP,EXPANSION,,,9.85,11.9,15.23,18.76,28682.52,698.0,-1838.4799999999996,-6.023655843517576,-1167181.56,1167181.56,7596468.63,7171286.3,-1865175.48,-7.711315,1512.96,689,1.468679109520509,PUT WALL + VOL SENSITIVE
2026-06-02T07:14:15 ET,2026-06-02T07:10:00 ET,2026-06-02,Tue,0714ET,AGGREGATE,30521.0,742.74,30528.3,NEAR_FLIP,EXPANSION,,,9.85,11.9,15.23,18.76,28683.46,698.0,-1837.5400000000009,-6.020575996854627,-162937.47999999998,167765.26,1711557.97,515942.15,-66113.63,-0.19474600000000003,270.4,139,0.24454748010886831,PUT WALL + VOL SENSITIVE
2026-06-02T07:14:15 ET,2026-06-02T07:10:00 ET,2026-06-02,Tue,0714ET,AGGREGATE,30521.0,742.74,30528.3,NEAR_FLIP,EXPANSION,,,9.85,11.9,15.23,18.76,28719.85,699.0,-1801.1500000000015,-5.901346613806892,-178795.85,178795.85,2586213.51,267860.78,-234593.09,-0.763937,409.82,134,0.27829649200896134,PUT WALL + VOL SENSITIVE
2026-06-02T07:14:15 ET,2026-06-02T07:10:00 ET,2026-06-02,Tue,0714ET,AGGREGATE,30521.0,742.74,30528.3,NEAR_FLIP,EXPANSION,,,9.85,11.9,15.23,18.76,28723.62,699.0,-1797.380000000001,-5.888994462828875,-1894336.27,1901168.87,12422925.97,11415702.74,-2783878.33,-11.60554,2390.36,1113,2.37253660779295,PUT WALL + VOL SENSITIVE
2026-06-02T07:14:15 ET,2026-06-02T07:10:00 ET,2026-06-02,Tue,0714ET,AGGREGATE,30521.0,742.74,30528.3,NEAR_FLIP,EXPANSION,,,9.85,11.9,15.23,18.76,28724.56,699.0,-1796.4399999999987,-5.885914616165914,-693159.2000000001,695652.58,7262302.9799999995,2090263.93,-799638.28,-2.432996,1098.48,558,1.0123817497015848,PUT WALL + VOL SENSITIVE
2026-06-02T07:14:15 ET,2026-06-02T07:10:00 ET,2026-06-02,Tue,0714ET,AGGREGATE,30521.0,742.74,30528.3,NEAR_FLIP,EXPANSION,,,9.85,11.9,15.23,18.76,28760.94,700.0,-1760.0600000000013,-5.766717997444387,-790715.49,869699.5900000001,11451356.35,1272350.54,1041467.0599999998,3.457638,1944.65,638,1.2727566675260227,PUT WALL + VOL SENSITIVE
2026-06-02T07:14:15 ET,2026-06-02T07:10:00 ET,2026-06-02,Tue,0714ET,AGGREGATE,30521.0,742.74,30528.3,NEAR_FLIP,EXPANSION,,,9.85,11.9,15.23,18.76,28764.71,700.0,-1756.2900000000009,-5.75436584646637,-4833324.07,5791715.01,31929092.360000003,33968721.66,12026379.420000002,50.593226,7061.38,3360,6.734672551913038,PUT WALL + VOL SENSITIVE
2026-06-02T07:14:15 ET,2026-06-02T07:10:00 ET,2026-06-02,Tue,0714ET,AGGREGATE,30521.0,742.74,30528.3,NEAR_FLIP,EXPANSION,,,9.85,11.9,15.23,18.76,28765.65,700.0,-1755.3499999999985,-5.751285999803409,-4137394.75,4617390.27,44667364.23,13554016.440000001,8400905.43,27.956476,6937.1,3927,6.626245544587948,PUT WALL + VOL SENSITIVE
2026-06-02T07:14:15 ET,2026-06-02T07:10:00 ET,2026-06-02,Tue,0714ET,AGGREGATE,30521.0,742.74,30528.3,NEAR_FLIP,EXPANSION,,,9.85,11.9,15.23,18.76,28802.03,701.0,-1718.9700000000012,-5.632089381081882,-196982.54,196982.54,2867888.23,281278.56,-243842.84,-0.819769,427.75,143,0.30355784006828995,PUT WALL + VOL SENSITIVE
2026-06-02T07:14:15 ET,2026-06-02T07:10:00 ET,2026-06-02,Tue,0714ET,AGGREGATE,30521.0,742.74,30528.3,NEAR_FLIP,EXPANSION,,,9.85,11.9,15.23,18.76,28805.8,701.0,-1715.2000000000007,-5.6197372301038655,-3414090.0,3414090.0,22712144.84,19547585.07,-4904767.35,-20.840366,4035.4,1961,4.203436128688841,PUT WALL + VOL SENSITIVE
2026-06-02T07:14:15 ET,2026-06-02T07:10:00 ET,2026-06-02,Tue,0714ET,AGGREGATE,30521.0,742.74,30528.3,NEAR_FLIP,EXPANSION,,,9.85,11.9,15.23,18.76,28806.75,701.0,-1714.25,-5.616624619114708,-343309.49,370073.99,3650668.77,1060077.7,309280.26,1.093889,549.87,294,0.5183184158680161,PUT WALL + VOL SENSITIVE
2026-06-02T07:14:15 ET,2026-06-02T07:10:00 ET,2026-06-02,Tue,0714ET,AGGREGATE,30521.0,742.74,30528.3,NEAR_FLIP,EXPANSION,,,9.85,11.9,15.23,18.76,28843.11,702.0,-1677.8899999999994,-5.497493529045573,-144350.77,144350.77,2071410.92,201011.28,-178751.31,-0.642587,310.22,98,0.215258992813888,PUT WALL + VOL SENSITIVE
2026-06-02T07:14:15 ET,2026-06-02T07:10:00 ET,2026-06-02,Tue,0714ET,AGGREGATE,30521.0,742.74,30528.3,NEAR_FLIP,EXPANSION,,,9.85,11.9,15.23,18.76,28846.89,702.0,-1674.1100000000006,-5.48510861374136,-1751431.54,1761992.94,11729373.65,9842672.459999999,-2219940.14,-9.536760999999998,2018.53,1001,2.145636092650167,PUT WALL + VOL SENSITIVE
2026-06-02T07:14:15 ET,2026-06-02T07:10:00 ET,2026-06-02,Tue,0714ET,AGGREGATE,30521.0,742.74,30528.3,NEAR_FLIP,EXPANSION,,,9.85,11.9,15.23,18.76,28847.84,702.0,-1673.1599999999999,-5.481996002752203,-564873.2699999999,570436.87,5979236.210000001,1593843.75,-507073.63,-1.584474,829.52,437,0.8089069053969163,PUT WALL + VOL SENSITIVE
2026-06-02T07:14:15 ET,2026-06-02T07:10:00 ET,2026-06-02,Tue,0714ET,AGGREGATE,30521.0,742.74,30528.3,NEAR_FLIP,EXPANSION,,,9.85,11.9,15.23,18.76,28884.2,703.0,-1636.7999999999993,-5.362864912683069,-330383.18,330383.18,4673078.39,448383.61,-408952.18,-1.570221,702.24,210,0.4788265816709677,PUT WALL + VOL SENSITIVE
2026-06-02T07:14:15 ET,2026-06-02T07:10:00 ET,2026-06-02,Tue,0714ET,AGGREGATE,30521.0,742.74,30528.3,NEAR_FLIP,EXPANSION,,,9.85,11.9,15.23,18.76,28887.99,703.0,-1633.0099999999984,-5.350447233052647,-5094034.0600000005,5147486.68,34330802.6,28036711.68,-5772397.26,-25.10114,5713.9800000000005,2889,6.203175359335898,PUT WALL + VOL SENSITIVE
2026-06-02T07:14:15 ET,2026-06-02T07:10:00 ET,2026-06-02,Tue,0714ET,AGGREGATE,30521.0,742.74,30528.3,NEAR_FLIP,EXPANSION,,,9.85,11.9,15.23,18.76,28888.93,703.0,-1632.0699999999997,-5.347367386389698,-224539.79,253517.11000000002,2369669.39,690493.48,455911.54,1.6718909999999998,361.37,186,0.33334212878749125,PUT WALL + VOL SENSITIVE
2026-06-02T07:14:15 ET,2026-06-02T07:10:00 ET,2026-06-02,Tue,0714ET,AGGREGATE,30521.0,742.74,30528.3,NEAR_FLIP,EXPANSION,,,9.85,11.9,15.23,18.76,28925.29,704.0,-1595.7099999999991,-5.2282362963205635,-594313.13,617754.0299999999,8230300.96,816506.94,-252300.49000000005,-1.0916229999999998,1306.09,362,0.8402835225573085,PUT WALL + VOL SENSITIVE
2026-06-02T07:14:15 ET,2026-06-02T07:10:00 ET,2026-06-02,Tue,0714ET,AGGREGATE,30521.0,742.74,30528.3,NEAR_FLIP,EXPANSION,,,9.85,11.9,15.23,18.76,28929.08,704.0,-1591.9199999999983,-5.215818616690142,-2770275.7,2958091.0,18780721.31,15699481.47,43250.74000000022,0.19062599999999819,3180.97,1638,3.4481474359310518,PUT WALL + VOL SENSITIVE
2026-06-02T07:14:15 ET,2026-06-02T07:10:00 ET,2026-06-02,Tue,0714ET,AGGREGATE,30521.0,742.74,30528.3,NEAR_FLIP,EXPANSION,,,9.85,11.9,15.23,18.76,28930.03,704.0,-1590.9700000000012,-5.212706005700997,-435859.57,441910.41,4548001.5,1172480.3,-346273.4,-1.189966,619.2099999999999,307,0.594836134030716,PUT WALL + VOL SENSITIVE
2026-06-02T07:14:15 ET,2026-06-02T07:10:00 ET,2026-06-02,Tue,0714ET,AGGREGATE,30521.0,742.74,30528.3,NEAR_FLIP,EXPANSION,,,9.85,11.9,15.23,18.76,28966.37,705.0,-1554.630000000001,-5.093640444284266,659999.66,1858198.92,-9092952.71,2390978.03,50534621.31,218.423967,3837.21,1051,1.587554812025127,CALL WALL + VOL SENSITIVE
2026-06-02T07:14:15 ET,2026-06-02T07:10:00 ET,2026-06-02,Tue,0714ET,AGGREGATE,30521.0,742.74,30528.3,NEAR_FLIP,EXPANSION,,,9.85,11.9,15.23,18.76,28970.17,705.0,-1550.8300000000017,-5.081190000327649,-1633319.83,3341798.0300000003,11133651.509999998,17270325.09,30448027.11,136.22043100000002,3480.4,1823,3.1820488982652257,PUT WALL + VOL SENSITIVE
2026-06-02T07:14:15 ET,2026-06-02T07:10:00 ET,2026-06-02,Tue,0714ET,AGGREGATE,30521.0,742.74,30528.3,NEAR_FLIP,EXPANSION,,,9.85,11.9,15.23,18.76,28971.12,705.0,-1549.880000000001,-5.078077389338492,-858154.0800000001,953139.78,8917846.879999999,2461930.5100000002,1178332.67,4.750015,1307.94,633,1.2006536473535028,PUT WALL + VOL SENSITIVE
2026-06-02T07:14:15 ET,2026-06-02T07:10:00 ET,2026-06-02,Tue,0714ET,AGGREGATE,30521.0,742.74,30528.3,NEAR_FLIP,EXPANSION,,,9.85,11.9,15.23,18.76,29007.46,706.0,-1513.5400000000009,-4.959011827921762,-229094.15,285381.05,3154815.99,357214.1,771325.0499999999,3.5611689999999996,576.23,155,0.33752206102769305,PUT WALL + VOL SENSITIVE
2026-06-02T07:14:15 ET,2026-06-02T07:10:00 ET,2026-06-02,Tue,0714ET,AGGREGATE,30521.0,742.74,30528.3,NEAR_FLIP,EXPANSION,,,9.85,11.9,15.23,18.76,29011.26,706.0,-1509.7400000000016,-4.946561383965144,-4745411.21,4868426.590000001,32509397.990000002,24481868.020000003,-3403331.77,-15.481367,4909.5199999999995,2612,5.6536160384899965,PUT WALL + VOL SENSITIVE
2026-06-02T07:14:15 ET,2026-06-02T07:10:00 ET,2026-06-02,Tue,0714ET,AGGREGATE,30521.0,742.74,30528.3,NEAR_FLIP,EXPANSION,,,9.85,11.9,15.23,18.76,29012.21,706.0,-1508.7900000000009,-4.943448772975986,-245097.04,251740.13999999998,2507481.7,632510.8400000001,-127899.02000000002,-0.48667499999999997,340.82,156,0.3174855674668199,PUT WALL + VOL SENSITIVE
2026-06-02T07:14:15 ET,2026-06-02T07:10:00 ET,2026-06-02,Tue,0714ET,AGGREGATE,30521.0,742.74,30528.3,NEAR_FLIP,EXPANSION,,,9.85,11.9,15.23,18.76,29048.55,707.0,-1472.4500000000007,-4.824383211559256,-637189.6,637189.6,8449664.05,774940.54,-790922.68,-3.980465,1296.13,309,0.8172773873531692,PUT WALL + VOL SENSITIVE
2026-06-02T07:14:15 ET,2026-06-02T07:10:00 ET,2026-06-02,Tue,0714ET,AGGREGATE,30521.0,742.74,30528.3,NEAR_FLIP,EXPANSION,,,9.85,11.9,15.23,18.76,29052.36,707.0,-1468.6399999999994,-4.81190000327643,-2481565.79,2823326.95,17076581.909999996,13804636.129999999,3407411.5199999996,15.789352999999998,2756.23,1487,3.109720125341801,PUT WALL + VOL SENSITIVE
2026-06-02T07:14:15 ET,2026-06-02T07:10:00 ET,2026-06-02,Tue,0714ET,AGGREGATE,30521.0,742.74,30528.3,NEAR_FLIP,EXPANSION,,,9.85,11.9,15.23,18.76,29053.31,707.0,-1467.6899999999987,-4.8087873922872735,-646451.74,660424.4199999999,6544351.399999999,1612998.74,-420950.42000000004,-1.7319270000000002,878.39,386,0.8132484111240642,PUT WALL + VOL SENSITIVE
2026-06-02T07:14:15 ET,2026-06-02T07:10:00 ET,2026-06-02,Tue,0714ET,AGGREGATE,30521.0,742.74,30528.3,NEAR_FLIP,EXPANSION,,,9.85,11.9,15.23,18.76,29089.64,708.0,-1431.3600000000006,-4.689754595196752,-148152.75999999998,156619.96,1968229.04,185032.06,-39838.50999999998,-0.20566800000000007,309.02000000000004,74,0.1911075099256144,PUT WALL + VOL SENSITIVE
2026-06-02T07:14:15 ET,2026-06-02T07:10:00 ET,2026-06-02,Tue,0714ET,AGGREGATE,30521.0,742.74,30528.3,NEAR_FLIP,EXPANSION,,,9.85,11.9,15.23,18.76,29093.45,708.0,-1427.5499999999993,-4.677271386913925,-2054458.6,2232770.1,14192596.040000001,10606439.969999999,914363.7200000002,4.325139,2109.64,1152,2.4687422854657024,PUT WALL + VOL SENSITIVE
2026-06-02T07:14:15 ET,2026-06-02T07:10:00 ET,2026-06-02,Tue,0714ET,AGGREGATE,30521.0,742.74,30528.3,NEAR_FLIP,EXPANSION,,,9.85,11.9,15.23,18.76,29094.4,708.0,-1426.5999999999985,-4.674158775924768,-527579.8,910607.02,5292773.22,2160175.13,6742513.83,30.350777,1190.68,500,0.8573617980859951,PUT WALL + VOL SENSITIVE
2026-06-02T07:14:15 ET,2026-06-02T07:10:00 ET,2026-06-02,Tue,0714ET,AGGREGATE,30521.0,742.74,30528.3,NEAR_FLIP,EXPANSION,,,9.85,11.9,15.23,18.76,29130.72,709.0,-1390.2799999999988,-4.555158743160443,-481564.5,481564.5,6224883.9,551953.37,-589027.87,-3.328255,947.74,208,0.5878318275285334,PUT WALL + VOL SENSITIVE
2026-06-02T07:14:15 ET,2026-06-02T07:10:00 ET,2026-06-02,Tue,0714ET,AGGREGATE,30521.0,742.74,30528.3,NEAR_FLIP,EXPANSION,,,9.85,11.9,15.23,18.76,29134.54,709.0,-1386.4599999999991,-4.542642770551421,-1300900.5,2201218.84,9016181.38,10150437.75,14477939.92,70.070719,2012.56,1110,2.069338540125697,PUT WALL + VOL SENSITIVE
2026-06-02T07:14:15 ET,2026-06-02T07:10:00 ET,2026-06-02,Tue,0714ET,AGGREGATE,30521.0,742.74,30528.3,NEAR_FLIP,EXPANSION,,,9.85,11.9,15.23,18.76,29135.5,709.0,-1385.5,-4.539497395236067,-561489.8,608206.2,5536907.65,1400179.65,238859.69999999995,1.1301670000000001,782.9,312,0.6806285427231225,PUT WALL + VOL SENSITIVE
2026-06-02T07:14:15 ET,2026-06-02T07:10:00 ET,2026-06-02,Tue,0714ET,AGGREGATE,30521.0,742.74,30528.3,NEAR_FLIP,EXPANSION,,,9.85,11.9,15.23,18.76,29171.81,710.0,-1349.1899999999987,-4.420530126797939,-5791267.89,10358352.05,72747421.42999999,11509830.87,57906128.44,337.520867,20114.23,4188,8.604776573061743,PUT WALL + VOL SENSITIVE
2026-06-02T07:14:15 ET,2026-06-02T07:10:00 ET,2026-06-02,Tue,0714ET,AGGREGATE,30521.0,742.74,30528.3,NEAR_FLIP,EXPANSION,,,9.85,11.9,15.23,18.76,29175.63,710.0,-1345.369999999999,-4.4080141541889155,-40589383.24,41663467.059999995,282035042.69,186331062.12,-23947979.39,-118.89475199999998,36853.57,20481,45.90413506352776,PUT WALL + VOL SENSITIVE
2026-06-02T07:14:15 ET,2026-06-02T07:10:00 ET,2026-06-02,Tue,0714ET,AGGREGATE,30521.0,742.74,30528.3,NEAR_FLIP,EXPANSION,,,9.85,11.9,15.23,18.76,29176.59,710.0,-1344.4099999999999,-4.4048687788735625,-7699345.16,8078919.08,75307810.78999999,18034849.03,-1694323.25,-8.369655000000002,10169.78,3931,8.984882658060691,PUT WALL + VOL SENSITIVE
2026-06-02T07:14:15 ET,2026-06-02T07:10:00 ET,2026-06-02,Tue,0714ET,AGGREGATE,30521.0,742.74,30528.3,NEAR_FLIP,EXPANSION,,,9.85,11.9,15.23,18.76,29212.9,711.0,-1308.0999999999985,-4.285901510435433,-617127.79,632531.69,7642643.64,680661.57,-558272.3300000001,-3.713406,1220.21,236,0.7104026883833229,PUT WALL + VOL SENSITIVE
2026-06-02T07:14:15 ET,2026-06-02T07:10:00 ET,2026-06-02,Tue,0714ET,AGGREGATE,30521.0,742.74,30528.3,NEAR_FLIP,EXPANSION,,,9.85,11.9,15.23,18.76,29216.73,711.0,-1304.2700000000004,-4.273352773500214,-9739234.63,10057318.790000001,67794713.87,43582185.15,-4515464.950000001,-23.061655999999996,8605.34,4806,10.874650761670667,PUT WALL + VOL SENSITIVE
2026-06-02T07:14:15 ET,2026-06-02T07:10:00 ET,2026-06-02,Tue,0714ET,AGGREGATE,30521.0,742.74,30528.3,NEAR_FLIP,EXPANSION,,,9.85,11.9,15.23,18.76,29217.68,711.0,-1303.3199999999997,-4.270240162511056,-603208.2000000001,730342.88,5804928.510000001,1579306.02,1386631.15,7.3908190000000005,904.75,331,0.727099559701863,PUT WALL + VOL SENSITIVE
2026-06-02T07:14:15 ET,2026-06-02T07:10:00 ET,2026-06-02,Tue,0714ET,AGGREGATE,30521.0,742.74,30528.3,NEAR_FLIP,EXPANSION,,,9.85,11.9,15.23,18.76,29253.98,712.0,-1267.0200000000004,-4.151305658399136,-663878.81,691338.23,8100052.59,719856.64,-475879.9099999999,-3.3943160000000003,1310.1,243,0.7484391717535038,PUT WALL + VOL SENSITIVE
2026-06-02T07:14:15 ET,2026-06-02T07:10:00 ET,2026-06-02,Tue,0714ET,AGGREGATE,30521.0,742.74,30528.3,NEAR_FLIP,EXPANSION,,,9.85,11.9,15.23,18.76,29257.82,712.0,-1263.1800000000003,-4.13872415713771,-2669088.08,2928222.84,18597300.25,12282603.469999999,1596575.9099999997,8.414408000000002,2423.16,1356,3.0293926053534164,PUT WALL + VOL SENSITIVE
2026-06-02T07:14:15 ET,2026-06-02T07:10:00 ET,2026-06-02,Tue,0714ET,AGGREGATE,30521.0,742.74,30528.3,NEAR_FLIP,EXPANSION,,,9.85,11.9,15.23,18.76,29258.78,712.0,-1262.2200000000012,-4.135578781822356,-2797176.72,3049383.9,26579842.5,6381390.4399999995,839519.9900000002,4.647873999999998,3704.21,1296,3.113596904810754,PUT WALL + VOL SENSITIVE
2026-06-02T07:14:15 ET,2026-06-02T07:10:00 ET,2026-06-02,Tue,0714ET,AGGREGATE,30521.0,742.74,30528.3,NEAR_FLIP,EXPANSION,,,9.85,11.9,15.23,18.76,29295.07,713.0,-1225.9300000000003,-4.016677042036632,-716100.0,727863.6799999999,8547299.190000001,732481.92,-747152.27,-5.619329,1363.93,238,0.7772946326550162,PUT WALL + VOL SENSITIVE
2026-06-02T07:14:15 ET,2026-06-02T07:10:00 ET,2026-06-02,Tue,0714ET,AGGREGATE,30521.0,742.74,30528.3,NEAR_FLIP,EXPANSION,,,9.85,11.9,15.23,18.76,29298.91,713.0,-1222.0900000000001,-4.004095540775205,-2804360.3200000003,3206838.66,20252448.43,13010887.93,3812972.3899999997,22.060060999999997,2487.94,1560,3.3344558399463797,PUT WALL + VOL SENSITIVE
2026-06-02T07:14:15 ET,2026-06-02T07:10:00 ET,2026-06-02,Tue,0714ET,AGGREGATE,30521.0,742.74,30528.3,NEAR_FLIP,EXPANSION,,,9.85,11.9,15.23,18.76,29299.87,713.0,-1221.130000000001,-4.000950165459851,-943137.78,1137701.9,8839756.979999999,2301616.1199999996,1725864.4000000001,10.457818,1354.3700000000001,453,1.0665757289034927,PUT WALL + VOL SENSITIVE
2026-06-02T07:14:15 ET,2026-06-02T07:10:00 ET,2026-06-02,Tue,0714ET,AGGREGATE,30521.0,742.74,30528.3,NEAR_FLIP,EXPANSION,,,9.85,11.9,15.23,18.76,29336.16,714.0,-1184.8400000000001,-3.8820484256741263,-3462512.4,3550814.28,40483380.9,3449728.33,-3328133.8200000003,-26.885267,6559.61,1085,3.6601382788243995,PUT WALL + VOL SENSITIVE
2026-06-02T07:14:15 ET,2026-06-02T07:10:00 ET,2026-06-02,Tue,0714ET,AGGREGATE,30521.0,742.74,30528.3,NEAR_FLIP,EXPANSION,,,9.85,11.9,15.23,18.76,29340.0,714.0,-1181.0,-3.8694669244127,-19297045.49,19520135.23,137871982.49,76485416.33999999,-13513945.74,-70.280275,14723.33,8991,20.807534074034358,PUT WALL + VOL SENSITIVE
2026-06-02T07:14:15 ET,2026-06-02T07:10:00 ET,2026-06-02,Tue,0714ET,AGGREGATE,30521.0,742.74,30528.3,NEAR_FLIP,EXPANSION,,,9.85,11.9,15.23,18.76,29340.96,714.0,-1180.0400000000009,-3.8663215490973455,-1947225.1099999999,3186726.81,17826060.590000004,6224811.5600000005,13957474.23,90.65005500000001,3735.46,1174,2.4685858267762546,PUT WALL + VOL SENSITIVE
2026-06-02T07:14:15 ET,2026-06-02T07:10:00 ET,2026-06-02,Tue,0714ET,AGGREGATE,30521.0,742.74,30528.3,NEAR_FLIP,EXPANSION,,,9.85,11.9,15.23,18.76,29377.25,715.0,-1143.75,-3.7474198093116216,-3453976.7199999997,8958871.719999999,38652422.5,8393093.55,49466009.92,406.309974,16221.69,2579,5.100947315115039,PUT WALL + VOL SENSITIVE
2026-06-02T07:14:15 ET,2026-06-02T07:10:00 ET,2026-06-02,Tue,0714ET,AGGREGATE,30521.0,742.74,30528.3,NEAR_FLIP,EXPANSION,,,9.85,11.9,15.23,18.76,29381.1,715.0,-1139.9000000000015,-3.734805543723998,-23904374.200000003,25102283.86,170286475.48,94876938.06,-2990312.6799999997,-10.01709799999999,18336.73,11024,25.636886298353996,PUT WALL + VOL SENSITIVE
2026-06-02T07:14:15 ET,2026-06-02T07:10:00 ET,2026-06-02,Tue,0714ET,AGGREGATE,30521.0,742.74,30528.3,NEAR_FLIP,EXPANSION,,,9.85,11.9,15.23,18.76,29382.06,715.0,-1138.9399999999987,-3.7316601684086326,-3435404.88,4553974.68,30916021.39,8578794.56,9823756.25,68.09492,5246.4800000000005,1556,3.770049667498109,PUT WALL + VOL SENSITIVE
2026-06-02T07:14:15 ET,2026-06-02T07:10:00 ET,2026-06-02,Tue,0714ET,AGGREGATE,30521.0,742.74,30528.3,NEAR_FLIP,EXPANSION,,,9.85,11.9,15.23,18.76,29418.33,716.0,-1102.6699999999983,-3.612823957275313,-949451.05,1058595.07,10533999.97,954808.38,-200759.5199999998,-2.242165999999999,1910.26,280,0.9562136897630004,PUT WALL + VOL SENSITIVE
2026-06-02T07:14:15 ET,2026-06-02T07:10:00 ET,2026-06-02,Tue,0714ET,AGGREGATE,30521.0,742.74,30528.3,NEAR_FLIP,EXPANSION,,,9.85,11.9,15.23,18.76,29422.19,716.0,-1098.8100000000013,-3.600176927361493,-3706332.79,3965557.79,26143476.330000002,14438155.03,484019.88000000035,3.8993280000000006,2818.57,1632,3.8884393371109764,PUT WALL + VOL SENSITIVE
2026-06-02T07:14:15 ET,2026-06-02T07:10:00 ET,2026-06-02,Tue,0714ET,AGGREGATE,30521.0,742.74,30528.3,NEAR_FLIP,EXPANSION,,,9.85,11.9,15.23,18.76,29423.15,716.0,-1097.8499999999985,-3.5970315520461273,-1121707.91,1325455.89,9915070.799999999,2404846.83,1101219.47,8.069552000000002,1499.53,420,1.1267794685482515,PUT WALL + VOL SENSITIVE
2026-06-02T07:14:15 ET,2026-06-02T07:10:00 ET,2026-06-02,Tue,0714ET,AGGREGATE,30521.0,742.74,30528.3,NEAR_FLIP,EXPANSION,,,9.85,11.9,15.23,18.76,29459.42,717.0,-1061.5800000000017,-3.47819534091282,-9043403.51,9286005.430000002,98572747.14,8054042.68,-9177206.719999999,-91.031887,16455.48,2302,8.719426549636617,PUT WALL + VOL SENSITIVE
2026-06-02T07:14:15 ET,2026-06-02T07:10:00 ET,2026-06-02,Tue,0714ET,AGGREGATE,30521.0,742.74,30528.3,NEAR_FLIP,EXPANSION,,,9.85,11.9,15.23,18.76,29463.28,717.0,-1057.7200000000012,-3.465548310998988,-4429915.64,4874134.100000001,30915714.310000002,17070811.44,2184735.67,15.009592999999999,3368.5699999999997,1875,4.567520330490745,PUT WALL + VOL SENSITIVE
2026-06-02T07:14:15 ET,2026-06-02T07:10:00 ET,2026-06-02,Tue,0714ET,AGGREGATE,30521.0,742.74,30528.3,NEAR_FLIP,EXPANSION,,,9.85,11.9,15.23,18.76,29464.25,717.0,-1056.75,-3.462370171357426,-1022476.7499999999,1368877.5299999998,8824160.59,2388647.59,2471619.2699999996,19.808456,1522.08,401,1.044954041056225,PUT WALL + VOL SENSITIVE
2026-06-02T07:14:15 ET,2026-06-02T07:10:00 ET,2026-06-02,Tue,0714ET,AGGREGATE,30521.0,742.74,30528.3,NEAR_FLIP,EXPANSION,,,9.85,11.9,15.23,18.76,29500.51,718.0,-1020.4900000000016,-3.343566724550315,-1980085.05,2468615.95,20854811.5,2055502.6199999999,1235795.1,11.741815999999996,4323.49,569,1.9277311703583149,PUT WALL + VOL SENSITIVE
2026-06-02T07:14:15 ET,2026-06-02T07:10:00 ET,2026-06-02,Tue,0714ET,AGGREGATE,30521.0,742.74,30528.3,NEAR_FLIP,EXPANSION,,,9.85,11.9,15.23,18.76,29504.37,718.0,-1016.630000000001,-3.330919694636483,-11739994.92,12816103.42,80970900.19,43112522.88,3860242.2799999993,27.792603999999997,8604.92,4598,11.652964177675662,PUT WALL + VOL SENSITIVE
2026-06-02T07:14:15 ET,2026-06-02T07:10:00 ET,2026-06-02,Tue,0714ET,AGGREGATE,30521.0,742.74,30528.3,NEAR_FLIP,EXPANSION,,,9.85,11.9,15.23,18.76,29505.34,718.0,-1015.6599999999999,-3.3277415549949207,-2029446.8199999998,2202341.48,17147215.89,3690316.2399999998,-456833.5499999998,-4.594858000000002,2410.4100000000003,594,1.8306935777137083,PUT WALL + VOL SENSITIVE
2026-06-02T07:14:15 ET,2026-06-02T07:10:00 ET,2026-06-02,Tue,0714ET,AGGREGATE,30521.0,742.74,30528.3,NEAR_FLIP,EXPANSION,,,9.85,11.9,15.23,18.76,29541.59,719.0,-979.4099999999999,-3.2089708725140063,-1058004.57,1194062.1300000001,10852717.719999999,952897.1100000001,-381407.85,-4.694734,2065.64,256,0.9689551662113531,PUT WALL + VOL SENSITIVE
2026-06-02T07:14:15 ET,2026-06-02T07:10:00 ET,2026-06-02,Tue,0714ET,AGGREGATE,30521.0,742.74,30528.3,NEAR_FLIP,EXPANSION,,,9.85,11.9,15.23,18.76,29545.47,719.0,-975.5299999999988,-3.1962583139477694,-10759886.700000001,11290131.74,73653356.35,36420270.37,-2237444.6799999997,-15.376402000000006,7323.79,3811,10.172091129827278,PUT WALL + VOL SENSITIVE
2026-06-02T07:14:15 ET,2026-06-02T07:10:00 ET,2026-06-02,Tue,0714ET,AGGREGATE,30521.0,742.74,30528.3,NEAR_FLIP,EXPANSION,,,9.85,11.9,15.23,18.76,29546.43,719.0,-974.5699999999997,-3.1931129386324164,-2143030.25,2689547.8499999996,17698511.88,4320758.77,2484450.25,23.052595999999998,2881.52,673,1.9758335232691597,PUT WALL + VOL SENSITIVE
2026-06-02T07:14:15 ET,2026-06-02T07:10:00 ET,2026-06-02,Tue,0714ET,AGGREGATE,30521.0,742.74,30528.3,NEAR_FLIP,EXPANSION,,,9.85,11.9,15.23,18.76,29582.68,720.0,-938.3199999999997,-3.0743422561515015,-3703515.3599999994,5638252.18,36756545.38,4304994.57,7666113.28,89.68013199999999,9573.17,1131,3.58394730835037,PUT WALL + VOL SENSITIVE
2026-06-02T07:14:15 ET,2026-06-02T07:10:00 ET,2026-06-02,Tue,0714ET,AGGREGATE,30521.0,742.74,30528.3,NEAR_FLIP,EXPANSION,,,9.85,11.9,15.23,18.76,29586.56,720.0,-934.4399999999987,-3.061629697585265,-46695074.59,50395332.09,313641816.13,155601531.3,3929035.980000004,29.654202999999995,31878.99,15571,42.94130088421441,PUT WALL + VOL SENSITIVE
2026-06-02T07:14:15 ET,2026-06-02T07:10:00 ET,2026-06-02,Tue,0714ET,AGGREGATE,30521.0,742.74,30528.3,NEAR_FLIP,EXPANSION,,,9.85,11.9,15.23,18.76,29587.53,720.0,-933.4700000000012,-3.0584515579437146,-3079408.8899999997,7038814.21,24671240.67,10822054.06,27648238.46,284.902239,7368.07,1635,3.6611926934415195,PUT WALL + VOL SENSITIVE
2026-06-02T07:14:15 ET,2026-06-02T07:10:00 ET,2026-06-02,Tue,0714ET,AGGREGATE,30521.0,742.74,30528.3,NEAR_FLIP,EXPANSION,,,9.85,11.9,15.23,18.76,29623.77,721.0,-897.2299999999996,-2.9397136397889962,-1945751.8199999998,2377409.86,18778099.61,1733083.31,46375.54000000004,-0.15869099999999747,3992.18,443,1.6903832121867,PUT WALL + VOL SENSITIVE
2026-06-02T07:14:15 ET,2026-06-02T07:10:00 ET,2026-06-02,Tue,0714ET,AGGREGATE,30521.0,742.74,30528.3,NEAR_FLIP,EXPANSION,,,9.85,11.9,15.23,18.76,29627.65,721.0,-893.3499999999985,-2.92700108122276,-4810982.55,5761402.97,31833358.020000003,16994460.77,5841889.779999999,49.097944000000005,3532.6,1645,4.501468185308566,PUT WALL + VOL SENSITIVE
2026-06-02T07:14:15 ET,2026-06-02T07:10:00 ET,2026-06-02,Tue,0714ET,AGGREGATE,30521.0,742.74,30528.3,NEAR_FLIP,EXPANSION,,,9.85,11.9,15.23,18.76,29628.62,721.0,-892.380000000001,-2.92382294158121,-3191937.61,4058972.57,24708229.03,5959266.99,2828980.04,30.285995,4230.6900000000005,852,2.7103122070363725,PUT WALL + VOL SENSITIVE
2026-06-02T07:14:15 ET,2026-06-02T07:10:00 ET,2026-06-02,Tue,0714ET,AGGREGATE,30521.0,742.74,30528.3,NEAR_FLIP,EXPANSION,,,9.85,11.9,15.23,18.76,29664.85,722.0,-856.1500000000015,-2.8051177877526996,-14145835.73,14599567.57,132169168.80000001,10138866.55,-15666207.55,-221.56374000000002,24259.86,2528,11.4982119768698,PUT WALL + VOL SENSITIVE
2026-06-02T07:14:15 ET,2026-06-02T07:10:00 ET,2026-06-02,Tue,0714ET,AGGREGATE,30521.0,742.74,30528.3,NEAR_FLIP,EXPANSION,,,9.85,11.9,15.23,18.76,29668.74,722.0,-852.2599999999984,-2.792372464860255,-15939692.35,16976253.21,103815418.00999999,47736249.28,-2270869.92,-22.44279800000001,10087.73,4457,13.543157900944818,PUT WALL + VOL SENSITIVE
2026-06-02T07:14:15 ET,2026-06-02T07:10:00 ET,2026-06-02,Tue,0714ET,AGGREGATE,30521.0,742.74,30528.3,NEAR_FLIP,EXPANSION,,,9.85,11.9,15.23,18.76,29669.71,722.0,-851.2900000000009,-2.7891943252187046,-13812677.549999999,14375517.81,104868581.50999999,20115679.84,-10467454.36,-132.990781,14655.57,2789,10.634267753292415,PUT WALL + VOL SENSITIVE
2026-06-02T07:14:15 ET,2026-06-02T07:10:00 ET,2026-06-02,Tue,0714ET,AGGREGATE,30521.0,742.74,30528.3,NEAR_FLIP,EXPANSION,,,9.85,11.9,15.23,18.76,29705.94,723.0,-815.0600000000013,-2.6704891713901944,-1689946.9,2569664.18,15066288.969999999,1696103.0699999998,2049183.9100000001,29.878929999999997,4205.83,415,1.4437556815399124,PUT WALL + VOL SENSITIVE
2026-06-02T07:14:15 ET,2026-06-02T07:10:00 ET,2026-06-02,Tue,0714ET,AGGREGATE,30521.0,742.74,30528.3,NEAR_FLIP,EXPANSION,,,9.85,11.9,15.23,18.76,29709.84,723.0,-811.1599999999999,-2.6577110841715537,-8787962.8,9982794.64,55949195.6,26696438.25,3576693.4800000004,33.988491999999994,5766.14,2383,7.370063377233526,PUT WALL + VOL SENSITIVE
2026-06-02T07:14:15 ET,2026-06-02T07:10:00 ET,2026-06-02,Tue,0714ET,AGGREGATE,30521.0,742.74,30528.3,NEAR_FLIP,EXPANSION,,,9.85,11.9,15.23,18.76,29710.81,723.0,-810.1899999999987,-2.6545329445299917,-4376619.67,4913978.15,32037728.620000005,6537498.859999999,-1392809.2999999998,-20.354176000000002,4932.15,874,3.2938439639248114,PUT WALL + VOL SENSITIVE
2026-06-02T07:14:15 ET,2026-06-02T07:10:00 ET,2026-06-02,Tue,0714ET,AGGREGATE,30521.0,742.74,30528.3,NEAR_FLIP,EXPANSION,,,9.85,11.9,15.23,18.76,29747.03,724.0,-773.9700000000012,-2.5358605550276896,-1555212.93,1923533.8299999998,13367544.34,1203379.6500000001,-428106.34999999986,-7.356222999999996,3118.73,289,1.2028824087080165,PUT WALL + VOL SENSITIVE
2026-06-02T07:14:15 ET,2026-06-02T07:10:00 ET,2026-06-02,Tue,0714ET,AGGREGATE,30521.0,742.74,30528.3,NEAR_FLIP,EXPANSION,,,9.85,11.9,15.23,18.76,29750.93,724.0,-770.0699999999997,-2.5230824678090484,-15399896.860000001,16036999.4,95842503.5,40681233.01,-6258966.96,-72.413617,8999.560000000001,3468,11.92982098259505,PUT WALL + VOL SENSITIVE
2026-06-02T07:14:15 ET,2026-06-02T07:10:00 ET,2026-06-02,Tue,0714ET,AGGREGATE,30521.0,742.74,30528.3,NEAR_FLIP,EXPANSION,,,9.85,11.9,15.23,18.76,29751.9,724.0,-769.0999999999985,-2.5199043281674864,-6557215.8100000005,7455591.07,46355007.57,9406006.06,-2093604.5300000003,-33.08081800000001,7349.84,1218,4.753939800305534,PUT WALL + VOL SENSITIVE
2026-06-02T07:14:15 ET,2026-06-02T07:10:00 ET,2026-06-02,Tue,0714ET,AGGREGATE,30521.0,742.74,30528.3,NEAR_FLIP,EXPANSION,,,9.85,11.9,15.23,18.76,29788.12,725.0,-732.880000000001,-2.401231938665185,-1815910.1300000001,5665141.11,14591127.469999999,3350111.84,12834780.360000001,220.88813900000002,8988.8,796,1.8884929832120096,PUT WALL + VOL SENSITIVE
2026-06-02T07:14:15 ET,2026-06-02T07:10:00 ET,2026-06-02,Tue,0714ET,AGGREGATE,30521.0,742.74,30528.3,NEAR_FLIP,EXPANSION,,,9.85,11.9,15.23,18.76,29792.02,725.0,-728.9799999999996,-2.3884538514465437,-38083306.68,43212380.18,230926836.04,103682783.94999999,7836649.099999998,82.904086,23508.190000000002,8460,29.20519198452171,PUT WALL + VOL SENSITIVE
2026-06-02T07:14:15 ET,2026-06-02T07:10:00 ET,2026-06-02,Tue,0714ET,AGGREGATE,30521.0,742.74,30528.3,NEAR_FLIP,EXPANSION,,,9.85,11.9,15.23,18.76,29793.0,725.0,-728.0,-2.385242947478785,-5900513.99,23746407.049999997,38946692.800000004,28331060.04,77076432.01,1227.153315,22771.72,3588,7.613994591201986,PUT WALL + VOL SENSITIVE
2026-06-02T07:14:15 ET,2026-06-02T07:10:00 ET,2026-06-02,Tue,0714ET,AGGREGATE,30521.0,742.74,30528.3,NEAR_FLIP,EXPANSION,,,9.85,11.9,15.23,18.76,29829.2,726.0,-691.7999999999993,-2.2666360866288757,-1362326.41,1772976.45,10736359.29,987485.1100000001,-354368.74,-6.794153000000001,2796.55,232,0.9791718863417105,PUT WALL + VOL SENSITIVE
2026-06-02T07:14:15 ET,2026-06-02T07:10:00 ET,2026-06-02,Tue,0714ET,AGGREGATE,30521.0,742.74,30528.3,NEAR_FLIP,EXPANSION,,,9.85,11.9,15.23,18.76,29833.11,726.0,-687.8899999999994,-2.2538252350840384,-10289259.6,12070400.6,60672017.75,27305648.279999997,3583839.5600000005,44.57065399999999,6363.27,2130,7.6478278181518515,PUT WALL + VOL SENSITIVE
2026-06-02T07:14:15 ET,2026-06-02T07:10:00 ET,2026-06-02,Tue,0714ET,AGGREGATE,30521.0,742.74,30528.3,NEAR_FLIP,EXPANSION,,,9.85,11.9,15.23,18.76,29834.09,726.0,-686.9099999999999,-2.25061433111628,-2543116.9699999997,3931859.63,16524709.41,4420674.51,3128200.2,53.68820399999999,3731.6099999999997,542,1.8740000818276543,PUT WALL + VOL SENSITIVE
2026-06-02T07:14:15 ET,2026-06-02T07:10:00 ET,2026-06-02,Tue,0714ET,AGGREGATE,30521.0,742.74,30528.3,NEAR_FLIP,EXPANSION,,,9.85,11.9,15.23,18.76,29870.29,727.0,-650.7099999999991,-2.132007470266371,6364243.380000001,15625864.58,-50261317.74,8170260.42,79466568.87,1582.7920689999999,23953.07,1913,6.08593911852667,CALL WALL + VOL SENSITIVE
2026-06-02T07:14:15 ET,2026-06-02T07:10:00 ET,2026-06-02,Tue,0714ET,AGGREGATE,30521.0,742.74,30528.3,NEAR_FLIP,EXPANSION,,,9.85,11.9,15.23,18.76,29874.2,727.0,-646.7999999999993,-2.1191966187215336,-17742936.05,20899428.05,101600717.38,44415365.39,4646782.860000001,63.78832799999998,10663.13,3314,12.59576430299188,PUT WALL + VOL SENSITIVE
2026-06-02T07:14:15 ET,2026-06-02T07:10:00 ET,2026-06-02,Tue,0714ET,AGGREGATE,30521.0,742.74,30528.3,NEAR_FLIP,EXPANSION,,,9.85,11.9,15.23,18.76,29875.18,727.0,-645.8199999999997,-2.115985714753775,-3566902.4000000004,9468767.58,21909979.6,9997601.370000001,18165237.66,345.473973,8791.93,1200,3.2162013700339513,PUT WALL + VOL SENSITIVE
2026-06-02T07:14:15 ET,2026-06-02T07:10:00 ET,2026-06-02,Tue,0714ET,AGGREGATE,30521.0,742.74,30528.3,NEAR_FLIP,EXPANSION,,,9.85,11.9,15.23,18.76,29911.38,728.0,-609.619999999999,-1.997378853903866,-1658561.2999999998,6609917.08,11226648.3,3228969.31,12008688.89,256.490311,10131.779999999999,756,1.6608126841876723,PUT WALL + VOL SENSITIVE
2026-06-02T07:14:15 ET,2026-06-02T07:10:00 ET,2026-06-02,Tue,0714ET,AGGREGATE,30521.0,742.74,30528.3,NEAR_FLIP,EXPANSION,,,9.85,11.9,15.23,18.76,29915.3,728.0,-605.7000000000007,-1.984535238032832,-19840545.53,24117826.47,109156293.0,47952256.86,6394561.34,99.54528100000005,11969.41,3398,13.521252907780184,PUT WALL + VOL SENSITIVE
2026-06-02T07:14:15 ET,2026-06-02T07:10:00 ET,2026-06-02,Tue,0714ET,AGGREGATE,30521.0,742.74,30528.3,NEAR_FLIP,EXPANSION,,,9.85,11.9,15.23,18.76,29916.28,728.0,-604.7200000000012,-1.9813243340650737,-6537349.960000001,14767240.48,38118072.69,14579966.5,20104220.77,417.40664499999997,13539.109999999999,1714,5.114157558810028,PUT WALL + VOL SENSITIVE
2026-06-02T07:14:15 ET,2026-06-02T07:10:00 ET,2026-06-02,Tue,0714ET,AGGREGATE,30521.0,742.74,30528.3,NEAR_FLIP,EXPANSION,,,9.85,11.9,15.23,18.76,29952.46,729.0,-568.5400000000009,-1.8627830018675695,-1891725.9799999995,7469124.72,12175213.560000002,3393419.21,11790289.009999998,269.83120099999996,11299.02,800,1.7863775297609772,PUT WALL + VOL SENSITIVE
2026-06-02T07:14:15 ET,2026-06-02T07:10:00 ET,2026-06-02,Tue,0714ET,AGGREGATE,30521.0,742.74,30528.3,NEAR_FLIP,EXPANSION,,,9.85,11.9,15.23,18.76,29956.39,729.0,-564.6100000000006,-1.849906621670327,-31517252.109999996,41456736.989999995,164837623.13,76753403.56,18638501.78,336.763965,20077.590000000004,5158,20.930405443641863,PUT WALL + VOL SENSITIVE
2026-06-02T07:14:15 ET,2026-06-02T07:10:00 ET,2026-06-02,Tue,0714ET,AGGREGATE,30521.0,742.74,30528.3,NEAR_FLIP,EXPANSION,,,9.85,11.9,15.23,18.76,29957.37,729.0,-563.630000000001,-1.846695717702569,-1992451.58,5785135.66,10946610.95,5316390.4,8899218.129999999,202.360371,5202.79,617,1.6726216476097042,PUT WALL + VOL SENSITIVE
2026-06-02T07:14:15 ET,2026-06-02T07:10:00 ET,2026-06-02,Tue,0714ET,AGGREGATE,30521.0,742.74,30528.3,NEAR_FLIP,EXPANSION,,,9.85,11.9,15.23,18.76,29993.55,730.0,-527.4500000000007,-1.7281543855050645,-6725876.65,19831772.61,41463287.51,8332909.91,20735445.64,508.175622,29644.23,1993,5.211996847032382,PUT WALL + VOL SENSITIVE
2026-06-02T07:14:15 ET,2026-06-02T07:10:00 ET,2026-06-02,Tue,0714ET,AGGREGATE,30521.0,742.74,30528.3,NEAR_FLIP,EXPANSION,,,9.85,11.9,15.23,18.76,29997.48,730.0,-523.5200000000004,-1.7152780053078223,-52765765.76,77163421.7,265109895.8,132330592.57000001,49704866.42,1047.9413670000001,36015.03,8560,34.80470106961098,PUT WALL + VOL SENSITIVE
2026-06-02T07:14:15 ET,2026-06-02T07:10:00 ET,2026-06-02,Tue,0714ET,AGGREGATE,30521.0,742.74,30528.3,NEAR_FLIP,EXPANSION,,,9.85,11.9,15.23,18.76,29998.47,730.0,-522.5299999999988,-1.7120343370138555,-19279364.85,39794049.73,100820464.7,33850194.57,31440771.95,780.00768,35299.15,3901,12.857083573844315,PUT WALL + VOL SENSITIVE
2026-06-02T07:14:15 ET,2026-06-02T07:10:00 ET,2026-06-02,Tue,0714ET,AGGREGATE,30521.0,742.74,30528.3,NEAR_FLIP,EXPANSION,,,9.85,11.9,15.23,18.76,30034.64,731.0,-486.3600000000006,-1.5935257691425595,-3609778.45,5035129.2700000005,20920275.759999998,1943266.15,-2418750.5999999996,-60.918874999999986,7537.49,478,2.048986756338345,PUT WALL + VOL SENSITIVE
2026-06-02T07:14:15 ET,2026-06-02T07:10:00 ET,2026-06-02,Tue,0714ET,AGGREGATE,30521.0,742.74,30528.3,NEAR_FLIP,EXPANSION,,,9.85,11.9,15.23,18.76,30038.57,731.0,-482.4300000000003,-1.5806493889453173,-17381486.77,23472097.029999997,82700411.9,37049663.019999996,6290853.9,146.887317,10670.0,2293,10.353911038208215,PUT WALL + VOL SENSITIVE
2026-06-02T07:14:15 ET,2026-06-02T07:10:00 ET,2026-06-02,Tue,0714ET,AGGREGATE,30521.0,742.74,30528.3,NEAR_FLIP,EXPANSION,,,9.85,11.9,15.23,18.76,30039.56,731.0,-481.4399999999987,-1.5774057206513505,-1696865.3399999999,11296604.4,7770609.849999998,8839265.05,19702473.85,533.3407219999999,9821.21,1020,2.105581448502611,PUT WALL + VOL SENSITIVE
2026-06-02T07:14:15 ET,2026-06-02T07:10:00 ET,2026-06-02,Tue,0714ET,AGGREGATE,30521.0,742.74,30528.3,NEAR_FLIP,EXPANSION,,,9.85,11.9,15.23,18.76,30075.73,732.0,-445.27000000000044,-1.4588971527800545,-7145305.37,11324610.45,38225351.309999995,3985081.3,-3233000.3100000005,-83.826685,16735.06,1014,3.916969818697785,PUT WALL + VOL SENSITIVE
2026-06-02T07:14:15 ET,2026-06-02T07:10:00 ET,2026-06-02,Tue,0714ET,AGGREGATE,30521.0,742.74,30528.3,NEAR_FLIP,EXPANSION,,,9.85,11.9,15.23,18.76,30079.67,732.0,-441.33000000000175,-1.4459880082566159,-24796305.119999997,32795359.36,110825670.86,47295632.65,3021599.329999998,75.18950800000005,14513.69,2821,13.657950449352633,PUT WALL + VOL SENSITIVE
2026-06-02T07:14:15 ET,2026-06-02T07:10:00 ET,2026-06-02,Tue,0714ET,AGGREGATE,30521.0,742.74,30528.3,NEAR_FLIP,EXPANSION,,,9.85,11.9,15.23,18.76,30080.65,732.0,-440.34999999999854,-1.4427771042888455,-439850.1899999995,11703006.17,1337072.4400000013,8360051.68,21607775.560000002,635.561428,10001.619999999999,975,1.5954399672326092,PUT WALL + VOL SENSITIVE
2026-06-02T07:14:15 ET,2026-06-02T07:10:00 ET,2026-06-02,Tue,0714ET,AGGREGATE,30521.0,742.74,30528.3,NEAR_FLIP,EXPANSION,,,9.85,11.9,15.23,18.76,30116.81,733.0,-404.1899999999987,-1.3243013007437459,1305643.4300000002,5462484.27,-6937635.58,1737217.54,12812452.21,375.072254,7857.99,459,1.1309703522085643,CALL WALL + VOL SENSITIVE
2026-06-02T07:14:15 ET,2026-06-02T07:10:00 ET,2026-06-02,Tue,0714ET,AGGREGATE,30521.0,742.74,30528.3,NEAR_FLIP,EXPANSION,,,9.85,11.9,15.23,18.76,30120.76,733.0,-400.2400000000016,-1.3113593918941109,-49597346.550000004,61392155.65,206150130.82999998,80175826.4,-10175564.759999998,-338.8932960000001,26521.64,4648,24.970344520733807,PUT WALL + VOL SENSITIVE
2026-06-02T07:14:15 ET,2026-06-02T07:10:00 ET,2026-06-02,Tue,0714ET,AGGREGATE,30521.0,742.74,30528.3,NEAR_FLIP,EXPANSION,,,9.85,11.9,15.23,18.76,30121.75,733.0,-399.25,-1.3081157236001442,-11356053.92,16799239.8,47705315.11,10854681.97,-4142250.4399999995,-126.84444799999994,14303.53,1300,5.511803530408266,PUT WALL + VOL SENSITIVE
2026-06-02T07:14:15 ET,2026-06-02T07:10:00 ET,2026-06-02,Tue,0714ET,AGGREGATE,30521.0,742.74,30528.3,NEAR_FLIP,EXPANSION,,,9.85,11.9,15.23,18.76,30157.9,734.0,-363.09999999999854,-1.1896726843812409,157476.25999999978,6655273.16,-1071430.33,1890222.8199999998,9740348.98,302.011798,9497.6,531,0.7078605506028092,CALL WALL + VOL SENSITIVE
2026-06-02T07:14:15 ET,2026-06-02T07:10:00 ET,2026-06-02,Tue,0714ET,AGGREGATE,30521.0,742.74,30528.3,NEAR_FLIP,EXPANSION,,,9.85,11.9,15.23,18.76,30161.85,734.0,-359.15000000000146,-1.1767307755316059,-79058168.96000001,87316102.34,303769267.71,102157697.08,-42765242.83,-1565.172601,36751.219999999994,5834,36.23342298873942,PUT WALL + VOL SENSITIVE
2026-06-02T07:14:15 ET,2026-06-02T07:10:00 ET,2026-06-02,Tue,0714ET,AGGREGATE,30521.0,742.74,30528.3,NEAR_FLIP,EXPANSION,,,9.85,11.9,15.23,18.76,30162.84,734.0,-358.15999999999985,-1.1734871072376392,-6378926.95,11994740.21,24436933.04,6935869.65,553134.870000001,22.755712000000017,10004.14,861,3.0836692713392484,PUT WALL + VOL SENSITIVE
2026-06-02T07:14:15 ET,2026-06-02T07:10:00 ET,2026-06-02,Tue,0714ET,AGGREGATE,30521.0,742.74,30528.3,NEAR_FLIP,EXPANSION,,,9.85,11.9,15.23,18.76,30198.99,735.0,-322.0099999999984,-1.0550440680187358,-1905136.7199999988,20497841.32,6420213.640000001,5124654.56,19026468.94,628.4600300000001,29163.85,1564,2.2793450813175,PUT WALL + VOL SENSITIVE
2026-06-02T07:14:15 ET,2026-06-02T07:10:00 ET,2026-06-02,Tue,0714ET,AGGREGATE,30521.0,742.74,30528.3,NEAR_FLIP,EXPANSION,,,9.85,11.9,15.23,18.76,30202.94,735.0,-318.0600000000013,-1.0421021591691009,-193267619.97000003,288045168.07,669108561.3100001,297892060.3,-5504900.75,-210.47181799999998,117838.83,17034,87.56927154112198,PUT WALL + VOL SENSITIVE
2026-06-02T07:14:15 ET,2026-06-02T07:10:00 ET,2026-06-02,Tue,0714ET,AGGREGATE,30521.0,742.74,30528.3,NEAR_FLIP,EXPANSION,,,9.85,11.9,15.23,18.76,30203.93,735.0,-317.0699999999997,-1.0388584908751342,-12058597.240000002,44008721.32,40266650.89,22460092.07,24698523.4,926.71153,36161.1,2947,7.387609658420112,PUT WALL + VOL SENSITIVE
2026-06-02T07:14:15 ET,2026-06-02T07:10:00 ET,2026-06-02,Tue,0714ET,AGGREGATE,30521.0,742.74,30528.3,NEAR_FLIP,EXPANSION,,,9.85,11.9,15.23,18.76,30240.07,736.0,-280.9300000000003,-0.9204482159824393,-2002747.1799999997,9055801.5,6981489.709999999,1957598.8800000001,3930272.620000001,136.84812500000004,12672.2,657,1.2568805250298474,PUT WALL + VOL SENSITIVE
2026-06-02T07:14:15 ET,2026-06-02T07:10:00 ET,2026-06-02,Tue,0714ET,AGGREGATE,30521.0,742.74,30528.3,NEAR_FLIP,EXPANSION,,,9.85,11.9,15.23,18.76,30244.04,736.0,-276.9599999999991,-0.9074407784803877,-44351840.699999996,81869472.03999999,136472856.46,73564234.77,10494060.850000001,509.40249399999993,32569.96,4300,19.914308341339506,PUT WALL + VOL SENSITIVE
2026-06-02T07:14:15 ET,2026-06-02T07:10:00 ET,2026-06-02,Tue,0714ET,AGGREGATE,30521.0,742.74,30528.3,NEAR_FLIP,EXPANSION,,,9.85,11.9,15.23,18.76,30245.03,736.0,-275.97000000000116,-0.9041971101864329,-3930389.2299999995,18900711.61,11261714.500000004,8363958.0200000005,10481153.29,422.86016000000006,15344.47,1188,2.5815978552270007,PUT WALL + VOL SENSITIVE
2026-06-02T07:14:15 ET,2026-06-02T07:10:00 ET,2026-06-02,Tue,0714ET,AGGREGATE,30521.0,742.74,30528.3,NEAR_FLIP,EXPANSION,,,9.85,11.9,15.23,18.76,30281.16,737.0,-239.84000000000015,-0.7858195996199344,-2277044.2399999998,7776693.039999999,6773044.790000001,1417338.55,729202.3200000003,31.57139099999995,10847.41,544,1.1128493560995232,PUT WALL + VOL SENSITIVE
2026-06-02T07:14:15 ET,2026-06-02T07:10:00 ET,2026-06-02,Tue,0714ET,AGGREGATE,30521.0,742.74,30528.3,NEAR_FLIP,EXPANSION,,,9.85,11.9,15.23,18.76,30285.13,737.0,-235.86999999999898,-0.7728121621178827,-45737549.349999994,118188904.03,120592335.82000001,90183746.03,31806940.64,1721.4141279999994,45906.759999999995,5552,21.56215072640282,PUT WALL + VOL SENSITIVE
2026-06-02T07:14:15 ET,2026-06-02T07:10:00 ET,2026-06-02,Tue,0714ET,AGGREGATE,30521.0,742.74,30528.3,NEAR_FLIP,EXPANSION,,,9.85,11.9,15.23,18.76,30286.12,737.0,-234.88000000000102,-0.7695684938239278,-2713822.26,30512478.96,6379772.589999996,11437960.93,20404820.750000004,865.6104249999999,24295.32,1800,2.999708485811052,PUT WALL + VOL SENSITIVE
2026-06-02T07:14:15 ET,2026-06-02T07:10:00 ET,2026-06-02,Tue,0714ET,AGGREGATE,30521.0,742.74,30528.3,NEAR_FLIP,EXPANSION,,,9.85,11.9,15.23,18.76,30322.25,738.0,-198.75,-0.6511909832574293,3557527.530000001,16685103.23,-9747042.43,2477420.81,20458091.24,758.4448639999998,22944.25,1120,2.22102044555396,CALL WALL + VOL SENSITIVE
2026-06-02T07:14:15 ET,2026-06-02T07:10:00 ET,2026-06-02,Tue,0714ET,AGGREGATE,30521.0,742.74,30528.3,NEAR_FLIP,EXPANSION,,,9.85,11.9,15.23,18.76,30326.22,738.0,-194.77999999999884,-0.6381835457553777,-80156373.58000001,144248623.22,180097817.62,90534835.63,-20666833.400000006,-1082.8607869999996,55125.350000000006,6139,28.668361685731412,PUT WALL + VOL SENSITIVE
2026-06-02T07:14:15 ET,2026-06-02T07:10:00 ET,2026-06-02,Tue,0714ET,AGGREGATE,30521.0,742.74,30528.3,NEAR_FLIP,EXPANSION,,,9.85,11.9,15.23,18.76,30327.22,738.0,-193.77999999999884,-0.6349071131352145,-7830554.109999999,34354307.69,16686867.680000003,10553090.24,7538960.380000003,354.69422799999984,27072.09,1925,3.9276088404871263,PUT WALL + VOL SENSITIVE
2026-06-02T07:14:15 ET,2026-06-02T07:10:00 ET,2026-06-02,Tue,0714ET,AGGREGATE,30521.0,742.74,30528.3,NEAR_FLIP,EXPANSION,,,9.85,11.9,15.23,18.76,30363.33,739.0,-157.66999999999825,-0.5165951312211207,-2701582.8000000007,22144496.04,5116393.27,2539512.2,5549197.039999999,225.89547100000004,30273.120000000003,1443,1.8719082295391476,PUT WALL
2026-06-02T07:14:15 ET,2026-06-02T07:10:00 ET,2026-06-02,Tue,0714ET,AGGREGATE,30521.0,742.74,30528.3,NEAR_FLIP,EXPANSION,,,9.85,11.9,15.23,18.76,30367.31,739.0,-153.6899999999987,-0.5035549293928727,131627815.29,290541498.81,-256724927.92,143130221.52,347861943.75,22407.316037999997,106658.78,11141,54.52843520952714,CALL WALL
2026-06-02T07:14:15 ET,2026-06-02T07:10:00 ET,2026-06-02,Tue,0714ET,AGGREGATE,30521.0,742.74,30528.3,NEAR_FLIP,EXPANSION,,,9.85,11.9,15.23,18.76,30368.31,739.0,-152.6899999999987,-0.5002784967727096,-12456277.930000002,32615195.910000004,21774037.210000005,7815010.57,-7164796.900000002,-305.504402,25397.59,1745,4.385160854027208,PUT WALL
2026-06-02T07:14:15 ET,2026-06-02T07:10:00 ET,2026-06-02,Tue,0714ET,AGGREGATE,30521.0,742.74,30528.3,NEAR_FLIP,EXPANSION,,,9.85,11.9,15.23,18.76,30404.42,740.0,-116.58000000000175,-0.38196651485862765,2440572.3000000007,30588685.14,-4289257.700000003,2476209.23,17976740.5,719.1708700000001,41426.270000000004,1938,2.37699981948298,CALL WALL
2026-06-02T07:14:15 ET,2026-06-02T07:10:00 ET,2026-06-02,Tue,0714ET,AGGREGATE,30521.0,742.74,30528.3,NEAR_FLIP,EXPANSION,,,9.85,11.9,15.23,18.76,30408.41,740.0,-112.59000000000015,-0.3688935487041714,-5099405.729999989,327673843.39,-327641.1100000143,117150077.19,118950625.88,8537.663257,118884.08,11694,19.606114718203223,PUT WALL
2026-06-02T07:14:15 ET,2026-06-02T07:10:00 ET,2026-06-02,Tue,0714ET,AGGREGATE,30521.0,742.74,30528.3,NEAR_FLIP,EXPANSION,,,9.85,11.9,15.23,18.76,30409.4,740.0,-111.59999999999854,-0.3656498804102046,-21898325.28,50026488.7,28615712.139999997,8611083.13,-22209235.599999998,-1024.366721,38491.71,2573,6.7235009704236885,PUT WALL
2026-06-02T07:14:15 ET,2026-06-02T07:10:00 ET,2026-06-02,Tue,0714ET,AGGREGATE,30521.0,742.74,30528.3,NEAR_FLIP,EXPANSION,,,9.85,11.9,15.23,18.76,30445.51,741.0,-75.4900000000016,-0.24733789849612267,-1561680.0999999996,13990618.52,1383322.3900000006,660643.1200000001,-22414.52999999933,13.371398999999997,18880.05,871,0.9209241576818735,PUT WALL
2026-06-02T07:14:15 ET,2026-06-02T07:10:00 ET,2026-06-02,Tue,0714ET,AGGREGATE,30521.0,742.74,30528.3,NEAR_FLIP,EXPANSION,,,9.85,11.9,15.23,18.76,30449.5,741.0,-71.5,-0.23426493234166643,2281636.379999995,136974265.06,-4084975.9299999997,30496494.700000003,34874552.06999999,2714.760865,48822.5,4600,6.788313054177983,CALL WALL
2026-06-02T07:14:15 ET,2026-06-02T07:10:00 ET,2026-06-02,Tue,0714ET,AGGREGATE,30521.0,742.74,30528.3,NEAR_FLIP,EXPANSION,,,9.85,11.9,15.23,18.76,30450.5,741.0,-70.5,-0.23098849972150323,116939.88000000268,35476347.82,-502624.1699999999,3715216.67,8752482.169999998,466.30523199999993,27002.559999999998,1769,1.7555701264601955,CALL WALL + VOL SENSITIVE
2026-06-02T07:14:15 ET,2026-06-02T07:10:00 ET,2026-06-02,Tue,0714ET,AGGREGATE,30521.0,742.74,30528.3,NEAR_FLIP,EXPANSION,,,9.85,11.9,15.23,18.76,30486.6,742.0,-34.400000000001455,-0.1127092821336177,-27269306.73,43627794.55,12373544.18,591332.24,-56304187.43000001,-2219.141428,58528.98,2677,6.508591939251214,PUT WALL
2026-06-02T07:14:15 ET,2026-06-02T07:10:00 ET,2026-06-02,Tue,0714ET,AGGREGATE,30521.0,742.74,30528.3,NEAR_FLIP,EXPANSION,,,9.85,11.9,15.23,18.76,30490.59,742.0,-30.409999999999854,-0.09963631597916141,17898727.599999994,192152860.16,-8505528.520000003,16894701.08,39263585.17,3251.891293999999,67439.88,6192,9.28497886442899,CALL WALL
2026-06-02T07:14:15 ET,2026-06-02T07:10:00 ET,2026-06-02,Tue,0714ET,AGGREGATE,30521.0,742.74,30528.3,NEAR_FLIP,EXPANSION,,,9.85,11.9,15.23,18.76,30491.59,742.0,-29.409999999999854,-0.09635988335899826,-31017135.47,72022907.69,11389432.649999999,2691258.73,-48452535.43999999,-2362.2420589999992,54437.17,3523,7.643871127421091,PUT WALL
2026-06-02T07:14:15 ET,2026-06-02T07:10:00 ET,2026-06-02,Tue,0714ET,AGGREGATE,30521.0,742.74,30528.3,NEAR_FLIP,EXPANSION,,,9.85,11.9,15.23,18.76,30527.68,743.0,6.680000000000291,0.021886569902690906,-3494573.8000000007,13322608.84,-318891.21,-265362.15,-7781297.59,-311.46022400000004,17437.18,795,1.1153055042759736,PUT WALL
2026-06-02T07:14:15 ET,2026-06-02T07:10:00 ET,2026-06-02,Tue,0714ET,AGGREGATE,30521.0,742.74,30528.3,NEAR_FLIP,EXPANSION,,,9.85,11.9,15.23,18.76,30531.68,743.0,10.680000000000291,0.03499230038334357,18887823.64,187483797.98000002,2691148.3200000003,-8697056.58,14252331.299999997,1359.544495,63049.57000000001,5751,7.421781441694954,CALL WALL
2026-06-02T07:14:15 ET,2026-06-02T07:10:00 ET,2026-06-02,Tue,0714ET,AGGREGATE,30521.0,742.74,30528.3,NEAR_FLIP,EXPANSION,,,9.85,11.9,15.23,18.76,30532.68,743.0,11.680000000000291,0.038268733003506736,7579383.15,25912923.89,864045.58,-768298.1599999999,12757804.610000001,672.618312,18967.67,1223,2.072332921471147,CALL WALL
2026-06-02T07:14:15 ET,2026-06-02T07:10:00 ET,2026-06-02,Tue,0714ET,AGGREGATE,30521.0,742.74,30528.3,NEAR_FLIP,EXPANSION,,,9.85,11.9,15.23,18.76,30568.77,744.0,47.77000000000044,0.1565151862651959,8580605.99,17353371.79,5708248.800000001,-927569.51,16466593.030000001,687.8701070000001,22446.48,1026,2.322664018423823,CALL WALL
2026-06-02T07:14:15 ET,2026-06-02T07:10:00 ET,2026-06-02,Tue,0714ET,AGGREGATE,30521.0,742.74,30528.3,NEAR_FLIP,EXPANSION,,,9.85,11.9,15.23,18.76,30572.78,744.0,51.779999999998836,0.16965368107204493,26130192.010000005,251891229.11,20031266.590000004,-45541325.35,-14007550.47999999,-822.360987,83783.98,7759,12.489618633253802,CALL WALL
2026-06-02T07:14:15 ET,2026-06-02T07:10:00 ET,2026-06-02,Tue,0714ET,AGGREGATE,30521.0,742.74,30528.3,NEAR_FLIP,EXPANSION,,,9.85,11.9,15.23,18.76,30573.78,744.0,52.779999999998836,0.1729301136922081,9913187.81,18772301.79,6223652.67,-1816989.17,14380300.950000001,755.9958629999999,13588.619999999999,881,2.464794523181878,CALL WALL
2026-06-02T07:14:15 ET,2026-06-02T07:10:00 ET,2026-06-02,Tue,0714ET,AGGREGATE,30521.0,742.74,30528.3,NEAR_FLIP,EXPANSION,,,9.85,11.9,15.23,18.76,30609.86,745.0,88.86000000000058,0.29114380262770084,13313706.72,19056521.880000003,16526724.67,-1657563.86,24166326.439999998,1001.2792029999999,24487.760000000002,1129,3.683833073997364,CALL WALL
2026-06-02T07:14:15 ET,2026-06-02T07:10:00 ET,2026-06-02,Tue,0714ET,AGGREGATE,30521.0,742.74,30528.3,NEAR_FLIP,EXPANSION,,,9.85,11.9,15.23,18.76,30613.87,745.0,92.86999999999898,0.30428229743454993,145231623.29,274337261.15,184405000.41,-86423085.19,85250609.91000001,6745.53633,90220.3,8685,39.804440908065914,CALL WALL
2026-06-02T07:14:15 ET,2026-06-02T07:10:00 ET,2026-06-02,Tue,0714ET,AGGREGATE,30521.0,742.74,30528.3,NEAR_FLIP,EXPANSION,,,9.85,11.9,15.23,18.76,30614.87,745.0,93.86999999999898,0.30755873005471307,-89326160.81,127926864.66999999,-100459468.91,-20973206.79,-195225113.23,-9955.435248,92569.68999999999,6092,25.049978061709734,PUT WALL
2026-06-02T07:14:15 ET,2026-06-02T07:10:00 ET,2026-06-02,Tue,0714ET,AGGREGATE,30521.0,742.74,30528.3,NEAR_FLIP,EXPANSION,,,9.85,11.9,15.23,18.76,30650.94,746.0,129.9399999999987,0.42573965466399755,14301507.290000001,16385417.03,25906338.740000002,-1974574.44,25297556.990000002,1029.3767579999999,21033.33,984,4.243171145512749,CALL WALL
2026-06-02T07:14:15 ET,2026-06-02T07:10:00 ET,2026-06-02,Tue,0714ET,AGGREGATE,30521.0,742.74,30528.3,NEAR_FLIP,EXPANSION,,,9.85,11.9,15.23,18.76,30654.96,746.0,133.95999999999913,0.43891091379705494,117344744.14,144722072.96,216452361.7,-64988427.910000004,77637909.67,5733.067712,46949.38,4820,34.23275764066579,CALL WALL
2026-06-02T07:14:15 ET,2026-06-02T07:10:00 ET,2026-06-02,Tue,0714ET,AGGREGATE,30521.0,742.74,30528.3,NEAR_FLIP,EXPANSION,,,9.85,11.9,15.23,18.76,30655.97,746.0,134.97000000000116,0.4422201107434264,8052238.73,13897115.030000001,13486414.120000001,-3208500.5599999996,8361377.119999999,428.84751200000005,9907.1,669,2.4628206827832724,CALL WALL
2026-06-02T07:14:15 ET,2026-06-02T07:10:00 ET,2026-06-02,Tue,0714ET,AGGREGATE,30521.0,742.74,30528.3,NEAR_FLIP,EXPANSION,,,9.85,11.9,15.23,18.76,30692.03,747.0,171.02999999999884,0.5603682710265026,57194178.85,70118152.37,138063654.45,-10792194.04,90303192.78,3646.320429,89005.0,4255,19.11835096888254,CALL WALL + VOL SENSITIVE
2026-06-02T07:14:15 ET,2026-06-02T07:10:00 ET,2026-06-02,Tue,0714ET,AGGREGATE,30521.0,742.74,30528.3,NEAR_FLIP,EXPANSION,,,9.85,11.9,15.23,18.76,30696.05,747.0,175.04999999999927,0.5735395301595599,43876314.550000004,72005315.71000001,106734173.76999998,-41979539.64,12287178.970000003,855.5534890000001,23331.05,2612,15.29186051569456,CALL WALL + VOL SENSITIVE
2026-06-02T07:14:15 ET,2026-06-02T07:10:00 ET,2026-06-02,Tue,0714ET,AGGREGATE,30521.0,742.74,30528.3,NEAR_FLIP,EXPANSION,,,9.85,11.9,15.23,18.76,30697.06,747.0,176.0600000000013,0.5768487271059314,26446498.1,35167373.68,58739208.16,-10470140.760000002,27735052.990000002,1386.307044,24712.45,1732,8.556590584009534,CALL WALL + VOL SENSITIVE
2026-06-02T07:14:15 ET,2026-06-02T07:10:00 ET,2026-06-02,Tue,0714ET,AGGREGATE,30521.0,742.74,30528.3,NEAR_FLIP,EXPANSION,,,9.85,11.9,15.23,18.76,30733.12,748.0,212.11999999999898,0.6949968873890074,13185359.38,15158450.06,39905007.5,-2838809.9,19589315.58,777.430549,19021.59,936,4.82440610196208,CALL WALL + VOL SENSITIVE
2026-06-02T07:14:15 ET,2026-06-02T07:10:00 ET,2026-06-02,Tue,0714ET,AGGREGATE,30521.0,742.74,30528.3,NEAR_FLIP,EXPANSION,,,9.85,11.9,15.23,18.76,30737.15,748.0,216.15000000000146,0.7082009108482732,51898474.07,64128269.93,155606514.97,-45963775.160000004,22420290.61,1362.938345,20676.09,2591,19.33601063089373,CALL WALL + VOL SENSITIVE
2026-06-02T07:14:15 ET,2026-06-02T07:10:00 ET,2026-06-02,Tue,0714ET,AGGREGATE,30521.0,742.74,30528.3,NEAR_FLIP,EXPANSION,,,9.85,11.9,15.23,18.76,30738.15,748.0,217.15000000000146,0.7114773434684364,8354686.77,12776363.39,23067103.63,-4658035.13,6344879.4,305.73909299999997,8947.57,657,3.057217770642932,CALL WALL + VOL SENSITIVE
2026-06-02T07:14:15 ET,2026-06-02T07:10:00 ET,2026-06-02,Tue,0714ET,AGGREGATE,30521.0,742.74,30528.3,NEAR_FLIP,EXPANSION,,,9.85,11.9,15.23,18.76,30774.2,749.0,253.20000000000073,0.8295927394253161,2131810.7199999997,7693813.4799999995,7896788.820000002,-1698065.68,-1649608.1799999997,-57.75418000000002,9693.77,493,1.1519917355061209,CALL WALL + VOL SENSITIVE
2026-06-02T07:14:15 ET,2026-06-02T07:10:00 ET,2026-06-02,Tue,0714ET,AGGREGATE,30521.0,742.74,30528.3,NEAR_FLIP,EXPANSION,,,9.85,11.9,15.23,18.76,30778.24,749.0,257.2400000000016,0.8428295272107781,49636381.04,54301833.6,176335539.04000002,-46176024.33,23881719.98,1262.2945140000002,17532.25,2509,20.18630381381394,CALL WALL + VOL SENSITIVE
2026-06-02T07:14:15 ET,2026-06-02T07:10:00 ET,2026-06-02,Tue,0714ET,AGGREGATE,30521.0,742.74,30528.3,NEAR_FLIP,EXPANSION,,,9.85,11.9,15.23,18.76,30779.25,749.0,258.25,0.8461387241571376,15047189.440000001,16326141.82,49777067.77,-7041004.9799999995,14964717.96,678.453816,11291.460000000001,881,5.733084852057083,CALL WALL + VOL SENSITIVE
2026-06-02T07:14:15 ET,2026-06-02T07:10:00 ET,2026-06-02,Tue,0714ET,AGGREGATE,30521.0,742.74,30528.3,NEAR_FLIP,EXPANSION,,,9.85,11.9,15.23,18.76,30815.29,750.0,294.2900000000009,0.9642213557878211,10348421.629999999,13715700.05,43828504.03,-3483607.64,11202702.8,417.19448300000005,17103.8,908,4.609175616121044,CALL WALL + VOL SENSITIVE
2026-06-02T07:14:15 ET,2026-06-02T07:10:00 ET,2026-06-02,Tue,0714ET,AGGREGATE,30521.0,742.74,30528.3,NEAR_FLIP,EXPANSION,,,9.85,11.9,15.23,18.76,30819.33,750.0,298.33000000000175,0.9774581435732831,67233455.14999999,86291362.99,277832399.25,-84892213.51,8765393.450000003,389.0069850000002,27878.38,4664,31.169612027921662,CALL WALL + VOL SENSITIVE
2026-06-02T07:14:15 ET,2026-06-02T07:10:00 ET,2026-06-02,Tue,0714ET,AGGREGATE,30521.0,742.74,30528.3,NEAR_FLIP,EXPANSION,,,9.85,11.9,15.23,18.76,30820.34,750.0,299.34000000000015,0.9807673405196426,42406443.48,44054673.52,163264708.94,-21936813.75,40776416.510000005,1729.059753,30337.120000000003,2538,17.542075176208574,CALL WALL + VOL SENSITIVE
2026-06-02T07:14:15 ET,2026-06-02T07:10:00 ET,2026-06-02,Tue,0714ET,AGGREGATE,30521.0,742.74,30528.3,NEAR_FLIP,EXPANSION,,,9.85,11.9,15.23,18.76,30856.38,751.0,335.380000000001,1.098849972150326,2875817.12,2904358.8600000003,13619750.299999999,-834679.46,3947512.56,137.844055,3667.8399999999997,203,1.3280716911068493,CALL WALL + VOL SENSITIVE
2026-06-02T07:14:15 ET,2026-06-02T07:10:00 ET,2026-06-02,Tue,0714ET,AGGREGATE,30521.0,742.74,30528.3,NEAR_FLIP,EXPANSION,,,9.85,11.9,15.23,18.76,30860.42,751.0,339.41999999999825,1.1120867599357762,42935923.7,44563789.2,201734166.53,-49777716.7,18445544.5,691.990927,14338.740000000002,2890,21.165434515302618,CALL WALL + VOL SENSITIVE
2026-06-02T07:14:15 ET,2026-06-02T07:10:00 ET,2026-06-02,Tue,0714ET,AGGREGATE,30521.0,742.74,30528.3,NEAR_FLIP,EXPANSION,,,9.85,11.9,15.23,18.76,30861.43,751.0,340.4300000000003,1.1153959568821477,8812772.0,8844678.66,38800376.74,-4992967.15,8252652.510000001,323.916739,6054.72,550,3.9470041451432576,CALL WALL + VOL SENSITIVE
2026-06-02T07:14:15 ET,2026-06-02T07:10:00 ET,2026-06-02,Tue,0714ET,AGGREGATE,30521.0,742.74,30528.3,NEAR_FLIP,EXPANSION,,,9.85,11.9,15.23,18.76,30897.47,752.0,376.47000000000116,1.233478588512831,3001155.67,3164071.71,16373070.219999999,-1014002.01,3585473.3,120.575128,3894.79,230,1.5197109969446467,CALL WALL + VOL SENSITIVE
2026-06-02T07:14:15 ET,2026-06-02T07:10:00 ET,2026-06-02,Tue,0714ET,AGGREGATE,30521.0,742.74,30528.3,NEAR_FLIP,EXPANSION,,,9.85,11.9,15.23,18.76,30901.52,752.0,380.52000000000044,1.2467481406244894,43103765.25,44917893.06999999,226054892.3,-56151786.88,15888310.409999998,485.14240600000005,14513.720000000001,3559,23.325459320732943,CALL WALL + VOL SENSITIVE
2026-06-02T07:14:15 ET,2026-06-02T07:10:00 ET,2026-06-02,Tue,0714ET,AGGREGATE,30521.0,742.74,30528.3,NEAR_FLIP,EXPANSION,,,9.85,11.9,15.23,18.76,30902.53,752.0,381.52999999999884,1.250057337570849,11758024.120000001,11933943.7,58360060.690000005,-7530365.31,10091282.29,362.46862,8125.24,811,5.715794902040457,CALL WALL + VOL SENSITIVE
2026-06-02T07:14:15 ET,2026-06-02T07:10:00 ET,2026-06-02,Tue,0714ET,AGGREGATE,30521.0,742.74,30528.3,NEAR_FLIP,EXPANSION,,,9.85,11.9,15.23,18.76,30938.55,753.0,417.5499999999993,1.3680744405491279,14524229.07,14832127.27,88118755.13,-5245654.22,17047180.66,539.704576,18183.510000000002,1144,7.8847193618721185,CALL WALL + VOL SENSITIVE
2026-06-02T07:14:15 ET,2026-06-02T07:10:00 ET,2026-06-02,Tue,0714ET,AGGREGATE,30521.0,742.74,30528.3,NEAR_FLIP,EXPANSION,,,9.85,11.9,15.23,18.76,30942.61,753.0,421.6100000000006,1.3813767569869944,26909840.939999998,27184660.64,156489301.15,-37595670.66,10927954.11,266.59854,8766.44,2707,15.918368740699318,CALL WALL + VOL SENSITIVE
2026-06-02T07:14:15 ET,2026-06-02T07:10:00 ET,2026-06-02,Tue,0714ET,AGGREGATE,30521.0,742.74,30528.3,NEAR_FLIP,EXPANSION,,,9.85,11.9,15.23,18.76,30943.62,753.0,422.619999999999,1.384685953933354,3749995.84,4682804.16,20751128.119999997,-3265997.8,1314747.0,42.54574100000001,3186.58,352,2.0288913796537336,CALL WALL + VOL SENSITIVE
2026-06-02T07:14:15 ET,2026-06-02T07:10:00 ET,2026-06-02,Tue,0714ET,AGGREGATE,30521.0,742.74,30528.3,NEAR_FLIP,EXPANSION,,,9.85,11.9,15.23,18.76,30979.64,754.0,458.6399999999994,1.5027030569116326,1189777.28,1695582.68,7982398.84,-655961.24,408804.31000000006,12.341805,2084.0299999999997,140,0.7210864604801998,CALL WALL + VOL SENSITIVE
2026-06-02T07:14:15 ET,2026-06-02T07:10:00 ET,2026-06-02,Tue,0714ET,AGGREGATE,30521.0,742.74,30528.3,NEAR_FLIP,EXPANSION,,,9.85,11.9,15.23,18.76,30983.7,754.0,462.7000000000007,1.5160053733494996,24841933.27,24910115.27,156013122.55,-37758919.45999999,10199695.930000002,200.275898,8157.89,3091,15.938298896807112,CALL WALL + VOL SENSITIVE
2026-06-02T07:14:15 ET,2026-06-02T07:10:00 ET,2026-06-02,Tue,0714ET,AGGREGATE,30521.0,742.74,30528.3,NEAR_FLIP,EXPANSION,,,9.85,11.9,15.23,18.76,30984.72,754.0,463.72000000000116,1.5193473346220672,6621127.17,6717016.25,40136380.0,-5130221.930000001,4997397.41,144.927505,4551.0,565,3.7350188366846857,CALL WALL + VOL SENSITIVE
2026-06-02T07:14:15 ET,2026-06-02T07:10:00 ET,2026-06-02,Tue,0714ET,AGGREGATE,30521.0,742.74,30528.3,NEAR_FLIP,EXPANSION,,,9.85,11.9,15.23,18.76,31020.73,755.0,499.72999999999956,1.6373316732741376,15719848.33,15809704.049999999,114864589.31,-6638929.359999999,17002954.93,467.293398,19229.05,1404,9.765022348008092,CALL WALL + VOL SENSITIVE
2026-06-02T07:14:15 ET,2026-06-02T07:10:00 ET,2026-06-02,Tue,0714ET,AGGREGATE,30521.0,742.74,30528.3,NEAR_FLIP,EXPANSION,,,9.85,11.9,15.23,18.76,31024.79,755.0,503.7900000000009,1.6506339897120044,28657253.71,28739040.97,196154652.8,-47371522.339999996,10928051.02,163.781319,9398.15,4660,20.294295465632565,CALL WALL + VOL SENSITIVE
2026-06-02T07:14:15 ET,2026-06-02T07:10:00 ET,2026-06-02,Tue,0714ET,AGGREGATE,30521.0,742.74,30528.3,NEAR_FLIP,EXPANSION,,,9.85,11.9,15.23,18.76,31025.81,755.0,504.8100000000013,1.6539759509845722,28632567.08,28632567.08,189776323.61,-23764814.84,21296906.17,545.134562,19302.99,2730,17.33893543260086,CALL WALL + VOL SENSITIVE
2026-06-02T07:14:15 ET,2026-06-02T07:10:00 ET,2026-06-02,Tue,0714ET,AGGREGATE,30521.0,742.74,30528.3,NEAR_FLIP,EXPANSION,,,9.85,11.9,15.23,18.76,31061.81,756.0,540.8100000000013,1.7719275253104465,5509224.04,5509224.04,43689938.53,-2495643.29,5747223.76,145.527001,6676.36,531,3.64678460993784,CALL WALL + VOL SENSITIVE
2026-06-02T07:14:15 ET,2026-06-02T07:10:00 ET,2026-06-02,Tue,0714ET,AGGREGATE,30521.0,742.74,30528.3,NEAR_FLIP,EXPANSION,,,9.85,11.9,15.23,18.76,31065.89,756.0,544.8899999999994,1.785295370400706,5314839.93,5325687.609999999,38969287.38999999,-9483814.79,1947854.7200000002,22.484444999999997,1757.5800000000002,1120,4.133858188614536,CALL WALL + VOL SENSITIVE
2026-06-02T07:14:15 ET,2026-06-02T07:10:00 ET,2026-06-02,Tue,0714ET,AGGREGATE,30521.0,742.74,30528.3,NEAR_FLIP,EXPANSION,,,9.85,11.9,15.23,18.76,31066.9,756.0,545.9000000000015,1.7886045673470772,4216227.83,4216227.83,30460695.67,-3778187.15,2948360.04,65.525924,2819.1,463,2.749349096378786,CALL WALL + VOL SENSITIVE
2026-06-02T07:14:15 ET,2026-06-02T07:10:00 ET,2026-06-02,Tue,0714ET,AGGREGATE,30521.0,742.74,30528.3,NEAR_FLIP,EXPANSION,,,9.85,11.9,15.23,18.76,31102.9,757.0,581.9000000000015,1.9065561416729513,1623129.48,1623129.48,13865291.52,-788888.28,1621024.45,37.552269,1963.65,171,1.1415748021963037,CALL WALL + VOL SENSITIVE
2026-06-02T07:14:15 ET,2026-06-02T07:10:00 ET,2026-06-02,Tue,0714ET,AGGREGATE,30521.0,742.74,30528.3,NEAR_FLIP,EXPANSION,,,9.85,11.9,15.23,18.76,31106.98,757.0,585.9799999999996,1.9199239867632107,4704234.7299999995,4747327.87,37220298.88,-9081299.209999999,1325079.67,10.456738999999999,1561.31,1369,4.125376560837241,CALL WALL + VOL SENSITIVE
2026-06-02T07:14:15 ET,2026-06-02T07:10:00 ET,2026-06-02,Tue,0714ET,AGGREGATE,30521.0,742.74,30528.3,NEAR_FLIP,EXPANSION,,,9.85,11.9,15.23,18.76,31108.0,757.0,587.0,1.9232659480357788,4905892.42,4905892.42,37999659.95,-4720556.42,3288718.3,63.305854,3289.01,622,3.4181146119900023,CALL WALL + VOL SENSITIVE
2026-06-02T07:14:15 ET,2026-06-02T07:10:00 ET,2026-06-02,Tue,0714ET,AGGREGATE,30521.0,742.74,30528.3,NEAR_FLIP,EXPANSION,,,9.85,11.9,15.23,18.76,31143.99,758.0,622.9900000000016,2.0411847580354565,1009244.33,1009244.33,9233882.66,-523823.82,967150.36,20.360761,1219.75,117,0.7526708512085803,CALL WALL + VOL SENSITIVE
2026-06-02T07:14:15 ET,2026-06-02T07:10:00 ET,2026-06-02,Tue,0714ET,AGGREGATE,30521.0,742.74,30528.3,NEAR_FLIP,EXPANSION,,,9.85,11.9,15.23,18.76,31148.07,758.0,627.0699999999997,2.0545526031257157,9165431.41,9165431.41,74993243.41,-18745256.15,3297916.48,23.010105,3116.05,3206,8.634802764337396,CALL WALL + VOL SENSITIVE
2026-06-02T07:14:15 ET,2026-06-02T07:10:00 ET,2026-06-02,Tue,0714ET,AGGREGATE,30521.0,742.74,30528.3,NEAR_FLIP,EXPANSION,,,9.85,11.9,15.23,18.76,31149.09,758.0,628.0900000000001,2.0578945643982838,1835315.64,1849574.24,15238950.559999999,-1901756.58,1107438.08,18.105508999999998,1237.68,275,1.3725476184842074,CALL WALL + VOL SENSITIVE
2026-06-02T07:14:15 ET,2026-06-02T07:10:00 ET,2026-06-02,Tue,0714ET,AGGREGATE,30521.0,742.74,30528.3,NEAR_FLIP,EXPANSION,,,9.85,11.9,15.23,18.76,31185.08,759.0,664.0800000000017,2.1758133743979613,1079492.59,1079492.59,10569041.92,-595831.89,988093.02,18.728037,1298.75,139,0.8552608050019684,CALL WALL + VOL SENSITIVE
2026-06-02T07:14:15 ET,2026-06-02T07:10:00 ET,2026-06-02,Tue,0714ET,AGGREGATE,30521.0,742.74,30528.3,NEAR_FLIP,EXPANSION,,,9.85,11.9,15.23,18.76,31189.16,759.0,668.1599999999999,2.189181219488221,1549312.26,1549312.26,13483812.04,-3372948.62,531742.15,2.691591,527.36,747,1.6660549832833809,CALL WALL + VOL SENSITIVE
2026-06-02T07:14:15 ET,2026-06-02T07:10:00 ET,2026-06-02,Tue,0714ET,AGGREGATE,30521.0,742.74,30528.3,NEAR_FLIP,EXPANSION,,,9.85,11.9,15.23,18.76,31190.18,759.0,669.1800000000003,2.1925231807607886,1715570.56,1715570.56,15310841.49,-1876929.0,1032620.47,14.083172,1137.08,307,1.3844643586096335,CALL WALL + VOL SENSITIVE
2026-06-02T07:14:15 ET,2026-06-02T07:10:00 ET,2026-06-02,Tue,0714ET,AGGREGATE,30521.0,742.74,30528.3,NEAR_FLIP,EXPANSION,,,9.85,11.9,15.23,18.76,31226.16,760.0,705.1599999999999,2.310409226434258,18699535.54,18699535.54,195013231.24,-10936374.34,16386138.67,277.484185,22413.95,2695,15.731271482780734,CALL WALL + VOL SENSITIVE
2026-06-02T07:14:15 ET,2026-06-02T07:10:00 ET,2026-06-02,Tue,0714ET,AGGREGATE,30521.0,742.74,30528.3,NEAR_FLIP,EXPANSION,,,9.85,11.9,15.23,18.76,31230.26,760.0,709.2599999999984,2.323842600176922,2852313.5500000003,2896409.93,25509434.69,-6687852.3100000005,263236.55999999994,0.25159600000000015,1018.78,1675,3.3516270157570567,CALL WALL + VOL SENSITIVE
2026-06-02T07:14:15 ET,2026-06-02T07:10:00 ET,2026-06-02,Tue,0714ET,AGGREGATE,30521.0,742.74,30528.3,NEAR_FLIP,EXPANSION,,,9.85,11.9,15.23,18.76,31231.28,760.0,710.2799999999988,2.32718456144949,7383431.97,7404383.47,69297900.44,-8588797.12,4191500.9899999998,48.473788,4952.160000000001,1557,6.350938018631805,CALL WALL + VOL SENSITIVE
2026-06-02T07:14:15 ET,2026-06-02T07:10:00 ET,2026-06-02,Tue,0714ET,AGGREGATE,30521.0,742.74,30528.3,NEAR_FLIP,EXPANSION,,,9.85,11.9,15.23,18.76,31267.25,761.0,746.25,2.4450378427967627,1378700.38,1404803.62,15194776.26,-867792.05,1041823.06,15.614217,1686.77,227,1.227512527579519,CALL WALL + VOL SENSITIVE
2026-06-02T07:14:15 ET,2026-06-02T07:10:00 ET,2026-06-02,Tue,0714ET,AGGREGATE,30521.0,742.74,30528.3,NEAR_FLIP,EXPANSION,,,9.85,11.9,15.23,18.76,31271.35,761.0,750.3499999999985,2.458471216539427,2495687.9,2495687.9,22833719.11,-6091494.46,878500.04,3.123664,906.62,1713,3.157843668951932,CALL WALL + VOL SENSITIVE
2026-06-02T07:14:15 ET,2026-06-02T07:10:00 ET,2026-06-02,Tue,0714ET,AGGREGATE,30521.0,742.74,30528.3,NEAR_FLIP,EXPANSION,,,9.85,11.9,15.23,18.76,31272.37,761.0,751.369999999999,2.4618131778119947,1749637.51,1749637.51,17403449.9,-2144509.07,980728.45,9.368691,1167.35,447,1.6225385644199772,CALL WALL + VOL SENSITIVE
2026-06-02T07:14:15 ET,2026-06-02T07:10:00 ET,2026-06-02,Tue,0714ET,AGGREGATE,30521.0,742.74,30528.3,NEAR_FLIP,EXPANSION,,,9.85,11.9,15.23,18.76,31308.34,762.0,787.3400000000001,2.579666459159268,714841.03,714841.03,8319631.44,-465036.79,582275.21,7.75454,856.22,131,0.6715558771735922,CALL WALL + VOL SENSITIVE
2026-06-02T07:14:15 ET,2026-06-02T07:10:00 ET,2026-06-02,Tue,0714ET,AGGREGATE,30521.0,742.74,30528.3,NEAR_FLIP,EXPANSION,,,9.85,11.9,15.23,18.76,31312.44,762.0,791.4399999999987,2.5930998329019324,670123.69,670123.69,6242465.34,-1723876.64,240753.69,0.740126,252.07,532,0.9113718682632074,CALL WALL + VOL SENSITIVE
2026-06-02T07:14:15 ET,2026-06-02T07:10:00 ET,2026-06-02,Tue,0714ET,AGGREGATE,30521.0,742.74,30528.3,NEAR_FLIP,EXPANSION,,,9.85,11.9,15.23,18.76,31313.47,762.0,792.4700000000012,2.596474558500708,2284780.99,2284780.99,23685409.72,-2950662.95,1256579.39,10.169623,1542.09,689,2.2582915384934314,CALL WALL + VOL SENSITIVE
2026-06-02T07:14:15 ET,2026-06-02T07:10:00 ET,2026-06-02,Tue,0714ET,AGGREGATE,30521.0,742.74,30528.3,NEAR_FLIP,EXPANSION,,,9.85,11.9,15.23,18.76,31349.42,763.0,828.4199999999983,2.714262311195564,629913.15,629913.15,7796236.68,-430393.96,486299.24,5.579163,745.98,134,0.632292016738815,CALL WALL + VOL SENSITIVE
2026-06-02T07:14:15 ET,2026-06-02T07:10:00 ET,2026-06-02,Tue,0714ET,AGGREGATE,30521.0,742.74,30528.3,NEAR_FLIP,EXPANSION,,,9.85,11.9,15.23,18.76,31353.53,763.0,832.5299999999988,2.727728449264437,179567.15,179567.15,1704754.38,-485541.5,65543.3,0.173036,69.68,166,0.26391278835229554,CALL WALL + VOL SENSITIVE
2026-06-02T07:14:15 ET,2026-06-02T07:10:00 ET,2026-06-02,Tue,0714ET,AGGREGATE,30521.0,742.74,30528.3,NEAR_FLIP,EXPANSION,,,9.85,11.9,15.23,18.76,31354.56,763.0,833.5600000000013,2.7311031748632133,409126.45,409126.45,4539409.97,-555131.15,209916.78,1.301872,271.22,161,0.4494673252649657,CALL WALL + VOL SENSITIVE
2026-06-02T07:14:15 ET,2026-06-02T07:10:00 ET,2026-06-02,Tue,0714ET,AGGREGATE,30521.0,742.74,30528.3,NEAR_FLIP,EXPANSION,,,9.85,11.9,15.23,18.76,31390.51,764.0,869.5099999999984,2.84889092755807,578344.1,578344.1,7308773.24,-414199.69,452244.99,4.763705,703.81,134,0.5979833204526226,CALL WALL + VOL SENSITIVE
2026-06-02T07:14:15 ET,2026-06-02T07:10:00 ET,2026-06-02,Tue,0714ET,AGGREGATE,30521.0,742.74,30528.3,NEAR_FLIP,EXPANSION,,,9.85,11.9,15.23,18.76,31394.63,764.0,873.630000000001,2.86238982995315,295199.77,295199.77,2839685.17,-836986.9,110353.66,0.258132,118.58,308,0.464432032401279,CALL WALL + VOL SENSITIVE
2026-06-02T07:14:15 ET,2026-06-02T07:10:00 ET,2026-06-02,Tue,0714ET,AGGREGATE,30521.0,742.74,30528.3,NEAR_FLIP,EXPANSION,,,9.85,11.9,15.23,18.76,31395.65,764.0,874.6500000000015,2.865731791225718,283083.18,283083.18,3229108.02,-402691.89,145076.36,0.776981,191.46,129,0.32963804712428635,CALL WALL + VOL SENSITIVE
2026-06-02T07:14:15 ET,2026-06-02T07:10:00 ET,2026-06-02,Tue,0714ET,AGGREGATE,30521.0,742.74,30528.3,NEAR_FLIP,EXPANSION,,,9.85,11.9,15.23,18.76,31431.6,765.0,910.5999999999985,2.9835195439205746,711047.91,711047.91,9661463.64,-532364.7,513720.0,4.435258,842.09,201,0.8009992228158233,CALL WALL + VOL SENSITIVE
2026-06-02T07:14:15 ET,2026-06-02T07:10:00 ET,2026-06-02,Tue,0714ET,AGGREGATE,30521.0,742.74,30528.3,NEAR_FLIP,EXPANSION,,,9.85,11.9,15.23,18.76,31435.72,765.0,914.7200000000012,2.9970184463156553,1896802.27,1896802.27,18509243.97,-5626876.8,723053.7,1.488308,786.04,2249,3.215606596909262,CALL WALL + VOL SENSITIVE
2026-06-02T07:14:15 ET,2026-06-02T07:10:00 ET,2026-06-02,Tue,0714ET,AGGREGATE,30521.0,742.74,30528.3,NEAR_FLIP,EXPANSION,,,9.85,11.9,15.23,18.76,31436.75,765.0,915.75,3.0003931719144195,1008470.95,1008470.95,11799641.8,-1500700.51,517060.07,2.401143,695.93,530,1.248528993661736,CALL WALL + VOL SENSITIVE
2026-06-02T07:14:15 ET,2026-06-02T07:10:00 ET,2026-06-02,Tue,0714ET,AGGREGATE,30521.0,742.74,30528.3,NEAR_FLIP,EXPANSION,,,9.85,11.9,15.23,18.76,31472.68,766.0,951.6800000000003,3.118115395956883,273405.36,273405.36,3740894.05,-213695.73,203965.99,1.659742,335.95,82,0.3128864652661703,CALL WALL + VOL SENSITIVE
2026-06-02T07:14:15 ET,2026-06-02T07:10:00 ET,2026-06-02,Tue,0714ET,AGGREGATE,30521.0,742.74,30528.3,NEAR_FLIP,EXPANSION,,,9.85,11.9,15.23,18.76,31476.81,766.0,955.8100000000013,3.1316470626781605,663180.33,663180.33,6541283.2,-2054243.52,258933.72,0.478963,283.96,875,1.197581306659586,CALL WALL + VOL SENSITIVE
2026-06-02T07:14:15 ET,2026-06-02T07:10:00 ET,2026-06-02,Tue,0714ET,AGGREGATE,30521.0,742.74,30528.3,NEAR_FLIP,EXPANSION,,,9.85,11.9,15.23,18.76,31477.84,766.0,956.8400000000001,3.1350217882769247,694800.91,694800.91,8492677.57,-1079309.89,344085.77,1.273946,479.31,458,0.9509747240953887,CALL WALL + VOL SENSITIVE
2026-06-02T07:14:15 ET,2026-06-02T07:10:00 ET,2026-06-02,Tue,0714ET,AGGREGATE,30521.0,742.74,30528.3,NEAR_FLIP,EXPANSION,,,9.85,11.9,15.23,18.76,31513.77,767.0,992.7700000000004,3.2527440123193885,177820.03,177820.03,2524512.7,-144791.12,129740.96,0.923034,219.55,61,0.2142722787395209,CALL WALL + VOL SENSITIVE
2026-06-02T07:14:15 ET,2026-06-02T07:10:00 ET,2026-06-02,Tue,0714ET,AGGREGATE,30521.0,742.74,30528.3,NEAR_FLIP,EXPANSION,,,9.85,11.9,15.23,18.76,31517.9,767.0,996.9000000000015,3.2662756790406653,221413.27,221413.27,2208571.01,-714820.77,88299.49,0.146364,97.73,326,0.4271160284383095,CALL WALL + VOL SENSITIVE
2026-06-02T07:14:15 ET,2026-06-02T07:10:00 ET,2026-06-02,Tue,0714ET,AGGREGATE,30521.0,742.74,30528.3,NEAR_FLIP,EXPANSION,,,9.85,11.9,15.23,18.76,31518.94,767.0,997.9399999999987,3.269683168965626,654950.63,654950.63,8183333.73,-1060243.65,325093.55,1.045563,460.8,497,0.9566570639264681,CALL WALL + VOL SENSITIVE
2026-06-02T07:14:15 ET,2026-06-02T07:10:00 ET,2026-06-02,Tue,0714ET,AGGREGATE,30521.0,742.74,30528.3,NEAR_FLIP,EXPANSION,,,9.85,11.9,15.23,18.76,31554.86,768.0,1033.8600000000006,3.387372628681893,397134.39,397134.39,5770436.36,-336352.64,289692.65,1.859463,498.67,151,0.4985782785793146,CALL WALL + VOL SENSITIVE
2026-06-02T07:14:15 ET,2026-06-02T07:10:00 ET,2026-06-02,Tue,0714ET,AGGREGATE,30521.0,742.74,30528.3,NEAR_FLIP,EXPANSION,,,9.85,11.9,15.23,18.76,31559.0,768.0,1038.0,3.400937059729367,438102.45,438102.45,4260995.71,-1471906.42,190479.91,0.354198,206.41,575,0.7917722631302823,CALL WALL + VOL SENSITIVE
2026-06-02T07:14:15 ET,2026-06-02T07:10:00 ET,2026-06-02,Tue,0714ET,AGGREGATE,30521.0,742.74,30528.3,NEAR_FLIP,EXPANSION,,,9.85,11.9,15.23,18.76,31560.03,768.0,1039.0299999999988,3.4043117853281313,223728.5,223728.5,2790380.31,-376838.3,115983.38,0.361883,164.13,175,0.3306103128074596,CALL WALL + VOL SENSITIVE
2026-06-02T07:14:15 ET,2026-06-02T07:10:00 ET,2026-06-02,Tue,0714ET,AGGREGATE,30521.0,742.74,30528.3,NEAR_FLIP,EXPANSION,,,9.85,11.9,15.23,18.76,31595.95,769.0,1074.9500000000007,3.5220012450443985,76785.0,76785.0,1189794.5,-67516.79,51973.2,0.263235,93.93,37,0.10573296003969941,CALL WALL + VOL SENSITIVE
2026-06-02T07:14:15 ET,2026-06-02T07:10:00 ET,2026-06-02,Tue,0714ET,AGGREGATE,30521.0,742.74,30528.3,NEAR_FLIP,EXPANSION,,,9.85,11.9,15.23,18.76,31600.09,769.0,1079.0900000000001,3.5355656760918714,67918.64,67918.64,687116.29,-237024.84,28548.63,0.040103,31.96,118,0.14516735778141787,CALL WALL + VOL SENSITIVE
2026-06-02T07:14:15 ET,2026-06-02T07:10:00 ET,2026-06-02,Tue,0714ET,AGGREGATE,30521.0,742.74,30528.3,NEAR_FLIP,EXPANSION,,,9.85,11.9,15.23,18.76,31601.12,769.0,1080.119999999999,3.5389404016906356,31564.5,31564.5,409285.66,-55219.27,15850.03,0.039387,23.14,31,0.05153045422533298,CALL WALL + VOL SENSITIVE
2026-06-02T07:14:15 ET,2026-06-02T07:10:00 ET,2026-06-02,Tue,0714ET,AGGREGATE,30521.0,742.74,30528.3,NEAR_FLIP,EXPANSION,,,9.85,11.9,15.23,18.76,31637.03,770.0,1116.0299999999988,3.6565970970806947,297964.03,297964.03,4770628.65,-271687.74,197504.34,0.86003,366.0,167,0.4391170753690619,CALL WALL + VOL SENSITIVE
2026-06-02T07:14:15 ET,2026-06-02T07:10:00 ET,2026-06-02,Tue,0714ET,AGGREGATE,30521.0,742.74,30528.3,NEAR_FLIP,EXPANSION,,,9.85,11.9,15.23,18.76,31641.18,770.0,1120.1800000000003,3.670194292454377,458071.63,458071.63,4668251.3,-1658348.03,197132.03,0.254779,222.02,865,1.039965425446957,CALL WALL + VOL SENSITIVE
2026-06-02T07:14:15 ET,2026-06-02T07:10:00 ET,2026-06-02,Tue,0714ET,AGGREGATE,30521.0,742.74,30528.3,NEAR_FLIP,EXPANSION,,,9.85,11.9,15.23,18.76,31642.22,770.0,1121.2200000000012,3.6736017823793494,490909.51,490909.51,6698662.78,-890632.3,233100.47,0.423146,354.78,660,0.9647916279544777,CALL WALL + VOL SENSITIVE
2026-06-02T07:14:15 ET,2026-06-02T07:10:00 ET,2026-06-02,Tue,0714ET,AGGREGATE,30521.0,742.74,30528.3,NEAR_FLIP,EXPANSION,,,9.85,11.9,15.23,18.76,31678.12,771.0,1157.119999999999,3.7912257134432,63956.54,63956.54,1030616.67,-60404.91,43444.21,0.178453,80.9,38,0.09565411440301155,CALL WALL + VOL SENSITIVE
2026-06-02T07:14:15 ET,2026-06-02T07:10:00 ET,2026-06-02,Tue,0714ET,AGGREGATE,30521.0,742.74,30528.3,NEAR_FLIP,EXPANSION,,,9.85,11.9,15.23,18.76,31682.27,771.0,1161.2700000000004,3.8048229088168815,283755.96,283755.96,2907696.09,-1064254.36,125276.61,0.150882,141.72,575,0.6755887100821126,CALL WALL + VOL SENSITIVE
2026-06-02T07:14:15 ET,2026-06-02T07:10:00 ET,2026-06-02,Tue,0714ET,AGGREGATE,30521.0,742.74,30528.3,NEAR_FLIP,EXPANSION,,,9.85,11.9,15.23,18.76,31683.31,771.0,1162.3100000000013,3.808230398741854,3865.2,3865.2,49945.61,-7266.91,2100.94,0.004955,3.06,4,0.005729076270818543,CALL WALL + VOL SENSITIVE
2026-06-02T07:14:15 ET,2026-06-02T07:10:00 ET,2026-06-02,Tue,0714ET,AGGREGATE,30521.0,742.74,30528.3,NEAR_FLIP,EXPANSION,,,9.85,11.9,15.23,18.76,31719.21,772.0,1198.2099999999991,3.9258543298057043,3639.44,3639.44,56855.17,-3557.13,2705.36,0.012015,4.92,2,0.004424719839892321,CALL WALL + VOL SENSITIVE
2026-06-02T07:14:15 ET,2026-06-02T07:10:00 ET,2026-06-02,Tue,0714ET,AGGREGATE,30521.0,742.74,30528.3,NEAR_FLIP,EXPANSION,,,9.85,11.9,15.23,18.76,31723.36,772.0,1202.3600000000006,3.9394515251793867,1392.61,1392.61,14330.59,-5404.42,631.43,0.000715,0.72,3,0.0026099511726531467,CALL WALL + VOL SENSITIVE
2026-06-02T07:14:15 ET,2026-06-02T07:10:00 ET,2026-06-02,Tue,0714ET,AGGREGATE,30521.0,742.74,30528.3,NEAR_FLIP,EXPANSION,,,9.85,11.9,15.23,18.76,31724.4,772.0,1203.4000000000015,3.9428590151043594,135437.21,135437.21,1904141.51,-263336.96,65313.46,0.092656,101.87,233,0.30702533274910837,CALL WALL + VOL SENSITIVE
2026-06-02T07:14:15 ET,2026-06-02T07:10:00 ET,2026-06-02,Tue,0714ET,AGGREGATE,30521.0,742.74,30528.3,NEAR_FLIP,EXPANSION,,,9.85,11.9,15.23,18.76,31760.29,773.0,1239.2900000000009,4.060450181842013,772949.38,772949.38,13530691.57,-780000.98,484339.66,1.322247,962.56,691,1.398775945080393,CALL WALL + VOL SENSITIVE
2026-06-02T07:14:15 ET,2026-06-02T07:10:00 ET,2026-06-02,Tue,0714ET,AGGREGATE,30521.0,742.74,30528.3,NEAR_FLIP,EXPANSION,,,9.85,11.9,15.23,18.76,31764.46,773.0,1243.4599999999991,4.074112905868088,19454.14,19454.14,189925.9,-78050.87,10046.14,0.015386,10.91,31,0.039111577825671456,CALL WALL + VOL SENSITIVE
2026-06-02T07:14:15 ET,2026-06-02T07:10:00 ET,2026-06-02,Tue,0714ET,AGGREGATE,30521.0,742.74,30528.3,NEAR_FLIP,EXPANSION,,,9.85,11.9,15.23,18.76,31765.5,773.0,1244.5,4.07752039579306,20045.37,20045.37,276924.38,-40283.66,10321.11,0.015779,15.86,32,0.04269088725516376,CALL WALL + VOL SENSITIVE
2026-06-02T07:14:15 ET,2026-06-02T07:10:00 ET,2026-06-02,Tue,0714ET,AGGREGATE,30521.0,742.74,30528.3,NEAR_FLIP,EXPANSION,,,9.85,11.9,15.23,18.76,31801.38,774.0,1280.380000000001,4.195078798204518,5893.48,5893.48,101268.47,-6139.96,3944.76,0.011348,7.72,5,0.009524663193186176,CALL WALL + VOL SENSITIVE
2026-06-02T07:14:15 ET,2026-06-02T07:10:00 ET,2026-06-02,Tue,0714ET,AGGREGATE,30521.0,742.74,30528.3,NEAR_FLIP,EXPANSION,,,9.85,11.9,15.23,18.76,31805.55,774.0,1284.5499999999993,4.208741522230593,478661.07,478661.07,4787380.39,-1982377.0,244174.91,0.312769,270.56,912,1.1018030244176542,CALL WALL + VOL SENSITIVE
2026-06-02T07:14:15 ET,2026-06-02T07:10:00 ET,2026-06-02,Tue,0714ET,AGGREGATE,30521.0,742.74,30528.3,NEAR_FLIP,EXPANSION,,,9.85,11.9,15.23,18.76,31806.59,774.0,1285.5900000000001,4.212149012155566,15414.06,15414.06,222068.65,-31971.09,7587.74,0.00865,12.07,33,0.03935111291292226,CALL WALL + VOL SENSITIVE
2026-06-02T07:14:15 ET,2026-06-02T07:10:00 ET,2026-06-02,Tue,0714ET,AGGREGATE,30521.0,742.74,30528.3,NEAR_FLIP,EXPANSION,,,9.85,11.9,15.23,18.76,31842.47,775.0,1321.4700000000012,4.329707414567023,87786.28,87786.28,1554575.93,-94291.96,57414.76,0.139784,115.13,88,0.16641452376820623,CALL WALL + VOL SENSITIVE
2026-06-02T07:14:15 ET,2026-06-02T07:10:00 ET,2026-06-02,Tue,0714ET,AGGREGATE,30521.0,742.74,30528.3,NEAR_FLIP,EXPANSION,,,9.85,11.9,15.23,18.76,31846.64,775.0,1325.6399999999994,4.343370138593098,550142.59,550142.59,5689401.03,-2349416.15,272205.92,0.271934,310.15,1344,1.4977619557879365,CALL WALL + VOL SENSITIVE
2026-06-02T07:14:15 ET,2026-06-02T07:10:00 ET,2026-06-02,Tue,0714ET,AGGREGATE,30521.0,742.74,30528.3,NEAR_FLIP,EXPANSION,,,9.85,11.9,15.23,18.76,31847.69,775.0,1326.6899999999987,4.346810392844267,29974.96,29974.96,438298.48,-64113.21,14811.78,0.014843,23.86,73,0.08427198423329872,CALL WALL + VOL SENSITIVE
2026-06-02T07:14:15 ET,2026-06-02T07:10:00 ET,2026-06-02,Tue,0714ET,AGGREGATE,30521.0,742.74,30528.3,NEAR_FLIP,EXPANSION,,,9.85,11.9,15.23,18.76,32047.9,780.0,1526.9000000000015,5.002784967727143,377920.04,377920.04,7286280.22,-466863.92,244239.75,0.332749,524.5,677,0.9746983693524774,CALL WALL + VOL SENSITIVE
2026-06-02T07:14:15 ET,2026-06-02T07:10:00 ET,2026-06-02,Tue,0714ET,AGGREGATE,30521.0,742.74,30528.3,NEAR_FLIP,EXPANSION,,,9.85,11.9,15.23,18.76,32052.1,780.0,1531.0999999999985,5.0165459847318195,111203.33,111203.33,1145636.35,-546849.15,63879.81,0.057217,72.5,303,0.32887360064770216,CALL WALL + VOL SENSITIVE
2026-06-02T07:14:15 ET,2026-06-02T07:10:00 ET,2026-06-02,Tue,0714ET,AGGREGATE,30521.0,742.74,30528.3,NEAR_FLIP,EXPANSION,,,9.85,11.9,15.23,18.76,32053.15,780.0,1532.1500000000015,5.019986238983,53024.8,53024.8,769907.49,-130570.45,30606.73,0.028091,48.98,141,0.15909319348187287,CALL WALL + VOL SENSITIVE
2026-06-02T07:14:15 ET,2026-06-02T07:10:00 ET,2026-06-02,Tue,0714ET,AGGREGATE,30521.0,742.74,30528.3,NEAR_FLIP,EXPANSION,,,9.85,11.9,15.23,18.76,32253.34,785.0,1732.3400000000001,5.67589528521346,76046.52,76046.52,1582263.41,-106125.19,48371.34,0.0362,110.63,248,0.28458865091991126,CALL WALL + VOL SENSITIVE
2026-06-02T07:14:15 ET,2026-06-02T07:10:00 ET,2026-06-02,Tue,0714ET,AGGREGATE,30521.0,742.74,30528.3,NEAR_FLIP,EXPANSION,,,9.85,11.9,15.23,18.76,32257.57,785.0,1736.5699999999997,5.689754595196749,91042.4,91042.4,908727.11,-506394.72,62764.08,0.061435,69.32,227,0.25536188545464095,CALL WALL + VOL SENSITIVE
2026-06-02T07:14:15 ET,2026-06-02T07:10:00 ET,2026-06-02,Tue,0714ET,AGGREGATE,30521.0,742.74,30528.3,NEAR_FLIP,EXPANSION,,,9.85,11.9,15.23,18.76,32258.62,785.0,1737.619999999999,5.693194849447917,109969.68,109969.68,1736766.56,-305997.2,61476.37,0.027004,105.61,611,0.5741449930415281,CALL WALL + VOL SENSITIVE
2026-06-02T07:14:15 ET,2026-06-02T07:10:00 ET,2026-06-02,Tue,0714ET,AGGREGATE,30521.0,742.74,30528.3,NEAR_FLIP,EXPANSION,,,9.85,11.9,15.23,18.76,32458.77,790.0,1937.7700000000004,6.34897283837358,13658.59,13658.59,269497.83,-21254.45,10700.7,0.010192,23.39,35,0.04271700804890585,CALL WALL + VOL SENSITIVE
2026-06-02T07:14:15 ET,2026-06-02T07:10:00 ET,2026-06-02,Tue,0714ET,AGGREGATE,30521.0,742.74,30528.3,NEAR_FLIP,EXPANSION,,,9.85,11.9,15.23,18.76,32463.03,790.0,1942.0299999999988,6.36293044133547,186793.57,186793.57,1787952.11,-1158978.43,155268.39,0.176079,165.48,402,0.480670093570654,CALL WALL + VOL SENSITIVE
2026-06-02T07:14:15 ET,2026-06-02T07:10:00 ET,2026-06-02,Tue,0714ET,AGGREGATE,30521.0,742.74,30528.3,NEAR_FLIP,EXPANSION,,,9.85,11.9,15.23,18.76,32464.09,790.0,1943.0900000000001,6.366403459912847,2422.89,2422.89,39139.22,-7514.85,1449.21,0.000476,2.54,18,0.015232160582671548,CALL WALL + VOL SENSITIVE
2026-06-02T07:14:15 ET,2026-06-02T07:10:00 ET,2026-06-02,Tue,0714ET,AGGREGATE,30521.0,742.74,30528.3,NEAR_FLIP,EXPANSION,,,9.85,11.9,15.23,18.76,32668.49,795.0,2147.4900000000016,7.036106287474203,547.35,547.35,4995.7,-3746.73,548.01,0.000732,0.56,1,0.0004328960942288664,CALL WALL + VOL SENSITIVE
2026-06-02T07:14:15 ET,2026-06-02T07:10:00 ET,2026-06-02,Tue,0714ET,AGGREGATE,30521.0,742.74,30528.3,NEAR_FLIP,EXPANSION,,,9.85,11.9,15.23,18.76,32869.64,800.0,2348.6399999999994,7.695160709020017,4027.8099999999995,5798.49,90032.1,-10850.35,-738511.5900000001,-0.159241,10.389999999999999,49,0.0412548369786612,CALL WALL + VOL SENSITIVE
2026-06-02T07:14:15 ET,2026-06-02T07:10:00 ET,2026-06-02,Tue,0714ET,AGGREGATE,30521.0,742.74,30528.3,NEAR_FLIP,EXPANSION,,,9.85,11.9,15.23,18.76,32873.95,800.0,2352.949999999997,7.709282133612913,-640.8200000000002,1922.44,-5561.66,-14388.66,-146239.84,-0.228712,2.27,3,0.0026486101218229285,PUT WALL + VOL SENSITIVE
2026-06-02T07:14:15 ET,2026-06-02T07:10:00 ET,2026-06-02,Tue,0714ET,AGGREGATE,30521.0,742.74,30528.3,NEAR_FLIP,EXPANSION,,,9.85,11.9,15.23,18.76,32875.03,800.0,2354.029999999999,7.712820680842694,-56.260000000000005,281.28000000000003,-979.8600000000001,-1050.04,-222645.82,-0.030568,0.33,5,0.0029431170426494693,PUT WALL + VOL SENSITIVE
2026-06-02T07:14:15 ET,2026-06-02T07:10:00 ET,2026-06-02,Tue,0714ET,AGGREGATE,30521.0,742.74,30528.3,NEAR_FLIP,EXPANSION,,,9.85,11.9,15.23,18.76,33080.5,805.0,2559.5,8.386029291307624,113.17,113.17,1955.26,-457.99,78.08,1.1e-05,0.14,2,,
2026-06-02T07:14:15 ET,2026-06-02T07:10:00 ET,2026-06-02,Tue,0714ET,AGGREGATE,30521.0,742.74,30528.3,NEAR_FLIP,EXPANSION,,,9.85,11.9,15.23,18.76,33280.52,810.0,2759.519999999997,9.04138134399265,134.54,134.54,2956.97,-293.98,121.9,4e-05,0.29,1,,
2026-06-02T07:14:15 ET,2026-06-02T07:10:00 ET,2026-06-02,Tue,0714ET,AGGREGATE,30521.0,742.74,30528.3,NEAR_FLIP,EXPANSION,,,9.85,11.9,15.23,18.76,33490.34,815.0,2969.3399999999965,9.728842436355285,4591.0,4591.0,34219.62,-43155.75,9127.16,0.020453,7.92,5,,
