timestamp,intended_timestamp,snapshot_date,snapshot_weekday,session_label,expiry,nq_price,qqq_price,gamma_flip,gamma_regime,vol_regime,iv,rv_iv_ratio,hv5,hv10,hv21,hv63,strike_futures,strike_etf,dist_nq,dist_pct,net_gex,abs_gex,net_vex,net_charmex,net_dex,net_dag,net_vegaex,total_oi,call_oi,put_oi,strike_iv,score,type
2026-06-04T08:00:40 ET,2026-06-04T08:00:00 ET,2026-06-04,Thu,0800ET,2026-06-04,30242.75,744.21,30225.9,NEAR_FLIP,EXPANSION,,,5.83,10.06,15.19,18.43,27227.05,670.0,-3015.7000000000007,-9.971646096998457,-771001.66,797398.2999999999,4698505.68,8214029.699999999,-1465333.8200000003,-3.910096,1849.01,725,12,713,169.27,,
2026-06-04T08:00:40 ET,2026-06-04T08:00:00 ET,2026-06-04,Thu,0800ET,2026-06-08,30242.75,744.21,30225.9,NEAR_FLIP,EXPANSION,,,5.83,10.06,15.19,18.43,27227.05,670.0,-3015.7000000000007,-9.971646096998457,-560488.05,574726.9299999999,12648276.39,742039.0,-198055.87,-0.1473589999999998,2917.17,1062,12,1050,46.313559322033896,,
2026-06-04T08:00:40 ET,2026-06-04T08:00:00 ET,2026-06-04,Thu,0800ET,2026-06-04,30242.75,744.21,30225.9,NEAR_FLIP,EXPANSION,,,5.83,10.06,15.19,18.43,27267.69,671.0,-2975.0600000000013,-9.837266782947985,-325969.12,429486.33999999997,2002544.2299999997,4363696.5600000005,2260995.5,6.0408479999999996,974.4200000000001,390,47,343,165.62,,
2026-06-04T08:00:40 ET,2026-06-04T08:00:00 ET,2026-06-04,Thu,0800ET,2026-06-04,30242.75,744.21,30225.9,NEAR_FLIP,EXPANSION,,,5.83,10.06,15.19,18.43,27308.32,672.0,-2934.4300000000003,-9.7029205346736,-1496145.48,1507170.88,9265376.22,15100980.7,-3853083.7800000003,-10.306612,3345.2,1367,5,1362,162.03,,
2026-06-04T08:00:40 ET,2026-06-04T08:00:00 ET,2026-06-04,Thu,0800ET,2026-06-04,30242.75,744.21,30225.9,NEAR_FLIP,EXPANSION,,,5.83,10.06,15.19,18.43,27348.96,673.0,-2893.790000000001,-9.568541220623128,-770416.18,770416.18,4809267.67,7610559.64,-2102205.4,-5.629355,1672.55,698,0,698,158.48,,
2026-06-04T08:00:40 ET,2026-06-04T08:00:00 ET,2026-06-04,Thu,0800ET,2026-06-04,30242.75,744.21,30225.9,NEAR_FLIP,EXPANSION,,,5.83,10.06,15.19,18.43,27389.6,674.0,-2853.1500000000015,-9.434161906572655,-861812.79,864022.5700000001,5422628.48,8413440.57,-2219991.34,-5.950906000000001,1834.4299999999998,782,1,781,154.99,,
2026-06-04T08:00:40 ET,2026-06-04T08:00:00 ET,2026-06-04,Thu,0800ET,2026-06-04,30242.75,744.21,30225.9,NEAR_FLIP,EXPANSION,,,5.83,10.06,15.19,18.43,27430.24,675.0,-2812.5099999999984,-9.29978259252217,-671326.8899999999,700082.25,4257469.28,6718331.04,-841464.59,-2.257848,1453.3799999999999,633,13,620,151.54999999999998,,
2026-06-04T08:00:40 ET,2026-06-04T08:00:00 ET,2026-06-04,Thu,0800ET,2026-06-08,30242.75,744.21,30225.9,NEAR_FLIP,EXPANSION,,,5.83,10.06,15.19,18.43,27430.24,675.0,-2812.5099999999984,-9.29978259252217,-238841.79,245259.27,5369970.59,294326.81,-64303.0,-0.04947699999999999,1162.27,413,5,408,43.24150121065376,,
2026-06-04T08:00:40 ET,2026-06-04T08:00:00 ET,2026-06-04,Thu,0800ET,2026-06-04,30242.75,744.21,30225.9,NEAR_FLIP,EXPANSION,,,5.83,10.06,15.19,18.43,27470.87,676.0,-2771.880000000001,-9.165436344247798,-1072708.8599999999,1074922.92,6856383.989999999,10163830.370000001,-2627748.5900000003,-7.057573,2181.67,971,1,970,148.16,,
2026-06-04T08:00:40 ET,2026-06-04T08:00:00 ET,2026-06-04,Thu,0800ET,2026-06-04,30242.75,744.21,30225.9,NEAR_FLIP,EXPANSION,,,5.83,10.06,15.19,18.43,27511.51,677.0,-2731.2400000000016,-9.031057030197326,-2005593.83,2012242.21,12918888.05,18742583.87,-4697248.0,-12.627617,3992.09,1816,3,1813,144.83,,
2026-06-04T08:00:40 ET,2026-06-04T08:00:00 ET,2026-06-04,Thu,0800ET,2026-06-04,30242.75,744.21,30225.9,NEAR_FLIP,EXPANSION,,,5.83,10.06,15.19,18.43,27552.15,678.0,-2690.5999999999985,-8.89667771614684,-1342018.27,1342018.27,8711246.35,12310492.24,-3191673.14,-8.588256,2602.06,1210,0,1210,141.54,,
2026-06-04T08:00:40 ET,2026-06-04T08:00:00 ET,2026-06-04,Thu,0800ET,2026-06-04,30242.75,744.21,30225.9,NEAR_FLIP,EXPANSION,,,5.83,10.06,15.19,18.43,27592.79,679.0,-2649.959999999999,-8.762298402096368,-2355803.87,2393550.0300000003,15408810.040000001,21618377.330000002,-4270503.99,-11.502345,4534.900000000001,2156,17,2139,138.31000000000003,,
2026-06-04T08:00:40 ET,2026-06-04T08:00:00 ET,2026-06-04,Thu,0800ET,2026-06-04,30242.75,744.21,30225.9,NEAR_FLIP,EXPANSION,,,5.83,10.06,15.19,18.43,27633.42,680.0,-2609.3300000000017,-8.627952153821997,-3108348.5300000003,3148355.87,20484885.939999998,27991155.65,-5740149.92,-15.476543,5827.78,2833,18,2815,135.13000000000002,,
2026-06-04T08:00:40 ET,2026-06-04T08:00:00 ET,2026-06-04,Thu,0800ET,2026-06-08,30242.75,744.21,30225.9,NEAR_FLIP,EXPANSION,,,5.83,10.06,15.19,18.43,27633.42,680.0,-2609.3300000000017,-8.627952153821997,-316636.32,346441.27999999997,7075229.39,384372.49,984281.0199999999,1.7588469999999998,1530.6,522,21,501,40.312183908045974,,
2026-06-04T08:00:40 ET,2026-06-04T08:00:00 ET,2026-06-04,Thu,0800ET,2026-06-04,30242.75,744.21,30225.9,NEAR_FLIP,EXPANSION,,,5.83,10.06,15.19,18.43,27674.06,681.0,-2568.6899999999987,-8.493572839771511,-129054.57,129054.57,856868.29,1129162.75,-282132.23,-0.761521,233.35,116,0,116,132.0,,
2026-06-04T08:00:40 ET,2026-06-04T08:00:00 ET,2026-06-04,Thu,0800ET,2026-06-04,30242.75,744.21,30225.9,NEAR_FLIP,EXPANSION,,,5.83,10.06,15.19,18.43,27714.7,682.0,-2528.0499999999993,-8.359193525721038,-1015865.45,1149531.95,6794752.260000001,9895477.29,2022448.71,5.465531,2030.06,1032,60,972,128.92000000000002,,
2026-06-04T08:00:40 ET,2026-06-04T08:00:00 ET,2026-06-04,Thu,0800ET,2026-06-04,30242.75,744.21,30225.9,NEAR_FLIP,EXPANSION,,,5.83,10.06,15.19,18.43,27755.34,683.0,-2487.41,-8.224814211670566,-1086396.67,1086396.67,7319465.04,9198555.95,-2243842.33,-6.072049,1873.48,974,0,974,125.89,,
2026-06-04T08:00:40 ET,2026-06-04T08:00:00 ET,2026-06-04,Thu,0800ET,2026-06-04,30242.75,744.21,30225.9,NEAR_FLIP,EXPANSION,,,5.83,10.06,15.19,18.43,27795.97,684.0,-2446.779999999999,-8.090467963396183,-916029.47,916029.47,6215943.64,7626680.45,-1838639.5,-4.98317,1542.31,820,0,820,122.91,,
2026-06-04T08:00:40 ET,2026-06-04T08:00:00 ET,2026-06-04,Thu,0800ET,2026-06-04,30242.75,744.21,30225.9,NEAR_FLIP,EXPANSION,,,5.83,10.06,15.19,18.43,27836.61,685.0,-2406.1399999999994,-7.956088649345709,-468890.13,506938.49,3204239.1999999997,4149079.79,276429.0299999999,0.7505060000000001,833.1899999999999,453,17,436,119.98,,
2026-06-04T08:00:40 ET,2026-06-04T08:00:00 ET,2026-06-04,Thu,0800ET,2026-06-08,30242.75,744.21,30225.9,NEAR_FLIP,EXPANSION,,,5.83,10.06,15.19,18.43,27836.61,685.0,-2406.1399999999994,-7.956088649345709,-77879.68,156791.04,1737604.5499999998,159823.66999999998,3399173.29,6.664124999999999,646.7,205,49,156,37.62926829268293,,
2026-06-04T08:00:40 ET,2026-06-04T08:00:00 ET,2026-06-04,Thu,0800ET,2026-06-04,30242.75,744.21,30225.9,NEAR_FLIP,EXPANSION,,,5.83,10.06,15.19,18.43,27877.25,686.0,-2365.5,-7.821709335295236,-708679.63,708679.63,4876469.54,5700177.85,-1342951.7,-3.65348,1136.82,632,0,632,117.1,,
2026-06-04T08:00:40 ET,2026-06-04T08:00:00 ET,2026-06-04,Thu,0800ET,2026-06-08,30242.75,744.21,30225.9,NEAR_FLIP,EXPANSION,,,5.83,10.06,15.19,18.43,27877.25,686.0,-2365.5,-7.821709335295236,-2421.0,2421.0,52672.69,2424.03,-3820.7,-0.00748,9.91,3,0,3,37.35,,
2026-06-04T08:00:40 ET,2026-06-04T08:00:00 ET,2026-06-04,Thu,0800ET,2026-06-04,30242.75,744.21,30225.9,NEAR_FLIP,EXPANSION,,,5.83,10.06,15.19,18.43,27917.89,687.0,-2324.8600000000006,-7.6873300212447635,-251762.92,305712.12,1744175.89,2415796.49,1223283.29,3.335679,478.56,272,24,248,114.27,,
2026-06-04T08:00:40 ET,2026-06-04T08:00:00 ET,2026-06-04,Thu,0800ET,2026-06-08,30242.75,744.21,30225.9,NEAR_FLIP,EXPANSION,,,5.83,10.06,15.19,18.43,27917.89,687.0,-2324.8600000000006,-7.6873300212447635,-5468.77,8883.97,120848.65,8737.16,135188.56,0.28153300000000003,35.54,11,2,9,36.49454545454545,,
2026-06-04T08:00:40 ET,2026-06-04T08:00:00 ET,2026-06-04,Thu,0800ET,2026-06-04,30242.75,744.21,30225.9,NEAR_FLIP,EXPANSION,,,5.83,10.06,15.19,18.43,27958.52,688.0,-2284.2299999999996,-7.55298377297038,-534183.74,556723.1399999999,3725364.1599999997,4320749.04,-251437.71000000008,-0.6874739999999997,850.2900000000001,494,10,484,111.49,,
2026-06-04T08:00:40 ET,2026-06-04T08:00:00 ET,2026-06-04,Thu,0800ET,2026-06-08,30242.75,744.21,30225.9,NEAR_FLIP,EXPANSION,,,5.83,10.06,15.19,18.43,27958.52,688.0,-2284.2299999999996,-7.55298377297038,-12500.29,12500.29,272499.88,12069.77,-18978.62,-0.038371,49.27,15,0,15,35.97,,
2026-06-04T08:00:40 ET,2026-06-04T08:00:00 ET,2026-06-04,Thu,0800ET,2026-06-04,30242.75,744.21,30225.9,NEAR_FLIP,EXPANSION,,,5.83,10.06,15.19,18.43,27999.16,689.0,-2243.59,-7.418604458919907,-443148.52,445409.48,3110560.0,3393981.2399999998,-699330.07,-1.9180449999999998,663.62,394,1,393,108.76,,
2026-06-04T08:00:40 ET,2026-06-04T08:00:00 ET,2026-06-04,Thu,0800ET,2026-06-08,30242.75,744.21,30225.9,NEAR_FLIP,EXPANSION,,,5.83,10.06,15.19,18.43,27999.16,689.0,-2243.59,-7.418604458919907,-20904.86,20904.86,426096.23,19786.85,-34958.37,-0.088651,86.41,20,0,20,37.72,,
2026-06-04T08:00:40 ET,2026-06-04T08:00:00 ET,2026-06-04,Thu,0800ET,2026-06-04,30242.75,744.21,30225.9,NEAR_FLIP,EXPANSION,,,5.83,10.06,15.19,18.43,28039.8,690.0,-2202.9500000000007,-7.284225144869434,-642154.77,682998.53,4535932.05,5108026.279999999,187165.33000000007,0.5151840000000001,992.54,602,18,584,106.08000000000001,,
2026-06-04T08:00:40 ET,2026-06-04T08:00:00 ET,2026-06-04,Thu,0800ET,2026-06-08,30242.75,744.21,30225.9,NEAR_FLIP,EXPANSION,,,5.83,10.06,15.19,18.43,28039.8,690.0,-2202.9500000000007,-7.284225144869434,-388876.03,435923.03,8290749.33,405205.69,1197261.3699999999,2.7451939999999997,1692.84,467,25,442,35.43481798715204,,
2026-06-04T08:00:40 ET,2026-06-04T08:00:00 ET,2026-06-04,Thu,0800ET,2026-06-04,30242.75,744.21,30225.9,NEAR_FLIP,EXPANSION,,,5.83,10.06,15.19,18.43,28080.43,691.0,-2162.3199999999997,-7.149878896595051,-140128.55000000002,172027.73,995890.63,1262301.55,759984.6799999999,2.1005830000000003,243.79,151,14,137,103.44999999999999,,
2026-06-04T08:00:40 ET,2026-06-04T08:00:00 ET,2026-06-04,Thu,0800ET,2026-06-08,30242.75,744.21,30225.9,NEAR_FLIP,EXPANSION,,,5.83,10.06,15.19,18.43,28080.43,691.0,-2162.3199999999997,-7.149878896595051,-35450.61,35450.61,747611.87,32316.03,-53903.55,-0.128781,136.49,36,0,36,35.13,,
2026-06-04T08:00:40 ET,2026-06-04T08:00:00 ET,2026-06-04,Thu,0800ET,2026-06-04,30242.75,744.21,30225.9,NEAR_FLIP,EXPANSION,,,5.83,10.06,15.19,18.43,28121.07,692.0,-2121.6800000000003,-7.015499582544578,-2300835.34,2305414.12,16449141.28,16591561.21,-3520299.71,-9.776482,3185.5299999999997,2014,2,2012,100.86999999999999,,
2026-06-04T08:00:40 ET,2026-06-04T08:00:00 ET,2026-06-04,Thu,0800ET,2026-06-08,30242.75,744.21,30225.9,NEAR_FLIP,EXPANSION,,,5.83,10.06,15.19,18.43,28121.07,692.0,-2121.6800000000003,-7.015499582544578,-77884.18,77884.18,1610285.38,69589.59,-120176.62,-0.311071,299.88,73,0,73,35.13,,
2026-06-04T08:00:40 ET,2026-06-04T08:00:00 ET,2026-06-04,Thu,0800ET,2026-06-04,30242.75,744.21,30225.9,NEAR_FLIP,EXPANSION,,,5.83,10.06,15.19,18.43,28161.71,693.0,-2081.040000000001,-6.881120268494105,-875882.63,878184.5499999999,6297731.890000001,6196325.6,-1282935.41,-3.5824450000000003,1182.95,763,1,762,98.33,,
2026-06-04T08:00:40 ET,2026-06-04T08:00:00 ET,2026-06-04,Thu,0800ET,2026-06-08,30242.75,744.21,30225.9,NEAR_FLIP,EXPANSION,,,5.83,10.06,15.19,18.43,28161.71,693.0,-2081.040000000001,-6.881120268494105,-118739.66,127133.29999999999,2492520.6199999996,111370.49,110158.38,0.283651,472.92999999999995,122,4,118,33.942622950819676,,
2026-06-04T08:00:40 ET,2026-06-04T08:00:00 ET,2026-06-04,Thu,0800ET,2026-06-04,30242.75,744.21,30225.9,NEAR_FLIP,EXPANSION,,,5.83,10.06,15.19,18.43,28202.35,694.0,-2040.4000000000015,-6.7467409544436325,-648577.21,648577.21,4689011.51,4484876.58,-973547.23,-2.735547,851.57,560,0,560,95.85,,
2026-06-04T08:00:40 ET,2026-06-04T08:00:00 ET,2026-06-04,Thu,0800ET,2026-06-08,30242.75,744.21,30225.9,NEAR_FLIP,EXPANSION,,,5.83,10.06,15.19,18.43,28202.35,694.0,-2040.4000000000015,-6.7467409544436325,-209022.88,209022.88,4323769.15,179358.44,-309845.8,-0.835786,773.03,188,0,188,33.75,,
2026-06-04T08:00:40 ET,2026-06-04T08:00:00 ET,2026-06-04,Thu,0800ET,2026-06-04,30242.75,744.21,30225.9,NEAR_FLIP,EXPANSION,,,5.83,10.06,15.19,18.43,28242.98,695.0,-1999.7700000000004,-6.6123947061692485,-1665691.6300000001,1679689.03,12105666.87,11378412.66,-2002048.75,-5.665712999999999,2149.29,1440,6,1434,93.41,,
2026-06-04T08:00:40 ET,2026-06-04T08:00:00 ET,2026-06-04,Thu,0800ET,2026-06-08,30242.75,744.21,30225.9,NEAR_FLIP,EXPANSION,,,5.83,10.06,15.19,18.43,28242.98,695.0,-1999.7700000000004,-6.6123947061692485,-560805.71,660763.81,11539873.829999998,555259.23,2307359.48,6.322747999999999,2404.63,574,44,530,33.207735191637624,,
2026-06-04T08:00:40 ET,2026-06-04T08:00:00 ET,2026-06-04,Thu,0800ET,2026-06-04,30242.75,744.21,30225.9,NEAR_FLIP,EXPANSION,,,5.83,10.06,15.19,18.43,28283.62,696.0,-1959.130000000001,-6.478015392118776,-1184163.41,1184163.41,8648985.93,7854978.45,-1676467.17,-4.782894,1476.45,1007,0,1007,91.02,,
2026-06-04T08:00:40 ET,2026-06-04T08:00:00 ET,2026-06-04,Thu,0800ET,2026-06-08,30242.75,744.21,30225.9,NEAR_FLIP,EXPANSION,,,5.83,10.06,15.19,18.43,28283.62,696.0,-1959.130000000001,-6.478015392118776,-1559895.22,1559895.22,32157135.72,1283294.45,-2232815.43,-6.358238,5553.93,1329,0,1329,32.49,,
2026-06-04T08:00:40 ET,2026-06-04T08:00:00 ET,2026-06-04,Thu,0800ET,2026-06-04,30242.75,744.21,30225.9,NEAR_FLIP,EXPANSION,,,5.83,10.06,15.19,18.43,28324.26,697.0,-1918.4900000000016,-6.343636078068303,-643229.77,666965.19,4720143.420000001,4330381.739999999,-172862.88,-0.4977159999999996,810.1899999999999,562,10,552,88.68,,
2026-06-04T08:00:40 ET,2026-06-04T08:00:00 ET,2026-06-04,Thu,0800ET,2026-06-08,30242.75,744.21,30225.9,NEAR_FLIP,EXPANSION,,,5.83,10.06,15.19,18.43,28324.26,697.0,-1918.4900000000016,-6.343636078068303,-259963.76,259963.76,5247024.98,209203.38,-377711.75,-1.167768,925.11,204,0,204,32.47,,
2026-06-04T08:00:40 ET,2026-06-04T08:00:00 ET,2026-06-04,Thu,0800ET,2026-06-04,30242.75,744.21,30225.9,NEAR_FLIP,EXPANSION,,,5.83,10.06,15.19,18.43,28364.9,698.0,-1877.8499999999985,-6.209256764017818,-510833.2899999999,810618.09,3765045.9999999995,5149085.24,8220040.32,23.914265,959.2,676,125,551,86.38,,
2026-06-04T08:00:40 ET,2026-06-04T08:00:00 ET,2026-06-04,Thu,0800ET,2026-06-08,30242.75,744.21,30225.9,NEAR_FLIP,EXPANSION,,,5.83,10.06,15.19,18.43,28364.9,698.0,-1877.8499999999985,-6.209256764017818,-411883.84,411883.84,8216392.05,324138.29,-597511.91,-1.951252,1450.85,306,0,306,32.14,,
2026-06-04T08:00:40 ET,2026-06-04T08:00:00 ET,2026-06-04,Thu,0800ET,2026-06-04,30242.75,744.21,30225.9,NEAR_FLIP,EXPANSION,,,5.83,10.06,15.19,18.43,28405.53,699.0,-1837.2200000000012,-6.074910515743446,-1640286.24,1640286.24,12138611.58,10188654.2,-2127883.37,-6.263315,1890.42,1352,0,1352,84.13,,
2026-06-04T08:00:40 ET,2026-06-04T08:00:00 ET,2026-06-04,Thu,0800ET,2026-06-08,30242.75,744.21,30225.9,NEAR_FLIP,EXPANSION,,,5.83,10.06,15.19,18.43,28405.53,699.0,-1837.2200000000012,-6.074910515743446,-77197.54,77197.54,1539822.51,59393.92,-109578.95,-0.366485,265.98,56,0,56,31.44,,
2026-06-04T08:00:40 ET,2026-06-04T08:00:00 ET,2026-06-04,Thu,0800ET,2026-06-04,30242.75,744.21,30225.9,NEAR_FLIP,EXPANSION,,,5.83,10.06,15.19,18.43,28446.17,700.0,-1796.5800000000017,-5.940531201692973,-4169642.43,4258148.99,30970742.299999997,25851452.86,-2687209.3499999996,-8.014159000000001,4779.11,3464,36,3428,81.93,,
2026-06-04T08:00:40 ET,2026-06-04T08:00:00 ET,2026-06-04,Thu,0800ET,2026-06-08,30242.75,744.21,30225.9,NEAR_FLIP,EXPANSION,,,5.83,10.06,15.19,18.43,28446.17,700.0,-1796.5800000000017,-5.940531201692973,-994582.7899999999,1079749.0899999999,19770896.35,811716.36,725497.7499999998,2.4800180000000003,3648.67,758,30,728,30.838021108179422,,
2026-06-04T08:00:40 ET,2026-06-04T08:00:00 ET,2026-06-04,Thu,0800ET,2026-06-04,30242.75,744.21,30225.9,NEAR_FLIP,EXPANSION,,,5.83,10.06,15.19,18.43,28486.81,701.0,-1755.9399999999987,-5.806151887642488,-1423360.55,1423360.55,10607287.23,8441502.81,-1742873.84,-5.274833,1555.5,1141,0,1141,79.78,,
2026-06-04T08:00:40 ET,2026-06-04T08:00:00 ET,2026-06-04,Thu,0800ET,2026-06-08,30242.75,744.21,30225.9,NEAR_FLIP,EXPANSION,,,5.83,10.06,15.19,18.43,28486.81,701.0,-1755.9399999999987,-5.806151887642488,-167187.26,167187.26,3272141.25,122718.74,-234216.17,-0.863656,560.59,110,0,110,30.6,,
2026-06-04T08:00:40 ET,2026-06-04T08:00:00 ET,2026-06-04,Thu,0800ET,2026-06-04,30242.75,744.21,30225.9,NEAR_FLIP,EXPANSION,,,5.83,10.06,15.19,18.43,28527.45,702.0,-1715.2999999999993,-5.6717725735920155,-1189509.6700000002,1197118.47,8890255.1,6931801.73,-1201206.13,-3.695696,1273.7,944,3,941,77.67,,
2026-06-04T08:00:40 ET,2026-06-04T08:00:00 ET,2026-06-04,Thu,0800ET,2026-06-08,30242.75,744.21,30225.9,NEAR_FLIP,EXPANSION,,,5.83,10.06,15.19,18.43,28527.45,702.0,-1715.2999999999993,-5.6717725735920155,-187965.15,187965.15,3594615.43,134623.01,-267479.53,-1.069982,629.68,114,0,114,30.57,,
2026-06-04T08:00:40 ET,2026-06-04T08:00:00 ET,2026-06-04,Thu,0800ET,2026-06-04,30242.75,744.21,30225.9,NEAR_FLIP,EXPANSION,,,5.83,10.06,15.19,18.43,28568.08,703.0,-1674.6699999999983,-5.537426325317632,-1053919.8499999999,1056502.99,7896178.199999999,5969475.11,-1147487.3800000001,-3.595662,1094.26,818,1,817,75.61,,
2026-06-04T08:00:40 ET,2026-06-04T08:00:00 ET,2026-06-04,Thu,0800ET,2026-06-08,30242.75,744.21,30225.9,NEAR_FLIP,EXPANSION,,,5.83,10.06,15.19,18.43,28568.08,703.0,-1674.6699999999983,-5.537426325317632,-188096.07,567585.8500000001,3540278.1500000004,396596.31999999995,7772126.14,31.045274,1852.69,337,115,222,29.78032640949555,,
2026-06-04T08:00:40 ET,2026-06-04T08:00:00 ET,2026-06-04,Thu,0800ET,2026-06-04,30242.75,744.21,30225.9,NEAR_FLIP,EXPANSION,,,5.83,10.06,15.19,18.43,28608.72,704.0,-1634.0299999999988,-5.403047011267159,-2180178.99,2198632.75,16366497.959999999,12114759.19,-1951202.4100000001,-6.239826,2216.52,1668,7,1661,73.59,,
2026-06-04T08:00:40 ET,2026-06-04T08:00:00 ET,2026-06-04,Thu,0800ET,2026-06-08,30242.75,744.21,30225.9,NEAR_FLIP,EXPANSION,,,5.83,10.06,15.19,18.43,28608.72,704.0,-1634.0299999999988,-5.403047011267159,-243425.05,243425.05,4594730.76,165796.16,-337365.02,-1.465008,786.5,136,0,136,29.48,,
2026-06-04T08:00:40 ET,2026-06-04T08:00:00 ET,2026-06-04,Thu,0800ET,2026-06-04,30242.75,744.21,30225.9,NEAR_FLIP,EXPANSION,,,5.83,10.06,15.19,18.43,28649.36,705.0,-1593.3899999999994,-5.268667697216686,-675452.05,2589906.9699999997,5077935.49,13908180.0,50007005.24,163.569055,2541.13,1921,710,1211,71.63,,
2026-06-04T08:00:40 ET,2026-06-04T08:00:00 ET,2026-06-04,Thu,0800ET,2026-06-08,30242.75,744.21,30225.9,NEAR_FLIP,EXPANSION,,,5.83,10.06,15.19,18.43,28649.36,705.0,-1593.3899999999994,-5.268667697216686,-8003191.76,8054614.76,149786156.07000002,5344676.399999999,-9999606.190000001,-45.547976,25582.7,4299,14,4285,28.979185857176088,,
2026-06-04T08:00:40 ET,2026-06-04T08:00:00 ET,2026-06-04,Thu,0800ET,2026-06-04,30242.75,744.21,30225.9,NEAR_FLIP,EXPANSION,,,5.83,10.06,15.19,18.43,28690.0,706.0,-1552.75,-5.134288383166213,-1459685.16,1506682.5999999999,10983429.03,7880348.069999999,-337440.99,-1.1316349999999993,1438.63,1090,17,1073,69.7,,
2026-06-04T08:00:40 ET,2026-06-04T08:00:00 ET,2026-06-04,Thu,0800ET,2026-06-08,30242.75,744.21,30225.9,NEAR_FLIP,EXPANSION,,,5.83,10.06,15.19,18.43,28690.0,706.0,-1552.75,-5.134288383166213,-474918.65,474918.65,8743948.46,306773.19,-652231.94,-3.157605,1493.62,238,0,238,28.7,,
2026-06-04T08:00:40 ET,2026-06-04T08:00:00 ET,2026-06-04,Thu,0800ET,2026-06-04,30242.75,744.21,30225.9,NEAR_FLIP,EXPANSION,,,5.83,10.06,15.19,18.43,28730.63,707.0,-1512.119999999999,-4.99994213489183,-929245.21,934928.6699999999,6994119.24,4759244.5,-818866.36,-2.822794,868.66,658,2,656,67.83,,
2026-06-04T08:00:40 ET,2026-06-04T08:00:00 ET,2026-06-04,Thu,0800ET,2026-06-08,30242.75,744.21,30225.9,NEAR_FLIP,EXPANSION,,,5.83,10.06,15.19,18.43,28730.63,707.0,-1512.119999999999,-4.99994213489183,-627792.29,631902.05,11394772.66,397086.04000000004,-791082.7100000001,-4.066733,1962.1599999999999,299,1,298,28.33872909698996,,
2026-06-04T08:00:40 ET,2026-06-04T08:00:00 ET,2026-06-04,Thu,0800ET,2026-06-04,30242.75,744.21,30225.9,NEAR_FLIP,EXPANSION,,,5.83,10.06,15.19,18.43,28771.27,708.0,-1471.4799999999996,-4.865562820841357,-1329835.5,1335693.7999999998,10005563.24,6612786.630000001,-1197053.8800000001,-4.25343,1207.51,912,2,910,65.99,,
2026-06-04T08:00:40 ET,2026-06-04T08:00:00 ET,2026-06-04,Thu,0800ET,2026-06-08,30242.75,744.21,30225.9,NEAR_FLIP,EXPANSION,,,5.83,10.06,15.19,18.43,28771.27,708.0,-1471.4799999999996,-4.865562820841357,-181128.61,181128.61,3262685.55,110659.45,-244579.15,-1.310709,551.39,82,0,82,27.78,,
2026-06-04T08:00:40 ET,2026-06-04T08:00:00 ET,2026-06-04,Thu,0800ET,2026-06-04,30242.75,744.21,30225.9,NEAR_FLIP,EXPANSION,,,5.83,10.06,15.19,18.43,28811.91,709.0,-1430.8400000000001,-4.7311835067908845,-2705727.34,2705727.34,20335875.8,13017997.83,-2655367.18,-9.754333,2379.86,1787,0,1787,64.21,,
2026-06-04T08:00:40 ET,2026-06-04T08:00:00 ET,2026-06-04,Thu,0800ET,2026-06-08,30242.75,744.21,30225.9,NEAR_FLIP,EXPANSION,,,5.83,10.06,15.19,18.43,28811.91,709.0,-1430.8400000000001,-4.7311835067908845,-1061377.43,1061377.43,18785886.84,629837.06,-1435214.05,-8.194519,3196.12,451,0,451,27.48,,
2026-06-04T08:00:40 ET,2026-06-04T08:00:00 ET,2026-06-04,Thu,0800ET,2026-06-04,30242.75,744.21,30225.9,NEAR_FLIP,EXPANSION,,,5.83,10.06,15.19,18.43,28852.54,710.0,-1390.2099999999991,-4.596837258516501,-6240368.84,9371545.36,46815965.39,43782369.49,65235650.720000006,248.531186,8019.38,5968,997,4971,62.46999999999999,,
2026-06-04T08:00:40 ET,2026-06-04T08:00:00 ET,2026-06-04,Thu,0800ET,2026-06-08,30242.75,744.21,30225.9,NEAR_FLIP,EXPANSION,,,5.83,10.06,15.19,18.43,28852.54,710.0,-1390.2099999999991,-4.596837258516501,-3403231.58,3467038.6399999997,59293620.24,1996790.21,-3707991.4200000004,-22.553383000000004,10299.369999999999,1389,13,1376,27.107660187185026,,
2026-06-04T08:00:40 ET,2026-06-04T08:00:00 ET,2026-06-04,Thu,0800ET,2026-06-04,30242.75,744.21,30225.9,NEAR_FLIP,EXPANSION,,,5.83,10.06,15.19,18.43,28893.18,711.0,-1349.5699999999997,-4.462457944466028,-2255011.0700000003,2268083.59,16872524.0,10280149.129999999,-1817077.82,-7.203716,1888.14,1388,4,1384,60.77000000000001,,
2026-06-04T08:00:40 ET,2026-06-04T08:00:00 ET,2026-06-04,Thu,0800ET,2026-06-08,30242.75,744.21,30225.9,NEAR_FLIP,EXPANSION,,,5.83,10.06,15.19,18.43,28893.18,711.0,-1349.5699999999997,-4.462457944466028,-312802.82,338897.48000000004,5360813.46,189268.00999999998,-83540.45000000001,-0.5711299999999997,992.6899999999999,128,5,123,26.731015625,,
2026-06-04T08:00:40 ET,2026-06-04T08:00:00 ET,2026-06-04,Thu,0800ET,2026-06-04,30242.75,744.21,30225.9,NEAR_FLIP,EXPANSION,,,5.83,10.06,15.19,18.43,28933.82,712.0,-1308.9300000000003,-4.328078630415555,-4452298.100000001,4472776.28,33195310.46,19650401.46,-3622205.46,-14.996735999999999,3622.34,2621,6,2615,59.12,,
2026-06-04T08:00:40 ET,2026-06-04T08:00:00 ET,2026-06-04,Thu,0800ET,2026-06-08,30242.75,744.21,30225.9,NEAR_FLIP,EXPANSION,,,5.83,10.06,15.19,18.43,28933.82,712.0,-1308.9300000000003,-4.328078630415555,-531139.13,614460.7100000001,8929245.28,332443.56,289956.65,1.8709509999999998,1777.68,218,15,203,26.40211009174312,,
2026-06-04T08:00:40 ET,2026-06-04T08:00:00 ET,2026-06-04,Thu,0800ET,2026-06-04,30242.75,744.21,30225.9,NEAR_FLIP,EXPANSION,,,5.83,10.06,15.19,18.43,28974.46,713.0,-1268.2900000000009,-4.193699316365082,-5760343.2,5767498.899999999,42754657.74,24536479.36,-4973325.4399999995,-21.585041,4543.96,3224,2,3222,57.51,,
2026-06-04T08:00:40 ET,2026-06-04T08:00:00 ET,2026-06-04,Thu,0800ET,2026-06-08,30242.75,744.21,30225.9,NEAR_FLIP,EXPANSION,,,5.83,10.06,15.19,18.43,28974.46,713.0,-1268.2900000000009,-4.193699316365082,-1154876.95,1184464.93,18980728.18,620147.03,-1233204.15,-9.097163,3398.6,392,5,387,26.185408163265308,,
2026-06-04T08:00:40 ET,2026-06-04T08:00:00 ET,2026-06-04,Thu,0800ET,2026-06-04,30242.75,744.21,30225.9,NEAR_FLIP,EXPANSION,,,5.83,10.06,15.19,18.43,29015.09,714.0,-1227.6599999999999,-4.059353068090699,-11377391.29,11437640.73,85947280.38,47080570.86,-8346792.279999999,-35.141040000000004,8568.64,6522,16,6506,54.69309107635695,,
2026-06-04T08:00:40 ET,2026-06-04T08:00:00 ET,2026-06-04,Thu,0800ET,2026-06-08,30242.75,744.21,30225.9,NEAR_FLIP,EXPANSION,,,5.83,10.06,15.19,18.43,29015.09,714.0,-1227.6599999999999,-4.059353068090699,-1560226.51,1572845.11,25143743.88,796124.23,-1983645.03,-15.501787,4454.83,489,2,487,25.848568507157466,,
2026-06-04T08:00:40 ET,2026-06-04T08:00:00 ET,2026-06-04,Thu,0800ET,2026-06-04,30242.75,744.21,30225.9,NEAR_FLIP,EXPANSION,,,5.83,10.06,15.19,18.43,29055.73,715.0,-1187.0200000000004,-3.924973754040226,-7909786.459999999,11137358.44,59685967.39999999,44296836.01,51231709.63,249.94907199999997,8138.37,5957,811,5146,53.33290078898774,,
2026-06-04T08:00:40 ET,2026-06-04T08:00:00 ET,2026-06-04,Thu,0800ET,2026-06-08,30242.75,744.21,30225.9,NEAR_FLIP,EXPANSION,,,5.83,10.06,15.19,18.43,29055.73,715.0,-1187.0200000000004,-3.924973754040226,-3799983.15,3867301.4099999997,60006797.839999996,1890326.73,-4497616.0,-37.446602999999996,10804.179999999998,1130,10,1120,25.49716814159292,,
2026-06-04T08:00:40 ET,2026-06-04T08:00:00 ET,2026-06-04,Thu,0800ET,2026-06-04,30242.75,744.21,30225.9,NEAR_FLIP,EXPANSION,,,5.83,10.06,15.19,18.43,29096.37,716.0,-1146.380000000001,-3.7905944399897527,-3874405.4699999997,3937771.71,28689870.04,15115112.06,-2057037.67,-9.724079,2807.5699999999997,1963,15,1948,52.047030056036675,,
2026-06-04T08:00:40 ET,2026-06-04T08:00:00 ET,2026-06-04,Thu,0800ET,2026-06-08,30242.75,744.21,30225.9,NEAR_FLIP,EXPANSION,,,5.83,10.06,15.19,18.43,29096.37,716.0,-1146.380000000001,-3.7905944399897527,-855336.59,977517.87,13190303.94,460841.39,-62036.29000000004,-0.7147760000000005,2695.9199999999996,268,17,251,25.169701492537314,,
2026-06-04T08:00:40 ET,2026-06-04T08:00:00 ET,2026-06-04,Thu,0800ET,2026-06-04,30242.75,744.21,30225.9,NEAR_FLIP,EXPANSION,,,5.83,10.06,15.19,18.43,29137.01,717.0,-1105.7400000000016,-3.65621512593928,-6766465.75,6910607.23,49745447.22,25569118.32,-3057584.45,-15.090878000000002,4785.0,3245,32,3213,50.5497627118644,,
2026-06-04T08:00:40 ET,2026-06-04T08:00:00 ET,2026-06-04,Thu,0800ET,2026-06-08,30242.75,744.21,30225.9,NEAR_FLIP,EXPANSION,,,5.83,10.06,15.19,18.43,29137.01,717.0,-1105.7400000000016,-3.65621512593928,-1110555.66,1202681.74,16675257.04,546106.44,-753461.1399999999,-7.281890000000001,3286.38,308,12,296,24.934805194805197,,
2026-06-04T08:00:40 ET,2026-06-04T08:00:00 ET,2026-06-04,Thu,0800ET,2026-06-04,30242.75,744.21,30225.9,NEAR_FLIP,EXPANSION,,,5.83,10.06,15.19,18.43,29177.64,718.0,-1065.1100000000006,-3.5218688776648968,-4348765.26,4758925.0600000005,31124937.77,16946547.19,2548801.89,15.125392000000002,3257.79,1991,85,1906,49.9772576594676,,
2026-06-04T08:00:40 ET,2026-06-04T08:00:00 ET,2026-06-04,Thu,0800ET,2026-06-08,30242.75,744.21,30225.9,NEAR_FLIP,EXPANSION,,,5.83,10.06,15.19,18.43,29177.64,718.0,-1065.1100000000006,-3.5218688776648968,-1847321.23,2191882.65,27051832.82,957345.97,120811.93000000017,0.7836669999999977,5906.92,527,42,485,24.591309297912716,,
2026-06-04T08:00:40 ET,2026-06-04T08:00:00 ET,2026-06-04,Thu,0800ET,2026-06-04,30242.75,744.21,30225.9,NEAR_FLIP,EXPANSION,,,5.83,10.06,15.19,18.43,29218.28,719.0,-1024.4700000000012,-3.3874895636144235,-23319867.509999998,23449717.75,166268907.57,80268527.72999999,-16147497.96,-98.109923,15488.35,9328,25,9303,48.211581260720415,,
2026-06-04T08:00:40 ET,2026-06-04T08:00:00 ET,2026-06-04,Thu,0800ET,2026-06-08,30242.75,744.21,30225.9,NEAR_FLIP,EXPANSION,,,5.83,10.06,15.19,18.43,29218.28,719.0,-1024.4700000000012,-3.3874895636144235,-904601.2899999999,930908.15,12871802.92,390460.43,-1066998.59,-11.568079000000001,2487.77,209,3,206,24.38397129186603,,
2026-06-04T08:00:40 ET,2026-06-04T08:00:00 ET,2026-06-04,Thu,0800ET,2026-06-04,30242.75,744.21,30225.9,NEAR_FLIP,EXPANSION,,,5.83,10.06,15.19,18.43,29258.92,720.0,-983.8300000000017,-3.253110249563951,-16233595.45,17368429.31,114577660.37,57054320.59,1979583.1600000001,16.885326000000006,11134.05,6429,202,6227,46.792936693109354,,
2026-06-04T08:00:40 ET,2026-06-04T08:00:00 ET,2026-06-04,Thu,0800ET,2026-06-08,30242.75,744.21,30225.9,NEAR_FLIP,EXPANSION,,,5.83,10.06,15.19,18.43,29258.92,720.0,-983.8300000000017,-3.253110249563951,-4026682.77,4542262.33,55601621.86,1826743.04,-2236175.53,-26.417358,11990.7,956,55,901,24.085836820083685,,
2026-06-04T08:00:40 ET,2026-06-04T08:00:00 ET,2026-06-04,Thu,0800ET,2026-06-04,30242.75,744.21,30225.9,NEAR_FLIP,EXPANSION,,,5.83,10.06,15.19,18.43,29299.56,721.0,-943.1899999999987,-3.1187309355134656,-6067673.94,6324144.12,41812261.3,19900356.77,-1614970.48,-11.303002,3975.56,2111,42,2069,45.88716248223591,,
2026-06-04T08:00:40 ET,2026-06-04T08:00:00 ET,2026-06-04,Thu,0800ET,2026-06-08,30242.75,744.21,30225.9,NEAR_FLIP,EXPANSION,,,5.83,10.06,15.19,18.43,29299.56,721.0,-943.1899999999987,-3.1187309355134656,-2144704.63,2184788.45,28683776.599999998,840891.59,-2783267.35,-34.360187,5718.03,430,4,426,23.88553488372093,,
2026-06-04T08:00:40 ET,2026-06-04T08:00:00 ET,2026-06-04,Thu,0800ET,2026-06-04,30242.75,744.21,30225.9,NEAR_FLIP,EXPANSION,,,5.83,10.06,15.19,18.43,29340.19,722.0,-902.5600000000013,-2.984384687239095,-28976865.22,29277011.9,196007648.18,88090597.49,-18315010.87,-145.181793,17927.07,8932,45,8887,44.701662561576356,,
2026-06-04T08:00:40 ET,2026-06-04T08:00:00 ET,2026-06-04,Thu,0800ET,2026-06-08,30242.75,744.21,30225.9,NEAR_FLIP,EXPANSION,,,5.83,10.06,15.19,18.43,29340.19,722.0,-902.5600000000013,-2.984384687239095,-8145983.76,8199536.140000001,105470520.89,3014543.63,-11285141.96,-148.436638,21215.600000000002,1513,5,1508,23.608446794448113,,
2026-06-04T08:00:40 ET,2026-06-04T08:00:00 ET,2026-06-04,Thu,0800ET,2026-06-04,30242.75,744.21,30225.9,NEAR_FLIP,EXPANSION,,,5.83,10.06,15.19,18.43,29380.83,723.0,-861.9199999999983,-2.8500053731886097,-8619192.76,9124324.479999999,57166229.800000004,26197444.23,-1535509.1399999997,-12.649197000000001,5440.63,2535,69,2466,43.529254437869824,,
2026-06-04T08:00:40 ET,2026-06-04T08:00:00 ET,2026-06-04,Thu,0800ET,2026-06-08,30242.75,744.21,30225.9,NEAR_FLIP,EXPANSION,,,5.83,10.06,15.19,18.43,29380.83,723.0,-861.9199999999983,-2.8500053731886097,-969354.2100000001,1209668.9300000002,12000623.5,423870.93000000005,-183672.16999999993,-2.831337999999999,3107.0299999999997,209,21,188,23.437703349282295,,
2026-06-04T08:00:40 ET,2026-06-04T08:00:00 ET,2026-06-04,Thu,0800ET,2026-06-04,30242.75,744.21,30225.9,NEAR_FLIP,EXPANSION,,,5.83,10.06,15.19,18.43,29421.47,724.0,-821.2799999999988,-2.7156260591381365,-6436804.859999999,6743580.74,41190582.79,18432245.42,-2156624.31,-21.581584999999997,3965.81,1655,38,1617,42.9254078549849,,
2026-06-04T08:00:40 ET,2026-06-04T08:00:00 ET,2026-06-04,Thu,0800ET,2026-06-08,30242.75,744.21,30225.9,NEAR_FLIP,EXPANSION,,,5.83,10.06,15.19,18.43,29421.47,724.0,-821.2799999999988,-2.7156260591381365,-1865026.97,2060555.95,22283067.1,686568.32,-1822810.91,-27.454708000000004,5242.89,334,16,318,23.21982035928144,,
2026-06-04T08:00:40 ET,2026-06-04T08:00:00 ET,2026-06-04,Thu,0800ET,2026-06-04,30242.75,744.21,30225.9,NEAR_FLIP,EXPANSION,,,5.83,10.06,15.19,18.43,29462.11,725.0,-780.6399999999994,-2.5812467450876637,-23234833.95,25497408.01,148959336.11,66203843.07,902776.549999997,17.363438000000002,14253.49,5934,253,5681,40.80751937984497,,
2026-06-04T08:00:40 ET,2026-06-04T08:00:00 ET,2026-06-04,Thu,0800ET,2026-06-08,30242.75,744.21,30225.9,NEAR_FLIP,EXPANSION,,,5.83,10.06,15.19,18.43,29462.11,725.0,-780.6399999999994,-2.5812467450876637,-10502024.56,11532287.44,120830885.6,3644594.54,-11136353.48,-177.953939,28976.690000000002,1757,79,1678,22.92437108708025,,
2026-06-04T08:00:40 ET,2026-06-04T08:00:00 ET,2026-06-04,Thu,0800ET,2026-06-04,30242.75,744.21,30225.9,NEAR_FLIP,EXPANSION,,,5.83,10.06,15.19,18.43,29502.74,726.0,-740.0099999999984,-2.4469004968132806,-10050091.270000001,10607222.15,60873599.230000004,26079458.11,-3577976.82,-44.038059000000004,5931.23,2113,56,2057,40.82390440132513,,
2026-06-04T08:00:40 ET,2026-06-04T08:00:00 ET,2026-06-04,Thu,0800ET,2026-06-08,30242.75,744.21,30225.9,NEAR_FLIP,EXPANSION,,,5.83,10.06,15.19,18.43,29502.74,726.0,-740.0099999999984,-2.4469004968132806,-951344.1300000001,1410207.05,10369327.3,421471.2,344742.81000000006,5.666463999999998,3509.88,202,33,169,22.708910891089108,,
2026-06-04T08:00:40 ET,2026-06-04T08:00:00 ET,2026-06-04,Thu,0800ET,2026-06-04,30242.75,744.21,30225.9,NEAR_FLIP,EXPANSION,,,5.83,10.06,15.19,18.43,29543.38,727.0,-699.369999999999,-2.312521182762808,-30053517.69,44952883.510000005,175642688.78,104359987.41999999,67026602.45,899.1257929999999,24537.960000000003,8015,1341,6674,39.84980661260137,,
2026-06-04T08:00:40 ET,2026-06-04T08:00:00 ET,2026-06-04,Thu,0800ET,2026-06-08,30242.75,744.21,30225.9,NEAR_FLIP,EXPANSION,,,5.83,10.06,15.19,18.43,29543.38,727.0,-699.369999999999,-2.312521182762808,-1900719.09,3189176.6100000003,19573186.339999996,898441.58,1608630.44,28.759080999999995,7881.15,430,87,343,22.546116279069768,,
2026-06-04T08:00:40 ET,2026-06-04T08:00:00 ET,2026-06-04,Thu,0800ET,2026-06-04,30242.75,744.21,30225.9,NEAR_FLIP,EXPANSION,,,5.83,10.06,15.19,18.43,29584.02,728.0,-658.7299999999996,-2.1781418687123346,-12429018.74,15828028.26,69582826.35,34575808.57,8655904.39,127.65066999999999,8486.46,2499,273,2226,39.138823529411766,,
2026-06-04T08:00:40 ET,2026-06-04T08:00:00 ET,2026-06-04,Thu,0800ET,2026-06-08,30242.75,744.21,30225.9,NEAR_FLIP,EXPANSION,,,5.83,10.06,15.19,18.43,29584.02,728.0,-658.7299999999996,-2.1781418687123346,2318850.31,9212763.67,-24854881.510000005,2438929.58,40614300.080000006,776.233113,22103.84,1170,732,438,21.897128205128205,,
2026-06-04T08:00:40 ET,2026-06-04T08:00:00 ET,2026-06-04,Thu,0800ET,2026-06-04,30242.75,744.21,30225.9,NEAR_FLIP,EXPANSION,,,5.83,10.06,15.19,18.43,29624.66,729.0,-618.0900000000001,-2.0437625546618614,-17609862.61,21765427.79,94649442.76,44568504.919999994,6007858.209999999,97.56659699999997,11402.47,3062,297,2765,38.24471260613977,,
2026-06-04T08:00:40 ET,2026-06-04T08:00:00 ET,2026-06-04,Thu,0800ET,2026-06-08,30242.75,744.21,30225.9,NEAR_FLIP,EXPANSION,,,5.83,10.06,15.19,18.43,29624.66,729.0,-618.0900000000001,-2.0437625546618614,-1923854.5499999998,2476030.4699999997,18160543.26,612898.73,-1427308.32,-28.691940000000002,5979.139999999999,297,33,264,22.03777777777778,,
2026-06-04T08:00:40 ET,2026-06-04T08:00:00 ET,2026-06-04,Thu,0800ET,2026-06-04,30242.75,744.21,30225.9,NEAR_FLIP,EXPANSION,,,5.83,10.06,15.19,18.43,29665.29,730.0,-577.4599999999991,-1.9094163063874785,-52215177.25,65861400.989999995,257598549.32,125823500.42999999,12897819.090000004,204.57527499999992,34783.63,8022,866,7156,38.54488905509847,,
2026-06-04T08:00:40 ET,2026-06-04T08:00:00 ET,2026-06-04,Thu,0800ET,2026-06-08,30242.75,744.21,30225.9,NEAR_FLIP,EXPANSION,,,5.83,10.06,15.19,18.43,29665.29,730.0,-577.4599999999991,-1.9094163063874785,-74956089.09,82319179.85,674873981.18,18973909.990000002,-99685280.4,-2131.724771,195955.75,9325,415,8910,21.71774798927614,,
2026-06-04T08:00:40 ET,2026-06-04T08:00:00 ET,2026-06-04,Thu,0800ET,2026-06-04,30242.75,744.21,30225.9,NEAR_FLIP,EXPANSION,,,5.83,10.06,15.19,18.43,29705.93,731.0,-536.8199999999997,-1.7750369923370055,-24639495.0,25847906.939999998,119801475.45,45866209.449999996,-14538323.04,-320.205202,13014.880000000001,2863,68,2795,36.75194900454069,,
2026-06-04T08:00:40 ET,2026-06-04T08:00:00 ET,2026-06-04,Thu,0800ET,2026-06-08,30242.75,744.21,30225.9,NEAR_FLIP,EXPANSION,,,5.83,10.06,15.19,18.43,29705.93,731.0,-536.8199999999997,-1.7750369923370055,-4566068.24,5411041.34,38386655.12,1154828.35,-5444890.459999999,-122.413542,12799.84,581,45,536,21.58430292598967,,
2026-06-04T08:00:40 ET,2026-06-04T08:00:00 ET,2026-06-04,Thu,0800ET,2026-06-04,30242.75,744.21,30225.9,NEAR_FLIP,EXPANSION,,,5.83,10.06,15.19,18.43,29746.57,732.0,-496.1800000000003,-1.6406576782865323,-41964082.56,46134444.08,191424352.04999998,75571447.12,-20226967.610000003,-505.00942599999996,22836.54,4534,208,4326,36.135959417732685,,
2026-06-04T08:00:40 ET,2026-06-04T08:00:00 ET,2026-06-04,Thu,0800ET,2026-06-08,30242.75,744.21,30225.9,NEAR_FLIP,EXPANSION,,,5.83,10.06,15.19,18.43,29746.57,732.0,-496.1800000000003,-1.6406576782865323,-1319005.4200000002,3420984.9000000004,10090211.98,671944.92,2246585.92,55.21058199999999,7981.99,348,106,242,21.292011494252872,,
2026-06-04T08:00:40 ET,2026-06-04T08:00:00 ET,2026-06-04,Thu,0800ET,2026-06-04,30242.75,744.21,30225.9,NEAR_FLIP,EXPANSION,,,5.83,10.06,15.19,18.43,29787.2,733.0,-455.5499999999993,-1.5063114300121492,-62842141.239999995,69421014.36,268725978.34999996,104265345.97,-32945252.490000002,-918.656235,33632.19,6080,291,5789,35.36500986842105,,
2026-06-04T08:00:40 ET,2026-06-04T08:00:00 ET,2026-06-04,Thu,0800ET,2026-06-08,30242.75,744.21,30225.9,NEAR_FLIP,EXPANSION,,,5.83,10.06,15.19,18.43,29787.2,733.0,-455.5499999999993,-1.5063114300121492,-2519074.75,3730843.51,18463140.709999997,669460.38,-1934749.5699999998,-47.77439199999999,8584.619999999999,360,58,302,20.993944444444445,,
2026-06-04T08:00:40 ET,2026-06-04T08:00:00 ET,2026-06-04,Thu,0800ET,2026-06-04,30242.75,744.21,30225.9,NEAR_FLIP,EXPANSION,,,5.83,10.06,15.19,18.43,29827.84,734.0,-414.90999999999985,-1.3719321159616762,-65651735.69,72599014.75,258333156.02,99155434.3,-38759624.0,-1208.671441,34756.7,5668,273,5395,34.94979357798165,,
2026-06-04T08:00:40 ET,2026-06-04T08:00:00 ET,2026-06-04,Thu,0800ET,2026-06-08,30242.75,744.21,30225.9,NEAR_FLIP,EXPANSION,,,5.83,10.06,15.19,18.43,29827.84,734.0,-414.90999999999985,-1.3719321159616762,2562986.7699999996,8260993.77,-18478346.069999997,1342186.52,22581157.49,604.175613,18768.67,758,493,265,20.739195250659627,,
2026-06-04T08:00:40 ET,2026-06-04T08:00:00 ET,2026-06-04,Thu,0800ET,2026-06-04,30242.75,744.21,30225.9,NEAR_FLIP,EXPANSION,,,5.83,10.06,15.19,18.43,29868.48,735.0,-374.27000000000044,-1.2375528019112034,-156306454.93,190948778.39,571341549.1,234896808.18,-66251208.64999999,-2297.7125360000005,88601.73999999999,13366,1213,12153,33.87195271584618,,
2026-06-04T08:00:40 ET,2026-06-04T08:00:00 ET,2026-06-04,Thu,0800ET,2026-06-08,30242.75,744.21,30225.9,NEAR_FLIP,EXPANSION,,,5.83,10.06,15.19,18.43,29868.48,735.0,-374.27000000000044,-1.2375528019112034,-6450373.83,21083149.130000003,38028983.45999999,3066849.8200000003,10019342.559999995,292.796685,47820.26,1856,636,1220,20.697543103448275,,
2026-06-04T08:00:40 ET,2026-06-04T08:00:00 ET,2026-06-04,Thu,0800ET,2026-06-04,30242.75,744.21,30225.9,NEAR_FLIP,EXPANSION,,,5.83,10.06,15.19,18.43,29909.12,736.0,-333.630000000001,-1.1031734878607302,-43660485.4,53393654.339999996,142130254.0,58425822.13,-23452147.259999998,-895.7667569999999,24691.2,3369,305,3064,33.76054021964975,,
2026-06-04T08:00:40 ET,2026-06-04T08:00:00 ET,2026-06-04,Thu,0800ET,2026-06-08,30242.75,744.21,30225.9,NEAR_FLIP,EXPANSION,,,5.83,10.06,15.19,18.43,29909.12,736.0,-333.630000000001,-1.1031734878607302,-31966758.76,39153859.5,176297873.44,5030889.149999999,-49452366.730000004,-1405.8159699999999,88496.09,3315,299,3016,20.62949019607843,,
2026-06-04T08:00:40 ET,2026-06-04T08:00:00 ET,2026-06-04,Thu,0800ET,2026-06-04,30242.75,744.21,30225.9,NEAR_FLIP,EXPANSION,,,5.83,10.06,15.19,18.43,29949.75,737.0,-293.0,-0.9688272395863472,-51238374.31,61874334.89,149786577.76999998,59324942.68,-32757251.669999998,-1380.1740530000002,28005.75,3533,300,3233,33.04131050099066,,
2026-06-04T08:00:40 ET,2026-06-04T08:00:00 ET,2026-06-04,Thu,0800ET,2026-06-08,30242.75,744.21,30225.9,NEAR_FLIP,EXPANSION,,,5.83,10.06,15.19,18.43,29949.75,737.0,-293.0,-0.9688272395863472,-1632772.6800000002,5137143.4399999995,8129053.51,573701.91,979253.8700000001,30.808166999999997,11289.77,412,140,272,20.049029126213593,,
2026-06-04T08:00:40 ET,2026-06-04T08:00:00 ET,2026-06-04,Thu,0800ET,2026-06-04,30242.75,744.21,30225.9,NEAR_FLIP,EXPANSION,,,5.83,10.06,15.19,18.43,29990.39,738.0,-252.36000000000058,-0.8344479255358741,-39683482.57,74758213.91,99702308.85,61563651.05,-2183542.559999995,-50.697361,33149.45,3886,897,2989,32.37376479670612,,
2026-06-04T08:00:40 ET,2026-06-04T08:00:00 ET,2026-06-04,Thu,0800ET,2026-06-08,30242.75,744.21,30225.9,NEAR_FLIP,EXPANSION,,,5.83,10.06,15.19,18.43,29990.39,738.0,-252.36000000000058,-0.8344479255358741,-1298461.7399999998,8493815.94,5958249.560000002,805449.8999999999,4717082.549999999,146.35386499999998,18325.489999999998,651,277,374,19.69084485407066,,
2026-06-04T08:00:40 ET,2026-06-04T08:00:00 ET,2026-06-04,Thu,0800ET,2026-06-04,30242.75,744.21,30225.9,NEAR_FLIP,EXPANSION,,,5.83,10.06,15.19,18.43,30031.03,739.0,-211.72000000000116,-0.7000686114854011,-33985199.809999995,60361622.93,72350806.81,41543906.54,-12770180.280000001,-589.0633499999999,26471.46,2893,617,2276,32.02155893536122,,
2026-06-04T08:00:40 ET,2026-06-04T08:00:00 ET,2026-06-04,Thu,0800ET,2026-06-08,30242.75,744.21,30225.9,NEAR_FLIP,EXPANSION,,,5.83,10.06,15.19,18.43,30031.03,739.0,-211.72000000000116,-0.7000686114854011,5876330.619999999,19100827.119999997,-22871569.319999997,1487138.21,31481832.939999998,1036.528381,41549.32,1435,930,505,19.85411149825784,,
2026-06-04T08:00:40 ET,2026-06-04T08:00:00 ET,2026-06-04,Thu,0800ET,2026-06-04,30242.75,744.21,30225.9,NEAR_FLIP,EXPANSION,,,5.83,10.06,15.19,18.43,30071.67,740.0,-171.08000000000175,-0.5656892974349282,-173258337.91,275994713.35,302076328.05,152669654.05,-119285530.96000001,-6174.169752999999,119842.79000000001,12332,2221,10111,31.709232079143693,,
2026-06-04T08:00:40 ET,2026-06-04T08:00:00 ET,2026-06-04,Thu,0800ET,2026-06-08,30242.75,744.21,30225.9,NEAR_FLIP,EXPANSION,,,5.83,10.06,15.19,18.43,30071.67,740.0,-171.08000000000175,-0.5656892974349282,-70629105.64,95246600.54,220737667.0,5817392.7,-125046129.23,-4229.381219,202421.13999999998,6851,890,5961,19.396888045540795,,
2026-06-04T08:00:40 ET,2026-06-04T08:00:00 ET,2026-06-04,Thu,0800ET,2026-06-04,30242.75,744.21,30225.9,NEAR_FLIP,EXPANSION,,,5.83,10.06,15.19,18.43,30112.3,741.0,-130.45000000000073,-0.431343049160545,-364023386.56,434458813.18,488451922.48999995,181628816.54,-379887326.21999997,-21280.229643,189480.52,18527,1424,17103,31.848592324715273,,
2026-06-04T08:00:40 ET,2026-06-04T08:00:00 ET,2026-06-04,Thu,0800ET,2026-06-08,30242.75,744.21,30225.9,NEAR_FLIP,EXPANSION,,,5.83,10.06,15.19,18.43,30112.3,741.0,-130.45000000000073,-0.431343049160545,5505386.81,17673244.57,-13669266.059999999,780578.42,23365562.480000004,812.4821769999999,37772.18,1254,817,437,19.505909090909093,,
2026-06-04T08:00:40 ET,2026-06-04T08:00:00 ET,2026-06-04,Thu,0800ET,2026-06-04,30242.75,744.21,30225.9,NEAR_FLIP,EXPANSION,,,5.83,10.06,15.19,18.43,30152.94,742.0,-89.81000000000131,-0.296963735110072,-15433871.099999994,170866476.78,10685148.489999995,48495015.11,26012583.83,1970.5652739999996,71090.76,6722,2978,3744,30.388884260636715,,
2026-06-04T08:00:40 ET,2026-06-04T08:00:00 ET,2026-06-04,Thu,0800ET,2026-06-08,30242.75,744.21,30225.9,NEAR_FLIP,EXPANSION,,,5.83,10.06,15.19,18.43,30152.94,742.0,-89.81000000000131,-0.296963735110072,-554468.0700000003,17938986.73,601613.3800000008,490188.94,4928293.75,187.44242499999996,38223.25,1251,600,651,19.442949640287768,,
2026-06-04T08:00:40 ET,2026-06-04T08:00:00 ET,2026-06-04,Thu,0800ET,2026-06-04,30242.75,744.21,30225.9,NEAR_FLIP,EXPANSION,,,5.83,10.06,15.19,18.43,30193.58,743.0,-49.169999999998254,-0.162584421059587,-143376450.91000003,277923164.01,70374125.03,41360462.62,-171964420.21999997,-9882.029288,118472.22,10909,2479,8430,31.155984049867083,,
2026-06-04T08:00:40 ET,2026-06-04T08:00:00 ET,2026-06-04,Thu,0800ET,2026-06-08,30242.75,744.21,30225.9,NEAR_FLIP,EXPANSION,,,5.83,10.06,15.19,18.43,30193.58,743.0,-49.169999999998254,-0.162584421059587,-5734617.27,15986182.93,5627135.159999999,167444.47,-11412403.5,-381.70813100000004,34166.0,1107,348,759,19.503956639566393,,
2026-06-04T08:00:40 ET,2026-06-04T08:00:00 ET,2026-06-04,Thu,0800ET,2026-06-04,30242.75,744.21,30225.9,NEAR_FLIP,EXPANSION,,,5.83,10.06,15.19,18.43,30234.22,744.0,-8.529999999998836,-0.028205107009114036,47543646.86999999,215710578.32999998,-6019444.600000001,3189573.23,61345324.95999999,4875.952671999999,88626.86,8071,4739,3332,30.061352992194276,,
2026-06-04T08:00:40 ET,2026-06-04T08:00:00 ET,2026-06-04,Thu,0800ET,2026-06-08,30242.75,744.21,30225.9,NEAR_FLIP,EXPANSION,,,5.83,10.06,15.19,18.43,30234.22,744.0,-8.529999999998836,-0.028205107009114036,-9388057.59,32730756.37,2959625.8400000003,-206105.13,-21431506.679999996,-723.2337729999999,69399.59,2236,783,1453,19.350903398926654,,
2026-06-04T08:00:40 ET,2026-06-04T08:00:00 ET,2026-06-04,Thu,0800ET,2026-06-04,30242.75,744.21,30225.9,NEAR_FLIP,EXPANSION,,,5.83,10.06,15.19,18.43,30274.85,745.0,32.099999999998545,0.10614114126525712,13141068.460000008,284104486.15999997,5426527.689999998,-33774390.35,-11584556.810000002,-628.2558260000005,110515.89,10097,5250,4847,28.39761612360107,,
2026-06-04T08:00:40 ET,2026-06-04T08:00:00 ET,2026-06-04,Thu,0800ET,2026-06-08,30242.75,744.21,30225.9,NEAR_FLIP,EXPANSION,,,5.83,10.06,15.19,18.43,30274.85,745.0,32.099999999998545,0.10614114126525712,4021963.8999999985,61338889.9,1522171.8499999996,-1406117.13,6865958.879999995,298.1586430000002,125862.75,4050,2141,1909,18.726120987654323,,
2026-06-04T08:00:40 ET,2026-06-04T08:00:00 ET,2026-06-04,Thu,0800ET,2026-06-04,30242.75,744.21,30225.9,NEAR_FLIP,EXPANSION,,,5.83,10.06,15.19,18.43,30315.49,746.0,72.7400000000016,0.24052045531574212,10031098.870000005,152181229.09,9192095.199999996,-38491908.22,-22864450.39999999,-1466.9626509999998,58748.13,5475,2903,2572,28.180326940639265,,
2026-06-04T08:00:40 ET,2026-06-04T08:00:00 ET,2026-06-04,Thu,0800ET,2026-06-08,30242.75,744.21,30225.9,NEAR_FLIP,EXPANSION,,,5.83,10.06,15.19,18.43,30315.49,746.0,72.7400000000016,0.24052045531574212,1913228.1199999992,24510210.28,1760382.8599999994,-974924.5,1595771.990000002,29.220105999999987,51175.44,1652,901,751,19.057245762711865,,
2026-06-04T08:00:40 ET,2026-06-04T08:00:00 ET,2026-06-04,Thu,0800ET,2026-06-04,30242.75,744.21,30225.9,NEAR_FLIP,EXPANSION,,,5.83,10.06,15.19,18.43,30356.13,747.0,113.38000000000102,0.3748997693662151,90215733.64999999,142413521.60999998,125643504.9,-55047182.879999995,65599468.260000005,4537.09527,53107.44,5155,4182,973,27.227061105722598,,
2026-06-04T08:00:40 ET,2026-06-04T08:00:00 ET,2026-06-04,Thu,0800ET,2026-06-08,30242.75,744.21,30225.9,NEAR_FLIP,EXPANSION,,,5.83,10.06,15.19,18.43,30356.13,747.0,113.38000000000102,0.3748997693662151,4384804.75,11434997.67,8174396.859999999,-644346.7,6988638.309999999,268.94339399999996,23033.24,750,515,235,18.381,,
2026-06-04T08:00:40 ET,2026-06-04T08:00:00 ET,2026-06-04,Thu,0800ET,2026-06-04,30242.75,744.21,30225.9,NEAR_FLIP,EXPANSION,,,5.83,10.06,15.19,18.43,30396.77,748.0,154.02000000000044,0.5092790834166881,129781407.50000001,173681667.16000003,241833463.79999998,-90376859.56,91236354.06,5828.591217000001,65087.74,6677,5818,859,27.35520143777146,,
2026-06-04T08:00:40 ET,2026-06-04T08:00:00 ET,2026-06-04,Thu,0800ET,2026-06-08,30242.75,744.21,30225.9,NEAR_FLIP,EXPANSION,,,5.83,10.06,15.19,18.43,30396.77,748.0,154.02000000000044,0.5092790834166881,14942131.779999997,24881108.38,38489923.629999995,-1817824.17,25622847.04,949.489824,50003.93,1650,1316,334,18.3368,,
2026-06-04T08:00:40 ET,2026-06-04T08:00:00 ET,2026-06-04,Thu,0800ET,2026-06-04,30242.75,744.21,30225.9,NEAR_FLIP,EXPANSION,,,5.83,10.06,15.19,18.43,30437.4,749.0,194.65000000000146,0.6436253316910713,35717416.489999995,61900990.81,85368260.45,-40477623.730000004,9779294.369999997,610.2885990000002,23081.78,2553,2005,548,27.222452017234627,,
2026-06-04T08:00:40 ET,2026-06-04T08:00:00 ET,2026-06-04,Thu,0800ET,2026-06-08,30242.75,744.21,30225.9,NEAR_FLIP,EXPANSION,,,5.83,10.06,15.19,18.43,30437.4,749.0,194.65000000000146,0.6436253316910713,4192022.7700000005,8772167.870000001,13371065.28,-788202.6399999999,5738485.0200000005,198.79967299999998,17978.95,603,447,156,18.70532338308458,,
2026-06-04T08:00:40 ET,2026-06-04T08:00:00 ET,2026-06-04,Thu,0800ET,2026-06-04,30242.75,744.21,30225.9,NEAR_FLIP,EXPANSION,,,5.83,10.06,15.19,18.43,30478.04,750.0,235.29000000000087,0.7780046457415443,180619922.3,203859689.94,519969403.43,-160484479.34,112284127.94999999,6080.79975,75256.56,9175,8645,530,26.952566757493187,,
2026-06-04T08:00:40 ET,2026-06-04T08:00:00 ET,2026-06-04,Thu,0800ET,2026-06-08,30242.75,744.21,30225.9,NEAR_FLIP,EXPANSION,,,5.83,10.06,15.19,18.43,30478.04,750.0,235.29000000000087,0.7780046457415443,20063589.480000004,37408574.22,82145590.57000001,-3980128.64,23255553.300000004,843.099306,74489.57,2564,1962,602,18.172176287051485,,
2026-06-04T08:00:40 ET,2026-06-04T08:00:00 ET,2026-06-04,Thu,0800ET,2026-06-04,30242.75,744.21,30225.9,NEAR_FLIP,EXPANSION,,,5.83,10.06,15.19,18.43,30518.68,751.0,275.9300000000003,0.9123839597920171,31853545.790000003,36319295.75,108164062.73,-33429120.0,16477091.34,798.4033169999999,13337.900000000001,1825,1712,113,26.813156164383564,,
2026-06-04T08:00:40 ET,2026-06-04T08:00:00 ET,2026-06-04,Thu,0800ET,2026-06-08,30242.75,744.21,30225.9,NEAR_FLIP,EXPANSION,,,5.83,10.06,15.19,18.43,30518.68,751.0,275.9300000000003,0.9123839597920171,3257970.68,4720286.94,15787684.899999999,-580696.9400000001,4253730.83,149.042396,9336.33,331,279,52,18.04969788519637,,
2026-06-04T08:00:40 ET,2026-06-04T08:00:00 ET,2026-06-04,Thu,0800ET,2026-06-04,30242.75,744.21,30225.9,NEAR_FLIP,EXPANSION,,,5.83,10.06,15.19,18.43,30559.32,752.0,316.5699999999997,1.0467632738424901,42887530.7,47543635.56,168827313.52,-50081773.19,19938937.89,843.1083859999999,17272.61,2724,2591,133,26.5239610866373,,
2026-06-04T08:00:40 ET,2026-06-04T08:00:00 ET,2026-06-04,Thu,0800ET,2026-06-08,30242.75,744.21,30225.9,NEAR_FLIP,EXPANSION,,,5.83,10.06,15.19,18.43,30559.32,752.0,316.5699999999997,1.0467632738424901,11453143.24,11917196.979999999,64189850.22,-1663777.6300000001,18074037.470000003,609.7895659999999,23341.14,858,841,17,17.868916083916083,,
2026-06-04T08:00:40 ET,2026-06-04T08:00:00 ET,2026-06-04,Thu,0800ET,2026-06-04,30242.75,744.21,30225.9,NEAR_FLIP,EXPANSION,,,5.83,10.06,15.19,18.43,30599.95,753.0,357.2000000000007,1.1811095221168733,97569570.64,100407250.52,435852140.33,-119101612.60000001,51068086.690000005,1846.634867,36135.16,6718,6625,93,26.271457278952067,,
2026-06-04T08:00:40 ET,2026-06-04T08:00:00 ET,2026-06-04,Thu,0800ET,2026-06-08,30242.75,744.21,30225.9,NEAR_FLIP,EXPANSION,,,5.83,10.06,15.19,18.43,30599.95,753.0,357.2000000000007,1.1811095221168733,2349660.6799999997,3061164.88,15020988.649999999,-478205.51,2732728.92,89.554974,5987.31,229,202,27,17.84423580786026,,
2026-06-04T08:00:40 ET,2026-06-04T08:00:00 ET,2026-06-04,Thu,0800ET,2026-06-04,30242.75,744.21,30225.9,NEAR_FLIP,EXPANSION,,,5.83,10.06,15.19,18.43,30640.59,754.0,397.84000000000015,1.3154888361673465,17623809.85,20715467.25,88106570.10000001,-27322212.46,2482985.8999999994,65.40890200000004,7476.99,1644,1526,118,26.347712895377132,,
2026-06-04T08:00:40 ET,2026-06-04T08:00:00 ET,2026-06-04,Thu,0800ET,2026-06-08,30242.75,744.21,30225.9,NEAR_FLIP,EXPANSION,,,5.83,10.06,15.19,18.43,30640.59,754.0,397.84000000000015,1.3154888361673465,1335034.3800000001,2043437.3,9533268.62,-353139.66,957839.8,30.290052000000003,4006.26,160,132,28,17.89475,,
2026-06-04T08:00:40 ET,2026-06-04T08:00:00 ET,2026-06-04,Thu,0800ET,2026-06-04,30242.75,744.21,30225.9,NEAR_FLIP,EXPANSION,,,5.83,10.06,15.19,18.43,30681.23,755.0,438.47999999999956,1.4498681502178195,29786404.36,31806433.240000002,163788172.24,-46164757.269999996,9380362.969999999,224.470651,11434.97,3065,2974,91,26.243442088091353,,
2026-06-04T08:00:40 ET,2026-06-04T08:00:00 ET,2026-06-04,Thu,0800ET,2026-06-08,30242.75,744.21,30225.9,NEAR_FLIP,EXPANSION,,,5.83,10.06,15.19,18.43,30681.23,755.0,438.47999999999956,1.4498681502178195,7624672.640000001,14316358.5,60846554.010000005,-2711014.6,-307070.51999999955,-3.8414149999999836,27945.76,1175,898,277,17.813727659574464,,
2026-06-04T08:00:40 ET,2026-06-04T08:00:00 ET,2026-06-04,Thu,0800ET,2026-06-04,30242.75,744.21,30225.9,NEAR_FLIP,EXPANSION,,,5.83,10.06,15.19,18.43,30721.86,756.0,479.1100000000006,1.5842143984922026,13162317.6,13199493.92,77294166.36999999,-20907553.4,6367392.399999999,133.570962,4833.13,1524,1522,2,26.731837270341206,,
2026-06-04T08:00:40 ET,2026-06-04T08:00:00 ET,2026-06-04,Thu,0800ET,2026-06-08,30242.75,744.21,30225.9,NEAR_FLIP,EXPANSION,,,5.83,10.06,15.19,18.43,30721.86,756.0,479.1100000000006,1.5842143984922026,3586070.13,3976086.67,31349425.72,-818479.12,4039925.38,113.986972,7654.22,343,326,17,17.568250728862974,,
2026-06-04T08:00:40 ET,2026-06-04T08:00:00 ET,2026-06-04,Thu,0800ET,2026-06-04,30242.75,744.21,30225.9,NEAR_FLIP,EXPANSION,,,5.83,10.06,15.19,18.43,30762.5,757.0,519.75,1.7185937125426753,9018280.23,9018280.23,57253898.81,-15477001.62,4229976.78,71.743985,3311.25,1290,1290,0,26.8,,
2026-06-04T08:00:40 ET,2026-06-04T08:00:00 ET,2026-06-04,Thu,0800ET,2026-06-08,30242.75,744.21,30225.9,NEAR_FLIP,EXPANSION,,,5.83,10.06,15.19,18.43,30762.5,757.0,519.75,1.7185937125426753,1804681.1099999999,1869695.25,16838206.91,-415893.52999999997,2228738.27,58.796713999999994,3654.56,172,169,3,17.834360465116276,,
2026-06-04T08:00:40 ET,2026-06-04T08:00:00 ET,2026-06-04,Thu,0800ET,2026-06-04,30242.75,744.21,30225.9,NEAR_FLIP,EXPANSION,,,5.83,10.06,15.19,18.43,30803.14,758.0,560.3899999999994,1.8529730265931486,12656485.87,12656485.87,88557432.48,-23388887.4,5411976.48,68.556702,4543.06,2424,2424,0,26.2,,
2026-06-04T08:00:40 ET,2026-06-04T08:00:00 ET,2026-06-04,Thu,0800ET,2026-06-08,30242.75,744.21,30225.9,NEAR_FLIP,EXPANSION,,,5.83,10.06,15.19,18.43,30803.14,758.0,560.3899999999994,1.8529730265931486,1439971.73,1439971.73,14850482.28,-343916.73,1750167.31,43.363858,2745.89,141,141,0,17.4,,
2026-06-04T08:00:40 ET,2026-06-04T08:00:00 ET,2026-06-04,Thu,0800ET,2026-06-04,30242.75,744.21,30225.9,NEAR_FLIP,EXPANSION,,,5.83,10.06,15.19,18.43,30843.78,759.0,601.0299999999988,1.9873523406436215,15969954.360000001,16021784.76,114624198.49,-31727169.31,6658670.45,73.07487699999999,6011.87,3515,3510,5,27.39200568990043,,
2026-06-04T08:00:40 ET,2026-06-04T08:00:00 ET,2026-06-04,Thu,0800ET,2026-06-08,30242.75,744.21,30225.9,NEAR_FLIP,EXPANSION,,,5.83,10.06,15.19,18.43,30843.78,759.0,601.0299999999988,1.9873523406436215,1111636.58,1111636.58,12255686.69,-283837.75,1309285.87,30.180397,2128.75,117,117,0,17.47,,
2026-06-04T08:00:40 ET,2026-06-04T08:00:00 ET,2026-06-04,Thu,0800ET,2026-06-04,30242.75,744.21,30225.9,NEAR_FLIP,EXPANSION,,,5.83,10.06,15.19,18.43,30884.41,760.0,641.6599999999999,2.1216985889180044,16253154.600000001,16286923.18,124734236.91,-34396276.85,6484808.71,54.442035000000004,6098.179999999999,4662,4658,4,27.331518661518658,,
2026-06-04T08:00:40 ET,2026-06-04T08:00:00 ET,2026-06-04,Thu,0800ET,2026-06-08,30242.75,744.21,30225.9,NEAR_FLIP,EXPANSION,,,5.83,10.06,15.19,18.43,30884.41,760.0,641.6599999999999,2.1216985889180044,2098387.73,7498726.869999999,26255462.389999997,-2038241.23,-14122876.36,-304.385437,14426.18,852,547,305,17.55132629107981,,
2026-06-04T08:00:40 ET,2026-06-04T08:00:00 ET,2026-06-04,Thu,0800ET,2026-06-04,30242.75,744.21,30225.9,NEAR_FLIP,EXPANSION,,,5.83,10.06,15.19,18.43,30925.05,761.0,682.2999999999993,2.2560779029684777,6500202.78,6500202.78,52631972.71,-14582952.25,2616335.33,17.278239,2451.21,2388,2388,0,27.53,,
2026-06-04T08:00:40 ET,2026-06-04T08:00:00 ET,2026-06-04,Thu,0800ET,2026-06-08,30242.75,744.21,30225.9,NEAR_FLIP,EXPANSION,,,5.83,10.06,15.19,18.43,30925.05,761.0,682.2999999999993,2.2560779029684777,-92992.7100000002,2365326.4699999997,-527282.7200000007,-681854.63,-8530922.36,-170.00394500000002,4574.620000000001,291,141,150,17.646907216494846,,
2026-06-04T08:00:40 ET,2026-06-04T08:00:00 ET,2026-06-04,Thu,0800ET,2026-06-04,30242.75,744.21,30225.9,NEAR_FLIP,EXPANSION,,,5.83,10.06,15.19,18.43,30965.69,762.0,722.9399999999987,2.390457217018951,3381720.03,3381720.03,28161420.78,-8031903.48,1371478.04,7.670257,1313.15,1467,1467,0,28.35,,
2026-06-04T08:00:40 ET,2026-06-04T08:00:00 ET,2026-06-04,Thu,0800ET,2026-06-08,30242.75,744.21,30225.9,NEAR_FLIP,EXPANSION,,,5.83,10.06,15.19,18.43,30965.69,762.0,722.9399999999987,2.390457217018951,1573390.26,1573390.26,21236843.41,-479216.74,1621308.51,28.920236,2964.29,214,214,0,17.19,,
2026-06-04T08:00:40 ET,2026-06-04T08:00:00 ET,2026-06-04,Thu,0800ET,2026-06-04,30242.75,744.21,30225.9,NEAR_FLIP,EXPANSION,,,5.83,10.06,15.19,18.43,31006.33,763.0,763.5800000000017,2.5248365310694356,4546611.61,4546611.61,38901242.66,-11396302.24,1854910.65,8.781494,1814.02,2330,2330,0,29.13,,
2026-06-04T08:00:40 ET,2026-06-04T08:00:00 ET,2026-06-04,Thu,0800ET,2026-06-08,30242.75,744.21,30225.9,NEAR_FLIP,EXPANSION,,,5.83,10.06,15.19,18.43,31006.33,763.0,763.5800000000017,2.5248365310694356,2782731.06,2782731.06,39869911.46,-893117.87,2749651.9,44.410551,5217.77,418,418,0,17.11,,
2026-06-04T08:00:40 ET,2026-06-04T08:00:00 ET,2026-06-04,Thu,0800ET,2026-06-04,30242.75,744.21,30225.9,NEAR_FLIP,EXPANSION,,,5.83,10.06,15.19,18.43,31046.96,764.0,804.2099999999991,2.6591827793438068,415323.59,415323.59,3757296.66,-1095404.16,161345.1,0.560606,164.95,290,290,0,28.990000000000002,,
2026-06-04T08:00:40 ET,2026-06-04T08:00:00 ET,2026-06-04,Thu,0800ET,2026-06-08,30242.75,744.21,30225.9,NEAR_FLIP,EXPANSION,,,5.83,10.06,15.19,18.43,31046.96,764.0,804.2099999999991,2.6591827793438068,12725039.72,12725039.72,191154555.85,-4292682.57,12257704.61,179.775164,23974.65,2105,2105,0,17.19,,
2026-06-04T08:00:40 ET,2026-06-04T08:00:00 ET,2026-06-04,Thu,0800ET,2026-06-04,30242.75,744.21,30225.9,NEAR_FLIP,EXPANSION,,,5.83,10.06,15.19,18.43,31087.6,765.0,844.8499999999985,2.79356209339428,978295.44,978295.44,8754157.94,-2708908.18,407132.31,1.423146,412.52,679,679,0,30.779999999999998,,
2026-06-04T08:00:40 ET,2026-06-04T08:00:00 ET,2026-06-04,Thu,0800ET,2026-06-08,30242.75,744.21,30225.9,NEAR_FLIP,EXPANSION,,,5.83,10.06,15.19,18.43,31087.6,765.0,844.8499999999985,2.79356209339428,13600623.69,13635120.790000001,215903154.17,-4822318.15,12371756.469999999,161.897669,25542.59,2525,2522,3,17.091140594059407,,
2026-06-04T08:00:40 ET,2026-06-04T08:00:00 ET,2026-06-04,Thu,0800ET,2026-06-04,30242.75,744.21,30225.9,NEAR_FLIP,EXPANSION,,,5.83,10.06,15.19,18.43,31128.24,766.0,885.4900000000016,2.9279414074447647,1398401.33,1398401.33,12260056.65,-4056166.78,632778.47,2.328446,630.6,922,922,0,32.92,,
2026-06-04T08:00:40 ET,2026-06-04T08:00:00 ET,2026-06-04,Thu,0800ET,2026-06-08,30242.75,744.21,30225.9,NEAR_FLIP,EXPANSION,,,5.83,10.06,15.19,18.43,31128.24,766.0,885.4900000000016,2.9279414074447647,13873214.97,13873214.97,228496162.36,-5133632.91,12629276.45,150.15134,26253.96,2831,2831,0,17.27,,
2026-06-04T08:00:40 ET,2026-06-04T08:00:00 ET,2026-06-04,Thu,0800ET,2026-06-04,30242.75,744.21,30225.9,NEAR_FLIP,EXPANSION,,,5.83,10.06,15.19,18.43,31168.88,767.0,926.130000000001,3.062320721495238,658144.11,658144.11,6315420.38,-1994427.23,264294.5,0.585312,283.35,721,721,0,31.43,,
2026-06-04T08:00:40 ET,2026-06-04T08:00:00 ET,2026-06-04,Thu,0800ET,2026-06-08,30242.75,744.21,30225.9,NEAR_FLIP,EXPANSION,,,5.83,10.06,15.19,18.43,31168.88,767.0,926.130000000001,3.062320721495238,743151.99,743151.99,12969788.1,-287075.01,641548.25,6.647697,1387.9,174,174,0,17.04,,
2026-06-04T08:00:40 ET,2026-06-04T08:00:00 ET,2026-06-04,Thu,0800ET,2026-06-04,30242.75,744.21,30225.9,NEAR_FLIP,EXPANSION,,,5.83,10.06,15.19,18.43,31209.51,768.0,966.7599999999984,3.196666969769609,325255.87,325255.87,2997721.95,-1028425.18,146701.57,0.38847,152.15,298,298,0,34.15,,
2026-06-04T08:00:40 ET,2026-06-04T08:00:00 ET,2026-06-04,Thu,0800ET,2026-06-08,30242.75,744.21,30225.9,NEAR_FLIP,EXPANSION,,,5.83,10.06,15.19,18.43,31209.51,768.0,966.7599999999984,3.196666969769609,3438648.54,3438648.54,62790794.9,-1384299.9,2868664.85,26.155318,6406.56,915,915,0,17.0,,
2026-06-04T08:00:40 ET,2026-06-04T08:00:00 ET,2026-06-04,Thu,0800ET,2026-06-04,30242.75,744.21,30225.9,NEAR_FLIP,EXPANSION,,,5.83,10.06,15.19,18.43,31250.15,769.0,1007.4000000000015,3.331046283820094,91489.18,91489.18,902627.3,-301144.77,37960.68,0.065827,41.63,128,128,0,33.22,,
2026-06-04T08:00:40 ET,2026-06-04T08:00:00 ET,2026-06-04,Thu,0800ET,2026-06-08,30242.75,744.21,30225.9,NEAR_FLIP,EXPANSION,,,5.83,10.06,15.19,18.43,31250.15,769.0,1007.4000000000015,3.331046283820094,704509.74,704509.74,13198445.09,-295118.49,586218.94,4.863995,1333.2,206,206,0,17.27,,
2026-06-04T08:00:40 ET,2026-06-04T08:00:00 ET,2026-06-04,Thu,0800ET,2026-06-04,30242.75,744.21,30225.9,NEAR_FLIP,EXPANSION,,,5.83,10.06,15.19,18.43,31290.79,770.0,1048.0400000000009,3.4654255978705666,235157.37,235157.37,2353104.56,-804691.69,98873.11,0.151231,109.69,373,373,0,34.05,,
2026-06-04T08:00:40 ET,2026-06-04T08:00:00 ET,2026-06-04,Thu,0800ET,2026-06-08,30242.75,744.21,30225.9,NEAR_FLIP,EXPANSION,,,5.83,10.06,15.19,18.43,31290.79,770.0,1048.0400000000009,3.4654255978705666,2057608.37,2057608.37,40648497.82,-895240.21,1624701.06,11.439405,3840.37,709,709,0,17.03,,
2026-06-04T08:00:40 ET,2026-06-04T08:00:00 ET,2026-06-04,Thu,0800ET,2026-06-04,30242.75,744.21,30225.9,NEAR_FLIP,EXPANSION,,,5.83,10.06,15.19,18.43,31331.43,771.0,1088.6800000000003,3.59980491192104,357405.8,357405.8,3618932.81,-1269552.87,152690.12,0.208832,171.05,634,634,0,34.94,,
2026-06-04T08:00:40 ET,2026-06-04T08:00:00 ET,2026-06-04,Thu,0800ET,2026-06-08,30242.75,744.21,30225.9,NEAR_FLIP,EXPANSION,,,5.83,10.06,15.19,18.43,31331.43,771.0,1088.6800000000003,3.59980491192104,123745.5,123745.5,2501362.75,-55855.21,97538.12,0.623045,234.46,47,47,0,17.29,,
2026-06-04T08:00:40 ET,2026-06-04T08:00:00 ET,2026-06-04,Thu,0800ET,2026-06-04,30242.75,744.21,30225.9,NEAR_FLIP,EXPANSION,,,5.83,10.06,15.19,18.43,31372.06,772.0,1129.3100000000013,3.734151160195423,382819.01,382819.01,3905037.06,-1409633.28,167298.43,0.210544,188.55,738,738,0,35.96,,
2026-06-04T08:00:40 ET,2026-06-04T08:00:00 ET,2026-06-04,Thu,0800ET,2026-06-08,30242.75,744.21,30225.9,NEAR_FLIP,EXPANSION,,,5.83,10.06,15.19,18.43,31372.06,772.0,1129.3100000000013,3.734151160195423,332466.15,332466.15,6867270.4,-155473.12,261783.34,1.519106,639.41,139,139,0,17.55,,
2026-06-04T08:00:40 ET,2026-06-04T08:00:00 ET,2026-06-04,Thu,0800ET,2026-06-04,30242.75,744.21,30225.9,NEAR_FLIP,EXPANSION,,,5.83,10.06,15.19,18.43,31412.7,773.0,1169.9500000000007,3.8685304742458957,395440.63,395440.63,4075969.69,-1507474.03,175569.38,0.199337,199.58,845,845,0,36.84,,
2026-06-04T08:00:40 ET,2026-06-04T08:00:00 ET,2026-06-04,Thu,0800ET,2026-06-08,30242.75,744.21,30225.9,NEAR_FLIP,EXPANSION,,,5.83,10.06,15.19,18.43,31412.7,773.0,1169.9500000000007,3.8685304742458957,381362.6,381362.6,8313526.54,-184479.81,282859.01,1.342107,719.65,195,195,0,17.22,,
2026-06-04T08:00:40 ET,2026-06-04T08:00:00 ET,2026-06-04,Thu,0800ET,2026-06-04,30242.75,744.21,30225.9,NEAR_FLIP,EXPANSION,,,5.83,10.06,15.19,18.43,31453.34,774.0,1210.5900000000001,4.0029097882963685,334752.51,334752.51,3366851.17,-1319785.04,160836.85,0.207669,179.09,629,629,0,39.06,,
2026-06-04T08:00:40 ET,2026-06-04T08:00:00 ET,2026-06-04,Thu,0800ET,2026-06-08,30242.75,744.21,30225.9,NEAR_FLIP,EXPANSION,,,5.83,10.06,15.19,18.43,31453.34,774.0,1210.5900000000001,4.0029097882963685,177274.04,177274.04,3868535.48,-88643.74,135832.28,0.621489,345.78,94,94,0,17.8,,
2026-06-04T08:00:40 ET,2026-06-04T08:00:00 ET,2026-06-04,Thu,0800ET,2026-06-04,30242.75,744.21,30225.9,NEAR_FLIP,EXPANSION,,,5.83,10.06,15.19,18.43,31493.98,775.0,1251.2299999999996,4.137289102346842,295306.3,295306.3,3081802.55,-1202366.05,136946.27,0.134037,157.26,732,732,0,38.88,,
2026-06-04T08:00:40 ET,2026-06-04T08:00:00 ET,2026-06-04,Thu,0800ET,2026-06-08,30242.75,744.21,30225.9,NEAR_FLIP,EXPANSION,,,5.83,10.06,15.19,18.43,31493.98,775.0,1251.2299999999996,4.137289102346842,568451.17,575971.0499999999,13025144.97,-297265.16,269907.1,0.886351,1106.23,374,372,2,17.5255614973262,,
2026-06-04T08:00:40 ET,2026-06-04T08:00:00 ET,2026-06-04,Thu,0800ET,2026-06-04,30242.75,744.21,30225.9,NEAR_FLIP,EXPANSION,,,5.83,10.06,15.19,18.43,31534.61,776.0,1291.8600000000006,4.271635350621225,216343.81,216343.81,2278863.05,-908861.69,101780.51,0.090546,117.79,590,590,0,39.74,,
2026-06-04T08:00:40 ET,2026-06-04T08:00:00 ET,2026-06-04,Thu,0800ET,2026-06-04,30242.75,744.21,30225.9,NEAR_FLIP,EXPANSION,,,5.83,10.06,15.19,18.43,31575.25,777.0,1332.5,4.406014664671698,8003.87,8003.87,84583.49,-34659.91,3859.15,0.003258,4.48,23,23,0,40.84,,
2026-06-04T08:00:40 ET,2026-06-04T08:00:00 ET,2026-06-04,Thu,0800ET,2026-06-08,30242.75,744.21,30225.9,NEAR_FLIP,EXPANSION,,,5.83,10.06,15.19,18.43,31575.25,777.0,1332.5,4.406014664671698,77119.38,77119.38,1828307.61,-42295.92,56104.03,0.172084,152.27,61,61,0,18.02,,
2026-06-04T08:00:40 ET,2026-06-04T08:00:00 ET,2026-06-04,Thu,0800ET,2026-06-08,30242.75,744.21,30225.9,NEAR_FLIP,EXPANSION,,,5.83,10.06,15.19,18.43,31615.89,778.0,1373.1399999999994,4.540393978722171,2298.9,2298.9,55371.42,-1297.93,1675.05,0.004671,4.6,2,2,0,18.27,,
2026-06-04T08:00:40 ET,2026-06-04T08:00:00 ET,2026-06-04,Thu,0800ET,2026-06-04,30242.75,744.21,30225.9,NEAR_FLIP,EXPANSION,,,5.83,10.06,15.19,18.43,31697.16,780.0,1454.4099999999999,4.8091195410470275,162253.94,162253.94,1739545.99,-765434.05,83043.13,0.058167,97.5,562,562,0,43.87,,
2026-06-04T08:00:40 ET,2026-06-04T08:00:00 ET,2026-06-04,Thu,0800ET,2026-06-08,30242.75,744.21,30225.9,NEAR_FLIP,EXPANSION,,,5.83,10.06,15.19,18.43,31697.16,780.0,1454.4099999999999,4.8091195410470275,95420.18000000001,97448.76,2450434.54,-58142.87,-7339.239999999991,-0.050873,193.86,120,119,1,18.14741666666667,,
2026-06-04T08:00:40 ET,2026-06-04T08:00:00 ET,2026-06-04,Thu,0800ET,2026-06-08,30242.75,744.21,30225.9,NEAR_FLIP,EXPANSION,,,5.83,10.06,15.19,18.43,31737.8,781.0,1495.0499999999993,4.9434988550975,736.88,736.88,19172.47,-451.51,508.2,0.000909,1.49,1,1,0,18.39,,
2026-06-04T08:00:40 ET,2026-06-04T08:00:00 ET,2026-06-04,Thu,0800ET,2026-06-04,30242.75,744.21,30225.9,NEAR_FLIP,EXPANSION,,,5.83,10.06,15.19,18.43,31900.35,785.0,1657.5999999999985,5.480983045523303,86315.67,86315.67,959473.44,-462577.85,46978.39,0.022058,56.85,446,446,0,48.08,,
2026-06-04T08:00:40 ET,2026-06-04T08:00:00 ET,2026-06-04,Thu,0800ET,2026-06-08,30242.75,744.21,30225.9,NEAR_FLIP,EXPANSION,,,5.83,10.06,15.19,18.43,31900.35,785.0,1657.5999999999985,5.480983045523303,226019.32,226019.32,6161040.33,-152982.1,158648.99,0.199531,481.47,436,436,0,19.44,,
2026-06-04T08:00:40 ET,2026-06-04T08:00:00 ET,2026-06-04,Thu,0800ET,2026-06-04,30242.75,744.21,30225.9,NEAR_FLIP,EXPANSION,,,5.83,10.06,15.19,18.43,32103.54,790.0,1860.7900000000009,6.152846549999589,7034.61,7034.61,77323.1,-42197.33,4379.7,0.00202,5.25,37,37,0,54.44,,
2026-06-04T08:00:40 ET,2026-06-04T08:00:00 ET,2026-06-04,Thu,0800ET,2026-06-08,30242.75,744.21,30225.9,NEAR_FLIP,EXPANSION,,,5.83,10.06,15.19,18.43,32103.54,790.0,1860.7900000000009,6.152846549999589,192132.3,192132.3,5494199.67,-145364.09,138497.82,0.116743,437.11,553,553,0,20.76,,
2026-06-04T08:00:40 ET,2026-06-04T08:00:00 ET,2026-06-04,Thu,0800ET,2026-06-08,30242.75,744.21,30225.9,NEAR_FLIP,EXPANSION,,,5.83,10.06,15.19,18.43,32306.72,795.0,2063.970000000001,6.824676988699776,2912.48,2912.48,81421.65,-2435.66,2425.42,0.002142,7.51,8,8,0,23.52,,
2026-06-04T08:00:40 ET,2026-06-04T08:00:00 ET,2026-06-04,Thu,0800ET,2026-06-04,30242.75,744.21,30225.9,NEAR_FLIP,EXPANSION,,,5.83,10.06,15.19,18.43,32509.91,800.0,2267.16,7.49654049317605,7509.109999999999,12202.31,78279.02,-88701.98000000001,-734036.37,-0.417898,11.64,52,42,10,69.59,,
2026-06-04T08:00:40 ET,2026-06-04T08:00:00 ET,2026-06-04,Thu,0800ET,2026-06-08,30242.75,744.21,30225.9,NEAR_FLIP,EXPANSION,,,5.83,10.06,15.19,18.43,32509.91,800.0,2267.16,7.49654049317605,79079.35,79079.35,2480850.25,-72315.98,58317.26,0.021071,198.89,531,531,0,22.95,,
2026-06-04T08:00:40 ET,2026-06-04T08:00:00 ET,2026-06-04,Thu,0800ET,2026-06-08,30242.75,744.21,30225.9,NEAR_FLIP,EXPANSION,,,5.83,10.06,15.19,18.43,32713.1,805.0,2470.3499999999985,8.168403997652325,2210.59,2210.59,68764.35,-2195.31,1801.89,0.000644,6.1,15,15,0,25.17,,
2026-06-04T08:00:40 ET,2026-06-04T08:00:00 ET,2026-06-04,Thu,0800ET,2026-06-04,30242.75,744.21,30225.9,NEAR_FLIP,EXPANSION,,,5.83,10.06,15.19,18.43,32916.28,810.0,2673.529999999999,8.84023443635251,322.5,322.5,3125.2,-2751.35,361.62,0.000283,0.39,1,1,0,87.89,,
2026-06-04T08:00:40 ET,2026-06-04T08:00:00 ET,2026-06-04,Thu,0800ET,2026-06-08,30242.75,744.21,30225.9,NEAR_FLIP,EXPANSION,,,5.83,10.06,15.19,18.43,32916.28,810.0,2673.529999999999,8.84023443635251,57373.94,57373.94,1868967.32,-61433.52,46343.28,0.010558,163.1,611,611,0,25.94,,
2026-06-04T08:00:40 ET,2026-06-04T08:00:00 ET,2026-06-04,Thu,0800ET,2026-06-08,30242.75,744.21,30225.9,NEAR_FLIP,EXPANSION,,,5.83,10.06,15.19,18.43,33119.47,815.0,2876.720000000001,9.512097940828799,9627.33,9627.33,316939.24,-11054.78,8188.31,0.001594,29.07,120,120,0,27.55,,
2026-06-04T08:00:40 ET,2026-06-04T08:00:00 ET,2026-06-04,Thu,0800ET,AGGREGATE,30242.75,744.21,30225.9,NEAR_FLIP,EXPANSION,,,5.83,10.06,15.19,18.43,27227.05,670.0,-3015.7000000000007,-9.971646096998457,-1331489.71,1372125.23,17346782.07,8956068.7,-1663389.6900000004,-4.057454999999999,4766.18,1787,24,1763,96.19795747062115,,
2026-06-04T08:00:40 ET,2026-06-04T08:00:00 ET,2026-06-04,Thu,0800ET,AGGREGATE,30242.75,744.21,30225.9,NEAR_FLIP,EXPANSION,,,5.83,10.06,15.19,18.43,27267.69,671.0,-2975.0600000000013,-9.837266782947985,-325969.12,429486.33999999997,2002544.2299999997,4363696.5600000005,2260995.5,6.0408479999999996,974.4200000000001,390,47,343,165.62,,
2026-06-04T08:00:40 ET,2026-06-04T08:00:00 ET,2026-06-04,Thu,0800ET,AGGREGATE,30242.75,744.21,30225.9,NEAR_FLIP,EXPANSION,,,5.83,10.06,15.19,18.43,27308.32,672.0,-2934.4300000000003,-9.7029205346736,-1496145.48,1507170.88,9265376.22,15100980.7,-3853083.7800000003,-10.306612,3345.2,1367,5,1362,162.03,,
2026-06-04T08:00:40 ET,2026-06-04T08:00:00 ET,2026-06-04,Thu,0800ET,AGGREGATE,30242.75,744.21,30225.9,NEAR_FLIP,EXPANSION,,,5.83,10.06,15.19,18.43,27348.96,673.0,-2893.790000000001,-9.568541220623128,-770416.18,770416.18,4809267.67,7610559.64,-2102205.4,-5.629355,1672.55,698,0,698,158.48,,
2026-06-04T08:00:40 ET,2026-06-04T08:00:00 ET,2026-06-04,Thu,0800ET,AGGREGATE,30242.75,744.21,30225.9,NEAR_FLIP,EXPANSION,,,5.83,10.06,15.19,18.43,27389.6,674.0,-2853.1500000000015,-9.434161906572655,-861812.79,864022.5700000001,5422628.48,8413440.57,-2219991.34,-5.950906000000001,1834.4299999999998,782,1,781,154.99,,
2026-06-04T08:00:40 ET,2026-06-04T08:00:00 ET,2026-06-04,Thu,0800ET,AGGREGATE,30242.75,744.21,30225.9,NEAR_FLIP,EXPANSION,,,5.83,10.06,15.19,18.43,27430.24,675.0,-2812.5099999999984,-9.29978259252217,-910168.6799999999,945341.52,9627439.870000001,7012657.85,-905767.59,-2.307325,2615.6499999999996,1046,18,1028,108.78574569789674,,
2026-06-04T08:00:40 ET,2026-06-04T08:00:00 ET,2026-06-04,Thu,0800ET,AGGREGATE,30242.75,744.21,30225.9,NEAR_FLIP,EXPANSION,,,5.83,10.06,15.19,18.43,27470.87,676.0,-2771.880000000001,-9.165436344247798,-1072708.8599999999,1074922.92,6856383.989999999,10163830.370000001,-2627748.5900000003,-7.057573,2181.67,971,1,970,148.16,,
2026-06-04T08:00:40 ET,2026-06-04T08:00:00 ET,2026-06-04,Thu,0800ET,AGGREGATE,30242.75,744.21,30225.9,NEAR_FLIP,EXPANSION,,,5.83,10.06,15.19,18.43,27511.51,677.0,-2731.2400000000016,-9.031057030197326,-2005593.83,2012242.21,12918888.05,18742583.87,-4697248.0,-12.627617,3992.09,1816,3,1813,144.83,,
2026-06-04T08:00:40 ET,2026-06-04T08:00:00 ET,2026-06-04,Thu,0800ET,AGGREGATE,30242.75,744.21,30225.9,NEAR_FLIP,EXPANSION,,,5.83,10.06,15.19,18.43,27552.15,678.0,-2690.5999999999985,-8.89667771614684,-1342018.27,1342018.27,8711246.35,12310492.24,-3191673.14,-8.588256,2602.06,1210,0,1210,141.54,,
2026-06-04T08:00:40 ET,2026-06-04T08:00:00 ET,2026-06-04,Thu,0800ET,AGGREGATE,30242.75,744.21,30225.9,NEAR_FLIP,EXPANSION,,,5.83,10.06,15.19,18.43,27592.79,679.0,-2649.959999999999,-8.762298402096368,-2355803.87,2393550.0300000003,15408810.040000001,21618377.330000002,-4270503.99,-11.502345,4534.900000000001,2156,17,2139,138.31000000000003,,
2026-06-04T08:00:40 ET,2026-06-04T08:00:00 ET,2026-06-04,Thu,0800ET,AGGREGATE,30242.75,744.21,30225.9,NEAR_FLIP,EXPANSION,,,5.83,10.06,15.19,18.43,27633.42,680.0,-2609.3300000000017,-8.627952153821997,-3424984.85,3494797.15,27560115.33,28375528.139999997,-4755868.9,-13.717696,7358.379999999999,3355,39,3316,120.37742175856931,,
2026-06-04T08:00:40 ET,2026-06-04T08:00:00 ET,2026-06-04,Thu,0800ET,AGGREGATE,30242.75,744.21,30225.9,NEAR_FLIP,EXPANSION,,,5.83,10.06,15.19,18.43,27674.06,681.0,-2568.6899999999987,-8.493572839771511,-129054.57,129054.57,856868.29,1129162.75,-282132.23,-0.761521,233.35,116,0,116,132.0,,
2026-06-04T08:00:40 ET,2026-06-04T08:00:00 ET,2026-06-04,Thu,0800ET,AGGREGATE,30242.75,744.21,30225.9,NEAR_FLIP,EXPANSION,,,5.83,10.06,15.19,18.43,27714.7,682.0,-2528.0499999999993,-8.359193525721038,-1015865.45,1149531.95,6794752.260000001,9895477.29,2022448.71,5.465531,2030.06,1032,60,972,128.92000000000002,,
2026-06-04T08:00:40 ET,2026-06-04T08:00:00 ET,2026-06-04,Thu,0800ET,AGGREGATE,30242.75,744.21,30225.9,NEAR_FLIP,EXPANSION,,,5.83,10.06,15.19,18.43,27755.34,683.0,-2487.41,-8.224814211670566,-1086396.67,1086396.67,7319465.04,9198555.95,-2243842.33,-6.072049,1873.48,974,0,974,125.89,,
2026-06-04T08:00:40 ET,2026-06-04T08:00:00 ET,2026-06-04,Thu,0800ET,AGGREGATE,30242.75,744.21,30225.9,NEAR_FLIP,EXPANSION,,,5.83,10.06,15.19,18.43,27795.97,684.0,-2446.779999999999,-8.090467963396183,-916029.47,916029.47,6215943.64,7626680.45,-1838639.5,-4.98317,1542.31,820,0,820,122.91,,
2026-06-04T08:00:40 ET,2026-06-04T08:00:00 ET,2026-06-04,Thu,0800ET,AGGREGATE,30242.75,744.21,30225.9,NEAR_FLIP,EXPANSION,,,5.83,10.06,15.19,18.43,27836.61,685.0,-2406.1399999999994,-7.956088649345709,-546769.81,663729.53,4941843.75,4308903.46,3675602.32,7.414630999999999,1479.8899999999999,658,66,592,94.3236170212766,1.0407196453529597,PUT WALL + VOL SENSITIVE
2026-06-04T08:00:40 ET,2026-06-04T08:00:00 ET,2026-06-04,Thu,0800ET,AGGREGATE,30242.75,744.21,30225.9,NEAR_FLIP,EXPANSION,,,5.83,10.06,15.19,18.43,27877.25,686.0,-2365.5,-7.821709335295236,-711100.63,711100.63,4929142.23,5702601.88,-1346772.4,-3.66096,1146.73,635,0,635,116.7232283464567,1.1296587457715164,PUT WALL + VOL SENSITIVE
2026-06-04T08:00:40 ET,2026-06-04T08:00:00 ET,2026-06-04,Thu,0800ET,AGGREGATE,30242.75,744.21,30225.9,NEAR_FLIP,EXPANSION,,,5.83,10.06,15.19,18.43,27917.89,687.0,-2324.8600000000006,-7.6873300212447635,-257231.69,314596.08999999997,1865024.5399999998,2424533.65,1358471.85,3.617212,514.1,283,26,257,111.24692579505299,0.4783268189298516,PUT WALL + VOL SENSITIVE
2026-06-04T08:00:40 ET,2026-06-04T08:00:00 ET,2026-06-04,Thu,0800ET,AGGREGATE,30242.75,744.21,30225.9,NEAR_FLIP,EXPANSION,,,5.83,10.06,15.19,18.43,27958.52,688.0,-2284.2299999999996,-7.55298377297038,-546684.03,569223.4299999999,3997864.0399999996,4332818.81,-270416.3300000001,-0.7258449999999997,899.5600000000001,509,10,499,109.26445972495088,0.8876927472392181,PUT WALL + VOL SENSITIVE
2026-06-04T08:00:40 ET,2026-06-04T08:00:00 ET,2026-06-04,Thu,0800ET,AGGREGATE,30242.75,744.21,30225.9,NEAR_FLIP,EXPANSION,,,5.83,10.06,15.19,18.43,27999.16,689.0,-2243.59,-7.418604458919907,-464053.38,466314.33999999997,3536656.23,3413768.09,-734288.44,-2.006696,750.03,414,1,413,105.328115942029,0.7272143951955276,PUT WALL + VOL SENSITIVE
2026-06-04T08:00:40 ET,2026-06-04T08:00:00 ET,2026-06-04,Thu,0800ET,AGGREGATE,30242.75,744.21,30225.9,NEAR_FLIP,EXPANSION,,,5.83,10.06,15.19,18.43,28039.8,690.0,-2202.9500000000007,-7.284225144869434,-1031030.8,1118921.56,12826681.379999999,5513231.97,1384426.7,3.2603779999999993,2685.38,1069,43,1026,75.21816651075771,1.7847483604588363,PUT WALL + VOL SENSITIVE
2026-06-04T08:00:40 ET,2026-06-04T08:00:00 ET,2026-06-04,Thu,0800ET,AGGREGATE,30242.75,744.21,30225.9,NEAR_FLIP,EXPANSION,,,5.83,10.06,15.19,18.43,28080.43,691.0,-2162.3199999999997,-7.149878896595051,-175579.16000000003,207478.34000000003,1743502.5,1294617.58,706081.13,1.971802,380.28,187,14,173,90.29748663101603,0.31449397173858956,PUT WALL + VOL SENSITIVE
2026-06-04T08:00:40 ET,2026-06-04T08:00:00 ET,2026-06-04,Thu,0800ET,AGGREGATE,30242.75,744.21,30225.9,NEAR_FLIP,EXPANSION,,,5.83,10.06,15.19,18.43,28121.07,692.0,-2121.6800000000003,-7.015499582544578,-2378719.52,2383298.3000000003,18059426.66,16661150.8,-3640476.33,-10.087553,3485.41,2087,2,2085,98.57051748921897,3.6449086740555305,PUT WALL + VOL SENSITIVE
2026-06-04T08:00:40 ET,2026-06-04T08:00:00 ET,2026-06-04,Thu,0800ET,AGGREGATE,30242.75,744.21,30225.9,NEAR_FLIP,EXPANSION,,,5.83,10.06,15.19,18.43,28161.71,693.0,-2081.040000000001,-6.881120268494105,-994622.29,1005317.8499999999,8790252.51,6307696.09,-1172777.0299999998,-3.2987940000000004,1655.88,885,5,880,89.454,1.5354619871706163,PUT WALL + VOL SENSITIVE
2026-06-04T08:00:40 ET,2026-06-04T08:00:00 ET,2026-06-04,Thu,0800ET,AGGREGATE,30242.75,744.21,30225.9,NEAR_FLIP,EXPANSION,,,5.83,10.06,15.19,18.43,28202.35,694.0,-2040.4000000000015,-6.7467409544436325,-857600.09,857600.09,9012780.66,4664235.0200000005,-1283393.03,-3.571333,1624.6,748,0,748,80.24197860962566,1.3157188920592244,PUT WALL + VOL SENSITIVE
2026-06-04T08:00:40 ET,2026-06-04T08:00:00 ET,2026-06-04,Thu,0800ET,AGGREGATE,30242.75,744.21,30225.9,NEAR_FLIP,EXPANSION,,,5.83,10.06,15.19,18.43,28242.98,695.0,-1999.7700000000004,-6.6123947061692485,-2226497.34,2340452.84,23645540.7,11933671.89,305310.7300000001,0.657035,4553.92,2014,50,1964,76.25205561072492,3.46637046252169,PUT WALL + VOL SENSITIVE
2026-06-04T08:00:40 ET,2026-06-04T08:00:00 ET,2026-06-04,Thu,0800ET,AGGREGATE,30242.75,744.21,30225.9,NEAR_FLIP,EXPANSION,,,5.83,10.06,15.19,18.43,28283.62,696.0,-1959.130000000001,-6.478015392118776,-2744058.63,2744058.63,40806121.65,9138272.9,-3909282.6,-11.141131999999999,7030.38,2336,0,2336,57.72104023972603,4.244189009439754,PUT WALL + VOL SENSITIVE
2026-06-04T08:00:40 ET,2026-06-04T08:00:00 ET,2026-06-04,Thu,0800ET,AGGREGATE,30242.75,744.21,30225.9,NEAR_FLIP,EXPANSION,,,5.83,10.06,15.19,18.43,28324.26,697.0,-1918.4900000000016,-6.343636078068303,-903193.53,926928.95,9967168.400000002,4539585.119999999,-550574.63,-1.6654839999999995,1735.3,766,10,756,73.71023498694517,1.36097028542453,PUT WALL + VOL SENSITIVE
2026-06-04T08:00:40 ET,2026-06-04T08:00:00 ET,2026-06-04,Thu,0800ET,AGGREGATE,30242.75,744.21,30225.9,NEAR_FLIP,EXPANSION,,,5.83,10.06,15.19,18.43,28364.9,698.0,-1877.8499999999985,-6.209256764017818,-922717.1299999999,1222501.93,11981438.049999999,5473223.53,7622528.41,21.963013,2410.05,982,125,857,69.4783299389002,1.6845637851566353,PUT WALL + VOL SENSITIVE
2026-06-04T08:00:40 ET,2026-06-04T08:00:00 ET,2026-06-04,Thu,0800ET,AGGREGATE,30242.75,744.21,30225.9,NEAR_FLIP,EXPANSION,,,5.83,10.06,15.19,18.43,28405.53,699.0,-1837.2200000000012,-6.074910515743446,-1717483.78,1717483.78,13678434.09,10248048.12,-2237462.3200000003,-6.6298,2156.4,1408,0,1408,82.034375,2.4547311018450717,PUT WALL + VOL SENSITIVE
2026-06-04T08:00:40 ET,2026-06-04T08:00:00 ET,2026-06-04,Thu,0800ET,AGGREGATE,30242.75,744.21,30225.9,NEAR_FLIP,EXPANSION,,,5.83,10.06,15.19,18.43,28446.17,700.0,-1796.5800000000017,-5.940531201692973,-5164225.22,5337898.08,50741638.65,26663169.22,-1961711.5999999999,-5.534141000000001,8427.779999999999,4222,66,4156,72.7571624822359,7.463562991971069,PUT WALL + VOL SENSITIVE
2026-06-04T08:00:40 ET,2026-06-04T08:00:00 ET,2026-06-04,Thu,0800ET,AGGREGATE,30242.75,744.21,30225.9,NEAR_FLIP,EXPANSION,,,5.83,10.06,15.19,18.43,28486.81,701.0,-1755.9399999999987,-5.806151887642488,-1590547.81,1590547.81,13879428.48,8564221.55,-1977090.01,-6.138489,2116.09,1251,0,1251,75.45561950439648,2.2162493833364336,PUT WALL + VOL SENSITIVE
2026-06-04T08:00:40 ET,2026-06-04T08:00:00 ET,2026-06-04,Thu,0800ET,AGGREGATE,30242.75,744.21,30225.9,NEAR_FLIP,EXPANSION,,,5.83,10.06,15.19,18.43,28527.45,702.0,-1715.2999999999993,-5.6717725735920155,-1377474.82,1385083.6199999999,12484870.53,7066424.74,-1468685.66,-4.765677999999999,1903.38,1058,3,1055,72.59495274102079,1.8934983176695241,PUT WALL + VOL SENSITIVE
2026-06-04T08:00:40 ET,2026-06-04T08:00:00 ET,2026-06-04,Thu,0800ET,AGGREGATE,30242.75,744.21,30225.9,NEAR_FLIP,EXPANSION,,,5.83,10.06,15.19,18.43,28568.08,703.0,-1674.6699999999983,-5.537426325317632,-1242015.92,1624088.84,11436456.35,6366071.430000001,6624638.76,27.449612,2946.95,1155,116,1039,62.23805194805196,1.8778249320987157,PUT WALL + VOL SENSITIVE
2026-06-04T08:00:40 ET,2026-06-04T08:00:00 ET,2026-06-04,Thu,0800ET,AGGREGATE,30242.75,744.21,30225.9,NEAR_FLIP,EXPANSION,,,5.83,10.06,15.19,18.43,28608.72,704.0,-1634.0299999999988,-5.403047011267159,-2423604.04,2442057.8,20961228.72,12280555.35,-2288567.43,-7.704834,3003.02,1804,7,1797,70.26463414634146,3.236945958659223,PUT WALL + VOL SENSITIVE
2026-06-04T08:00:40 ET,2026-06-04T08:00:00 ET,2026-06-04,Thu,0800ET,AGGREGATE,30242.75,744.21,30225.9,NEAR_FLIP,EXPANSION,,,5.83,10.06,15.19,18.43,28649.36,705.0,-1593.3899999999994,-5.268667697216686,-8678643.81,10644521.73,154864091.56,19252856.4,40007399.05,118.021079,28123.83,6220,724,5496,42.151567524115755,12.943623020051447,PUT WALL + VOL SENSITIVE
2026-06-04T08:00:40 ET,2026-06-04T08:00:00 ET,2026-06-04,Thu,0800ET,AGGREGATE,30242.75,744.21,30225.9,NEAR_FLIP,EXPANSION,,,5.83,10.06,15.19,18.43,28690.0,706.0,-1552.75,-5.134288383166213,-1934603.81,1981601.25,19727377.490000002,8187121.26,-989672.9299999999,-4.2892399999999995,2932.25,1328,17,1311,62.35210843373494,2.504311340711011,PUT WALL + VOL SENSITIVE
2026-06-04T08:00:40 ET,2026-06-04T08:00:00 ET,2026-06-04,Thu,0800ET,AGGREGATE,30242.75,744.21,30225.9,NEAR_FLIP,EXPANSION,,,5.83,10.06,15.19,18.43,28730.63,707.0,-1512.119999999999,-4.99994213489183,-1557037.5,1566830.72,18388891.9,5156330.54,-1609949.07,-6.889527,2830.8199999999997,957,3,954,55.491556948798326,1.9321088850577237,PUT WALL + VOL SENSITIVE
2026-06-04T08:00:40 ET,2026-06-04T08:00:00 ET,2026-06-04,Thu,0800ET,AGGREGATE,30242.75,744.21,30225.9,NEAR_FLIP,EXPANSION,,,5.83,10.06,15.19,18.43,28771.27,708.0,-1471.4799999999996,-4.865562820841357,-1510964.1099999999,1516822.4099999997,13268248.79,6723446.080000001,-1441633.03,-5.564139,1758.9,994,2,992,62.83786720321931,1.860223817020132,PUT WALL + VOL SENSITIVE
2026-06-04T08:00:40 ET,2026-06-04T08:00:00 ET,2026-06-04,Thu,0800ET,AGGREGATE,30242.75,744.21,30225.9,NEAR_FLIP,EXPANSION,,,5.83,10.06,15.19,18.43,28811.91,709.0,-1430.8400000000001,-4.7311835067908845,-3767104.7699999996,3767104.7699999996,39121762.64,13647834.89,-4090581.2300000004,-17.948852000000002,5575.98,2238,0,2238,56.80819928507596,4.483787727883745,PUT WALL + VOL SENSITIVE
2026-06-04T08:00:40 ET,2026-06-04T08:00:00 ET,2026-06-04,Thu,0800ET,AGGREGATE,30242.75,744.21,30225.9,NEAR_FLIP,EXPANSION,,,5.83,10.06,15.19,18.43,28852.54,710.0,-1390.2099999999991,-4.596837258516501,-9643600.42,12838584.0,106109585.63,45779159.7,61527659.300000004,225.977803,18318.75,7357,1010,6347,55.793597933940454,13.820583552302896,PUT WALL + VOL SENSITIVE
2026-06-04T08:00:40 ET,2026-06-04T08:00:00 ET,2026-06-04,Thu,0800ET,AGGREGATE,30242.75,744.21,30225.9,NEAR_FLIP,EXPANSION,,,5.83,10.06,15.19,18.43,28893.18,711.0,-1349.5699999999997,-4.462457944466028,-2567813.89,2606981.07,22233337.46,10469417.139999999,-1900618.27,-7.774846,2880.83,1516,9,1507,57.89599604221637,2.949077389793811,PUT WALL + VOL SENSITIVE
2026-06-04T08:00:40 ET,2026-06-04T08:00:00 ET,2026-06-04,Thu,0800ET,AGGREGATE,30242.75,744.21,30225.9,NEAR_FLIP,EXPANSION,,,5.83,10.06,15.19,18.43,28933.82,712.0,-1308.9300000000003,-4.328078630415555,-4983437.23,5087236.99,42124555.74,19982845.02,-3332248.81,-13.125784999999999,5400.02,2839,21,2818,56.60767171539274,5.5799908376970135,PUT WALL + VOL SENSITIVE
2026-06-04T08:00:40 ET,2026-06-04T08:00:00 ET,2026-06-04,Thu,0800ET,AGGREGATE,30242.75,744.21,30225.9,NEAR_FLIP,EXPANSION,,,5.83,10.06,15.19,18.43,28974.46,713.0,-1268.2900000000009,-4.193699316365082,-6915220.15,6951963.829999999,61735385.92,25156626.39,-6206529.59,-30.682204,7942.5599999999995,3616,7,3609,54.1141924778761,7.454372514506378,PUT WALL + VOL SENSITIVE
2026-06-04T08:00:40 ET,2026-06-04T08:00:00 ET,2026-06-04,Thu,0800ET,AGGREGATE,30242.75,744.21,30225.9,NEAR_FLIP,EXPANSION,,,5.83,10.06,15.19,18.43,29015.09,714.0,-1227.6599999999999,-4.059353068090699,-12937617.799999999,13010485.84,111091024.25999999,47876695.089999996,-10330437.309999999,-50.642827000000004,13023.47,7011,18,6993,52.6812565967765,14.009145318883467,PUT WALL + VOL SENSITIVE
2026-06-04T08:00:40 ET,2026-06-04T08:00:00 ET,2026-06-04,Thu,0800ET,AGGREGATE,30242.75,744.21,30225.9,NEAR_FLIP,EXPANSION,,,5.83,10.06,15.19,18.43,29055.73,715.0,-1187.0200000000004,-3.924973754040226,-11709769.61,15004659.85,119692765.23999998,46187162.739999995,46734093.63,212.502469,18942.55,7087,821,6266,48.89458021729927,14.307208434427974,PUT WALL + VOL SENSITIVE
2026-06-04T08:00:40 ET,2026-06-04T08:00:00 ET,2026-06-04,Thu,0800ET,AGGREGATE,30242.75,744.21,30225.9,NEAR_FLIP,EXPANSION,,,5.83,10.06,15.19,18.43,29096.37,716.0,-1146.380000000001,-3.7905944399897527,-4729742.06,4915289.58,41880173.98,15575953.450000001,-2119073.96,-10.438855,5503.49,2231,32,2199,48.81837740923352,4.778667960519169,PUT WALL + VOL SENSITIVE
2026-06-04T08:00:40 ET,2026-06-04T08:00:00 ET,2026-06-04,Thu,0800ET,AGGREGATE,30242.75,744.21,30225.9,NEAR_FLIP,EXPANSION,,,5.83,10.06,15.19,18.43,29137.01,717.0,-1105.7400000000016,-3.65621512593928,-7877021.41,8113288.970000001,66420704.26,26115224.76,-3811045.59,-22.372768,8071.38,3553,44,3509,48.329271038558964,7.71561291546136,PUT WALL + VOL SENSITIVE
2026-06-04T08:00:40 ET,2026-06-04T08:00:00 ET,2026-06-04,Thu,0800ET,AGGREGATE,30242.75,744.21,30225.9,NEAR_FLIP,EXPANSION,,,5.83,10.06,15.19,18.43,29177.64,718.0,-1065.1100000000006,-3.5218688776648968,-6196086.49,6950807.710000001,58176770.59,17903893.16,2669613.8200000003,15.909059,9164.71,2518,127,2391,44.664154090548045,5.911222706001014,PUT WALL + VOL SENSITIVE
2026-06-04T08:00:40 ET,2026-06-04T08:00:00 ET,2026-06-04,Thu,0800ET,AGGREGATE,30242.75,744.21,30225.9,NEAR_FLIP,EXPANSION,,,5.83,10.06,15.19,18.43,29218.28,719.0,-1024.4700000000012,-3.3874895636144235,-24224468.799999997,24380625.9,179140710.48999998,80658988.16,-17214496.55,-109.67800199999999,17976.12,9537,28,9509,47.68940757051484,21.698363666739944,PUT WALL + VOL SENSITIVE
2026-06-04T08:00:40 ET,2026-06-04T08:00:00 ET,2026-06-04,Thu,0800ET,AGGREGATE,30242.75,744.21,30225.9,NEAR_FLIP,EXPANSION,,,5.83,10.06,15.19,18.43,29258.92,720.0,-983.8300000000017,-3.253110249563951,-20260278.22,21910691.64,170179282.23000002,58881063.63,-256592.36999999918,-9.532031999999994,23124.75,7385,257,7128,43.85346648612052,17.875330857300973,PUT WALL + VOL SENSITIVE
2026-06-04T08:00:40 ET,2026-06-04T08:00:00 ET,2026-06-04,Thu,0800ET,AGGREGATE,30242.75,744.21,30225.9,NEAR_FLIP,EXPANSION,,,5.83,10.06,15.19,18.43,29299.56,721.0,-943.1899999999987,-3.1187309355134656,-8212378.57,8508932.57,70496037.89999999,20741248.36,-4398237.83,-45.663189,9693.59,2541,46,2495,42.163943329397874,6.760424221452565,PUT WALL + VOL SENSITIVE
2026-06-04T08:00:40 ET,2026-06-04T08:00:00 ET,2026-06-04,Thu,0800ET,AGGREGATE,30242.75,744.21,30225.9,NEAR_FLIP,EXPANSION,,,5.83,10.06,15.19,18.43,29340.19,722.0,-902.5600000000013,-2.984384687239095,-37122848.98,37476548.04,301478169.07,91105141.11999999,-29600152.830000002,-293.618431,39142.67,10445,50,10395,41.646225945428434,28.92819862827112,PUT WALL + VOL SENSITIVE
2026-06-04T08:00:40 ET,2026-06-04T08:00:00 ET,2026-06-04,Thu,0800ET,AGGREGATE,30242.75,744.21,30225.9,NEAR_FLIP,EXPANSION,,,5.83,10.06,15.19,18.43,29380.83,723.0,-861.9199999999983,-2.8500053731886097,-9588546.969999999,10333993.409999998,69166853.30000001,26621315.16,-1719181.3099999996,-15.480535,8547.66,2744,90,2654,41.99895772594752,7.342292984484305,PUT WALL + VOL SENSITIVE
2026-06-04T08:00:40 ET,2026-06-04T08:00:00 ET,2026-06-04,Thu,0800ET,AGGREGATE,30242.75,744.21,30225.9,NEAR_FLIP,EXPANSION,,,5.83,10.06,15.19,18.43,29421.47,724.0,-821.2799999999988,-2.7156260591381365,-8301831.829999999,8804136.69,63473649.89,19118813.740000002,-3979435.2199999997,-49.036293,9208.7,1989,54,1935,39.61637506284565,5.946370320452669,PUT WALL + VOL SENSITIVE
2026-06-04T08:00:40 ET,2026-06-04T08:00:00 ET,2026-06-04,Thu,0800ET,AGGREGATE,30242.75,744.21,30225.9,NEAR_FLIP,EXPANSION,,,5.83,10.06,15.19,18.43,29462.11,725.0,-780.6399999999994,-2.5812467450876637,-33736858.51,37029695.45,269790221.71000004,69848437.61,-10233576.930000003,-160.590501,43230.18,7691,332,7359,36.722134962943706,23.77590251942894,PUT WALL + VOL SENSITIVE
2026-06-04T08:00:40 ET,2026-06-04T08:00:00 ET,2026-06-04,Thu,0800ET,AGGREGATE,30242.75,744.21,30225.9,NEAR_FLIP,EXPANSION,,,5.83,10.06,15.19,18.43,29502.74,726.0,-740.0099999999984,-2.4469004968132806,-11001435.400000002,12017429.200000001,71242926.53,26500929.31,-3233234.01,-38.371595000000006,9441.11,2315,89,2226,39.24324406047516,7.182972057452338,PUT WALL + VOL SENSITIVE
2026-06-04T08:00:40 ET,2026-06-04T08:00:00 ET,2026-06-04,Thu,0800ET,AGGREGATE,30242.75,744.21,30225.9,NEAR_FLIP,EXPANSION,,,5.83,10.06,15.19,18.43,29543.38,727.0,-699.369999999999,-2.312521182762808,-31954236.78,48142060.12,195215875.12,105258428.99999999,68635232.89,927.884874,32419.11,8445,1428,7017,38.968742451154526,24.11369739088802,PUT WALL + VOL SENSITIVE
2026-06-04T08:00:40 ET,2026-06-04T08:00:00 ET,2026-06-04,Thu,0800ET,AGGREGATE,30242.75,744.21,30225.9,NEAR_FLIP,EXPANSION,,,5.83,10.06,15.19,18.43,29584.02,728.0,-658.7299999999996,-2.1781418687123346,-10110168.43,25040791.93,44727944.83999999,37014738.15,49270204.470000006,903.883783,30590.3,3669,1005,2664,33.640654129190516,8.253458705672525,PUT WALL + VOL SENSITIVE
2026-06-04T08:00:40 ET,2026-06-04T08:00:00 ET,2026-06-04,Thu,0800ET,AGGREGATE,30242.75,744.21,30225.9,NEAR_FLIP,EXPANSION,,,5.83,10.06,15.19,18.43,29624.66,729.0,-618.0900000000001,-2.0437625546618614,-19533717.16,24241458.259999998,112809986.02000001,45181403.64999999,4580549.889999999,68.87465699999997,17381.61,3359,330,3029,36.81170884191723,11.494056076535477,PUT WALL + VOL SENSITIVE
2026-06-04T08:00:40 ET,2026-06-04T08:00:00 ET,2026-06-04,Thu,0800ET,AGGREGATE,30242.75,744.21,30225.9,NEAR_FLIP,EXPANSION,,,5.83,10.06,15.19,18.43,29665.29,730.0,-577.4599999999991,-1.9094163063874785,-127171266.34,148180580.83999997,932472530.5,144797410.42,-86787461.31,-1927.149496,230739.38,17347,1281,16066,29.49934282584885,69.53423770498858,PUT WALL + VOL SENSITIVE
2026-06-04T08:00:40 ET,2026-06-04T08:00:00 ET,2026-06-04,Thu,0800ET,AGGREGATE,30242.75,744.21,30225.9,NEAR_FLIP,EXPANSION,,,5.83,10.06,15.19,18.43,29705.93,731.0,-536.8199999999997,-1.7750369923370055,-29205563.240000002,31258948.279999997,158188130.57,47021037.8,-19983213.5,-442.61874400000005,25814.72,3444,113,3331,34.19317944250871,14.2613686900877,PUT WALL + VOL SENSITIVE
2026-06-04T08:00:40 ET,2026-06-04T08:00:00 ET,2026-06-04,Thu,0800ET,AGGREGATE,30242.75,744.21,30225.9,NEAR_FLIP,EXPANSION,,,5.83,10.06,15.19,18.43,29746.57,732.0,-496.1800000000003,-1.6406576782865323,-43283087.980000004,49555428.98,201514564.02999997,76243392.04,-17980381.690000005,-449.798844,30818.53,4882,314,4568,35.077849242113885,19.99399463261098,PUT WALL + VOL SENSITIVE
2026-06-04T08:00:40 ET,2026-06-04T08:00:00 ET,2026-06-04,Thu,0800ET,AGGREGATE,30242.75,744.21,30225.9,NEAR_FLIP,EXPANSION,,,5.83,10.06,15.19,18.43,29787.2,733.0,-455.5499999999993,-1.5063114300121492,-65361215.989999995,73151857.87,287189119.05999994,104934806.35,-34880002.06,-966.430627,42216.81,6440,349,6091,34.56165838509317,28.20071293637235,PUT WALL + VOL SENSITIVE
2026-06-04T08:00:40 ET,2026-06-04T08:00:00 ET,2026-06-04,Thu,0800ET,AGGREGATE,30242.75,744.21,30225.9,NEAR_FLIP,EXPANSION,,,5.83,10.06,15.19,18.43,29827.84,734.0,-414.90999999999985,-1.3719321159616762,-63088748.92,80860008.52,239854809.95000002,100497620.82,-16178466.510000002,-604.4958280000002,53525.369999999995,6426,766,5660,33.27353563647681,25.640501938331056,PUT WALL + VOL SENSITIVE
2026-06-04T08:00:40 ET,2026-06-04T08:00:00 ET,2026-06-04,Thu,0800ET,AGGREGATE,30242.75,744.21,30225.9,NEAR_FLIP,EXPANSION,,,5.83,10.06,15.19,18.43,29868.48,735.0,-374.27000000000044,-1.2375528019112034,-162756828.76000002,212031927.51999998,609370532.5600001,237963658.0,-56231866.089999996,-2004.9158510000004,136422.0,15222,1849,13373,32.2656129286559,63.4343873542194,PUT WALL + VOL SENSITIVE
2026-06-04T08:00:40 ET,2026-06-04T08:00:00 ET,2026-06-04,Thu,0800ET,AGGREGATE,30242.75,744.21,30225.9,NEAR_FLIP,EXPANSION,,,5.83,10.06,15.19,18.43,29909.12,736.0,-333.630000000001,-1.1031734878607302,-75627244.16,92547513.84,318428127.44,63456711.28,-72904513.99,-2301.582727,113187.29000000001,6684,604,6080,27.248058049072416,27.9206570513452,PUT WALL + VOL SENSITIVE
2026-06-04T08:00:40 ET,2026-06-04T08:00:00 ET,2026-06-04,Thu,0800ET,AGGREGATE,30242.75,744.21,30225.9,NEAR_FLIP,EXPANSION,,,5.83,10.06,15.19,18.43,29949.75,737.0,-293.0,-0.9688272395863472,-52871146.99,67011478.33,157915631.27999997,59898644.589999996,-31777997.799999997,-1349.3658860000003,39295.52,3945,440,3505,31.68444866920152,17.313368941371113,PUT WALL + VOL SENSITIVE
2026-06-04T08:00:40 ET,2026-06-04T08:00:00 ET,2026-06-04,Thu,0800ET,AGGREGATE,30242.75,744.21,30225.9,NEAR_FLIP,EXPANSION,,,5.83,10.06,15.19,18.43,29990.39,738.0,-252.36000000000058,-0.8344479255358741,-40981944.31,83252029.85000001,105660558.41,62369100.949999996,2533539.990000004,95.65650399999998,51474.94,4537,1174,3363,30.55393211373154,14.533487720684022,PUT WALL + VOL SENSITIVE
2026-06-04T08:00:40 ET,2026-06-04T08:00:00 ET,2026-06-04,Thu,0800ET,AGGREGATE,30242.75,744.21,30225.9,NEAR_FLIP,EXPANSION,,,5.83,10.06,15.19,18.43,30031.03,739.0,-211.72000000000116,-0.7000686114854011,-28108869.189999998,79462450.05,49479237.49000001,43031044.75,18711652.659999996,447.46503100000007,68020.78,4328,1547,2781,27.987296672828098,10.157705731616824,PUT WALL
2026-06-04T08:00:40 ET,2026-06-04T08:00:00 ET,2026-06-04,Thu,0800ET,AGGREGATE,30242.75,744.21,30225.9,NEAR_FLIP,EXPANSION,,,5.83,10.06,15.19,18.43,30071.67,740.0,-171.08000000000175,-0.5656892974349282,-243887443.55,371241313.89,522813995.05,158487046.75,-244331660.19,-10403.550972,322263.93,19183,3111,16072,27.312012198300575,65.86223555029223,PUT WALL + VOL SENSITIVE
2026-06-04T08:00:40 ET,2026-06-04T08:00:00 ET,2026-06-04,Thu,0800ET,AGGREGATE,30242.75,744.21,30225.9,NEAR_FLIP,EXPANSION,,,5.83,10.06,15.19,18.43,30112.3,741.0,-130.45000000000073,-0.431343049160545,-358517999.75,452132057.75,474782656.42999995,182409394.95999998,-356521763.73999995,-20467.747466,227252.69999999998,19781,2241,17540,31.06613821343713,77.379122727607,PUT WALL
2026-06-04T08:00:40 ET,2026-06-04T08:00:00 ET,2026-06-04,Thu,0800ET,AGGREGATE,30242.75,744.21,30225.9,NEAR_FLIP,EXPANSION,,,5.83,10.06,15.19,18.43,30152.94,742.0,-89.81000000000131,-0.296963735110072,-15988339.169999994,188805463.51,11286761.869999995,48985204.05,30940877.58,2158.007699,109314.01,7973,3578,4395,28.67141728333124,11.950355765458175,PUT WALL
2026-06-04T08:00:40 ET,2026-06-04T08:00:00 ET,2026-06-04,Thu,0800ET,AGGREGATE,30242.75,744.21,30225.9,NEAR_FLIP,EXPANSION,,,5.83,10.06,15.19,18.43,30193.58,743.0,-49.169999999998254,-0.162584421059587,-149111068.18,293909346.94,76001260.19,41527907.089999996,-183376823.71999997,-10263.737419,152638.22,12016,2827,9189,30.082515812250335,28.507415418289217,PUT WALL
2026-06-04T08:00:40 ET,2026-06-04T08:00:00 ET,2026-06-04,Thu,0800ET,AGGREGATE,30242.75,744.21,30225.9,NEAR_FLIP,EXPANSION,,,5.83,10.06,15.19,18.43,30234.22,744.0,-8.529999999998836,-0.028205107009114036,38155589.27999999,248441334.7,-3059818.76,2983468.1,39913818.28,4152.7188989999995,158026.45,10307,5522,4785,27.73782866013389,12.309879180921245,CALL WALL
2026-06-04T08:00:40 ET,2026-06-04T08:00:00 ET,2026-06-04,Thu,0800ET,AGGREGATE,30242.75,744.21,30225.9,NEAR_FLIP,EXPANSION,,,5.83,10.06,15.19,18.43,30274.85,745.0,32.099999999998545,0.10614114126525712,17163032.360000007,345443376.06,6948699.539999997,-35180507.480000004,-4718597.930000007,-330.0971830000003,236378.64,14147,7391,6756,25.628862656393583,14.641829649842231,CALL WALL
2026-06-04T08:00:40 ET,2026-06-04T08:00:00 ET,2026-06-04,Thu,0800ET,AGGREGATE,30242.75,744.21,30225.9,NEAR_FLIP,EXPANSION,,,5.83,10.06,15.19,18.43,30315.49,746.0,72.7400000000016,0.24052045531574212,11944326.990000004,176691439.37,10952478.059999995,-39466832.72,-21268678.40999999,-1437.7425449999998,109923.56999999999,7127,3804,3323,26.065646134418408,10.037687848980575,CALL WALL
2026-06-04T08:00:40 ET,2026-06-04T08:00:00 ET,2026-06-04,Thu,0800ET,AGGREGATE,30242.75,744.21,30225.9,NEAR_FLIP,EXPANSION,,,5.83,10.06,15.19,18.43,30356.13,747.0,113.38000000000102,0.3748997693662151,94600538.39999999,153848519.28,133817901.76,-55691529.58,72588106.57000001,4806.038664,76140.68000000001,5905,4697,1208,26.103513971210837,21.533842745566826,CALL WALL
2026-06-04T08:00:40 ET,2026-06-04T08:00:00 ET,2026-06-04,Thu,0800ET,AGGREGATE,30242.75,744.21,30225.9,NEAR_FLIP,EXPANSION,,,5.83,10.06,15.19,18.43,30396.77,748.0,154.02000000000044,0.5092790834166881,144723539.28,198562775.54000002,280323387.43,-92194683.73,116859201.1,6778.081041,115091.67,8327,7134,1193,25.568199831872224,35.70842855055413,CALL WALL
2026-06-04T08:00:40 ET,2026-06-04T08:00:00 ET,2026-06-04,Thu,0800ET,AGGREGATE,30242.75,744.21,30225.9,NEAR_FLIP,EXPANSION,,,5.83,10.06,15.19,18.43,30437.4,749.0,194.65000000000146,0.6436253316910713,39909439.26,70673158.67999999,98739325.73,-41265826.37,15517779.389999997,809.0882720000002,41060.73,3156,2452,704,25.5951299112801,11.985282817256193,CALL WALL + VOL SENSITIVE
2026-06-04T08:00:40 ET,2026-06-04T08:00:00 ET,2026-06-04,Thu,0800ET,AGGREGATE,30242.75,744.21,30225.9,NEAR_FLIP,EXPANSION,,,5.83,10.06,15.19,18.43,30478.04,750.0,235.29000000000087,0.7780046457415443,200683511.78,241268264.16,602114994.0,-164464607.98,135539681.25,6923.899056,149746.13,11739,10607,1132,25.034778090126927,59.76569358472178,CALL WALL + VOL SENSITIVE
2026-06-04T08:00:40 ET,2026-06-04T08:00:00 ET,2026-06-04,Thu,0800ET,AGGREGATE,30242.75,744.21,30225.9,NEAR_FLIP,EXPANSION,,,5.83,10.06,15.19,18.43,30518.68,751.0,275.9300000000003,0.9123839597920171,35111516.470000006,41039582.690000005,123951747.63000001,-34009816.94,20730822.17,947.4457129999998,22674.23,2156,1991,165,25.467745825602968,11.535993150460817,CALL WALL + VOL SENSITIVE
2026-06-04T08:00:40 ET,2026-06-04T08:00:00 ET,2026-06-04,Thu,0800ET,AGGREGATE,30242.75,744.21,30225.9,NEAR_FLIP,EXPANSION,,,5.83,10.06,15.19,18.43,30559.32,752.0,316.5699999999997,1.0467632738424901,54340673.940000005,59460832.54,233017163.74,-51745550.82,38012975.36,1452.8979519999998,40613.75,3582,3432,150,24.450809603573422,19.64878892819317,CALL WALL + VOL SENSITIVE
2026-06-04T08:00:40 ET,2026-06-04T08:00:00 ET,2026-06-04,Thu,0800ET,AGGREGATE,30242.75,744.21,30225.9,NEAR_FLIP,EXPANSION,,,5.83,10.06,15.19,18.43,30599.95,753.0,357.2000000000007,1.1811095221168733,99919231.32,103468415.39999999,450873128.98,-119579818.11,53800815.61,1936.189841,42122.47,6947,6827,120,25.99366345184972,38.70362162289695,CALL WALL + VOL SENSITIVE
2026-06-04T08:00:40 ET,2026-06-04T08:00:00 ET,2026-06-04,Thu,0800ET,AGGREGATE,30242.75,744.21,30225.9,NEAR_FLIP,EXPANSION,,,5.83,10.06,15.19,18.43,30640.59,754.0,397.84000000000015,1.3154888361673465,18958844.23,22758904.55,97639838.72,-27675352.12,3440825.6999999993,95.69895400000004,11483.25,1804,1658,146,25.598004434589804,8.427020628604778,CALL WALL + VOL SENSITIVE
2026-06-04T08:00:40 ET,2026-06-04T08:00:00 ET,2026-06-04,Thu,0800ET,AGGREGATE,30242.75,744.21,30225.9,NEAR_FLIP,EXPANSION,,,5.83,10.06,15.19,18.43,30681.23,755.0,438.47999999999956,1.4498681502178195,37411077.0,46122791.74,224634726.25,-48875771.87,9073292.45,220.629236,39380.73,4240,3872,368,23.907377358490567,18.054677971097178,CALL WALL + VOL SENSITIVE
2026-06-04T08:00:40 ET,2026-06-04T08:00:00 ET,2026-06-04,Thu,0800ET,AGGREGATE,30242.75,744.21,30225.9,NEAR_FLIP,EXPANSION,,,5.83,10.06,15.19,18.43,30721.86,756.0,479.1100000000006,1.5842143984922026,16748387.73,17175580.59,108643592.08999999,-21726032.52,10407317.78,247.557934,12487.35,1867,1848,19,25.048328869844667,8.449095071104155,CALL WALL + VOL SENSITIVE
2026-06-04T08:00:40 ET,2026-06-04T08:00:00 ET,2026-06-04,Thu,0800ET,AGGREGATE,30242.75,744.21,30225.9,NEAR_FLIP,EXPANSION,,,5.83,10.06,15.19,18.43,30762.5,757.0,519.75,1.7185937125426753,10822961.34,10887975.48,74092105.72,-15892895.149999999,6458715.050000001,130.540699,6965.81,1462,1459,3,25.745218878248977,5.929459579060481,CALL WALL + VOL SENSITIVE
2026-06-04T08:00:40 ET,2026-06-04T08:00:00 ET,2026-06-04,Thu,0800ET,AGGREGATE,30242.75,744.21,30225.9,NEAR_FLIP,EXPANSION,,,5.83,10.06,15.19,18.43,30803.14,758.0,560.3899999999994,1.8529730265931486,14096457.6,14096457.6,103407914.76,-23732804.13,7162143.790000001,111.92056,7288.950000000001,2565,2565,0,25.71625730994152,8.694204973721044,CALL WALL + VOL SENSITIVE
2026-06-04T08:00:40 ET,2026-06-04T08:00:00 ET,2026-06-04,Thu,0800ET,AGGREGATE,30242.75,744.21,30225.9,NEAR_FLIP,EXPANSION,,,5.83,10.06,15.19,18.43,30843.78,759.0,601.0299999999988,1.9873523406436215,17081590.94,17133421.34,126879885.18,-32011007.06,7967956.32,103.25527399999999,8140.619999999999,3632,3627,5,27.07238160792952,11.21358662434874,CALL WALL + VOL SENSITIVE
2026-06-04T08:00:40 ET,2026-06-04T08:00:00 ET,2026-06-04,Thu,0800ET,AGGREGATE,30242.75,744.21,30225.9,NEAR_FLIP,EXPANSION,,,5.83,10.06,15.19,18.43,30884.41,760.0,641.6599999999999,2.1216985889180044,18351542.330000002,23785650.05,150989699.29999998,-36434518.08,-7638067.6499999985,-249.943402,20524.36,5514,5205,309,25.820324628219076,14.081852558203616,CALL WALL + VOL SENSITIVE
2026-06-04T08:00:40 ET,2026-06-04T08:00:00 ET,2026-06-04,Thu,0800ET,AGGREGATE,30242.75,744.21,30225.9,NEAR_FLIP,EXPANSION,,,5.83,10.06,15.19,18.43,30925.05,761.0,682.2999999999993,2.2560779029684777,6407210.07,8865529.25,52104689.99,-15264806.88,-5914587.03,-152.725706,7025.83,2679,2529,150,26.4564725643897,5.675949282420823,CALL WALL + VOL SENSITIVE
2026-06-04T08:00:40 ET,2026-06-04T08:00:00 ET,2026-06-04,Thu,0800ET,AGGREGATE,30242.75,744.21,30225.9,NEAR_FLIP,EXPANSION,,,5.83,10.06,15.19,18.43,30965.69,762.0,722.9399999999987,2.390457217018951,4955110.29,4955110.29,49398264.19,-8511120.22,2992786.55,36.590493,4277.4400000000005,1681,1681,0,26.929274241522908,4.188602800111683,CALL WALL + VOL SENSITIVE
2026-06-04T08:00:40 ET,2026-06-04T08:00:00 ET,2026-06-04,Thu,0800ET,AGGREGATE,30242.75,744.21,30225.9,NEAR_FLIP,EXPANSION,,,5.83,10.06,15.19,18.43,31006.33,763.0,763.5800000000017,2.5248365310694356,7329342.67,7329342.67,78771154.12,-12289420.11,4604562.55,53.192045,7031.790000000001,2748,2748,0,27.301630276564772,6.605256964765103,CALL WALL + VOL SENSITIVE
2026-06-04T08:00:40 ET,2026-06-04T08:00:00 ET,2026-06-04,Thu,0800ET,AGGREGATE,30242.75,744.21,30225.9,NEAR_FLIP,EXPANSION,,,5.83,10.06,15.19,18.43,31046.96,764.0,804.2099999999991,2.6591827793438068,13140363.31,13140363.31,194911852.51,-5388086.73,12419049.709999999,180.33577,24139.600000000002,2395,2395,0,18.61881002087683,10.963870465815912,CALL WALL + VOL SENSITIVE
2026-06-04T08:00:40 ET,2026-06-04T08:00:00 ET,2026-06-04,Thu,0800ET,AGGREGATE,30242.75,744.21,30225.9,NEAR_FLIP,EXPANSION,,,5.83,10.06,15.19,18.43,31087.6,765.0,844.8499999999985,2.79356209339428,14578919.129999999,14613416.23,224657312.10999998,-7531226.33,12778888.78,163.320815,25955.11,3204,3201,3,19.992119225967542,13.014619304655293,CALL WALL + VOL SENSITIVE
2026-06-04T08:00:40 ET,2026-06-04T08:00:00 ET,2026-06-04,Thu,0800ET,AGGREGATE,30242.75,744.21,30225.9,NEAR_FLIP,EXPANSION,,,5.83,10.06,15.19,18.43,31128.24,766.0,885.4900000000016,2.9279414074447647,15271616.3,15271616.3,240756219.01000002,-9189799.69,13262054.92,152.47978600000002,26884.559999999998,3753,3753,0,21.114737543298695,14.238856528402108,CALL WALL + VOL SENSITIVE
2026-06-04T08:00:40 ET,2026-06-04T08:00:00 ET,2026-06-04,Thu,0800ET,AGGREGATE,30242.75,744.21,30225.9,NEAR_FLIP,EXPANSION,,,5.83,10.06,15.19,18.43,31168.88,767.0,926.130000000001,3.062320721495238,1401296.1,1401296.1,19285208.48,-2281502.24,905842.75,7.233009,1671.25,895,895,0,28.632391061452513,1.7077221281999373,CALL WALL + VOL SENSITIVE
2026-06-04T08:00:40 ET,2026-06-04T08:00:00 ET,2026-06-04,Thu,0800ET,AGGREGATE,30242.75,744.21,30225.9,NEAR_FLIP,EXPANSION,,,5.83,10.06,15.19,18.43,31209.51,768.0,966.7599999999984,3.196666969769609,3763904.41,3763904.41,65788516.85,-2412725.08,3015366.42,26.543788000000003,6558.71,1213,1213,0,21.213272877164055,3.994618688006197,CALL WALL + VOL SENSITIVE
2026-06-04T08:00:40 ET,2026-06-04T08:00:00 ET,2026-06-04,Thu,0800ET,AGGREGATE,30242.75,744.21,30225.9,NEAR_FLIP,EXPANSION,,,5.83,10.06,15.19,18.43,31250.15,769.0,1007.4000000000015,3.331046283820094,795998.9199999999,795998.9199999999,14101072.39,-596263.26,624179.62,4.929822,1374.8300000000002,334,334,0,23.3825748502994,0.9157400159745102,CALL WALL + VOL SENSITIVE
2026-06-04T08:00:40 ET,2026-06-04T08:00:00 ET,2026-06-04,Thu,0800ET,AGGREGATE,30242.75,744.21,30225.9,NEAR_FLIP,EXPANSION,,,5.83,10.06,15.19,18.43,31290.79,770.0,1048.0400000000009,3.4654255978705666,2292765.74,2292765.74,43001602.38,-1699931.9,1723574.1700000002,11.590636,3950.06,1082,1082,0,22.897338262476893,2.8263521056793004,CALL WALL + VOL SENSITIVE
2026-06-04T08:00:40 ET,2026-06-04T08:00:00 ET,2026-06-04,Thu,0800ET,AGGREGATE,30242.75,744.21,30225.9,NEAR_FLIP,EXPANSION,,,5.83,10.06,15.19,18.43,31331.43,771.0,1088.6800000000003,3.59980491192104,481151.3,481151.3,6120295.5600000005,-1325408.08,250228.24,0.831877,405.51,681,681,0,33.72186490455213,0.8861701367866605,CALL WALL + VOL SENSITIVE
2026-06-04T08:00:40 ET,2026-06-04T08:00:00 ET,2026-06-04,Thu,0800ET,AGGREGATE,30242.75,744.21,30225.9,NEAR_FLIP,EXPANSION,,,5.83,10.06,15.19,18.43,31372.06,772.0,1129.3100000000013,3.734151160195423,715285.16,715285.16,10772307.46,-1565106.4,429081.77,1.7296500000000001,827.96,877,877,0,33.042109464082095,1.255011023220891,CALL WALL + VOL SENSITIVE
2026-06-04T08:00:40 ET,2026-06-04T08:00:00 ET,2026-06-04,Thu,0800ET,AGGREGATE,30242.75,744.21,30225.9,NEAR_FLIP,EXPANSION,,,5.83,10.06,15.19,18.43,31412.7,773.0,1169.9500000000007,3.8685304742458957,776803.23,776803.23,12389496.23,-1691953.84,458428.39,1.5414439999999998,919.23,1040,1040,0,33.16125,1.4569273377774754,CALL WALL + VOL SENSITIVE
2026-06-04T08:00:40 ET,2026-06-04T08:00:00 ET,2026-06-04,Thu,0800ET,AGGREGATE,30242.75,744.21,30225.9,NEAR_FLIP,EXPANSION,,,5.83,10.06,15.19,18.43,31453.34,774.0,1210.5900000000001,4.0029097882963685,512026.55000000005,512026.55000000005,7235386.65,-1408428.78,296669.13,0.829158,524.87,723,723,0,36.29590594744122,0.971115497098086,CALL WALL + VOL SENSITIVE
2026-06-04T08:00:40 ET,2026-06-04T08:00:00 ET,2026-06-04,Thu,0800ET,AGGREGATE,30242.75,744.21,30225.9,NEAR_FLIP,EXPANSION,,,5.83,10.06,15.19,18.43,31493.98,775.0,1251.2299999999996,4.137289102346842,863757.4700000001,871277.35,16106947.520000001,-1499631.21,406853.37,1.020388,1263.49,1106,1104,2,31.658878842676312,1.649330844216398,CALL WALL + VOL SENSITIVE
2026-06-04T08:00:40 ET,2026-06-04T08:00:00 ET,2026-06-04,Thu,0800ET,AGGREGATE,30242.75,744.21,30225.9,NEAR_FLIP,EXPANSION,,,5.83,10.06,15.19,18.43,31534.61,776.0,1291.8600000000006,4.271635350621225,216343.81,216343.81,2278863.05,-908861.69,101780.51,0.090546,117.79,590,590,0,39.74,0.6157197778171116,CALL WALL + VOL SENSITIVE
2026-06-04T08:00:40 ET,2026-06-04T08:00:00 ET,2026-06-04,Thu,0800ET,AGGREGATE,30242.75,744.21,30225.9,NEAR_FLIP,EXPANSION,,,5.83,10.06,15.19,18.43,31575.25,777.0,1332.5,4.406014664671698,85123.25,85123.25,1912891.1,-76955.83,59963.18,0.175342,156.75,84,84,0,24.268333333333334,0.15037471272514674,CALL WALL + VOL SENSITIVE
2026-06-04T08:00:40 ET,2026-06-04T08:00:00 ET,2026-06-04,Thu,0800ET,AGGREGATE,30242.75,744.21,30225.9,NEAR_FLIP,EXPANSION,,,5.83,10.06,15.19,18.43,31615.89,778.0,1373.1399999999994,4.540393978722171,2298.9,2298.9,55371.42,-1297.93,1675.05,0.004671,4.6,2,2,0,18.27,0.002382990738727431,CALL WALL + VOL SENSITIVE
2026-06-04T08:00:40 ET,2026-06-04T08:00:00 ET,2026-06-04,Thu,0800ET,AGGREGATE,30242.75,744.21,30225.9,NEAR_FLIP,EXPANSION,,,5.83,10.06,15.19,18.43,31697.16,780.0,1454.4099999999999,4.8091195410470275,257674.12,259702.7,4189980.5300000003,-823576.92,75703.89000000001,0.007293999999999995,291.36,682,681,1,39.34403225806451,0.7595426721047761,CALL WALL + VOL SENSITIVE
2026-06-04T08:00:40 ET,2026-06-04T08:00:00 ET,2026-06-04,Thu,0800ET,AGGREGATE,30242.75,744.21,30225.9,NEAR_FLIP,EXPANSION,,,5.83,10.06,15.19,18.43,31737.8,781.0,1495.0499999999993,4.9434988550975,736.88,736.88,19172.47,-451.51,508.2,0.000909,1.49,1,1,0,18.39,0.0,CALL WALL + VOL SENSITIVE
2026-06-04T08:00:40 ET,2026-06-04T08:00:00 ET,2026-06-04,Thu,0800ET,AGGREGATE,30242.75,744.21,30225.9,NEAR_FLIP,EXPANSION,,,5.83,10.06,15.19,18.43,31900.35,785.0,1657.5999999999985,5.480983045523303,312334.99,312334.99,7120513.77,-615559.95,205627.38,0.22158899999999998,538.32,882,882,0,33.92235827664399,1.0189315117869258,CALL WALL + VOL SENSITIVE
2026-06-04T08:00:40 ET,2026-06-04T08:00:00 ET,2026-06-04,Thu,0800ET,AGGREGATE,30242.75,744.21,30225.9,NEAR_FLIP,EXPANSION,,,5.83,10.06,15.19,18.43,32103.54,790.0,1860.7900000000009,6.152846549999589,199166.90999999997,199166.90999999997,5571522.77,-187561.41999999998,142877.52000000002,0.118763,442.36,590,590,0,22.872135593220342,0.6974307331689571,CALL WALL + VOL SENSITIVE
2026-06-04T08:00:40 ET,2026-06-04T08:00:00 ET,2026-06-04,Thu,0800ET,AGGREGATE,30242.75,744.21,30225.9,NEAR_FLIP,EXPANSION,,,5.83,10.06,15.19,18.43,32306.72,795.0,2063.970000000001,6.824676988699776,2912.48,2912.48,81421.65,-2435.66,2425.42,0.002142,7.51,8,8,0,23.52,0.008108930875025087,CALL WALL + VOL SENSITIVE
2026-06-04T08:00:40 ET,2026-06-04T08:00:00 ET,2026-06-04,Thu,0800ET,AGGREGATE,30242.75,744.21,30225.9,NEAR_FLIP,EXPANSION,,,5.83,10.06,15.19,18.43,32509.91,800.0,2267.16,7.49654049317605,86588.46,91281.66,2559129.27,-161017.96,-675719.11,-0.396827,210.52999999999997,583,573,10,27.11,0.56131852166137,CALL WALL + VOL SENSITIVE
2026-06-04T08:00:40 ET,2026-06-04T08:00:00 ET,2026-06-04,Thu,0800ET,AGGREGATE,30242.75,744.21,30225.9,NEAR_FLIP,EXPANSION,,,5.83,10.06,15.19,18.43,32713.1,805.0,2470.3499999999985,8.168403997652325,2210.59,2210.59,68764.35,-2195.31,1801.89,0.000644,6.1,15,15,0,25.17,,
2026-06-04T08:00:40 ET,2026-06-04T08:00:00 ET,2026-06-04,Thu,0800ET,AGGREGATE,30242.75,744.21,30225.9,NEAR_FLIP,EXPANSION,,,5.83,10.06,15.19,18.43,32916.28,810.0,2673.529999999999,8.84023443635251,57696.44,57696.44,1872092.52,-64184.869999999995,46704.9,0.010841,163.48999999999998,612,612,0,26.041225490196076,,
2026-06-04T08:00:40 ET,2026-06-04T08:00:00 ET,2026-06-04,Thu,0800ET,AGGREGATE,30242.75,744.21,30225.9,NEAR_FLIP,EXPANSION,,,5.83,10.06,15.19,18.43,33119.47,815.0,2876.720000000001,9.512097940828799,9627.33,9627.33,316939.24,-11054.78,8188.31,0.001594,29.07,120,120,0,27.55,,
2026-06-04T08:05:44 ET,2026-06-04T08:05:00 ET,2026-06-04,Thu,0805ET,2026-06-04,30263.75,744.21,30246.9,NEAR_FLIP,EXPANSION,,,5.83,10.06,15.19,18.43,27245.96,670.0,-3017.790000000001,-9.971632728924872,-771001.66,797398.2999999999,4698505.68,8214029.699999999,-1465333.8200000003,-3.910096,1849.01,725,12,713,169.27,,
2026-06-04T08:05:44 ET,2026-06-04T08:05:00 ET,2026-06-04,Thu,0805ET,2026-06-08,30263.75,744.21,30246.9,NEAR_FLIP,EXPANSION,,,5.83,10.06,15.19,18.43,27245.96,670.0,-3017.790000000001,-9.971632728924872,-560488.05,574726.9299999999,12648276.39,742039.0,-198055.87,-0.1473589999999998,2917.17,1062,12,1050,46.313559322033896,,
2026-06-04T08:05:44 ET,2026-06-04T08:05:00 ET,2026-06-04,Thu,0805ET,2026-06-04,30263.75,744.21,30246.9,NEAR_FLIP,EXPANSION,,,5.83,10.06,15.19,18.43,27286.62,671.0,-2977.130000000001,-9.837280574945275,-325969.12,429486.33999999997,2002544.2299999997,4363696.5600000005,2260995.5,6.0408479999999996,974.4200000000001,390,47,343,165.62,,
2026-06-04T08:05:44 ET,2026-06-04T08:05:00 ET,2026-06-04,Thu,0805ET,2026-06-04,30263.75,744.21,30246.9,NEAR_FLIP,EXPANSION,,,5.83,10.06,15.19,18.43,27327.29,672.0,-2936.459999999999,-9.702895378133904,-1496145.48,1507170.88,9265376.22,15100980.7,-3853083.7800000003,-10.306612,3345.2,1367,5,1362,162.03,,
2026-06-04T08:05:44 ET,2026-06-04T08:05:00 ET,2026-06-04,Thu,0805ET,2026-06-04,30263.75,744.21,30246.9,NEAR_FLIP,EXPANSION,,,5.83,10.06,15.19,18.43,27367.95,673.0,-2895.7999999999993,-9.568543224154308,-770416.18,770416.18,4809267.67,7610559.64,-2102205.4,-5.629355,1672.55,698,0,698,158.48,,
2026-06-04T08:05:44 ET,2026-06-04T08:05:00 ET,2026-06-04,Thu,0805ET,2026-06-04,30263.75,744.21,30246.9,NEAR_FLIP,EXPANSION,,,5.83,10.06,15.19,18.43,27408.62,674.0,-2855.130000000001,-9.434158027342948,-861812.79,864022.5700000001,5422628.48,8413440.57,-2219991.34,-5.950906000000001,1834.4299999999998,782,1,781,154.99,,
2026-06-04T08:05:44 ET,2026-06-04T08:05:00 ET,2026-06-04,Thu,0805ET,2026-06-04,30263.75,744.21,30246.9,NEAR_FLIP,EXPANSION,,,5.83,10.06,15.19,18.43,27449.28,675.0,-2814.470000000001,-9.29980587336335,-671326.8899999999,700082.25,4257469.28,6718331.04,-841464.59,-2.257848,1453.3799999999999,633,13,620,151.54999999999998,,
2026-06-04T08:05:44 ET,2026-06-04T08:05:00 ET,2026-06-04,Thu,0805ET,2026-06-08,30263.75,744.21,30246.9,NEAR_FLIP,EXPANSION,,,5.83,10.06,15.19,18.43,27449.28,675.0,-2814.470000000001,-9.29980587336335,-238841.79,245259.27,5369970.59,294326.81,-64303.0,-0.04947699999999999,1162.27,413,5,408,43.24150121065376,,
2026-06-04T08:05:44 ET,2026-06-04T08:05:00 ET,2026-06-04,Thu,0805ET,2026-06-04,30263.75,744.21,30246.9,NEAR_FLIP,EXPANSION,,,5.83,10.06,15.19,18.43,27489.95,676.0,-2773.7999999999993,-9.165420676551978,-1072708.8599999999,1074922.92,6856383.989999999,10163830.370000001,-2627748.5900000003,-7.057573,2181.67,971,1,970,148.16,,
2026-06-04T08:05:44 ET,2026-06-04T08:05:00 ET,2026-06-04,Thu,0805ET,2026-06-04,30263.75,744.21,30246.9,NEAR_FLIP,EXPANSION,,,5.83,10.06,15.19,18.43,27530.61,677.0,-2733.1399999999994,-9.031068522572383,-2005593.83,2012242.21,12918888.05,18742583.87,-4697248.0,-12.627617,3992.09,1816,3,1813,144.83,,
2026-06-04T08:05:44 ET,2026-06-04T08:05:00 ET,2026-06-04,Thu,0805ET,2026-06-04,30263.75,744.21,30246.9,NEAR_FLIP,EXPANSION,,,5.83,10.06,15.19,18.43,27571.28,678.0,-2692.470000000001,-8.896683325761021,-1342018.27,1342018.27,8711246.35,12310492.24,-3191673.14,-8.588256,2602.06,1210,0,1210,141.54,,
2026-06-04T08:05:44 ET,2026-06-04T08:05:00 ET,2026-06-04,Thu,0805ET,2026-06-04,30263.75,744.21,30246.9,NEAR_FLIP,EXPANSION,,,5.83,10.06,15.19,18.43,27611.95,679.0,-2651.7999999999993,-8.762298128949649,-2355803.87,2393550.0300000003,15408810.040000001,21618377.330000002,-4270503.99,-11.502345,4534.900000000001,2156,17,2139,138.31000000000003,,
2026-06-04T08:05:44 ET,2026-06-04T08:05:00 ET,2026-06-04,Thu,0805ET,2026-06-04,30263.75,744.21,30246.9,NEAR_FLIP,EXPANSION,,,5.83,10.06,15.19,18.43,27652.61,680.0,-2611.1399999999994,-8.627945974970054,-3108348.5300000003,3148355.87,20484885.939999998,27991155.65,-5740149.92,-15.476543,5827.78,2833,18,2815,135.13000000000002,,
2026-06-04T08:05:44 ET,2026-06-04T08:05:00 ET,2026-06-04,Thu,0805ET,2026-06-08,30263.75,744.21,30246.9,NEAR_FLIP,EXPANSION,,,5.83,10.06,15.19,18.43,27652.61,680.0,-2611.1399999999994,-8.627945974970054,-316636.32,346441.27999999997,7075229.39,384372.49,984281.0199999999,1.7588469999999998,1530.6,522,21,501,40.312183908045974,,
2026-06-04T08:05:44 ET,2026-06-04T08:05:00 ET,2026-06-04,Thu,0805ET,2026-06-04,30263.75,744.21,30246.9,NEAR_FLIP,EXPANSION,,,5.83,10.06,15.19,18.43,27693.28,681.0,-2570.470000000001,-8.493560778158692,-129054.57,129054.57,856868.29,1129162.75,-282132.23,-0.761521,233.35,116,0,116,132.0,,
2026-06-04T08:05:44 ET,2026-06-04T08:05:00 ET,2026-06-04,Thu,0805ET,2026-06-04,30263.75,744.21,30246.9,NEAR_FLIP,EXPANSION,,,5.83,10.06,15.19,18.43,27733.94,682.0,-2529.8100000000013,-8.359208624179097,-1015865.45,1149531.95,6794752.260000001,9895477.29,2022448.71,5.465531,2030.06,1032,60,972,128.92000000000002,,
2026-06-04T08:05:44 ET,2026-06-04T08:05:00 ET,2026-06-04,Thu,0805ET,2026-06-04,30263.75,744.21,30246.9,NEAR_FLIP,EXPANSION,,,5.83,10.06,15.19,18.43,27774.61,683.0,-2489.1399999999994,-8.224823427367724,-1086396.67,1086396.67,7319465.04,9198555.95,-2243842.33,-6.072049,1873.48,974,0,974,125.89,,
2026-06-04T08:05:44 ET,2026-06-04T08:05:00 ET,2026-06-04,Thu,0805ET,2026-06-04,30263.75,744.21,30246.9,NEAR_FLIP,EXPANSION,,,5.83,10.06,15.19,18.43,27815.27,684.0,-2448.4799999999996,-8.090471273388127,-916029.47,916029.47,6215943.64,7626680.45,-1838639.5,-4.98317,1542.31,820,0,820,122.91,,
2026-06-04T08:05:44 ET,2026-06-04T08:05:00 ET,2026-06-04,Thu,0805ET,2026-06-04,30263.75,744.21,30246.9,NEAR_FLIP,EXPANSION,,,5.83,10.06,15.19,18.43,27855.94,685.0,-2407.8100000000013,-7.956086076576767,-468890.13,506938.49,3204239.1999999997,4149079.79,276429.0299999999,0.7505060000000001,833.1899999999999,453,17,436,119.98,,
2026-06-04T08:05:44 ET,2026-06-04T08:05:00 ET,2026-06-04,Thu,0805ET,2026-06-08,30263.75,744.21,30246.9,NEAR_FLIP,EXPANSION,,,5.83,10.06,15.19,18.43,27855.94,685.0,-2407.8100000000013,-7.956086076576767,-77879.68,156791.04,1737604.5499999998,159823.66999999998,3399173.29,6.664124999999999,646.7,205,49,156,37.62926829268293,,
2026-06-04T08:05:44 ET,2026-06-04T08:05:00 ET,2026-06-04,Thu,0805ET,2026-06-04,30263.75,744.21,30246.9,NEAR_FLIP,EXPANSION,,,5.83,10.06,15.19,18.43,27896.61,686.0,-2367.1399999999994,-7.821700879765394,-708679.63,708679.63,4876469.54,5700177.85,-1342951.7,-3.65348,1136.82,632,0,632,117.1,,
2026-06-04T08:05:44 ET,2026-06-04T08:05:00 ET,2026-06-04,Thu,0805ET,2026-06-08,30263.75,744.21,30246.9,NEAR_FLIP,EXPANSION,,,5.83,10.06,15.19,18.43,27896.61,686.0,-2367.1399999999994,-7.821700879765394,-2421.0,2421.0,52672.69,2424.03,-3820.7,-0.00748,9.91,3,0,3,37.35,,
2026-06-04T08:05:44 ET,2026-06-04T08:05:00 ET,2026-06-04,Thu,0805ET,2026-06-04,30263.75,744.21,30246.9,NEAR_FLIP,EXPANSION,,,5.83,10.06,15.19,18.43,27937.27,687.0,-2326.4799999999996,-7.687348725785799,-251762.92,305712.12,1744175.89,2415796.49,1223283.29,3.335679,478.56,272,24,248,114.27,,
2026-06-04T08:05:44 ET,2026-06-04T08:05:00 ET,2026-06-04,Thu,0805ET,2026-06-08,30263.75,744.21,30246.9,NEAR_FLIP,EXPANSION,,,5.83,10.06,15.19,18.43,27937.27,687.0,-2326.4799999999996,-7.687348725785799,-5468.77,8883.97,120848.65,8737.16,135188.56,0.28153300000000003,35.54,11,2,9,36.49454545454545,,
2026-06-04T08:05:44 ET,2026-06-04T08:05:00 ET,2026-06-04,Thu,0805ET,2026-06-04,30263.75,744.21,30246.9,NEAR_FLIP,EXPANSION,,,5.83,10.06,15.19,18.43,27977.94,688.0,-2285.8100000000013,-7.552963528974438,-534183.74,556723.1399999999,3725364.1599999997,4320749.04,-251437.71000000008,-0.6874739999999997,850.2900000000001,494,10,484,111.49,,
2026-06-04T08:05:44 ET,2026-06-04T08:05:00 ET,2026-06-04,Thu,0805ET,2026-06-08,30263.75,744.21,30246.9,NEAR_FLIP,EXPANSION,,,5.83,10.06,15.19,18.43,27977.94,688.0,-2285.8100000000013,-7.552963528974438,-12500.29,12500.29,272499.88,12069.77,-18978.62,-0.038371,49.27,15,0,15,35.97,,
2026-06-04T08:05:44 ET,2026-06-04T08:05:00 ET,2026-06-04,Thu,0805ET,2026-06-04,30263.75,744.21,30246.9,NEAR_FLIP,EXPANSION,,,5.83,10.06,15.19,18.43,28018.6,689.0,-2245.1500000000015,-7.418611374994842,-443148.52,445409.48,3110560.0,3393981.2399999998,-699330.07,-1.9180449999999998,663.62,394,1,393,108.76,,
2026-06-04T08:05:44 ET,2026-06-04T08:05:00 ET,2026-06-04,Thu,0805ET,2026-06-08,30263.75,744.21,30246.9,NEAR_FLIP,EXPANSION,,,5.83,10.06,15.19,18.43,28018.6,689.0,-2245.1500000000015,-7.418611374994842,-20904.86,20904.86,426096.23,19786.85,-34958.37,-0.088651,86.41,20,0,20,37.72,,
2026-06-04T08:05:44 ET,2026-06-04T08:05:00 ET,2026-06-04,Thu,0805ET,2026-06-04,30263.75,744.21,30246.9,NEAR_FLIP,EXPANSION,,,5.83,10.06,15.19,18.43,28059.27,690.0,-2204.4799999999996,-7.284226178183468,-642154.77,682998.53,4535932.05,5108026.279999999,187165.33000000007,0.5151840000000001,992.54,602,18,584,106.08000000000001,,
2026-06-04T08:05:44 ET,2026-06-04T08:05:00 ET,2026-06-04,Thu,0805ET,2026-06-08,30263.75,744.21,30246.9,NEAR_FLIP,EXPANSION,,,5.83,10.06,15.19,18.43,28059.27,690.0,-2204.4799999999996,-7.284226178183468,-388876.03,435923.03,8290749.33,405205.69,1197261.3699999999,2.7451939999999997,1692.84,467,25,442,35.43481798715204,,
2026-06-04T08:05:44 ET,2026-06-04T08:05:00 ET,2026-06-04,Thu,0805ET,2026-06-04,30263.75,744.21,30246.9,NEAR_FLIP,EXPANSION,,,5.83,10.06,15.19,18.43,28099.93,691.0,-2163.8199999999997,-7.149874024203873,-140128.55000000002,172027.73,995890.63,1262301.55,759984.6799999999,2.1005830000000003,243.79,151,14,137,103.44999999999999,,
2026-06-04T08:05:44 ET,2026-06-04T08:05:00 ET,2026-06-04,Thu,0805ET,2026-06-08,30263.75,744.21,30246.9,NEAR_FLIP,EXPANSION,,,5.83,10.06,15.19,18.43,28099.93,691.0,-2163.8199999999997,-7.149874024203873,-35450.61,35450.61,747611.87,32316.03,-53903.55,-0.128781,136.49,36,0,36,35.13,,
2026-06-04T08:05:44 ET,2026-06-04T08:05:00 ET,2026-06-04,Thu,0805ET,2026-06-04,30263.75,744.21,30246.9,NEAR_FLIP,EXPANSION,,,5.83,10.06,15.19,18.43,28140.6,692.0,-2123.1500000000015,-7.015488827392511,-2300835.34,2305414.12,16449141.28,16591561.21,-3520299.71,-9.776482,3185.5299999999997,2014,2,2012,100.86999999999999,,
2026-06-04T08:05:44 ET,2026-06-04T08:05:00 ET,2026-06-04,Thu,0805ET,2026-06-08,30263.75,744.21,30246.9,NEAR_FLIP,EXPANSION,,,5.83,10.06,15.19,18.43,28140.6,692.0,-2123.1500000000015,-7.015488827392511,-77884.18,77884.18,1610285.38,69589.59,-120176.62,-0.311071,299.88,73,0,73,35.13,,
2026-06-04T08:05:44 ET,2026-06-04T08:05:00 ET,2026-06-04,Thu,0805ET,2026-06-04,30263.75,744.21,30246.9,NEAR_FLIP,EXPANSION,,,5.83,10.06,15.19,18.43,28181.26,693.0,-2082.4900000000016,-6.881136673412917,-875882.63,878184.5499999999,6297731.890000001,6196325.6,-1282935.41,-3.5824450000000003,1182.95,763,1,762,98.33,,
2026-06-04T08:05:44 ET,2026-06-04T08:05:00 ET,2026-06-04,Thu,0805ET,2026-06-08,30263.75,744.21,30246.9,NEAR_FLIP,EXPANSION,,,5.83,10.06,15.19,18.43,28181.26,693.0,-2082.4900000000016,-6.881136673412917,-118739.66,127133.29999999999,2492520.6199999996,111370.49,110158.38,0.283651,472.92999999999995,122,4,118,33.942622950819676,,
2026-06-04T08:05:44 ET,2026-06-04T08:05:00 ET,2026-06-04,Thu,0805ET,2026-06-04,30263.75,744.21,30246.9,NEAR_FLIP,EXPANSION,,,5.83,10.06,15.19,18.43,28221.93,694.0,-2041.8199999999997,-6.746751476601544,-648577.21,648577.21,4689011.51,4484876.58,-973547.23,-2.735547,851.57,560,0,560,95.85,,
2026-06-04T08:05:44 ET,2026-06-04T08:05:00 ET,2026-06-04,Thu,0805ET,2026-06-08,30263.75,744.21,30246.9,NEAR_FLIP,EXPANSION,,,5.83,10.06,15.19,18.43,28221.93,694.0,-2041.8199999999997,-6.746751476601544,-209022.88,209022.88,4323769.15,179358.44,-309845.8,-0.835786,773.03,188,0,188,33.75,,
2026-06-04T08:05:44 ET,2026-06-04T08:05:00 ET,2026-06-04,Thu,0805ET,2026-06-04,30263.75,744.21,30246.9,NEAR_FLIP,EXPANSION,,,5.83,10.06,15.19,18.43,28262.6,695.0,-2001.1500000000015,-6.612366279790183,-1665691.6300000001,1679689.03,12105666.87,11378412.66,-2002048.75,-5.665712999999999,2149.29,1440,6,1434,93.41,,
2026-06-04T08:05:44 ET,2026-06-04T08:05:00 ET,2026-06-04,Thu,0805ET,2026-06-08,30263.75,744.21,30246.9,NEAR_FLIP,EXPANSION,,,5.83,10.06,15.19,18.43,28262.6,695.0,-2001.1500000000015,-6.612366279790183,-560805.71,660763.81,11539873.829999998,555259.23,2307359.48,6.322747999999999,2404.63,574,44,530,33.207735191637624,,
2026-06-04T08:05:44 ET,2026-06-04T08:05:00 ET,2026-06-04,Thu,0805ET,2026-06-04,30263.75,744.21,30246.9,NEAR_FLIP,EXPANSION,,,5.83,10.06,15.19,18.43,28303.26,696.0,-1960.4900000000016,-6.478014125810587,-1184163.41,1184163.41,8648985.93,7854978.45,-1676467.17,-4.782894,1476.45,1007,0,1007,91.02,,
2026-06-04T08:05:44 ET,2026-06-04T08:05:00 ET,2026-06-04,Thu,0805ET,2026-06-08,30263.75,744.21,30246.9,NEAR_FLIP,EXPANSION,,,5.83,10.06,15.19,18.43,28303.26,696.0,-1960.4900000000016,-6.478014125810587,-1559895.22,1559895.22,32157135.72,1283294.45,-2232815.43,-6.358238,5553.93,1329,0,1329,32.49,,
2026-06-04T08:05:44 ET,2026-06-04T08:05:00 ET,2026-06-04,Thu,0805ET,2026-06-04,30263.75,744.21,30246.9,NEAR_FLIP,EXPANSION,,,5.83,10.06,15.19,18.43,28343.93,697.0,-1919.8199999999997,-6.343628928999215,-643229.77,666965.19,4720143.420000001,4330381.739999999,-172862.88,-0.4977159999999996,810.1899999999999,562,10,552,88.68,,
2026-06-04T08:05:44 ET,2026-06-04T08:05:00 ET,2026-06-04,Thu,0805ET,2026-06-08,30263.75,744.21,30246.9,NEAR_FLIP,EXPANSION,,,5.83,10.06,15.19,18.43,28343.93,697.0,-1919.8199999999997,-6.343628928999215,-259963.76,259963.76,5247024.98,209203.38,-377711.75,-1.167768,925.11,204,0,204,32.47,,
2026-06-04T08:05:44 ET,2026-06-04T08:05:00 ET,2026-06-04,Thu,0805ET,2026-06-04,30263.75,744.21,30246.9,NEAR_FLIP,EXPANSION,,,5.83,10.06,15.19,18.43,28384.59,698.0,-1879.1599999999999,-6.209276775019619,-510833.2899999999,810618.09,3765045.9999999995,5149085.24,8220040.32,23.914265,959.2,676,125,551,86.38,,
2026-06-04T08:05:44 ET,2026-06-04T08:05:00 ET,2026-06-04,Thu,0805ET,2026-06-08,30263.75,744.21,30246.9,NEAR_FLIP,EXPANSION,,,5.83,10.06,15.19,18.43,28384.59,698.0,-1879.1599999999999,-6.209276775019619,-411883.84,411883.84,8216392.05,324138.29,-597511.91,-1.951252,1450.85,306,0,306,32.14,,
2026-06-04T08:05:44 ET,2026-06-04T08:05:00 ET,2026-06-04,Thu,0805ET,2026-06-04,30263.75,744.21,30246.9,NEAR_FLIP,EXPANSION,,,5.83,10.06,15.19,18.43,28425.26,699.0,-1838.4900000000016,-6.074891578208258,-1640286.24,1640286.24,12138611.58,10188654.2,-2127883.37,-6.263315,1890.42,1352,0,1352,84.13,,
2026-06-04T08:05:44 ET,2026-06-04T08:05:00 ET,2026-06-04,Thu,0805ET,2026-06-08,30263.75,744.21,30246.9,NEAR_FLIP,EXPANSION,,,5.83,10.06,15.19,18.43,28425.26,699.0,-1838.4900000000016,-6.074891578208258,-77197.54,77197.54,1539822.51,59393.92,-109578.95,-0.366485,265.98,56,0,56,31.44,,
2026-06-04T08:05:44 ET,2026-06-04T08:05:00 ET,2026-06-04,Thu,0805ET,2026-06-04,30263.75,744.21,30246.9,NEAR_FLIP,EXPANSION,,,5.83,10.06,15.19,18.43,28465.92,700.0,-1797.8300000000017,-5.940539424228662,-4169642.43,4258148.99,30970742.299999997,25851452.86,-2687209.3499999996,-8.014159000000001,4779.11,3464,36,3428,81.93,,
2026-06-04T08:05:44 ET,2026-06-04T08:05:00 ET,2026-06-04,Thu,0805ET,2026-06-08,30263.75,744.21,30246.9,NEAR_FLIP,EXPANSION,,,5.83,10.06,15.19,18.43,28465.92,700.0,-1797.8300000000017,-5.940539424228662,-994582.7899999999,1079749.0899999999,19770896.35,811716.36,725497.7499999998,2.4800180000000003,3648.67,758,30,728,30.838021108179422,,
2026-06-04T08:05:44 ET,2026-06-04T08:05:00 ET,2026-06-04,Thu,0805ET,2026-06-04,30263.75,744.21,30246.9,NEAR_FLIP,EXPANSION,,,5.83,10.06,15.19,18.43,28506.59,701.0,-1757.1599999999999,-5.80615422741729,-1423360.55,1423360.55,10607287.23,8441502.81,-1742873.84,-5.274833,1555.5,1141,0,1141,79.78,,
2026-06-04T08:05:44 ET,2026-06-04T08:05:00 ET,2026-06-04,Thu,0805ET,2026-06-08,30263.75,744.21,30246.9,NEAR_FLIP,EXPANSION,,,5.83,10.06,15.19,18.43,28506.59,701.0,-1757.1599999999999,-5.80615422741729,-167187.26,167187.26,3272141.25,122718.74,-234216.17,-0.863656,560.59,110,0,110,30.6,,
2026-06-04T08:05:44 ET,2026-06-04T08:05:00 ET,2026-06-04,Thu,0805ET,2026-06-04,30263.75,744.21,30246.9,NEAR_FLIP,EXPANSION,,,5.83,10.06,15.19,18.43,28547.25,702.0,-1716.5,-5.671802073437694,-1189509.6700000002,1197118.47,8890255.1,6931801.73,-1201206.13,-3.695696,1273.7,944,3,941,77.67,,
2026-06-04T08:05:44 ET,2026-06-04T08:05:00 ET,2026-06-04,Thu,0805ET,2026-06-08,30263.75,744.21,30246.9,NEAR_FLIP,EXPANSION,,,5.83,10.06,15.19,18.43,28547.25,702.0,-1716.5,-5.671802073437694,-187965.15,187965.15,3594615.43,134623.01,-267479.53,-1.069982,629.68,114,0,114,30.57,,
2026-06-04T08:05:44 ET,2026-06-04T08:05:00 ET,2026-06-04,Thu,0805ET,2026-06-04,30263.75,744.21,30246.9,NEAR_FLIP,EXPANSION,,,5.83,10.06,15.19,18.43,28587.92,703.0,-1675.8300000000017,-5.537416876626333,-1053919.8499999999,1056502.99,7896178.199999999,5969475.11,-1147487.3800000001,-3.595662,1094.26,818,1,817,75.61,,
2026-06-04T08:05:44 ET,2026-06-04T08:05:00 ET,2026-06-04,Thu,0805ET,2026-06-08,30263.75,744.21,30246.9,NEAR_FLIP,EXPANSION,,,5.83,10.06,15.19,18.43,28587.92,703.0,-1675.8300000000017,-5.537416876626333,-188096.07,567585.8500000001,3540278.1500000004,396596.31999999995,7772126.14,31.045274,1852.69,337,115,222,29.78032640949555,,
2026-06-04T08:05:44 ET,2026-06-04T08:05:00 ET,2026-06-04,Thu,0805ET,2026-06-04,30263.75,744.21,30246.9,NEAR_FLIP,EXPANSION,,,5.83,10.06,15.19,18.43,28628.59,704.0,-1635.1599999999999,-5.403031679814959,-2180178.99,2198632.75,16366497.959999999,12114759.19,-1951202.4100000001,-6.239826,2216.52,1668,7,1661,73.59,,
2026-06-04T08:05:44 ET,2026-06-04T08:05:00 ET,2026-06-04,Thu,0805ET,2026-06-08,30263.75,744.21,30246.9,NEAR_FLIP,EXPANSION,,,5.83,10.06,15.19,18.43,28628.59,704.0,-1635.1599999999999,-5.403031679814959,-243425.05,243425.05,4594730.76,165796.16,-337365.02,-1.465008,786.5,136,0,136,29.48,,
2026-06-04T08:05:44 ET,2026-06-04T08:05:00 ET,2026-06-04,Thu,0805ET,2026-06-04,30263.75,744.21,30246.9,NEAR_FLIP,EXPANSION,,,5.83,10.06,15.19,18.43,28669.25,705.0,-1594.5,-5.268679525835364,-675452.05,2589906.9699999997,5077935.49,13908180.0,50007005.24,163.569055,2541.13,1921,710,1211,71.63,,
2026-06-04T08:05:44 ET,2026-06-04T08:05:00 ET,2026-06-04,Thu,0805ET,2026-06-08,30263.75,744.21,30246.9,NEAR_FLIP,EXPANSION,,,5.83,10.06,15.19,18.43,28669.25,705.0,-1594.5,-5.268679525835364,-8003191.76,8054614.76,149786156.07000002,5344676.399999999,-9999606.190000001,-45.547976,25582.7,4299,14,4285,28.979185857176088,,
2026-06-04T08:05:44 ET,2026-06-04T08:05:00 ET,2026-06-04,Thu,0805ET,2026-06-04,30263.75,744.21,30246.9,NEAR_FLIP,EXPANSION,,,5.83,10.06,15.19,18.43,28709.92,706.0,-1553.8300000000017,-5.134294329024003,-1459685.16,1506682.5999999999,10983429.03,7880348.069999999,-337440.99,-1.1316349999999993,1438.63,1090,17,1073,69.7,,
2026-06-04T08:05:44 ET,2026-06-04T08:05:00 ET,2026-06-04,Thu,0805ET,2026-06-08,30263.75,744.21,30246.9,NEAR_FLIP,EXPANSION,,,5.83,10.06,15.19,18.43,28709.92,706.0,-1553.8300000000017,-5.134294329024003,-474918.65,474918.65,8743948.46,306773.19,-652231.94,-3.157605,1493.62,238,0,238,28.7,,
2026-06-04T08:05:44 ET,2026-06-04T08:05:00 ET,2026-06-04,Thu,0805ET,2026-06-04,30263.75,744.21,30246.9,NEAR_FLIP,EXPANSION,,,5.83,10.06,15.19,18.43,28750.58,707.0,-1513.1699999999983,-4.999942175044395,-929245.21,934928.6699999999,6994119.24,4759244.5,-818866.36,-2.822794,868.66,658,2,656,67.83,,
2026-06-04T08:05:44 ET,2026-06-04T08:05:00 ET,2026-06-04,Thu,0805ET,2026-06-08,30263.75,744.21,30246.9,NEAR_FLIP,EXPANSION,,,5.83,10.06,15.19,18.43,28750.58,707.0,-1513.1699999999983,-4.999942175044395,-627792.29,631902.05,11394772.66,397086.04000000004,-791082.7100000001,-4.066733,1962.1599999999999,299,1,298,28.33872909698996,,
2026-06-04T08:05:44 ET,2026-06-04T08:05:00 ET,2026-06-04,Thu,0805ET,2026-06-04,30263.75,744.21,30246.9,NEAR_FLIP,EXPANSION,,,5.83,10.06,15.19,18.43,28791.25,708.0,-1472.5,-4.865556978233035,-1329835.5,1335693.7999999998,10005563.24,6612786.630000001,-1197053.8800000001,-4.25343,1207.51,912,2,910,65.99,,
2026-06-04T08:05:44 ET,2026-06-04T08:05:00 ET,2026-06-04,Thu,0805ET,2026-06-08,30263.75,744.21,30246.9,NEAR_FLIP,EXPANSION,,,5.83,10.06,15.19,18.43,28791.25,708.0,-1472.5,-4.865556978233035,-181128.61,181128.61,3262685.55,110659.45,-244579.15,-1.310709,551.39,82,0,82,27.78,,
2026-06-04T08:05:44 ET,2026-06-04T08:05:00 ET,2026-06-04,Thu,0805ET,2026-06-04,30263.75,744.21,30246.9,NEAR_FLIP,EXPANSION,,,5.83,10.06,15.19,18.43,28831.91,709.0,-1431.8400000000001,-4.731204824253439,-2705727.34,2705727.34,20335875.8,13017997.83,-2655367.18,-9.754333,2379.86,1787,0,1787,64.21,,
2026-06-04T08:05:44 ET,2026-06-04T08:05:00 ET,2026-06-04,Thu,0805ET,2026-06-08,30263.75,744.21,30246.9,NEAR_FLIP,EXPANSION,,,5.83,10.06,15.19,18.43,28831.91,709.0,-1431.8400000000001,-4.731204824253439,-1061377.43,1061377.43,18785886.84,629837.06,-1435214.05,-8.194519,3196.12,451,0,451,27.48,,
2026-06-04T08:05:44 ET,2026-06-04T08:05:00 ET,2026-06-04,Thu,0805ET,2026-06-04,30263.75,744.21,30246.9,NEAR_FLIP,EXPANSION,,,5.83,10.06,15.19,18.43,28872.58,710.0,-1391.1699999999983,-4.596819627442066,-6240368.84,9371545.36,46815965.39,43782369.49,65235650.720000006,248.531186,8019.38,5968,997,4971,62.46999999999999,,
2026-06-04T08:05:44 ET,2026-06-04T08:05:00 ET,2026-06-04,Thu,0805ET,2026-06-08,30263.75,744.21,30246.9,NEAR_FLIP,EXPANSION,,,5.83,10.06,15.19,18.43,28872.58,710.0,-1391.1699999999983,-4.596819627442066,-3403231.58,3467038.6399999997,59293620.24,1996790.21,-3707991.4200000004,-22.553383000000004,10299.369999999999,1389,13,1376,27.107660187185026,,
2026-06-04T08:05:44 ET,2026-06-04T08:05:00 ET,2026-06-04,Thu,0805ET,2026-06-04,30263.75,744.21,30246.9,NEAR_FLIP,EXPANSION,,,5.83,10.06,15.19,18.43,28913.25,711.0,-1350.5,-4.462434430630705,-2255011.0700000003,2268083.59,16872524.0,10280149.129999999,-1817077.82,-7.203716,1888.14,1388,4,1384,60.77000000000001,,
2026-06-04T08:05:44 ET,2026-06-04T08:05:00 ET,2026-06-04,Thu,0805ET,2026-06-08,30263.75,744.21,30246.9,NEAR_FLIP,EXPANSION,,,5.83,10.06,15.19,18.43,28913.25,711.0,-1350.5,-4.462434430630705,-312802.82,338897.48000000004,5360813.46,189268.00999999998,-83540.45000000001,-0.5711299999999997,992.6899999999999,128,5,123,26.731015625,,
2026-06-04T08:05:44 ET,2026-06-04T08:05:00 ET,2026-06-04,Thu,0805ET,2026-06-04,30263.75,744.21,30246.9,NEAR_FLIP,EXPANSION,,,5.83,10.06,15.19,18.43,28953.91,712.0,-1309.8400000000001,-4.328082276651109,-4452298.100000001,4472776.28,33195310.46,19650401.46,-3622205.46,-14.996735999999999,3622.34,2621,6,2615,59.12,,
2026-06-04T08:05:44 ET,2026-06-04T08:05:00 ET,2026-06-04,Thu,0805ET,2026-06-08,30263.75,744.21,30246.9,NEAR_FLIP,EXPANSION,,,5.83,10.06,15.19,18.43,28953.91,712.0,-1309.8400000000001,-4.328082276651109,-531139.13,614460.7100000001,8929245.28,332443.56,289956.65,1.8709509999999998,1777.68,218,15,203,26.40211009174312,,
2026-06-04T08:05:44 ET,2026-06-04T08:05:00 ET,2026-06-04,Thu,0805ET,2026-06-04,30263.75,744.21,30246.9,NEAR_FLIP,EXPANSION,,,5.83,10.06,15.19,18.43,28994.58,713.0,-1269.1699999999983,-4.193697079839737,-5760343.2,5767498.899999999,42754657.74,24536479.36,-4973325.4399999995,-21.585041,4543.96,3224,2,3222,57.51,,
2026-06-04T08:05:44 ET,2026-06-04T08:05:00 ET,2026-06-04,Thu,0805ET,2026-06-08,30263.75,744.21,30246.9,NEAR_FLIP,EXPANSION,,,5.83,10.06,15.19,18.43,28994.58,713.0,-1269.1699999999983,-4.193697079839737,-1154876.95,1184464.93,18980728.18,620147.03,-1233204.15,-9.097163,3398.6,392,5,387,26.185408163265308,,
2026-06-04T08:05:44 ET,2026-06-04T08:05:00 ET,2026-06-04,Thu,0805ET,2026-06-04,30263.75,744.21,30246.9,NEAR_FLIP,EXPANSION,,,5.83,10.06,15.19,18.43,29035.24,714.0,-1228.5099999999984,-4.059344925860141,-11377391.29,11437640.73,85947280.38,47080570.86,-8346792.279999999,-35.141040000000004,8568.64,6522,16,6506,54.69309107635695,,
2026-06-04T08:05:44 ET,2026-06-04T08:05:00 ET,2026-06-04,Thu,0805ET,2026-06-08,30263.75,744.21,30246.9,NEAR_FLIP,EXPANSION,,,5.83,10.06,15.19,18.43,29035.24,714.0,-1228.5099999999984,-4.059344925860141,-1560226.51,1572845.11,25143743.88,796124.23,-1983645.03,-15.501787,4454.83,489,2,487,25.848568507157466,,
2026-06-04T08:05:44 ET,2026-06-04T08:05:00 ET,2026-06-04,Thu,0805ET,2026-06-04,30263.75,744.21,30246.9,NEAR_FLIP,EXPANSION,,,5.83,10.06,15.19,18.43,29075.91,715.0,-1187.8400000000001,-3.92495972904878,-7909786.459999999,11137358.44,59685967.39999999,44296836.01,51231709.63,249.94907199999997,8138.37,5957,811,5146,53.33290078898774,,
2026-06-04T08:05:44 ET,2026-06-04T08:05:00 ET,2026-06-04,Thu,0805ET,2026-06-08,30263.75,744.21,30246.9,NEAR_FLIP,EXPANSION,,,5.83,10.06,15.19,18.43,29075.91,715.0,-1187.8400000000001,-3.92495972904878,-3799983.15,3867301.4099999997,60006797.839999996,1890326.73,-4497616.0,-37.446602999999996,10804.179999999998,1130,10,1120,25.49716814159292,,
2026-06-04T08:05:44 ET,2026-06-04T08:05:00 ET,2026-06-04,Thu,0805ET,2026-06-04,30263.75,744.21,30246.9,NEAR_FLIP,EXPANSION,,,5.83,10.06,15.19,18.43,29116.57,716.0,-1147.1800000000003,-3.7906075750691848,-3874405.4699999997,3937771.71,28689870.04,15115112.06,-2057037.67,-9.724079,2807.5699999999997,1963,15,1948,52.047030056036675,,
2026-06-04T08:05:44 ET,2026-06-04T08:05:00 ET,2026-06-04,Thu,0805ET,2026-06-08,30263.75,744.21,30246.9,NEAR_FLIP,EXPANSION,,,5.83,10.06,15.19,18.43,29116.57,716.0,-1147.1800000000003,-3.7906075750691848,-855336.59,977517.87,13190303.94,460841.39,-62036.29000000004,-0.7147760000000005,2695.9199999999996,268,17,251,25.169701492537314,,
2026-06-04T08:05:44 ET,2026-06-04T08:05:00 ET,2026-06-04,Thu,0805ET,2026-06-04,30263.75,744.21,30246.9,NEAR_FLIP,EXPANSION,,,5.83,10.06,15.19,18.43,29157.24,717.0,-1106.5099999999984,-3.656222378257811,-6766465.75,6910607.23,49745447.22,25569118.32,-3057584.45,-15.090878000000002,4785.0,3245,32,3213,50.5497627118644,,
2026-06-04T08:05:44 ET,2026-06-04T08:05:00 ET,2026-06-04,Thu,0805ET,2026-06-08,30263.75,744.21,30246.9,NEAR_FLIP,EXPANSION,,,5.83,10.06,15.19,18.43,29157.24,717.0,-1106.5099999999984,-3.656222378257811,-1110555.66,1202681.74,16675257.04,546106.44,-753461.1399999999,-7.281890000000001,3286.38,308,12,296,24.934805194805197,,
2026-06-04T08:05:44 ET,2026-06-04T08:05:00 ET,2026-06-04,Thu,0805ET,2026-06-04,30263.75,744.21,30246.9,NEAR_FLIP,EXPANSION,,,5.83,10.06,15.19,18.43,29197.9,718.0,-1065.8499999999985,-3.521870224278216,-4348765.26,4758925.0600000005,31124937.77,16946547.19,2548801.89,15.125392000000002,3257.79,1991,85,1906,49.9772576594676,,
2026-06-04T08:05:44 ET,2026-06-04T08:05:00 ET,2026-06-04,Thu,0805ET,2026-06-08,30263.75,744.21,30246.9,NEAR_FLIP,EXPANSION,,,5.83,10.06,15.19,18.43,29197.9,718.0,-1065.8499999999985,-3.521870224278216,-1847321.23,2191882.65,27051832.82,957345.97,120811.93000000017,0.7836669999999977,5906.92,527,42,485,24.591309297912716,,
2026-06-04T08:05:44 ET,2026-06-04T08:05:00 ET,2026-06-04,Thu,0805ET,2026-06-04,30263.75,744.21,30246.9,NEAR_FLIP,EXPANSION,,,5.83,10.06,15.19,18.43,29238.57,719.0,-1025.1800000000003,-3.387485027466855,-23319867.509999998,23449717.75,166268907.57,80268527.72999999,-16147497.96,-98.109923,15488.35,9328,25,9303,48.211581260720415,,
2026-06-04T08:05:44 ET,2026-06-04T08:05:00 ET,2026-06-04,Thu,0805ET,2026-06-08,30263.75,744.21,30246.9,NEAR_FLIP,EXPANSION,,,5.83,10.06,15.19,18.43,29238.57,719.0,-1025.1800000000003,-3.387485027466855,-904601.2899999999,930908.15,12871802.92,390460.43,-1066998.59,-11.568079000000001,2487.77,209,3,206,24.38397129186603,,
2026-06-04T08:05:44 ET,2026-06-04T08:05:00 ET,2026-06-04,Thu,0805ET,2026-06-04,30263.75,744.21,30246.9,NEAR_FLIP,EXPANSION,,,5.83,10.06,15.19,18.43,29279.24,720.0,-984.5099999999984,-3.2530998306554824,-16233595.45,17368429.31,114577660.37,57054320.59,1979583.1600000001,16.885326000000006,11134.05,6429,202,6227,46.792936693109354,,
2026-06-04T08:05:44 ET,2026-06-04T08:05:00 ET,2026-06-04,Thu,0805ET,2026-06-08,30263.75,744.21,30246.9,NEAR_FLIP,EXPANSION,,,5.83,10.06,15.19,18.43,29279.24,720.0,-984.5099999999984,-3.2530998306554824,-4026682.77,4542262.33,55601621.86,1826743.04,-2236175.53,-26.417358,11990.7,956,55,901,24.085836820083685,,
2026-06-04T08:05:44 ET,2026-06-04T08:05:00 ET,2026-06-04,Thu,0805ET,2026-06-04,30263.75,744.21,30246.9,NEAR_FLIP,EXPANSION,,,5.83,10.06,15.19,18.43,29319.9,721.0,-943.8499999999985,-3.1187476766758864,-6067673.94,6324144.12,41812261.3,19900356.77,-1614970.48,-11.303002,3975.56,2111,42,2069,45.88716248223591,,
2026-06-04T08:05:44 ET,2026-06-04T08:05:00 ET,2026-06-04,Thu,0805ET,2026-06-08,30263.75,744.21,30246.9,NEAR_FLIP,EXPANSION,,,5.83,10.06,15.19,18.43,29319.9,721.0,-943.8499999999985,-3.1187476766758864,-2144704.63,2184788.45,28683776.599999998,840891.59,-2783267.35,-34.360187,5718.03,430,4,426,23.88553488372093,,
2026-06-04T08:05:44 ET,2026-06-04T08:05:00 ET,2026-06-04,Thu,0805ET,2026-06-04,30263.75,744.21,30246.9,NEAR_FLIP,EXPANSION,,,5.83,10.06,15.19,18.43,29360.57,722.0,-903.1800000000003,-2.9843624798645254,-28976865.22,29277011.9,196007648.18,88090597.49,-18315010.87,-145.181793,17927.07,8932,45,8887,44.701662561576356,,
2026-06-04T08:05:44 ET,2026-06-04T08:05:00 ET,2026-06-04,Thu,0805ET,2026-06-08,30263.75,744.21,30246.9,NEAR_FLIP,EXPANSION,,,5.83,10.06,15.19,18.43,29360.57,722.0,-903.1800000000003,-2.9843624798645254,-8145983.76,8199536.140000001,105470520.89,3014543.63,-11285141.96,-148.436638,21215.600000000002,1513,5,1508,23.608446794448113,,
2026-06-04T08:05:44 ET,2026-06-04T08:05:00 ET,2026-06-04,Thu,0805ET,2026-06-04,30263.75,744.21,30246.9,NEAR_FLIP,EXPANSION,,,5.83,10.06,15.19,18.43,29401.23,723.0,-862.5200000000004,-2.85001032588493,-8619192.76,9124324.479999999,57166229.800000004,26197444.23,-1535509.1399999997,-12.649197000000001,5440.63,2535,69,2466,43.529254437869824,,
2026-06-04T08:05:44 ET,2026-06-04T08:05:00 ET,2026-06-04,Thu,0805ET,2026-06-08,30263.75,744.21,30246.9,NEAR_FLIP,EXPANSION,,,5.83,10.06,15.19,18.43,29401.23,723.0,-862.5200000000004,-2.85001032588493,-969354.2100000001,1209668.9300000002,12000623.5,423870.93000000005,-183672.16999999993,-2.831337999999999,3107.0299999999997,209,21,188,23.437703349282295,,
2026-06-04T08:05:44 ET,2026-06-04T08:05:00 ET,2026-06-04,Thu,0805ET,2026-06-04,30263.75,744.21,30246.9,NEAR_FLIP,EXPANSION,,,5.83,10.06,15.19,18.43,29441.9,724.0,-821.8499999999985,-2.7156251290735565,-6436804.859999999,6743580.74,41190582.79,18432245.42,-2156624.31,-21.581584999999997,3965.81,1655,38,1617,42.9254078549849,,
2026-06-04T08:05:44 ET,2026-06-04T08:05:00 ET,2026-06-04,Thu,0805ET,2026-06-08,30263.75,744.21,30246.9,NEAR_FLIP,EXPANSION,,,5.83,10.06,15.19,18.43,29441.9,724.0,-821.8499999999985,-2.7156251290735565,-1865026.97,2060555.95,22283067.1,686568.32,-1822810.91,-27.454708000000004,5242.89,334,16,318,23.21982035928144,,
2026-06-04T08:05:44 ET,2026-06-04T08:05:00 ET,2026-06-04,Thu,0805ET,2026-06-04,30263.75,744.21,30246.9,NEAR_FLIP,EXPANSION,,,5.83,10.06,15.19,18.43,29482.56,725.0,-781.1899999999987,-2.5812729750939614,-23234833.95,25497408.01,148959336.11,66203843.07,902776.549999997,17.363438000000002,14253.49,5934,253,5681,40.80751937984497,,
2026-06-04T08:05:44 ET,2026-06-04T08:05:00 ET,2026-06-04,Thu,0805ET,2026-06-08,30263.75,744.21,30246.9,NEAR_FLIP,EXPANSION,,,5.83,10.06,15.19,18.43,29482.56,725.0,-781.1899999999987,-2.5812729750939614,-10502024.56,11532287.44,120830885.6,3644594.54,-11136353.48,-177.953939,28976.690000000002,1757,79,1678,22.92437108708025,,
2026-06-04T08:05:44 ET,2026-06-04T08:05:00 ET,2026-06-04,Thu,0805ET,2026-06-04,30263.75,744.21,30246.9,NEAR_FLIP,EXPANSION,,,5.83,10.06,15.19,18.43,29523.23,726.0,-740.5200000000004,-2.4468877782826004,-10050091.270000001,10607222.15,60873599.230000004,26079458.11,-3577976.82,-44.038059000000004,5931.23,2113,56,2057,40.82390440132513,,
2026-06-04T08:05:44 ET,2026-06-04T08:05:00 ET,2026-06-04,Thu,0805ET,2026-06-08,30263.75,744.21,30246.9,NEAR_FLIP,EXPANSION,,,5.83,10.06,15.19,18.43,29523.23,726.0,-740.5200000000004,-2.4468877782826004,-951344.1300000001,1410207.05,10369327.3,421471.2,344742.81000000006,5.666463999999998,3509.88,202,33,169,22.708910891089108,,
2026-06-04T08:05:44 ET,2026-06-04T08:05:00 ET,2026-06-04,Thu,0805ET,2026-06-04,30263.75,744.21,30246.9,NEAR_FLIP,EXPANSION,,,5.83,10.06,15.19,18.43,29563.89,727.0,-699.8600000000006,-2.312535624303005,-30053517.69,44952883.510000005,175642688.78,104359987.41999999,67026602.45,899.1257929999999,24537.960000000003,8015,1341,6674,39.84980661260137,,
2026-06-04T08:05:44 ET,2026-06-04T08:05:00 ET,2026-06-04,Thu,0805ET,2026-06-08,30263.75,744.21,30246.9,NEAR_FLIP,EXPANSION,,,5.83,10.06,15.19,18.43,29563.89,727.0,-699.8600000000006,-2.312535624303005,-1900719.09,3189176.6100000003,19573186.339999996,898441.58,1608630.44,28.759080999999995,7881.15,430,87,343,22.546116279069768,,
2026-06-04T08:05:44 ET,2026-06-04T08:05:00 ET,2026-06-04,Thu,0805ET,2026-06-04,30263.75,744.21,30246.9,NEAR_FLIP,EXPANSION,,,5.83,10.06,15.19,18.43,29604.56,728.0,-659.1899999999987,-2.1781504274916315,-12429018.74,15828028.26,69582826.35,34575808.57,8655904.39,127.65066999999999,8486.46,2499,273,2226,39.138823529411766,,
2026-06-04T08:05:44 ET,2026-06-04T08:05:00 ET,2026-06-04,Thu,0805ET,2026-06-08,30263.75,744.21,30246.9,NEAR_FLIP,EXPANSION,,,5.83,10.06,15.19,18.43,29604.56,728.0,-659.1899999999987,-2.1781504274916315,2318850.31,9212763.67,-24854881.510000005,2438929.58,40614300.080000006,776.233113,22103.84,1170,732,438,21.897128205128205,,
2026-06-04T08:05:44 ET,2026-06-04T08:05:00 ET,2026-06-04,Thu,0805ET,2026-06-04,30263.75,744.21,30246.9,NEAR_FLIP,EXPANSION,,,5.83,10.06,15.19,18.43,29645.23,729.0,-618.5200000000004,-2.043765230680271,-17609862.61,21765427.79,94649442.76,44568504.919999994,6007858.209999999,97.56659699999997,11402.47,3062,297,2765,38.24471260613977,,
2026-06-04T08:05:44 ET,2026-06-04T08:05:00 ET,2026-06-04,Thu,0805ET,2026-06-08,30263.75,744.21,30246.9,NEAR_FLIP,EXPANSION,,,5.83,10.06,15.19,18.43,29645.23,729.0,-618.5200000000004,-2.043765230680271,-1923854.5499999998,2476030.4699999997,18160543.26,612898.73,-1427308.32,-28.691940000000002,5979.139999999999,297,33,264,22.03777777777778,,
2026-06-04T08:05:44 ET,2026-06-04T08:05:00 ET,2026-06-04,Thu,0805ET,2026-06-04,30263.75,744.21,30246.9,NEAR_FLIP,EXPANSION,,,5.83,10.06,15.19,18.43,29685.89,730.0,-577.8600000000006,-1.909413076700675,-52215177.25,65861400.989999995,257598549.32,125823500.42999999,12897819.090000004,204.57527499999992,34783.63,8022,866,7156,38.54488905509847,,
2026-06-04T08:05:44 ET,2026-06-04T08:05:00 ET,2026-06-04,Thu,0805ET,2026-06-08,30263.75,744.21,30246.9,NEAR_FLIP,EXPANSION,,,5.83,10.06,15.19,18.43,29685.89,730.0,-577.8600000000006,-1.909413076700675,-74956089.09,82319179.85,674873981.18,18973909.990000002,-99685280.4,-2131.724771,195955.75,9325,415,8910,21.71774798927614,,
2026-06-04T08:05:44 ET,2026-06-04T08:05:00 ET,2026-06-04,Thu,0805ET,2026-06-04,30263.75,744.21,30246.9,NEAR_FLIP,EXPANSION,,,5.83,10.06,15.19,18.43,29726.56,731.0,-537.1899999999987,-1.7750278798893022,-24639495.0,25847906.939999998,119801475.45,45866209.449999996,-14538323.04,-320.205202,13014.880000000001,2863,68,2795,36.75194900454069,,
2026-06-04T08:05:44 ET,2026-06-04T08:05:00 ET,2026-06-04,Thu,0805ET,2026-06-08,30263.75,744.21,30246.9,NEAR_FLIP,EXPANSION,,,5.83,10.06,15.19,18.43,29726.56,731.0,-537.1899999999987,-1.7750278798893022,-4566068.24,5411041.34,38386655.12,1154828.35,-5444890.459999999,-122.413542,12799.84,581,45,536,21.58430292598967,,
2026-06-04T08:05:44 ET,2026-06-04T08:05:00 ET,2026-06-04,Thu,0805ET,2026-06-04,30263.75,744.21,30246.9,NEAR_FLIP,EXPANSION,,,5.83,10.06,15.19,18.43,29767.22,732.0,-496.52999999999884,-1.6406757259097067,-41964082.56,46134444.08,191424352.04999998,75571447.12,-20226967.610000003,-505.00942599999996,22836.54,4534,208,4326,36.135959417732685,,
2026-06-04T08:05:44 ET,2026-06-04T08:05:00 ET,2026-06-04,Thu,0805ET,2026-06-08,30263.75,744.21,30246.9,NEAR_FLIP,EXPANSION,,,5.83,10.06,15.19,18.43,29767.22,732.0,-496.52999999999884,-1.6406757259097067,-1319005.4200000002,3420984.9000000004,10090211.98,671944.92,2246585.92,55.21058199999999,7981.99,348,106,242,21.292011494252872,,
2026-06-04T08:05:44 ET,2026-06-04T08:05:00 ET,2026-06-04,Thu,0805ET,2026-06-04,30263.75,744.21,30246.9,NEAR_FLIP,EXPANSION,,,5.83,10.06,15.19,18.43,29807.89,733.0,-455.8600000000006,-1.5062905290983455,-62842141.239999995,69421014.36,268725978.34999996,104265345.97,-32945252.490000002,-918.656235,33632.19,6080,291,5789,35.36500986842105,,
2026-06-04T08:05:44 ET,2026-06-04T08:05:00 ET,2026-06-04,Thu,0805ET,2026-06-08,30263.75,744.21,30246.9,NEAR_FLIP,EXPANSION,,,5.83,10.06,15.19,18.43,29807.89,733.0,-455.8600000000006,-1.5062905290983455,-2519074.75,3730843.51,18463140.709999997,669460.38,-1934749.5699999998,-47.77439199999999,8584.619999999999,360,58,302,20.993944444444445,,
2026-06-04T08:05:44 ET,2026-06-04T08:05:00 ET,2026-06-04,Thu,0805ET,2026-06-04,30263.75,744.21,30246.9,NEAR_FLIP,EXPANSION,,,5.83,10.06,15.19,18.43,29848.55,734.0,-415.2000000000007,-1.3719383751187502,-65651735.69,72599014.75,258333156.02,99155434.3,-38759624.0,-1208.671441,34756.7,5668,273,5395,34.94979357798165,,
2026-06-04T08:05:44 ET,2026-06-04T08:05:00 ET,2026-06-04,Thu,0805ET,2026-06-08,30263.75,744.21,30246.9,NEAR_FLIP,EXPANSION,,,5.83,10.06,15.19,18.43,29848.55,734.0,-415.2000000000007,-1.3719383751187502,2562986.7699999996,8260993.77,-18478346.069999997,1342186.52,22581157.49,604.175613,18768.67,758,493,265,20.739195250659627,,
2026-06-04T08:05:44 ET,2026-06-04T08:05:00 ET,2026-06-04,Thu,0805ET,2026-06-04,30263.75,744.21,30246.9,NEAR_FLIP,EXPANSION,,,5.83,10.06,15.19,18.43,29889.22,735.0,-374.52999999999884,-1.2375531783073772,-156306454.93,190948778.39,571341549.1,234896808.18,-66251208.64999999,-2297.7125360000005,88601.73999999999,13366,1213,12153,33.87195271584618,,
2026-06-04T08:05:44 ET,2026-06-04T08:05:00 ET,2026-06-04,Thu,0805ET,2026-06-08,30263.75,744.21,30246.9,NEAR_FLIP,EXPANSION,,,5.83,10.06,15.19,18.43,29889.22,735.0,-374.52999999999884,-1.2375531783073772,-6450373.83,21083149.130000003,38028983.45999999,3066849.8200000003,10019342.559999995,292.796685,47820.26,1856,636,1220,20.697543103448275,,
2026-06-04T08:05:44 ET,2026-06-04T08:05:00 ET,2026-06-04,Thu,0805ET,2026-06-04,30263.75,744.21,30246.9,NEAR_FLIP,EXPANSION,,,5.83,10.06,15.19,18.43,29929.89,736.0,-333.8600000000006,-1.103167981496016,-43660485.4,53393654.339999996,142130254.0,58425822.13,-23452147.259999998,-895.7667569999999,24691.2,3369,305,3064,33.76054021964975,,
2026-06-04T08:05:44 ET,2026-06-04T08:05:00 ET,2026-06-04,Thu,0805ET,2026-06-08,30263.75,744.21,30246.9,NEAR_FLIP,EXPANSION,,,5.83,10.06,15.19,18.43,29929.89,736.0,-333.8600000000006,-1.103167981496016,-31966758.76,39153859.5,176297873.44,5030889.149999999,-49452366.730000004,-1405.8159699999999,88496.09,3315,299,3016,20.62949019607843,,
2026-06-04T08:05:44 ET,2026-06-04T08:05:00 ET,2026-06-04,Thu,0805ET,2026-06-04,30263.75,744.21,30246.9,NEAR_FLIP,EXPANSION,,,5.83,10.06,15.19,18.43,29970.55,737.0,-293.2000000000007,-0.9688158275164206,-51238374.31,61874334.89,149786577.76999998,59324942.68,-32757251.669999998,-1380.1740530000002,28005.75,3533,300,3233,33.04131050099066,,
2026-06-04T08:05:44 ET,2026-06-04T08:05:00 ET,2026-06-04,Thu,0805ET,2026-06-08,30263.75,744.21,30246.9,NEAR_FLIP,EXPANSION,,,5.83,10.06,15.19,18.43,29970.55,737.0,-293.2000000000007,-0.9688158275164206,-1632772.6800000002,5137143.4399999995,8129053.51,573701.91,979253.8700000001,30.808166999999997,11289.77,412,140,272,20.049029126213593,,
2026-06-04T08:05:44 ET,2026-06-04T08:05:00 ET,2026-06-04,Thu,0805ET,2026-06-04,30263.75,744.21,30246.9,NEAR_FLIP,EXPANSION,,,5.83,10.06,15.19,18.43,30011.22,738.0,-252.52999999999884,-0.8344306307050476,-39683482.57,74758213.91,99702308.85,61563651.05,-2183542.559999995,-50.697361,33149.45,3886,897,2989,32.37376479670612,,
2026-06-04T08:05:44 ET,2026-06-04T08:05:00 ET,2026-06-04,Thu,0805ET,2026-06-08,30263.75,744.21,30246.9,NEAR_FLIP,EXPANSION,,,5.83,10.06,15.19,18.43,30011.22,738.0,-252.52999999999884,-0.8344306307050476,-1298461.7399999998,8493815.94,5958249.560000002,805449.8999999999,4717082.549999999,146.35386499999998,18325.489999999998,651,277,374,19.69084485407066,,
2026-06-04T08:05:44 ET,2026-06-04T08:05:00 ET,2026-06-04,Thu,0805ET,2026-06-04,30263.75,744.21,30246.9,NEAR_FLIP,EXPANSION,,,5.83,10.06,15.19,18.43,30051.88,739.0,-211.86999999999898,-0.700078476725452,-33985199.809999995,60361622.93,72350806.81,41543906.54,-12770180.280000001,-589.0633499999999,26471.46,2893,617,2276,32.02155893536122,,
2026-06-04T08:05:44 ET,2026-06-04T08:05:00 ET,2026-06-04,Thu,0805ET,2026-06-08,30263.75,744.21,30246.9,NEAR_FLIP,EXPANSION,,,5.83,10.06,15.19,18.43,30051.88,739.0,-211.86999999999898,-0.700078476725452,5876330.619999999,19100827.119999997,-22871569.319999997,1487138.21,31481832.939999998,1036.528381,41549.32,1435,930,505,19.85411149825784,,
2026-06-04T08:05:44 ET,2026-06-04T08:05:00 ET,2026-06-04,Thu,0805ET,2026-06-04,30263.75,744.21,30246.9,NEAR_FLIP,EXPANSION,,,5.83,10.06,15.19,18.43,30092.55,740.0,-171.20000000000073,-0.565693279914091,-173258337.91,275994713.35,302076328.05,152669654.05,-119285530.96000001,-6174.169752999999,119842.79000000001,12332,2221,10111,31.709232079143693,,
2026-06-04T08:05:44 ET,2026-06-04T08:05:00 ET,2026-06-04,Thu,0805ET,2026-06-08,30263.75,744.21,30246.9,NEAR_FLIP,EXPANSION,,,5.83,10.06,15.19,18.43,30092.55,740.0,-171.20000000000073,-0.565693279914091,-70629105.64,95246600.54,220737667.0,5817392.7,-125046129.23,-4229.381219,202421.13999999998,6851,890,5961,19.396888045540795,,
2026-06-04T08:05:44 ET,2026-06-04T08:05:00 ET,2026-06-04,Thu,0805ET,2026-06-04,30263.75,744.21,30246.9,NEAR_FLIP,EXPANSION,,,5.83,10.06,15.19,18.43,30133.21,741.0,-130.54000000000087,-0.4313411259344955,-364023386.56,434458813.18,488451922.48999995,181628816.54,-379887326.21999997,-21280.229643,189480.52,18527,1424,17103,31.848592324715273,,
2026-06-04T08:05:44 ET,2026-06-04T08:05:00 ET,2026-06-04,Thu,0805ET,2026-06-08,30263.75,744.21,30246.9,NEAR_FLIP,EXPANSION,,,5.83,10.06,15.19,18.43,30133.21,741.0,-130.54000000000087,-0.4313411259344955,5505386.81,17673244.57,-13669266.059999999,780578.42,23365562.480000004,812.4821769999999,37772.18,1254,817,437,19.505909090909093,,
2026-06-04T08:05:44 ET,2026-06-04T08:05:00 ET,2026-06-04,Thu,0805ET,2026-06-04,30263.75,744.21,30246.9,NEAR_FLIP,EXPANSION,,,5.83,10.06,15.19,18.43,30173.88,742.0,-89.86999999999898,-0.2969559291231225,-15433871.099999994,170866476.78,10685148.489999995,48495015.11,26012583.83,1970.5652739999996,71090.76,6722,2978,3744,30.388884260636715,,
2026-06-04T08:05:44 ET,2026-06-04T08:05:00 ET,2026-06-04,Thu,0805ET,2026-06-08,30263.75,744.21,30246.9,NEAR_FLIP,EXPANSION,,,5.83,10.06,15.19,18.43,30173.88,742.0,-89.86999999999898,-0.2969559291231225,-554468.0700000003,17938986.73,601613.3800000008,490188.94,4928293.75,187.44242499999996,38223.25,1251,600,651,19.442949640287768,,
2026-06-04T08:05:44 ET,2026-06-04T08:05:00 ET,2026-06-04,Thu,0805ET,2026-06-04,30263.75,744.21,30246.9,NEAR_FLIP,EXPANSION,,,5.83,10.06,15.19,18.43,30214.54,743.0,-49.20999999999913,-0.16260377514352692,-143376450.91000003,277923164.01,70374125.03,41360462.62,-171964420.21999997,-9882.029288,118472.22,10909,2479,8430,31.155984049867083,,
2026-06-04T08:05:44 ET,2026-06-04T08:05:00 ET,2026-06-04,Thu,0805ET,2026-06-08,30263.75,744.21,30246.9,NEAR_FLIP,EXPANSION,,,5.83,10.06,15.19,18.43,30214.54,743.0,-49.20999999999913,-0.16260377514352692,-5734617.27,15986182.93,5627135.159999999,167444.47,-11412403.5,-381.70813100000004,34166.0,1107,348,759,19.503956639566393,,
2026-06-04T08:05:44 ET,2026-06-04T08:05:00 ET,2026-06-04,Thu,0805ET,2026-06-04,30263.75,744.21,30246.9,NEAR_FLIP,EXPANSION,,,5.83,10.06,15.19,18.43,30255.21,744.0,-8.540000000000873,-0.02821857833216595,47543646.86999999,215710578.32999998,-6019444.600000001,3189573.23,61345324.95999999,4875.952671999999,88626.86,8071,4739,3332,30.061352992194276,,
2026-06-04T08:05:44 ET,2026-06-04T08:05:00 ET,2026-06-04,Thu,0805ET,2026-06-08,30263.75,744.21,30246.9,NEAR_FLIP,EXPANSION,,,5.83,10.06,15.19,18.43,30255.21,744.0,-8.540000000000873,-0.02821857833216595,-9388057.59,32730756.37,2959625.8400000003,-206105.13,-21431506.679999996,-723.2337729999999,69399.59,2236,783,1453,19.350903398926654,,
2026-06-04T08:05:44 ET,2026-06-04T08:05:00 ET,2026-06-04,Thu,0805ET,2026-06-04,30263.75,744.21,30246.9,NEAR_FLIP,EXPANSION,,,5.83,10.06,15.19,18.43,30295.88,745.0,32.13000000000102,0.10616661847920703,13141068.460000008,284104486.15999997,5426527.689999998,-33774390.35,-11584556.810000002,-628.2558260000005,110515.89,10097,5250,4847,28.39761612360107,,
2026-06-04T08:05:44 ET,2026-06-04T08:05:00 ET,2026-06-04,Thu,0805ET,2026-06-08,30263.75,744.21,30246.9,NEAR_FLIP,EXPANSION,,,5.83,10.06,15.19,18.43,30295.88,745.0,32.13000000000102,0.10616661847920703,4021963.8999999985,61338889.9,1522171.8499999996,-1406117.13,6865958.879999995,298.1586430000002,125862.75,4050,2141,1909,18.726120987654323,,
2026-06-04T08:05:44 ET,2026-06-04T08:05:00 ET,2026-06-04,Thu,0805ET,2026-06-04,30263.75,744.21,30246.9,NEAR_FLIP,EXPANSION,,,5.83,10.06,15.19,18.43,30336.54,746.0,72.79000000000087,0.2405187724588026,10031098.870000005,152181229.09,9192095.199999996,-38491908.22,-22864450.39999999,-1466.9626509999998,58748.13,5475,2903,2572,28.180326940639265,,
2026-06-04T08:05:44 ET,2026-06-04T08:05:00 ET,2026-06-04,Thu,0805ET,2026-06-08,30263.75,744.21,30246.9,NEAR_FLIP,EXPANSION,,,5.83,10.06,15.19,18.43,30336.54,746.0,72.79000000000087,0.2405187724588026,1913228.1199999992,24510210.28,1760382.8599999994,-974924.5,1595771.990000002,29.220105999999987,51175.44,1652,901,751,19.057245762711865,,
2026-06-04T08:05:44 ET,2026-06-04T08:05:00 ET,2026-06-04,Thu,0805ET,2026-06-04,30263.75,744.21,30246.9,NEAR_FLIP,EXPANSION,,,5.83,10.06,15.19,18.43,30377.21,747.0,113.45999999999913,0.37490396927016356,90215733.64999999,142413521.60999998,125643504.9,-55047182.879999995,65599468.260000005,4537.09527,53107.44,5155,4182,973,27.227061105722598,,
2026-06-04T08:05:44 ET,2026-06-04T08:05:00 ET,2026-06-04,Thu,0805ET,2026-06-08,30263.75,744.21,30246.9,NEAR_FLIP,EXPANSION,,,5.83,10.06,15.19,18.43,30377.21,747.0,113.45999999999913,0.37490396927016356,4384804.75,11434997.67,8174396.859999999,-644346.7,6988638.309999999,268.94339399999996,23033.24,750,515,235,18.381,,
2026-06-04T08:05:44 ET,2026-06-04T08:05:00 ET,2026-06-04,Thu,0805ET,2026-06-04,30263.75,744.21,30246.9,NEAR_FLIP,EXPANSION,,,5.83,10.06,15.19,18.43,30417.87,748.0,154.11999999999898,0.5092561232497591,129781407.50000001,173681667.16000003,241833463.79999998,-90376859.56,91236354.06,5828.591217000001,65087.74,6677,5818,859,27.35520143777146,,
2026-06-04T08:05:44 ET,2026-06-04T08:05:00 ET,2026-06-04,Thu,0805ET,2026-06-08,30263.75,744.21,30246.9,NEAR_FLIP,EXPANSION,,,5.83,10.06,15.19,18.43,30417.87,748.0,154.11999999999898,0.5092561232497591,14942131.779999997,24881108.38,38489923.629999995,-1817824.17,25622847.04,949.489824,50003.93,1650,1316,334,18.3368,,
2026-06-04T08:05:44 ET,2026-06-04T08:05:00 ET,2026-06-04,Thu,0805ET,2026-06-04,30263.75,744.21,30246.9,NEAR_FLIP,EXPANSION,,,5.83,10.06,15.19,18.43,30458.54,749.0,194.79000000000087,0.6436413200611322,35717416.489999995,61900990.81,85368260.45,-40477623.730000004,9779294.369999997,610.2885990000002,23081.78,2553,2005,548,27.222452017234627,,
2026-06-04T08:05:44 ET,2026-06-04T08:05:00 ET,2026-06-04,Thu,0805ET,2026-06-08,30263.75,744.21,30246.9,NEAR_FLIP,EXPANSION,,,5.83,10.06,15.19,18.43,30458.54,749.0,194.79000000000087,0.6436413200611322,4192022.7700000005,8772167.870000001,13371065.28,-788202.6399999999,5738485.0200000005,198.79967299999998,17978.95,603,447,156,18.70532338308458,,
2026-06-04T08:05:44 ET,2026-06-04T08:05:00 ET,2026-06-04,Thu,0805ET,2026-06-04,30263.75,744.21,30246.9,NEAR_FLIP,EXPANSION,,,5.83,10.06,15.19,18.43,30499.2,750.0,235.45000000000073,0.7779934740407277,180619922.3,203859689.94,519969403.43,-160484479.34,112284127.94999999,6080.79975,75256.56,9175,8645,530,26.952566757493187,,
2026-06-04T08:05:44 ET,2026-06-04T08:05:00 ET,2026-06-04,Thu,0805ET,2026-06-08,30263.75,744.21,30246.9,NEAR_FLIP,EXPANSION,,,5.83,10.06,15.19,18.43,30499.2,750.0,235.45000000000073,0.7779934740407277,20063589.480000004,37408574.22,82145590.57000001,-3980128.64,23255553.300000004,843.099306,74489.57,2564,1962,602,18.172176287051485,,
2026-06-04T08:05:44 ET,2026-06-04T08:05:00 ET,2026-06-04,Thu,0805ET,2026-06-04,30263.75,744.21,30246.9,NEAR_FLIP,EXPANSION,,,5.83,10.06,15.19,18.43,30539.87,751.0,276.119999999999,0.9123786708520886,31853545.790000003,36319295.75,108164062.73,-33429120.0,16477091.34,798.4033169999999,13337.900000000001,1825,1712,113,26.813156164383564,,
2026-06-04T08:05:44 ET,2026-06-04T08:05:00 ET,2026-06-04,Thu,0805ET,2026-06-08,30263.75,744.21,30246.9,NEAR_FLIP,EXPANSION,,,5.83,10.06,15.19,18.43,30539.87,751.0,276.119999999999,0.9123786708520886,3257970.68,4720286.94,15787684.899999999,-580696.9400000001,4253730.83,149.042396,9336.33,331,279,52,18.04969788519637,,
2026-06-04T08:05:44 ET,2026-06-04T08:05:00 ET,2026-06-04,Thu,0805ET,2026-06-04,30263.75,744.21,30246.9,NEAR_FLIP,EXPANSION,,,5.83,10.06,15.19,18.43,30580.54,752.0,316.7900000000009,1.0467638676634616,42887530.7,47543635.56,168827313.52,-50081773.19,19938937.89,843.1083859999999,17272.61,2724,2591,133,26.5239610866373,,
2026-06-04T08:05:44 ET,2026-06-04T08:05:00 ET,2026-06-04,Thu,0805ET,2026-06-08,30263.75,744.21,30246.9,NEAR_FLIP,EXPANSION,,,5.83,10.06,15.19,18.43,30580.54,752.0,316.7900000000009,1.0467638676634616,11453143.24,11917196.979999999,64189850.22,-1663777.6300000001,18074037.470000003,609.7895659999999,23341.14,858,841,17,17.868916083916083,,
2026-06-04T08:05:44 ET,2026-06-04T08:05:00 ET,2026-06-04,Thu,0805ET,2026-06-04,30263.75,744.21,30246.9,NEAR_FLIP,EXPANSION,,,5.83,10.06,15.19,18.43,30621.2,753.0,357.4500000000007,1.1811160216430572,97569570.64,100407250.52,435852140.33,-119101612.60000001,51068086.690000005,1846.634867,36135.16,6718,6625,93,26.271457278952067,,
2026-06-04T08:05:44 ET,2026-06-04T08:05:00 ET,2026-06-04,Thu,0805ET,2026-06-08,30263.75,744.21,30246.9,NEAR_FLIP,EXPANSION,,,5.83,10.06,15.19,18.43,30621.2,753.0,357.4500000000007,1.1811160216430572,2349660.6799999997,3061164.88,15020988.649999999,-478205.51,2732728.92,89.554974,5987.31,229,202,27,17.84423580786026,,
2026-06-04T08:05:44 ET,2026-06-04T08:05:00 ET,2026-06-04,Thu,0805ET,2026-06-04,30263.75,744.21,30246.9,NEAR_FLIP,EXPANSION,,,5.83,10.06,15.19,18.43,30661.87,754.0,398.119999999999,1.3155012184544181,17623809.85,20715467.25,88106570.10000001,-27322212.46,2482985.8999999994,65.40890200000004,7476.99,1644,1526,118,26.347712895377132,,
2026-06-04T08:05:44 ET,2026-06-04T08:05:00 ET,2026-06-04,Thu,0805ET,2026-06-08,30263.75,744.21,30246.9,NEAR_FLIP,EXPANSION,,,5.83,10.06,15.19,18.43,30661.87,754.0,398.119999999999,1.3155012184544181,1335034.3800000001,2043437.3,9533268.62,-353139.66,957839.8,30.290052000000003,4006.26,160,132,28,17.89475,,
2026-06-04T08:05:44 ET,2026-06-04T08:05:00 ET,2026-06-04,Thu,0805ET,2026-06-04,30263.75,744.21,30246.9,NEAR_FLIP,EXPANSION,,,5.83,10.06,15.19,18.43,30702.53,755.0,438.77999999999884,1.4498533724340137,29786404.36,31806433.240000002,163788172.24,-46164757.269999996,9380362.969999999,224.470651,11434.97,3065,2974,91,26.243442088091353,,
2026-06-04T08:05:44 ET,2026-06-04T08:05:00 ET,2026-06-04,Thu,0805ET,2026-06-08,30263.75,744.21,30246.9,NEAR_FLIP,EXPANSION,,,5.83,10.06,15.19,18.43,30702.53,755.0,438.77999999999884,1.4498533724340137,7624672.640000001,14316358.5,60846554.010000005,-2711014.6,-307070.51999999955,-3.8414149999999836,27945.76,1175,898,277,17.813727659574464,,
2026-06-04T08:05:44 ET,2026-06-04T08:05:00 ET,2026-06-04,Thu,0805ET,2026-06-04,30263.75,744.21,30246.9,NEAR_FLIP,EXPANSION,,,5.83,10.06,15.19,18.43,30743.2,756.0,479.4500000000007,1.5842385692453869,13162317.6,13199493.92,77294166.36999999,-20907553.4,6367392.399999999,133.570962,4833.13,1524,1522,2,26.731837270341206,,
2026-06-04T08:05:44 ET,2026-06-04T08:05:00 ET,2026-06-04,Thu,0805ET,2026-06-08,30263.75,744.21,30246.9,NEAR_FLIP,EXPANSION,,,5.83,10.06,15.19,18.43,30743.2,756.0,479.4500000000007,1.5842385692453869,3586070.13,3976086.67,31349425.72,-818479.12,4039925.38,113.986972,7654.22,343,326,17,17.568250728862974,,
2026-06-04T08:05:44 ET,2026-06-04T08:05:00 ET,2026-06-04,Thu,0805ET,2026-06-04,30263.75,744.21,30246.9,NEAR_FLIP,EXPANSION,,,5.83,10.06,15.19,18.43,30783.86,757.0,520.1100000000006,1.7185907232249824,9018280.23,9018280.23,57253898.81,-15477001.62,4229976.78,71.743985,3311.25,1290,1290,0,26.8,,
2026-06-04T08:05:44 ET,2026-06-04T08:05:00 ET,2026-06-04,Thu,0805ET,2026-06-08,30263.75,744.21,30246.9,NEAR_FLIP,EXPANSION,,,5.83,10.06,15.19,18.43,30783.86,757.0,520.1100000000006,1.7185907232249824,1804681.1099999999,1869695.25,16838206.91,-415893.52999999997,2228738.27,58.796713999999994,3654.56,172,169,3,17.834360465116276,,
2026-06-04T08:05:44 ET,2026-06-04T08:05:00 ET,2026-06-04,Thu,0805ET,2026-06-04,30263.75,744.21,30246.9,NEAR_FLIP,EXPANSION,,,5.83,10.06,15.19,18.43,30824.53,758.0,560.7799999999988,1.8529759200363434,12656485.87,12656485.87,88557432.48,-23388887.4,5411976.48,68.556702,4543.06,2424,2424,0,26.2,,
2026-06-04T08:05:44 ET,2026-06-04T08:05:00 ET,2026-06-04,Thu,0805ET,2026-06-08,30263.75,744.21,30246.9,NEAR_FLIP,EXPANSION,,,5.83,10.06,15.19,18.43,30824.53,758.0,560.7799999999988,1.8529759200363434,1439971.73,1439971.73,14850482.28,-343916.73,1750167.31,43.363858,2745.89,141,141,0,17.4,,
2026-06-04T08:05:44 ET,2026-06-04T08:05:00 ET,2026-06-04,Thu,0805ET,2026-06-04,30263.75,744.21,30246.9,NEAR_FLIP,EXPANSION,,,5.83,10.06,15.19,18.43,30865.19,759.0,601.4399999999987,1.987328074015939,15969954.360000001,16021784.76,114624198.49,-31727169.31,6658670.45,73.07487699999999,6011.87,3515,3510,5,27.39200568990043,,
2026-06-04T08:05:44 ET,2026-06-04T08:05:00 ET,2026-06-04,Thu,0805ET,2026-06-08,30263.75,744.21,30246.9,NEAR_FLIP,EXPANSION,,,5.83,10.06,15.19,18.43,30865.19,759.0,601.4399999999987,1.987328074015939,1111636.58,1111636.58,12255686.69,-283837.75,1309285.87,30.180397,2128.75,117,117,0,17.47,,
2026-06-04T08:05:44 ET,2026-06-04T08:05:00 ET,2026-06-04,Thu,0805ET,2026-06-04,30263.75,744.21,30246.9,NEAR_FLIP,EXPANSION,,,5.83,10.06,15.19,18.43,30905.86,760.0,642.1100000000006,2.121713270827312,16253154.600000001,16286923.18,124734236.91,-34396276.85,6484808.71,54.442035000000004,6098.179999999999,4662,4658,4,27.331518661518658,,
2026-06-04T08:05:44 ET,2026-06-04T08:05:00 ET,2026-06-04,Thu,0805ET,2026-06-08,30263.75,744.21,30246.9,NEAR_FLIP,EXPANSION,,,5.83,10.06,15.19,18.43,30905.86,760.0,642.1100000000006,2.121713270827312,2098387.73,7498726.869999999,26255462.389999997,-2038241.23,-14122876.36,-304.385437,14426.18,852,547,305,17.55132629107981,,
2026-06-04T08:05:44 ET,2026-06-04T08:05:00 ET,2026-06-04,Thu,0805ET,2026-06-04,30263.75,744.21,30246.9,NEAR_FLIP,EXPANSION,,,5.83,10.06,15.19,18.43,30946.53,761.0,682.7799999999988,2.256098467638673,6500202.78,6500202.78,52631972.71,-14582952.25,2616335.33,17.278239,2451.21,2388,2388,0,27.53,,
2026-06-04T08:05:44 ET,2026-06-04T08:05:00 ET,2026-06-04,Thu,0805ET,2026-06-08,30263.75,744.21,30246.9,NEAR_FLIP,EXPANSION,,,5.83,10.06,15.19,18.43,30946.53,761.0,682.7799999999988,2.256098467638673,-92992.7100000002,2365326.4699999997,-527282.7200000007,-681854.63,-8530922.36,-170.00394500000002,4574.620000000001,291,141,150,17.646907216494846,,
2026-06-04T08:05:44 ET,2026-06-04T08:05:00 ET,2026-06-04,Thu,0805ET,2026-06-04,30263.75,744.21,30246.9,NEAR_FLIP,EXPANSION,,,5.83,10.06,15.19,18.43,30987.19,762.0,723.4399999999987,2.3904506216182684,3381720.03,3381720.03,28161420.78,-8031903.48,1371478.04,7.670257,1313.15,1467,1467,0,28.35,,
2026-06-04T08:05:44 ET,2026-06-04T08:05:00 ET,2026-06-04,Thu,0805ET,2026-06-08,30263.75,744.21,30246.9,NEAR_FLIP,EXPANSION,,,5.83,10.06,15.19,18.43,30987.19,762.0,723.4399999999987,2.3904506216182684,1573390.26,1573390.26,21236843.41,-479216.74,1621308.51,28.920236,2964.29,214,214,0,17.19,,
2026-06-04T08:05:44 ET,2026-06-04T08:05:00 ET,2026-06-04,Thu,0805ET,2026-06-04,30263.75,744.21,30246.9,NEAR_FLIP,EXPANSION,,,5.83,10.06,15.19,18.43,31027.86,763.0,764.1100000000006,2.5248358184296413,4546611.61,4546611.61,38901242.66,-11396302.24,1854910.65,8.781494,1814.02,2330,2330,0,29.13,,
2026-06-04T08:05:44 ET,2026-06-04T08:05:00 ET,2026-06-04,Thu,0805ET,2026-06-08,30263.75,744.21,30246.9,NEAR_FLIP,EXPANSION,,,5.83,10.06,15.19,18.43,31027.86,763.0,764.1100000000006,2.5248358184296413,2782731.06,2782731.06,39869911.46,-893117.87,2749651.9,44.410551,5217.77,418,418,0,17.11,,
2026-06-04T08:05:44 ET,2026-06-04T08:05:00 ET,2026-06-04,Thu,0805ET,2026-06-04,30263.75,744.21,30246.9,NEAR_FLIP,EXPANSION,,,5.83,10.06,15.19,18.43,31068.52,764.0,804.7700000000004,2.659187972409237,415323.59,415323.59,3757296.66,-1095404.16,161345.1,0.560606,164.95,290,290,0,28.990000000000002,,
2026-06-04T08:05:44 ET,2026-06-04T08:05:00 ET,2026-06-04,Thu,0805ET,2026-06-08,30263.75,744.21,30246.9,NEAR_FLIP,EXPANSION,,,5.83,10.06,15.19,18.43,31068.52,764.0,804.7700000000004,2.659187972409237,12725039.72,12725039.72,191154555.85,-4292682.57,12257704.61,179.775164,23974.65,2105,2105,0,17.19,,
2026-06-04T08:05:44 ET,2026-06-04T08:05:00 ET,2026-06-04,Thu,0805ET,2026-06-04,30263.75,744.21,30246.9,NEAR_FLIP,EXPANSION,,,5.83,10.06,15.19,18.43,31109.19,765.0,845.4399999999987,2.793573169220598,978295.44,978295.44,8754157.94,-2708908.18,407132.31,1.423146,412.52,679,679,0,30.779999999999998,,
2026-06-04T08:05:44 ET,2026-06-04T08:05:00 ET,2026-06-04,Thu,0805ET,2026-06-08,30263.75,744.21,30246.9,NEAR_FLIP,EXPANSION,,,5.83,10.06,15.19,18.43,31109.19,765.0,845.4399999999987,2.793573169220598,13600623.69,13635120.790000001,215903154.17,-4822318.15,12371756.469999999,161.897669,25542.59,2525,2522,3,17.091140594059407,,
2026-06-04T08:05:44 ET,2026-06-04T08:05:00 ET,2026-06-04,Thu,0805ET,2026-06-04,30263.75,744.21,30246.9,NEAR_FLIP,EXPANSION,,,5.83,10.06,15.19,18.43,31149.85,766.0,886.0999999999985,2.9279253232001934,1398401.33,1398401.33,12260056.65,-4056166.78,632778.47,2.328446,630.6,922,922,0,32.92,,
2026-06-04T08:05:44 ET,2026-06-04T08:05:00 ET,2026-06-04,Thu,0805ET,2026-06-08,30263.75,744.21,30246.9,NEAR_FLIP,EXPANSION,,,5.83,10.06,15.19,18.43,31149.85,766.0,886.0999999999985,2.9279253232001934,13873214.97,13873214.97,228496162.36,-5133632.91,12629276.45,150.15134,26253.96,2831,2831,0,17.27,,
2026-06-04T08:05:44 ET,2026-06-04T08:05:00 ET,2026-06-04,Thu,0805ET,2026-06-04,30263.75,744.21,30246.9,NEAR_FLIP,EXPANSION,,,5.83,10.06,15.19,18.43,31190.52,767.0,926.7700000000004,3.0623105200115663,658144.11,658144.11,6315420.38,-1994427.23,264294.5,0.585312,283.35,721,721,0,31.43,,
2026-06-04T08:05:44 ET,2026-06-04T08:05:00 ET,2026-06-04,Thu,0805ET,2026-06-08,30263.75,744.21,30246.9,NEAR_FLIP,EXPANSION,,,5.83,10.06,15.19,18.43,31190.52,767.0,926.7700000000004,3.0623105200115663,743151.99,743151.99,12969788.1,-287075.01,641548.25,6.647697,1387.9,174,174,0,17.04,,
2026-06-04T08:05:44 ET,2026-06-04T08:05:00 ET,2026-06-04,Thu,0805ET,2026-06-04,30263.75,744.21,30246.9,NEAR_FLIP,EXPANSION,,,5.83,10.06,15.19,18.43,31231.18,768.0,967.4300000000003,3.1966626739911623,325255.87,325255.87,2997721.95,-1028425.18,146701.57,0.38847,152.15,298,298,0,34.15,,
2026-06-04T08:05:44 ET,2026-06-04T08:05:00 ET,2026-06-04,Thu,0805ET,2026-06-08,30263.75,744.21,30246.9,NEAR_FLIP,EXPANSION,,,5.83,10.06,15.19,18.43,31231.18,768.0,967.4300000000003,3.1966626739911623,3438648.54,3438648.54,62790794.9,-1384299.9,2868664.85,26.155318,6406.56,915,915,0,17.0,,
2026-06-04T08:05:44 ET,2026-06-04T08:05:00 ET,2026-06-04,Thu,0805ET,2026-06-04,30263.75,744.21,30246.9,NEAR_FLIP,EXPANSION,,,5.83,10.06,15.19,18.43,31271.85,769.0,1008.0999999999985,3.3310478708025224,91489.18,91489.18,902627.3,-301144.77,37960.68,0.065827,41.63,128,128,0,33.22,,
2026-06-04T08:05:44 ET,2026-06-04T08:05:00 ET,2026-06-04,Thu,0805ET,2026-06-08,30263.75,744.21,30246.9,NEAR_FLIP,EXPANSION,,,5.83,10.06,15.19,18.43,31271.85,769.0,1008.0999999999985,3.3310478708025224,704509.74,704509.74,13198445.09,-295118.49,586218.94,4.863995,1333.2,206,206,0,17.27,,
2026-06-04T08:05:44 ET,2026-06-04T08:05:00 ET,2026-06-04,Thu,0805ET,2026-06-04,30263.75,744.21,30246.9,NEAR_FLIP,EXPANSION,,,5.83,10.06,15.19,18.43,31312.52,770.0,1048.7700000000004,3.4654330676138962,235157.37,235157.37,2353104.56,-804691.69,98873.11,0.151231,109.69,373,373,0,34.05,,
2026-06-04T08:05:44 ET,2026-06-04T08:05:00 ET,2026-06-04,Thu,0805ET,2026-06-08,30263.75,744.21,30246.9,NEAR_FLIP,EXPANSION,,,5.83,10.06,15.19,18.43,31312.52,770.0,1048.7700000000004,3.4654330676138962,2057608.37,2057608.37,40648497.82,-895240.21,1624701.06,11.439405,3840.37,709,709,0,17.03,,
2026-06-04T08:05:44 ET,2026-06-04T08:05:00 ET,2026-06-04,Thu,0805ET,2026-06-04,30263.75,744.21,30246.9,NEAR_FLIP,EXPANSION,,,5.83,10.06,15.19,18.43,31353.18,771.0,1089.4300000000003,3.5997852215934913,357405.8,357405.8,3618932.81,-1269552.87,152690.12,0.208832,171.05,634,634,0,34.94,,
2026-06-04T08:05:44 ET,2026-06-04T08:05:00 ET,2026-06-04,Thu,0805ET,2026-06-08,30263.75,744.21,30246.9,NEAR_FLIP,EXPANSION,,,5.83,10.06,15.19,18.43,31353.18,771.0,1089.4300000000003,3.5997852215934913,123745.5,123745.5,2501362.75,-55855.21,97538.12,0.623045,234.46,47,47,0,17.29,,
2026-06-04T08:05:44 ET,2026-06-04T08:05:00 ET,2026-06-04,Thu,0805ET,2026-06-04,30263.75,744.21,30246.9,NEAR_FLIP,EXPANSION,,,5.83,10.06,15.19,18.43,31393.85,772.0,1130.0999999999985,3.7341704184048523,382819.01,382819.01,3905037.06,-1409633.28,167298.43,0.210544,188.55,738,738,0,35.96,,
2026-06-04T08:05:44 ET,2026-06-04T08:05:00 ET,2026-06-04,Thu,0805ET,2026-06-08,30263.75,744.21,30246.9,NEAR_FLIP,EXPANSION,,,5.83,10.06,15.19,18.43,31393.85,772.0,1130.0999999999985,3.7341704184048523,332466.15,332466.15,6867270.4,-155473.12,261783.34,1.519106,639.41,139,139,0,17.55,,
2026-06-04T08:05:44 ET,2026-06-04T08:05:00 ET,2026-06-04,Thu,0805ET,2026-06-04,30263.75,744.21,30246.9,NEAR_FLIP,EXPANSION,,,5.83,10.06,15.19,18.43,31434.51,773.0,1170.7599999999984,3.8685225723844483,395440.63,395440.63,4075969.69,-1507474.03,175569.38,0.199337,199.58,845,845,0,36.84,,
2026-06-04T08:05:44 ET,2026-06-04T08:05:00 ET,2026-06-04,Thu,0805ET,2026-06-08,30263.75,744.21,30246.9,NEAR_FLIP,EXPANSION,,,5.83,10.06,15.19,18.43,31434.51,773.0,1170.7599999999984,3.8685225723844483,381362.6,381362.6,8313526.54,-184479.81,282859.01,1.342107,719.65,195,195,0,17.22,,
2026-06-04T08:05:44 ET,2026-06-04T08:05:00 ET,2026-06-04,Thu,0805ET,2026-06-04,30263.75,744.21,30246.9,NEAR_FLIP,EXPANSION,,,5.83,10.06,15.19,18.43,31475.18,774.0,1211.4300000000003,4.002907769195821,334752.51,334752.51,3366851.17,-1319785.04,160836.85,0.207669,179.09,629,629,0,39.06,,
2026-06-04T08:05:44 ET,2026-06-04T08:05:00 ET,2026-06-04,Thu,0805ET,2026-06-08,30263.75,744.21,30246.9,NEAR_FLIP,EXPANSION,,,5.83,10.06,15.19,18.43,31475.18,774.0,1211.4300000000003,4.002907769195821,177274.04,177274.04,3868535.48,-88643.74,135832.28,0.621489,345.78,94,94,0,17.8,,
2026-06-04T08:05:44 ET,2026-06-04T08:05:00 ET,2026-06-04,Thu,0805ET,2026-06-04,30263.75,744.21,30246.9,NEAR_FLIP,EXPANSION,,,5.83,10.06,15.19,18.43,31515.84,775.0,1252.0900000000001,4.137259923175416,295306.3,295306.3,3081802.55,-1202366.05,136946.27,0.134037,157.26,732,732,0,38.88,,
2026-06-04T08:05:44 ET,2026-06-04T08:05:00 ET,2026-06-04,Thu,0805ET,2026-06-08,30263.75,744.21,30246.9,NEAR_FLIP,EXPANSION,,,5.83,10.06,15.19,18.43,31515.84,775.0,1252.0900000000001,4.137259923175416,568451.17,575971.0499999999,13025144.97,-297265.16,269907.1,0.886351,1106.23,374,372,2,17.5255614973262,,
2026-06-04T08:05:44 ET,2026-06-04T08:05:00 ET,2026-06-04,Thu,0805ET,2026-06-04,30263.75,744.21,30246.9,NEAR_FLIP,EXPANSION,,,5.83,10.06,15.19,18.43,31556.51,776.0,1292.7599999999984,4.271645119986777,216343.81,216343.81,2278863.05,-908861.69,101780.51,0.090546,117.79,590,590,0,39.74,,
2026-06-04T08:05:44 ET,2026-06-04T08:05:00 ET,2026-06-04,Thu,0805ET,2026-06-04,30263.75,744.21,30246.9,NEAR_FLIP,EXPANSION,,,5.83,10.06,15.19,18.43,31597.18,777.0,1333.4300000000003,4.406030316798151,8003.87,8003.87,84583.49,-34659.91,3859.15,0.003258,4.48,23,23,0,40.84,,
2026-06-04T08:05:44 ET,2026-06-04T08:05:00 ET,2026-06-04,Thu,0805ET,2026-06-08,30263.75,744.21,30246.9,NEAR_FLIP,EXPANSION,,,5.83,10.06,15.19,18.43,31597.18,777.0,1333.4300000000003,4.406030316798151,77119.38,77119.38,1828307.61,-42295.92,56104.03,0.172084,152.27,61,61,0,18.02,,
2026-06-04T08:05:44 ET,2026-06-04T08:05:00 ET,2026-06-04,Thu,0805ET,2026-06-08,30263.75,744.21,30246.9,NEAR_FLIP,EXPANSION,,,5.83,10.06,15.19,18.43,31637.84,778.0,1374.0900000000001,4.540382470777747,2298.9,2298.9,55371.42,-1297.93,1675.05,0.004671,4.6,2,2,0,18.27,,
2026-06-04T08:05:44 ET,2026-06-04T08:05:00 ET,2026-06-04,Thu,0805ET,2026-06-04,30263.75,744.21,30246.9,NEAR_FLIP,EXPANSION,,,5.83,10.06,15.19,18.43,31719.17,780.0,1455.4199999999983,4.809119821568703,162253.94,162253.94,1739545.99,-765434.05,83043.13,0.058167,97.5,562,562,0,43.87,,
2026-06-04T08:05:44 ET,2026-06-04T08:05:00 ET,2026-06-04,Thu,0805ET,2026-06-08,30263.75,744.21,30246.9,NEAR_FLIP,EXPANSION,,,5.83,10.06,15.19,18.43,31719.17,780.0,1455.4199999999983,4.809119821568703,95420.18000000001,97448.76,2450434.54,-58142.87,-7339.239999999991,-0.050873,193.86,120,119,1,18.14741666666667,,
2026-06-04T08:05:44 ET,2026-06-04T08:05:00 ET,2026-06-04,Thu,0805ET,2026-06-08,30263.75,744.21,30246.9,NEAR_FLIP,EXPANSION,,,5.83,10.06,15.19,18.43,31759.84,781.0,1496.0900000000001,4.943505018380075,736.88,736.88,19172.47,-451.51,508.2,0.000909,1.49,1,1,0,18.39,,
2026-06-04T08:05:44 ET,2026-06-04T08:05:00 ET,2026-06-04,Thu,0805ET,2026-06-04,30263.75,744.21,30246.9,NEAR_FLIP,EXPANSION,,,5.83,10.06,15.19,18.43,31922.5,785.0,1658.75,5.480979719962001,86315.67,86315.67,959473.44,-462577.85,46978.39,0.022058,56.85,446,446,0,48.08,,
2026-06-04T08:05:44 ET,2026-06-04T08:05:00 ET,2026-06-04,Thu,0805ET,2026-06-08,30263.75,744.21,30246.9,NEAR_FLIP,EXPANSION,,,5.83,10.06,15.19,18.43,31922.5,785.0,1658.75,5.480979719962001,226019.32,226019.32,6161040.33,-152982.1,158648.99,0.199531,481.47,436,436,0,19.44,,
2026-06-04T08:05:44 ET,2026-06-04T08:05:00 ET,2026-06-04,Thu,0805ET,2026-06-04,30263.75,744.21,30246.9,NEAR_FLIP,EXPANSION,,,5.83,10.06,15.19,18.43,32125.83,790.0,1862.0800000000017,6.1528396183553,7034.61,7034.61,77323.1,-42197.33,4379.7,0.00202,5.25,37,37,0,54.44,,
2026-06-04T08:05:44 ET,2026-06-04T08:05:00 ET,2026-06-04,Thu,0805ET,2026-06-08,30263.75,744.21,30246.9,NEAR_FLIP,EXPANSION,,,5.83,10.06,15.19,18.43,32125.83,790.0,1862.0800000000017,6.1528396183553,192132.3,192132.3,5494199.67,-145364.09,138497.82,0.116743,437.11,553,553,0,20.76,,
2026-06-04T08:05:44 ET,2026-06-04T08:05:00 ET,2026-06-04,Thu,0805ET,2026-06-08,30263.75,744.21,30246.9,NEAR_FLIP,EXPANSION,,,5.83,10.06,15.19,18.43,32329.16,795.0,2065.41,6.824699516748585,2912.48,2912.48,81421.65,-2435.66,2425.42,0.002142,7.51,8,8,0,23.52,,
2026-06-04T08:05:44 ET,2026-06-04T08:05:00 ET,2026-06-04,Thu,0805ET,2026-06-04,30263.75,744.21,30246.9,NEAR_FLIP,EXPANSION,,,5.83,10.06,15.19,18.43,32532.48,800.0,2268.7299999999996,7.496526372310106,7509.109999999999,12202.31,78279.02,-88701.98000000001,-734036.37,-0.417898,11.64,52,42,10,69.59,,
2026-06-04T08:05:44 ET,2026-06-04T08:05:00 ET,2026-06-04,Thu,0805ET,2026-06-08,30263.75,744.21,30246.9,NEAR_FLIP,EXPANSION,,,5.83,10.06,15.19,18.43,32532.48,800.0,2268.7299999999996,7.496526372310106,79079.35,79079.35,2480850.25,-72315.98,58317.26,0.021071,198.89,531,531,0,22.95,,
2026-06-04T08:05:44 ET,2026-06-04T08:05:00 ET,2026-06-04,Thu,0805ET,2026-06-08,30263.75,744.21,30246.9,NEAR_FLIP,EXPANSION,,,5.83,10.06,15.19,18.43,32735.81,805.0,2472.0600000000013,8.168386270703405,2210.59,2210.59,68764.35,-2195.31,1801.89,0.000644,6.1,15,15,0,25.17,,
2026-06-04T08:05:44 ET,2026-06-04T08:05:00 ET,2026-06-04,Thu,0805ET,2026-06-04,30263.75,744.21,30246.9,NEAR_FLIP,EXPANSION,,,5.83,10.06,15.19,18.43,32939.14,810.0,2675.3899999999994,8.84024616909669,322.5,322.5,3125.2,-2751.35,361.62,0.000283,0.39,1,1,0,87.89,,
2026-06-04T08:05:44 ET,2026-06-04T08:05:00 ET,2026-06-04,Thu,0805ET,2026-06-08,30263.75,744.21,30246.9,NEAR_FLIP,EXPANSION,,,5.83,10.06,15.19,18.43,32939.14,810.0,2675.3899999999994,8.84024616909669,57373.94,57373.94,1868967.32,-61433.52,46343.28,0.010558,163.1,611,611,0,25.94,,
2026-06-04T08:05:44 ET,2026-06-04T08:05:00 ET,2026-06-04,Thu,0805ET,2026-06-08,30263.75,744.21,30246.9,NEAR_FLIP,EXPANSION,,,5.83,10.06,15.19,18.43,33142.47,815.0,2878.720000000001,9.512106067489988,9627.33,9627.33,316939.24,-11054.78,8188.31,0.001594,29.07,120,120,0,27.55,,
2026-06-04T08:05:44 ET,2026-06-04T08:05:00 ET,2026-06-04,Thu,0805ET,AGGREGATE,30263.75,744.21,30246.9,NEAR_FLIP,EXPANSION,,,5.83,10.06,15.19,18.43,27245.96,670.0,-3017.790000000001,-9.971632728924872,-1331489.71,1372125.23,17346782.07,8956068.7,-1663389.6900000004,-4.057454999999999,4766.18,1787,24,1763,96.19795747062115,,
2026-06-04T08:05:44 ET,2026-06-04T08:05:00 ET,2026-06-04,Thu,0805ET,AGGREGATE,30263.75,744.21,30246.9,NEAR_FLIP,EXPANSION,,,5.83,10.06,15.19,18.43,27286.62,671.0,-2977.130000000001,-9.837280574945275,-325969.12,429486.33999999997,2002544.2299999997,4363696.5600000005,2260995.5,6.0408479999999996,974.4200000000001,390,47,343,165.62,,
2026-06-04T08:05:44 ET,2026-06-04T08:05:00 ET,2026-06-04,Thu,0805ET,AGGREGATE,30263.75,744.21,30246.9,NEAR_FLIP,EXPANSION,,,5.83,10.06,15.19,18.43,27327.29,672.0,-2936.459999999999,-9.702895378133904,-1496145.48,1507170.88,9265376.22,15100980.7,-3853083.7800000003,-10.306612,3345.2,1367,5,1362,162.03,,
2026-06-04T08:05:44 ET,2026-06-04T08:05:00 ET,2026-06-04,Thu,0805ET,AGGREGATE,30263.75,744.21,30246.9,NEAR_FLIP,EXPANSION,,,5.83,10.06,15.19,18.43,27367.95,673.0,-2895.7999999999993,-9.568543224154308,-770416.18,770416.18,4809267.67,7610559.64,-2102205.4,-5.629355,1672.55,698,0,698,158.48,,
2026-06-04T08:05:44 ET,2026-06-04T08:05:00 ET,2026-06-04,Thu,0805ET,AGGREGATE,30263.75,744.21,30246.9,NEAR_FLIP,EXPANSION,,,5.83,10.06,15.19,18.43,27408.62,674.0,-2855.130000000001,-9.434158027342948,-861812.79,864022.5700000001,5422628.48,8413440.57,-2219991.34,-5.950906000000001,1834.4299999999998,782,1,781,154.99,,
2026-06-04T08:05:44 ET,2026-06-04T08:05:00 ET,2026-06-04,Thu,0805ET,AGGREGATE,30263.75,744.21,30246.9,NEAR_FLIP,EXPANSION,,,5.83,10.06,15.19,18.43,27449.28,675.0,-2814.470000000001,-9.29980587336335,-910168.6799999999,945341.52,9627439.870000001,7012657.85,-905767.59,-2.307325,2615.6499999999996,1046,18,1028,108.78574569789674,,
2026-06-04T08:05:44 ET,2026-06-04T08:05:00 ET,2026-06-04,Thu,0805ET,AGGREGATE,30263.75,744.21,30246.9,NEAR_FLIP,EXPANSION,,,5.83,10.06,15.19,18.43,27489.95,676.0,-2773.7999999999993,-9.165420676551978,-1072708.8599999999,1074922.92,6856383.989999999,10163830.370000001,-2627748.5900000003,-7.057573,2181.67,971,1,970,148.16,,
2026-06-04T08:05:44 ET,2026-06-04T08:05:00 ET,2026-06-04,Thu,0805ET,AGGREGATE,30263.75,744.21,30246.9,NEAR_FLIP,EXPANSION,,,5.83,10.06,15.19,18.43,27530.61,677.0,-2733.1399999999994,-9.031068522572383,-2005593.83,2012242.21,12918888.05,18742583.87,-4697248.0,-12.627617,3992.09,1816,3,1813,144.83,,
2026-06-04T08:05:44 ET,2026-06-04T08:05:00 ET,2026-06-04,Thu,0805ET,AGGREGATE,30263.75,744.21,30246.9,NEAR_FLIP,EXPANSION,,,5.83,10.06,15.19,18.43,27571.28,678.0,-2692.470000000001,-8.896683325761021,-1342018.27,1342018.27,8711246.35,12310492.24,-3191673.14,-8.588256,2602.06,1210,0,1210,141.54,,
2026-06-04T08:05:44 ET,2026-06-04T08:05:00 ET,2026-06-04,Thu,0805ET,AGGREGATE,30263.75,744.21,30246.9,NEAR_FLIP,EXPANSION,,,5.83,10.06,15.19,18.43,27611.95,679.0,-2651.7999999999993,-8.762298128949649,-2355803.87,2393550.0300000003,15408810.040000001,21618377.330000002,-4270503.99,-11.502345,4534.900000000001,2156,17,2139,138.31000000000003,,
2026-06-04T08:05:44 ET,2026-06-04T08:05:00 ET,2026-06-04,Thu,0805ET,AGGREGATE,30263.75,744.21,30246.9,NEAR_FLIP,EXPANSION,,,5.83,10.06,15.19,18.43,27652.61,680.0,-2611.1399999999994,-8.627945974970054,-3424984.85,3494797.15,27560115.33,28375528.139999997,-4755868.9,-13.717696,7358.379999999999,3355,39,3316,120.37742175856931,,
2026-06-04T08:05:44 ET,2026-06-04T08:05:00 ET,2026-06-04,Thu,0805ET,AGGREGATE,30263.75,744.21,30246.9,NEAR_FLIP,EXPANSION,,,5.83,10.06,15.19,18.43,27693.28,681.0,-2570.470000000001,-8.493560778158692,-129054.57,129054.57,856868.29,1129162.75,-282132.23,-0.761521,233.35,116,0,116,132.0,,
2026-06-04T08:05:44 ET,2026-06-04T08:05:00 ET,2026-06-04,Thu,0805ET,AGGREGATE,30263.75,744.21,30246.9,NEAR_FLIP,EXPANSION,,,5.83,10.06,15.19,18.43,27733.94,682.0,-2529.8100000000013,-8.359208624179097,-1015865.45,1149531.95,6794752.260000001,9895477.29,2022448.71,5.465531,2030.06,1032,60,972,128.92000000000002,,
2026-06-04T08:05:44 ET,2026-06-04T08:05:00 ET,2026-06-04,Thu,0805ET,AGGREGATE,30263.75,744.21,30246.9,NEAR_FLIP,EXPANSION,,,5.83,10.06,15.19,18.43,27774.61,683.0,-2489.1399999999994,-8.224823427367724,-1086396.67,1086396.67,7319465.04,9198555.95,-2243842.33,-6.072049,1873.48,974,0,974,125.89,,
2026-06-04T08:05:44 ET,2026-06-04T08:05:00 ET,2026-06-04,Thu,0805ET,AGGREGATE,30263.75,744.21,30246.9,NEAR_FLIP,EXPANSION,,,5.83,10.06,15.19,18.43,27815.27,684.0,-2448.4799999999996,-8.090471273388127,-916029.47,916029.47,6215943.64,7626680.45,-1838639.5,-4.98317,1542.31,820,0,820,122.91,,
2026-06-04T08:05:44 ET,2026-06-04T08:05:00 ET,2026-06-04,Thu,0805ET,AGGREGATE,30263.75,744.21,30246.9,NEAR_FLIP,EXPANSION,,,5.83,10.06,15.19,18.43,27855.94,685.0,-2407.8100000000013,-7.956086076576767,-546769.81,663729.53,4941843.75,4308903.46,3675602.32,7.414630999999999,1479.8899999999999,658,66,592,94.3236170212766,1.0407196453529597,PUT WALL + VOL SENSITIVE
2026-06-04T08:05:44 ET,2026-06-04T08:05:00 ET,2026-06-04,Thu,0805ET,AGGREGATE,30263.75,744.21,30246.9,NEAR_FLIP,EXPANSION,,,5.83,10.06,15.19,18.43,27896.61,686.0,-2367.1399999999994,-7.821700879765394,-711100.63,711100.63,4929142.23,5702601.88,-1346772.4,-3.66096,1146.73,635,0,635,116.7232283464567,1.1296587457715164,PUT WALL + VOL SENSITIVE
2026-06-04T08:05:44 ET,2026-06-04T08:05:00 ET,2026-06-04,Thu,0805ET,AGGREGATE,30263.75,744.21,30246.9,NEAR_FLIP,EXPANSION,,,5.83,10.06,15.19,18.43,27937.27,687.0,-2326.4799999999996,-7.687348725785799,-257231.69,314596.08999999997,1865024.5399999998,2424533.65,1358471.85,3.617212,514.1,283,26,257,111.24692579505299,0.4783268189298516,PUT WALL + VOL SENSITIVE
2026-06-04T08:05:44 ET,2026-06-04T08:05:00 ET,2026-06-04,Thu,0805ET,AGGREGATE,30263.75,744.21,30246.9,NEAR_FLIP,EXPANSION,,,5.83,10.06,15.19,18.43,27977.94,688.0,-2285.8100000000013,-7.552963528974438,-546684.03,569223.4299999999,3997864.0399999996,4332818.81,-270416.3300000001,-0.7258449999999997,899.5600000000001,509,10,499,109.26445972495088,0.8876927472392181,PUT WALL + VOL SENSITIVE
2026-06-04T08:05:44 ET,2026-06-04T08:05:00 ET,2026-06-04,Thu,0805ET,AGGREGATE,30263.75,744.21,30246.9,NEAR_FLIP,EXPANSION,,,5.83,10.06,15.19,18.43,28018.6,689.0,-2245.1500000000015,-7.418611374994842,-464053.38,466314.33999999997,3536656.23,3413768.09,-734288.44,-2.006696,750.03,414,1,413,105.328115942029,0.7272143951955276,PUT WALL + VOL SENSITIVE
2026-06-04T08:05:44 ET,2026-06-04T08:05:00 ET,2026-06-04,Thu,0805ET,AGGREGATE,30263.75,744.21,30246.9,NEAR_FLIP,EXPANSION,,,5.83,10.06,15.19,18.43,28059.27,690.0,-2204.4799999999996,-7.284226178183468,-1031030.8,1118921.56,12826681.379999999,5513231.97,1384426.7,3.2603779999999993,2685.38,1069,43,1026,75.21816651075771,1.7847483604588363,PUT WALL + VOL SENSITIVE
2026-06-04T08:05:44 ET,2026-06-04T08:05:00 ET,2026-06-04,Thu,0805ET,AGGREGATE,30263.75,744.21,30246.9,NEAR_FLIP,EXPANSION,,,5.83,10.06,15.19,18.43,28099.93,691.0,-2163.8199999999997,-7.149874024203873,-175579.16000000003,207478.34000000003,1743502.5,1294617.58,706081.13,1.971802,380.28,187,14,173,90.29748663101603,0.31449397173858956,PUT WALL + VOL SENSITIVE
2026-06-04T08:05:44 ET,2026-06-04T08:05:00 ET,2026-06-04,Thu,0805ET,AGGREGATE,30263.75,744.21,30246.9,NEAR_FLIP,EXPANSION,,,5.83,10.06,15.19,18.43,28140.6,692.0,-2123.1500000000015,-7.015488827392511,-2378719.52,2383298.3000000003,18059426.66,16661150.8,-3640476.33,-10.087553,3485.41,2087,2,2085,98.57051748921897,3.6449086740555305,PUT WALL + VOL SENSITIVE
2026-06-04T08:05:44 ET,2026-06-04T08:05:00 ET,2026-06-04,Thu,0805ET,AGGREGATE,30263.75,744.21,30246.9,NEAR_FLIP,EXPANSION,,,5.83,10.06,15.19,18.43,28181.26,693.0,-2082.4900000000016,-6.881136673412917,-994622.29,1005317.8499999999,8790252.51,6307696.09,-1172777.0299999998,-3.2987940000000004,1655.88,885,5,880,89.454,1.5354619871706163,PUT WALL + VOL SENSITIVE
2026-06-04T08:05:44 ET,2026-06-04T08:05:00 ET,2026-06-04,Thu,0805ET,AGGREGATE,30263.75,744.21,30246.9,NEAR_FLIP,EXPANSION,,,5.83,10.06,15.19,18.43,28221.93,694.0,-2041.8199999999997,-6.746751476601544,-857600.09,857600.09,9012780.66,4664235.0200000005,-1283393.03,-3.571333,1624.6,748,0,748,80.24197860962566,1.3157188920592244,PUT WALL + VOL SENSITIVE
2026-06-04T08:05:44 ET,2026-06-04T08:05:00 ET,2026-06-04,Thu,0805ET,AGGREGATE,30263.75,744.21,30246.9,NEAR_FLIP,EXPANSION,,,5.83,10.06,15.19,18.43,28262.6,695.0,-2001.1500000000015,-6.612366279790183,-2226497.34,2340452.84,23645540.7,11933671.89,305310.7300000001,0.657035,4553.92,2014,50,1964,76.25205561072492,3.46637046252169,PUT WALL + VOL SENSITIVE
2026-06-04T08:05:44 ET,2026-06-04T08:05:00 ET,2026-06-04,Thu,0805ET,AGGREGATE,30263.75,744.21,30246.9,NEAR_FLIP,EXPANSION,,,5.83,10.06,15.19,18.43,28303.26,696.0,-1960.4900000000016,-6.478014125810587,-2744058.63,2744058.63,40806121.65,9138272.9,-3909282.6,-11.141131999999999,7030.38,2336,0,2336,57.72104023972603,4.244189009439754,PUT WALL + VOL SENSITIVE
2026-06-04T08:05:44 ET,2026-06-04T08:05:00 ET,2026-06-04,Thu,0805ET,AGGREGATE,30263.75,744.21,30246.9,NEAR_FLIP,EXPANSION,,,5.83,10.06,15.19,18.43,28343.93,697.0,-1919.8199999999997,-6.343628928999215,-903193.53,926928.95,9967168.400000002,4539585.119999999,-550574.63,-1.6654839999999995,1735.3,766,10,756,73.71023498694517,1.36097028542453,PUT WALL + VOL SENSITIVE
2026-06-04T08:05:44 ET,2026-06-04T08:05:00 ET,2026-06-04,Thu,0805ET,AGGREGATE,30263.75,744.21,30246.9,NEAR_FLIP,EXPANSION,,,5.83,10.06,15.19,18.43,28384.59,698.0,-1879.1599999999999,-6.209276775019619,-922717.1299999999,1222501.93,11981438.049999999,5473223.53,7622528.41,21.963013,2410.05,982,125,857,69.4783299389002,1.6845637851566353,PUT WALL + VOL SENSITIVE
2026-06-04T08:05:44 ET,2026-06-04T08:05:00 ET,2026-06-04,Thu,0805ET,AGGREGATE,30263.75,744.21,30246.9,NEAR_FLIP,EXPANSION,,,5.83,10.06,15.19,18.43,28425.26,699.0,-1838.4900000000016,-6.074891578208258,-1717483.78,1717483.78,13678434.09,10248048.12,-2237462.3200000003,-6.6298,2156.4,1408,0,1408,82.034375,2.4547311018450717,PUT WALL + VOL SENSITIVE
2026-06-04T08:05:44 ET,2026-06-04T08:05:00 ET,2026-06-04,Thu,0805ET,AGGREGATE,30263.75,744.21,30246.9,NEAR_FLIP,EXPANSION,,,5.83,10.06,15.19,18.43,28465.92,700.0,-1797.8300000000017,-5.940539424228662,-5164225.22,5337898.08,50741638.65,26663169.22,-1961711.5999999999,-5.534141000000001,8427.779999999999,4222,66,4156,72.7571624822359,7.463562991971069,PUT WALL + VOL SENSITIVE
2026-06-04T08:05:44 ET,2026-06-04T08:05:00 ET,2026-06-04,Thu,0805ET,AGGREGATE,30263.75,744.21,30246.9,NEAR_FLIP,EXPANSION,,,5.83,10.06,15.19,18.43,28506.59,701.0,-1757.1599999999999,-5.80615422741729,-1590547.81,1590547.81,13879428.48,8564221.55,-1977090.01,-6.138489,2116.09,1251,0,1251,75.45561950439648,2.2162493833364336,PUT WALL + VOL SENSITIVE
2026-06-04T08:05:44 ET,2026-06-04T08:05:00 ET,2026-06-04,Thu,0805ET,AGGREGATE,30263.75,744.21,30246.9,NEAR_FLIP,EXPANSION,,,5.83,10.06,15.19,18.43,28547.25,702.0,-1716.5,-5.671802073437694,-1377474.82,1385083.6199999999,12484870.53,7066424.74,-1468685.66,-4.765677999999999,1903.38,1058,3,1055,72.59495274102079,1.8934983176695241,PUT WALL + VOL SENSITIVE
2026-06-04T08:05:44 ET,2026-06-04T08:05:00 ET,2026-06-04,Thu,0805ET,AGGREGATE,30263.75,744.21,30246.9,NEAR_FLIP,EXPANSION,,,5.83,10.06,15.19,18.43,28587.92,703.0,-1675.8300000000017,-5.537416876626333,-1242015.92,1624088.84,11436456.35,6366071.430000001,6624638.76,27.449612,2946.95,1155,116,1039,62.23805194805196,1.8778249320987157,PUT WALL + VOL SENSITIVE
2026-06-04T08:05:44 ET,2026-06-04T08:05:00 ET,2026-06-04,Thu,0805ET,AGGREGATE,30263.75,744.21,30246.9,NEAR_FLIP,EXPANSION,,,5.83,10.06,15.19,18.43,28628.59,704.0,-1635.1599999999999,-5.403031679814959,-2423604.04,2442057.8,20961228.72,12280555.35,-2288567.43,-7.704834,3003.02,1804,7,1797,70.26463414634146,3.236945958659223,PUT WALL + VOL SENSITIVE
2026-06-04T08:05:44 ET,2026-06-04T08:05:00 ET,2026-06-04,Thu,0805ET,AGGREGATE,30263.75,744.21,30246.9,NEAR_FLIP,EXPANSION,,,5.83,10.06,15.19,18.43,28669.25,705.0,-1594.5,-5.268679525835364,-8678643.81,10644521.73,154864091.56,19252856.4,40007399.05,118.021079,28123.83,6220,724,5496,42.151567524115755,12.943623020051447,PUT WALL + VOL SENSITIVE
2026-06-04T08:05:44 ET,2026-06-04T08:05:00 ET,2026-06-04,Thu,0805ET,AGGREGATE,30263.75,744.21,30246.9,NEAR_FLIP,EXPANSION,,,5.83,10.06,15.19,18.43,28709.92,706.0,-1553.8300000000017,-5.134294329024003,-1934603.81,1981601.25,19727377.490000002,8187121.26,-989672.9299999999,-4.2892399999999995,2932.25,1328,17,1311,62.35210843373494,2.504311340711011,PUT WALL + VOL SENSITIVE
2026-06-04T08:05:44 ET,2026-06-04T08:05:00 ET,2026-06-04,Thu,0805ET,AGGREGATE,30263.75,744.21,30246.9,NEAR_FLIP,EXPANSION,,,5.83,10.06,15.19,18.43,28750.58,707.0,-1513.1699999999983,-4.999942175044395,-1557037.5,1566830.72,18388891.9,5156330.54,-1609949.07,-6.889527,2830.8199999999997,957,3,954,55.491556948798326,1.9321088850577237,PUT WALL + VOL SENSITIVE
2026-06-04T08:05:44 ET,2026-06-04T08:05:00 ET,2026-06-04,Thu,0805ET,AGGREGATE,30263.75,744.21,30246.9,NEAR_FLIP,EXPANSION,,,5.83,10.06,15.19,18.43,28791.25,708.0,-1472.5,-4.865556978233035,-1510964.1099999999,1516822.4099999997,13268248.79,6723446.080000001,-1441633.03,-5.564139,1758.9,994,2,992,62.83786720321931,1.860223817020132,PUT WALL + VOL SENSITIVE
2026-06-04T08:05:44 ET,2026-06-04T08:05:00 ET,2026-06-04,Thu,0805ET,AGGREGATE,30263.75,744.21,30246.9,NEAR_FLIP,EXPANSION,,,5.83,10.06,15.19,18.43,28831.91,709.0,-1431.8400000000001,-4.731204824253439,-3767104.7699999996,3767104.7699999996,39121762.64,13647834.89,-4090581.2300000004,-17.948852000000002,5575.98,2238,0,2238,56.80819928507596,4.483787727883745,PUT WALL + VOL SENSITIVE
2026-06-04T08:05:44 ET,2026-06-04T08:05:00 ET,2026-06-04,Thu,0805ET,AGGREGATE,30263.75,744.21,30246.9,NEAR_FLIP,EXPANSION,,,5.83,10.06,15.19,18.43,28872.58,710.0,-1391.1699999999983,-4.596819627442066,-9643600.42,12838584.0,106109585.63,45779159.7,61527659.300000004,225.977803,18318.75,7357,1010,6347,55.793597933940454,13.820583552302896,PUT WALL + VOL SENSITIVE
2026-06-04T08:05:44 ET,2026-06-04T08:05:00 ET,2026-06-04,Thu,0805ET,AGGREGATE,30263.75,744.21,30246.9,NEAR_FLIP,EXPANSION,,,5.83,10.06,15.19,18.43,28913.25,711.0,-1350.5,-4.462434430630705,-2567813.89,2606981.07,22233337.46,10469417.139999999,-1900618.27,-7.774846,2880.83,1516,9,1507,57.89599604221637,2.949077389793811,PUT WALL + VOL SENSITIVE
2026-06-04T08:05:44 ET,2026-06-04T08:05:00 ET,2026-06-04,Thu,0805ET,AGGREGATE,30263.75,744.21,30246.9,NEAR_FLIP,EXPANSION,,,5.83,10.06,15.19,18.43,28953.91,712.0,-1309.8400000000001,-4.328082276651109,-4983437.23,5087236.99,42124555.74,19982845.02,-3332248.81,-13.125784999999999,5400.02,2839,21,2818,56.60767171539274,5.5799908376970135,PUT WALL + VOL SENSITIVE
2026-06-04T08:05:44 ET,2026-06-04T08:05:00 ET,2026-06-04,Thu,0805ET,AGGREGATE,30263.75,744.21,30246.9,NEAR_FLIP,EXPANSION,,,5.83,10.06,15.19,18.43,28994.58,713.0,-1269.1699999999983,-4.193697079839737,-6915220.15,6951963.829999999,61735385.92,25156626.39,-6206529.59,-30.682204,7942.5599999999995,3616,7,3609,54.1141924778761,7.454372514506378,PUT WALL + VOL SENSITIVE
2026-06-04T08:05:44 ET,2026-06-04T08:05:00 ET,2026-06-04,Thu,0805ET,AGGREGATE,30263.75,744.21,30246.9,NEAR_FLIP,EXPANSION,,,5.83,10.06,15.19,18.43,29035.24,714.0,-1228.5099999999984,-4.059344925860141,-12937617.799999999,13010485.84,111091024.25999999,47876695.089999996,-10330437.309999999,-50.642827000000004,13023.47,7011,18,6993,52.6812565967765,14.009145318883467,PUT WALL + VOL SENSITIVE
2026-06-04T08:05:44 ET,2026-06-04T08:05:00 ET,2026-06-04,Thu,0805ET,AGGREGATE,30263.75,744.21,30246.9,NEAR_FLIP,EXPANSION,,,5.83,10.06,15.19,18.43,29075.91,715.0,-1187.8400000000001,-3.92495972904878,-11709769.61,15004659.85,119692765.23999998,46187162.739999995,46734093.63,212.502469,18942.55,7087,821,6266,48.89458021729927,14.307208434427974,PUT WALL + VOL SENSITIVE
2026-06-04T08:05:44 ET,2026-06-04T08:05:00 ET,2026-06-04,Thu,0805ET,AGGREGATE,30263.75,744.21,30246.9,NEAR_FLIP,EXPANSION,,,5.83,10.06,15.19,18.43,29116.57,716.0,-1147.1800000000003,-3.7906075750691848,-4729742.06,4915289.58,41880173.98,15575953.450000001,-2119073.96,-10.438855,5503.49,2231,32,2199,48.81837740923352,4.778667960519169,PUT WALL + VOL SENSITIVE
2026-06-04T08:05:44 ET,2026-06-04T08:05:00 ET,2026-06-04,Thu,0805ET,AGGREGATE,30263.75,744.21,30246.9,NEAR_FLIP,EXPANSION,,,5.83,10.06,15.19,18.43,29157.24,717.0,-1106.5099999999984,-3.656222378257811,-7877021.41,8113288.970000001,66420704.26,26115224.76,-3811045.59,-22.372768,8071.38,3553,44,3509,48.329271038558964,7.71561291546136,PUT WALL + VOL SENSITIVE
2026-06-04T08:05:44 ET,2026-06-04T08:05:00 ET,2026-06-04,Thu,0805ET,AGGREGATE,30263.75,744.21,30246.9,NEAR_FLIP,EXPANSION,,,5.83,10.06,15.19,18.43,29197.9,718.0,-1065.8499999999985,-3.521870224278216,-6196086.49,6950807.710000001,58176770.59,17903893.16,2669613.8200000003,15.909059,9164.71,2518,127,2391,44.664154090548045,5.911222706001014,PUT WALL + VOL SENSITIVE
2026-06-04T08:05:44 ET,2026-06-04T08:05:00 ET,2026-06-04,Thu,0805ET,AGGREGATE,30263.75,744.21,30246.9,NEAR_FLIP,EXPANSION,,,5.83,10.06,15.19,18.43,29238.57,719.0,-1025.1800000000003,-3.387485027466855,-24224468.799999997,24380625.9,179140710.48999998,80658988.16,-17214496.55,-109.67800199999999,17976.12,9537,28,9509,47.68940757051484,21.698363666739944,PUT WALL + VOL SENSITIVE
2026-06-04T08:05:44 ET,2026-06-04T08:05:00 ET,2026-06-04,Thu,0805ET,AGGREGATE,30263.75,744.21,30246.9,NEAR_FLIP,EXPANSION,,,5.83,10.06,15.19,18.43,29279.24,720.0,-984.5099999999984,-3.2530998306554824,-20260278.22,21910691.64,170179282.23000002,58881063.63,-256592.36999999918,-9.532031999999994,23124.75,7385,257,7128,43.85346648612052,17.875330857300973,PUT WALL + VOL SENSITIVE
2026-06-04T08:05:44 ET,2026-06-04T08:05:00 ET,2026-06-04,Thu,0805ET,AGGREGATE,30263.75,744.21,30246.9,NEAR_FLIP,EXPANSION,,,5.83,10.06,15.19,18.43,29319.9,721.0,-943.8499999999985,-3.1187476766758864,-8212378.57,8508932.57,70496037.89999999,20741248.36,-4398237.83,-45.663189,9693.59,2541,46,2495,42.163943329397874,6.760424221452565,PUT WALL + VOL SENSITIVE
2026-06-04T08:05:44 ET,2026-06-04T08:05:00 ET,2026-06-04,Thu,0805ET,AGGREGATE,30263.75,744.21,30246.9,NEAR_FLIP,EXPANSION,,,5.83,10.06,15.19,18.43,29360.57,722.0,-903.1800000000003,-2.9843624798645254,-37122848.98,37476548.04,301478169.07,91105141.11999999,-29600152.830000002,-293.618431,39142.67,10445,50,10395,41.646225945428434,28.92819862827112,PUT WALL + VOL SENSITIVE
2026-06-04T08:05:44 ET,2026-06-04T08:05:00 ET,2026-06-04,Thu,0805ET,AGGREGATE,30263.75,744.21,30246.9,NEAR_FLIP,EXPANSION,,,5.83,10.06,15.19,18.43,29401.23,723.0,-862.5200000000004,-2.85001032588493,-9588546.969999999,10333993.409999998,69166853.30000001,26621315.16,-1719181.3099999996,-15.480535,8547.66,2744,90,2654,41.99895772594752,7.342292984484305,PUT WALL + VOL SENSITIVE
2026-06-04T08:05:44 ET,2026-06-04T08:05:00 ET,2026-06-04,Thu,0805ET,AGGREGATE,30263.75,744.21,30246.9,NEAR_FLIP,EXPANSION,,,5.83,10.06,15.19,18.43,29441.9,724.0,-821.8499999999985,-2.7156251290735565,-8301831.829999999,8804136.69,63473649.89,19118813.740000002,-3979435.2199999997,-49.036293,9208.7,1989,54,1935,39.61637506284565,5.946370320452669,PUT WALL + VOL SENSITIVE
2026-06-04T08:05:44 ET,2026-06-04T08:05:00 ET,2026-06-04,Thu,0805ET,AGGREGATE,30263.75,744.21,30246.9,NEAR_FLIP,EXPANSION,,,5.83,10.06,15.19,18.43,29482.56,725.0,-781.1899999999987,-2.5812729750939614,-33736858.51,37029695.45,269790221.71000004,69848437.61,-10233576.930000003,-160.590501,43230.18,7691,332,7359,36.722134962943706,23.77590251942894,PUT WALL + VOL SENSITIVE
2026-06-04T08:05:44 ET,2026-06-04T08:05:00 ET,2026-06-04,Thu,0805ET,AGGREGATE,30263.75,744.21,30246.9,NEAR_FLIP,EXPANSION,,,5.83,10.06,15.19,18.43,29523.23,726.0,-740.5200000000004,-2.4468877782826004,-11001435.400000002,12017429.200000001,71242926.53,26500929.31,-3233234.01,-38.371595000000006,9441.11,2315,89,2226,39.24324406047516,7.182972057452338,PUT WALL + VOL SENSITIVE
2026-06-04T08:05:44 ET,2026-06-04T08:05:00 ET,2026-06-04,Thu,0805ET,AGGREGATE,30263.75,744.21,30246.9,NEAR_FLIP,EXPANSION,,,5.83,10.06,15.19,18.43,29563.89,727.0,-699.8600000000006,-2.312535624303005,-31954236.78,48142060.12,195215875.12,105258428.99999999,68635232.89,927.884874,32419.11,8445,1428,7017,38.968742451154526,24.11369739088802,PUT WALL + VOL SENSITIVE
2026-06-04T08:05:44 ET,2026-06-04T08:05:00 ET,2026-06-04,Thu,0805ET,AGGREGATE,30263.75,744.21,30246.9,NEAR_FLIP,EXPANSION,,,5.83,10.06,15.19,18.43,29604.56,728.0,-659.1899999999987,-2.1781504274916315,-10110168.43,25040791.93,44727944.83999999,37014738.15,49270204.470000006,903.883783,30590.3,3669,1005,2664,33.640654129190516,8.253458705672525,PUT WALL + VOL SENSITIVE
2026-06-04T08:05:44 ET,2026-06-04T08:05:00 ET,2026-06-04,Thu,0805ET,AGGREGATE,30263.75,744.21,30246.9,NEAR_FLIP,EXPANSION,,,5.83,10.06,15.19,18.43,29645.23,729.0,-618.5200000000004,-2.043765230680271,-19533717.16,24241458.259999998,112809986.02000001,45181403.64999999,4580549.889999999,68.87465699999997,17381.61,3359,330,3029,36.81170884191723,11.494056076535477,PUT WALL + VOL SENSITIVE
2026-06-04T08:05:44 ET,2026-06-04T08:05:00 ET,2026-06-04,Thu,0805ET,AGGREGATE,30263.75,744.21,30246.9,NEAR_FLIP,EXPANSION,,,5.83,10.06,15.19,18.43,29685.89,730.0,-577.8600000000006,-1.909413076700675,-127171266.34,148180580.83999997,932472530.5,144797410.42,-86787461.31,-1927.149496,230739.38,17347,1281,16066,29.49934282584885,69.53423770498858,PUT WALL + VOL SENSITIVE
2026-06-04T08:05:44 ET,2026-06-04T08:05:00 ET,2026-06-04,Thu,0805ET,AGGREGATE,30263.75,744.21,30246.9,NEAR_FLIP,EXPANSION,,,5.83,10.06,15.19,18.43,29726.56,731.0,-537.1899999999987,-1.7750278798893022,-29205563.240000002,31258948.279999997,158188130.57,47021037.8,-19983213.5,-442.61874400000005,25814.72,3444,113,3331,34.19317944250871,14.2613686900877,PUT WALL + VOL SENSITIVE
2026-06-04T08:05:44 ET,2026-06-04T08:05:00 ET,2026-06-04,Thu,0805ET,AGGREGATE,30263.75,744.21,30246.9,NEAR_FLIP,EXPANSION,,,5.83,10.06,15.19,18.43,29767.22,732.0,-496.52999999999884,-1.6406757259097067,-43283087.980000004,49555428.98,201514564.02999997,76243392.04,-17980381.690000005,-449.798844,30818.53,4882,314,4568,35.077849242113885,19.99399463261098,PUT WALL + VOL SENSITIVE
2026-06-04T08:05:44 ET,2026-06-04T08:05:00 ET,2026-06-04,Thu,0805ET,AGGREGATE,30263.75,744.21,30246.9,NEAR_FLIP,EXPANSION,,,5.83,10.06,15.19,18.43,29807.89,733.0,-455.8600000000006,-1.5062905290983455,-65361215.989999995,73151857.87,287189119.05999994,104934806.35,-34880002.06,-966.430627,42216.81,6440,349,6091,34.56165838509317,28.20071293637235,PUT WALL + VOL SENSITIVE
2026-06-04T08:05:44 ET,2026-06-04T08:05:00 ET,2026-06-04,Thu,0805ET,AGGREGATE,30263.75,744.21,30246.9,NEAR_FLIP,EXPANSION,,,5.83,10.06,15.19,18.43,29848.55,734.0,-415.2000000000007,-1.3719383751187502,-63088748.92,80860008.52,239854809.95000002,100497620.82,-16178466.510000002,-604.4958280000002,53525.369999999995,6426,766,5660,33.27353563647681,25.640501938331056,PUT WALL + VOL SENSITIVE
2026-06-04T08:05:44 ET,2026-06-04T08:05:00 ET,2026-06-04,Thu,0805ET,AGGREGATE,30263.75,744.21,30246.9,NEAR_FLIP,EXPANSION,,,5.83,10.06,15.19,18.43,29889.22,735.0,-374.52999999999884,-1.2375531783073772,-162756828.76000002,212031927.51999998,609370532.5600001,237963658.0,-56231866.089999996,-2004.9158510000004,136422.0,15222,1849,13373,32.2656129286559,63.4343873542194,PUT WALL + VOL SENSITIVE
2026-06-04T08:05:44 ET,2026-06-04T08:05:00 ET,2026-06-04,Thu,0805ET,AGGREGATE,30263.75,744.21,30246.9,NEAR_FLIP,EXPANSION,,,5.83,10.06,15.19,18.43,29929.89,736.0,-333.8600000000006,-1.103167981496016,-75627244.16,92547513.84,318428127.44,63456711.28,-72904513.99,-2301.582727,113187.29000000001,6684,604,6080,27.248058049072416,27.9206570513452,PUT WALL + VOL SENSITIVE
2026-06-04T08:05:44 ET,2026-06-04T08:05:00 ET,2026-06-04,Thu,0805ET,AGGREGATE,30263.75,744.21,30246.9,NEAR_FLIP,EXPANSION,,,5.83,10.06,15.19,18.43,29970.55,737.0,-293.2000000000007,-0.9688158275164206,-52871146.99,67011478.33,157915631.27999997,59898644.589999996,-31777997.799999997,-1349.3658860000003,39295.52,3945,440,3505,31.68444866920152,17.313368941371113,PUT WALL + VOL SENSITIVE
2026-06-04T08:05:44 ET,2026-06-04T08:05:00 ET,2026-06-04,Thu,0805ET,AGGREGATE,30263.75,744.21,30246.9,NEAR_FLIP,EXPANSION,,,5.83,10.06,15.19,18.43,30011.22,738.0,-252.52999999999884,-0.8344306307050476,-40981944.31,83252029.85000001,105660558.41,62369100.949999996,2533539.990000004,95.65650399999998,51474.94,4537,1174,3363,30.55393211373154,14.533487720684022,PUT WALL + VOL SENSITIVE
2026-06-04T08:05:44 ET,2026-06-04T08:05:00 ET,2026-06-04,Thu,0805ET,AGGREGATE,30263.75,744.21,30246.9,NEAR_FLIP,EXPANSION,,,5.83,10.06,15.19,18.43,30051.88,739.0,-211.86999999999898,-0.700078476725452,-28108869.189999998,79462450.05,49479237.49000001,43031044.75,18711652.659999996,447.46503100000007,68020.78,4328,1547,2781,27.987296672828098,10.157705731616824,PUT WALL
2026-06-04T08:05:44 ET,2026-06-04T08:05:00 ET,2026-06-04,Thu,0805ET,AGGREGATE,30263.75,744.21,30246.9,NEAR_FLIP,EXPANSION,,,5.83,10.06,15.19,18.43,30092.55,740.0,-171.20000000000073,-0.565693279914091,-243887443.55,371241313.89,522813995.05,158487046.75,-244331660.19,-10403.550972,322263.93,19183,3111,16072,27.312012198300575,65.86223555029223,PUT WALL + VOL SENSITIVE
2026-06-04T08:05:44 ET,2026-06-04T08:05:00 ET,2026-06-04,Thu,0805ET,AGGREGATE,30263.75,744.21,30246.9,NEAR_FLIP,EXPANSION,,,5.83,10.06,15.19,18.43,30133.21,741.0,-130.54000000000087,-0.4313411259344955,-358517999.75,452132057.75,474782656.42999995,182409394.95999998,-356521763.73999995,-20467.747466,227252.69999999998,19781,2241,17540,31.06613821343713,77.379122727607,PUT WALL
2026-06-04T08:05:44 ET,2026-06-04T08:05:00 ET,2026-06-04,Thu,0805ET,AGGREGATE,30263.75,744.21,30246.9,NEAR_FLIP,EXPANSION,,,5.83,10.06,15.19,18.43,30173.88,742.0,-89.86999999999898,-0.2969559291231225,-15988339.169999994,188805463.51,11286761.869999995,48985204.05,30940877.58,2158.007699,109314.01,7973,3578,4395,28.67141728333124,11.950355765458175,PUT WALL
2026-06-04T08:05:44 ET,2026-06-04T08:05:00 ET,2026-06-04,Thu,0805ET,AGGREGATE,30263.75,744.21,30246.9,NEAR_FLIP,EXPANSION,,,5.83,10.06,15.19,18.43,30214.54,743.0,-49.20999999999913,-0.16260377514352692,-149111068.18,293909346.94,76001260.19,41527907.089999996,-183376823.71999997,-10263.737419,152638.22,12016,2827,9189,30.082515812250335,28.507415418289217,PUT WALL
2026-06-04T08:05:44 ET,2026-06-04T08:05:00 ET,2026-06-04,Thu,0805ET,AGGREGATE,30263.75,744.21,30246.9,NEAR_FLIP,EXPANSION,,,5.83,10.06,15.19,18.43,30255.21,744.0,-8.540000000000873,-0.02821857833216595,38155589.27999999,248441334.7,-3059818.76,2983468.1,39913818.28,4152.7188989999995,158026.45,10307,5522,4785,27.73782866013389,12.309879180921245,CALL WALL
2026-06-04T08:05:44 ET,2026-06-04T08:05:00 ET,2026-06-04,Thu,0805ET,AGGREGATE,30263.75,744.21,30246.9,NEAR_FLIP,EXPANSION,,,5.83,10.06,15.19,18.43,30295.88,745.0,32.13000000000102,0.10616661847920703,17163032.360000007,345443376.06,6948699.539999997,-35180507.480000004,-4718597.930000007,-330.0971830000003,236378.64,14147,7391,6756,25.628862656393583,14.641829649842231,CALL WALL
2026-06-04T08:05:44 ET,2026-06-04T08:05:00 ET,2026-06-04,Thu,0805ET,AGGREGATE,30263.75,744.21,30246.9,NEAR_FLIP,EXPANSION,,,5.83,10.06,15.19,18.43,30336.54,746.0,72.79000000000087,0.2405187724588026,11944326.990000004,176691439.37,10952478.059999995,-39466832.72,-21268678.40999999,-1437.7425449999998,109923.56999999999,7127,3804,3323,26.065646134418408,10.037687848980575,CALL WALL
2026-06-04T08:05:44 ET,2026-06-04T08:05:00 ET,2026-06-04,Thu,0805ET,AGGREGATE,30263.75,744.21,30246.9,NEAR_FLIP,EXPANSION,,,5.83,10.06,15.19,18.43,30377.21,747.0,113.45999999999913,0.37490396927016356,94600538.39999999,153848519.28,133817901.76,-55691529.58,72588106.57000001,4806.038664,76140.68000000001,5905,4697,1208,26.103513971210837,21.533842745566826,CALL WALL
2026-06-04T08:05:44 ET,2026-06-04T08:05:00 ET,2026-06-04,Thu,0805ET,AGGREGATE,30263.75,744.21,30246.9,NEAR_FLIP,EXPANSION,,,5.83,10.06,15.19,18.43,30417.87,748.0,154.11999999999898,0.5092561232497591,144723539.28,198562775.54000002,280323387.43,-92194683.73,116859201.1,6778.081041,115091.67,8327,7134,1193,25.568199831872224,35.70842855055413,CALL WALL
2026-06-04T08:05:44 ET,2026-06-04T08:05:00 ET,2026-06-04,Thu,0805ET,AGGREGATE,30263.75,744.21,30246.9,NEAR_FLIP,EXPANSION,,,5.83,10.06,15.19,18.43,30458.54,749.0,194.79000000000087,0.6436413200611322,39909439.26,70673158.67999999,98739325.73,-41265826.37,15517779.389999997,809.0882720000002,41060.73,3156,2452,704,25.5951299112801,11.985282817256193,CALL WALL + VOL SENSITIVE
2026-06-04T08:05:44 ET,2026-06-04T08:05:00 ET,2026-06-04,Thu,0805ET,AGGREGATE,30263.75,744.21,30246.9,NEAR_FLIP,EXPANSION,,,5.83,10.06,15.19,18.43,30499.2,750.0,235.45000000000073,0.7779934740407277,200683511.78,241268264.16,602114994.0,-164464607.98,135539681.25,6923.899056,149746.13,11739,10607,1132,25.034778090126927,59.76569358472178,CALL WALL + VOL SENSITIVE
2026-06-04T08:05:44 ET,2026-06-04T08:05:00 ET,2026-06-04,Thu,0805ET,AGGREGATE,30263.75,744.21,30246.9,NEAR_FLIP,EXPANSION,,,5.83,10.06,15.19,18.43,30539.87,751.0,276.119999999999,0.9123786708520886,35111516.470000006,41039582.690000005,123951747.63000001,-34009816.94,20730822.17,947.4457129999998,22674.23,2156,1991,165,25.467745825602968,11.535993150460817,CALL WALL + VOL SENSITIVE
2026-06-04T08:05:44 ET,2026-06-04T08:05:00 ET,2026-06-04,Thu,0805ET,AGGREGATE,30263.75,744.21,30246.9,NEAR_FLIP,EXPANSION,,,5.83,10.06,15.19,18.43,30580.54,752.0,316.7900000000009,1.0467638676634616,54340673.940000005,59460832.54,233017163.74,-51745550.82,38012975.36,1452.8979519999998,40613.75,3582,3432,150,24.450809603573422,19.64878892819317,CALL WALL + VOL SENSITIVE
2026-06-04T08:05:44 ET,2026-06-04T08:05:00 ET,2026-06-04,Thu,0805ET,AGGREGATE,30263.75,744.21,30246.9,NEAR_FLIP,EXPANSION,,,5.83,10.06,15.19,18.43,30621.2,753.0,357.4500000000007,1.1811160216430572,99919231.32,103468415.39999999,450873128.98,-119579818.11,53800815.61,1936.189841,42122.47,6947,6827,120,25.99366345184972,38.70362162289695,CALL WALL + VOL SENSITIVE
2026-06-04T08:05:44 ET,2026-06-04T08:05:00 ET,2026-06-04,Thu,0805ET,AGGREGATE,30263.75,744.21,30246.9,NEAR_FLIP,EXPANSION,,,5.83,10.06,15.19,18.43,30661.87,754.0,398.119999999999,1.3155012184544181,18958844.23,22758904.55,97639838.72,-27675352.12,3440825.6999999993,95.69895400000004,11483.25,1804,1658,146,25.598004434589804,8.427020628604778,CALL WALL + VOL SENSITIVE
2026-06-04T08:05:44 ET,2026-06-04T08:05:00 ET,2026-06-04,Thu,0805ET,AGGREGATE,30263.75,744.21,30246.9,NEAR_FLIP,EXPANSION,,,5.83,10.06,15.19,18.43,30702.53,755.0,438.77999999999884,1.4498533724340137,37411077.0,46122791.74,224634726.25,-48875771.87,9073292.45,220.629236,39380.73,4240,3872,368,23.907377358490567,18.054677971097178,CALL WALL + VOL SENSITIVE
2026-06-04T08:05:44 ET,2026-06-04T08:05:00 ET,2026-06-04,Thu,0805ET,AGGREGATE,30263.75,744.21,30246.9,NEAR_FLIP,EXPANSION,,,5.83,10.06,15.19,18.43,30743.2,756.0,479.4500000000007,1.5842385692453869,16748387.73,17175580.59,108643592.08999999,-21726032.52,10407317.78,247.557934,12487.35,1867,1848,19,25.048328869844667,8.449095071104155,CALL WALL + VOL SENSITIVE
2026-06-04T08:05:44 ET,2026-06-04T08:05:00 ET,2026-06-04,Thu,0805ET,AGGREGATE,30263.75,744.21,30246.9,NEAR_FLIP,EXPANSION,,,5.83,10.06,15.19,18.43,30783.86,757.0,520.1100000000006,1.7185907232249824,10822961.34,10887975.48,74092105.72,-15892895.149999999,6458715.050000001,130.540699,6965.81,1462,1459,3,25.745218878248977,5.929459579060481,CALL WALL + VOL SENSITIVE
2026-06-04T08:05:44 ET,2026-06-04T08:05:00 ET,2026-06-04,Thu,0805ET,AGGREGATE,30263.75,744.21,30246.9,NEAR_FLIP,EXPANSION,,,5.83,10.06,15.19,18.43,30824.53,758.0,560.7799999999988,1.8529759200363434,14096457.6,14096457.6,103407914.76,-23732804.13,7162143.790000001,111.92056,7288.950000000001,2565,2565,0,25.71625730994152,8.694204973721044,CALL WALL + VOL SENSITIVE
2026-06-04T08:05:44 ET,2026-06-04T08:05:00 ET,2026-06-04,Thu,0805ET,AGGREGATE,30263.75,744.21,30246.9,NEAR_FLIP,EXPANSION,,,5.83,10.06,15.19,18.43,30865.19,759.0,601.4399999999987,1.987328074015939,17081590.94,17133421.34,126879885.18,-32011007.06,7967956.32,103.25527399999999,8140.619999999999,3632,3627,5,27.07238160792952,11.21358662434874,CALL WALL + VOL SENSITIVE
2026-06-04T08:05:44 ET,2026-06-04T08:05:00 ET,2026-06-04,Thu,0805ET,AGGREGATE,30263.75,744.21,30246.9,NEAR_FLIP,EXPANSION,,,5.83,10.06,15.19,18.43,30905.86,760.0,642.1100000000006,2.121713270827312,18351542.330000002,23785650.05,150989699.29999998,-36434518.08,-7638067.6499999985,-249.943402,20524.36,5514,5205,309,25.820324628219076,14.081852558203616,CALL WALL + VOL SENSITIVE
2026-06-04T08:05:44 ET,2026-06-04T08:05:00 ET,2026-06-04,Thu,0805ET,AGGREGATE,30263.75,744.21,30246.9,NEAR_FLIP,EXPANSION,,,5.83,10.06,15.19,18.43,30946.53,761.0,682.7799999999988,2.256098467638673,6407210.07,8865529.25,52104689.99,-15264806.88,-5914587.03,-152.725706,7025.83,2679,2529,150,26.4564725643897,5.675949282420823,CALL WALL + VOL SENSITIVE
2026-06-04T08:05:44 ET,2026-06-04T08:05:00 ET,2026-06-04,Thu,0805ET,AGGREGATE,30263.75,744.21,30246.9,NEAR_FLIP,EXPANSION,,,5.83,10.06,15.19,18.43,30987.19,762.0,723.4399999999987,2.3904506216182684,4955110.29,4955110.29,49398264.19,-8511120.22,2992786.55,36.590493,4277.4400000000005,1681,1681,0,26.929274241522908,4.188602800111683,CALL WALL + VOL SENSITIVE
2026-06-04T08:05:44 ET,2026-06-04T08:05:00 ET,2026-06-04,Thu,0805ET,AGGREGATE,30263.75,744.21,30246.9,NEAR_FLIP,EXPANSION,,,5.83,10.06,15.19,18.43,31027.86,763.0,764.1100000000006,2.5248358184296413,7329342.67,7329342.67,78771154.12,-12289420.11,4604562.55,53.192045,7031.790000000001,2748,2748,0,27.301630276564772,6.605256964765103,CALL WALL + VOL SENSITIVE
2026-06-04T08:05:44 ET,2026-06-04T08:05:00 ET,2026-06-04,Thu,0805ET,AGGREGATE,30263.75,744.21,30246.9,NEAR_FLIP,EXPANSION,,,5.83,10.06,15.19,18.43,31068.52,764.0,804.7700000000004,2.659187972409237,13140363.31,13140363.31,194911852.51,-5388086.73,12419049.709999999,180.33577,24139.600000000002,2395,2395,0,18.61881002087683,10.963870465815912,CALL WALL + VOL SENSITIVE
2026-06-04T08:05:44 ET,2026-06-04T08:05:00 ET,2026-06-04,Thu,0805ET,AGGREGATE,30263.75,744.21,30246.9,NEAR_FLIP,EXPANSION,,,5.83,10.06,15.19,18.43,31109.19,765.0,845.4399999999987,2.793573169220598,14578919.129999999,14613416.23,224657312.10999998,-7531226.33,12778888.78,163.320815,25955.11,3204,3201,3,19.992119225967542,13.014619304655293,CALL WALL + VOL SENSITIVE
2026-06-04T08:05:44 ET,2026-06-04T08:05:00 ET,2026-06-04,Thu,0805ET,AGGREGATE,30263.75,744.21,30246.9,NEAR_FLIP,EXPANSION,,,5.83,10.06,15.19,18.43,31149.85,766.0,886.0999999999985,2.9279253232001934,15271616.3,15271616.3,240756219.01000002,-9189799.69,13262054.92,152.47978600000002,26884.559999999998,3753,3753,0,21.114737543298695,14.238856528402108,CALL WALL + VOL SENSITIVE
2026-06-04T08:05:44 ET,2026-06-04T08:05:00 ET,2026-06-04,Thu,0805ET,AGGREGATE,30263.75,744.21,30246.9,NEAR_FLIP,EXPANSION,,,5.83,10.06,15.19,18.43,31190.52,767.0,926.7700000000004,3.0623105200115663,1401296.1,1401296.1,19285208.48,-2281502.24,905842.75,7.233009,1671.25,895,895,0,28.632391061452513,1.7077221281999373,CALL WALL + VOL SENSITIVE
2026-06-04T08:05:44 ET,2026-06-04T08:05:00 ET,2026-06-04,Thu,0805ET,AGGREGATE,30263.75,744.21,30246.9,NEAR_FLIP,EXPANSION,,,5.83,10.06,15.19,18.43,31231.18,768.0,967.4300000000003,3.1966626739911623,3763904.41,3763904.41,65788516.85,-2412725.08,3015366.42,26.543788000000003,6558.71,1213,1213,0,21.213272877164055,3.994618688006197,CALL WALL + VOL SENSITIVE
2026-06-04T08:05:44 ET,2026-06-04T08:05:00 ET,2026-06-04,Thu,0805ET,AGGREGATE,30263.75,744.21,30246.9,NEAR_FLIP,EXPANSION,,,5.83,10.06,15.19,18.43,31271.85,769.0,1008.0999999999985,3.3310478708025224,795998.9199999999,795998.9199999999,14101072.39,-596263.26,624179.62,4.929822,1374.8300000000002,334,334,0,23.3825748502994,0.9157400159745102,CALL WALL + VOL SENSITIVE
2026-06-04T08:05:44 ET,2026-06-04T08:05:00 ET,2026-06-04,Thu,0805ET,AGGREGATE,30263.75,744.21,30246.9,NEAR_FLIP,EXPANSION,,,5.83,10.06,15.19,18.43,31312.52,770.0,1048.7700000000004,3.4654330676138962,2292765.74,2292765.74,43001602.38,-1699931.9,1723574.1700000002,11.590636,3950.06,1082,1082,0,22.897338262476893,2.8263521056793004,CALL WALL + VOL SENSITIVE
2026-06-04T08:05:44 ET,2026-06-04T08:05:00 ET,2026-06-04,Thu,0805ET,AGGREGATE,30263.75,744.21,30246.9,NEAR_FLIP,EXPANSION,,,5.83,10.06,15.19,18.43,31353.18,771.0,1089.4300000000003,3.5997852215934913,481151.3,481151.3,6120295.5600000005,-1325408.08,250228.24,0.831877,405.51,681,681,0,33.72186490455213,0.8861701367866605,CALL WALL + VOL SENSITIVE
2026-06-04T08:05:44 ET,2026-06-04T08:05:00 ET,2026-06-04,Thu,0805ET,AGGREGATE,30263.75,744.21,30246.9,NEAR_FLIP,EXPANSION,,,5.83,10.06,15.19,18.43,31393.85,772.0,1130.0999999999985,3.7341704184048523,715285.16,715285.16,10772307.46,-1565106.4,429081.77,1.7296500000000001,827.96,877,877,0,33.042109464082095,1.255011023220891,CALL WALL + VOL SENSITIVE
2026-06-04T08:05:44 ET,2026-06-04T08:05:00 ET,2026-06-04,Thu,0805ET,AGGREGATE,30263.75,744.21,30246.9,NEAR_FLIP,EXPANSION,,,5.83,10.06,15.19,18.43,31434.51,773.0,1170.7599999999984,3.8685225723844483,776803.23,776803.23,12389496.23,-1691953.84,458428.39,1.5414439999999998,919.23,1040,1040,0,33.16125,1.4569273377774754,CALL WALL + VOL SENSITIVE
2026-06-04T08:05:44 ET,2026-06-04T08:05:00 ET,2026-06-04,Thu,0805ET,AGGREGATE,30263.75,744.21,30246.9,NEAR_FLIP,EXPANSION,,,5.83,10.06,15.19,18.43,31475.18,774.0,1211.4300000000003,4.002907769195821,512026.55000000005,512026.55000000005,7235386.65,-1408428.78,296669.13,0.829158,524.87,723,723,0,36.29590594744122,0.971115497098086,CALL WALL + VOL SENSITIVE
2026-06-04T08:05:44 ET,2026-06-04T08:05:00 ET,2026-06-04,Thu,0805ET,AGGREGATE,30263.75,744.21,30246.9,NEAR_FLIP,EXPANSION,,,5.83,10.06,15.19,18.43,31515.84,775.0,1252.0900000000001,4.137259923175416,863757.4700000001,871277.35,16106947.520000001,-1499631.21,406853.37,1.020388,1263.49,1106,1104,2,31.658878842676312,1.649330844216398,CALL WALL + VOL SENSITIVE
2026-06-04T08:05:44 ET,2026-06-04T08:05:00 ET,2026-06-04,Thu,0805ET,AGGREGATE,30263.75,744.21,30246.9,NEAR_FLIP,EXPANSION,,,5.83,10.06,15.19,18.43,31556.51,776.0,1292.7599999999984,4.271645119986777,216343.81,216343.81,2278863.05,-908861.69,101780.51,0.090546,117.79,590,590,0,39.74,0.6157197778171116,CALL WALL + VOL SENSITIVE
2026-06-04T08:05:44 ET,2026-06-04T08:05:00 ET,2026-06-04,Thu,0805ET,AGGREGATE,30263.75,744.21,30246.9,NEAR_FLIP,EXPANSION,,,5.83,10.06,15.19,18.43,31597.18,777.0,1333.4300000000003,4.406030316798151,85123.25,85123.25,1912891.1,-76955.83,59963.18,0.175342,156.75,84,84,0,24.268333333333334,0.15037471272514674,CALL WALL + VOL SENSITIVE
2026-06-04T08:05:44 ET,2026-06-04T08:05:00 ET,2026-06-04,Thu,0805ET,AGGREGATE,30263.75,744.21,30246.9,NEAR_FLIP,EXPANSION,,,5.83,10.06,15.19,18.43,31637.84,778.0,1374.0900000000001,4.540382470777747,2298.9,2298.9,55371.42,-1297.93,1675.05,0.004671,4.6,2,2,0,18.27,0.002382990738727431,CALL WALL + VOL SENSITIVE
2026-06-04T08:05:44 ET,2026-06-04T08:05:00 ET,2026-06-04,Thu,0805ET,AGGREGATE,30263.75,744.21,30246.9,NEAR_FLIP,EXPANSION,,,5.83,10.06,15.19,18.43,31719.17,780.0,1455.4199999999983,4.809119821568703,257674.12,259702.7,4189980.5300000003,-823576.92,75703.89000000001,0.007293999999999995,291.36,682,681,1,39.34403225806451,0.7595426721047761,CALL WALL + VOL SENSITIVE
2026-06-04T08:05:44 ET,2026-06-04T08:05:00 ET,2026-06-04,Thu,0805ET,AGGREGATE,30263.75,744.21,30246.9,NEAR_FLIP,EXPANSION,,,5.83,10.06,15.19,18.43,31759.84,781.0,1496.0900000000001,4.943505018380075,736.88,736.88,19172.47,-451.51,508.2,0.000909,1.49,1,1,0,18.39,0.0,CALL WALL + VOL SENSITIVE
2026-06-04T08:05:44 ET,2026-06-04T08:05:00 ET,2026-06-04,Thu,0805ET,AGGREGATE,30263.75,744.21,30246.9,NEAR_FLIP,EXPANSION,,,5.83,10.06,15.19,18.43,31922.5,785.0,1658.75,5.480979719962001,312334.99,312334.99,7120513.77,-615559.95,205627.38,0.22158899999999998,538.32,882,882,0,33.92235827664399,1.0189315117869258,CALL WALL + VOL SENSITIVE
2026-06-04T08:05:44 ET,2026-06-04T08:05:00 ET,2026-06-04,Thu,0805ET,AGGREGATE,30263.75,744.21,30246.9,NEAR_FLIP,EXPANSION,,,5.83,10.06,15.19,18.43,32125.83,790.0,1862.0800000000017,6.1528396183553,199166.90999999997,199166.90999999997,5571522.77,-187561.41999999998,142877.52000000002,0.118763,442.36,590,590,0,22.872135593220342,0.6974307331689571,CALL WALL + VOL SENSITIVE
2026-06-04T08:05:44 ET,2026-06-04T08:05:00 ET,2026-06-04,Thu,0805ET,AGGREGATE,30263.75,744.21,30246.9,NEAR_FLIP,EXPANSION,,,5.83,10.06,15.19,18.43,32329.16,795.0,2065.41,6.824699516748585,2912.48,2912.48,81421.65,-2435.66,2425.42,0.002142,7.51,8,8,0,23.52,0.008108930875025087,CALL WALL + VOL SENSITIVE
2026-06-04T08:05:44 ET,2026-06-04T08:05:00 ET,2026-06-04,Thu,0805ET,AGGREGATE,30263.75,744.21,30246.9,NEAR_FLIP,EXPANSION,,,5.83,10.06,15.19,18.43,32532.48,800.0,2268.7299999999996,7.496526372310106,86588.46,91281.66,2559129.27,-161017.96,-675719.11,-0.396827,210.52999999999997,583,573,10,27.11,0.56131852166137,CALL WALL + VOL SENSITIVE
2026-06-04T08:05:44 ET,2026-06-04T08:05:00 ET,2026-06-04,Thu,0805ET,AGGREGATE,30263.75,744.21,30246.9,NEAR_FLIP,EXPANSION,,,5.83,10.06,15.19,18.43,32735.81,805.0,2472.0600000000013,8.168386270703405,2210.59,2210.59,68764.35,-2195.31,1801.89,0.000644,6.1,15,15,0,25.17,,
2026-06-04T08:05:44 ET,2026-06-04T08:05:00 ET,2026-06-04,Thu,0805ET,AGGREGATE,30263.75,744.21,30246.9,NEAR_FLIP,EXPANSION,,,5.83,10.06,15.19,18.43,32939.14,810.0,2675.3899999999994,8.84024616909669,57696.44,57696.44,1872092.52,-64184.869999999995,46704.9,0.010841,163.48999999999998,612,612,0,26.041225490196076,,
2026-06-04T08:05:44 ET,2026-06-04T08:05:00 ET,2026-06-04,Thu,0805ET,AGGREGATE,30263.75,744.21,30246.9,NEAR_FLIP,EXPANSION,,,5.83,10.06,15.19,18.43,33142.47,815.0,2878.720000000001,9.512106067489988,9627.33,9627.33,316939.24,-11054.78,8188.31,0.001594,29.07,120,120,0,27.55,,
