timestamp,intended_timestamp,snapshot_date,snapshot_weekday,session_label,expiry,nq_price,qqq_price,gamma_flip,gamma_regime,vol_regime,iv,rv_iv_ratio,hv5,hv10,hv21,hv63,strike_futures,strike_etf,dist_nq,dist_pct,net_gex,abs_gex,net_vex,net_charmex,net_dex,net_dag,net_vegaex,total_oi,score,type
2026-05-26T09:42:03 ET,2026-05-26T09:40:00 ET,2026-05-26,Tue,0942ET,2026-05-26,29900.25,725.905,29652.6,NEAR_FLIP,NEUTRAL,29.81,0.523,12.52,15.24,15.6,18.98,26979.65,655.0,-2920.5999999999985,-9.76781130592553,-3255032.18,3354803.28,13978754.680000002,33231523.48,-14301097.36,-58.28473,10615.74,2152,,
2026-05-26T09:42:03 ET,2026-05-26T09:40:00 ET,2026-05-26,Tue,0942ET,2026-05-27,29900.25,725.905,29652.6,NEAR_FLIP,NEUTRAL,29.81,0.523,12.52,15.24,15.6,18.98,26998.06,655.0,-2902.1899999999987,-9.706239914381982,-3553800.73,3639788.9099999997,30203901.88,18207554.21,-7964856.550000001,-23.607635,11772.74,3217,,
2026-05-26T09:42:03 ET,2026-05-26T09:40:00 ET,2026-05-26,Tue,0942ET,2026-05-28,29900.25,725.905,29652.6,NEAR_FLIP,NEUTRAL,29.81,0.523,12.52,15.24,15.6,18.98,26998.06,655.0,-2902.1899999999987,-9.706239914381982,-422620.73,520764.89,5421379.98,1303512.85,2172386.21,5.699342,2240.09,520,,
2026-05-26T09:42:03 ET,2026-05-26T09:40:00 ET,2026-05-26,Tue,0942ET,2026-05-26,29900.25,725.905,29652.6,NEAR_FLIP,NEUTRAL,29.81,0.523,12.52,15.24,15.6,18.98,27185.6,660.0,-2714.6500000000015,-9.079021078419082,-3785387.9400000004,4160079.46,16679349.620000001,38316209.29,-10356532.639999999,-45.289846999999995,11930.949999999999,2487,,
2026-05-26T09:42:03 ET,2026-05-26T09:40:00 ET,2026-05-26,Tue,0942ET,2026-05-27,29900.25,725.905,29652.6,NEAR_FLIP,NEUTRAL,29.81,0.523,12.52,15.24,15.6,18.98,27204.15,660.0,-2696.0999999999985,-9.016981463365687,-850326.95,926074.47,7255953.26,4293480.9399999995,-268054.52,-0.8579249999999998,2765.65,758,,
2026-05-26T09:42:03 ET,2026-05-26T09:40:00 ET,2026-05-26,Tue,0942ET,2026-05-28,29900.25,725.905,29652.6,NEAR_FLIP,NEUTRAL,29.81,0.523,12.52,15.24,15.6,18.98,27204.15,660.0,-2696.0999999999985,-9.016981463365687,-2124082.34,2205104.04,27172322.77,5113003.07,-2774224.84,-7.9572069999999995,8815.140000000001,2014,,
2026-05-26T09:42:03 ET,2026-05-26T09:40:00 ET,2026-05-26,Tue,0942ET,2026-05-26,29900.25,725.905,29652.6,NEAR_FLIP,NEUTRAL,29.81,0.523,12.52,15.24,15.6,18.98,27391.55,665.0,-2508.7000000000007,-8.390230850912621,-3313579.8499999996,3533763.25,14941500.28,30076205.01,-9617838.950000001,-45.379833000000005,9152.58,1958,,
2026-05-26T09:42:03 ET,2026-05-26T09:40:00 ET,2026-05-26,Tue,0942ET,2026-05-27,29900.25,725.905,29652.6,NEAR_FLIP,NEUTRAL,29.81,0.523,12.52,15.24,15.6,18.98,27410.25,665.0,-2490.0,-8.327689567812978,-644270.1799999999,713776.5,5495680.91,3048598.85,94148.69000000018,0.3296739999999998,1964.98,534,,
2026-05-26T09:42:03 ET,2026-05-26T09:40:00 ET,2026-05-26,Tue,0942ET,2026-05-28,29900.25,725.905,29652.6,NEAR_FLIP,NEUTRAL,29.81,0.523,12.52,15.24,15.6,18.98,27410.25,665.0,-2490.0,-8.327689567812978,-364957.67000000004,452547.51,4631263.399999999,966208.7799999999,1563716.9900000002,4.983435,1680.1799999999998,372,,
2026-05-26T09:42:03 ET,2026-05-26T09:40:00 ET,2026-05-26,Tue,0942ET,2026-05-26,29900.25,725.905,29652.6,NEAR_FLIP,NEUTRAL,29.81,0.523,12.52,15.24,15.6,18.98,27597.51,670.0,-2302.7400000000016,-7.701407178869747,-16859908.610000003,17668085.73,77540725.92,137964773.07,-47714726.97,-244.69349,41169.689999999995,9007,,
2026-05-26T09:42:03 ET,2026-05-26T09:40:00 ET,2026-05-26,Tue,0942ET,2026-05-27,29900.25,725.905,29652.6,NEAR_FLIP,NEUTRAL,29.81,0.523,12.52,15.24,15.6,18.98,27616.34,670.0,-2283.91,-7.638431116796681,-1439616.71,1620868.77,12209502.84,6332938.08,658856.94,2.5642690000000012,4106.79,1091,,
2026-05-26T09:42:03 ET,2026-05-26T09:40:00 ET,2026-05-26,Tue,0942ET,2026-05-28,29900.25,725.905,29652.6,NEAR_FLIP,NEUTRAL,29.81,0.523,12.52,15.24,15.6,18.98,27616.34,670.0,-2283.91,-7.638431116796681,-677514.41,806958.2100000001,8473683.23,1575283.94,1655187.2499999998,5.97104,2781.13,586,,
2026-05-26T09:42:03 ET,2026-05-26T09:40:00 ET,2026-05-26,Tue,0942ET,2026-05-26,29900.25,725.905,29652.6,NEAR_FLIP,NEUTRAL,29.81,0.523,12.52,15.24,15.6,18.98,27638.7,671.0,-2261.5499999999993,-7.563649133368449,-2553792.46,2761450.3200000003,11785969.24,21174647.65,-5797269.17,-30.262107,6297.02,1383,,
2026-05-26T09:42:03 ET,2026-05-26T09:40:00 ET,2026-05-26,Tue,0942ET,2026-05-26,29900.25,725.905,29652.6,NEAR_FLIP,NEUTRAL,29.81,0.523,12.52,15.24,15.6,18.98,27679.89,672.0,-2220.3600000000006,-7.425891087867161,-2218315.8,2429777.62,10271375.13,18289216.770000003,-4455412.85,-23.683571999999998,5421.3099999999995,1195,,
2026-05-26T09:42:03 ET,2026-05-26T09:40:00 ET,2026-05-26,Tue,0942ET,2026-05-26,29900.25,725.905,29652.6,NEAR_FLIP,NEUTRAL,29.81,0.523,12.52,15.24,15.6,18.98,27721.08,673.0,-2179.1699999999983,-7.28813304236586,-1298786.79,1468644.0699999998,6032321.41,10847728.38,-1884542.1399999997,-10.205559000000001,3205.7000000000003,709,,
2026-05-26T09:42:03 ET,2026-05-26T09:40:00 ET,2026-05-26,Tue,0942ET,2026-05-26,29900.25,725.905,29652.6,NEAR_FLIP,NEUTRAL,29.81,0.523,12.52,15.24,15.6,18.98,27762.27,674.0,-2137.9799999999996,-7.150374996864574,-1235085.05,1378650.49,5753019.5,9988688.83,-1990160.2300000004,-10.984738000000002,2943.45,653,,
2026-05-26T09:42:03 ET,2026-05-26T09:40:00 ET,2026-05-26,Tue,0942ET,2026-05-26,29900.25,725.905,29652.6,NEAR_FLIP,NEUTRAL,29.81,0.523,12.52,15.24,15.6,18.98,27803.46,675.0,-2096.790000000001,-7.012616951363286,-2561940.48,3526435.72,11965369.81,25052712.009999998,5118753.529999999,28.810243000000007,7363.11,1638,,
2026-05-26T09:42:03 ET,2026-05-26T09:40:00 ET,2026-05-26,Tue,0942ET,2026-05-27,29900.25,725.905,29652.6,NEAR_FLIP,NEUTRAL,29.81,0.523,12.52,15.24,15.6,18.98,27822.43,675.0,-2077.8199999999997,-6.949172665780385,-9605519.53,9915103.63,80450589.73,35143937.35,-14711075.639999999,-64.841735,23086.32,5893,,
2026-05-26T09:42:03 ET,2026-05-26T09:40:00 ET,2026-05-26,Tue,0942ET,2026-05-28,29900.25,725.905,29652.6,NEAR_FLIP,NEUTRAL,29.81,0.523,12.52,15.24,15.6,18.98,27822.43,675.0,-2077.8199999999997,-6.949172665780385,-1469184.35,1526487.31,17966658.27,2701899.9000000004,-1825710.2799999998,-7.613001,4882.29,959,,
2026-05-26T09:42:03 ET,2026-05-26T09:40:00 ET,2026-05-26,Tue,0942ET,2026-05-26,29900.25,725.905,29652.6,NEAR_FLIP,NEUTRAL,29.81,0.523,12.52,15.24,15.6,18.98,27844.65,676.0,-2055.5999999999985,-6.874858905861986,-1355222.9400000002,1407938.26,6344918.609999999,9803765.46,-3474734.6700000004,-19.952985,2874.48,641,,
2026-05-26T09:42:03 ET,2026-05-26T09:40:00 ET,2026-05-26,Tue,0942ET,2026-05-27,29900.25,725.905,29652.6,NEAR_FLIP,NEUTRAL,29.81,0.523,12.52,15.24,15.6,18.98,27863.65,676.0,-2036.5999999999985,-6.811314286669839,-401189.76,421940.95999999996,3348510.84,1465032.38,-461748.69999999995,-2.091785,965.82,244,,
2026-05-26T09:42:03 ET,2026-05-26T09:40:00 ET,2026-05-26,Tue,0942ET,2026-05-28,29900.25,725.905,29652.6,NEAR_FLIP,NEUTRAL,29.81,0.523,12.52,15.24,15.6,18.98,27863.65,676.0,-2036.5999999999985,-6.811314286669839,-648970.57,668686.13,7891826.08,1159293.8800000001,-921662.0900000001,-3.9668799999999997,2106.98,407,,
2026-05-26T09:42:03 ET,2026-05-26T09:40:00 ET,2026-05-26,Tue,0942ET,2026-05-26,29900.25,725.905,29652.6,NEAR_FLIP,NEUTRAL,29.81,0.523,12.52,15.24,15.6,18.98,27885.84,677.0,-2014.4099999999999,-6.737100860360699,-5320615.9,5504472.0,24964882.509999998,37552150.63,-13622227.88,-79.849638,10986.71,2455,,
2026-05-26T09:42:03 ET,2026-05-26T09:40:00 ET,2026-05-26,Tue,0942ET,2026-05-27,29900.25,725.905,29652.6,NEAR_FLIP,NEUTRAL,29.81,0.523,12.52,15.24,15.6,18.98,27904.87,677.0,-1995.380000000001,-6.673455907559305,-474967.22000000003,748918.3400000001,3949146.55,2546192.47,4016093.46,18.715678,1685.15,421,,
2026-05-26T09:42:03 ET,2026-05-26T09:40:00 ET,2026-05-26,Tue,0942ET,2026-05-28,29900.25,725.905,29652.6,NEAR_FLIP,NEUTRAL,29.81,0.523,12.52,15.24,15.6,18.98,27904.87,677.0,-1995.380000000001,-6.673455907559305,-475272.62,482062.22,5744829.18,818253.0399999999,-822804.14,-3.6587319999999997,1496.4099999999999,284,,
2026-05-26T09:42:03 ET,2026-05-26T09:40:00 ET,2026-05-26,Tue,0942ET,2026-05-26,29900.25,725.905,29652.6,NEAR_FLIP,NEUTRAL,29.81,0.523,12.52,15.24,15.6,18.98,27927.03,678.0,-1973.2200000000012,-6.599342814859412,-3038939.59,3093901.5700000003,14286623.73,20670340.49,-8242903.750000001,-49.350550999999996,6036.15,1351,,
2026-05-26T09:42:03 ET,2026-05-26T09:40:00 ET,2026-05-26,Tue,0942ET,2026-05-27,29900.25,725.905,29652.6,NEAR_FLIP,NEUTRAL,29.81,0.523,12.52,15.24,15.6,18.98,27946.08,678.0,-1954.1699999999983,-6.535630972985169,-877361.12,917657.4600000001,7264271.779999999,3053584.42,-1098377.4,-5.270403000000001,2029.6599999999999,501,,
2026-05-26T09:42:03 ET,2026-05-26T09:40:00 ET,2026-05-26,Tue,0942ET,2026-05-28,29900.25,725.905,29652.6,NEAR_FLIP,NEUTRAL,29.81,0.523,12.52,15.24,15.6,18.98,27946.08,678.0,-1954.1699999999983,-6.535630972985169,-595044.84,605576.6,7146241.5,1005952.41,-985766.23,-4.53287,1851.9299999999998,345,,
2026-05-26T09:42:03 ET,2026-05-26T09:40:00 ET,2026-05-26,Tue,0942ET,2026-05-26,29900.25,725.905,29652.6,NEAR_FLIP,NEUTRAL,29.81,0.523,12.52,15.24,15.6,18.98,27968.22,679.0,-1932.0299999999988,-6.461584769358112,-2424712.3299999996,2532373.31,11417955.540000001,16561335.979999999,-5617794.3,-34.373751,4828.450000000001,1082,,
2026-05-26T09:42:03 ET,2026-05-26T09:40:00 ET,2026-05-26,Tue,0942ET,2026-05-27,29900.25,725.905,29652.6,NEAR_FLIP,NEUTRAL,29.81,0.523,12.52,15.24,15.6,18.98,27987.3,679.0,-1912.9500000000007,-6.3977725938746355,-396426.79000000004,434181.73,3267222.1,1413438.1,-159462.87,-0.7885929999999997,943.91,230,,
2026-05-26T09:42:03 ET,2026-05-26T09:40:00 ET,2026-05-26,Tue,0942ET,2026-05-28,29900.25,725.905,29652.6,NEAR_FLIP,NEUTRAL,29.81,0.523,12.52,15.24,15.6,18.98,27987.3,679.0,-1912.9500000000007,-6.3977725938746355,-376095.46,510545.04,4485621.43,829599.94,1679595.78,7.994327000000001,1538.18,281,,
2026-05-26T09:42:03 ET,2026-05-26T09:40:00 ET,2026-05-26,Tue,0942ET,2026-05-26,29900.25,725.905,29652.6,NEAR_FLIP,NEUTRAL,29.81,0.523,12.52,15.24,15.6,18.98,28009.41,680.0,-1890.8400000000001,-6.323826723856825,-7809870.91,8527909.91,36826950.63,54567383.25,-13084431.069999998,-81.87329400000002,15888.13,3563,,
2026-05-26T09:42:03 ET,2026-05-26T09:40:00 ET,2026-05-26,Tue,0942ET,2026-05-27,29900.25,725.905,29652.6,NEAR_FLIP,NEUTRAL,29.81,0.523,12.52,15.24,15.6,18.98,28028.52,680.0,-1871.7299999999996,-6.259914214764089,-1536533.3200000003,2985431.66,12600229.71,9503490.32,20983381.490000002,107.050782,6379.11,1533,,
2026-05-26T09:42:03 ET,2026-05-26T09:40:00 ET,2026-05-26,Tue,0942ET,2026-05-28,29900.25,725.905,29652.6,NEAR_FLIP,NEUTRAL,29.81,0.523,12.52,15.24,15.6,18.98,28028.52,680.0,-1871.7299999999996,-6.259914214764089,-11857497.219999999,12147393.16,140380693.71,19299136.700000003,-18081438.13,-89.166923,36055.530000000006,6453,,
2026-05-26T09:42:03 ET,2026-05-26T09:40:00 ET,2026-05-26,Tue,0942ET,2026-05-26,29900.25,725.905,29652.6,NEAR_FLIP,NEUTRAL,29.81,0.523,12.52,15.24,15.6,18.98,28050.6,681.0,-1849.6500000000015,-6.186068678355537,-1567564.45,1601854.93,7399565.82,10023612.940000001,-3890715.64,-24.913547,2915.6,654,,
2026-05-26T09:42:03 ET,2026-05-26T09:40:00 ET,2026-05-26,Tue,0942ET,2026-05-27,29900.25,725.905,29652.6,NEAR_FLIP,NEUTRAL,29.81,0.523,12.52,15.24,15.6,18.98,28069.74,681.0,-1830.5099999999984,-6.122055835653542,-1061818.79,1150303.69,8659981.469999999,3578862.44,-685816.8599999999,-3.6130509999999987,2415.67,572,,
2026-05-26T09:42:03 ET,2026-05-26T09:40:00 ET,2026-05-26,Tue,0942ET,2026-05-28,29900.25,725.905,29652.6,NEAR_FLIP,NEUTRAL,29.81,0.523,12.52,15.24,15.6,18.98,28069.74,681.0,-1830.5099999999984,-6.122055835653542,-681332.38,700854.7999999999,8002880.49,1088147.21,-990027.29,-5.063259,2049.46,359,,
2026-05-26T09:42:03 ET,2026-05-26T09:40:00 ET,2026-05-26,Tue,0942ET,2026-05-26,29900.25,725.905,29652.6,NEAR_FLIP,NEUTRAL,29.81,0.523,12.52,15.24,15.6,18.98,28091.79,682.0,-1808.4599999999991,-6.048310632854237,-9571518.42,9797261.78,45214431.67,59923175.730000004,-23015584.25,-150.92289,17418.289999999997,3906,,
2026-05-26T09:42:03 ET,2026-05-26T09:40:00 ET,2026-05-26,Tue,0942ET,2026-05-27,29900.25,725.905,29652.6,NEAR_FLIP,NEUTRAL,29.81,0.523,12.52,15.24,15.6,18.98,28110.96,682.0,-1789.2900000000009,-5.984197456543009,-3070351.77,3136872.5900000003,24893372.57,9533708.68,-4980118.75,-27.12044,6474.01,1509,,
2026-05-26T09:42:03 ET,2026-05-26T09:40:00 ET,2026-05-26,Tue,0942ET,2026-05-28,29900.25,725.905,29652.6,NEAR_FLIP,NEUTRAL,29.81,0.523,12.52,15.24,15.6,18.98,28110.96,682.0,-1789.2900000000009,-5.984197456543009,-563392.08,579604.7999999999,6562106.61,878964.26,-818465.69,-4.34526,1669.83,286,,
2026-05-26T09:42:03 ET,2026-05-26T09:40:00 ET,2026-05-26,Tue,0942ET,2026-05-26,29900.25,725.905,29652.6,NEAR_FLIP,NEUTRAL,29.81,0.523,12.52,15.24,15.6,18.98,28132.98,683.0,-1767.2700000000004,-5.910552587352949,-6480335.79,6588298.55,30623603.240000002,39365962.91,-15741118.940000001,-105.784223,11439.14,2563,,
2026-05-26T09:42:03 ET,2026-05-26T09:40:00 ET,2026-05-26,Tue,0942ET,2026-05-27,29900.25,725.905,29652.6,NEAR_FLIP,NEUTRAL,29.81,0.523,12.52,15.24,15.6,18.98,28152.18,683.0,-1748.0699999999997,-5.846339077432463,-800184.88,847507.64,6446188.01,2514819.0300000003,-839845.8500000001,-4.732562000000001,1718.9,394,,
2026-05-26T09:42:03 ET,2026-05-26T09:40:00 ET,2026-05-26,Tue,0942ET,2026-05-28,29900.25,725.905,29652.6,NEAR_FLIP,NEUTRAL,29.81,0.523,12.52,15.24,15.6,18.98,28152.18,683.0,-1748.0699999999997,-5.846339077432463,-501182.66000000003,534875.62,5785415.8100000005,791837.36,-433896.39,-2.3936159999999997,1518.22,254,,
2026-05-26T09:42:03 ET,2026-05-26T09:40:00 ET,2026-05-26,Tue,0942ET,2026-05-26,29900.25,725.905,29652.6,NEAR_FLIP,NEUTRAL,29.81,0.523,12.52,15.24,15.6,18.98,28174.17,684.0,-1726.0800000000017,-5.772794541851662,-2792000.2399999998,2923822.72,13193919.040000001,17057445.81,-5670773.64,-39.086109,4956.92,1109,,
2026-05-26T09:42:03 ET,2026-05-26T09:40:00 ET,2026-05-26,Tue,0942ET,2026-05-27,29900.25,725.905,29652.6,NEAR_FLIP,NEUTRAL,29.81,0.523,12.52,15.24,15.6,18.98,28193.4,684.0,-1706.8499999999985,-5.708480698321916,-953647.64,984841.7200000001,7629459.72,2851557.47,-1371502.64,-8.005531999999999,1962.85,442,,
2026-05-26T09:42:03 ET,2026-05-26T09:40:00 ET,2026-05-26,Tue,0942ET,2026-05-28,29900.25,725.905,29652.6,NEAR_FLIP,NEUTRAL,29.81,0.523,12.52,15.24,15.6,18.98,28193.4,684.0,-1706.8499999999985,-5.708480698321916,-1154258.81,1167400.27,13197635.99,1686164.53,-1977663.73,-11.347349999999999,3264.7400000000002,533,,
2026-05-26T09:42:03 ET,2026-05-26T09:40:00 ET,2026-05-26,Tue,0942ET,2026-05-26,29900.25,725.905,29652.6,NEAR_FLIP,NEUTRAL,29.81,0.523,12.52,15.24,15.6,18.98,28215.36,685.0,-1684.8899999999994,-5.635036496350363,-21320192.59,22061717.45,100710605.3,125592606.85000001,-45237211.27,-320.060153,36514.340000000004,8152,,
2026-05-26T09:42:03 ET,2026-05-26T09:40:00 ET,2026-05-26,Tue,0942ET,2026-05-27,29900.25,725.905,29652.6,NEAR_FLIP,NEUTRAL,29.81,0.523,12.52,15.24,15.6,18.98,28234.61,685.0,-1665.6399999999994,-5.5706557637477925,-1090555.34,1871503.86,8659848.92,5284470.34,8732007.799999999,52.85294699999999,3665.26,810,,
2026-05-26T09:42:03 ET,2026-05-26T09:40:00 ET,2026-05-26,Tue,0942ET,2026-05-28,29900.25,725.905,29652.6,NEAR_FLIP,NEUTRAL,29.81,0.523,12.52,15.24,15.6,18.98,28234.61,685.0,-1665.6399999999994,-5.5706557637477925,-1675992.71,1799126.87,18969449.15,2533843.67,-1397955.9500000002,-8.350792,4957.34,789,,
2026-05-26T09:42:03 ET,2026-05-26T09:40:00 ET,2026-05-26,Tue,0942ET,2026-05-26,29900.25,725.905,29652.6,NEAR_FLIP,NEUTRAL,29.81,0.523,12.52,15.24,15.6,18.98,28256.55,686.0,-1643.7000000000007,-5.497278450849075,-2886076.83,2919441.8899999997,13621721.98,16207668.43,-6699133.07,-48.695606,4716.37,1050,,
2026-05-26T09:42:03 ET,2026-05-26T09:40:00 ET,2026-05-26,Tue,0942ET,2026-05-27,29900.25,725.905,29652.6,NEAR_FLIP,NEUTRAL,29.81,0.523,12.52,15.24,15.6,18.98,28275.83,686.0,-1624.4199999999983,-5.432797384637246,-815488.6799999999,1036150.3200000001,6423729.81,2851399.92,1407295.0899999999,8.84247,1993.9399999999998,432,,
2026-05-26T09:42:03 ET,2026-05-26T09:40:00 ET,2026-05-26,Tue,0942ET,2026-05-28,29900.25,725.905,29652.6,NEAR_FLIP,NEUTRAL,29.81,0.523,12.52,15.24,15.6,18.98,28275.83,686.0,-1624.4199999999983,-5.432797384637246,-432478.11,441983.13,4842364.61,606581.9,-673344.62,-4.191597,1199.95,186,,
2026-05-26T09:42:03 ET,2026-05-26T09:40:00 ET,2026-05-26,Tue,0942ET,2026-05-26,29900.25,725.905,29652.6,NEAR_FLIP,NEUTRAL,29.81,0.523,12.52,15.24,15.6,18.98,28297.74,687.0,-1602.5099999999984,-5.359520405347776,-3565428.21,3679796.3899999997,16806503.8,19909547.23,-7335365.09,-54.831182000000005,5801.45,1287,,
2026-05-26T09:42:03 ET,2026-05-26T09:40:00 ET,2026-05-26,Tue,0942ET,2026-05-27,29900.25,725.905,29652.6,NEAR_FLIP,NEUTRAL,29.81,0.523,12.52,15.24,15.6,18.98,28317.05,687.0,-1583.2000000000007,-5.294939005526713,-815075.78,835016.48,6365160.67,2238054.87,-1246781.85,-8.141231000000001,1578.86,335,,
2026-05-26T09:42:03 ET,2026-05-26T09:40:00 ET,2026-05-26,Tue,0942ET,2026-05-28,29900.25,725.905,29652.6,NEAR_FLIP,NEUTRAL,29.81,0.523,12.52,15.24,15.6,18.98,28317.05,687.0,-1583.2000000000007,-5.294939005526713,-508119.63,572564.07,5624397.91,765221.8500000001,-109721.73999999999,-0.7124500000000005,1531.68,231,,
2026-05-26T09:42:03 ET,2026-05-26T09:40:00 ET,2026-05-26,Tue,0942ET,2026-05-26,29900.25,725.905,29652.6,NEAR_FLIP,NEUTRAL,29.81,0.523,12.52,15.24,15.6,18.98,28338.93,688.0,-1561.3199999999997,-5.221762359846489,-8390671.6,8573141.479999999,39481313.06,45175309.730000004,-17755685.880000003,-136.614751,13187.99,2913,,
2026-05-26T09:42:03 ET,2026-05-26T09:40:00 ET,2026-05-26,Tue,0942ET,2026-05-27,29900.25,725.905,29652.6,NEAR_FLIP,NEUTRAL,29.81,0.523,12.52,15.24,15.6,18.98,28358.27,688.0,-1541.9799999999996,-5.157080626416166,-1306998.34,1343303.84,10112255.39,3504216.6999999997,-1936842.5000000002,-13.157949000000002,2495.54,518,,
2026-05-26T09:42:03 ET,2026-05-26T09:40:00 ET,2026-05-26,Tue,0942ET,2026-05-28,29900.25,725.905,29652.6,NEAR_FLIP,NEUTRAL,29.81,0.523,12.52,15.24,15.6,18.98,28358.27,688.0,-1541.9799999999996,-5.157080626416166,-864337.74,885040.44,9451482.25,1151077.3499999999,-1326397.37,-8.992078,2332.96,342,,
2026-05-26T09:42:03 ET,2026-05-26T09:40:00 ET,2026-05-26,Tue,0942ET,2026-05-26,29900.25,725.905,29652.6,NEAR_FLIP,NEUTRAL,29.81,0.523,12.52,15.24,15.6,18.98,28380.12,689.0,-1520.130000000001,-5.084004314345201,-12087360.61,12123750.05,56745057.08,62174588.07,-27215005.740000002,-215.756183,18193.71,3998,,
2026-05-26T09:42:03 ET,2026-05-26T09:40:00 ET,2026-05-26,Tue,0942ET,2026-05-27,29900.25,725.905,29652.6,NEAR_FLIP,NEUTRAL,29.81,0.523,12.52,15.24,15.6,18.98,28399.49,689.0,-1500.7599999999984,-5.01922224730562,-1936622.49,2179713.17,14834813.8,5530208.590000001,-659187.1199999996,-4.664272,3978.5099999999998,807,,
2026-05-26T09:42:03 ET,2026-05-26T09:40:00 ET,2026-05-26,Tue,0942ET,2026-05-28,29900.25,725.905,29652.6,NEAR_FLIP,NEUTRAL,29.81,0.523,12.52,15.24,15.6,18.98,28399.49,689.0,-1500.7599999999984,-5.01922224730562,-4805597.13,4816414.45,51873114.04000001,6091517.899999999,-8598413.3,-60.915473999999996,12510.81,1781,,
2026-05-26T09:42:03 ET,2026-05-26T09:40:00 ET,2026-05-26,Tue,0942ET,2026-05-26,29900.25,725.905,29652.6,NEAR_FLIP,NEUTRAL,29.81,0.523,12.52,15.24,15.6,18.98,28421.31,690.0,-1478.9399999999987,-4.946246268843901,-32251615.790000003,32720798.45,150975260.71,163188354.26999998,-67501255.55999999,-551.979792,47893.280000000006,10461,,
2026-05-26T09:42:03 ET,2026-05-26T09:40:00 ET,2026-05-26,Tue,0942ET,2026-05-27,29900.25,725.905,29652.6,NEAR_FLIP,NEUTRAL,29.81,0.523,12.52,15.24,15.6,18.98,28440.71,690.0,-1459.5400000000009,-4.881363868195085,-13915914.92,14760839.94,105462270.17,36395321.59,-15409537.4,-113.69356900000001,26469.6,5241,,
2026-05-26T09:42:03 ET,2026-05-26T09:40:00 ET,2026-05-26,Tue,0942ET,2026-05-28,29900.25,725.905,29652.6,NEAR_FLIP,NEUTRAL,29.81,0.523,12.52,15.24,15.6,18.98,28440.71,690.0,-1459.5400000000009,-4.881363868195085,-2240251.63,2630598.51,23851928.07,3232815.04,256748.41999999993,1.9025179999999935,6733.6900000000005,930,,
2026-05-26T09:42:03 ET,2026-05-26T09:40:00 ET,2026-05-26,Tue,0942ET,2026-05-26,29900.25,725.905,29652.6,NEAR_FLIP,NEUTRAL,29.81,0.523,12.52,15.24,15.6,18.98,28462.5,691.0,-1437.75,-4.808488223342614,-2532252.39,2719587.39,11812917.209999999,13179957.53,-3822182.95,-32.274761,3881.87,842,,
2026-05-26T09:42:03 ET,2026-05-26T09:40:00 ET,2026-05-26,Tue,0942ET,2026-05-27,29900.25,725.905,29652.6,NEAR_FLIP,NEUTRAL,29.81,0.523,12.52,15.24,15.6,18.98,28481.92,691.0,-1418.3300000000017,-4.743538933620963,-1567062.38,1866950.5,11740428.52,4469998.26,407882.81000000006,3.1415490000000013,3289.0699999999997,635,,
2026-05-26T09:42:03 ET,2026-05-26T09:40:00 ET,2026-05-26,Tue,0942ET,2026-05-28,29900.25,725.905,29652.6,NEAR_FLIP,NEUTRAL,29.81,0.523,12.52,15.24,15.6,18.98,28481.92,691.0,-1418.3300000000017,-4.743538933620963,-512279.58999999997,713638.0499999999,5375244.5,851478.8200000001,1184768.28,9.190597,1800.25,241,,
2026-05-26T09:42:03 ET,2026-05-26T09:40:00 ET,2026-05-26,Tue,0942ET,2026-05-26,29900.25,725.905,29652.6,NEAR_FLIP,NEUTRAL,29.81,0.523,12.52,15.24,15.6,18.98,28503.69,692.0,-1396.5600000000013,-4.670730177841327,-8658441.139999999,8758615.94,40225757.23,41212490.3,-17577170.2,-153.44289600000002,12189.33,2623,,
2026-05-26T09:42:03 ET,2026-05-26T09:40:00 ET,2026-05-26,Tue,0942ET,2026-05-27,29900.25,725.905,29652.6,NEAR_FLIP,NEUTRAL,29.81,0.523,12.52,15.24,15.6,18.98,28523.14,692.0,-1377.1100000000006,-4.605680554510416,-1155313.46,1413415.4,8549725.47,3283305.85,578683.19,4.65803,2446.25,460,,
2026-05-26T09:42:03 ET,2026-05-26T09:40:00 ET,2026-05-26,Tue,0942ET,2026-05-28,29900.25,725.905,29652.6,NEAR_FLIP,NEUTRAL,29.81,0.523,12.52,15.24,15.6,18.98,28523.14,692.0,-1377.1100000000006,-4.605680554510416,-940064.02,1368212.0,9712335.17,1583589.62,2559381.6899999995,20.80172,3401.64,441,,
2026-05-26T09:42:03 ET,2026-05-26T09:40:00 ET,2026-05-26,Tue,0942ET,2026-05-26,29900.25,725.905,29652.6,NEAR_FLIP,NEUTRAL,29.81,0.523,12.52,15.24,15.6,18.98,28544.88,693.0,-1355.369999999999,-4.532972132340028,-3884886.9,4126828.2600000002,17961981.7,18836807.1,-6061127.77,-54.767906999999994,5598.71,1194,,
2026-05-26T09:42:03 ET,2026-05-26T09:40:00 ET,2026-05-26,Tue,0942ET,2026-05-27,29900.25,725.905,29652.6,NEAR_FLIP,NEUTRAL,29.81,0.523,12.52,15.24,15.6,18.98,28564.36,693.0,-1335.8899999999994,-4.46782217539987,-1710271.8699999999,2025321.95,12490817.32,4560439.76,50397.9299999997,0.4244400000000006,3443.5699999999997,630,,
2026-05-26T09:42:03 ET,2026-05-26T09:40:00 ET,2026-05-26,Tue,0942ET,2026-05-28,29900.25,725.905,29652.6,NEAR_FLIP,NEUTRAL,29.81,0.523,12.52,15.24,15.6,18.98,28564.36,693.0,-1335.8899999999994,-4.46782217539987,-426176.2399999999,2000751.08,4331287.53,2244277.05,13992504.97,119.251211,4902.66,615,,
2026-05-26T09:42:03 ET,2026-05-26T09:40:00 ET,2026-05-26,Tue,0942ET,2026-05-26,29900.25,725.905,29652.6,NEAR_FLIP,NEUTRAL,29.81,0.523,12.52,15.24,15.6,18.98,28586.07,694.0,-1314.1800000000003,-4.39521408683874,-3499716.33,3857926.8099999996,16091387.299999999,17066088.95,-4237131.1,-39.679923,5101.22,1077,,
2026-05-26T09:42:03 ET,2026-05-26T09:40:00 ET,2026-05-26,Tue,0942ET,2026-05-27,29900.25,725.905,29652.6,NEAR_FLIP,NEUTRAL,29.81,0.523,12.52,15.24,15.6,18.98,28605.58,694.0,-1294.6699999999983,-4.329963796289323,-3182082.07,3310038.81,22914125.419999998,7217655.15,-4298986.37,-37.92233,5528.71,983,,
2026-05-26T09:42:03 ET,2026-05-26T09:40:00 ET,2026-05-26,Tue,0942ET,2026-05-28,29900.25,725.905,29652.6,NEAR_FLIP,NEUTRAL,29.81,0.523,12.52,15.24,15.6,18.98,28605.58,694.0,-1294.6699999999983,-4.329963796289323,-477948.3,1399705.72,4773429.329999999,1520161.74,7309298.950000001,65.369926,3380.69,410,,
2026-05-26T09:42:03 ET,2026-05-26T09:40:00 ET,2026-05-26,Tue,0942ET,2026-05-26,29900.25,725.905,29652.6,NEAR_FLIP,NEUTRAL,29.81,0.523,12.52,15.24,15.6,18.98,28627.26,695.0,-1272.9900000000016,-4.257456041337453,-10706093.08,12691181.180000002,48912957.03,54354686.839999996,-5941788.18,-57.745259000000004,16352.77,3414,,
2026-05-26T09:42:03 ET,2026-05-26T09:40:00 ET,2026-05-26,Tue,0942ET,2026-05-27,29900.25,725.905,29652.6,NEAR_FLIP,NEUTRAL,29.81,0.523,12.52,15.24,15.6,18.98,28646.8,695.0,-1253.4500000000007,-4.192105417178789,-16453933.030000001,17958090.85,116705782.72,37881355.68,-15099577.909999998,-139.66834899999998,29465.87,5086,,
2026-05-26T09:42:03 ET,2026-05-26T09:40:00 ET,2026-05-26,Tue,0942ET,2026-05-28,29900.25,725.905,29652.6,NEAR_FLIP,NEUTRAL,29.81,0.523,12.52,15.24,15.6,18.98,28646.8,695.0,-1253.4500000000007,-4.192105417178789,-7256217.199999999,8367594.34,71139900.9,8789639.530000001,-3562812.49,-33.461247000000014,19921.75,2334,,
2026-05-26T09:42:03 ET,2026-05-26T09:40:00 ET,2026-05-26,Tue,0942ET,2026-05-26,29900.25,725.905,29652.6,NEAR_FLIP,NEUTRAL,29.81,0.523,12.52,15.24,15.6,18.98,28668.45,696.0,-1231.7999999999993,-4.1196979958361535,-6022563.600000001,7536896.46,27316524.5,31219063.95,-493166.88999999873,-4.980694,9461.779999999999,1951,,
2026-05-26T09:42:03 ET,2026-05-26T09:40:00 ET,2026-05-26,Tue,0942ET,2026-05-27,29900.25,725.905,29652.6,NEAR_FLIP,NEUTRAL,29.81,0.523,12.52,15.24,15.6,18.98,28688.02,696.0,-1212.2299999999996,-4.054247038068242,-1701257.9900000002,2353592.21,11872905.93,4797562.96,2409874.9399999995,23.39922,3793.62,635,,
2026-05-26T09:42:03 ET,2026-05-26T09:40:00 ET,2026-05-26,Tue,0942ET,2026-05-28,29900.25,725.905,29652.6,NEAR_FLIP,NEUTRAL,29.81,0.523,12.52,15.24,15.6,18.98,28688.02,696.0,-1212.2299999999996,-4.054247038068242,-851421.6199999999,1160344.52,8184671.890000001,1177584.15,925307.23,9.132119,2723.34,308,,
2026-05-26T09:42:03 ET,2026-05-26T09:40:00 ET,2026-05-26,Tue,0942ET,2026-05-26,29900.25,725.905,29652.6,NEAR_FLIP,NEUTRAL,29.81,0.523,12.52,15.24,15.6,18.98,28709.64,697.0,-1190.6100000000006,-3.981939950334865,-7634410.350000001,8205282.53,34344559.830000006,32833667.930000003,-10539204.59,-110.769197,10034.3,2041,,
2026-05-26T09:42:03 ET,2026-05-26T09:40:00 ET,2026-05-26,Tue,0942ET,2026-05-27,29900.25,725.905,29652.6,NEAR_FLIP,NEUTRAL,29.81,0.523,12.52,15.24,15.6,18.98,28729.23,697.0,-1171.0200000000004,-3.9164221034941193,-584225.4299999999,2321322.37,4007105.1099999994,4567069.15,12284655.969999999,125.343432,3675.51,596,,
2026-05-26T09:42:03 ET,2026-05-26T09:40:00 ET,2026-05-26,Tue,0942ET,2026-05-28,29900.25,725.905,29652.6,NEAR_FLIP,NEUTRAL,29.81,0.523,12.52,15.24,15.6,18.98,28729.23,697.0,-1171.0200000000004,-3.9164221034941193,-970517.5899999999,1540944.25,9136488.97,1509071.54,2505991.41,26.005564000000003,3565.52,389,,
2026-05-26T09:42:03 ET,2026-05-26T09:40:00 ET,2026-05-26,Tue,0942ET,2026-05-26,29900.25,725.905,29652.6,NEAR_FLIP,NEUTRAL,29.81,0.523,12.52,15.24,15.6,18.98,28750.83,698.0,-1149.4199999999983,-3.8441819048335657,-11308588.78,12180091.74,50405912.04,47026916.5,-15270378.849999998,-167.26919800000002,14507.11,2907,,
2026-05-26T09:42:03 ET,2026-05-26T09:40:00 ET,2026-05-26,Tue,0942ET,2026-05-27,29900.25,725.905,29652.6,NEAR_FLIP,NEUTRAL,29.81,0.523,12.52,15.24,15.6,18.98,28770.45,698.0,-1129.7999999999993,-3.778563724383573,-1937874.8399999999,2478677.12,13046704.64,4700958.62,658144.2900000005,7.063746000000002,3855.3199999999997,605,,
2026-05-26T09:42:03 ET,2026-05-26T09:40:00 ET,2026-05-26,Tue,0942ET,2026-05-28,29900.25,725.905,29652.6,NEAR_FLIP,NEUTRAL,29.81,0.523,12.52,15.24,15.6,18.98,28770.45,698.0,-1129.7999999999993,-3.778563724383573,-533439.62,983529.2999999999,4911432.8,928269.2899999999,2184359.19,23.847823,2243.7799999999997,236,,
2026-05-26T09:42:03 ET,2026-05-26T09:40:00 ET,2026-05-26,Tue,0942ET,2026-05-26,29900.25,725.905,29652.6,NEAR_FLIP,NEUTRAL,29.81,0.523,12.52,15.24,15.6,18.98,28792.02,699.0,-1108.2299999999996,-3.7064238593322787,-7596616.65,7955236.43,33511749.060000002,29597309.65,-11630413.39,-132.976893,9226.66,1819,,
2026-05-26T09:42:03 ET,2026-05-26T09:40:00 ET,2026-05-26,Tue,0942ET,2026-05-27,29900.25,725.905,29652.6,NEAR_FLIP,NEUTRAL,29.81,0.523,12.52,15.24,15.6,18.98,28811.67,699.0,-1088.5800000000017,-3.640705345273039,-1406318.57,2010259.05,9281178.13,3670231.79,1747589.7499999995,19.749449000000002,3071.5099999999998,466,,
2026-05-26T09:42:03 ET,2026-05-26T09:40:00 ET,2026-05-26,Tue,0942ET,2026-05-28,29900.25,725.905,29652.6,NEAR_FLIP,NEUTRAL,29.81,0.523,12.52,15.24,15.6,18.98,28811.67,699.0,-1088.5800000000017,-3.640705345273039,-1710740.64,2166938.1399999997,15382953.21,1968344.5399999998,-45767.02000000002,-0.5259220000000013,4874.509999999999,494,,
2026-05-26T09:42:03 ET,2026-05-26T09:40:00 ET,2026-05-26,Tue,0942ET,2026-05-26,29900.25,725.905,29652.6,NEAR_FLIP,NEUTRAL,29.81,0.523,12.52,15.24,15.6,18.98,28833.22,700.0,-1067.0299999999988,-3.5686323692945674,-32114285.71,45227009.43,140038892.48999998,161916275.45000002,22672690.700000003,271.00509999999997,51071.090000000004,9892,,
2026-05-26T09:42:03 ET,2026-05-26T09:40:00 ET,2026-05-26,Tue,0942ET,2026-05-27,29900.25,725.905,29652.6,NEAR_FLIP,NEUTRAL,29.81,0.523,12.52,15.24,15.6,18.98,28852.89,700.0,-1047.3600000000006,-3.502846966162492,-11584363.94,14412258.12,74835670.32000001,25293756.16,-1198320.6500000022,-14.272340999999983,21631.79,3170,,
2026-05-26T09:42:03 ET,2026-05-26T09:40:00 ET,2026-05-26,Tue,0942ET,2026-05-28,29900.25,725.905,29652.6,NEAR_FLIP,NEUTRAL,29.81,0.523,12.52,15.24,15.6,18.98,28852.89,700.0,-1047.3600000000006,-3.502846966162492,-4775920.58,7260877.32,41877821.24,6338246.6,6710592.809999999,81.19828000000001,16106.61,1572,,
2026-05-26T09:42:03 ET,2026-05-26T09:40:00 ET,2026-05-26,Tue,0942ET,2026-05-26,29900.25,725.905,29652.6,NEAR_FLIP,NEUTRAL,29.81,0.523,12.52,15.24,15.6,18.98,28874.41,701.0,-1025.8400000000001,-3.43087432379328,-5323620.609999999,6980070.91,22916694.880000003,24009787.76,230315.88999999873,2.882616000000013,7672.73,1458,,
2026-05-26T09:42:03 ET,2026-05-26T09:40:00 ET,2026-05-26,Tue,0942ET,2026-05-27,29900.25,725.905,29652.6,NEAR_FLIP,NEUTRAL,29.81,0.523,12.52,15.24,15.6,18.98,28894.11,701.0,-1006.1399999999994,-3.364988587051946,-762529.94,2431463.4,4814276.33,4095456.35,8630510.01,108.42904300000001,3585.04,507,,
2026-05-26T09:42:03 ET,2026-05-26T09:40:00 ET,2026-05-26,Tue,0942ET,2026-05-28,29900.25,725.905,29652.6,NEAR_FLIP,NEUTRAL,29.81,0.523,12.52,15.24,15.6,18.98,28894.11,701.0,-1006.1399999999994,-3.364988587051946,-1542229.03,2310911.01,13165396.53,1935502.91,1649412.1400000006,21.021717000000002,5055.57,475,,
2026-05-26T09:42:03 ET,2026-05-26T09:40:00 ET,2026-05-26,Tue,0942ET,2026-05-26,29900.25,725.905,29652.6,NEAR_FLIP,NEUTRAL,29.81,0.523,12.52,15.24,15.6,18.98,28915.6,702.0,-984.6500000000015,-3.2931162782919925,-16233265.93,18944668.21,68882904.26,62508610.31,-13244683.900000002,-173.861104,20268.36,3773,,
2026-05-26T09:42:03 ET,2026-05-26T09:40:00 ET,2026-05-26,Tue,0942ET,2026-05-27,29900.25,725.905,29652.6,NEAR_FLIP,NEUTRAL,29.81,0.523,12.52,15.24,15.6,18.98,28935.33,702.0,-964.9199999999983,-3.227130207941399,1048017.7100000002,5219836.99,-6455685.829999998,8423649.72,36362307.1,482.27982099999997,7560.56,1031,,
2026-05-26T09:42:03 ET,2026-05-26T09:40:00 ET,2026-05-26,Tue,0942ET,2026-05-28,29900.25,725.905,29652.6,NEAR_FLIP,NEUTRAL,29.81,0.523,12.52,15.24,15.6,18.98,28935.33,702.0,-964.9199999999983,-3.227130207941399,-2788288.97,3905654.77,23131782.6,3133149.7,992145.4500000002,13.321821,8427.48,762,,
2026-05-26T09:42:03 ET,2026-05-26T09:40:00 ET,2026-05-26,Tue,0942ET,2026-05-26,29900.25,725.905,29652.6,NEAR_FLIP,NEUTRAL,29.81,0.523,12.52,15.24,15.6,18.98,28956.79,703.0,-943.4599999999991,-3.1553582327906926,-12728457.83,16062227.13,53155267.55,50747031.0,-4414602.5,-60.87944799999997,16722.79,3045,,
2026-05-26T09:42:03 ET,2026-05-26T09:40:00 ET,2026-05-26,Tue,0942ET,2026-05-27,29900.25,725.905,29652.6,NEAR_FLIP,NEUTRAL,29.81,0.523,12.52,15.24,15.6,18.98,28976.55,703.0,-923.7000000000007,-3.089271828830865,-4380653.5200000005,6381098.46,26278963.39,9847761.91,3150391.3599999994,44.143716999999995,9079.73,1193,,
2026-05-26T09:42:03 ET,2026-05-26T09:40:00 ET,2026-05-26,Tue,0942ET,2026-05-28,29900.25,725.905,29652.6,NEAR_FLIP,NEUTRAL,29.81,0.523,12.52,15.24,15.6,18.98,28976.55,703.0,-923.7000000000007,-3.089271828830865,-1830800.1099999999,2478870.9499999997,14731968.61,1901065.59,-51047.39999999991,-0.722211999999999,5276.19,459,,
2026-05-26T09:42:03 ET,2026-05-26T09:40:00 ET,2026-05-26,Tue,0942ET,2026-05-26,29900.25,725.905,29652.6,NEAR_FLIP,NEUTRAL,29.81,0.523,12.52,15.24,15.6,18.98,28997.98,704.0,-902.2700000000004,-3.017600187289405,-9369938.71,16042134.41,38442035.019999996,48437053.51,16772522.09,243.40153700000002,16250.579999999998,2890,,
2026-05-26T09:42:03 ET,2026-05-26T09:40:00 ET,2026-05-26,Tue,0942ET,2026-05-27,29900.25,725.905,29652.6,NEAR_FLIP,NEUTRAL,29.81,0.523,12.52,15.24,15.6,18.98,29017.76,704.0,-882.4900000000016,-2.9514468942567422,-6191645.51,7786206.27,36098729.09,11467850.080000002,-2460046.9700000007,-36.44053500000001,10884.14,1377,,
2026-05-26T09:42:03 ET,2026-05-26T09:40:00 ET,2026-05-26,Tue,0942ET,2026-05-28,29900.25,725.905,29652.6,NEAR_FLIP,NEUTRAL,29.81,0.523,12.52,15.24,15.6,18.98,29017.76,704.0,-882.4900000000016,-2.9514468942567422,-1434005.17,2173769.75,11168806.46,1590433.71,837036.3899999997,12.477969000000002,4564.4800000000005,382,,
2026-05-26T09:42:03 ET,2026-05-26T09:40:00 ET,2026-05-26,Tue,0942ET,2026-05-26,29900.25,725.905,29652.6,NEAR_FLIP,NEUTRAL,29.81,0.523,12.52,15.24,15.6,18.98,29039.17,705.0,-861.0800000000017,-2.8798421417881177,-51361279.18,68891285.16,206613472.54999998,198367453.26000002,-4713284.140000001,-72.09821499999998,67890.55,11774,,
2026-05-26T09:42:03 ET,2026-05-26T09:40:00 ET,2026-05-26,Tue,0942ET,2026-05-27,29900.25,725.905,29652.6,NEAR_FLIP,NEUTRAL,29.81,0.523,12.52,15.24,15.6,18.98,29058.98,705.0,-841.2700000000004,-2.813588515146196,-7236881.529999999,15323049.97,40915628.56,21490429.16,24081884.990000002,377.316638,21043.49,2562,,
2026-05-26T09:42:03 ET,2026-05-26T09:40:00 ET,2026-05-26,Tue,0942ET,2026-05-28,29900.25,725.905,29652.6,NEAR_FLIP,NEUTRAL,29.81,0.523,12.52,15.24,15.6,18.98,29058.98,705.0,-841.2700000000004,-2.813588515146196,23981.46999999974,8045782.87,-180372.6499999985,5603311.3,34390111.93,540.130581,16668.98,1342,,
2026-05-26T09:42:03 ET,2026-05-26T09:40:00 ET,2026-05-26,Tue,0942ET,2026-05-26,29900.25,725.905,29652.6,NEAR_FLIP,NEUTRAL,29.81,0.523,12.52,15.24,15.6,18.98,29080.36,706.0,-819.8899999999994,-2.7420840962868183,-16803979.419999998,24551108.16,66137903.63,67260054.32,5702034.339999996,92.09450200000003,23533.79,3974,,
2026-05-26T09:42:03 ET,2026-05-26T09:40:00 ET,2026-05-26,Tue,0942ET,2026-05-27,29900.25,725.905,29652.6,NEAR_FLIP,NEUTRAL,29.81,0.523,12.52,15.24,15.6,18.98,29100.2,706.0,-800.0499999999993,-2.6757301360356496,-4208724.880000001,6790920.0,23018525.91,9046976.23,3733286.3499999996,61.896997,9162.67,1073,,
2026-05-26T09:42:03 ET,2026-05-26T09:40:00 ET,2026-05-26,Tue,0942ET,2026-05-28,29900.25,725.905,29652.6,NEAR_FLIP,NEUTRAL,29.81,0.523,12.52,15.24,15.6,18.98,29100.2,706.0,-800.0499999999993,-2.6757301360356496,-5885733.510000001,7186657.45,42642190.04000001,4752175.95,-5498803.4,-90.970851,14692.12,1138,,
2026-05-26T09:42:03 ET,2026-05-26T09:40:00 ET,2026-05-26,Tue,0942ET,2026-05-26,29900.25,725.905,29652.6,NEAR_FLIP,NEUTRAL,29.81,0.523,12.52,15.24,15.6,18.98,29121.55,707.0,-778.7000000000007,-2.604326050785531,-13093665.309999999,18830311.09,50300390.03,48956284.27,1770404.2199999988,30.24103100000002,17554.73,2882,,
2026-05-26T09:42:03 ET,2026-05-26T09:40:00 ET,2026-05-26,Tue,0942ET,2026-05-27,29900.25,725.905,29652.6,NEAR_FLIP,NEUTRAL,29.81,0.523,12.52,15.24,15.6,18.98,29141.42,707.0,-758.8300000000017,-2.537871756925115,-10799188.56,14269399.28,56981134.82000001,18008281.61,-4498661.989999998,-78.95121799999998,18916.37,2130,,
2026-05-26T09:42:03 ET,2026-05-26T09:40:00 ET,2026-05-26,Tue,0942ET,2026-05-28,29900.25,725.905,29652.6,NEAR_FLIP,NEUTRAL,29.81,0.523,12.52,15.24,15.6,18.98,29141.42,707.0,-758.8300000000017,-2.537871756925115,-359082.05000000005,3710514.49,2499017.0299999993,2323198.63,11534076.33,200.92415,7486.26,558,,
2026-05-26T09:42:03 ET,2026-05-26T09:40:00 ET,2026-05-26,Tue,0942ET,2026-05-26,29900.25,725.905,29652.6,NEAR_FLIP,NEUTRAL,29.81,0.523,12.52,15.24,15.6,18.98,29162.74,708.0,-737.5099999999984,-2.4665680052842314,-8333165.0600000005,17109289.060000002,31161988.790000003,42093094.55,19039727.24,344.512399,15510.599999999999,2472,,
2026-05-26T09:42:03 ET,2026-05-26T09:40:00 ET,2026-05-26,Tue,0942ET,2026-05-27,29900.25,725.905,29652.6,NEAR_FLIP,NEUTRAL,29.81,0.523,12.52,15.24,15.6,18.98,29182.64,708.0,-717.6100000000006,-2.4000133778145685,-4035613.0900000003,11042969.39,20481138.340000004,13162159.010000002,17764489.13,330.06491600000004,14383.970000000001,1557,,
2026-05-26T09:42:03 ET,2026-05-26T09:40:00 ET,2026-05-26,Tue,0942ET,2026-05-28,29900.25,725.905,29652.6,NEAR_FLIP,NEUTRAL,29.81,0.523,12.52,15.24,15.6,18.98,29182.64,708.0,-717.6100000000006,-2.4000133778145685,-1238723.47,4681954.83,8255589.620000001,2767109.2,9260091.77,169.771887,9323.76,669,,
2026-05-26T09:42:03 ET,2026-05-26T09:40:00 ET,2026-05-26,Tue,0942ET,2026-05-26,29900.25,725.905,29652.6,NEAR_FLIP,NEUTRAL,29.81,0.523,12.52,15.24,15.6,18.98,29203.93,709.0,-696.3199999999997,-2.328809959782944,-9002576.46,14318942.98,32672027.98,33230582.2,3969157.6000000015,76.196553,12621.61,1950,,
2026-05-26T09:42:03 ET,2026-05-26T09:40:00 ET,2026-05-26,Tue,0942ET,2026-05-27,29900.25,725.905,29652.6,NEAR_FLIP,NEUTRAL,29.81,0.523,12.52,15.24,15.6,18.98,29223.86,709.0,-676.3899999999994,-2.2621549987040224,-4948355.49,14244355.63,24073893.320000004,15980255.89,21500418.060000002,422.93319,18231.42,1897,,
2026-05-26T09:42:03 ET,2026-05-26T09:40:00 ET,2026-05-26,Tue,0942ET,2026-05-28,29900.25,725.905,29652.6,NEAR_FLIP,NEUTRAL,29.81,0.523,12.52,15.24,15.6,18.98,29223.86,709.0,-676.3899999999994,-2.2621549987040224,-544698.2,3312353.88,3464460.8600000013,1841537.9,7505144.450000001,144.72136700000001,6511.71,450,,
2026-05-26T09:42:03 ET,2026-05-26T09:40:00 ET,2026-05-26,Tue,0942ET,2026-05-26,29900.25,725.905,29652.6,NEAR_FLIP,NEUTRAL,29.81,0.523,12.52,15.24,15.6,18.98,29245.12,710.0,-655.130000000001,-2.191051914281657,-80360333.55,106481342.95,282074437.96,232273378.87,-42586229.82000001,-868.629023,91250.65000000001,13648,,
2026-05-26T09:42:03 ET,2026-05-26T09:40:00 ET,2026-05-26,Tue,0942ET,2026-05-27,29900.25,725.905,29652.6,NEAR_FLIP,NEUTRAL,29.81,0.523,12.52,15.24,15.6,18.98,29265.07,710.0,-635.1800000000003,-2.1243300641298997,-19028787.400000002,37691942.3,88407566.15,39648416.33,22908616.879999995,477.0185,47406.590000000004,4742,,
2026-05-26T09:42:03 ET,2026-05-26T09:40:00 ET,2026-05-26,Tue,0942ET,2026-05-28,29900.25,725.905,29652.6,NEAR_FLIP,NEUTRAL,29.81,0.523,12.52,15.24,15.6,18.98,29265.07,710.0,-635.1800000000003,-2.1243300641298997,-6629528.290000001,14102252.13,40086103.17,7346518.72,8642521.040000003,175.142538,27372.03,1823,,
2026-05-26T09:42:03 ET,2026-05-26T09:40:00 ET,2026-05-26,Tue,0942ET,2026-05-26,29900.25,725.905,29652.6,NEAR_FLIP,NEUTRAL,29.81,0.523,12.52,15.24,15.6,18.98,29286.31,711.0,-613.9399999999987,-2.053293868780357,-14352017.850000001,27151793.17,48535891.92,55446167.900000006,14514675.670000002,314.98215099999993,22619.12,3271,,
2026-05-26T09:42:03 ET,2026-05-26T09:40:00 ET,2026-05-26,Tue,0942ET,2026-05-27,29900.25,725.905,29652.6,NEAR_FLIP,NEUTRAL,29.81,0.523,12.52,15.24,15.6,18.98,29306.29,711.0,-593.9599999999991,-1.9864716850193531,-3583111.58,8764324.58,15829332.07,8606809.31,7769362.950000001,171.192814,10833.07,1042,,
2026-05-26T09:42:03 ET,2026-05-26T09:40:00 ET,2026-05-26,Tue,0942ET,2026-05-28,29900.25,725.905,29652.6,NEAR_FLIP,NEUTRAL,29.81,0.523,12.52,15.24,15.6,18.98,29306.29,711.0,-593.9599999999991,-1.9864716850193531,3289409.8099999996,6538209.63,-18826420.349999998,3177398.9899999998,31500227.830000002,670.2333610000001,12531.57,805,,
2026-05-26T09:42:03 ET,2026-05-26T09:40:00 ET,2026-05-26,Tue,0942ET,2026-05-26,29900.25,725.905,29652.6,NEAR_FLIP,NEUTRAL,29.81,0.523,12.52,15.24,15.6,18.98,29327.5,712.0,-572.75,-1.9155358232790698,-27684424.93,36791725.37,89801502.08,70012102.82000001,-18348396.560000002,-424.1419159999999,29792.27,4161,,
2026-05-26T09:42:03 ET,2026-05-26T09:40:00 ET,2026-05-26,Tue,0942ET,2026-05-27,29900.25,725.905,29652.6,NEAR_FLIP,NEUTRAL,29.81,0.523,12.52,15.24,15.6,18.98,29347.51,712.0,-552.7400000000016,-1.8486133059088188,-622696.2899999996,6831867.77,2602946.9800000004,6232223.24,13863108.080000002,323.063748,8299.46,768,,
2026-05-26T09:42:03 ET,2026-05-26T09:40:00 ET,2026-05-26,Tue,0942ET,2026-05-28,29900.25,725.905,29652.6,NEAR_FLIP,NEUTRAL,29.81,0.523,12.52,15.24,15.6,18.98,29347.51,712.0,-552.7400000000016,-1.8486133059088188,-2555375.08,8756418.6,13774794.65,3949518.7199999997,9589859.290000001,213.99076,16575.7,1028,,
2026-05-26T09:42:03 ET,2026-05-26T09:40:00 ET,2026-05-26,Tue,0942ET,2026-05-26,29900.25,725.905,29652.6,NEAR_FLIP,NEUTRAL,29.81,0.523,12.52,15.24,15.6,18.98,29368.69,713.0,-531.5600000000013,-1.7777777777777823,-13661412.38,28180787.86,42287491.629999995,49708196.230000004,13463849.559999999,331.8616760000001,22179.38,2989,,
2026-05-26T09:42:03 ET,2026-05-26T09:40:00 ET,2026-05-26,Tue,0942ET,2026-05-27,29900.25,725.905,29652.6,NEAR_FLIP,NEUTRAL,29.81,0.523,12.52,15.24,15.6,18.98,29388.73,713.0,-511.52000000000044,-1.7107549267982722,1269132.0599999996,7530183.54,-4991320.0,6344248.8,21200244.85,522.1115589999999,8991.45,801,,
2026-05-26T09:42:03 ET,2026-05-26T09:40:00 ET,2026-05-26,Tue,0942ET,2026-05-28,29900.25,725.905,29652.6,NEAR_FLIP,NEUTRAL,29.81,0.523,12.52,15.24,15.6,18.98,29388.73,713.0,-511.52000000000044,-1.7107549267982722,321172.31000000006,3907596.43,-1621308.4699999988,1626158.33,9575776.54,223.79943400000002,7306.799999999999,438,,
2026-05-26T09:42:03 ET,2026-05-26T09:40:00 ET,2026-05-26,Tue,0942ET,2026-05-26,29900.25,725.905,29652.6,NEAR_FLIP,NEUTRAL,29.81,0.523,12.52,15.24,15.6,18.98,29409.88,714.0,-490.369999999999,-1.6400197322764827,-21399836.43,34257848.15,62833806.27,55669102.03,-4983746.6000000015,-131.08697800000004,26204.260000000002,3405,,
2026-05-26T09:42:03 ET,2026-05-26T09:40:00 ET,2026-05-26,Tue,0942ET,2026-05-27,29900.25,725.905,29652.6,NEAR_FLIP,NEUTRAL,29.81,0.523,12.52,15.24,15.6,18.98,29429.95,714.0,-470.2999999999993,-1.5728965476877261,-5151075.850000001,15929627.629999999,18934158.879999995,12311540.53,12107764.18,314.806671,18697.57,1605,,
2026-05-26T09:42:03 ET,2026-05-26T09:40:00 ET,2026-05-26,Tue,0942ET,2026-05-28,29900.25,725.905,29652.6,NEAR_FLIP,NEUTRAL,29.81,0.523,12.52,15.24,15.6,18.98,29429.95,714.0,-470.2999999999993,-1.5728965476877261,-727752.1599999997,4571776.359999999,3417570.049999999,1743241.6600000001,5885414.8,143.85182000000003,8446.02,490,,
2026-05-26T09:42:03 ET,2026-05-26T09:40:00 ET,2026-05-26,Tue,0942ET,2026-05-26,29900.25,725.905,29652.6,NEAR_FLIP,NEUTRAL,29.81,0.523,12.52,15.24,15.6,18.98,29451.07,715.0,-449.1800000000003,-1.502261686775195,-24770714.35,78007340.69,68504221.95,115936899.57,63139101.53999999,1773.120547,57988.59,7262,,
2026-05-26T09:42:03 ET,2026-05-26T09:40:00 ET,2026-05-26,Tue,0942ET,2026-05-27,29900.25,725.905,29652.6,NEAR_FLIP,NEUTRAL,29.81,0.523,12.52,15.24,15.6,18.98,29471.17,715.0,-429.08000000000175,-1.4350381685771918,-3055770.1099999994,25555447.27,10416027.950000003,17973472.65,33626379.94,921.865003,29489.18,2442,,
2026-05-26T09:42:03 ET,2026-05-26T09:40:00 ET,2026-05-26,Tue,0942ET,2026-05-28,29900.25,725.905,29652.6,NEAR_FLIP,NEUTRAL,29.81,0.523,12.52,15.24,15.6,18.98,29471.17,715.0,-429.08000000000175,-1.4350381685771918,1081266.4000000004,17952918.78,-4686667.360000007,6220665.0,34660292.480000004,884.4867670000001,32774.14,1843,,
2026-05-26T09:42:03 ET,2026-05-26T09:40:00 ET,2026-05-26,Tue,0942ET,2026-05-26,29900.25,725.905,29652.6,NEAR_FLIP,NEUTRAL,29.81,0.523,12.52,15.24,15.6,18.98,29492.26,716.0,-407.9900000000016,-1.3645036412739078,-1904144.3200000003,39092312.4,4918131.620000005,52680382.5,59143654.489999995,1773.6199589999999,28241.01,3408,,
2026-05-26T09:42:03 ET,2026-05-26T09:40:00 ET,2026-05-26,Tue,0942ET,2026-05-27,29900.25,725.905,29652.6,NEAR_FLIP,NEUTRAL,29.81,0.523,12.52,15.24,15.6,18.98,29512.38,716.0,-387.869999999999,-1.2972132340030567,4340795.03,13441040.43,-13592300.569999998,8519416.04,34852755.91,1005.911023,15249.670000000002,1220,,
2026-05-26T09:42:03 ET,2026-05-26T09:40:00 ET,2026-05-26,Tue,0942ET,2026-05-28,29900.25,725.905,29652.6,NEAR_FLIP,NEUTRAL,29.81,0.523,12.52,15.24,15.6,18.98,29512.38,716.0,-387.869999999999,-1.2972132340030567,466949.17999999993,4222844.74,-1850612.9799999995,1316405.44,8071502.68,214.642423,7619.27,416,,
2026-05-26T09:42:03 ET,2026-05-26T09:40:00 ET,2026-05-26,Tue,0942ET,2026-05-26,29900.25,725.905,29652.6,NEAR_FLIP,NEUTRAL,29.81,0.523,12.52,15.24,15.6,18.98,29533.45,717.0,-366.7999999999993,-1.2267455957726083,-18418640.79,51924891.589999996,43975331.51,62781409.20999999,21332952.989999995,683.0010239999997,36453.67,4240,,
2026-05-26T09:42:03 ET,2026-05-26T09:40:00 ET,2026-05-26,Tue,0942ET,2026-05-27,29900.25,725.905,29652.6,NEAR_FLIP,NEUTRAL,29.81,0.523,12.52,15.24,15.6,18.98,29553.6,717.0,-346.65000000000146,-1.1593548548925225,3091127.8100000005,12954951.41,-8789734.89,7312301.319999999,27040497.91,820.105589,14453.189999999999,1119,,
2026-05-26T09:42:03 ET,2026-05-26T09:40:00 ET,2026-05-26,Tue,0942ET,2026-05-28,29900.25,725.905,29652.6,NEAR_FLIP,NEUTRAL,29.81,0.523,12.52,15.24,15.6,18.98,29553.6,717.0,-346.65000000000146,-1.1593548548925225,907830.3800000001,5088072.600000001,-3252238.4000000004,1409454.93,9912659.95,274.123239,9075.26,482,,
2026-05-26T09:42:03 ET,2026-05-26T09:40:00 ET,2026-05-26,Tue,0942ET,2026-05-26,29900.25,725.905,29652.6,NEAR_FLIP,NEUTRAL,29.81,0.523,12.52,15.24,15.6,18.98,29574.64,718.0,-325.6100000000006,-1.0889875502713209,-4272483.390000001,62153527.45,9309646.64,66548304.23,66906991.51,2285.413396,42404.46,4757,,
2026-05-26T09:42:03 ET,2026-05-26T09:40:00 ET,2026-05-26,Tue,0942ET,2026-05-27,29900.25,725.905,29652.6,NEAR_FLIP,NEUTRAL,29.81,0.523,12.52,15.24,15.6,18.98,29594.82,718.0,-305.4300000000003,-1.021496475781976,-13316889.8,29607925.44,33894181.96,14659678.450000001,-5464709.170000002,-173.7851310000001,32485.730000000003,2439,,
2026-05-26T09:42:03 ET,2026-05-26T09:40:00 ET,2026-05-26,Tue,0942ET,2026-05-28,29900.25,725.905,29652.6,NEAR_FLIP,NEUTRAL,29.81,0.523,12.52,15.24,15.6,18.98,29594.82,718.0,-305.4300000000003,-1.021496475781976,635228.7800000003,7469414.3,-2027759.2000000011,1810068.49,10784615.14,309.425578,13172.83,682,,
2026-05-26T09:42:03 ET,2026-05-26T09:40:00 ET,2026-05-26,Tue,0942ET,2026-05-26,29900.25,725.905,29652.6,NEAR_FLIP,NEUTRAL,29.81,0.523,12.52,15.24,15.6,18.98,29615.83,719.0,-284.41999999999825,-0.9512295047700212,-7532244.66,51806806.58,14737038.469999999,48308452.230000004,36453039.93000001,1326.8491199999999,34349.880000000005,3721,,
2026-05-26T09:42:03 ET,2026-05-26T09:40:00 ET,2026-05-26,Tue,0942ET,2026-05-27,29900.25,725.905,29652.6,NEAR_FLIP,NEUTRAL,29.81,0.523,12.52,15.24,15.6,18.98,29636.04,719.0,-264.2099999999991,-0.8836380966714297,-6437300.379999999,27641031.419999998,14394659.339999996,11772171.91,8909574.900000002,296.34812599999987,29830.199999999997,2177,,
2026-05-26T09:42:03 ET,2026-05-26T09:40:00 ET,2026-05-26,Tue,0942ET,2026-05-28,29900.25,725.905,29652.6,NEAR_FLIP,NEUTRAL,29.81,0.523,12.52,15.24,15.6,18.98,29636.04,719.0,-264.2099999999991,-0.8836380966714297,3717752.63,10450511.969999999,-10381839.79,2170485.5100000002,22311665.119999997,662.503251,18226.74,922,,
2026-05-26T09:42:03 ET,2026-05-26T09:40:00 ET,2026-05-26,Tue,0942ET,2026-05-26,29900.25,725.905,29652.6,NEAR_FLIP,NEUTRAL,29.81,0.523,12.52,15.24,15.6,18.98,29657.02,720.0,-243.22999999999956,-0.8134714592687338,725638.0900000036,130274251.91,-1247776.950000003,103486894.49000001,119979674.64000002,4645.070527999999,83948.4,8797,,
2026-05-26T09:42:03 ET,2026-05-26T09:40:00 ET,2026-05-26,Tue,0942ET,2026-05-27,29900.25,725.905,29652.6,NEAR_FLIP,NEUTRAL,29.81,0.523,12.52,15.24,15.6,18.98,29677.26,720.0,-222.9900000000016,-0.7457797175608953,3429624.8200000003,52027011.24,-6571792.940000005,18560365.990000002,52256811.31,1812.7551199999998,55234.850000000006,3929,,
2026-05-26T09:42:03 ET,2026-05-26T09:40:00 ET,2026-05-26,Tue,0942ET,2026-05-28,29900.25,725.905,29652.6,NEAR_FLIP,NEUTRAL,29.81,0.523,12.52,15.24,15.6,18.98,29677.26,720.0,-222.9900000000016,-0.7457797175608953,2105706.26,16377715.299999999,-5019007.550000001,2834897.76,20245722.78,620.4516629999998,28255.23,1400,,
2026-05-26T09:42:03 ET,2026-05-26T09:40:00 ET,2026-05-26,Tue,0942ET,2026-05-26,29900.25,725.905,29652.6,NEAR_FLIP,NEUTRAL,29.81,0.523,12.52,15.24,15.6,18.98,29698.21,721.0,-202.04000000000087,-0.6757134137674463,46411439.089999996,75100432.92999999,-68105922.78,49297627.14,162852788.39,6689.141447,47037.64,4780,,
2026-05-26T09:42:03 ET,2026-05-26T09:40:00 ET,2026-05-26,Tue,0942ET,2026-05-27,29900.25,725.905,29652.6,NEAR_FLIP,NEUTRAL,29.81,0.523,12.52,15.24,15.6,18.98,29718.48,721.0,-181.77000000000044,-0.6079213384503489,3991907.6500000004,21391118.97,-6328088.860000001,6153733.27,24787866.51,893.8631280000001,22344.44,1554,,
2026-05-26T09:42:03 ET,2026-05-26T09:40:00 ET,2026-05-26,Tue,0942ET,2026-05-28,29900.25,725.905,29652.6,NEAR_FLIP,NEUTRAL,29.81,0.523,12.52,15.24,15.6,18.98,29718.48,721.0,-181.77000000000044,-0.6079213384503489,3731850.65,8571218.27,-7334431.319999999,1187455.4,17108252.49,539.532484,14630.54,712,,
2026-05-26T09:42:03 ET,2026-05-26T09:40:00 ET,2026-05-26,Tue,0942ET,2026-05-26,29900.25,725.905,29652.6,NEAR_FLIP,NEUTRAL,29.81,0.523,12.52,15.24,15.6,18.98,29739.4,722.0,-160.84999999999854,-0.5379553682661468,51982026.74,82051527.66,-62354431.36,42552854.39,161351168.22,7007.7789760000005,49955.62,4939,,
2026-05-26T09:42:03 ET,2026-05-26T09:40:00 ET,2026-05-26,Tue,0942ET,2026-05-27,29900.25,725.905,29652.6,NEAR_FLIP,NEUTRAL,29.81,0.523,12.52,15.24,15.6,18.98,29759.7,722.0,-140.54999999999927,-0.4700629593398024,5602987.1899999995,11220231.35,-6965403.870000001,2453770.75,20046980.86,748.730355,11533.560000000001,787,,
2026-05-26T09:42:03 ET,2026-05-26T09:40:00 ET,2026-05-26,Tue,0942ET,2026-05-28,29900.25,725.905,29652.6,NEAR_FLIP,NEUTRAL,29.81,0.523,12.52,15.24,15.6,18.98,29759.7,722.0,-140.54999999999927,-0.4700629593398024,3704618.79,8718202.89,-5698249.41,906927.92,15551458.7,503.08664400000004,14727.15,706,,
2026-05-26T09:42:03 ET,2026-05-26T09:40:00 ET,2026-05-26,Tue,0942ET,2026-05-26,29900.25,725.905,29652.6,NEAR_FLIP,NEUTRAL,29.81,0.523,12.52,15.24,15.6,18.98,29780.59,723.0,-119.65999999999985,-0.4001973227648593,30172800.11,54031176.55,-27615377.909999996,20582906.54,85891628.41,3927.697112,31981.21,3089,,
2026-05-26T09:42:03 ET,2026-05-26T09:40:00 ET,2026-05-26,Tue,0942ET,2026-05-27,29900.25,725.905,29652.6,NEAR_FLIP,NEUTRAL,29.81,0.523,12.52,15.24,15.6,18.98,29800.91,723.0,-99.34000000000015,-0.3322380247656797,6617727.4399999995,11558963.92,-5889010.539999999,1731403.81,20602995.71,793.7360759999999,11694.59,786,,
2026-05-26T09:42:03 ET,2026-05-26T09:40:00 ET,2026-05-26,Tue,0942ET,2026-05-28,29900.25,725.905,29652.6,NEAR_FLIP,NEUTRAL,29.81,0.523,12.52,15.24,15.6,18.98,29800.91,723.0,-99.34000000000015,-0.3322380247656797,3029836.6899999995,6160667.93,-3339041.5000000005,428511.85,11114678.889999999,367.58204,10301.43,488,,
2026-05-26T09:42:03 ET,2026-05-26T09:40:00 ET,2026-05-26,Tue,0942ET,2026-05-26,29900.25,725.905,29652.6,NEAR_FLIP,NEUTRAL,29.81,0.523,12.52,15.24,15.6,18.98,29821.78,724.0,-78.47000000000116,-0.26243927726357197,59830424.45,73459890.39,-36732708.79,17881993.42,139494187.15,6680.710468,42279.03,4010,,
2026-05-26T09:42:03 ET,2026-05-26T09:40:00 ET,2026-05-26,Tue,0942ET,2026-05-27,29900.25,725.905,29652.6,NEAR_FLIP,NEUTRAL,29.81,0.523,12.52,15.24,15.6,18.98,29842.13,724.0,-58.11999999999898,-0.19437964565513327,24010155.130000003,32285353.25,-12613427.09,2614106.29,65039839.150000006,2572.922388,32155.81,2138,,
2026-05-26T09:42:03 ET,2026-05-26T09:40:00 ET,2026-05-26,Tue,0942ET,2026-05-28,29900.25,725.905,29652.6,NEAR_FLIP,NEUTRAL,29.81,0.523,12.52,15.24,15.6,18.98,29842.13,724.0,-58.11999999999898,-0.19437964565513327,32560213.009999998,34463416.61,-21400756.380000003,1210606.3199999998,100440399.09,3383.61819,57057.65,2680,,
2026-05-26T09:42:03 ET,2026-05-26T09:40:00 ET,2026-05-26,Tue,0942ET,2026-05-26,29900.25,725.905,29652.6,NEAR_FLIP,NEUTRAL,29.81,0.523,12.52,15.24,15.6,18.98,29862.97,725.0,-37.279999999998836,-0.12468123176227235,111899396.75,132982996.88999999,-33019802.339999996,14103346.190000001,232186269.69,11571.424199,74435.7,6976,,
2026-05-26T09:42:03 ET,2026-05-26T09:40:00 ET,2026-05-26,Tue,0942ET,2026-05-27,29900.25,725.905,29652.6,NEAR_FLIP,NEUTRAL,29.81,0.523,12.52,15.24,15.6,18.98,29883.35,725.0,-16.900000000001455,-0.05652126654459897,15043049.79,36766756.57,-2248549.67,449718.56999999995,38624001.87,1561.1259120000002,36056.66,2383,,
2026-05-26T09:42:03 ET,2026-05-26T09:40:00 ET,2026-05-26,Tue,0942ET,2026-05-28,29900.25,725.905,29652.6,NEAR_FLIP,NEUTRAL,29.81,0.523,12.52,15.24,15.6,18.98,29883.35,725.0,-16.900000000001455,-0.05652126654459897,3196978.41,9016784.01,-652187.15,6677.89,9879920.240000002,337.73528999999996,14784.4,691,,
2026-05-26T09:42:03 ET,2026-05-26T09:40:00 ET,2026-05-26,Tue,0942ET,2026-05-26,29900.25,725.905,29652.6,NEAR_FLIP,NEUTRAL,29.81,0.523,12.52,15.24,15.6,18.98,29904.16,726.0,3.9099999999998545,0.013076813739015073,18228032.23,32125430.45,763428.06,-1001286.0800000001,33769885.0,1737.876935,17492.27,1632,,
2026-05-26T09:42:03 ET,2026-05-26T09:40:00 ET,2026-05-26,Tue,0942ET,2026-05-27,29900.25,725.905,29652.6,NEAR_FLIP,NEUTRAL,29.81,0.523,12.52,15.24,15.6,18.98,29924.57,726.0,24.31999999999971,0.08133711256594747,-3041522.4699999997,12887275.61,-723038.9099999999,-727131.36,-7677847.35,-315.33934300000004,12446.89,822,,
2026-05-26T09:42:03 ET,2026-05-26T09:40:00 ET,2026-05-26,Tue,0942ET,2026-05-28,29900.25,725.905,29652.6,NEAR_FLIP,NEUTRAL,29.81,0.523,12.52,15.24,15.6,18.98,29924.57,726.0,24.31999999999971,0.08133711256594747,5815711.94,6475089.72,1497593.5699999998,-217588.65,15812782.14,546.28839,10517.39,491,,
2026-05-26T09:42:03 ET,2026-05-26T09:40:00 ET,2026-05-26,Tue,0942ET,2026-05-26,29900.25,725.905,29652.6,NEAR_FLIP,NEUTRAL,29.81,0.523,12.52,15.24,15.6,18.98,29945.35,727.0,45.099999999998545,0.1508348592403025,35854243.98,48826228.88,14250026.07,-8214457.529999999,58081786.949999996,3058.589357,25869.030000000002,2424,,
2026-05-26T09:42:03 ET,2026-05-26T09:40:00 ET,2026-05-26,Tue,0942ET,2026-05-27,29900.25,725.905,29652.6,NEAR_FLIP,NEUTRAL,29.81,0.523,12.52,15.24,15.6,18.98,29965.79,727.0,65.54000000000087,0.2191954916764939,7268936.100000001,19336320.2,4624821.16,-2416911.2399999998,13001770.54,539.3988889999999,18396.79,1221,,
2026-05-26T09:42:03 ET,2026-05-26T09:40:00 ET,2026-05-26,Tue,0942ET,2026-05-28,29900.25,725.905,29652.6,NEAR_FLIP,NEUTRAL,29.81,0.523,12.52,15.24,15.6,18.98,29965.79,727.0,65.54000000000087,0.2191954916764939,3795505.82,4485597.779999999,2759333.63,-304600.8,9626098.67,334.659627,7219.530000000001,338,,
2026-05-26T09:42:03 ET,2026-05-26T09:40:00 ET,2026-05-26,Tue,0942ET,2026-05-26,29900.25,725.905,29652.6,NEAR_FLIP,NEUTRAL,29.81,0.523,12.52,15.24,15.6,18.98,29986.54,728.0,86.29000000000087,0.28859290474160204,23902084.21,34751835.75,18453143.23,-10604755.26,32992597.190000005,1759.07883,17921.32,1704,,
2026-05-26T09:42:03 ET,2026-05-26T09:40:00 ET,2026-05-26,Tue,0942ET,2026-05-27,29900.25,725.905,29652.6,NEAR_FLIP,NEUTRAL,29.81,0.523,12.52,15.24,15.6,18.98,30007.01,728.0,106.7599999999984,0.3570538707870282,286082.41000000015,17896044.55,299257.2400000002,-3462543.84,-5243242.75,-218.30717600000003,16776.36,1126,,
2026-05-26T09:42:03 ET,2026-05-26T09:40:00 ET,2026-05-26,Tue,0942ET,2026-05-28,29900.25,725.905,29652.6,NEAR_FLIP,NEUTRAL,29.81,0.523,12.52,15.24,15.6,18.98,30007.01,728.0,106.7599999999984,0.3570538707870282,18520529.259999998,18839619.5,22302235.5,-1924782.0899999999,44756726.72,1558.870288,30054.34,1417,,
2026-05-26T09:42:03 ET,2026-05-26T09:40:00 ET,2026-05-26,Tue,0942ET,2026-05-26,29900.25,725.905,29652.6,NEAR_FLIP,NEUTRAL,29.81,0.523,12.52,15.24,15.6,18.98,30027.73,729.0,127.47999999999956,0.4263509502428895,37164674.81,46670019.730000004,43334252.33,-20624459.15,46453228.24,2477.185341,23434.14,2288,,
2026-05-26T09:42:03 ET,2026-05-26T09:40:00 ET,2026-05-26,Tue,0942ET,2026-05-27,29900.25,725.905,29652.6,NEAR_FLIP,NEUTRAL,29.81,0.523,12.52,15.24,15.6,18.98,30048.22,729.0,147.97000000000116,0.4948788053611631,6225005.050000001,14588370.61,9132558.379999999,-3820477.9799999995,7333865.789999999,304.31930400000005,13478.1,921,,
2026-05-26T09:42:03 ET,2026-05-26T09:40:00 ET,2026-05-26,Tue,0942ET,2026-05-28,29900.25,725.905,29652.6,NEAR_FLIP,NEUTRAL,29.81,0.523,12.52,15.24,15.6,18.98,30048.22,729.0,147.97000000000116,0.4948788053611631,29498787.67,30108650.25,49816610.120000005,-4106365.52,67208521.21000001,2334.252743,47620.63,2271,,
2026-05-26T09:42:03 ET,2026-05-26T09:40:00 ET,2026-05-26,Tue,0942ET,2026-05-26,29900.25,725.905,29652.6,NEAR_FLIP,NEUTRAL,29.81,0.523,12.52,15.24,15.6,18.98,30068.92,730.0,168.66999999999825,0.5641089957441769,56229469.019999996,74335559.22,88822820.25,-43005363.38,58419713.23,3072.573124,36357.98,3695,,
2026-05-26T09:42:03 ET,2026-05-26T09:40:00 ET,2026-05-26,Tue,0942ET,2026-05-27,29900.25,725.905,29652.6,NEAR_FLIP,NEUTRAL,29.81,0.523,12.52,15.24,15.6,18.98,30089.44,730.0,189.1899999999987,0.6327371844716974,57000610.82,64364625.96,108256292.92999999,-21253578.900000002,91686677.09,3763.3311360000002,58622.61,4108,,
2026-05-26T09:42:03 ET,2026-05-26T09:40:00 ET,2026-05-26,Tue,0942ET,2026-05-28,29900.25,725.905,29652.6,NEAR_FLIP,NEUTRAL,29.81,0.523,12.52,15.24,15.6,18.98,30089.44,730.0,189.1899999999987,0.6327371844716974,11406598.59,53875456.989999995,24870957.83,-9189050.8,-550520.5300000012,-18.974047000000155,84506.26000000001,4095,,
2026-05-26T09:42:03 ET,2026-05-26T09:40:00 ET,2026-05-26,Tue,0942ET,2026-05-26,29900.25,725.905,29652.6,NEAR_FLIP,NEUTRAL,29.81,0.523,12.52,15.24,15.6,18.98,30110.11,731.0,209.86000000000058,0.7018670412454765,14745182.650000002,27947491.87,29684095.85,-19981987.81,6388057.650000002,326.1614800000001,13320.83,1431,,
2026-05-26T09:42:03 ET,2026-05-26T09:40:00 ET,2026-05-26,Tue,0942ET,2026-05-27,29900.25,725.905,29652.6,NEAR_FLIP,NEUTRAL,29.81,0.523,12.52,15.24,15.6,18.98,30130.66,731.0,230.40999999999985,0.7705955635822438,1137707.6499999994,11838309.29,2664879.049999999,-4716891.88,-6617579.109999998,-266.53085000000004,10632.21,770,,
2026-05-26T09:42:03 ET,2026-05-26T09:40:00 ET,2026-05-26,Tue,0942ET,2026-05-28,29900.25,725.905,29652.6,NEAR_FLIP,NEUTRAL,29.81,0.523,12.52,15.24,15.6,18.98,30130.66,731.0,230.40999999999985,0.7705955635822438,3507334.0,4130860.04,9395204.120000001,-845566.1599999999,6715899.510000001,228.542479,6427.7699999999995,318,,
2026-05-26T09:42:03 ET,2026-05-26T09:40:00 ET,2026-05-26,Tue,0942ET,2026-05-26,29900.25,725.905,29652.6,NEAR_FLIP,NEUTRAL,29.81,0.523,12.52,15.24,15.6,18.98,30151.3,732.0,251.04999999999927,0.8396250867467638,27695625.86,34139934.24,68312459.34,-29062610.83,21584444.75,1050.997621,15865.41,1833,,
2026-05-26T09:42:03 ET,2026-05-26T09:40:00 ET,2026-05-26,Tue,0942ET,2026-05-27,29900.25,725.905,29652.6,NEAR_FLIP,NEUTRAL,29.81,0.523,12.52,15.24,15.6,18.98,30171.88,732.0,271.630000000001,0.9084539426927902,-703011.5500000007,10455427.09,-1965783.5899999999,-4878465.92,-11720435.99,-459.25908400000003,9262.26,699,,
2026-05-26T09:42:03 ET,2026-05-26T09:40:00 ET,2026-05-26,Tue,0942ET,2026-05-28,29900.25,725.905,29652.6,NEAR_FLIP,NEUTRAL,29.81,0.523,12.52,15.24,15.6,18.98,30171.88,732.0,271.630000000001,0.9084539426927902,4733741.449999999,5907607.25,15069283.73,-1410658.72,8122813.2299999995,271.510405,9121.890000000001,463,,
2026-05-26T09:42:03 ET,2026-05-26T09:40:00 ET,2026-05-26,Tue,0942ET,2026-05-26,29900.25,725.905,29652.6,NEAR_FLIP,NEUTRAL,29.81,0.523,12.52,15.24,15.6,18.98,30192.5,733.0,292.25,0.9774165767844751,26643379.01,26887174.63,78326277.76,-26548844.169999998,23823798.57,1084.599792,12189.07,1544,,
2026-05-26T09:42:03 ET,2026-05-26T09:40:00 ET,2026-05-26,Tue,0942ET,2026-05-27,29900.25,725.905,29652.6,NEAR_FLIP,NEUTRAL,29.81,0.523,12.52,15.24,15.6,18.98,30213.1,733.0,312.84999999999854,1.0463123218033246,1903531.5700000003,7960222.91,6206895.41,-4256062.87,-4335187.569999999,-163.77342399999998,6957.82,552,,
2026-05-26T09:42:03 ET,2026-05-26T09:40:00 ET,2026-05-26,Tue,0942ET,2026-05-28,29900.25,725.905,29652.6,NEAR_FLIP,NEUTRAL,29.81,0.523,12.52,15.24,15.6,18.98,30213.1,733.0,312.84999999999854,1.0463123218033246,3004272.5700000003,5048673.83,11097587.18,-1377463.05,3341668.3600000003,109.12770499999999,7738.139999999999,405,,
2026-05-26T09:42:03 ET,2026-05-26T09:40:00 ET,2026-05-26,Tue,0942ET,2026-05-26,29900.25,725.905,29652.6,NEAR_FLIP,NEUTRAL,29.81,0.523,12.52,15.24,15.6,18.98,30233.69,734.0,333.4399999999987,1.1151746222857626,36526307.55,36749320.33,125384326.57,-41284007.38,29629341.55,1233.912472,16261.9,2307,,
2026-05-26T09:42:03 ET,2026-05-26T09:40:00 ET,2026-05-26,Tue,0942ET,2026-05-27,29900.25,725.905,29652.6,NEAR_FLIP,NEUTRAL,29.81,0.523,12.52,15.24,15.6,18.98,30254.32,734.0,354.0699999999997,1.184170700913871,-468185.6999999997,8124398.98,-1748931.9000000004,-4896187.71,-12239412.21,-441.518777,7008.879999999999,590,,
2026-05-26T09:42:03 ET,2026-05-26T09:40:00 ET,2026-05-26,Tue,0942ET,2026-05-28,29900.25,725.905,29652.6,NEAR_FLIP,NEUTRAL,29.81,0.523,12.52,15.24,15.6,18.98,30254.32,734.0,354.0699999999997,1.184170700913871,1392919.92,3355120.16,5864161.959999999,-1029499.68,-12732.30999999959,-0.40400399999998626,5106.1,277,,
2026-05-26T09:42:03 ET,2026-05-26T09:40:00 ET,2026-05-26,Tue,0942ET,2026-05-26,29900.25,725.905,29652.6,NEAR_FLIP,NEUTRAL,29.81,0.523,12.52,15.24,15.6,18.98,30274.88,735.0,374.630000000001,1.252932667787062,56865174.05,57377344.75,224328030.77,-72250332.94000001,41406878.0,1540.087329,24799.48,4033,,
2026-05-26T09:42:03 ET,2026-05-26T09:40:00 ET,2026-05-26,Tue,0942ET,2026-05-27,29900.25,725.905,29652.6,NEAR_FLIP,NEUTRAL,29.81,0.523,12.52,15.24,15.6,18.98,30295.53,735.0,395.27999999999884,1.3219956354879938,9463223.35,16908840.63,39938718.73,-11338299.1,-510364.0,-17.403400000000033,14401.98,1299,,
2026-05-26T09:42:03 ET,2026-05-26T09:40:00 ET,2026-05-26,Tue,0942ET,2026-05-28,29900.25,725.905,29652.6,NEAR_FLIP,NEUTRAL,29.81,0.523,12.52,15.24,15.6,18.98,30295.53,735.0,395.27999999999884,1.3219956354879938,51422811.86,53037820.519999996,243284282.26000002,-18075823.77,83118902.89,2548.26715,80172.92,4532,,
2026-05-26T09:42:03 ET,2026-05-26T09:40:00 ET,2026-05-26,Tue,0942ET,2026-05-26,29900.25,725.905,29652.6,NEAR_FLIP,NEUTRAL,29.81,0.523,12.52,15.24,15.6,18.98,30316.07,736.0,415.8199999999997,1.3906907132883495,31533386.419999998,31558147.62,141138989.62,-44019554.49,21294806.29,689.248767,13332.199999999999,2549,,
2026-05-26T09:42:03 ET,2026-05-26T09:40:00 ET,2026-05-26,Tue,0942ET,2026-05-27,29900.25,725.905,29652.6,NEAR_FLIP,NEUTRAL,29.81,0.523,12.52,15.24,15.6,18.98,30336.75,736.0,436.5,1.4598540145985401,4224741.55,4224741.55,19919553.67,-3119434.48,4736133.66,151.058096,3553.92,347,,
2026-05-26T09:42:03 ET,2026-05-26T09:40:00 ET,2026-05-26,Tue,0942ET,2026-05-28,29900.25,725.905,29652.6,NEAR_FLIP,NEUTRAL,29.81,0.523,12.52,15.24,15.6,18.98,30336.75,736.0,436.5,1.4598540145985401,1281693.93,2855704.0300000003,6737487.140000001,-1070128.85,-560997.73,-16.52304000000001,4289.0,254,,
2026-05-26T09:42:03 ET,2026-05-26T09:40:00 ET,2026-05-26,Tue,0942ET,2026-05-26,29900.25,725.905,29652.6,NEAR_FLIP,NEUTRAL,29.81,0.523,12.52,15.24,15.6,18.98,30357.26,737.0,457.0099999999984,1.5284487587896367,10896000.260000002,11021723.34,54750582.46,-16867287.38,6366728.12,174.385635,4554.709999999999,1052,,
2026-05-26T09:42:03 ET,2026-05-26T09:40:00 ET,2026-05-26,Tue,0942ET,2026-05-27,29900.25,725.905,29652.6,NEAR_FLIP,NEUTRAL,29.81,0.523,12.52,15.24,15.6,18.98,30377.97,737.0,477.72000000000116,1.5977123937090867,3119713.56,3119713.56,16281339.46,-2514824.06,3280348.01,96.784154,2592.84,277,,
2026-05-26T09:42:03 ET,2026-05-26T09:40:00 ET,2026-05-26,Tue,0942ET,2026-05-28,29900.25,725.905,29652.6,NEAR_FLIP,NEUTRAL,29.81,0.523,12.52,15.24,15.6,18.98,30377.97,737.0,477.72000000000116,1.5977123937090867,14862047.16,16193617.86,85998227.38,-6616964.73,19915202.45,560.24328,24173.03,1508,,
2026-05-26T09:42:03 ET,2026-05-26T09:40:00 ET,2026-05-26,Tue,0942ET,2026-05-26,29900.25,725.905,29652.6,NEAR_FLIP,NEUTRAL,29.81,0.523,12.52,15.24,15.6,18.98,30398.45,738.0,498.2000000000007,1.6662068042909366,9053191.31,9053191.31,50615565.43,-15079915.22,5105212.71,114.857785,3662.61,1052,,
2026-05-26T09:42:03 ET,2026-05-26T09:40:00 ET,2026-05-26,Tue,0942ET,2026-05-27,29900.25,725.905,29652.6,NEAR_FLIP,NEUTRAL,29.81,0.523,12.52,15.24,15.6,18.98,30419.19,738.0,518.9399999999987,1.735570772819621,5983885.91,6004484.49,34297446.59,-5246466.34,5857537.55,158.04168099999998,4932.28,583,,
2026-05-26T09:42:03 ET,2026-05-26T09:40:00 ET,2026-05-26,Tue,0942ET,2026-05-28,29900.25,725.905,29652.6,NEAR_FLIP,NEUTRAL,29.81,0.523,12.52,15.24,15.6,18.98,30419.19,738.0,518.9399999999987,1.735570772819621,346685.6,1590675.12,2190959.95,-703802.8799999999,-2136539.42,-57.07122400000001,2360.79,156,,
2026-05-26T09:42:03 ET,2026-05-26T09:40:00 ET,2026-05-26,Tue,0942ET,2026-05-26,29900.25,725.905,29652.6,NEAR_FLIP,NEUTRAL,29.81,0.523,12.52,15.24,15.6,18.98,30439.64,739.0,539.3899999999994,1.803964849792224,3815304.32,3856402.7600000002,23551689.240000002,-6944891.470000001,1774430.08,31.775581999999996,1528.74,563,,
2026-05-26T09:42:03 ET,2026-05-26T09:40:00 ET,2026-05-26,Tue,0942ET,2026-05-27,29900.25,725.905,29652.6,NEAR_FLIP,NEUTRAL,29.81,0.523,12.52,15.24,15.6,18.98,30460.41,739.0,560.1599999999999,1.8734291519301676,1247142.58,1358827.0,7798182.42,-1279097.5,827006.8699999999,20.16368,1103.6,146,,
2026-05-26T09:42:03 ET,2026-05-26T09:40:00 ET,2026-05-26,Tue,0942ET,2026-05-28,29900.25,725.905,29652.6,NEAR_FLIP,NEUTRAL,29.81,0.523,12.52,15.24,15.6,18.98,30460.41,739.0,560.1599999999999,1.8734291519301676,2261890.46,2261890.46,15507701.29,-1077233.15,3109362.13,78.401505,3338.75,235,,
2026-05-26T09:42:03 ET,2026-05-26T09:40:00 ET,2026-05-26,Tue,0942ET,2026-05-26,29900.25,725.905,29652.6,NEAR_FLIP,NEUTRAL,29.81,0.523,12.52,15.24,15.6,18.98,30480.83,740.0,580.5800000000017,1.9417228952935235,16475943.5,16644765.2,111535739.25,-32222286.439999998,6737680.06,92.928586,6471.429999999999,3155,,
2026-05-26T09:42:03 ET,2026-05-26T09:40:00 ET,2026-05-26,Tue,0942ET,2026-05-27,29900.25,725.905,29652.6,NEAR_FLIP,NEUTRAL,29.81,0.523,12.52,15.24,15.6,18.98,30501.63,740.0,601.380000000001,2.0112875310407134,7186281.38,7202897.06,48737074.910000004,-7266337.89,6230101.5,135.591548,5786.3,867,,
2026-05-26T09:42:03 ET,2026-05-26T09:40:00 ET,2026-05-26,Tue,0942ET,2026-05-28,29900.25,725.905,29652.6,NEAR_FLIP,NEUTRAL,29.81,0.523,12.52,15.24,15.6,18.98,30501.63,740.0,601.380000000001,2.0112875310407134,7704118.1,7722181.68,56971469.11,-3938387.07,10083656.48,238.58400699999999,11340.61,855,,
2026-05-26T09:42:03 ET,2026-05-26T09:40:00 ET,2026-05-26,Tue,0942ET,2026-05-26,29900.25,725.905,29652.6,NEAR_FLIP,NEUTRAL,29.81,0.523,12.52,15.24,15.6,18.98,30522.02,741.0,621.7700000000004,2.079480940794811,5396327.68,5396327.68,39821217.64,-11174313.69,2359587.88,24.227487,2059.8,1374,,
2026-05-26T09:42:03 ET,2026-05-26T09:40:00 ET,2026-05-26,Tue,0942ET,2026-05-27,29900.25,725.905,29652.6,NEAR_FLIP,NEUTRAL,29.81,0.523,12.52,15.24,15.6,18.98,30542.85,741.0,642.5999999999985,2.149145910151248,6876432.2,6891078.4799999995,50324761.51,-7416225.279999999,5615826.01,107.735939,5477.75,941,,
2026-05-26T09:42:03 ET,2026-05-26T09:40:00 ET,2026-05-26,Tue,0942ET,2026-05-28,29900.25,725.905,29652.6,NEAR_FLIP,NEUTRAL,29.81,0.523,12.52,15.24,15.6,18.98,30542.85,741.0,642.5999999999985,2.149145910151248,1828218.72,1828218.72,14508288.02,-994046.49,2303397.48,50.837793,2672.14,217,,
2026-05-26T09:42:03 ET,2026-05-26T09:40:00 ET,2026-05-26,Tue,0942ET,2026-05-26,29900.25,725.905,29652.6,NEAR_FLIP,NEUTRAL,29.81,0.523,12.52,15.24,15.6,18.98,30563.21,742.0,662.9599999999991,2.217238986296098,5749422.2,5749422.2,45996988.52,-12679810.04,2323546.37,17.153724,2156.83,2036,,
2026-05-26T09:42:03 ET,2026-05-26T09:40:00 ET,2026-05-26,Tue,0942ET,2026-05-27,29900.25,725.905,29652.6,NEAR_FLIP,NEUTRAL,29.81,0.523,12.52,15.24,15.6,18.98,30584.06,742.0,683.8100000000013,2.286970844725383,2160334.98,2160334.98,16983865.66,-2470390.65,1684892.45,28.128267,1699.95,339,,
2026-05-26T09:42:03 ET,2026-05-26T09:40:00 ET,2026-05-26,Tue,0942ET,2026-05-28,29900.25,725.905,29652.6,NEAR_FLIP,NEUTRAL,29.81,0.523,12.52,15.24,15.6,18.98,30584.06,742.0,683.8100000000013,2.286970844725383,960956.33,960956.33,8146944.61,-554853.07,1161329.76,23.768593,1398.37,123,,
2026-05-26T09:42:03 ET,2026-05-26T09:40:00 ET,2026-05-26,Tue,0942ET,2026-05-26,29900.25,725.905,29652.6,NEAR_FLIP,NEUTRAL,29.81,0.523,12.52,15.24,15.6,18.98,30604.4,743.0,704.1500000000015,2.3549970317973976,3103296.44,3103296.44,26782979.79,-7261471.56,1162928.81,5.960135,1145.41,1583,,
2026-05-26T09:42:03 ET,2026-05-26T09:40:00 ET,2026-05-26,Tue,0942ET,2026-05-27,29900.25,725.905,29652.6,NEAR_FLIP,NEUTRAL,29.81,0.523,12.52,15.24,15.6,18.98,30625.28,743.0,725.0299999999988,2.4248292238359173,1631104.0,1631104.0,13719282.99,-1974864.95,1203819.69,17.261408,1271.11,298,,
2026-05-26T09:42:03 ET,2026-05-26T09:40:00 ET,2026-05-26,Tue,0942ET,2026-05-28,29900.25,725.905,29652.6,NEAR_FLIP,NEUTRAL,29.81,0.523,12.52,15.24,15.6,18.98,30625.28,743.0,725.0299999999988,2.4248292238359173,749064.88,749064.88,6757295.22,-457699.47,869453.44,16.405211,1085.62,104,,
2026-05-26T09:42:03 ET,2026-05-26T09:40:00 ET,2026-05-26,Tue,0942ET,2026-05-26,29900.25,725.905,29652.6,NEAR_FLIP,NEUTRAL,29.81,0.523,12.52,15.24,15.6,18.98,30645.59,744.0,745.3400000000001,2.492755077298685,881846.68,881846.68,8172733.28,-2181929.75,307463.14,1.05639,320.62,671,,
2026-05-26T09:42:03 ET,2026-05-26T09:40:00 ET,2026-05-26,Tue,0942ET,2026-05-27,29900.25,725.905,29652.6,NEAR_FLIP,NEUTRAL,29.81,0.523,12.52,15.24,15.6,18.98,30666.5,744.0,766.25,2.5626876029464634,3187267.24,3187267.24,28576519.36,-4073013.07,2229541.92,27.097347,2460.93,687,,
2026-05-26T09:42:03 ET,2026-05-26T09:40:00 ET,2026-05-26,Tue,0942ET,2026-05-28,29900.25,725.905,29652.6,NEAR_FLIP,NEUTRAL,29.81,0.523,12.52,15.24,15.6,18.98,30666.5,744.0,766.25,2.5626876029464634,8390911.19,8390911.19,80252564.79,-5408926.33,9366473.95,161.990329,12116.12,1271,,
2026-05-26T09:42:03 ET,2026-05-26T09:40:00 ET,2026-05-26,Tue,0942ET,2026-05-26,29900.25,725.905,29652.6,NEAR_FLIP,NEUTRAL,29.81,0.523,12.52,15.24,15.6,18.98,30686.78,745.0,786.5299999999988,2.6305131227999725,1051483.56,1051483.56,10419830.43,-2742752.69,342284.7,0.761875,377.03,1235,,
2026-05-26T09:42:03 ET,2026-05-26T09:40:00 ET,2026-05-26,Tue,0942ET,2026-05-27,29900.25,725.905,29652.6,NEAR_FLIP,NEUTRAL,29.81,0.523,12.52,15.24,15.6,18.98,30707.72,745.0,807.4700000000012,2.70054598205701,2238963.61,2238963.61,21326907.48,-3011328.76,1486823.22,15.114018,1713.56,577,,
2026-05-26T09:42:03 ET,2026-05-26T09:40:00 ET,2026-05-26,Tue,0942ET,2026-05-28,29900.25,725.905,29652.6,NEAR_FLIP,NEUTRAL,29.81,0.523,12.52,15.24,15.6,18.98,30707.72,745.0,807.4700000000012,2.70054598205701,800250.29,800250.29,8088223.04,-542701.92,860198.01,13.558824,1151.68,133,,
2026-05-26T09:42:03 ET,2026-05-26T09:40:00 ET,2026-05-26,Tue,0942ET,2026-05-26,29900.25,725.905,29652.6,NEAR_FLIP,NEUTRAL,29.81,0.523,12.52,15.24,15.6,18.98,30727.97,746.0,827.7200000000012,2.768271168301272,372517.88,372517.88,3931412.36,-1021623.37,113624.84,0.158535,131.9,698,,
2026-05-26T09:42:03 ET,2026-05-26T09:40:00 ET,2026-05-26,Tue,0942ET,2026-05-27,29900.25,725.905,29652.6,NEAR_FLIP,NEUTRAL,29.81,0.523,12.52,15.24,15.6,18.98,30748.94,746.0,848.6899999999987,2.8384043611675445,1015183.14,1015183.14,10241994.54,-1433383.8,641028.33,5.377888,770.5,317,,
2026-05-26T09:42:03 ET,2026-05-26T09:40:00 ET,2026-05-26,Tue,0942ET,2026-05-28,29900.25,725.905,29652.6,NEAR_FLIP,NEUTRAL,29.81,0.523,12.52,15.24,15.6,18.98,30748.94,746.0,848.6899999999987,2.8384043611675445,1292469.25,1292469.25,13763574.98,-919813.84,1339563.73,19.137475,1854.53,237,,
2026-05-26T09:42:03 ET,2026-05-26T09:40:00 ET,2026-05-26,Tue,0942ET,2026-05-26,29900.25,725.905,29652.6,NEAR_FLIP,NEUTRAL,29.81,0.523,12.52,15.24,15.6,18.98,30769.16,747.0,868.9099999999999,2.9060292138025594,245174.97,245174.97,2745214.66,-705206.07,70329.03,0.059628,85.84,756,,
2026-05-26T09:42:03 ET,2026-05-26T09:40:00 ET,2026-05-26,Tue,0942ET,2026-05-27,29900.25,725.905,29652.6,NEAR_FLIP,NEUTRAL,29.81,0.523,12.52,15.24,15.6,18.98,30790.16,747.0,889.9099999999999,2.976262740278091,239946.77,239946.77,2556739.39,-354843.62,144304.51,0.985953,180.68,92,,
2026-05-26T09:42:03 ET,2026-05-26T09:40:00 ET,2026-05-26,Tue,0942ET,2026-05-28,29900.25,725.905,29652.6,NEAR_FLIP,NEUTRAL,29.81,0.523,12.52,15.24,15.6,18.98,30790.16,747.0,889.9099999999999,2.976262740278091,1686223.68,1686223.68,18867899.74,-1256467.45,1687301.09,21.730166,2413.2,343,,
2026-05-26T09:42:03 ET,2026-05-26T09:40:00 ET,2026-05-26,Tue,0942ET,2026-05-26,29900.25,725.905,29652.6,NEAR_FLIP,NEUTRAL,29.81,0.523,12.52,15.24,15.6,18.98,30892.73,750.0,992.4799999999996,3.319303350306434,85320.35,85320.35,1117239.14,-279587.73,20821.54,0.00338,29.12,1374,,
2026-05-26T09:42:03 ET,2026-05-26T09:40:00 ET,2026-05-26,Tue,0942ET,2026-05-27,29900.25,725.905,29652.6,NEAR_FLIP,NEUTRAL,29.81,0.523,12.52,15.24,15.6,18.98,30913.81,750.0,1013.5600000000013,3.389804433073306,613750.25,613750.25,7589587.44,-1030507.51,322082.09,1.099478,452.68,471,,
2026-05-26T09:42:03 ET,2026-05-26T09:40:00 ET,2026-05-26,Tue,0942ET,2026-05-28,29900.25,725.905,29652.6,NEAR_FLIP,NEUTRAL,29.81,0.523,12.52,15.24,15.6,18.98,30913.81,750.0,1013.5600000000013,3.389804433073306,1439040.52,1439040.52,18413010.16,-1216399.21,1305903.9,11.949133,2047.84,412,,
2026-05-26T09:42:03 ET,2026-05-26T09:40:00 ET,2026-05-26,Tue,0942ET,2026-05-26,29900.25,725.905,29652.6,NEAR_FLIP,NEUTRAL,29.81,0.523,12.52,15.24,15.6,18.98,31098.68,755.0,1198.4300000000003,4.008093577812896,1979.08,1996.94,31619.43,-7870.44,-217369.58000000002,-0.001691,0.67,671,,
2026-05-26T09:42:03 ET,2026-05-26T09:40:00 ET,2026-05-26,Tue,0942ET,2026-05-27,29900.25,725.905,29652.6,NEAR_FLIP,NEUTRAL,29.81,0.523,12.52,15.24,15.6,18.98,31119.9,755.0,1219.6500000000015,4.079062884089603,106049.43,106049.43,1611779.17,-213268.04,45846.61,0.038832,76.33,328,,
2026-05-26T09:42:03 ET,2026-05-26T09:40:00 ET,2026-05-26,Tue,0942ET,2026-05-28,29900.25,725.905,29652.6,NEAR_FLIP,NEUTRAL,29.81,0.523,12.52,15.24,15.6,18.98,31119.9,755.0,1219.6500000000015,4.079062884089603,1893122.03,1893122.03,29127687.57,-1914663.73,1497067.81,7.098029,2688.33,1046,,
2026-05-26T09:42:03 ET,2026-05-26T09:40:00 ET,2026-05-26,Tue,0942ET,2026-05-26,29900.25,725.905,29652.6,NEAR_FLIP,NEUTRAL,29.81,0.523,12.52,15.24,15.6,18.98,31304.63,760.0,1404.380000000001,4.696883805319357,96.64,96.64,1762.69,-444.7,17.61,0.0,0.03,557,,
2026-05-26T09:42:03 ET,2026-05-26T09:40:00 ET,2026-05-26,Tue,0942ET,2026-05-27,29900.25,725.905,29652.6,NEAR_FLIP,NEUTRAL,29.81,0.523,12.52,15.24,15.6,18.98,31325.99,760.0,1425.7400000000016,4.768321335105899,15688.41,15688.41,280943.32,-36725.88,5822.5,0.000977,11.17,245,,
2026-05-26T09:42:03 ET,2026-05-26T09:40:00 ET,2026-05-26,Tue,0942ET,2026-05-28,29900.25,725.905,29652.6,NEAR_FLIP,NEUTRAL,29.81,0.523,12.52,15.24,15.6,18.98,31325.99,760.0,1425.7400000000016,4.768321335105899,236955.67,236955.67,4220417.57,-278768.82,168281.22,0.382639,338.81,273,,
2026-05-26T09:42:03 ET,2026-05-26T09:40:00 ET,2026-05-26,Tue,0942ET,2026-05-26,29900.25,725.905,29652.6,NEAR_FLIP,NEUTRAL,29.81,0.523,12.52,15.24,15.6,18.98,31510.59,765.0,1610.3400000000001,5.38570747736223,4.56,4.56,89.79,-23.96,0.82,0.0,0.0,210,,
2026-05-26T09:42:03 ET,2026-05-26T09:40:00 ET,2026-05-26,Tue,0942ET,2026-05-27,29900.25,725.905,29652.6,NEAR_FLIP,NEUTRAL,29.81,0.523,12.52,15.24,15.6,18.98,31532.09,765.0,1631.8400000000001,5.457613230658607,6747.37,6747.37,137535.93,-18007.71,2236.88,6.7e-05,4.81,592,,
2026-05-26T09:42:03 ET,2026-05-26T09:40:00 ET,2026-05-26,Tue,0942ET,2026-05-28,29900.25,725.905,29652.6,NEAR_FLIP,NEUTRAL,29.81,0.523,12.52,15.24,15.6,18.98,31532.09,765.0,1631.8400000000001,5.457613230658607,154882.56,154882.56,3099665.19,-207626.56,101588.34,0.107062,224.93,385,,
2026-05-26T09:42:03 ET,2026-05-26T09:40:00 ET,2026-05-26,Tue,0942ET,2026-05-26,29900.25,725.905,29652.6,NEAR_FLIP,NEUTRAL,29.81,0.523,12.52,15.24,15.6,18.98,31716.54,770.0,1816.2900000000009,6.0744977048686915,0.95,0.95,19.31,-5.6,0.18,0.0,0.0,125,,
2026-05-26T09:42:03 ET,2026-05-26T09:40:00 ET,2026-05-26,Tue,0942ET,2026-05-27,29900.25,725.905,29652.6,NEAR_FLIP,NEUTRAL,29.81,0.523,12.52,15.24,15.6,18.98,31738.18,770.0,1837.9300000000003,6.146871681674904,896.34,896.34,20199.29,-2684.31,275.5,2e-06,0.65,428,,
2026-05-26T09:42:03 ET,2026-05-26T09:40:00 ET,2026-05-26,Tue,0942ET,2026-05-28,29900.25,725.905,29652.6,NEAR_FLIP,NEUTRAL,29.81,0.523,12.52,15.24,15.6,18.98,31738.18,770.0,1837.9300000000003,6.146871681674904,45392.86,45392.86,996381.3,-68254.59,28210.18,0.01392,67.5,241,,
2026-05-26T09:42:03 ET,2026-05-26T09:40:00 ET,2026-05-26,Tue,0942ET,2026-05-26,29900.25,725.905,29652.6,NEAR_FLIP,NEUTRAL,29.81,0.523,12.52,15.24,15.6,18.98,31922.49,775.0,2022.2400000000016,6.763287932375153,2.88,2.88,58.75,-18.92,0.61,0.0,0.0,418,,
2026-05-26T09:42:03 ET,2026-05-26T09:40:00 ET,2026-05-26,Tue,0942ET,2026-05-27,29900.25,725.905,29652.6,NEAR_FLIP,NEUTRAL,29.81,0.523,12.52,15.24,15.6,18.98,31944.27,775.0,2044.0200000000004,6.8361301326912,46.67,46.67,1134.03,-154.86,13.76,0.0,0.03,103,,
2026-05-26T09:42:03 ET,2026-05-26T09:40:00 ET,2026-05-26,Tue,0942ET,2026-05-28,29900.25,725.905,29652.6,NEAR_FLIP,NEUTRAL,29.81,0.523,12.52,15.24,15.6,18.98,31944.27,775.0,2044.0200000000004,6.8361301326912,24372.01,24372.01,575124.78,-40598.33,14684.03,0.003565,37.38,263,,
2026-05-26T09:42:03 ET,2026-05-26T09:40:00 ET,2026-05-26,Tue,0942ET,2026-05-26,29900.25,725.905,29652.6,NEAR_FLIP,NEUTRAL,29.81,0.523,12.52,15.24,15.6,18.98,32128.44,780.0,2228.1899999999987,7.4520781598816015,0.29,0.29,5.75,-2.08,0.07,0.0,0.0,23,,
2026-05-26T09:42:03 ET,2026-05-26T09:40:00 ET,2026-05-26,Tue,0942ET,2026-05-27,29900.25,725.905,29652.6,NEAR_FLIP,NEUTRAL,29.81,0.523,12.52,15.24,15.6,18.98,32150.36,780.0,2250.1100000000006,7.525388583707496,4.59,4.59,117.88,-16.73,1.34,0.0,0.0,36,,
2026-05-26T09:42:03 ET,2026-05-26T09:40:00 ET,2026-05-26,Tue,0942ET,2026-05-28,29900.25,725.905,29652.6,NEAR_FLIP,NEUTRAL,29.81,0.523,12.52,15.24,15.6,18.98,32150.36,780.0,2250.1100000000006,7.525388583707496,6520.86,6520.86,162680.51,-11913.4,3886.68,0.000503,10.38,132,,
2026-05-26T09:42:03 ET,2026-05-26T09:40:00 ET,2026-05-26,Tue,0942ET,2026-05-26,29900.25,725.905,29652.6,NEAR_FLIP,NEUTRAL,29.81,0.523,12.52,15.24,15.6,18.98,32334.39,785.0,2434.1399999999994,8.140868387388062,0.92,0.92,17.62,-7.24,0.26,0.0,0.0,27,,
2026-05-26T09:42:03 ET,2026-05-26T09:40:00 ET,2026-05-26,Tue,0942ET,2026-05-27,29900.25,725.905,29652.6,NEAR_FLIP,NEUTRAL,29.81,0.523,12.52,15.24,15.6,18.98,32356.46,785.0,2456.209999999999,8.214680479260204,4.71,4.71,125.32,-18.66,1.39,0.0,0.0,95,,
2026-05-26T09:42:03 ET,2026-05-26T09:40:00 ET,2026-05-26,Tue,0942ET,2026-05-28,29900.25,725.905,29652.6,NEAR_FLIP,NEUTRAL,29.81,0.523,12.52,15.24,15.6,18.98,32356.46,785.0,2456.209999999999,8.214680479260204,6053.69,6053.69,157435.41,-12030.1,3632.8,0.000277,10.06,208,,
2026-05-26T09:42:03 ET,2026-05-26T09:40:00 ET,2026-05-26,Tue,0942ET,2026-05-26,29900.25,725.905,29652.6,NEAR_FLIP,NEUTRAL,29.81,0.523,12.52,15.24,15.6,18.98,32540.34,790.0,2640.09,8.829658614894525,5.69,5.69,103.31,-48.29,1.94,0.0,0.0,52,,
2026-05-26T09:42:03 ET,2026-05-26T09:40:00 ET,2026-05-26,Tue,0942ET,2026-05-27,29900.25,725.905,29652.6,NEAR_FLIP,NEUTRAL,29.81,0.523,12.52,15.24,15.6,18.98,32562.55,790.0,2662.2999999999993,8.9039389302765,0.62,0.62,16.83,-2.65,0.19,0.0,0.0,23,,
2026-05-26T09:42:03 ET,2026-05-26T09:40:00 ET,2026-05-26,Tue,0942ET,2026-05-28,29900.25,725.905,29652.6,NEAR_FLIP,NEUTRAL,29.81,0.523,12.52,15.24,15.6,18.98,32562.55,790.0,2662.2999999999993,8.9039389302765,5354.57,5354.57,143459.0,-11494.11,3284.06,0.000165,9.34,280,,
2026-05-26T09:42:03 ET,2026-05-26T09:40:00 ET,2026-05-26,Tue,0942ET,2026-05-26,29900.25,725.905,29652.6,NEAR_FLIP,NEUTRAL,29.81,0.523,12.52,15.24,15.6,18.98,32746.29,795.0,2846.040000000001,9.518448842400987,35.41,35.41,607.05,-322.9,14.46,0.0,0.03,100,,
2026-05-26T09:42:03 ET,2026-05-26T09:40:00 ET,2026-05-26,Tue,0942ET,2026-05-27,29900.25,725.905,29652.6,NEAR_FLIP,NEUTRAL,29.81,0.523,12.52,15.24,15.6,18.98,32768.64,795.0,2868.3899999999994,9.593197381292796,0.1,0.1,2.74,-0.46,0.03,0.0,0.0,5,,
2026-05-26T09:42:03 ET,2026-05-26T09:40:00 ET,2026-05-26,Tue,0942ET,AGGREGATE,29900.25,725.905,29652.6,NEAR_FLIP,NEUTRAL,29.81,0.523,12.52,15.24,15.6,18.98,26979.65,655.0,-2920.5999999999985,-9.76781130592553,-3255032.18,3354803.28,13978754.680000002,33231523.48,-14301097.36,-58.28473,10615.74,2152,,
2026-05-26T09:42:03 ET,2026-05-26T09:40:00 ET,2026-05-26,Tue,0942ET,AGGREGATE,29900.25,725.905,29652.6,NEAR_FLIP,NEUTRAL,29.81,0.523,12.52,15.24,15.6,18.98,26998.06,655.0,-2902.1899999999987,-9.706239914381982,-3976421.46,4160553.8,35625281.86,19511067.060000002,-5792470.340000001,-17.908293,14012.83,3737,,
2026-05-26T09:42:03 ET,2026-05-26T09:40:00 ET,2026-05-26,Tue,0942ET,AGGREGATE,29900.25,725.905,29652.6,NEAR_FLIP,NEUTRAL,29.81,0.523,12.52,15.24,15.6,18.98,27185.6,660.0,-2714.6500000000015,-9.079021078419082,-3785387.9400000004,4160079.46,16679349.620000001,38316209.29,-10356532.639999999,-45.289846999999995,11930.949999999999,2487,,
2026-05-26T09:42:03 ET,2026-05-26T09:40:00 ET,2026-05-26,Tue,0942ET,AGGREGATE,29900.25,725.905,29652.6,NEAR_FLIP,NEUTRAL,29.81,0.523,12.52,15.24,15.6,18.98,27204.15,660.0,-2696.0999999999985,-9.016981463365687,-2974409.29,3131178.51,34428276.03,9406484.01,-3042279.36,-8.815131999999998,11580.79,2772,,
2026-05-26T09:42:03 ET,2026-05-26T09:40:00 ET,2026-05-26,Tue,0942ET,AGGREGATE,29900.25,725.905,29652.6,NEAR_FLIP,NEUTRAL,29.81,0.523,12.52,15.24,15.6,18.98,27391.55,665.0,-2508.7000000000007,-8.390230850912621,-3313579.8499999996,3533763.25,14941500.28,30076205.01,-9617838.950000001,-45.379833000000005,9152.58,1958,,
2026-05-26T09:42:03 ET,2026-05-26T09:40:00 ET,2026-05-26,Tue,0942ET,AGGREGATE,29900.25,725.905,29652.6,NEAR_FLIP,NEUTRAL,29.81,0.523,12.52,15.24,15.6,18.98,27410.25,665.0,-2490.0,-8.327689567812978,-1009227.85,1166324.01,10126944.309999999,4014807.63,1657865.6800000006,5.313108999999999,3645.16,906,,
2026-05-26T09:42:03 ET,2026-05-26T09:40:00 ET,2026-05-26,Tue,0942ET,AGGREGATE,29900.25,725.905,29652.6,NEAR_FLIP,NEUTRAL,29.81,0.523,12.52,15.24,15.6,18.98,27597.51,670.0,-2302.7400000000016,-7.701407178869747,-16859908.610000003,17668085.73,77540725.92,137964773.07,-47714726.97,-244.69349,41169.689999999995,9007,31.499023634444672,PUT WALL + VOL SENSITIVE
2026-05-26T09:42:03 ET,2026-05-26T09:40:00 ET,2026-05-26,Tue,0942ET,AGGREGATE,29900.25,725.905,29652.6,NEAR_FLIP,NEUTRAL,29.81,0.523,12.52,15.24,15.6,18.98,27616.34,670.0,-2283.91,-7.638431116796681,-2117131.12,2427826.98,20683186.07,7908222.02,2314044.1899999995,8.535309000000002,6887.92,1677,4.989218691939056,PUT WALL + VOL SENSITIVE
2026-05-26T09:42:03 ET,2026-05-26T09:40:00 ET,2026-05-26,Tue,0942ET,AGGREGATE,29900.25,725.905,29652.6,NEAR_FLIP,NEUTRAL,29.81,0.523,12.52,15.24,15.6,18.98,27638.7,671.0,-2261.5499999999993,-7.563649133368449,-2553792.46,2761450.3200000003,11785969.24,21174647.65,-5797269.17,-30.262107,6297.02,1383,4.786334365325408,PUT WALL + VOL SENSITIVE
2026-05-26T09:42:03 ET,2026-05-26T09:40:00 ET,2026-05-26,Tue,0942ET,AGGREGATE,29900.25,725.905,29652.6,NEAR_FLIP,NEUTRAL,29.81,0.523,12.52,15.24,15.6,18.98,27679.89,672.0,-2220.3600000000006,-7.425891087867161,-2218315.8,2429777.62,10271375.13,18289216.770000003,-4455412.85,-23.683571999999998,5421.3099999999995,1195,4.141665776990069,PUT WALL + VOL SENSITIVE
2026-05-26T09:42:03 ET,2026-05-26T09:40:00 ET,2026-05-26,Tue,0942ET,AGGREGATE,29900.25,725.905,29652.6,NEAR_FLIP,NEUTRAL,29.81,0.523,12.52,15.24,15.6,18.98,27721.08,673.0,-2179.1699999999983,-7.28813304236586,-1298786.79,1468644.0699999998,6032321.41,10847728.38,-1884542.1399999997,-10.205559000000001,3205.7000000000003,709,2.432367564673527,PUT WALL + VOL SENSITIVE
2026-05-26T09:42:03 ET,2026-05-26T09:40:00 ET,2026-05-26,Tue,0942ET,AGGREGATE,29900.25,725.905,29652.6,NEAR_FLIP,NEUTRAL,29.81,0.523,12.52,15.24,15.6,18.98,27762.27,674.0,-2137.9799999999996,-7.150374996864574,-1235085.05,1378650.49,5753019.5,9988688.83,-1990160.2300000004,-10.984738000000002,2943.45,653,2.270084359237063,PUT WALL + VOL SENSITIVE
2026-05-26T09:42:03 ET,2026-05-26T09:40:00 ET,2026-05-26,Tue,0942ET,AGGREGATE,29900.25,725.905,29652.6,NEAR_FLIP,NEUTRAL,29.81,0.523,12.52,15.24,15.6,18.98,27803.46,675.0,-2096.790000000001,-7.012616951363286,-2561940.48,3526435.72,11965369.81,25052712.009999998,5118753.529999999,28.810243000000007,7363.11,1638,5.336321427771852,PUT WALL + VOL SENSITIVE
2026-05-26T09:42:03 ET,2026-05-26T09:40:00 ET,2026-05-26,Tue,0942ET,AGGREGATE,29900.25,725.905,29652.6,NEAR_FLIP,NEUTRAL,29.81,0.523,12.52,15.24,15.6,18.98,27822.43,675.0,-2077.8199999999997,-6.949172665780385,-11074703.879999999,11441590.940000001,98417248.0,37845837.25,-16536785.919999998,-72.45473600000001,27968.61,6852,22.921603502237577,PUT WALL + VOL SENSITIVE
2026-05-26T09:42:03 ET,2026-05-26T09:40:00 ET,2026-05-26,Tue,0942ET,AGGREGATE,29900.25,725.905,29652.6,NEAR_FLIP,NEUTRAL,29.81,0.523,12.52,15.24,15.6,18.98,27844.65,676.0,-2055.5999999999985,-6.874858905861986,-1355222.9400000002,1407938.26,6344918.609999999,9803765.46,-3474734.6700000004,-19.952985,2874.48,641,2.345553828163122,PUT WALL + VOL SENSITIVE
2026-05-26T09:42:03 ET,2026-05-26T09:40:00 ET,2026-05-26,Tue,0942ET,AGGREGATE,29900.25,725.905,29652.6,NEAR_FLIP,NEUTRAL,29.81,0.523,12.52,15.24,15.6,18.98,27863.65,676.0,-2036.5999999999985,-6.811314286669839,-1050160.33,1090627.0899999999,11240336.92,2624326.26,-1383410.79,-6.0586649999999995,3072.8,651,2.2776458923728806,PUT WALL + VOL SENSITIVE
2026-05-26T09:42:03 ET,2026-05-26T09:40:00 ET,2026-05-26,Tue,0942ET,AGGREGATE,29900.25,725.905,29652.6,NEAR_FLIP,NEUTRAL,29.81,0.523,12.52,15.24,15.6,18.98,27885.84,677.0,-2014.4099999999999,-6.737100860360699,-5320615.9,5504472.0,24964882.509999998,37552150.63,-13622227.88,-79.849638,10986.71,2455,9.161141106362823,PUT WALL + VOL SENSITIVE
2026-05-26T09:42:03 ET,2026-05-26T09:40:00 ET,2026-05-26,Tue,0942ET,AGGREGATE,29900.25,725.905,29652.6,NEAR_FLIP,NEUTRAL,29.81,0.523,12.52,15.24,15.6,18.98,27904.87,677.0,-1995.380000000001,-6.673455907559305,-950239.8400000001,1230980.56,9693975.73,3364445.51,3193289.32,15.056946,3181.56,705,2.211217162718805,PUT WALL + VOL SENSITIVE
2026-05-26T09:42:03 ET,2026-05-26T09:40:00 ET,2026-05-26,Tue,0942ET,AGGREGATE,29900.25,725.905,29652.6,NEAR_FLIP,NEUTRAL,29.81,0.523,12.52,15.24,15.6,18.98,27927.03,678.0,-1973.2200000000012,-6.599342814859412,-3038939.59,3093901.5700000003,14286623.73,20670340.49,-8242903.750000001,-49.350550999999996,6036.15,1351,5.1209913732492796,PUT WALL + VOL SENSITIVE
2026-05-26T09:42:03 ET,2026-05-26T09:40:00 ET,2026-05-26,Tue,0942ET,AGGREGATE,29900.25,725.905,29652.6,NEAR_FLIP,NEUTRAL,29.81,0.523,12.52,15.24,15.6,18.98,27946.08,678.0,-1954.1699999999983,-6.535630972985169,-1472405.96,1523234.06,14410513.28,4059536.83,-2084143.63,-9.803273,3881.5899999999997,846,3.0224055852307883,PUT WALL + VOL SENSITIVE
2026-05-26T09:42:03 ET,2026-05-26T09:40:00 ET,2026-05-26,Tue,0942ET,AGGREGATE,29900.25,725.905,29652.6,NEAR_FLIP,NEUTRAL,29.81,0.523,12.52,15.24,15.6,18.98,27968.22,679.0,-1932.0299999999988,-6.461584769358112,-2424712.3299999996,2532373.31,11417955.540000001,16561335.979999999,-5617794.3,-34.373751,4828.450000000001,1082,4.087292313175511,PUT WALL + VOL SENSITIVE
2026-05-26T09:42:03 ET,2026-05-26T09:40:00 ET,2026-05-26,Tue,0942ET,AGGREGATE,29900.25,725.905,29652.6,NEAR_FLIP,NEUTRAL,29.81,0.523,12.52,15.24,15.6,18.98,27987.3,679.0,-1912.9500000000007,-6.3977725938746355,-772522.25,944726.77,7752843.53,2243038.04,1520132.91,7.205734000000002,2482.09,511,1.6757083494049672,PUT WALL + VOL SENSITIVE
2026-05-26T09:42:03 ET,2026-05-26T09:40:00 ET,2026-05-26,Tue,0942ET,AGGREGATE,29900.25,725.905,29652.6,NEAR_FLIP,NEUTRAL,29.81,0.523,12.52,15.24,15.6,18.98,28009.41,680.0,-1890.8400000000001,-6.323826723856825,-7809870.91,8527909.91,36826950.63,54567383.25,-13084431.069999998,-81.87329400000002,15888.13,3563,13.366097717862141,PUT WALL + VOL SENSITIVE
2026-05-26T09:42:03 ET,2026-05-26T09:40:00 ET,2026-05-26,Tue,0942ET,AGGREGATE,29900.25,725.905,29652.6,NEAR_FLIP,NEUTRAL,29.81,0.523,12.52,15.24,15.6,18.98,28028.52,680.0,-1871.7299999999996,-6.259914214764089,-13394030.54,15132824.82,152980923.42,28802627.020000003,2901943.3599999994,17.883859,42434.64,7986,29.596417874307416,PUT WALL + VOL SENSITIVE
2026-05-26T09:42:03 ET,2026-05-26T09:40:00 ET,2026-05-26,Tue,0942ET,AGGREGATE,29900.25,725.905,29652.6,NEAR_FLIP,NEUTRAL,29.81,0.523,12.52,15.24,15.6,18.98,28050.6,681.0,-1849.6500000000015,-6.186068678355537,-1567564.45,1601854.93,7399565.82,10023612.940000001,-3890715.64,-24.913547,2915.6,654,2.5433383196002057,PUT WALL + VOL SENSITIVE
2026-05-26T09:42:03 ET,2026-05-26T09:40:00 ET,2026-05-26,Tue,0942ET,AGGREGATE,29900.25,725.905,29652.6,NEAR_FLIP,NEUTRAL,29.81,0.523,12.52,15.24,15.6,18.98,28069.74,681.0,-1830.5099999999984,-6.122055835653542,-1743151.17,1851158.4899999998,16662861.959999999,4667009.65,-1675844.15,-8.676309999999999,4465.13,931,3.4543367631758617,PUT WALL + VOL SENSITIVE
2026-05-26T09:42:03 ET,2026-05-26T09:40:00 ET,2026-05-26,Tue,0942ET,AGGREGATE,29900.25,725.905,29652.6,NEAR_FLIP,NEUTRAL,29.81,0.523,12.52,15.24,15.6,18.98,28091.79,682.0,-1808.4599999999991,-6.048310632854237,-9571518.42,9797261.78,45214431.67,59923175.730000004,-23015584.25,-150.92289,17418.289999999997,3906,15.48224081146629,PUT WALL + VOL SENSITIVE
2026-05-26T09:42:03 ET,2026-05-26T09:40:00 ET,2026-05-26,Tue,0942ET,AGGREGATE,29900.25,725.905,29652.6,NEAR_FLIP,NEUTRAL,29.81,0.523,12.52,15.24,15.6,18.98,28110.96,682.0,-1789.2900000000009,-5.984197456543009,-3633743.85,3716477.39,31455479.18,10412672.94,-5798584.4399999995,-31.4657,8143.84,1795,6.799356723184036,PUT WALL + VOL SENSITIVE
2026-05-26T09:42:03 ET,2026-05-26T09:40:00 ET,2026-05-26,Tue,0942ET,AGGREGATE,29900.25,725.905,29652.6,NEAR_FLIP,NEUTRAL,29.81,0.523,12.52,15.24,15.6,18.98,28132.98,683.0,-1767.2700000000004,-5.910552587352949,-6480335.79,6588298.55,30623603.240000002,39365962.91,-15741118.940000001,-105.784223,11439.14,2563,10.310666175977953,PUT WALL + VOL SENSITIVE
2026-05-26T09:42:03 ET,2026-05-26T09:40:00 ET,2026-05-26,Tue,0942ET,AGGREGATE,29900.25,725.905,29652.6,NEAR_FLIP,NEUTRAL,29.81,0.523,12.52,15.24,15.6,18.98,28152.18,683.0,-1748.0699999999997,-5.846339077432463,-1301367.54,1382383.26,12231603.82,3306656.39,-1273742.2400000002,-7.126178,3237.12,648,2.4891666055931982,PUT WALL + VOL SENSITIVE
2026-05-26T09:42:03 ET,2026-05-26T09:40:00 ET,2026-05-26,Tue,0942ET,AGGREGATE,29900.25,725.905,29652.6,NEAR_FLIP,NEUTRAL,29.81,0.523,12.52,15.24,15.6,18.98,28174.17,684.0,-1726.0800000000017,-5.772794541851662,-2792000.2399999998,2923822.72,13193919.040000001,17057445.81,-5670773.64,-39.086109,4956.92,1109,4.433736912034309,PUT WALL + VOL SENSITIVE
2026-05-26T09:42:03 ET,2026-05-26T09:40:00 ET,2026-05-26,Tue,0942ET,AGGREGATE,29900.25,725.905,29652.6,NEAR_FLIP,NEUTRAL,29.81,0.523,12.52,15.24,15.6,18.98,28193.4,684.0,-1706.8499999999985,-5.708480698321916,-2107906.45,2152241.99,20827095.71,4537722.0,-3349166.37,-19.352881999999997,5227.59,975,4.019648611918615,PUT WALL + VOL SENSITIVE
2026-05-26T09:42:03 ET,2026-05-26T09:40:00 ET,2026-05-26,Tue,0942ET,AGGREGATE,29900.25,725.905,29652.6,NEAR_FLIP,NEUTRAL,29.81,0.523,12.52,15.24,15.6,18.98,28215.36,685.0,-1684.8899999999994,-5.635036496350363,-21320192.59,22061717.45,100710605.3,125592606.85000001,-45237211.27,-320.060153,36514.340000000004,8152,33.39002174474858,PUT WALL + VOL SENSITIVE
2026-05-26T09:42:03 ET,2026-05-26T09:40:00 ET,2026-05-26,Tue,0942ET,AGGREGATE,29900.25,725.905,29652.6,NEAR_FLIP,NEUTRAL,29.81,0.523,12.52,15.24,15.6,18.98,28234.61,685.0,-1665.6399999999994,-5.5706557637477925,-2766548.0500000003,3670630.7300000004,27629298.07,7818314.01,7334051.85,44.502154999999995,8622.6,1599,5.801044665694046,PUT WALL + VOL SENSITIVE
2026-05-26T09:42:03 ET,2026-05-26T09:40:00 ET,2026-05-26,Tue,0942ET,AGGREGATE,29900.25,725.905,29652.6,NEAR_FLIP,NEUTRAL,29.81,0.523,12.52,15.24,15.6,18.98,28256.55,686.0,-1643.7000000000007,-5.497278450849075,-2886076.83,2919441.8899999997,13621721.98,16207668.43,-6699133.07,-48.695606,4716.37,1050,4.391406110601156,PUT WALL + VOL SENSITIVE
2026-05-26T09:42:03 ET,2026-05-26T09:40:00 ET,2026-05-26,Tue,0942ET,AGGREGATE,29900.25,725.905,29652.6,NEAR_FLIP,NEUTRAL,29.81,0.523,12.52,15.24,15.6,18.98,28275.83,686.0,-1624.4199999999983,-5.432797384637246,-1247966.79,1478133.4500000002,11266094.42,3457981.82,733950.4699999999,4.650873000000001,3193.89,618,2.3530490930591776,PUT WALL + VOL SENSITIVE
2026-05-26T09:42:03 ET,2026-05-26T09:40:00 ET,2026-05-26,Tue,0942ET,AGGREGATE,29900.25,725.905,29652.6,NEAR_FLIP,NEUTRAL,29.81,0.523,12.52,15.24,15.6,18.98,28297.74,687.0,-1602.5099999999984,-5.359520405347776,-3565428.21,3679796.3899999997,16806503.8,19909547.23,-7335365.09,-54.831182000000005,5801.45,1287,5.405818698873269,PUT WALL + VOL SENSITIVE
2026-05-26T09:42:03 ET,2026-05-26T09:40:00 ET,2026-05-26,Tue,0942ET,AGGREGATE,29900.25,725.905,29652.6,NEAR_FLIP,NEUTRAL,29.81,0.523,12.52,15.24,15.6,18.98,28317.05,687.0,-1583.2000000000007,-5.294939005526713,-1323195.4100000001,1407580.5499999998,11989558.58,3003276.72,-1356503.59,-8.853681000000002,3110.54,566,2.3631053596301426,PUT WALL + VOL SENSITIVE
2026-05-26T09:42:03 ET,2026-05-26T09:40:00 ET,2026-05-26,Tue,0942ET,AGGREGATE,29900.25,725.905,29652.6,NEAR_FLIP,NEUTRAL,29.81,0.523,12.52,15.24,15.6,18.98,28338.93,688.0,-1561.3199999999997,-5.221762359846489,-8390671.6,8573141.479999999,39481313.06,45175309.730000004,-17755685.880000003,-136.614751,13187.99,2913,12.519785311701403,PUT WALL + VOL SENSITIVE
2026-05-26T09:42:03 ET,2026-05-26T09:40:00 ET,2026-05-26,Tue,0942ET,AGGREGATE,29900.25,725.905,29652.6,NEAR_FLIP,NEUTRAL,29.81,0.523,12.52,15.24,15.6,18.98,28358.27,688.0,-1541.9799999999996,-5.157080626416166,-2171336.08,2228344.2800000003,19563737.64,4655294.05,-3263239.87,-22.150027,4828.5,860,3.7962939908316846,PUT WALL + VOL SENSITIVE
2026-05-26T09:42:03 ET,2026-05-26T09:40:00 ET,2026-05-26,Tue,0942ET,AGGREGATE,29900.25,725.905,29652.6,NEAR_FLIP,NEUTRAL,29.81,0.523,12.52,15.24,15.6,18.98,28380.12,689.0,-1520.130000000001,-5.084004314345201,-12087360.61,12123750.05,56745057.08,62174588.07,-27215005.740000002,-215.756183,18193.71,3998,17.644347465830432,PUT WALL + VOL SENSITIVE
2026-05-26T09:42:03 ET,2026-05-26T09:40:00 ET,2026-05-26,Tue,0942ET,AGGREGATE,29900.25,725.905,29652.6,NEAR_FLIP,NEUTRAL,29.81,0.523,12.52,15.24,15.6,18.98,28399.49,689.0,-1500.7599999999984,-5.01922224730562,-6742219.62,6996127.62,66707927.84,11621726.49,-9257600.42,-65.579746,16489.32,2588,12.154008113993795,PUT WALL + VOL SENSITIVE
2026-05-26T09:42:03 ET,2026-05-26T09:40:00 ET,2026-05-26,Tue,0942ET,AGGREGATE,29900.25,725.905,29652.6,NEAR_FLIP,NEUTRAL,29.81,0.523,12.52,15.24,15.6,18.98,28421.31,690.0,-1478.9399999999987,-4.946246268843901,-32251615.790000003,32720798.45,150975260.71,163188354.26999998,-67501255.55999999,-551.979792,47893.280000000006,10461,46.65570074878584,PUT WALL + VOL SENSITIVE
2026-05-26T09:42:03 ET,2026-05-26T09:40:00 ET,2026-05-26,Tue,0942ET,AGGREGATE,29900.25,725.905,29652.6,NEAR_FLIP,NEUTRAL,29.81,0.523,12.52,15.24,15.6,18.98,28440.71,690.0,-1459.5400000000009,-4.881363868195085,-16156166.55,17391438.45,129314198.24000001,39628136.63,-15152788.98,-111.79105100000001,33203.29,6171,26.82865929623003,PUT WALL + VOL SENSITIVE
2026-05-26T09:42:03 ET,2026-05-26T09:40:00 ET,2026-05-26,Tue,0942ET,AGGREGATE,29900.25,725.905,29652.6,NEAR_FLIP,NEUTRAL,29.81,0.523,12.52,15.24,15.6,18.98,28462.5,691.0,-1437.75,-4.808488223342614,-2532252.39,2719587.39,11812917.209999999,13179957.53,-3822182.95,-32.274761,3881.87,842,3.6726919595061456,PUT WALL + VOL SENSITIVE
2026-05-26T09:42:03 ET,2026-05-26T09:40:00 ET,2026-05-26,Tue,0942ET,AGGREGATE,29900.25,725.905,29652.6,NEAR_FLIP,NEUTRAL,29.81,0.523,12.52,15.24,15.6,18.98,28481.92,691.0,-1418.3300000000017,-4.743538933620963,-2079341.9699999997,2580588.55,17115673.02,5321477.08,1592651.09,12.332146000000002,5089.32,876,3.580117264476592,PUT WALL + VOL SENSITIVE
2026-05-26T09:42:03 ET,2026-05-26T09:40:00 ET,2026-05-26,Tue,0942ET,AGGREGATE,29900.25,725.905,29652.6,NEAR_FLIP,NEUTRAL,29.81,0.523,12.52,15.24,15.6,18.98,28503.69,692.0,-1396.5600000000013,-4.670730177841327,-8658441.139999999,8758615.94,40225757.23,41212490.3,-17577170.2,-153.44289600000002,12189.33,2623,12.109318513931829,PUT WALL + VOL SENSITIVE
2026-05-26T09:42:03 ET,2026-05-26T09:40:00 ET,2026-05-26,Tue,0942ET,AGGREGATE,29900.25,725.905,29652.6,NEAR_FLIP,NEUTRAL,29.81,0.523,12.52,15.24,15.6,18.98,28523.14,692.0,-1377.1100000000006,-4.605680554510416,-2095377.48,2781627.4,18262060.64,4866895.470000001,3138064.879999999,25.459749999999996,5847.889999999999,901,3.70754848689411,PUT WALL + VOL SENSITIVE
2026-05-26T09:42:03 ET,2026-05-26T09:40:00 ET,2026-05-26,Tue,0942ET,AGGREGATE,29900.25,725.905,29652.6,NEAR_FLIP,NEUTRAL,29.81,0.523,12.52,15.24,15.6,18.98,28544.88,693.0,-1355.369999999999,-4.532972132340028,-3884886.9,4126828.2600000002,17961981.7,18836807.1,-6061127.77,-54.767906999999994,5598.71,1194,5.439690990852276,PUT WALL + VOL SENSITIVE
2026-05-26T09:42:03 ET,2026-05-26T09:40:00 ET,2026-05-26,Tue,0942ET,AGGREGATE,29900.25,725.905,29652.6,NEAR_FLIP,NEUTRAL,29.81,0.523,12.52,15.24,15.6,18.98,28564.36,693.0,-1335.8899999999994,-4.46782217539987,-2136448.11,4026073.03,16822104.85,6804716.81,14042902.9,119.675651,8346.23,1245,4.162216038553613,PUT WALL + VOL SENSITIVE
2026-05-26T09:42:03 ET,2026-05-26T09:40:00 ET,2026-05-26,Tue,0942ET,AGGREGATE,29900.25,725.905,29652.6,NEAR_FLIP,NEUTRAL,29.81,0.523,12.52,15.24,15.6,18.98,28586.07,694.0,-1314.1800000000003,-4.39521408683874,-3499716.33,3857926.8099999996,16091387.299999999,17066088.95,-4237131.1,-39.679923,5101.22,1077,4.888414874367002,PUT WALL + VOL SENSITIVE
2026-05-26T09:42:03 ET,2026-05-26T09:40:00 ET,2026-05-26,Tue,0942ET,AGGREGATE,29900.25,725.905,29652.6,NEAR_FLIP,NEUTRAL,29.81,0.523,12.52,15.24,15.6,18.98,28605.58,694.0,-1294.6699999999983,-4.329963796289323,-3660030.37,4709744.53,27687554.749999996,8737816.89,3010312.5800000005,27.44759600000001,8909.4,1393,5.880167355098703,PUT WALL + VOL SENSITIVE
2026-05-26T09:42:03 ET,2026-05-26T09:40:00 ET,2026-05-26,Tue,0942ET,AGGREGATE,29900.25,725.905,29652.6,NEAR_FLIP,NEUTRAL,29.81,0.523,12.52,15.24,15.6,18.98,28627.26,695.0,-1272.9900000000016,-4.257456041337453,-10706093.08,12691181.180000002,48912957.03,54354686.839999996,-5941788.18,-57.745259000000004,16352.77,3414,15.19055701158848,PUT WALL + VOL SENSITIVE
2026-05-26T09:42:03 ET,2026-05-26T09:40:00 ET,2026-05-26,Tue,0942ET,AGGREGATE,29900.25,725.905,29652.6,NEAR_FLIP,NEUTRAL,29.81,0.523,12.52,15.24,15.6,18.98,28646.8,695.0,-1253.4500000000007,-4.192105417178789,-23710150.23,26325685.19,187845683.62,46670995.21,-18662390.4,-173.129596,49387.619999999995,7420,36.658297977823985,PUT WALL + VOL SENSITIVE
2026-05-26T09:42:03 ET,2026-05-26T09:40:00 ET,2026-05-26,Tue,0942ET,AGGREGATE,29900.25,725.905,29652.6,NEAR_FLIP,NEUTRAL,29.81,0.523,12.52,15.24,15.6,18.98,28668.45,696.0,-1231.7999999999993,-4.1196979958361535,-6022563.600000001,7536896.46,27316524.5,31219063.95,-493166.88999999873,-4.980694,9461.779999999999,1951,8.56581715104803,PUT WALL + VOL SENSITIVE
2026-05-26T09:42:03 ET,2026-05-26T09:40:00 ET,2026-05-26,Tue,0942ET,AGGREGATE,29900.25,725.905,29652.6,NEAR_FLIP,NEUTRAL,29.81,0.523,12.52,15.24,15.6,18.98,28688.02,696.0,-1212.2299999999996,-4.054247038068242,-2552679.6100000003,3513936.73,20057577.82,5975147.109999999,3335182.1699999995,32.531339,6516.96,943,4.139751829151717,PUT WALL + VOL SENSITIVE
2026-05-26T09:42:03 ET,2026-05-26T09:40:00 ET,2026-05-26,Tue,0942ET,AGGREGATE,29900.25,725.905,29652.6,NEAR_FLIP,NEUTRAL,29.81,0.523,12.52,15.24,15.6,18.98,28709.64,697.0,-1190.6100000000006,-3.981939950334865,-7634410.350000001,8205282.53,34344559.830000006,32833667.930000003,-10539204.59,-110.769197,10034.3,2041,10.016339065465669,PUT WALL + VOL SENSITIVE
2026-05-26T09:42:03 ET,2026-05-26T09:40:00 ET,2026-05-26,Tue,0942ET,AGGREGATE,29900.25,725.905,29652.6,NEAR_FLIP,NEUTRAL,29.81,0.523,12.52,15.24,15.6,18.98,28729.23,697.0,-1171.0200000000004,-3.9164221034941193,-1554743.0199999998,3862266.62,13143594.08,6076140.6899999995,14790647.379999999,151.34899600000003,7241.030000000001,985,3.3262828537654574,PUT WALL + VOL SENSITIVE
2026-05-26T09:42:03 ET,2026-05-26T09:40:00 ET,2026-05-26,Tue,0942ET,AGGREGATE,29900.25,725.905,29652.6,NEAR_FLIP,NEUTRAL,29.81,0.523,12.52,15.24,15.6,18.98,28750.83,698.0,-1149.4199999999983,-3.8441819048335657,-11308588.78,12180091.74,50405912.04,47026916.5,-15270378.849999998,-167.26919800000002,14507.11,2907,14.573714546109128,PUT WALL + VOL SENSITIVE
2026-05-26T09:42:03 ET,2026-05-26T09:40:00 ET,2026-05-26,Tue,0942ET,AGGREGATE,29900.25,725.905,29652.6,NEAR_FLIP,NEUTRAL,29.81,0.523,12.52,15.24,15.6,18.98,28770.45,698.0,-1129.7999999999993,-3.778563724383573,-2471314.46,3462206.42,17958137.44,5629227.91,2842503.4800000004,30.911569000000004,6099.099999999999,841,3.7728962850389727,PUT WALL + VOL SENSITIVE
2026-05-26T09:42:03 ET,2026-05-26T09:40:00 ET,2026-05-26,Tue,0942ET,AGGREGATE,29900.25,725.905,29652.6,NEAR_FLIP,NEUTRAL,29.81,0.523,12.52,15.24,15.6,18.98,28792.02,699.0,-1108.2299999999996,-3.7064238593322787,-7596616.65,7955236.43,33511749.060000002,29597309.65,-11630413.39,-132.976893,9226.66,1819,9.488984941700455,PUT WALL + VOL SENSITIVE
2026-05-26T09:42:03 ET,2026-05-26T09:40:00 ET,2026-05-26,Tue,0942ET,AGGREGATE,29900.25,725.905,29652.6,NEAR_FLIP,NEUTRAL,29.81,0.523,12.52,15.24,15.6,18.98,28811.67,699.0,-1088.5800000000017,-3.640705345273039,-3117059.21,4177197.19,24664131.340000004,5638576.33,1701822.7299999995,19.223526999999997,7946.0199999999995,960,4.742040928988579,PUT WALL + VOL SENSITIVE
2026-05-26T09:42:03 ET,2026-05-26T09:40:00 ET,2026-05-26,Tue,0942ET,AGGREGATE,29900.25,725.905,29652.6,NEAR_FLIP,NEUTRAL,29.81,0.523,12.52,15.24,15.6,18.98,28833.22,700.0,-1067.0299999999988,-3.5686323692945674,-32114285.71,45227009.43,140038892.48999998,161916275.45000002,22672690.700000003,271.00509999999997,51071.090000000004,9892,44.58384733377023,PUT WALL + VOL SENSITIVE
2026-05-26T09:42:03 ET,2026-05-26T09:40:00 ET,2026-05-26,Tue,0942ET,AGGREGATE,29900.25,725.905,29652.6,NEAR_FLIP,NEUTRAL,29.81,0.523,12.52,15.24,15.6,18.98,28852.89,700.0,-1047.3600000000006,-3.502846966162492,-16360284.52,21673135.439999998,116713491.56,31632002.759999998,5512272.159999996,66.92593900000003,37738.399999999994,4742,23.512933439976603,PUT WALL + VOL SENSITIVE
2026-05-26T09:42:03 ET,2026-05-26T09:40:00 ET,2026-05-26,Tue,0942ET,AGGREGATE,29900.25,725.905,29652.6,NEAR_FLIP,NEUTRAL,29.81,0.523,12.52,15.24,15.6,18.98,28874.41,701.0,-1025.8400000000001,-3.43087432379328,-5323620.609999999,6980070.91,22916694.880000003,24009787.76,230315.88999999873,2.882616000000013,7672.73,1458,6.920829689318375,PUT WALL + VOL SENSITIVE
2026-05-26T09:42:03 ET,2026-05-26T09:40:00 ET,2026-05-26,Tue,0942ET,AGGREGATE,29900.25,725.905,29652.6,NEAR_FLIP,NEUTRAL,29.81,0.523,12.52,15.24,15.6,18.98,28894.11,701.0,-1006.1399999999994,-3.364988587051946,-2304758.9699999997,4742374.41,17979672.86,6030959.26,10279922.15,129.45076,8640.61,982,3.9937254088133414,PUT WALL + VOL SENSITIVE
2026-05-26T09:42:03 ET,2026-05-26T09:40:00 ET,2026-05-26,Tue,0942ET,AGGREGATE,29900.25,725.905,29652.6,NEAR_FLIP,NEUTRAL,29.81,0.523,12.52,15.24,15.6,18.98,28915.6,702.0,-984.6500000000015,-3.2931162782919925,-16233265.93,18944668.21,68882904.26,62508610.31,-13244683.900000002,-173.861104,20268.36,3773,19.76758780095983,PUT WALL + VOL SENSITIVE
2026-05-26T09:42:03 ET,2026-05-26T09:40:00 ET,2026-05-26,Tue,0942ET,AGGREGATE,29900.25,725.905,29652.6,NEAR_FLIP,NEUTRAL,29.81,0.523,12.52,15.24,15.6,18.98,28935.33,702.0,-964.9199999999983,-3.227130207941399,-1740271.2599999998,9125491.76,16676096.770000001,11556799.420000002,37354452.550000004,495.60164199999997,15988.04,1793,5.269548522095854,PUT WALL + VOL SENSITIVE
2026-05-26T09:42:03 ET,2026-05-26T09:40:00 ET,2026-05-26,Tue,0942ET,AGGREGATE,29900.25,725.905,29652.6,NEAR_FLIP,NEUTRAL,29.81,0.523,12.52,15.24,15.6,18.98,28956.79,703.0,-943.4599999999991,-3.1553582327906926,-12728457.83,16062227.13,53155267.55,50747031.0,-4414602.5,-60.87944799999997,16722.79,3045,15.55178937488439,PUT WALL + VOL SENSITIVE
2026-05-26T09:42:03 ET,2026-05-26T09:40:00 ET,2026-05-26,Tue,0942ET,AGGREGATE,29900.25,725.905,29652.6,NEAR_FLIP,NEUTRAL,29.81,0.523,12.52,15.24,15.6,18.98,28976.55,703.0,-923.7000000000007,-3.089271828830865,-6211453.630000001,8859969.41,41010932.0,11748827.5,3099343.9599999995,43.421504999999996,14355.919999999998,1652,8.420367444129122,PUT WALL + VOL SENSITIVE
2026-05-26T09:42:03 ET,2026-05-26T09:40:00 ET,2026-05-26,Tue,0942ET,AGGREGATE,29900.25,725.905,29652.6,NEAR_FLIP,NEUTRAL,29.81,0.523,12.52,15.24,15.6,18.98,28997.98,704.0,-902.2700000000004,-3.017600187289405,-9369938.71,16042134.41,38442035.019999996,48437053.51,16772522.09,243.40153700000002,16250.579999999998,2890,12.974686534893287,PUT WALL + VOL SENSITIVE
2026-05-26T09:42:03 ET,2026-05-26T09:40:00 ET,2026-05-26,Tue,0942ET,AGGREGATE,29900.25,725.905,29652.6,NEAR_FLIP,NEUTRAL,29.81,0.523,12.52,15.24,15.6,18.98,29017.76,704.0,-882.4900000000016,-2.9514468942567422,-7625650.68,9959976.02,47267535.550000004,13058283.790000003,-1623010.580000001,-23.96256600000001,15448.619999999999,1759,9.628872803355149,PUT WALL + VOL SENSITIVE
2026-05-26T09:42:03 ET,2026-05-26T09:40:00 ET,2026-05-26,Tue,0942ET,AGGREGATE,29900.25,725.905,29652.6,NEAR_FLIP,NEUTRAL,29.81,0.523,12.52,15.24,15.6,18.98,29039.17,705.0,-861.0800000000017,-2.8798421417881177,-51361279.18,68891285.16,206613472.54999998,198367453.26000002,-4713284.140000001,-72.09821499999998,67890.55,11774,60.923645494330216,PUT WALL + VOL SENSITIVE
2026-05-26T09:42:03 ET,2026-05-26T09:40:00 ET,2026-05-26,Tue,0942ET,AGGREGATE,29900.25,725.905,29652.6,NEAR_FLIP,NEUTRAL,29.81,0.523,12.52,15.24,15.6,18.98,29058.98,705.0,-841.2700000000004,-2.813588515146196,-7212900.06,23368832.84,40735255.910000004,27093740.46,58471996.92,917.447219,37712.47,3904,12.905055843087542,PUT WALL + VOL SENSITIVE
2026-05-26T09:42:03 ET,2026-05-26T09:40:00 ET,2026-05-26,Tue,0942ET,AGGREGATE,29900.25,725.905,29652.6,NEAR_FLIP,NEUTRAL,29.81,0.523,12.52,15.24,15.6,18.98,29080.36,706.0,-819.8899999999994,-2.7420840962868183,-16803979.419999998,24551108.16,66137903.63,67260054.32,5702034.339999996,92.09450200000003,23533.79,3974,20.116884810638297,PUT WALL + VOL SENSITIVE
2026-05-26T09:42:03 ET,2026-05-26T09:40:00 ET,2026-05-26,Tue,0942ET,AGGREGATE,29900.25,725.905,29652.6,NEAR_FLIP,NEUTRAL,29.81,0.523,12.52,15.24,15.6,18.98,29100.2,706.0,-800.0499999999993,-2.6757301360356496,-10094458.39,13977577.450000001,65660715.95,13799152.18,-1765517.0500000007,-29.073853999999983,23854.79,2211,12.703144178451886,PUT WALL + VOL SENSITIVE
2026-05-26T09:42:03 ET,2026-05-26T09:40:00 ET,2026-05-26,Tue,0942ET,AGGREGATE,29900.25,725.905,29652.6,NEAR_FLIP,NEUTRAL,29.81,0.523,12.52,15.24,15.6,18.98,29121.55,707.0,-778.7000000000007,-2.604326050785531,-13093665.309999999,18830311.09,50300390.03,48956284.27,1770404.2199999988,30.24103100000002,17554.73,2882,15.052417232032294,PUT WALL + VOL SENSITIVE
2026-05-26T09:42:03 ET,2026-05-26T09:40:00 ET,2026-05-26,Tue,0942ET,AGGREGATE,29900.25,725.905,29652.6,NEAR_FLIP,NEUTRAL,29.81,0.523,12.52,15.24,15.6,18.98,29141.42,707.0,-758.8300000000017,-2.537871756925115,-11158270.610000001,17979913.77,59480151.85000001,20331480.24,7035414.340000002,121.97293200000003,26402.629999999997,2688,13.423613190680712,PUT WALL + VOL SENSITIVE
2026-05-26T09:42:03 ET,2026-05-26T09:40:00 ET,2026-05-26,Tue,0942ET,AGGREGATE,29900.25,725.905,29652.6,NEAR_FLIP,NEUTRAL,29.81,0.523,12.52,15.24,15.6,18.98,29162.74,708.0,-737.5099999999984,-2.4665680052842314,-8333165.0600000005,17109289.060000002,31161988.790000003,42093094.55,19039727.24,344.512399,15510.599999999999,2472,11.175988328848293,PUT WALL + VOL SENSITIVE
2026-05-26T09:42:03 ET,2026-05-26T09:40:00 ET,2026-05-26,Tue,0942ET,AGGREGATE,29900.25,725.905,29652.6,NEAR_FLIP,NEUTRAL,29.81,0.523,12.52,15.24,15.6,18.98,29182.64,708.0,-717.6100000000006,-2.4000133778145685,-5274336.5600000005,15724924.22,28736727.960000005,15929268.209999999,27024580.9,499.836803,23707.730000000003,2226,8.235254998719252,PUT WALL + VOL SENSITIVE
2026-05-26T09:42:03 ET,2026-05-26T09:40:00 ET,2026-05-26,Tue,0942ET,AGGREGATE,29900.25,725.905,29652.6,NEAR_FLIP,NEUTRAL,29.81,0.523,12.52,15.24,15.6,18.98,29203.93,709.0,-696.3199999999997,-2.328809959782944,-9002576.46,14318942.98,32672027.98,33230582.2,3969157.6000000015,76.196553,12621.61,1950,10.137816485627853,PUT WALL + VOL SENSITIVE
2026-05-26T09:42:03 ET,2026-05-26T09:40:00 ET,2026-05-26,Tue,0942ET,AGGREGATE,29900.25,725.905,29652.6,NEAR_FLIP,NEUTRAL,29.81,0.523,12.52,15.24,15.6,18.98,29223.86,709.0,-676.3899999999994,-2.2621549987040224,-5493053.69,17556709.51,27538354.180000007,17821793.79,29005562.51,567.6545570000001,24743.13,2347,8.493364645876659,PUT WALL + VOL SENSITIVE
2026-05-26T09:42:03 ET,2026-05-26T09:40:00 ET,2026-05-26,Tue,0942ET,AGGREGATE,29900.25,725.905,29652.6,NEAR_FLIP,NEUTRAL,29.81,0.523,12.52,15.24,15.6,18.98,29245.12,710.0,-655.130000000001,-2.191051914281657,-80360333.55,106481342.95,282074437.96,232273378.87,-42586229.82000001,-868.629023,91250.65000000001,13648,81.6178556391377,PUT WALL + VOL SENSITIVE
2026-05-26T09:42:03 ET,2026-05-26T09:40:00 ET,2026-05-26,Tue,0942ET,AGGREGATE,29900.25,725.905,29652.6,NEAR_FLIP,NEUTRAL,29.81,0.523,12.52,15.24,15.6,18.98,29265.07,710.0,-635.1800000000003,-2.1243300641298997,-25658315.690000005,51794194.43,128493669.32000001,46994935.050000004,31551137.919999998,652.161038,74778.62,6565,30.84136982281232,PUT WALL + VOL SENSITIVE
2026-05-26T09:42:03 ET,2026-05-26T09:40:00 ET,2026-05-26,Tue,0942ET,AGGREGATE,29900.25,725.905,29652.6,NEAR_FLIP,NEUTRAL,29.81,0.523,12.52,15.24,15.6,18.98,29286.31,711.0,-613.9399999999987,-2.053293868780357,-14352017.850000001,27151793.17,48535891.92,55446167.900000006,14514675.670000002,314.98215099999993,22619.12,3271,16.331268134981606,PUT WALL + VOL SENSITIVE
2026-05-26T09:42:03 ET,2026-05-26T09:40:00 ET,2026-05-26,Tue,0942ET,AGGREGATE,29900.25,725.905,29652.6,NEAR_FLIP,NEUTRAL,29.81,0.523,12.52,15.24,15.6,18.98,29306.29,711.0,-593.9599999999991,-1.9864716850193531,-293701.77000000025,15302534.209999999,-2997088.2799999975,11784208.299999999,39269590.78,841.4261750000001,23364.64,1847,3.876533051226135,PUT WALL + VOL SENSITIVE
2026-05-26T09:42:03 ET,2026-05-26T09:40:00 ET,2026-05-26,Tue,0942ET,AGGREGATE,29900.25,725.905,29652.6,NEAR_FLIP,NEUTRAL,29.81,0.523,12.52,15.24,15.6,18.98,29327.5,712.0,-572.75,-1.9155358232790698,-27684424.93,36791725.37,89801502.08,70012102.82000001,-18348396.560000002,-424.1419159999999,29792.27,4161,26.23836074492593,PUT WALL + VOL SENSITIVE
2026-05-26T09:42:03 ET,2026-05-26T09:40:00 ET,2026-05-26,Tue,0942ET,AGGREGATE,29900.25,725.905,29652.6,NEAR_FLIP,NEUTRAL,29.81,0.523,12.52,15.24,15.6,18.98,29347.51,712.0,-552.7400000000016,-1.8486133059088188,-3178071.3699999996,15588286.37,16377741.63,10181741.96,23452967.370000005,537.0545079999999,24875.16,1796,5.601548180551422,PUT WALL + VOL SENSITIVE
2026-05-26T09:42:03 ET,2026-05-26T09:40:00 ET,2026-05-26,Tue,0942ET,AGGREGATE,29900.25,725.905,29652.6,NEAR_FLIP,NEUTRAL,29.81,0.523,12.52,15.24,15.6,18.98,29368.69,713.0,-531.5600000000013,-1.7777777777777823,-13661412.38,28180787.86,42287491.629999995,49708196.230000004,13463849.559999999,331.8616760000001,22179.38,2989,14.849620984029901,PUT WALL + VOL SENSITIVE
2026-05-26T09:42:03 ET,2026-05-26T09:40:00 ET,2026-05-26,Tue,0942ET,AGGREGATE,29900.25,725.905,29652.6,NEAR_FLIP,NEUTRAL,29.81,0.523,12.52,15.24,15.6,18.98,29388.73,713.0,-511.52000000000044,-1.7107549267982722,1590304.3699999996,11437779.97,-6612628.469999999,7970407.13,30776021.39,745.910993,16298.25,1239,3.606570069353142,CALL WALL + VOL SENSITIVE
2026-05-26T09:42:03 ET,2026-05-26T09:40:00 ET,2026-05-26,Tue,0942ET,AGGREGATE,29900.25,725.905,29652.6,NEAR_FLIP,NEUTRAL,29.81,0.523,12.52,15.24,15.6,18.98,29409.88,714.0,-490.369999999999,-1.6400197322764827,-21399836.43,34257848.15,62833806.27,55669102.03,-4983746.6000000015,-131.08697800000004,26204.260000000002,3405,19.76325980265078,PUT WALL + VOL SENSITIVE
2026-05-26T09:42:03 ET,2026-05-26T09:40:00 ET,2026-05-26,Tue,0942ET,AGGREGATE,29900.25,725.905,29652.6,NEAR_FLIP,NEUTRAL,29.81,0.523,12.52,15.24,15.6,18.98,29429.95,714.0,-470.2999999999993,-1.5728965476877261,-5878828.01,20501403.990000002,22351728.929999992,14054782.19,17993178.98,458.658491,27143.590000000004,2095,7.476029191575262,PUT WALL + VOL SENSITIVE
2026-05-26T09:42:03 ET,2026-05-26T09:40:00 ET,2026-05-26,Tue,0942ET,AGGREGATE,29900.25,725.905,29652.6,NEAR_FLIP,NEUTRAL,29.81,0.523,12.52,15.24,15.6,18.98,29451.07,715.0,-449.1800000000003,-1.502261686775195,-24770714.35,78007340.69,68504221.95,115936899.57,63139101.53999999,1773.120547,57988.59,7262,30.845141553685618,PUT WALL + VOL SENSITIVE
2026-05-26T09:42:03 ET,2026-05-26T09:40:00 ET,2026-05-26,Tue,0942ET,AGGREGATE,29900.25,725.905,29652.6,NEAR_FLIP,NEUTRAL,29.81,0.523,12.52,15.24,15.6,18.98,29471.17,715.0,-429.08000000000175,-1.4350381685771918,-1974503.709999999,43508366.05,5729360.589999996,24194137.65,68286672.42,1806.35177,62263.32,4285,8.94665701010036,PUT WALL + VOL SENSITIVE
2026-05-26T09:42:03 ET,2026-05-26T09:40:00 ET,2026-05-26,Tue,0942ET,AGGREGATE,29900.25,725.905,29652.6,NEAR_FLIP,NEUTRAL,29.81,0.523,12.52,15.24,15.6,18.98,29492.26,716.0,-407.9900000000016,-1.3645036412739078,-1904144.3200000003,39092312.4,4918131.620000005,52680382.5,59143654.489999995,1773.6199589999999,28241.01,3408,9.69216052840257,PUT WALL + VOL SENSITIVE
2026-05-26T09:42:03 ET,2026-05-26T09:40:00 ET,2026-05-26,Tue,0942ET,AGGREGATE,29900.25,725.905,29652.6,NEAR_FLIP,NEUTRAL,29.81,0.523,12.52,15.24,15.6,18.98,29512.38,716.0,-387.869999999999,-1.2972132340030567,4807744.21,17663885.17,-15442913.549999997,9835821.48,42924258.59,1220.553446,22868.940000000002,1636,6.367360913009283,CALL WALL + VOL SENSITIVE
2026-05-26T09:42:03 ET,2026-05-26T09:40:00 ET,2026-05-26,Tue,0942ET,AGGREGATE,29900.25,725.905,29652.6,NEAR_FLIP,NEUTRAL,29.81,0.523,12.52,15.24,15.6,18.98,29533.45,717.0,-366.7999999999993,-1.2267455957726083,-18418640.79,51924891.589999996,43975331.51,62781409.20999999,21332952.989999995,683.0010239999997,36453.67,4240,18.9018719675501,PUT WALL + VOL SENSITIVE
2026-05-26T09:42:03 ET,2026-05-26T09:40:00 ET,2026-05-26,Tue,0942ET,AGGREGATE,29900.25,725.905,29652.6,NEAR_FLIP,NEUTRAL,29.81,0.523,12.52,15.24,15.6,18.98,29553.6,717.0,-346.65000000000146,-1.1593548548925225,3998958.1900000004,18043024.01,-12041973.290000001,8721756.25,36953157.86,1094.228828,23528.45,1601,5.5802007059921666,CALL WALL + VOL SENSITIVE
2026-05-26T09:42:03 ET,2026-05-26T09:40:00 ET,2026-05-26,Tue,0942ET,AGGREGATE,29900.25,725.905,29652.6,NEAR_FLIP,NEUTRAL,29.81,0.523,12.52,15.24,15.6,18.98,29574.64,718.0,-325.6100000000006,-1.0889875502713209,-4272483.390000001,62153527.45,9309646.64,66548304.23,66906991.51,2285.413396,42404.46,4757,13.626597255446665,PUT WALL + VOL SENSITIVE
2026-05-26T09:42:03 ET,2026-05-26T09:40:00 ET,2026-05-26,Tue,0942ET,AGGREGATE,29900.25,725.905,29652.6,NEAR_FLIP,NEUTRAL,29.81,0.523,12.52,15.24,15.6,18.98,29594.82,718.0,-305.4300000000003,-1.021496475781976,-12681661.02,37077339.74,31866422.759999998,16469746.940000001,5319905.969999998,135.64044699999985,45658.56,3121,11.368431138874916,PUT WALL + VOL SENSITIVE
2026-05-26T09:42:03 ET,2026-05-26T09:40:00 ET,2026-05-26,Tue,0942ET,AGGREGATE,29900.25,725.905,29652.6,NEAR_FLIP,NEUTRAL,29.81,0.523,12.52,15.24,15.6,18.98,29615.83,719.0,-284.41999999999825,-0.9512295047700212,-7532244.66,51806806.58,14737038.469999999,48308452.230000004,36453039.93000001,1326.8491199999999,34349.880000000005,3721,11.948505493510062,PUT WALL
2026-05-26T09:42:03 ET,2026-05-26T09:40:00 ET,2026-05-26,Tue,0942ET,AGGREGATE,29900.25,725.905,29652.6,NEAR_FLIP,NEUTRAL,29.81,0.523,12.52,15.24,15.6,18.98,29636.04,719.0,-264.2099999999991,-0.8836380966714297,-2719547.749999999,38091543.39,4012819.549999997,13942657.42,31221240.02,958.8513769999998,48056.939999999995,3099,6.289890171063211,PUT WALL
2026-05-26T09:42:03 ET,2026-05-26T09:40:00 ET,2026-05-26,Tue,0942ET,AGGREGATE,29900.25,725.905,29652.6,NEAR_FLIP,NEUTRAL,29.81,0.523,12.52,15.24,15.6,18.98,29657.02,720.0,-243.22999999999956,-0.8134714592687338,725638.0900000036,130274251.91,-1247776.950000003,103486894.49000001,119979674.64000002,4645.070527999999,83948.4,8797,20.687666080424076,CALL WALL
2026-05-26T09:42:03 ET,2026-05-26T09:40:00 ET,2026-05-26,Tue,0942ET,AGGREGATE,29900.25,725.905,29652.6,NEAR_FLIP,NEUTRAL,29.81,0.523,12.52,15.24,15.6,18.98,29677.26,720.0,-222.9900000000016,-0.7457797175608953,5535331.08,68404726.54,-11590800.490000006,21395263.75,72502534.09,2433.2067829999996,83490.08,5329,12.054760646667692,CALL WALL + VOL SENSITIVE
2026-05-26T09:42:03 ET,2026-05-26T09:40:00 ET,2026-05-26,Tue,0942ET,AGGREGATE,29900.25,725.905,29652.6,NEAR_FLIP,NEUTRAL,29.81,0.523,12.52,15.24,15.6,18.98,29698.21,721.0,-202.04000000000087,-0.6757134137674463,46411439.089999996,75100432.92999999,-68105922.78,49297627.14,162852788.39,6689.141447,47037.64,4780,34.2068230470527,CALL WALL
2026-05-26T09:42:03 ET,2026-05-26T09:40:00 ET,2026-05-26,Tue,0942ET,AGGREGATE,29900.25,725.905,29652.6,NEAR_FLIP,NEUTRAL,29.81,0.523,12.52,15.24,15.6,18.98,29718.48,721.0,-181.77000000000044,-0.6079213384503489,7723758.300000001,29962337.240000002,-13662520.18,7341188.67,41896119.0,1433.395612,36974.979999999996,2266,7.741658182496079,CALL WALL
2026-05-26T09:42:03 ET,2026-05-26T09:40:00 ET,2026-05-26,Tue,0942ET,AGGREGATE,29900.25,725.905,29652.6,NEAR_FLIP,NEUTRAL,29.81,0.523,12.52,15.24,15.6,18.98,29739.4,722.0,-160.84999999999854,-0.5379553682661468,51982026.74,82051527.66,-62354431.36,42552854.39,161351168.22,7007.7789760000005,49955.62,4939,35.2460868875254,CALL WALL
2026-05-26T09:42:03 ET,2026-05-26T09:40:00 ET,2026-05-26,Tue,0942ET,AGGREGATE,29900.25,725.905,29652.6,NEAR_FLIP,NEUTRAL,29.81,0.523,12.52,15.24,15.6,18.98,29759.7,722.0,-140.54999999999927,-0.4700629593398024,9307605.98,19938434.24,-12663653.280000001,3360698.67,35598439.56,1251.8169990000001,26260.71,1493,6.830857541360317,CALL WALL
2026-05-26T09:42:03 ET,2026-05-26T09:40:00 ET,2026-05-26,Tue,0942ET,AGGREGATE,29900.25,725.905,29652.6,NEAR_FLIP,NEUTRAL,29.81,0.523,12.52,15.24,15.6,18.98,29780.59,723.0,-119.65999999999985,-0.4001973227648593,30172800.11,54031176.55,-27615377.909999996,20582906.54,85891628.41,3927.697112,31981.21,3089,19.457607454556538,CALL WALL
2026-05-26T09:42:03 ET,2026-05-26T09:40:00 ET,2026-05-26,Tue,0942ET,AGGREGATE,29900.25,725.905,29652.6,NEAR_FLIP,NEUTRAL,29.81,0.523,12.52,15.24,15.6,18.98,29800.91,723.0,-99.34000000000015,-0.3322380247656797,9647564.129999999,17719631.85,-9228052.040000001,2159915.66,31717674.599999998,1161.318116,21996.02,1274,6.19156994222463,CALL WALL
2026-05-26T09:42:03 ET,2026-05-26T09:40:00 ET,2026-05-26,Tue,0942ET,AGGREGATE,29900.25,725.905,29652.6,NEAR_FLIP,NEUTRAL,29.81,0.523,12.52,15.24,15.6,18.98,29821.78,724.0,-78.47000000000116,-0.26243927726357197,59830424.45,73459890.39,-36732708.79,17881993.42,139494187.15,6680.710468,42279.03,4010,32.05886119016871,CALL WALL
2026-05-26T09:42:03 ET,2026-05-26T09:40:00 ET,2026-05-26,Tue,0942ET,AGGREGATE,29900.25,725.905,29652.6,NEAR_FLIP,NEUTRAL,29.81,0.523,12.52,15.24,15.6,18.98,29842.13,724.0,-58.11999999999898,-0.19437964565513327,56570368.14,66748769.86,-34014183.47,3824712.61,165480238.24,5956.540578,89213.45999999999,4818,30.213729196756006,CALL WALL
2026-05-26T09:42:03 ET,2026-05-26T09:40:00 ET,2026-05-26,Tue,0942ET,AGGREGATE,29900.25,725.905,29652.6,NEAR_FLIP,NEUTRAL,29.81,0.523,12.52,15.24,15.6,18.98,29862.97,725.0,-37.279999999998836,-0.12468123176227235,111899396.75,132982996.88999999,-33019802.339999996,14103346.190000001,232186269.69,11571.424199,74435.7,6976,53.8298639187112,CALL WALL
2026-05-26T09:42:03 ET,2026-05-26T09:40:00 ET,2026-05-26,Tue,0942ET,AGGREGATE,29900.25,725.905,29652.6,NEAR_FLIP,NEUTRAL,29.81,0.523,12.52,15.24,15.6,18.98,29883.35,725.0,-16.900000000001455,-0.05652126654459897,18240028.2,45783540.58,-2900736.8200000003,456396.45999999996,48503922.11,1898.861202,50841.06,3074,10.532258457386948,CALL WALL
2026-05-26T09:42:03 ET,2026-05-26T09:40:00 ET,2026-05-26,Tue,0942ET,AGGREGATE,29900.25,725.905,29652.6,NEAR_FLIP,NEUTRAL,29.81,0.523,12.52,15.24,15.6,18.98,29904.16,726.0,3.9099999999998545,0.013076813739015073,18228032.23,32125430.45,763428.06,-1001286.0800000001,33769885.0,1737.876935,17492.27,1632,8.626072548765151,CALL WALL
2026-05-26T09:42:03 ET,2026-05-26T09:40:00 ET,2026-05-26,Tue,0942ET,AGGREGATE,29900.25,725.905,29652.6,NEAR_FLIP,NEUTRAL,29.81,0.523,12.52,15.24,15.6,18.98,29924.57,726.0,24.31999999999971,0.08133711256594747,2774189.47,19362365.330000002,774554.66,-944720.01,8134934.790000001,230.949047,22964.28,1313,2.5506897381849947,CALL WALL
2026-05-26T09:42:03 ET,2026-05-26T09:40:00 ET,2026-05-26,Tue,0942ET,AGGREGATE,29900.25,725.905,29652.6,NEAR_FLIP,NEUTRAL,29.81,0.523,12.52,15.24,15.6,18.98,29945.35,727.0,45.099999999998545,0.1508348592403025,35854243.98,48826228.88,14250026.07,-8214457.529999999,58081786.949999996,3058.589357,25869.030000000002,2424,17.479076577956768,CALL WALL
2026-05-26T09:42:03 ET,2026-05-26T09:40:00 ET,2026-05-26,Tue,0942ET,AGGREGATE,29900.25,725.905,29652.6,NEAR_FLIP,NEUTRAL,29.81,0.523,12.52,15.24,15.6,18.98,29965.79,727.0,65.54000000000087,0.2191954916764939,11064441.92,23821917.98,7384154.79,-2721512.04,22627869.209999997,874.0585159999999,25616.32,1559,6.5162444133849515,CALL WALL
2026-05-26T09:42:03 ET,2026-05-26T09:40:00 ET,2026-05-26,Tue,0942ET,AGGREGATE,29900.25,725.905,29652.6,NEAR_FLIP,NEUTRAL,29.81,0.523,12.52,15.24,15.6,18.98,29986.54,728.0,86.29000000000087,0.28859290474160204,23902084.21,34751835.75,18453143.23,-10604755.26,32992597.190000005,1759.07883,17921.32,1704,12.715300752018118,CALL WALL
2026-05-26T09:42:03 ET,2026-05-26T09:40:00 ET,2026-05-26,Tue,0942ET,AGGREGATE,29900.25,725.905,29652.6,NEAR_FLIP,NEUTRAL,29.81,0.523,12.52,15.24,15.6,18.98,30007.01,728.0,106.7599999999984,0.3570538707870282,18806611.669999998,36735664.05,22601492.740000002,-5387325.93,39513483.97,1340.563112,46830.7,2543,11.893309392470858,CALL WALL
2026-05-26T09:42:03 ET,2026-05-26T09:40:00 ET,2026-05-26,Tue,0942ET,AGGREGATE,29900.25,725.905,29652.6,NEAR_FLIP,NEUTRAL,29.81,0.523,12.52,15.24,15.6,18.98,30027.73,729.0,127.47999999999956,0.4263509502428895,37164674.81,46670019.730000004,43334252.33,-20624459.15,46453228.24,2477.185341,23434.14,2288,20.878401182630625,CALL WALL
2026-05-26T09:42:03 ET,2026-05-26T09:40:00 ET,2026-05-26,Tue,0942ET,AGGREGATE,29900.25,725.905,29652.6,NEAR_FLIP,NEUTRAL,29.81,0.523,12.52,15.24,15.6,18.98,30048.22,729.0,147.97000000000116,0.4948788053611631,35723792.72,44697020.86,58949168.5,-7926843.5,74542387.0,2638.572047,61098.729999999996,3192,22.324771879695675,CALL WALL
2026-05-26T09:42:03 ET,2026-05-26T09:40:00 ET,2026-05-26,Tue,0942ET,AGGREGATE,29900.25,725.905,29652.6,NEAR_FLIP,NEUTRAL,29.81,0.523,12.52,15.24,15.6,18.98,30068.92,730.0,168.66999999999825,0.5641089957441769,56229469.019999996,74335559.22,88822820.25,-43005363.38,58419713.23,3072.573124,36357.98,3695,34.33633637054256,CALL WALL
2026-05-26T09:42:03 ET,2026-05-26T09:40:00 ET,2026-05-26,Tue,0942ET,AGGREGATE,29900.25,725.905,29652.6,NEAR_FLIP,NEUTRAL,29.81,0.523,12.52,15.24,15.6,18.98,30089.44,730.0,189.1899999999987,0.6327371844716974,68407209.41,118240082.95,133127250.75999999,-30442629.700000003,91136156.56,3744.357089,143128.87,8203,46.931045104849304,CALL WALL
2026-05-26T09:42:03 ET,2026-05-26T09:40:00 ET,2026-05-26,Tue,0942ET,AGGREGATE,29900.25,725.905,29652.6,NEAR_FLIP,NEUTRAL,29.81,0.523,12.52,15.24,15.6,18.98,30110.11,731.0,209.86000000000058,0.7018670412454765,14745182.650000002,27947491.87,29684095.85,-19981987.81,6388057.650000002,326.1614800000001,13320.83,1431,10.27370422180937,CALL WALL + VOL SENSITIVE
2026-05-26T09:42:03 ET,2026-05-26T09:40:00 ET,2026-05-26,Tue,0942ET,AGGREGATE,29900.25,725.905,29652.6,NEAR_FLIP,NEUTRAL,29.81,0.523,12.52,15.24,15.6,18.98,30130.66,731.0,230.40999999999985,0.7705955635822438,4645041.649999999,15969169.33,12060083.17,-5562458.04,98320.40000000293,-37.98837100000006,17059.98,1088,4.08515638023137,CALL WALL + VOL SENSITIVE
2026-05-26T09:42:03 ET,2026-05-26T09:40:00 ET,2026-05-26,Tue,0942ET,AGGREGATE,29900.25,725.905,29652.6,NEAR_FLIP,NEUTRAL,29.81,0.523,12.52,15.24,15.6,18.98,30151.3,732.0,251.04999999999927,0.8396250867467638,27695625.86,34139934.24,68312459.34,-29062610.83,21584444.75,1050.997621,15865.41,1833,19.451424750168915,CALL WALL + VOL SENSITIVE
2026-05-26T09:42:03 ET,2026-05-26T09:40:00 ET,2026-05-26,Tue,0942ET,AGGREGATE,29900.25,725.905,29652.6,NEAR_FLIP,NEUTRAL,29.81,0.523,12.52,15.24,15.6,18.98,30171.88,732.0,271.630000000001,0.9084539426927902,4030729.899999999,16363034.34,13103500.14,-6289124.64,-3597622.7600000007,-187.74867900000004,18384.15,1162,4.270453141122585,CALL WALL + VOL SENSITIVE
2026-05-26T09:42:03 ET,2026-05-26T09:40:00 ET,2026-05-26,Tue,0942ET,AGGREGATE,29900.25,725.905,29652.6,NEAR_FLIP,NEUTRAL,29.81,0.523,12.52,15.24,15.6,18.98,30192.5,733.0,292.25,0.9774165767844751,26643379.01,26887174.63,78326277.76,-26548844.169999998,23823798.57,1084.599792,12189.07,1544,19.689035966925747,CALL WALL + VOL SENSITIVE
2026-05-26T09:42:03 ET,2026-05-26T09:40:00 ET,2026-05-26,Tue,0942ET,AGGREGATE,29900.25,725.905,29652.6,NEAR_FLIP,NEUTRAL,29.81,0.523,12.52,15.24,15.6,18.98,30213.1,733.0,312.84999999999854,1.0463123218033246,4907804.140000001,13008896.74,17304482.59,-5633525.92,-993519.209999999,-54.645718999999985,14695.96,957,4.553535400907434,CALL WALL + VOL SENSITIVE
2026-05-26T09:42:03 ET,2026-05-26T09:40:00 ET,2026-05-26,Tue,0942ET,AGGREGATE,29900.25,725.905,29652.6,NEAR_FLIP,NEUTRAL,29.81,0.523,12.52,15.24,15.6,18.98,30233.69,734.0,333.4399999999987,1.1151746222857626,36526307.55,36749320.33,125384326.57,-41284007.38,29629341.55,1233.912472,16261.9,2307,29.08814159817974,CALL WALL + VOL SENSITIVE
2026-05-26T09:42:03 ET,2026-05-26T09:40:00 ET,2026-05-26,Tue,0942ET,AGGREGATE,29900.25,725.905,29652.6,NEAR_FLIP,NEUTRAL,29.81,0.523,12.52,15.24,15.6,18.98,30254.32,734.0,354.0699999999997,1.184170700913871,924734.2200000003,11479519.14,4115230.059999999,-5925687.39,-12252144.52,-441.922781,12114.98,867,2.365044971511749,CALL WALL + VOL SENSITIVE
2026-05-26T09:42:03 ET,2026-05-26T09:40:00 ET,2026-05-26,Tue,0942ET,AGGREGATE,29900.25,725.905,29652.6,NEAR_FLIP,NEUTRAL,29.81,0.523,12.52,15.24,15.6,18.98,30274.88,735.0,374.630000000001,1.252932667787062,56865174.05,57377344.75,224328030.77,-72250332.94000001,41406878.0,1540.087329,24799.48,4033,48.85080199757928,CALL WALL + VOL SENSITIVE
2026-05-26T09:42:03 ET,2026-05-26T09:40:00 ET,2026-05-26,Tue,0942ET,AGGREGATE,29900.25,725.905,29652.6,NEAR_FLIP,NEUTRAL,29.81,0.523,12.52,15.24,15.6,18.98,30295.53,735.0,395.27999999999884,1.3219956354879938,60886035.21,69946661.14999999,283223000.99,-29414122.87,82608538.89,2530.86375,94574.9,5831,55.89248212601679,CALL WALL + VOL SENSITIVE
2026-05-26T09:42:03 ET,2026-05-26T09:40:00 ET,2026-05-26,Tue,0942ET,AGGREGATE,29900.25,725.905,29652.6,NEAR_FLIP,NEUTRAL,29.81,0.523,12.52,15.24,15.6,18.98,30316.07,736.0,415.8199999999997,1.3906907132883495,31533386.419999998,31558147.62,141138989.62,-44019554.49,21294806.29,689.248767,13332.199999999999,2549,29.190232032810993,CALL WALL + VOL SENSITIVE
2026-05-26T09:42:03 ET,2026-05-26T09:40:00 ET,2026-05-26,Tue,0942ET,AGGREGATE,29900.25,725.905,29652.6,NEAR_FLIP,NEUTRAL,29.81,0.523,12.52,15.24,15.6,18.98,30336.75,736.0,436.5,1.4598540145985401,5506435.4799999995,7080445.58,26657040.810000002,-4189563.33,4175135.93,134.535056,7842.92,601,5.233203400345625,CALL WALL + VOL SENSITIVE
2026-05-26T09:42:03 ET,2026-05-26T09:40:00 ET,2026-05-26,Tue,0942ET,AGGREGATE,29900.25,725.905,29652.6,NEAR_FLIP,NEUTRAL,29.81,0.523,12.52,15.24,15.6,18.98,30357.26,737.0,457.0099999999984,1.5284487587896367,10896000.260000002,11021723.34,54750582.46,-16867287.38,6366728.12,174.385635,4554.709999999999,1052,10.901516263237115,CALL WALL + VOL SENSITIVE
2026-05-26T09:42:03 ET,2026-05-26T09:40:00 ET,2026-05-26,Tue,0942ET,AGGREGATE,29900.25,725.905,29652.6,NEAR_FLIP,NEUTRAL,29.81,0.523,12.52,15.24,15.6,18.98,30377.97,737.0,477.72000000000116,1.5977123937090867,17981760.72,19313331.42,102279566.84,-9131788.790000001,23195550.459999997,657.027434,26765.87,1785,18.351170361636186,CALL WALL + VOL SENSITIVE
2026-05-26T09:42:03 ET,2026-05-26T09:40:00 ET,2026-05-26,Tue,0942ET,AGGREGATE,29900.25,725.905,29652.6,NEAR_FLIP,NEUTRAL,29.81,0.523,12.52,15.24,15.6,18.98,30398.45,738.0,498.2000000000007,1.6662068042909366,9053191.31,9053191.31,50615565.43,-15079915.22,5105212.71,114.857785,3662.61,1052,9.798859197015544,CALL WALL + VOL SENSITIVE
2026-05-26T09:42:03 ET,2026-05-26T09:40:00 ET,2026-05-26,Tue,0942ET,AGGREGATE,29900.25,725.905,29652.6,NEAR_FLIP,NEUTRAL,29.81,0.523,12.52,15.24,15.6,18.98,30419.19,738.0,518.9399999999987,1.735570772819621,6330571.51,7595159.61,36488406.54000001,-5950269.22,3720998.13,100.97045699999998,7293.07,739,6.677456210342323,CALL WALL + VOL SENSITIVE
2026-05-26T09:42:03 ET,2026-05-26T09:40:00 ET,2026-05-26,Tue,0942ET,AGGREGATE,29900.25,725.905,29652.6,NEAR_FLIP,NEUTRAL,29.81,0.523,12.52,15.24,15.6,18.98,30439.64,739.0,539.3899999999994,1.803964849792224,3815304.32,3856402.7600000002,23551689.240000002,-6944891.470000001,1774430.08,31.775581999999996,1528.74,563,4.489884471746843,CALL WALL + VOL SENSITIVE
2026-05-26T09:42:03 ET,2026-05-26T09:40:00 ET,2026-05-26,Tue,0942ET,AGGREGATE,29900.25,725.905,29652.6,NEAR_FLIP,NEUTRAL,29.81,0.523,12.52,15.24,15.6,18.98,30460.41,739.0,560.1599999999999,1.8734291519301676,3509033.04,3620717.46,23305883.71,-2356330.65,3936369.0,98.565185,4442.35,381,3.939026328085017,CALL WALL + VOL SENSITIVE
2026-05-26T09:42:03 ET,2026-05-26T09:40:00 ET,2026-05-26,Tue,0942ET,AGGREGATE,29900.25,725.905,29652.6,NEAR_FLIP,NEUTRAL,29.81,0.523,12.52,15.24,15.6,18.98,30480.83,740.0,580.5800000000017,1.9417228952935235,16475943.5,16644765.2,111535739.25,-32222286.439999998,6737680.06,92.928586,6471.429999999999,3155,21.347560915861333,CALL WALL + VOL SENSITIVE
2026-05-26T09:42:03 ET,2026-05-26T09:40:00 ET,2026-05-26,Tue,0942ET,AGGREGATE,29900.25,725.905,29652.6,NEAR_FLIP,NEUTRAL,29.81,0.523,12.52,15.24,15.6,18.98,30501.63,740.0,601.380000000001,2.0112875310407134,14890399.48,14925078.739999998,105708544.02000001,-11204724.959999999,16313757.98,374.175555,17126.91,1722,17.62619636544822,CALL WALL + VOL SENSITIVE
2026-05-26T09:42:03 ET,2026-05-26T09:40:00 ET,2026-05-26,Tue,0942ET,AGGREGATE,29900.25,725.905,29652.6,NEAR_FLIP,NEUTRAL,29.81,0.523,12.52,15.24,15.6,18.98,30522.02,741.0,621.7700000000004,2.079480940794811,5396327.68,5396327.68,39821217.64,-11174313.69,2359587.88,24.227487,2059.8,1374,7.709903310521472,CALL WALL + VOL SENSITIVE
2026-05-26T09:42:03 ET,2026-05-26T09:40:00 ET,2026-05-26,Tue,0942ET,AGGREGATE,29900.25,725.905,29652.6,NEAR_FLIP,NEUTRAL,29.81,0.523,12.52,15.24,15.6,18.98,30542.85,741.0,642.5999999999985,2.149145910151248,8704650.92,8719297.2,64833049.53,-8410271.77,7919223.49,158.573732,8149.89,1158,10.828513090690153,CALL WALL + VOL SENSITIVE
2026-05-26T09:42:03 ET,2026-05-26T09:40:00 ET,2026-05-26,Tue,0942ET,AGGREGATE,29900.25,725.905,29652.6,NEAR_FLIP,NEUTRAL,29.81,0.523,12.52,15.24,15.6,18.98,30563.21,742.0,662.9599999999991,2.217238986296098,5749422.2,5749422.2,45996988.52,-12679810.04,2323546.37,17.153724,2156.83,2036,9.241345171335741,CALL WALL + VOL SENSITIVE
2026-05-26T09:42:03 ET,2026-05-26T09:40:00 ET,2026-05-26,Tue,0942ET,AGGREGATE,29900.25,725.905,29652.6,NEAR_FLIP,NEUTRAL,29.81,0.523,12.52,15.24,15.6,18.98,30584.06,742.0,683.8100000000013,2.286970844725383,3121291.31,3121291.31,25130810.27,-3025243.7199999997,2846222.21,51.896860000000004,3098.3199999999997,462,4.100600752484943,CALL WALL + VOL SENSITIVE
2026-05-26T09:42:03 ET,2026-05-26T09:40:00 ET,2026-05-26,Tue,0942ET,AGGREGATE,29900.25,725.905,29652.6,NEAR_FLIP,NEUTRAL,29.81,0.523,12.52,15.24,15.6,18.98,30604.4,743.0,704.1500000000015,2.3549970317973976,3103296.44,3103296.44,26782979.79,-7261471.56,1162928.81,5.960135,1145.41,1583,5.726793269571852,CALL WALL + VOL SENSITIVE
2026-05-26T09:42:03 ET,2026-05-26T09:40:00 ET,2026-05-26,Tue,0942ET,AGGREGATE,29900.25,725.905,29652.6,NEAR_FLIP,NEUTRAL,29.81,0.523,12.52,15.24,15.6,18.98,30625.28,743.0,725.0299999999988,2.4248292238359173,2380168.88,2380168.88,20476578.21,-2432564.42,2073273.13,33.666619,2356.7299999999996,402,3.3084500249517785,CALL WALL + VOL SENSITIVE
2026-05-26T09:42:03 ET,2026-05-26T09:40:00 ET,2026-05-26,Tue,0942ET,AGGREGATE,29900.25,725.905,29652.6,NEAR_FLIP,NEUTRAL,29.81,0.523,12.52,15.24,15.6,18.98,30645.59,744.0,745.3400000000001,2.492755077298685,881846.68,881846.68,8172733.28,-2181929.75,307463.14,1.05639,320.62,671,1.9153693581428803,CALL WALL + VOL SENSITIVE
2026-05-26T09:42:03 ET,2026-05-26T09:40:00 ET,2026-05-26,Tue,0942ET,AGGREGATE,29900.25,725.905,29652.6,NEAR_FLIP,NEUTRAL,29.81,0.523,12.52,15.24,15.6,18.98,30666.5,744.0,766.25,2.5626876029464634,11578178.43,11578178.43,108829084.15,-9481939.4,11596015.87,189.087676,14577.050000000001,1958,16.97610767103413,CALL WALL + VOL SENSITIVE
2026-05-26T09:42:03 ET,2026-05-26T09:40:00 ET,2026-05-26,Tue,0942ET,AGGREGATE,29900.25,725.905,29652.6,NEAR_FLIP,NEUTRAL,29.81,0.523,12.52,15.24,15.6,18.98,30686.78,745.0,786.5299999999988,2.6305131227999725,1051483.56,1051483.56,10419830.43,-2742752.69,342284.7,0.761875,377.03,1235,2.842913536133199,CALL WALL + VOL SENSITIVE
2026-05-26T09:42:03 ET,2026-05-26T09:40:00 ET,2026-05-26,Tue,0942ET,AGGREGATE,29900.25,725.905,29652.6,NEAR_FLIP,NEUTRAL,29.81,0.523,12.52,15.24,15.6,18.98,30707.72,745.0,807.4700000000012,2.70054598205701,3039213.9,3039213.9,29415130.52,-3554030.6799999997,2347021.23,28.672842,2865.24,710,4.7877915232599815,CALL WALL + VOL SENSITIVE
2026-05-26T09:42:03 ET,2026-05-26T09:40:00 ET,2026-05-26,Tue,0942ET,AGGREGATE,29900.25,725.905,29652.6,NEAR_FLIP,NEUTRAL,29.81,0.523,12.52,15.24,15.6,18.98,30727.97,746.0,827.7200000000012,2.768271168301272,372517.88,372517.88,3931412.36,-1021623.37,113624.84,0.158535,131.9,698,1.304427751719177,CALL WALL + VOL SENSITIVE
2026-05-26T09:42:03 ET,2026-05-26T09:40:00 ET,2026-05-26,Tue,0942ET,AGGREGATE,29900.25,725.905,29652.6,NEAR_FLIP,NEUTRAL,29.81,0.523,12.52,15.24,15.6,18.98,30748.94,746.0,848.6899999999987,2.8384043611675445,2307652.39,2307652.39,24005569.52,-2353197.64,1980592.06,24.515362999999997,2625.0299999999997,554,3.7909011623543347,CALL WALL + VOL SENSITIVE
2026-05-26T09:42:03 ET,2026-05-26T09:40:00 ET,2026-05-26,Tue,0942ET,AGGREGATE,29900.25,725.905,29652.6,NEAR_FLIP,NEUTRAL,29.81,0.523,12.52,15.24,15.6,18.98,30769.16,747.0,868.9099999999999,2.9060292138025594,245174.97,245174.97,2745214.66,-705206.07,70329.03,0.059628,85.84,756,1.194075239717845,CALL WALL + VOL SENSITIVE
2026-05-26T09:42:03 ET,2026-05-26T09:40:00 ET,2026-05-26,Tue,0942ET,AGGREGATE,29900.25,725.905,29652.6,NEAR_FLIP,NEUTRAL,29.81,0.523,12.52,15.24,15.6,18.98,30790.16,747.0,889.9099999999999,2.976262740278091,1926170.45,1926170.45,21424639.13,-1611311.0699999998,1831605.6,22.716119,2593.8799999999997,435,3.246177888677747,CALL WALL + VOL SENSITIVE
2026-05-26T09:42:03 ET,2026-05-26T09:40:00 ET,2026-05-26,Tue,0942ET,AGGREGATE,29900.25,725.905,29652.6,NEAR_FLIP,NEUTRAL,29.81,0.523,12.52,15.24,15.6,18.98,30892.73,750.0,992.4799999999996,3.319303350306434,85320.35,85320.35,1117239.14,-279587.73,20821.54,0.00338,29.12,1374,1.6402487897015423,CALL WALL + VOL SENSITIVE
2026-05-26T09:42:03 ET,2026-05-26T09:40:00 ET,2026-05-26,Tue,0942ET,AGGREGATE,29900.25,725.905,29652.6,NEAR_FLIP,NEUTRAL,29.81,0.523,12.52,15.24,15.6,18.98,30913.81,750.0,1013.5600000000013,3.389804433073306,2052790.77,2052790.77,26002597.6,-2246906.7199999997,1627985.99,13.048611,2500.52,883,4.260876460873299,CALL WALL + VOL SENSITIVE
2026-05-26T09:42:03 ET,2026-05-26T09:40:00 ET,2026-05-26,Tue,0942ET,AGGREGATE,29900.25,725.905,29652.6,NEAR_FLIP,NEUTRAL,29.81,0.523,12.52,15.24,15.6,18.98,31098.68,755.0,1198.4300000000003,4.008093577812896,1979.08,1996.94,31619.43,-7870.44,-217369.58000000002,-0.001691,0.67,671,0.7175953576085088,CALL WALL + VOL SENSITIVE
2026-05-26T09:42:03 ET,2026-05-26T09:40:00 ET,2026-05-26,Tue,0942ET,AGGREGATE,29900.25,725.905,29652.6,NEAR_FLIP,NEUTRAL,29.81,0.523,12.52,15.24,15.6,18.98,31119.9,755.0,1219.6500000000015,4.079062884089603,1999171.46,1999171.46,30739466.740000002,-2127931.77,1542914.4200000002,7.136861000000001,2764.66,1374,5.241597624223408,CALL WALL + VOL SENSITIVE
2026-05-26T09:42:03 ET,2026-05-26T09:40:00 ET,2026-05-26,Tue,0942ET,AGGREGATE,29900.25,725.905,29652.6,NEAR_FLIP,NEUTRAL,29.81,0.523,12.52,15.24,15.6,18.98,31304.63,760.0,1404.380000000001,4.696883805319357,96.64,96.64,1762.69,-444.7,17.61,0.0,0.03,557,0.5881197402219102,CALL WALL + VOL SENSITIVE
2026-05-26T09:42:03 ET,2026-05-26T09:40:00 ET,2026-05-26,Tue,0942ET,AGGREGATE,29900.25,725.905,29652.6,NEAR_FLIP,NEUTRAL,29.81,0.523,12.52,15.24,15.6,18.98,31325.99,760.0,1425.7400000000016,4.768321335105899,252644.08000000002,252644.08000000002,4501360.890000001,-315494.7,174103.72,0.383616,349.98,518,1.0829218104845661,CALL WALL + VOL SENSITIVE
2026-05-26T09:42:03 ET,2026-05-26T09:40:00 ET,2026-05-26,Tue,0942ET,AGGREGATE,29900.25,725.905,29652.6,NEAR_FLIP,NEUTRAL,29.81,0.523,12.52,15.24,15.6,18.98,31510.59,765.0,1610.3400000000001,5.38570747736223,4.56,4.56,89.79,-23.96,0.82,0.0,0.0,210,0.20588250208497705,CALL WALL + VOL SENSITIVE
2026-05-26T09:42:03 ET,2026-05-26T09:40:00 ET,2026-05-26,Tue,0942ET,AGGREGATE,29900.25,725.905,29652.6,NEAR_FLIP,NEUTRAL,29.81,0.523,12.52,15.24,15.6,18.98,31532.09,765.0,1631.8400000000001,5.457613230658607,161629.93,161629.93,3237201.12,-225634.27,103825.22,0.107129,229.74,977,1.431196046547732,CALL WALL + VOL SENSITIVE
2026-05-26T09:42:03 ET,2026-05-26T09:40:00 ET,2026-05-26,Tue,0942ET,AGGREGATE,29900.25,725.905,29652.6,NEAR_FLIP,NEUTRAL,29.81,0.523,12.52,15.24,15.6,18.98,31716.54,770.0,1816.2900000000009,6.0744977048686915,0.95,0.95,19.31,-5.6,0.18,0.0,0.0,125,0.11229533461007718,CALL WALL + VOL SENSITIVE
2026-05-26T09:42:03 ET,2026-05-26T09:40:00 ET,2026-05-26,Tue,0942ET,AGGREGATE,29900.25,725.905,29652.6,NEAR_FLIP,NEUTRAL,29.81,0.523,12.52,15.24,15.6,18.98,31738.18,770.0,1837.9300000000003,6.146871681674904,46289.2,46289.2,1016580.5900000001,-70938.9,28485.68,0.013922,68.15,669,0.8295236708128046,CALL WALL + VOL SENSITIVE
2026-05-26T09:42:03 ET,2026-05-26T09:40:00 ET,2026-05-26,Tue,0942ET,AGGREGATE,29900.25,725.905,29652.6,NEAR_FLIP,NEUTRAL,29.81,0.523,12.52,15.24,15.6,18.98,31922.49,775.0,2022.2400000000016,6.763287932375153,2.88,2.88,58.75,-18.92,0.61,0.0,0.0,418,0.4348694531855793,CALL WALL + VOL SENSITIVE
2026-05-26T09:42:03 ET,2026-05-26T09:40:00 ET,2026-05-26,Tue,0942ET,AGGREGATE,29900.25,725.905,29652.6,NEAR_FLIP,NEUTRAL,29.81,0.523,12.52,15.24,15.6,18.98,31944.27,775.0,2044.0200000000004,6.8361301326912,24418.679999999997,24418.679999999997,576258.81,-40753.19,14697.79,0.003565,37.410000000000004,366,0.4442019308454092,CALL WALL + VOL SENSITIVE
2026-05-26T09:42:03 ET,2026-05-26T09:40:00 ET,2026-05-26,Tue,0942ET,AGGREGATE,29900.25,725.905,29652.6,NEAR_FLIP,NEUTRAL,29.81,0.523,12.52,15.24,15.6,18.98,32128.44,780.0,2228.1899999999987,7.4520781598816015,0.29,0.29,5.75,-2.08,0.07,0.0,0.0,23,0.0,CALL WALL + VOL SENSITIVE
2026-05-26T09:42:03 ET,2026-05-26T09:40:00 ET,2026-05-26,Tue,0942ET,AGGREGATE,29900.25,725.905,29652.6,NEAR_FLIP,NEUTRAL,29.81,0.523,12.52,15.24,15.6,18.98,32150.36,780.0,2250.1100000000006,7.525388583707496,6525.45,6525.45,162798.39,-11930.13,3888.02,0.000503,10.38,168,0.17836378293599586,CALL WALL + VOL SENSITIVE
2026-05-26T09:42:03 ET,2026-05-26T09:40:00 ET,2026-05-26,Tue,0942ET,AGGREGATE,29900.25,725.905,29652.6,NEAR_FLIP,NEUTRAL,29.81,0.523,12.52,15.24,15.6,18.98,32334.39,785.0,2434.1399999999994,8.140868387388062,0.92,0.92,17.62,-7.24,0.26,0.0,0.0,27,,
2026-05-26T09:42:03 ET,2026-05-26T09:40:00 ET,2026-05-26,Tue,0942ET,AGGREGATE,29900.25,725.905,29652.6,NEAR_FLIP,NEUTRAL,29.81,0.523,12.52,15.24,15.6,18.98,32356.46,785.0,2456.209999999999,8.214680479260204,6058.4,6058.4,157560.73,-12048.76,3634.19,0.000277,10.06,303,,
2026-05-26T09:42:03 ET,2026-05-26T09:40:00 ET,2026-05-26,Tue,0942ET,AGGREGATE,29900.25,725.905,29652.6,NEAR_FLIP,NEUTRAL,29.81,0.523,12.52,15.24,15.6,18.98,32540.34,790.0,2640.09,8.829658614894525,5.69,5.69,103.31,-48.29,1.94,0.0,0.0,52,,
2026-05-26T09:42:03 ET,2026-05-26T09:40:00 ET,2026-05-26,Tue,0942ET,AGGREGATE,29900.25,725.905,29652.6,NEAR_FLIP,NEUTRAL,29.81,0.523,12.52,15.24,15.6,18.98,32562.55,790.0,2662.2999999999993,8.9039389302765,5355.19,5355.19,143475.83,-11496.76,3284.25,0.000165,9.34,303,,
2026-05-26T09:42:03 ET,2026-05-26T09:40:00 ET,2026-05-26,Tue,0942ET,AGGREGATE,29900.25,725.905,29652.6,NEAR_FLIP,NEUTRAL,29.81,0.523,12.52,15.24,15.6,18.98,32746.29,795.0,2846.040000000001,9.518448842400987,35.41,35.41,607.05,-322.9,14.46,0.0,0.03,100,,
2026-05-26T09:42:03 ET,2026-05-26T09:40:00 ET,2026-05-26,Tue,0942ET,AGGREGATE,29900.25,725.905,29652.6,NEAR_FLIP,NEUTRAL,29.81,0.523,12.52,15.24,15.6,18.98,32768.64,795.0,2868.3899999999994,9.593197381292796,0.1,0.1,2.74,-0.46,0.03,0.0,0.0,5,,
