timestamp,intended_timestamp,snapshot_date,snapshot_weekday,session_label,expiry,nq_price,qqq_price,gamma_flip,gamma_regime,vol_regime,iv,atm_iv,rv_iv_ratio,hv5,hv10,hv21,hv63,strike_futures,strike_etf,dist_nq,dist_pct,net_gex,abs_gex,net_vex,net_charmex,net_dex,net_dag,net_vegaex,total_oi,call_oi,put_oi,strike_iv,score,type
2026-06-05T06:43:09 ET,2026-06-05T06:40:00 ET,2026-06-05,Fri,0643ET,2026-06-05,30227.25,740.61,30238.0,NEAR_FLIP,EXPANSION,,26.066512624330525,,,,,,27222.93,667.0,-3004.3199999999997,-9.93911123241446,-12917063.540000001,13402761.08,72568688.19,137153896.33,-30539198.97,-93.624652,33490.04,10762,195,10567,182.41,,
2026-06-05T06:43:09 ET,2026-06-05T06:40:00 ET,2026-06-05,Fri,0643ET,2026-06-05,30227.25,740.61,30238.0,NEAR_FLIP,EXPANSION,,26.066512624330525,,,,,,27263.75,668.0,-2963.5,-9.804067521855279,-2215958.89,3152807.35,12564535.44,31823356.06,17486415.080000002,53.770015,7699.5,2524,375,2149,178.27,,
2026-06-05T06:43:09 ET,2026-06-05T06:40:00 ET,2026-06-05,Fri,0643ET,2026-06-05,30227.25,740.61,30238.0,NEAR_FLIP,EXPANSION,,26.066512624330525,,,,,,27304.56,669.0,-2922.6899999999987,-9.669056894027737,-2018081.6900000002,2243565.6700000004,11548185.280000001,22332230.29,-449051.14999999944,-1.3847459999999998,5353.87,1791,90,1701,174.19999999999996,,
2026-06-05T06:43:09 ET,2026-06-05T06:40:00 ET,2026-06-05,Fri,0643ET,2026-06-05,30227.25,740.61,30238.0,NEAR_FLIP,EXPANSION,,26.066512624330525,,,,,,27345.37,670.0,-2881.880000000001,-9.534046266200203,-8966975.61,10255687.89,51784644.94,100649306.01,6390939.320000004,19.760802999999996,23909.75,8165,513,7652,170.18999999999997,,
2026-06-05T06:43:09 ET,2026-06-05T06:40:00 ET,2026-06-05,Fri,0643ET,2026-06-08,30227.25,740.61,30238.0,NEAR_FLIP,EXPANSION,,26.066512624330525,,,,,,27346.5,670.0,-2880.75,-9.53030791752475,-379398.69,388707.07,7970046.0200000005,640284.29,44837.97999999998,0.196496,1518.09,913,9,904,47.512376779846655,,
2026-06-05T06:43:09 ET,2026-06-05T06:40:00 ET,2026-06-05,Fri,0643ET,2026-06-09,30227.25,740.61,30238.0,NEAR_FLIP,EXPANSION,,26.066512624330525,,,,,,27346.5,670.0,-2880.75,-9.53030791752475,-79454.38,96028.72,1843881.23,118342.09,869062.35,1.294821,455.51,184,14,170,43.27021739130435,,
2026-06-05T06:43:09 ET,2026-06-05T06:40:00 ET,2026-06-05,Fri,0643ET,2026-06-05,30227.25,740.61,30238.0,NEAR_FLIP,EXPANSION,,26.066512624330525,,,,,,27386.19,671.0,-2841.0600000000013,-9.399002555641024,-2225068.01,2393805.49,12967811.67,23157578.7,-2204248.1899999995,-6.832796999999999,5451.28,1901,67,1834,166.24000000000004,,
2026-06-05T06:43:09 ET,2026-06-05T06:40:00 ET,2026-06-05,Fri,0643ET,2026-06-05,30227.25,740.61,30238.0,NEAR_FLIP,EXPANSION,,26.066512624330525,,,,,,27427.0,672.0,-2800.25,-9.26399192781348,-1740623.47,2248042.35,10237254.96,21432375.56,8349332.000000001,25.943203,4999.54,1781,201,1580,162.35,,
2026-06-05T06:43:09 ET,2026-06-05T06:40:00 ET,2026-06-05,Fri,0643ET,2026-06-05,30227.25,740.61,30238.0,NEAR_FLIP,EXPANSION,,26.066512624330525,,,,,,27467.82,673.0,-2759.4300000000003,-9.1289482172543,-1587659.5,1752118.2599999998,9422726.870000001,16458546.91,-133714.0599999996,-0.4164110000000001,3804.7,1385,65,1320,158.52,,
2026-06-05T06:43:09 ET,2026-06-05T06:40:00 ET,2026-06-05,Fri,0643ET,2026-06-05,30227.25,740.61,30238.0,NEAR_FLIP,EXPANSION,,26.066512624330525,,,,,,27508.63,674.0,-2718.619999999999,-8.993937589426755,-663027.96,995175.8200000001,3970773.77,9208485.969999999,6973546.68,21.762819,2109.61,785,131,654,154.75,,
2026-06-05T06:43:09 ET,2026-06-05T06:40:00 ET,2026-06-05,Fri,0643ET,2026-06-05,30227.25,740.61,30238.0,NEAR_FLIP,EXPANSION,,26.066512624330525,,,,,,27549.44,675.0,-2677.8100000000013,-8.858926961599224,-3594855.6499999994,6181119.29,21723531.729999997,56326300.21,58943994.919999994,184.317204,12788.83,4866,1018,3848,151.04,,
2026-06-05T06:43:09 ET,2026-06-05T06:40:00 ET,2026-06-05,Fri,0643ET,2026-06-08,30227.25,740.61,30238.0,NEAR_FLIP,EXPANSION,,26.066512624330525,,,,,,27550.58,675.0,-2676.6699999999983,-8.855155530192123,-185583.97999999998,192010.62,3914462.85,292928.16,161382.02999999997,0.268663,692.31,422,6,416,43.86445497630332,,
2026-06-05T06:43:09 ET,2026-06-05T06:40:00 ET,2026-06-05,Fri,0643ET,2026-06-09,30227.25,740.61,30238.0,NEAR_FLIP,EXPANSION,,26.066512624330525,,,,,,27550.58,675.0,-2676.6699999999983,-8.855155530192123,-129877.41,138761.61000000002,2984213.2399999998,158345.16999999998,291615.35000000003,0.486904,612.92,240,7,233,40.300333333333334,,
2026-06-05T06:43:09 ET,2026-06-05T06:40:00 ET,2026-06-05,Fri,0643ET,2026-06-05,30227.25,740.61,30238.0,NEAR_FLIP,EXPANSION,,26.066512624330525,,,,,,27590.26,676.0,-2636.9900000000016,-8.723883251040043,-5863165.45,6300962.05,35749201.66,56532617.41,-3535888.4499999993,-11.077552000000004,12721.679999999998,4951,172,4779,147.39,,
2026-06-05T06:43:09 ET,2026-06-05T06:40:00 ET,2026-06-05,Fri,0643ET,2026-06-05,30227.25,740.61,30238.0,NEAR_FLIP,EXPANSION,,26.066512624330525,,,,,,27631.07,677.0,-2596.1800000000003,-8.5888726232125,-1521016.48,1890752.2600000002,9356871.15,16697997.91,6000363.000000001,18.832254,3724.4100000000003,1483,145,1338,143.8,,
2026-06-05T06:43:09 ET,2026-06-05T06:40:00 ET,2026-06-05,Fri,0643ET,2026-06-05,30227.25,740.61,30238.0,NEAR_FLIP,EXPANSION,,26.066512624330525,,,,,,27671.89,678.0,-2555.3600000000006,-8.45382891265332,-922100.7399999999,1205627.5599999998,5722851.97,10477718.2,5289628.8,16.630207,2316.52,944,111,833,140.25999999999996,,
2026-06-05T06:43:09 ET,2026-06-05T06:40:00 ET,2026-06-05,Fri,0643ET,2026-06-05,30227.25,740.61,30238.0,NEAR_FLIP,EXPANSION,,26.066512624330525,,,,,,27712.7,679.0,-2514.5499999999993,-8.318818284825776,-2768361.9000000004,3044686.38,17332718.479999997,26031714.34,819009.9099999992,2.5792060000000028,5705.2300000000005,2380,108,2272,136.79,,
2026-06-05T06:43:09 ET,2026-06-05T06:40:00 ET,2026-06-05,Fri,0643ET,2026-06-05,30227.25,740.61,30238.0,NEAR_FLIP,EXPANSION,,26.066512624330525,,,,,,27753.51,680.0,-2473.7400000000016,-8.183807656998244,-9511652.87,11046741.13,60072943.18,92892447.39999999,19102249.26,60.25489400000001,20182.920000000002,8621,599,8022,133.37,,
2026-06-05T06:43:09 ET,2026-06-05T06:40:00 ET,2026-06-05,Fri,0643ET,2026-06-08,30227.25,740.61,30238.0,NEAR_FLIP,EXPANSION,,26.066512624330525,,,,,,27754.66,680.0,-2472.59,-8.180003142859507,-245830.9,276510.48,5109510.07,388283.81999999995,1613525.3199999998,2.291043,932.63,520,27,493,41.0353076923077,,
2026-06-05T06:43:09 ET,2026-06-05T06:40:00 ET,2026-06-05,Fri,0643ET,2026-06-09,30227.25,740.61,30238.0,NEAR_FLIP,EXPANSION,,26.066512624330525,,,,,,27754.66,680.0,-2472.59,-8.180003142859507,-87013.69,92594.29000000001,1898429.14,97187.72,144374.30000000002,0.22719900000000004,395.38000000000005,123,4,119,38.96203252032521,,
2026-06-05T06:43:09 ET,2026-06-05T06:40:00 ET,2026-06-05,Fri,0643ET,2026-06-05,30227.25,740.61,30238.0,NEAR_FLIP,EXPANSION,,26.066512624330525,,,,,,27794.33,681.0,-2432.9199999999983,-8.04876394643905,-589111.71,1022923.81,3752891.57,8457679.08,10248469.780000001,32.379883,1821.8899999999999,797,169,628,130.02,,
2026-06-05T06:43:09 ET,2026-06-05T06:40:00 ET,2026-06-05,Fri,0643ET,2026-06-05,30227.25,740.61,30238.0,NEAR_FLIP,EXPANSION,,26.066512624330525,,,,,,27835.14,682.0,-2392.1100000000006,-7.91375331861152,-912770.6799999999,1324160.28,5864601.550000001,10761725.719999999,9004031.09,28.495193,2298.57,1030,160,870,126.71999999999998,,
2026-06-05T06:43:09 ET,2026-06-05T06:40:00 ET,2026-06-05,Fri,0643ET,2026-06-05,30227.25,740.61,30238.0,NEAR_FLIP,EXPANSION,,26.066512624330525,,,,,,27875.96,683.0,-2351.290000000001,-7.778709608052339,-645183.57,1165451.35,4180497.99,9307576.62,12532858.43,39.730771,1971.33,905,202,703,123.47999999999999,,
2026-06-05T06:43:09 ET,2026-06-05T06:40:00 ET,2026-06-05,Fri,0643ET,2026-06-05,30227.25,740.61,30238.0,NEAR_FLIP,EXPANSION,,26.066512624330525,,,,,,27916.77,684.0,-2310.4799999999996,-7.643698980224796,-1330105.14,1879692.72,8690687.03,14746663.08,11981184.770000001,38.050323999999996,3097.46,1457,213,1244,120.29,,
2026-06-05T06:43:09 ET,2026-06-05T06:40:00 ET,2026-06-05,Fri,0643ET,2026-06-05,30227.25,740.61,30238.0,NEAR_FLIP,EXPANSION,,26.066512624330525,,,,,,27957.58,685.0,-2269.6699999999983,-7.508688352397251,-2250426.04,4478877.8,14825441.009999998,34506371.989999995,55082376.84,175.270947,7188.71,3465,862,2603,117.17000000000002,,
2026-06-05T06:43:09 ET,2026-06-05T06:40:00 ET,2026-06-05,Fri,0643ET,2026-06-08,30227.25,740.61,30238.0,NEAR_FLIP,EXPANSION,,26.066512624330525,,,,,,27958.74,685.0,-2268.5099999999984,-7.504850755526879,-133385.09,186873.83,2740945.49,239906.81999999998,2940938.48,4.50832,583.1,305,43,262,37.96255737704917,,
2026-06-05T06:43:09 ET,2026-06-05T06:40:00 ET,2026-06-05,Fri,0643ET,2026-06-09,30227.25,740.61,30238.0,NEAR_FLIP,EXPANSION,,26.066512624330525,,,,,,27958.74,685.0,-2268.5099999999984,-7.504850755526879,-182852.1,223955.34,4078037.08,215006.06,1599890.06,3.125509,859.06,289,26,263,34.99979238754325,,
2026-06-05T06:43:09 ET,2026-06-05T06:40:00 ET,2026-06-05,Fri,0643ET,2026-06-05,30227.25,740.61,30238.0,NEAR_FLIP,EXPANSION,,26.066512624330525,,,,,,27998.4,686.0,-2228.8499999999985,-7.373644641838071,-427459.47000000003,1391186.29,2838960.3000000003,10521859.280000001,24915456.26,79.447664,2174.39,1074,372,702,114.1,,
2026-06-05T06:43:09 ET,2026-06-05T06:40:00 ET,2026-06-05,Fri,0643ET,2026-06-08,30227.25,740.61,30238.0,NEAR_FLIP,EXPANSION,,26.066512624330525,,,,,,27999.56,686.0,-2227.6899999999987,-7.369807044967698,-6081.49,6081.49,125614.84,7662.44,-7696.2,-0.011522,18.51,10,0,10,37.02,,
2026-06-05T06:43:09 ET,2026-06-05T06:40:00 ET,2026-06-05,Fri,0643ET,2026-06-09,30227.25,740.61,30238.0,NEAR_FLIP,EXPANSION,,26.066512624330525,,,,,,27999.56,686.0,-2227.6899999999987,-7.369807044967698,-36380.86,38008.46000000001,805232.91,35804.28,19184.840000000004,0.03912299999999999,144.02,47,1,46,34.57148936170213,,
2026-06-05T06:43:09 ET,2026-06-05T06:40:00 ET,2026-06-05,Fri,0643ET,2026-06-05,30227.25,740.61,30238.0,NEAR_FLIP,EXPANSION,,26.066512624330525,,,,,,28039.21,687.0,-2188.040000000001,-7.23863401401054,-850423.5800000001,1307445.12,5693285.930000001,9704130.06,10636009.69,33.994136,1989.55,1007,176,831,111.08,,
2026-06-05T06:43:09 ET,2026-06-05T06:40:00 ET,2026-06-05,Fri,0643ET,2026-06-08,30227.25,740.61,30238.0,NEAR_FLIP,EXPANSION,,26.066512624330525,,,,,,28040.37,687.0,-2186.880000000001,-7.234796417140167,-13059.0,15666.16,269625.29,19363.230000000003,128585.48000000001,0.207519,46.879999999999995,25,2,23,36.4096,,
2026-06-05T06:43:09 ET,2026-06-05T06:40:00 ET,2026-06-05,Fri,0643ET,2026-06-09,30227.25,740.61,30238.0,NEAR_FLIP,EXPANSION,,26.066512624330525,,,,,,28040.37,687.0,-2186.880000000001,-7.234796417140167,-9299.81,9299.81,204390.15,8592.97,-13338.13,-0.027759,34.82,11,0,11,34.16,,
2026-06-05T06:43:09 ET,2026-06-05T06:40:00 ET,2026-06-05,Fri,0643ET,2026-06-05,30227.25,740.61,30238.0,NEAR_FLIP,EXPANSION,,26.066512624330525,,,,,,28080.03,688.0,-2147.220000000001,-7.10359030345136,-933357.55,1279624.09,6297607.09,9317189.15,7576577.4,24.279137000000002,1895.4,983,133,850,108.13,,
2026-06-05T06:43:09 ET,2026-06-05T06:40:00 ET,2026-06-05,Fri,0643ET,2026-06-08,30227.25,740.61,30238.0,NEAR_FLIP,EXPANSION,,26.066512624330525,,,,,,28081.19,688.0,-2146.0600000000013,-7.099752706580986,-13562.53,13562.53,275569.44,16435.7,-17008.45,-0.028393,40.37,20,0,20,36.21,,
2026-06-05T06:43:09 ET,2026-06-05T06:40:00 ET,2026-06-05,Fri,0643ET,2026-06-09,30227.25,740.61,30238.0,NEAR_FLIP,EXPANSION,,26.066512624330525,,,,,,28081.19,688.0,-2146.0600000000013,-7.099752706580986,-9770.23,9770.23,206720.17,8847.12,-14676.51,-0.035299,37.25,10,0,10,34.79,,
2026-06-05T06:43:09 ET,2026-06-05T06:40:00 ET,2026-06-05,Fri,0643ET,2026-06-05,30227.25,740.61,30238.0,NEAR_FLIP,EXPANSION,,26.066512624330525,,,,,,28120.84,689.0,-2106.41,-6.9685796756238165,-748112.3,1024900.8,5086567.91,7317983.22,6087243.300000001,19.564292000000002,1477.38,785,106,679,105.23,,
2026-06-05T06:43:09 ET,2026-06-05T06:40:00 ET,2026-06-05,Fri,0643ET,2026-06-08,30227.25,740.61,30238.0,NEAR_FLIP,EXPANSION,,26.066512624330525,,,,,,28122.0,689.0,-2105.25,-6.964742078753443,-41190.38,41190.38,835265.82,48932.15,-50837.68,-0.08737,120.45,59,0,59,35.58,,
2026-06-05T06:43:09 ET,2026-06-05T06:40:00 ET,2026-06-05,Fri,0643ET,2026-06-09,30227.25,740.61,30238.0,NEAR_FLIP,EXPANSION,,26.066512624330525,,,,,,28122.0,689.0,-2105.25,-6.964742078753443,-81471.98,81471.98,1758479.82,72346.04,-116012.01,-0.267438,298.67,87,0,87,33.45,,
2026-06-05T06:43:09 ET,2026-06-05T06:40:00 ET,2026-06-05,Fri,0643ET,2026-06-05,30227.25,740.61,30238.0,NEAR_FLIP,EXPANSION,,26.066512624330525,,,,,,28161.65,690.0,-2065.5999999999985,-6.833569047796272,-9530289.85,11356437.49,65285863.0,79485956.49,32704808.869999997,105.466859,15927.75,8669,697,7972,102.38,,
2026-06-05T06:43:09 ET,2026-06-05T06:40:00 ET,2026-06-05,Fri,0643ET,2026-06-08,30227.25,740.61,30238.0,NEAR_FLIP,EXPANSION,,26.066512624330525,,,,,,28162.82,690.0,-2064.4300000000003,-6.829698368194263,-351479.55,423744.93,7062015.99,493238.0,3257749.52,5.6484239999999994,1223.45,577,51,526,35.12994800693241,,
2026-06-05T06:43:09 ET,2026-06-05T06:40:00 ET,2026-06-05,Fri,0643ET,2026-06-09,30227.25,740.61,30238.0,NEAR_FLIP,EXPANSION,,26.066512624330525,,,,,,28162.82,690.0,-2064.4300000000003,-6.829698368194263,-157653.87,192925.25,3446957.74,167909.08000000002,1143405.49,2.6187449999999997,684.99,210,19,191,32.39995238095238,,
2026-06-05T06:43:09 ET,2026-06-05T06:40:00 ET,2026-06-05,Fri,0643ET,2026-06-05,30227.25,740.61,30238.0,NEAR_FLIP,EXPANSION,,26.066512624330525,,,,,,28202.47,691.0,-2024.7799999999988,-6.698525337237092,-3993822.1199999996,4522474.239999999,27559696.77,31016180.37,7593922.78,24.583368000000004,6170.1900000000005,3439,201,3238,99.6,,
2026-06-05T06:43:09 ET,2026-06-05T06:40:00 ET,2026-06-05,Fri,0643ET,2026-06-08,30227.25,740.61,30238.0,NEAR_FLIP,EXPANSION,,26.066512624330525,,,,,,28203.63,691.0,-2023.619999999999,-6.694687740366718,-90682.57,90682.57,1829983.23,103399.73,-108449.24,-0.198437,255.9,122,0,122,34.33,,
2026-06-05T06:43:09 ET,2026-06-05T06:40:00 ET,2026-06-05,Fri,0643ET,2026-06-09,30227.25,740.61,30238.0,NEAR_FLIP,EXPANSION,,26.066512624330525,,,,,,28203.63,691.0,-2023.619999999999,-6.694687740366718,-1441.2700000000002,3367.33,27544.539999999997,2867.72,69051.26,0.161519,12.440000000000001,3,1,2,33.586666666666666,,
2026-06-05T06:43:09 ET,2026-06-05T06:40:00 ET,2026-06-05,Fri,0643ET,2026-06-05,30227.25,740.61,30238.0,NEAR_FLIP,EXPANSION,,26.066512624330525,,,,,,28243.28,692.0,-1983.9700000000012,-6.56351470940956,-1102926.41,1670900.49,7665055.030000001,11223933.67,13315082.16,43.294746,2217.13,1265,215,1050,96.86,,
2026-06-05T06:43:09 ET,2026-06-05T06:40:00 ET,2026-06-05,Fri,0643ET,2026-06-08,30227.25,740.61,30238.0,NEAR_FLIP,EXPANSION,,26.066512624330525,,,,,,28244.45,692.0,-1982.7999999999993,-6.559644029807539,-65294.380000000005,66806.78,1314100.1199999999,74584.76,-4563.949999999997,-0.010759999999999992,185.12,87,1,86,33.70850574712644,,
2026-06-05T06:43:09 ET,2026-06-05T06:40:00 ET,2026-06-05,Fri,0643ET,2026-06-09,30227.25,740.61,30238.0,NEAR_FLIP,EXPANSION,,26.066512624330525,,,,,,28244.45,692.0,-1982.7999999999993,-6.559644029807539,-27938.16,27938.16,603369.59,23316.26,-37417.53,-0.091906,96.3,28,0,28,31.45,,
2026-06-05T06:43:09 ET,2026-06-05T06:40:00 ET,2026-06-05,Fri,0643ET,2026-06-05,30227.25,740.61,30238.0,NEAR_FLIP,EXPANSION,,26.066512624330525,,,,,,28284.1,693.0,-1943.1500000000015,-6.42847099885038,-1431130.26,1956851.5799999998,10014593.54,12869029.24,11707693.92,38.261593000000005,2524.8,1474,198,1276,94.19,,
2026-06-05T06:43:09 ET,2026-06-05T06:40:00 ET,2026-06-05,Fri,0643ET,2026-06-08,30227.25,740.61,30238.0,NEAR_FLIP,EXPANSION,,26.066512624330525,,,,,,28285.27,693.0,-1941.9799999999996,-6.424600319248359,-87190.67,93459.93000000001,1738498.17,102109.78,186881.65,0.352684,255.73,115,4,111,33.28921739130435,,
2026-06-05T06:43:09 ET,2026-06-05T06:40:00 ET,2026-06-05,Fri,0643ET,2026-06-09,30227.25,740.61,30238.0,NEAR_FLIP,EXPANSION,,26.066512624330525,,,,,,28285.27,693.0,-1941.9799999999996,-6.424600319248359,-130934.77,130934.77,2761513.44,106906.47,-178866.93,-0.484473,452.3,119,0,119,31.52,,
2026-06-05T06:43:09 ET,2026-06-05T06:40:00 ET,2026-06-05,Fri,0643ET,2026-06-05,30227.25,740.61,30238.0,NEAR_FLIP,EXPANSION,,26.066512624330525,,,,,,28324.91,694.0,-1902.3400000000001,-6.293460371022835,-13789919.14,14283990.02,97139324.44000001,91925116.82,-7185405.860000001,-23.619469000000002,17916.65,10697,185,10512,91.57,,
2026-06-05T06:43:09 ET,2026-06-05T06:40:00 ET,2026-06-05,Fri,0643ET,2026-06-08,30227.25,740.61,30238.0,NEAR_FLIP,EXPANSION,,26.066512624330525,,,,,,28326.08,694.0,-1901.1699999999983,-6.289589691420814,-214562.51,214562.51,4241460.83,229304.23,-249756.95,-0.52979,579.82,249,0,249,32.88,,
2026-06-05T06:43:09 ET,2026-06-05T06:40:00 ET,2026-06-05,Fri,0643ET,2026-06-09,30227.25,740.61,30238.0,NEAR_FLIP,EXPANSION,,26.066512624330525,,,,,,28326.08,694.0,-1901.1699999999983,-6.289589691420814,-179920.49,179920.49,3833851.02,143734.87,-236397.49,-0.634557,602.13,165,0,165,30.539999999999996,,
2026-06-05T06:43:09 ET,2026-06-05T06:40:00 ET,2026-06-05,Fri,0643ET,2026-06-05,30227.25,740.61,30238.0,NEAR_FLIP,EXPANSION,,26.066512624330525,,,,,,28365.72,695.0,-1861.5299999999988,-6.158449743195292,-2946650.0199999996,4616239.12,20889379.509999998,29057938.7,39458907.89,130.576298,5627.889999999999,3434,621,2813,89.0,,
2026-06-05T06:43:09 ET,2026-06-05T06:40:00 ET,2026-06-05,Fri,0643ET,2026-06-08,30227.25,740.61,30238.0,NEAR_FLIP,EXPANSION,,26.066512624330525,,,,,,28366.9,695.0,-1860.3499999999985,-6.154545980861635,-423356.6,499593.64,8327728.3,522071.42,2761248.24,5.696327999999999,1323.88,561,45,516,32.243101604278074,,
2026-06-05T06:43:09 ET,2026-06-05T06:40:00 ET,2026-06-05,Fri,0643ET,2026-06-09,30227.25,740.61,30238.0,NEAR_FLIP,EXPANSION,,26.066512624330525,,,,,,28366.9,695.0,-1860.3499999999985,-6.154545980861635,-260599.50999999998,330961.43,5455541.37,258471.83000000002,1859271.1999999997,5.1568130000000005,1099.65,283,31,252,30.314946996466436,,
2026-06-05T06:43:09 ET,2026-06-05T06:40:00 ET,2026-06-05,Fri,0643ET,2026-06-05,30227.25,740.61,30238.0,NEAR_FLIP,EXPANSION,,26.066512624330525,,,,,,28406.54,696.0,-1820.7099999999991,-6.023406032636112,-2225615.2600000002,3485397.48,15873949.08,21448995.59,29664476.54,98.919179,4129.26,2573,465,2108,86.49,,
2026-06-05T06:43:09 ET,2026-06-05T06:40:00 ET,2026-06-05,Fri,0643ET,2026-06-08,30227.25,740.61,30238.0,NEAR_FLIP,EXPANSION,,26.066512624330525,,,,,,28407.71,696.0,-1819.5400000000009,-6.019535353034103,-1362262.13,1362262.13,26573294.93,1391137.98,-1552633.91,-3.62835,3566.95,1435,0,1435,31.86,,
2026-06-05T06:43:09 ET,2026-06-05T06:40:00 ET,2026-06-05,Fri,0643ET,2026-06-09,30227.25,740.61,30238.0,NEAR_FLIP,EXPANSION,,26.066512624330525,,,,,,28407.71,696.0,-1819.5400000000009,-6.019535353034103,-171748.05,174123.16999999998,3567955.64,132883.04,-154536.58999999997,-0.47843199999999997,571.36,141,1,140,29.937304964539013,,
2026-06-05T06:43:09 ET,2026-06-05T06:40:00 ET,2026-06-05,Fri,0643ET,2026-06-05,30227.25,740.61,30238.0,NEAR_FLIP,EXPANSION,,26.066512624330525,,,,,,28447.35,697.0,-1779.9000000000015,-5.8883954048085805,-1429380.8900000001,2779503.5500000003,10253781.15,16713864.8,32901537.07,110.678625,3199.38,2034,494,1540,84.03,,
2026-06-05T06:43:09 ET,2026-06-05T06:40:00 ET,2026-06-05,Fri,0643ET,2026-06-08,30227.25,740.61,30238.0,NEAR_FLIP,EXPANSION,,26.066512624330525,,,,,,28448.53,697.0,-1778.7200000000012,-5.884491642474924,-233064.09,234912.00999999998,4527556.720000001,234331.45,-189457.59000000003,-0.471846,603.44,238,1,237,31.257689075630257,,
2026-06-05T06:43:09 ET,2026-06-05T06:40:00 ET,2026-06-05,Fri,0643ET,2026-06-09,30227.25,740.61,30238.0,NEAR_FLIP,EXPANSION,,26.066512624330525,,,,,,28448.53,697.0,-1778.7200000000012,-5.884491642474924,-132179.16,132179.16,2751292.46,98540.21,-169120.53,-0.524084,423.13,105,0,105,29.21,,
2026-06-05T06:43:09 ET,2026-06-05T06:40:00 ET,2026-06-05,Fri,0643ET,2026-06-05,30227.25,740.61,30238.0,NEAR_FLIP,EXPANSION,,26.066512624330525,,,,,,28488.17,698.0,-1739.0800000000017,-5.7533516942494,-1984805.8899999997,2379558.67,14315503.030000001,13974228.709999999,7537637.85,25.610951,2660.65,1724,143,1581,81.62,,
2026-06-05T06:43:09 ET,2026-06-05T06:40:00 ET,2026-06-05,Fri,0643ET,2026-06-08,30227.25,740.61,30238.0,NEAR_FLIP,EXPANSION,,26.066512624330525,,,,,,28489.34,698.0,-1737.9099999999999,-5.74948101464738,-316039.34,319912.94,6111215.8,311558.23,-205247.24999999997,-0.541734,806.25,311,2,309,30.66672025723473,,
2026-06-05T06:43:09 ET,2026-06-05T06:40:00 ET,2026-06-05,Fri,0643ET,2026-06-09,30227.25,740.61,30238.0,NEAR_FLIP,EXPANSION,,26.066512624330525,,,,,,28489.34,698.0,-1737.9099999999999,-5.74948101464738,-26910.769999999997,32140.07,552199.88,23388.68,107064.01000000001,0.341325,101.75999999999999,24,2,22,28.889166666666668,,
2026-06-05T06:43:09 ET,2026-06-05T06:40:00 ET,2026-06-05,Fri,0643ET,2026-06-05,30227.25,740.61,30238.0,NEAR_FLIP,EXPANSION,,26.066512624330525,,,,,,28528.98,699.0,-1698.2700000000004,-5.618341066421856,-1701804.4000000001,2519899.04,12336416.72,14444160.66,18570372.759999998,63.820153,2736.46,1805,293,1512,79.26999999999998,,
2026-06-05T06:43:09 ET,2026-06-05T06:40:00 ET,2026-06-05,Fri,0643ET,2026-06-08,30227.25,740.61,30238.0,NEAR_FLIP,EXPANSION,,26.066512624330525,,,,,,28530.16,699.0,-1697.0900000000001,-5.614437304088199,-89709.68,89709.68,1717378.17,85242.29,-98487.03,-0.265238,222.94,82,0,82,30.24,,
2026-06-05T06:43:09 ET,2026-06-05T06:40:00 ET,2026-06-05,Fri,0643ET,2026-06-09,30227.25,740.61,30238.0,NEAR_FLIP,EXPANSION,,26.066512624330525,,,,,,28530.16,699.0,-1697.0900000000001,-5.614437304088199,-1101901.77,1101901.77,22566998.35,782400.67,-1382939.95,-4.724512,3417.8,794,0,794,28.3,,
2026-06-05T06:43:09 ET,2026-06-05T06:40:00 ET,2026-06-05,Fri,0643ET,2026-06-05,30227.25,740.61,30238.0,NEAR_FLIP,EXPANSION,,26.066512624330525,,,,,,28569.79,700.0,-1657.4599999999991,-5.483330438594312,-30706222.53,38331865.11,223625224.32000002,214334063.92999998,153585047.39000002,534.695813,40420.369999999995,27104,2696,24408,76.98,,
2026-06-05T06:43:09 ET,2026-06-05T06:40:00 ET,2026-06-05,Fri,0643ET,2026-06-08,30227.25,740.61,30238.0,NEAR_FLIP,EXPANSION,,26.066512624330525,,,,,,28570.98,700.0,-1656.2700000000004,-5.47939359352902,-726385.91,790681.63,13741854.82,732614.05,1360221.8499999999,3.3974149999999996,1935.72,681,30,651,29.77916299559471,,
2026-06-05T06:43:09 ET,2026-06-05T06:40:00 ET,2026-06-05,Fri,0643ET,2026-06-09,30227.25,740.61,30238.0,NEAR_FLIP,EXPANSION,,26.066512624330525,,,,,,28570.98,700.0,-1656.2700000000004,-5.47939359352902,-1022979.44,1115746.98,20651993.43,772427.76,971024.4799999997,3.3603760000000005,3422.47,754,32,722,27.990663129973473,,
2026-06-05T06:43:09 ET,2026-06-05T06:40:00 ET,2026-06-05,Fri,0643ET,2026-06-05,30227.25,740.61,30238.0,NEAR_FLIP,EXPANSION,,26.066512624330525,,,,,,28610.61,701.0,-1616.6399999999994,-5.3482867280351325,-3872025.7099999995,5370318.83,28317600.18,29274213.799999997,32409034.470000003,114.496883,5497.94,3742,522,3220,74.73,,
2026-06-05T06:43:09 ET,2026-06-05T06:40:00 ET,2026-06-05,Fri,0643ET,2026-06-08,30227.25,740.61,30238.0,NEAR_FLIP,EXPANSION,,26.066512624330525,,,,,,28611.79,701.0,-1615.4599999999991,-5.344382965701476,-197597.35,197597.35,3720990.72,178428.61,-212426.2,-0.637831,474.78,162,0,162,29.23,,
2026-06-05T06:43:09 ET,2026-06-05T06:40:00 ET,2026-06-05,Fri,0643ET,2026-06-09,30227.25,740.61,30238.0,NEAR_FLIP,EXPANSION,,26.066512624330525,,,,,,28611.79,701.0,-1615.4599999999991,-5.344382965701476,-369513.33,369513.33,7382743.11,249274.94,-460484.18,-1.77486,1117.37,236,0,236,27.59,,
2026-06-05T06:43:09 ET,2026-06-05T06:40:00 ET,2026-06-05,Fri,0643ET,2026-06-05,30227.25,740.61,30238.0,NEAR_FLIP,EXPANSION,,26.066512624330525,,,,,,28651.42,702.0,-1575.8300000000017,-5.2132761002076,-1966915.52,2880334.7399999998,14438424.409999998,15296794.540000001,19934666.02,71.603798,2862.3900000000003,1974,313,1661,72.55,,
2026-06-05T06:43:09 ET,2026-06-05T06:40:00 ET,2026-06-05,Fri,0643ET,2026-06-08,30227.25,740.61,30238.0,NEAR_FLIP,EXPANSION,,26.066512624330525,,,,,,28652.61,702.0,-1574.6399999999994,-5.209339255142295,-1016074.49,1020865.27,18925774.77,897756.86,-941744.28,-3.047946,2415.86,786,2,784,28.788269720101784,,
2026-06-05T06:43:09 ET,2026-06-05T06:40:00 ET,2026-06-05,Fri,0643ET,2026-06-09,30227.25,740.61,30238.0,NEAR_FLIP,EXPANSION,,26.066512624330525,,,,,,28652.61,702.0,-1574.6399999999994,-5.209339255142295,-186772.62999999998,193247.09,3654729.1700000004,126933.49,-94824.48000000001,-0.42366100000000007,580.92,114,2,112,27.431403508771933,,
2026-06-05T06:43:09 ET,2026-06-05T06:40:00 ET,2026-06-05,Fri,0643ET,2026-06-05,30227.25,740.61,30238.0,NEAR_FLIP,EXPANSION,,26.066512624330525,,,,,,28692.24,703.0,-1535.0099999999984,-5.078232389648408,-1571398.67,2356354.67,11572046.74,12183561.8,16979794.0,62.14055,2272.7200000000003,1585,264,1321,70.41,,
2026-06-05T06:43:09 ET,2026-06-05T06:40:00 ET,2026-06-05,Fri,0643ET,2026-06-08,30227.25,740.61,30238.0,NEAR_FLIP,EXPANSION,,26.066512624330525,,,,,,28693.42,703.0,-1533.8300000000017,-5.074328627314763,-174542.31999999998,466881.12,3170248.6100000003,399639.39,8031540.98,25.051970999999998,1075.85,350,115,235,28.02285714285714,,
2026-06-05T06:43:09 ET,2026-06-05T06:40:00 ET,2026-06-05,Fri,0643ET,2026-06-09,30227.25,740.61,30238.0,NEAR_FLIP,EXPANSION,,26.066512624330525,,,,,,28693.42,703.0,-1533.8300000000017,-5.074328627314763,-477978.23,824398.69,9117571.9,526952.54,6449051.21,27.015435,2443.19,459,101,358,27.041372549019613,,
2026-06-05T06:43:09 ET,2026-06-05T06:40:00 ET,2026-06-05,Fri,0643ET,2026-06-05,30227.25,740.61,30238.0,NEAR_FLIP,EXPANSION,,26.066512624330525,,,,,,28733.05,704.0,-1494.2000000000007,-4.943221761820876,-1953949.6599999997,3329457.36,14427158.100000001,16748322.92,30028444.73,112.227412,3116.25,2193,453,1740,68.33,,
2026-06-05T06:43:09 ET,2026-06-05T06:40:00 ET,2026-06-05,Fri,0643ET,2026-06-08,30227.25,740.61,30238.0,NEAR_FLIP,EXPANSION,,26.066512624330525,,,,,,28734.24,704.0,-1493.0099999999984,-4.939284916755572,-226719.65999999997,248356.88,4141259.83,206730.22,333404.18999999994,1.04576,566.65,171,8,163,27.76005847953216,,
2026-06-05T06:43:09 ET,2026-06-05T06:40:00 ET,2026-06-05,Fri,0643ET,2026-06-09,30227.25,740.61,30238.0,NEAR_FLIP,EXPANSION,,26.066512624330525,,,,,,28734.24,704.0,-1493.0099999999984,-4.939284916755572,-1476598.42,1476598.42,28593675.45,918009.39,-1793784.07,-8.14013,4253.27,801,0,801,26.280000000000005,,
2026-06-05T06:43:09 ET,2026-06-05T06:40:00 ET,2026-06-05,Fri,0643ET,2026-06-05,30227.25,740.61,30238.0,NEAR_FLIP,EXPANSION,,26.066512624330525,,,,,,28773.86,705.0,-1453.3899999999994,-4.808211133993332,-9034185.62,15304644.12,66839353.03999999,74843904.10000001,133695225.85000001,511.576502,13898.82,9846,2017,7829,66.29,,
2026-06-05T06:43:09 ET,2026-06-05T06:40:00 ET,2026-06-05,Fri,0643ET,2026-06-08,30227.25,740.61,30238.0,NEAR_FLIP,EXPANSION,,26.066512624330525,,,,,,28775.05,705.0,-1452.2000000000007,-4.804274288928039,-13447916.23,13488306.05,243980217.32000002,10911143.36,-12859579.07,-48.901612,30189.09,8775,14,8761,27.22913846153846,,
2026-06-05T06:43:09 ET,2026-06-05T06:40:00 ET,2026-06-05,Fri,0643ET,2026-06-09,30227.25,740.61,30238.0,NEAR_FLIP,EXPANSION,,26.066512624330525,,,,,,28775.05,705.0,-1452.2000000000007,-4.804274288928039,-599590.9299999999,638292.49,11393236.16,385563.79,-37330.53000000003,-0.26832600000000006,1820.5,322,10,312,26.0216149068323,,
2026-06-05T06:43:09 ET,2026-06-05T06:40:00 ET,2026-06-05,Fri,0643ET,2026-06-05,30227.25,740.61,30238.0,NEAR_FLIP,EXPANSION,,26.066512624330525,,,,,,28814.68,706.0,-1412.5699999999997,-4.673167423434152,-1998039.4299999997,3121537.63,14802379.649999999,14828241.94,22967922.48,90.230367,2750.2000000000003,1956,352,1604,64.32,,
2026-06-05T06:43:09 ET,2026-06-05T06:40:00 ET,2026-06-05,Fri,0643ET,2026-06-08,30227.25,740.61,30238.0,NEAR_FLIP,EXPANSION,,26.066512624330525,,,,,,28815.87,706.0,-1411.380000000001,-4.669230578368859,-669879.99,672965.1699999999,11998651.860000001,528594.5599999999,-614745.5299999999,-2.508764,1482.11,409,1,408,26.798606356968214,,
2026-06-05T06:43:09 ET,2026-06-05T06:40:00 ET,2026-06-05,Fri,0643ET,2026-06-09,30227.25,740.61,30238.0,NEAR_FLIP,EXPANSION,,26.066512624330525,,,,,,28815.87,706.0,-1411.380000000001,-4.669230578368859,-1254335.73,1279063.37,23267315.119999997,750017.18,-1134360.7,-6.128733,3631.15,593,6,587,25.904738617200675,,
2026-06-05T06:43:09 ET,2026-06-05T06:40:00 ET,2026-06-05,Fri,0643ET,2026-06-05,30227.25,740.61,30238.0,NEAR_FLIP,EXPANSION,,26.066512624330525,,,,,,28855.49,707.0,-1371.7599999999984,-4.538156795606608,-38786606.599999994,40699559.86,287525257.17,187642449.60000002,3883242.360000007,15.710035000000005,34784.02,24765,582,24183,62.39,,
2026-06-05T06:43:09 ET,2026-06-05T06:40:00 ET,2026-06-05,Fri,0643ET,2026-06-08,30227.25,740.61,30238.0,NEAR_FLIP,EXPANSION,,26.066512624330525,,,,,,28856.69,707.0,-1370.5600000000013,-4.534186867809679,-537174.4099999999,540481.99,9420282.420000002,411828.77,-482917.49,-2.1687629999999998,1179.96,300,1,299,26.557433333333332,,
2026-06-05T06:43:09 ET,2026-06-05T06:40:00 ET,2026-06-05,Fri,0643ET,2026-06-09,30227.25,740.61,30238.0,NEAR_FLIP,EXPANSION,,26.066512624330525,,,,,,28856.69,707.0,-1370.5600000000013,-4.534186867809679,-158747.68000000002,163143.34,2938953.59,92817.4,-122229.05000000002,-0.679194,450.66999999999996,73,1,72,25.207397260273975,,
2026-06-05T06:43:09 ET,2026-06-05T06:40:00 ET,2026-06-05,Fri,0643ET,2026-06-05,30227.25,740.61,30238.0,NEAR_FLIP,EXPANSION,,26.066512624330525,,,,,,28896.31,708.0,-1330.9399999999987,-4.403113085047428,-3438392.9299999997,4233043.75,25484169.189999998,18924518.59,13372085.969999999,55.893451,3509.0899999999997,2493,234,2259,60.519999999999996,,
2026-06-05T06:43:09 ET,2026-06-05T06:40:00 ET,2026-06-05,Fri,0643ET,2026-06-08,30227.25,740.61,30238.0,NEAR_FLIP,EXPANSION,,26.066512624330525,,,,,,28897.5,708.0,-1329.75,-4.399176239982135,-1025997.44,1029552.26,17964732.71,760508.51,-958349.4199999999,-4.424748,2183.9199999999996,551,1,550,25.8091833030853,,
2026-06-05T06:43:09 ET,2026-06-05T06:40:00 ET,2026-06-05,Fri,0643ET,2026-06-09,30227.25,740.61,30238.0,NEAR_FLIP,EXPANSION,,26.066512624330525,,,,,,28897.5,708.0,-1329.75,-4.399176239982135,-1135345.9700000002,1154127.77,20451910.56,636263.27,-1114295.7,-6.760547000000001,3177.18,473,4,469,25.116109936575054,,
2026-06-05T06:43:09 ET,2026-06-05T06:40:00 ET,2026-06-05,Fri,0643ET,2026-06-05,30227.25,740.61,30238.0,NEAR_FLIP,EXPANSION,,26.066512624330525,,,,,,28937.12,709.0,-1290.130000000001,-4.268102457219896,-1628526.08,3096840.4000000004,12057389.250000002,13412444.93,28072000.22,121.66275000000002,2489.89,1759,417,1342,58.69,,
2026-06-05T06:43:09 ET,2026-06-05T06:40:00 ET,2026-06-05,Fri,0643ET,2026-06-08,30227.25,740.61,30238.0,NEAR_FLIP,EXPANSION,,26.066512624330525,,,,,,28938.32,709.0,-1288.9300000000003,-4.264132529422955,-1058297.56,1058297.56,17990790.38,756866.99,-1082062.82,-5.560113,2240.2,507,0,507,25.75,,
2026-06-05T06:43:09 ET,2026-06-05T06:40:00 ET,2026-06-05,Fri,0643ET,2026-06-09,30227.25,740.61,30238.0,NEAR_FLIP,EXPANSION,,26.066512624330525,,,,,,28938.32,709.0,-1288.9300000000003,-4.264132529422955,-383862.99,383862.99,6887602.33,204935.99,-458129.74,-2.866943,1028.58,151,0,151,24.45,,
2026-06-05T06:43:09 ET,2026-06-05T06:40:00 ET,2026-06-05,Fri,0643ET,2026-06-05,30227.25,740.61,30238.0,NEAR_FLIP,EXPANSION,,26.066512624330525,,,,,,28977.93,710.0,-1249.3199999999997,-4.1330918293923515,-2559966.2200000007,24538659.78,18915810.799999997,102852996.07,422501565.82000005,1905.888268,19133.97,13391,5997,7394,56.919999999999995,,
2026-06-05T06:43:09 ET,2026-06-05T06:40:00 ET,2026-06-05,Fri,0643ET,2026-06-08,30227.25,740.61,30238.0,NEAR_FLIP,EXPANSION,,26.066512624330525,,,,,,28979.13,710.0,-1248.119999999999,-4.129121901595411,-3126159.08,3188195.7199999997,53144509.4,2206137.53,-2044310.04,-11.099922999999999,6531.95,1478,15,1463,24.925940460081186,,
2026-06-05T06:43:09 ET,2026-06-05T06:40:00 ET,2026-06-05,Fri,0643ET,2026-06-09,30227.25,740.61,30238.0,NEAR_FLIP,EXPANSION,,26.066512624330525,,,,,,28979.13,710.0,-1248.119999999999,-4.129121901595411,-2119884.54,2205974.84,37557247.050000004,1139205.23,-1419714.4300000002,-9.422718,5795.740000000001,819,16,803,23.96980463980464,,
2026-06-05T06:43:09 ET,2026-06-05T06:40:00 ET,2026-06-05,Fri,0643ET,2026-06-05,30227.25,740.61,30238.0,NEAR_FLIP,EXPANSION,,26.066512624330525,,,,,,29018.75,711.0,-1208.5,-3.9980481188331725,-4311117.45,5789623.31,32613342.099999998,23464433.61,23789755.92,113.47622700000001,4293.15,3213,386,2827,54.11776844070962,,
2026-06-05T06:43:09 ET,2026-06-05T06:40:00 ET,2026-06-05,Fri,0643ET,2026-06-08,30227.25,740.61,30238.0,NEAR_FLIP,EXPANSION,,26.066512624330525,,,,,,29019.95,711.0,-1207.2999999999993,-3.9940781910362313,-730104.04,756962.0,12084075.06,506086.95999999996,-313302.07,-1.9919480000000003,1539.23,318,6,312,24.738301886792453,,
2026-06-05T06:43:09 ET,2026-06-05T06:40:00 ET,2026-06-05,Fri,0643ET,2026-06-09,30227.25,740.61,30238.0,NEAR_FLIP,EXPANSION,,26.066512624330525,,,,,,29019.95,711.0,-1207.2999999999993,-3.9940781910362313,-486216.92,486216.92,8411318.09,242573.83,-578005.12,-4.142634,1265.11,167,0,167,23.74,,
2026-06-05T06:43:09 ET,2026-06-05T06:40:00 ET,2026-06-05,Fri,0643ET,2026-06-05,30227.25,740.61,30238.0,NEAR_FLIP,EXPANSION,,26.066512624330525,,,,,,29059.56,712.0,-1167.6899999999987,-3.8630374910056284,-3314000.7300000004,4721265.75,25207337.78,18477609.830000002,22151322.4,111.00261499999999,3376.21,2540,350,2190,52.18496062992126,,
2026-06-05T06:43:09 ET,2026-06-05T06:40:00 ET,2026-06-05,Fri,0643ET,2026-06-08,30227.25,740.61,30238.0,NEAR_FLIP,EXPANSION,,26.066512624330525,,,,,,29060.76,712.0,-1166.4900000000016,-3.8590675632086993,-2437550.15,2510380.9899999998,39569805.17,1619891.35,-1398927.02,-9.303014999999998,5027.79,973,15,958,24.37013360739979,,
2026-06-05T06:43:09 ET,2026-06-05T06:40:00 ET,2026-06-05,Fri,0643ET,2026-06-09,30227.25,740.61,30238.0,NEAR_FLIP,EXPANSION,,26.066512624330525,,,,,,29060.76,712.0,-1166.4900000000016,-3.8590675632086993,-619400.73,619400.73,10321114.61,298124.75,-757228.8,-5.982364,1615.88,193,0,193,23.81,,
2026-06-05T06:43:09 ET,2026-06-05T06:40:00 ET,2026-06-05,Fri,0643ET,2026-06-05,30227.25,740.61,30238.0,NEAR_FLIP,EXPANSION,,26.066512624330525,,,,,,29100.38,713.0,-1126.869999999999,-3.727993780446448,-3628101.27,6057833.390000001,27008236.130000003,22862187.65,37615722.04000001,197.194165,4257.24,2961,573,2388,51.29900709219858,,
2026-06-05T06:43:09 ET,2026-06-05T06:40:00 ET,2026-06-05,Fri,0643ET,2026-06-08,30227.25,740.61,30238.0,NEAR_FLIP,EXPANSION,,26.066512624330525,,,,,,29101.58,713.0,-1125.6699999999983,-3.7240238526495073,-1864605.1300000001,1890991.49,29673788.29,1176216.53,-1518022.18,-10.598471,3728.5299999999997,676,5,671,23.985340236686387,,
2026-06-05T06:43:09 ET,2026-06-05T06:40:00 ET,2026-06-05,Fri,0643ET,2026-06-09,30227.25,740.61,30238.0,NEAR_FLIP,EXPANSION,,26.066512624330525,,,,,,29101.58,713.0,-1125.6699999999983,-3.7240238526495073,-406301.19,406301.19,6696437.1,188505.31,-488299.46,-4.069906,1034.12,120,0,120,23.219999999999995,,
2026-06-05T06:43:09 ET,2026-06-05T06:40:00 ET,2026-06-05,Fri,0643ET,2026-06-05,30227.25,740.61,30238.0,NEAR_FLIP,EXPANSION,,26.066512624330525,,,,,,29141.19,714.0,-1086.0600000000013,-3.5929831526189164,-6123538.23,7431311.77,45163787.019999996,27012717.94,15809976.28,88.75025,5052.719999999999,3449,291,3158,49.63581037982024,,
2026-06-05T06:43:09 ET,2026-06-05T06:40:00 ET,2026-06-05,Fri,0643ET,2026-06-08,30227.25,740.61,30238.0,NEAR_FLIP,EXPANSION,,26.066512624330525,,,,,,29142.39,714.0,-1084.8600000000006,-3.5890132248219757,-2032313.79,2043807.0699999998,31586913.259999998,1223740.47,-1899831.94,-14.331173000000001,3976.3700000000003,670,2,668,23.667970149253733,,
2026-06-05T06:43:09 ET,2026-06-05T06:40:00 ET,2026-06-05,Fri,0643ET,2026-06-09,30227.25,740.61,30238.0,NEAR_FLIP,EXPANSION,,26.066512624330525,,,,,,29142.39,714.0,-1084.8600000000006,-3.5890132248219757,-2139992.7399999998,2161492.94,34776217.3,965323.62,-2341376.3600000003,-20.698646999999998,5377.12,602,3,599,22.69985049833887,,
2026-06-05T06:43:09 ET,2026-06-05T06:40:00 ET,2026-06-05,Fri,0643ET,2026-06-05,30227.25,740.61,30238.0,NEAR_FLIP,EXPANSION,,26.066512624330525,,,,,,29182.0,715.0,-1045.25,-3.4579725247913724,-21095624.76,36272565.58,155182482.77,126808856.2,207374535.14000002,1228.037393,23942.39,15748,3170,12578,48.17506223012446,,
2026-06-05T06:43:09 ET,2026-06-05T06:40:00 ET,2026-06-05,Fri,0643ET,2026-06-08,30227.25,740.61,30238.0,NEAR_FLIP,EXPANSION,,26.066512624330525,,,,,,29183.21,715.0,-1044.0400000000009,-3.4539695142627953,-6363271.47,6457299.2700000005,96510622.96,3716421.9699999997,-5375195.74,-44.467041,12383.26,1944,15,1929,23.334598765432098,,
2026-06-05T06:43:09 ET,2026-06-05T06:40:00 ET,2026-06-05,Fri,0643ET,2026-06-09,30227.25,740.61,30238.0,NEAR_FLIP,EXPANSION,,26.066512624330525,,,,,,29183.21,715.0,-1044.0400000000009,-3.4539695142627953,-3149911.6,3227075.14,49053050.18,1384677.7000000002,-3207633.65,-31.356932,8055.549999999999,817,10,807,22.77498164014688,,
2026-06-05T06:43:09 ET,2026-06-05T06:40:00 ET,2026-06-05,Fri,0643ET,2026-06-05,30227.25,740.61,30238.0,NEAR_FLIP,EXPANSION,,26.066512624330525,,,,,,29222.82,716.0,-1004.4300000000003,-3.322928814232192,-9457052.8,11410877.02,68215355.03,38307530.74,19759454.74,126.315172,7323.19,4588,381,4207,46.84733435047951,,
2026-06-05T06:43:09 ET,2026-06-05T06:40:00 ET,2026-06-05,Fri,0643ET,2026-06-08,30227.25,740.61,30238.0,NEAR_FLIP,EXPANSION,,26.066512624330525,,,,,,29224.03,716.0,-1003.2200000000012,-3.318925803703616,-3780386.3800000004,3889958.48,56057363.61,2148716.36,-2712594.5,-24.539890999999997,7327.86,1081,16,1065,22.920527289546715,,
2026-06-05T06:43:09 ET,2026-06-05T06:40:00 ET,2026-06-05,Fri,0643ET,2026-06-09,30227.25,740.61,30238.0,NEAR_FLIP,EXPANSION,,26.066512624330525,,,,,,29224.03,716.0,-1003.2200000000012,-3.318925803703616,-2512333.12,2545585.26,38796104.690000005,1048331.7,-2742082.55,-28.078968,6161.56,612,4,608,22.08986928104575,,
2026-06-05T06:43:09 ET,2026-06-05T06:40:00 ET,2026-06-05,Fri,0643ET,2026-06-05,30227.25,740.61,30238.0,NEAR_FLIP,EXPANSION,,26.066512624330525,,,,,,29263.63,717.0,-963.619999999999,-3.187918186404648,-6324037.67,8052970.369999999,44879132.22,25916920.97,17297394.689999998,118.316991,5034.71,2969,313,2656,45.636897945436175,,
2026-06-05T06:43:09 ET,2026-06-05T06:40:00 ET,2026-06-05,Fri,0643ET,2026-06-08,30227.25,740.61,30238.0,NEAR_FLIP,EXPANSION,,26.066512624330525,,,,,,29264.84,717.0,-962.4099999999999,-3.1839151758760718,-1413315.07,1495721.11,20410238.610000003,791576.4500000001,-686243.14,-6.956554999999999,2772.85,382,11,371,22.552434554973818,,
2026-06-05T06:43:09 ET,2026-06-05T06:40:00 ET,2026-06-05,Fri,0643ET,2026-06-09,30227.25,740.61,30238.0,NEAR_FLIP,EXPANSION,,26.066512624330525,,,,,,29264.84,717.0,-962.4099999999999,-3.1839151758760718,-941536.4600000001,977374.88,13798768.19,385392.25,-920632.79,-10.478909999999999,2388.23,213,4,209,22.30023474178404,,
2026-06-05T06:43:09 ET,2026-06-05T06:40:00 ET,2026-06-05,Fri,0643ET,2026-06-05,30227.25,740.61,30238.0,NEAR_FLIP,EXPANSION,,26.066512624330525,,,,,,29304.45,718.0,-922.7999999999993,-3.052874475845468,-13766553.81,16932262.63,96072123.04,52146407.489999995,27005050.080000002,199.93050799999997,10294.880000000001,5724,529,5195,44.38033193570929,,
2026-06-05T06:43:09 ET,2026-06-05T06:40:00 ET,2026-06-05,Fri,0643ET,2026-06-08,30227.25,740.61,30238.0,NEAR_FLIP,EXPANSION,,26.066512624330525,,,,,,29305.66,718.0,-921.5900000000001,-3.048871465316892,-5081624.95,5426189.7299999995,71787392.29,2746428.54,-2301076.4000000004,-24.979652,9848.480000000001,1282,42,1240,22.084602184087363,,
2026-06-05T06:43:09 ET,2026-06-05T06:40:00 ET,2026-06-05,Fri,0643ET,2026-06-09,30227.25,740.61,30238.0,NEAR_FLIP,EXPANSION,,26.066512624330525,,,,,,29305.66,718.0,-921.5900000000001,-3.048871465316892,-1454032.3800000001,1705158.34,21171226.87,643059.49,-133482.53000000003,-1.5926149999999986,4020.92,353,26,327,21.519263456090652,,
2026-06-05T06:43:09 ET,2026-06-05T06:40:00 ET,2026-06-05,Fri,0643ET,2026-06-05,30227.25,740.61,30238.0,NEAR_FLIP,EXPANSION,,26.066512624330525,,,,,,29345.26,719.0,-881.9900000000016,-2.917863848017936,-7917584.79,9697981.69,54271536.64,28524375.169999998,13353009.629999999,107.55083300000001,5732.1900000000005,2994,273,2721,43.15185370741483,,
2026-06-05T06:43:09 ET,2026-06-05T06:40:00 ET,2026-06-05,Fri,0643ET,2026-06-08,30227.25,740.61,30238.0,NEAR_FLIP,EXPANSION,,26.066512624330525,,,,,,29346.47,719.0,-880.7799999999988,-2.9138608374893478,-2324511.9400000004,2351486.46,31562740.65,1135718.15,-2175242.29,-25.186571,4247.33,502,3,499,21.975996015936257,,
2026-06-05T06:43:09 ET,2026-06-05T06:40:00 ET,2026-06-05,Fri,0643ET,2026-06-09,30227.25,740.61,30238.0,NEAR_FLIP,EXPANSION,,26.066512624330525,,,,,,29346.47,719.0,-880.7799999999988,-2.9138608374893478,-810325.1,1164355.3199999998,11083447.24,418793.48,1053428.04,13.187511,2767.2000000000003,220,34,186,21.68809090909091,,
2026-06-05T06:43:09 ET,2026-06-05T06:40:00 ET,2026-06-05,Fri,0643ET,2026-06-05,30227.25,740.61,30238.0,NEAR_FLIP,EXPANSION,,26.066512624330525,,,,,,29386.07,720.0,-841.1800000000003,-2.782853220190392,-27551149.15,52424092.410000004,183866887.57,146938887.85,220810903.81,1941.0612419999998,30242.649999999998,14574,3479,11095,42.11419308357349,,
2026-06-05T06:43:09 ET,2026-06-05T06:40:00 ET,2026-06-05,Fri,0643ET,2026-06-08,30227.25,740.61,30238.0,NEAR_FLIP,EXPANSION,,26.066512624330525,,,,,,29387.29,720.0,-839.9599999999991,-2.778817126930168,-18569412.04,19358210.64,244182802.67,8903236.47,-13892516.67,-177.021506,34401.2,3794,80,3714,21.61692672641012,,
2026-06-05T06:43:09 ET,2026-06-05T06:40:00 ET,2026-06-05,Fri,0643ET,2026-06-09,30227.25,740.61,30238.0,NEAR_FLIP,EXPANSION,,26.066512624330525,,,,,,29387.29,720.0,-839.9599999999991,-2.778817126930168,-15271398.85,15742783.35,202332249.10999998,5389564.57,-17035550.49,-240.21729399999998,37146.11,2757,42,2715,21.53146898803047,,
2026-06-05T06:43:09 ET,2026-06-05T06:40:00 ET,2026-06-05,Fri,0643ET,2026-06-05,30227.25,740.61,30238.0,NEAR_FLIP,EXPANSION,,26.066512624330525,,,,,,29426.89,721.0,-800.3600000000006,-2.647809509631212,-5203929.779999999,15445586.1,33997209.71,41159538.269999996,85519871.46000001,829.47801,8644.83,3902,1299,2603,40.86005125576627,,
2026-06-05T06:43:09 ET,2026-06-05T06:40:00 ET,2026-06-05,Fri,0643ET,2026-06-08,30227.25,740.61,30238.0,NEAR_FLIP,EXPANSION,,26.066512624330525,,,,,,29428.1,721.0,-799.1500000000015,-2.6438064991026358,-3356734.79,3399993.99,42547661.86,1485340.95,-3225768.33,-44.461600999999995,5968.62,609,4,605,21.355796387520524,,
2026-06-05T06:43:09 ET,2026-06-05T06:40:00 ET,2026-06-05,Fri,0643ET,2026-06-09,30227.25,740.61,30238.0,NEAR_FLIP,EXPANSION,,26.066512624330525,,,,,,29428.1,721.0,-799.1500000000015,-2.6438064991026358,-2201453.15,2709336.15,27819112.18,880684.42,-412583.5800000001,-6.990918999999998,6338.98,441,42,399,21.345238095238095,,
2026-06-05T06:43:09 ET,2026-06-05T06:40:00 ET,2026-06-05,Fri,0643ET,2026-06-05,30227.25,740.61,30238.0,NEAR_FLIP,EXPANSION,,26.066512624330525,,,,,,29467.7,722.0,-759.5499999999993,-2.512798881803668,-20794775.57,25289819.83,131870910.60999998,63899527.54,20558943.48,217.673868,13853.779999999999,5675,514,5161,39.99195947136565,,
2026-06-05T06:43:09 ET,2026-06-05T06:40:00 ET,2026-06-05,Fri,0643ET,2026-06-08,30227.25,740.61,30238.0,NEAR_FLIP,EXPANSION,,26.066512624330525,,,,,,29468.92,722.0,-758.3300000000017,-2.508762788543456,-21734510.970000003,21793815.27,265636589.68,9019620.73,-22376689.61,-335.382811,37667.9,3581,5,3576,21.029162245182906,,
2026-06-05T06:43:09 ET,2026-06-05T06:40:00 ET,2026-06-05,Fri,0643ET,2026-06-09,30227.25,740.61,30238.0,NEAR_FLIP,EXPANSION,,26.066512624330525,,,,,,29468.92,722.0,-758.3300000000017,-2.508762788543456,-4203725.6,4386010.92,52258390.69,1350483.3099999998,-4578533.27,-73.874753,9967.91,670,14,656,20.734776119402984,,
2026-06-05T06:43:09 ET,2026-06-05T06:40:00 ET,2026-06-05,Fri,0643ET,2026-06-05,30227.25,740.61,30238.0,NEAR_FLIP,EXPANSION,,26.066512624330525,,,,,,29508.52,723.0,-718.7299999999996,-2.377755171244488,-12251972.399999999,15422216.98,75500207.36,36841710.370000005,13479613.37,159.369399,8217.15,3102,325,2777,38.89285299806576,,
2026-06-05T06:43:09 ET,2026-06-05T06:40:00 ET,2026-06-05,Fri,0643ET,2026-06-08,30227.25,740.61,30238.0,NEAR_FLIP,EXPANSION,,26.066512624330525,,,,,,29509.74,723.0,-717.5099999999984,-2.373719077984264,-7016207.159999999,7315256.62,82008922.66,2859270.56,-6046142.630000001,-99.609466,12495.21,1100,23,1077,20.77682727272727,,
2026-06-05T06:43:09 ET,2026-06-05T06:40:00 ET,2026-06-05,Fri,0643ET,2026-06-09,30227.25,740.61,30238.0,NEAR_FLIP,EXPANSION,,26.066512624330525,,,,,,29509.74,723.0,-717.5099999999984,-2.373719077984264,-2499235.6599999997,2611291.9,29373760.67,758850.87,-2859244.3,-49.754069,5936.87,370,8,362,20.748972972972975,,
2026-06-05T06:43:09 ET,2026-06-05T06:40:00 ET,2026-06-05,Fri,0643ET,2026-06-05,30227.25,740.61,30238.0,NEAR_FLIP,EXPANSION,,26.066512624330525,,,,,,29549.33,724.0,-677.9199999999983,-2.242744543416944,-15406664.05,29494648.59,91208765.69,66398344.29,75236788.56,1007.541046,15296.650000000001,5290,1288,4002,37.85878260869565,,
2026-06-05T06:43:09 ET,2026-06-05T06:40:00 ET,2026-06-05,Fri,0643ET,2026-06-08,30227.25,740.61,30238.0,NEAR_FLIP,EXPANSION,,26.066512624330525,,,,,,29550.55,724.0,-676.7000000000007,-2.238708450156732,-4013689.25,4184586.0300000003,44977821.410000004,1539596.95,-3586292.09,-64.176964,7034.31,578,12,566,20.4481660899654,,
2026-06-05T06:43:09 ET,2026-06-05T06:40:00 ET,2026-06-05,Fri,0643ET,2026-06-09,30227.25,740.61,30238.0,NEAR_FLIP,EXPANSION,,26.066512624330525,,,,,,29550.55,724.0,-676.7000000000007,-2.238708450156732,-1485305.41,1876634.8699999999,16476574.170000002,513009.74,-608611.7500000002,-11.535271999999996,4237.14,248,26,222,20.601854838709677,,
2026-06-05T06:43:09 ET,2026-06-05T06:40:00 ET,2026-06-05,Fri,0643ET,2026-06-05,30227.25,740.61,30238.0,NEAR_FLIP,EXPANSION,,26.066512624330525,,,,,,29590.14,725.0,-637.1100000000006,-2.107733915589412,-57203490.95,93829488.95,325630355.69,198319657.95,155767564.29,2339.0014949999995,47548.4,14870,2972,11898,36.99209952925353,,
2026-06-05T06:43:09 ET,2026-06-05T06:40:00 ET,2026-06-05,Fri,0643ET,2026-06-08,30227.25,740.61,30238.0,NEAR_FLIP,EXPANSION,,26.066512624330525,,,,,,29591.37,725.0,-635.880000000001,-2.103664739597552,-29949471.150000002,31149100.87,318294934.34999996,10745431.690000001,-28346366.17,-552.8047099999999,51893.16,3943,77,3866,20.267501902105,,
2026-06-05T06:43:09 ET,2026-06-05T06:40:00 ET,2026-06-05,Fri,0643ET,2026-06-09,30227.25,740.61,30238.0,NEAR_FLIP,EXPANSION,,26.066512624330525,,,,,,29591.37,725.0,-635.880000000001,-2.103664739597552,-9877879.52,10782287.780000001,104414791.5,2762025.5500000003,-10703951.12,-213.498744,24136.460000000003,1332,56,1276,20.42267267267267,,
2026-06-05T06:43:09 ET,2026-06-05T06:40:00 ET,2026-06-05,Fri,0643ET,2026-06-05,30227.25,740.61,30238.0,NEAR_FLIP,EXPANSION,,26.066512624330525,,,,,,29630.96,726.0,-596.2900000000009,-1.9726902050302322,-19623100.04,26525074.36,107390874.77,52419312.16,18386185.72,307.55958799999996,13125.56,3711,495,3216,36.12195634599838,,
2026-06-05T06:43:09 ET,2026-06-05T06:40:00 ET,2026-06-05,Fri,0643ET,2026-06-08,30227.25,740.61,30238.0,NEAR_FLIP,EXPANSION,,26.066512624330525,,,,,,29632.18,726.0,-595.0699999999997,-1.9686541117700078,-2742358.9899999998,3388950.85,27580947.159999996,1091526.1,-935688.1399999997,-20.263248999999995,5555.88,395,38,357,19.941316455696203,,
2026-06-05T06:43:09 ET,2026-06-05T06:40:00 ET,2026-06-05,Fri,0643ET,2026-06-09,30227.25,740.61,30238.0,NEAR_FLIP,EXPANSION,,26.066512624330525,,,,,,29632.18,726.0,-595.0699999999997,-1.9686541117700078,-777252.3099999998,2974360.0300000003,7546835.069999998,711095.13,5327134.65,113.47083799999999,6491.17,344,127,217,19.911715116279073,,
2026-06-05T06:43:09 ET,2026-06-05T06:40:00 ET,2026-06-05,Fri,0643ET,2026-06-05,30227.25,740.61,30238.0,NEAR_FLIP,EXPANSION,,26.066512624330525,,,,,,29671.77,727.0,-555.4799999999996,-1.8376795772026882,-21460634.910000004,52899136.63,110870292.17000002,97286629.28999999,110772966.13,2146.00881,25394.39,6571,1986,4585,35.04123268908842,,
2026-06-05T06:43:09 ET,2026-06-05T06:40:00 ET,2026-06-05,Fri,0643ET,2026-06-08,30227.25,740.61,30238.0,NEAR_FLIP,EXPANSION,,26.066512624330525,,,,,,29673.0,727.0,-554.25,-1.8336104012108279,-3313700.09,5075510.57,31177299.840000004,1518634.0499999998,1306998.7000000002,29.26188400000001,8220.07,545,95,450,19.704954128440367,,
2026-06-05T06:43:09 ET,2026-06-05T06:40:00 ET,2026-06-05,Fri,0643ET,2026-06-09,30227.25,740.61,30238.0,NEAR_FLIP,EXPANSION,,26.066512624330525,,,,,,29673.0,727.0,-554.25,-1.8336104012108279,-954667.3999999999,2286322.0,8818655.39,507319.42,2106483.6100000003,48.18287399999999,4967.37,248,72,176,19.830000000000002,,
2026-06-05T06:43:09 ET,2026-06-05T06:40:00 ET,2026-06-05,Fri,0643ET,2026-06-05,30227.25,740.61,30238.0,NEAR_FLIP,EXPANSION,,26.066512624330525,,,,,,29712.59,728.0,-514.6599999999999,-1.7026358666435082,-16625055.409999996,61252732.97,79838475.99000001,104255460.67,141090130.16,3115.0936030000003,28670.58,6704,2477,4227,34.16855161097852,,
2026-06-05T06:43:09 ET,2026-06-05T06:40:00 ET,2026-06-05,Fri,0643ET,2026-06-08,30227.25,740.61,30238.0,NEAR_FLIP,EXPANSION,,26.066512624330525,,,,,,29713.81,728.0,-513.4399999999987,-1.698599773383284,-1285725.6599999992,16044171.54,9426665.719999999,4434921.92,36020452.14,893.7248720000001,25386.239999999998,1591,732,859,19.253148962916406,,
2026-06-05T06:43:09 ET,2026-06-05T06:40:00 ET,2026-06-05,Fri,0643ET,2026-06-09,30227.25,740.61,30238.0,NEAR_FLIP,EXPANSION,,26.066512624330525,,,,,,29713.81,728.0,-513.4399999999987,-1.698599773383284,-2235013.39,3675163.0500000003,19545515.759999998,752464.03,76804.55000000075,2.705933999999999,7937.51,375,73,302,19.705413333333333,,
2026-06-05T06:43:09 ET,2026-06-05T06:40:00 ET,2026-06-05,Fri,0643ET,2026-06-05,30227.25,740.61,30238.0,NEAR_FLIP,EXPANSION,,26.066512624330525,,,,,,29753.4,729.0,-473.84999999999854,-1.5676252388159642,-53454575.25,91237144.65,246878652.40000004,142790612.99,71645409.16,1783.7769259999998,41995.99,8744,1840,6904,33.6011527904849,,
2026-06-05T06:43:09 ET,2026-06-05T06:40:00 ET,2026-06-05,Fri,0643ET,2026-06-08,30227.25,740.61,30238.0,NEAR_FLIP,EXPANSION,,26.066512624330525,,,,,,29754.63,729.0,-472.619999999999,-1.5635560628241039,-4450076.9799999995,5127548.88,36836457.62,1299938.3199999998,-3803347.65,-101.69581399999998,8147.34,471,31,440,19.336560509554136,,
2026-06-05T06:43:09 ET,2026-06-05T06:40:00 ET,2026-06-05,Fri,0643ET,2026-06-09,30227.25,740.61,30238.0,NEAR_FLIP,EXPANSION,,26.066512624330525,,,,,,29754.63,729.0,-472.619999999999,-1.5635560628241039,-3863911.9000000004,4241718.08,31658604.259999998,795728.93,-5031877.28,-128.05436899999998,9141.98,409,18,391,19.66919315403423,,
2026-06-05T06:43:09 ET,2026-06-05T06:40:00 ET,2026-06-05,Fri,0643ET,2026-06-05,30227.25,740.61,30238.0,NEAR_FLIP,EXPANSION,,26.066512624330525,,,,,,29794.21,730.0,-433.0400000000009,-1.4326146109884321,-155630534.59,286043743.23,670010725.5799999,408564680.82,206864745.58999997,5891.417309,128558.14,24170,5572,18598,32.80793959453868,,
2026-06-05T06:43:09 ET,2026-06-05T06:40:00 ET,2026-06-05,Fri,0643ET,2026-06-08,30227.25,740.61,30238.0,NEAR_FLIP,EXPANSION,,26.066512624330525,,,,,,29795.45,730.0,-431.7999999999993,-1.4285123522649241,-109486183.53,118834387.19,840287950.93,27418625.65,-115825549.4,-3332.9012660000003,186745.71,10146,396,9750,19.115801301005323,,
2026-06-05T06:43:09 ET,2026-06-05T06:40:00 ET,2026-06-05,Fri,0643ET,2026-06-09,30227.25,740.61,30238.0,NEAR_FLIP,EXPANSION,,26.066512624330525,,,,,,29795.45,730.0,-431.7999999999993,-1.4285123522649241,-8522173.18,10414883.32,64380384.120000005,1775935.6400000001,-9687259.719999999,-259.22650899999996,22198.5,949,85,864,19.448198103266602,,
2026-06-05T06:43:09 ET,2026-06-05T06:40:00 ET,2026-06-05,Fri,0643ET,2026-06-05,30227.25,740.61,30238.0,NEAR_FLIP,EXPANSION,,26.066512624330525,,,,,,29835.03,731.0,-392.22000000000116,-1.2975709004292524,-52455202.06999999,68146913.75,211183858.18,88026956.83,-6671591.089999996,-230.49686199999996,30027.91,5080,589,4491,32.16173622047244,,
2026-06-05T06:43:09 ET,2026-06-05T06:40:00 ET,2026-06-05,Fri,0643ET,2026-06-08,30227.25,740.61,30238.0,NEAR_FLIP,EXPANSION,,26.066512624330525,,,,,,29836.26,731.0,-390.9900000000016,-1.293501724437392,-9330642.040000001,10702244.78,65641245.97,2225790.86,-9429472.02,-290.201806,16615.77,852,54,798,18.891338028169013,,
2026-06-05T06:43:09 ET,2026-06-05T06:40:00 ET,2026-06-05,Fri,0643ET,2026-06-09,30227.25,740.61,30238.0,NEAR_FLIP,EXPANSION,,26.066512624330525,,,,,,29836.26,731.0,-390.9900000000016,-1.293501724437392,-1621372.3099999998,4070402.83,10849338.0,624702.91,1322993.5100000007,41.16396800000001,8561.77,351,104,247,19.198888888888888,,
2026-06-05T06:43:09 ET,2026-06-05T06:40:00 ET,2026-06-05,Fri,0643ET,2026-06-05,30227.25,740.61,30238.0,NEAR_FLIP,EXPANSION,,26.066512624330525,,,,,,29875.84,732.0,-351.40999999999985,-1.1625602726017081,-241185479.55999997,255728260.78,890570455.62,295432398.31,-159413886.19,-5943.295566,110752.73,16891,481,16410,31.61924516014446,,
2026-06-05T06:43:09 ET,2026-06-05T06:40:00 ET,2026-06-05,Fri,0643ET,2026-06-08,30227.25,740.61,30238.0,NEAR_FLIP,EXPANSION,,26.066512624330525,,,,,,29877.08,732.0,-350.16999999999825,-1.1584580138782001,-8892785.11,13328015.09,56454660.739999995,2469113.37,-5096837.800000001,-163.500107,20404.21,992,163,829,18.62469758064516,,
2026-06-05T06:43:09 ET,2026-06-05T06:40:00 ET,2026-06-05,Fri,0643ET,2026-06-09,30227.25,740.61,30238.0,NEAR_FLIP,EXPANSION,,26.066512624330525,,,,,,29877.08,732.0,-350.16999999999825,-1.1584580138782001,-966938.6200000001,3200494.02,5783239.79,436693.79000000004,1524551.6299999994,49.03652099999999,6652.24,262,90,172,18.96923664122137,,
2026-06-05T06:43:09 ET,2026-06-05T06:40:00 ET,2026-06-05,Fri,0643ET,2026-06-05,30227.25,740.61,30238.0,NEAR_FLIP,EXPANSION,,26.066512624330525,,,,,,29916.66,733.0,-310.59000000000015,-1.0275165620425284,-87718387.80999999,143416138.32999998,288690544.49,146152550.71,8709031.539999992,386.73401800000056,60545.07000000001,8436,1631,6805,30.817328117591273,,
2026-06-05T06:43:09 ET,2026-06-05T06:40:00 ET,2026-06-05,Fri,0643ET,2026-06-08,30227.25,740.61,30238.0,NEAR_FLIP,EXPANSION,,26.066512624330525,,,,,,29917.89,733.0,-309.3600000000006,-1.023447386050668,-2734163.76,8216576.5,15071535.6,1335745.08,3097102.71,115.69853599999999,12410.82,574,189,385,18.375853658536585,,
2026-06-05T06:43:09 ET,2026-06-05T06:40:00 ET,2026-06-05,Fri,0643ET,2026-06-09,30227.25,740.61,30238.0,NEAR_FLIP,EXPANSION,,26.066512624330525,,,,,,29917.89,733.0,-309.3600000000006,-1.023447386050668,-6599393.09,8814200.97,36899635.61,1052309.23,-8449557.75,-260.395758,18295.94,692,85,607,18.944017341040464,,
2026-06-05T06:43:09 ET,2026-06-05T06:40:00 ET,2026-06-05,Fri,0643ET,2026-06-05,30227.25,740.61,30238.0,NEAR_FLIP,EXPANSION,,26.066512624330525,,,,,,29957.47,734.0,-269.77999999999884,-0.8925059342149843,-67836860.37,159526341.37,193153469.31,140860564.62,47672651.91000001,2310.1329800000003,66061.23,8411,2393,6018,30.2315194388301,,
2026-06-05T06:43:09 ET,2026-06-05T06:40:00 ET,2026-06-05,Fri,0643ET,2026-06-08,30227.25,740.61,30238.0,NEAR_FLIP,EXPANSION,,26.066512624330525,,,,,,29958.71,734.0,-268.5400000000009,-0.8884036754914882,2930090.7,12357287.04,-16041428.000000004,1729222.8399999999,20030535.18,763.529162,18296.8,810,497,313,18.02025925925926,,
2026-06-05T06:43:09 ET,2026-06-05T06:40:00 ET,2026-06-05,Fri,0643ET,2026-06-09,30227.25,740.61,30238.0,NEAR_FLIP,EXPANSION,,26.066512624330525,,,,,,29958.71,734.0,-268.5400000000009,-0.8884036754914882,-10927384.91,16758309.510000002,53504538.02,1715906.15,-13082505.89,-415.63346299999995,34464.79,1260,214,1046,18.7694126984127,,
2026-06-05T06:43:09 ET,2026-06-05T06:40:00 ET,2026-06-05,Fri,0643ET,2026-06-05,30227.25,740.61,30238.0,NEAR_FLIP,EXPANSION,,26.066512624330525,,,,,,29998.28,735.0,-228.97000000000116,-0.7574953063874522,-38828089.44,386101679.4,81211404.97999996,288488118.74,279849776.81,14863.3281,155534.41999999998,18312,8148,10164,29.412752293577984,,
2026-06-05T06:43:09 ET,2026-06-05T06:40:00 ET,2026-06-05,Fri,0643ET,2026-06-08,30227.25,740.61,30238.0,NEAR_FLIP,EXPANSION,,26.066512624330525,,,,,,29999.52,735.0,-227.72999999999956,-0.7533930476639442,-13015477.600000001,33867209.1,55232232.370000005,3970816.51,-808194.6599999964,-2.685700999999881,50120.36,2121,643,1478,18.009325789721828,,
2026-06-05T06:43:09 ET,2026-06-05T06:40:00 ET,2026-06-05,Fri,0643ET,2026-06-09,30227.25,740.61,30238.0,NEAR_FLIP,EXPANSION,,26.066512624330525,,,,,,29999.52,735.0,-227.72999999999956,-0.7533930476639442,-10960150.57,21002936.59,46125977.23,1794396.3599999999,-11089260.7,-359.281518,42630.71,1513,354,1159,18.522597488433576,,
2026-06-05T06:43:09 ET,2026-06-05T06:40:00 ET,2026-06-05,Fri,0643ET,2026-06-05,30227.25,740.61,30238.0,NEAR_FLIP,EXPANSION,,26.066512624330525,,,,,,30039.1,736.0,-188.15000000000146,-0.6224515958282724,-67339850.60999998,290052083.97,132189475.86999997,177327461.07,93887525.5,5678.633050999999,115405.89,12583,4748,7835,29.05210522133037,,
2026-06-05T06:43:09 ET,2026-06-05T06:40:00 ET,2026-06-05,Fri,0643ET,2026-06-08,30227.25,740.61,30238.0,NEAR_FLIP,EXPANSION,,26.066512624330525,,,,,,30040.34,736.0,-186.90999999999985,-0.6183493371047643,-67258395.25,85164181.41,243306680.98,8056217.55,-89192320.6,-3613.7853639999994,125757.51000000001,5124,527,4597,17.966518345042935,,
2026-06-05T06:43:09 ET,2026-06-05T06:40:00 ET,2026-06-05,Fri,0643ET,2026-06-09,30227.25,740.61,30238.0,NEAR_FLIP,EXPANSION,,26.066512624330525,,,,,,30040.34,736.0,-186.90999999999985,-0.6183493371047643,-2744923.3,16211144.86,8837791.670000002,1110387.12,4180280.3400000036,171.77486999999996,32515.02,1124,458,666,18.306992882562277,,
2026-06-05T06:43:09 ET,2026-06-05T06:40:00 ET,2026-06-05,Fri,0643ET,2026-06-05,30227.25,740.61,30238.0,NEAR_FLIP,EXPANSION,,26.066512624330525,,,,,,30079.91,737.0,-147.34000000000015,-0.4874409680007283,-26426108.33,190352422.69,37647376.06999999,90563604.52000001,58702036.56,3918.7167740000004,74536.97,7627,3216,4411,28.59497574406713,,
2026-06-05T06:43:09 ET,2026-06-05T06:40:00 ET,2026-06-05,Fri,0643ET,2026-06-08,30227.25,740.61,30238.0,NEAR_FLIP,EXPANSION,,26.066512624330525,,,,,,30081.16,737.0,-146.09000000000015,-0.48330562654558434,-724529.2600000007,14622197.3,1440289.8500000015,1053451.1500000001,6322092.07,289.456405,21206.41,839,393,446,17.64705601907032,,
2026-06-05T06:43:09 ET,2026-06-05T06:40:00 ET,2026-06-05,Fri,0643ET,2026-06-09,30227.25,740.61,30238.0,NEAR_FLIP,EXPANSION,,26.066512624330525,,,,,,30081.16,737.0,-146.09000000000015,-0.48330562654558434,-487474.9199999999,18015210.380000003,248418.23000000045,928797.0,8406180.7,339.16678,35869.82,1212,578,634,18.177557755775574,,
2026-06-05T06:43:09 ET,2026-06-05T06:40:00 ET,2026-06-05,Fri,0643ET,2026-06-05,30227.25,740.61,30238.0,NEAR_FLIP,EXPANSION,,26.066512624330525,,,,,,30120.73,738.0,-106.52000000000044,-0.35239725744154843,-8934495.060000002,257616342.52,3657617.0100000203,87685697.08,78688226.48999998,5649.284631,99073.73999999999,9639,4556,5083,28.084991181657852,,
2026-06-05T06:43:09 ET,2026-06-05T06:40:00 ET,2026-06-05,Fri,0643ET,2026-06-08,30227.25,740.61,30238.0,NEAR_FLIP,EXPANSION,,26.066512624330525,,,,,,30121.97,738.0,-105.27999999999884,-0.3482949987180403,2569097.51,23343191.17,-6431643.93,1155270.3900000001,14394783.68,668.2871940000001,33496.65,1293,709,584,17.460348027842226,,
2026-06-05T06:43:09 ET,2026-06-05T06:40:00 ET,2026-06-05,Fri,0643ET,2026-06-09,30227.25,740.61,30238.0,NEAR_FLIP,EXPANSION,,26.066512624330525,,,,,,30121.97,738.0,-105.27999999999884,-0.3482949987180403,-11852195.370000001,20160409.29,25849167.740000002,699156.23,-19978611.22,-747.4977499999999,39499.92,1311,267,1044,17.882974828375286,,
2026-06-05T06:43:09 ET,2026-06-05T06:40:00 ET,2026-06-05,Fri,0643ET,2026-06-05,30227.25,740.61,30238.0,NEAR_FLIP,EXPANSION,,26.066512624330525,,,,,,30161.54,739.0,-65.70999999999913,-0.21738662961400435,-23765078.89,216766019.32999998,14413845.49000001,44451540.95,12707525.39,1333.002531,82558.92,7741,3357,4384,27.82021573440124,,
2026-06-05T06:43:09 ET,2026-06-05T06:40:00 ET,2026-06-05,Fri,0643ET,2026-06-08,30227.25,740.61,30238.0,NEAR_FLIP,EXPANSION,,26.066512624330525,,,,,,30162.79,739.0,-64.45999999999913,-0.21325128815886038,8189970.3500000015,32377855.67,-12485612.540000003,872840.6499999999,24424423.360000003,1155.0128719999998,46063.93,1746,1082,664,17.313951890034364,,
2026-06-05T06:43:09 ET,2026-06-05T06:40:00 ET,2026-06-05,Fri,0643ET,2026-06-09,30227.25,740.61,30238.0,NEAR_FLIP,EXPANSION,,26.066512624330525,,,,,,30162.79,739.0,-64.45999999999913,-0.21325128815886038,-5305671.98,9402660.02,7408861.43,166573.85,-10178392.69,-377.711351,18579.54,608,129,479,18.030575657894737,,
2026-06-05T06:43:09 ET,2026-06-05T06:40:00 ET,2026-06-05,Fri,0643ET,2026-06-05,30227.25,740.61,30238.0,NEAR_FLIP,EXPANSION,,26.066512624330525,,,,,,30202.35,740.0,-24.900000000001455,-0.08237600178647232,-146650613.10000002,515021308.1,40675550.489999995,36003985.95,-155027361.39000002,-9895.111111000002,194903.75,17900,6195,11705,27.645474860335195,,
2026-06-05T06:43:09 ET,2026-06-05T06:40:00 ET,2026-06-05,Fri,0643ET,2026-06-08,30227.25,740.61,30238.0,NEAR_FLIP,EXPANSION,,26.066512624330525,,,,,,30203.6,740.0,-23.650000000001455,-0.07824066033132837,-63918210.730000004,111932515.99,40750673.86,491914.79,-113664997.32,-5113.712328,160235.13999999998,6005,1258,4747,17.42106411323897,,
2026-06-05T06:43:09 ET,2026-06-05T06:40:00 ET,2026-06-05,Fri,0643ET,2026-06-09,30227.25,740.61,30238.0,NEAR_FLIP,EXPANSION,,26.066512624330525,,,,,,30203.6,740.0,-23.650000000001455,-0.07824066033132837,-21912477.740000002,40512646.04,14281390.82,32423.260000000002,-47262235.2,-1751.0736770000003,80260.65,2604,577,2027,18.08830261136713,,
2026-06-05T06:43:09 ET,2026-06-05T06:40:00 ET,2026-06-05,Fri,0643ET,2026-06-05,30227.25,740.61,30238.0,NEAR_FLIP,EXPANSION,,26.066512624330525,,,,,,30243.17,741.0,15.919999999998254,0.052667708772707586,12930107.97999999,199989779.84,2920794.879999999,-12911131.3,4106281.5200000107,564.4866559999991,71399.72,6535,3433,3102,26.066512624330525,,
2026-06-05T06:43:09 ET,2026-06-05T06:40:00 ET,2026-06-05,Fri,0643ET,2026-06-08,30227.25,740.61,30238.0,NEAR_FLIP,EXPANSION,,26.066512624330525,,,,,,30244.42,741.0,17.169999999998254,0.05680305022785154,13454094.98,33226328.580000002,1643463.8499999999,-593712.61,23837427.749999996,1229.5525349999998,44679.630000000005,1668,1155,513,16.369892086330932,,
2026-06-05T06:43:09 ET,2026-06-05T06:40:00 ET,2026-06-05,Fri,0643ET,2026-06-09,30227.25,740.61,30238.0,NEAR_FLIP,EXPANSION,,26.066512624330525,,,,,,30244.42,741.0,17.169999999998254,0.05680305022785154,2799568.5999999996,20204192.119999997,128421.05999999994,-319713.4,5910924.790000003,272.77374899999995,37670.33,1218,683,535,17.01915435139573,,
2026-06-05T06:43:09 ET,2026-06-05T06:40:00 ET,2026-06-05,Fri,0643ET,2026-06-05,30227.25,740.61,30238.0,NEAR_FLIP,EXPANSION,,26.066512624330525,,,,,,30283.98,742.0,56.72999999999956,0.18767833660025163,-3571067.2599999905,408806201.52,1765509.4399999976,-81490225.63,-84445504.79999998,-5760.934407000001,144629.2,13451,6566,6885,25.82948628354769,,
2026-06-05T06:43:09 ET,2026-06-05T06:40:00 ET,2026-06-05,Fri,0643ET,2026-06-08,30227.25,740.61,30238.0,NEAR_FLIP,EXPANSION,,26.066512624330525,,,,,,30285.23,742.0,57.97999999999956,0.1918136780553956,-42791507.57,75981401.31,-39032164.39,-3070929.58,-93450052.86,-4384.659235,104146.24,3903,826,3077,16.6782065078145,,
2026-06-05T06:43:09 ET,2026-06-05T06:40:00 ET,2026-06-05,Fri,0643ET,2026-06-09,30227.25,740.61,30238.0,NEAR_FLIP,EXPANSION,,26.066512624330525,,,,,,30285.23,742.0,57.97999999999956,0.1918136780553956,2607325.999999999,15433669.079999998,2353946.62,-504380.63,3651268.6000000015,166.11263600000007,28768.39,932,539,393,17.01131974248927,,
2026-06-05T06:43:09 ET,2026-06-05T06:40:00 ET,2026-06-05,Fri,0643ET,2026-06-05,30227.25,740.61,30238.0,NEAR_FLIP,EXPANSION,,26.066512624330525,,,,,,30324.8,743.0,97.54999999999927,0.32272204715943154,156199181.2,315189724.72,201158156.05,-105232172.52,88496637.72,6802.339722999999,109691.28,10593,7862,2731,25.40913999811196,,
2026-06-05T06:43:09 ET,2026-06-05T06:40:00 ET,2026-06-05,Fri,0643ET,2026-06-08,30227.25,740.61,30238.0,NEAR_FLIP,EXPANSION,,26.066512624330525,,,,,,30326.05,743.0,98.79999999999927,0.32685738861457553,-10414609.740000002,32094904.46,-17265181.610000003,-2016311.56,-29671762.89,-1364.7116850000002,43522.68,1651,542,1109,16.503634161114476,,
2026-06-05T06:43:09 ET,2026-06-05T06:40:00 ET,2026-06-05,Fri,0643ET,2026-06-09,30227.25,740.61,30238.0,NEAR_FLIP,EXPANSION,,26.066512624330525,,,,,,30326.05,743.0,98.79999999999927,0.32685738861457553,14343753.509999998,26320081.61,23173354.12,-1304946.27,26432849.76,1046.2431589999999,49853.990000000005,1627,1259,368,17.28059618930547,,
2026-06-05T06:43:09 ET,2026-06-05T06:40:00 ET,2026-06-05,Fri,0643ET,2026-06-05,30227.25,740.61,30238.0,NEAR_FLIP,EXPANSION,,26.066512624330525,,,,,,30365.61,744.0,138.36000000000058,0.4577326749869756,52709275.010000005,175313247.01,98038528.79,-82112576.91,-16889248.85000001,-1007.7096670000001,61068.07,6245,4030,2215,25.43537229783827,,
2026-06-05T06:43:09 ET,2026-06-05T06:40:00 ET,2026-06-05,Fri,0643ET,2026-06-08,30227.25,740.61,30238.0,NEAR_FLIP,EXPANSION,,26.066512624330525,,,,,,30366.87,744.0,139.61999999999898,0.4619010991737554,-7937711.369999997,42704888.07,-18288688.58,-3638979.35,-34558411.129999995,-1555.0709699999998,57477.8,2226,884,1342,16.380098831985627,,
2026-06-05T06:43:09 ET,2026-06-05T06:40:00 ET,2026-06-05,Fri,0643ET,2026-06-09,30227.25,740.61,30238.0,NEAR_FLIP,EXPANSION,,26.066512624330525,,,,,,30366.87,744.0,139.61999999999898,0.4619010991737554,-10296088.61,23890919.549999997,-24897353.03,-1585073.4400000002,-32980900.979999997,-1307.383945,44741.69,1480,420,1060,17.090135135135135,,
2026-06-05T06:43:09 ET,2026-06-05T06:40:00 ET,2026-06-05,Fri,0643ET,2026-06-05,30227.25,740.61,30238.0,NEAR_FLIP,EXPANSION,,26.066512624330525,,,,,,30406.42,745.0,179.16999999999825,0.5927433028145076,346577976.03,466266564.53,820351937.98,-280960655.0,178866350.16000003,11722.993904,160216.72,17802,15477,2325,25.08840074148972,,
2026-06-05T06:43:09 ET,2026-06-05T06:40:00 ET,2026-06-05,Fri,0643ET,2026-06-08,30227.25,740.61,30238.0,NEAR_FLIP,EXPANSION,,26.066512624330525,,,,,,30407.68,745.0,180.4300000000003,0.5969117270012995,18181846.25,87269829.57,69718150.63999999,-9385397.98,-16826866.08,-622.021851,115713.08000000002,4621,2745,1876,16.140718459207967,,
2026-06-05T06:43:09 ET,2026-06-05T06:40:00 ET,2026-06-05,Fri,0643ET,2026-06-09,30227.25,740.61,30238.0,NEAR_FLIP,EXPANSION,,26.066512624330525,,,,,,30407.68,745.0,180.4300000000003,0.5969117270012995,-683591.6900000013,21391003.43,-1276025.6200000048,-1776964.42,-13615498.669999998,-513.5045969999999,39395.31,1330,635,695,16.806052631578947,,
2026-06-05T06:43:09 ET,2026-06-05T06:40:00 ET,2026-06-05,Fri,0643ET,2026-06-05,30227.25,740.61,30238.0,NEAR_FLIP,EXPANSION,,26.066512624330525,,,,,,30447.24,746.0,219.9900000000016,0.7277870133736996,71839808.39,118457422.55,208754446.32000002,-87273961.78,8748144.0,547.5744969999996,40894.71,5011,4016,995,25.205022949511076,,
2026-06-05T06:43:09 ET,2026-06-05T06:40:00 ET,2026-06-05,Fri,0643ET,2026-06-08,30227.25,740.61,30238.0,NEAR_FLIP,EXPANSION,,26.066512624330525,,,,,,30448.5,746.0,221.25,0.7319554375604793,4022722.370000001,34802334.510000005,20655739.010000005,-4520856.83,-18172471.77,-755.482587,46145.86,1914,1050,864,16.13758620689655,,
2026-06-05T06:43:09 ET,2026-06-05T06:40:00 ET,2026-06-05,Fri,0643ET,2026-06-09,30227.25,740.61,30238.0,NEAR_FLIP,EXPANSION,,26.066512624330525,,,,,,30448.5,746.0,221.25,0.7319554375604793,14836190.249999998,29444629.049999997,62138620.150000006,-2938437.7199999997,13947841.739999998,568.2475029999999,53629.39,1860,1390,470,16.621290322580645,,
2026-06-05T06:43:09 ET,2026-06-05T06:40:00 ET,2026-06-05,Fri,0643ET,2026-06-05,30227.25,740.61,30238.0,NEAR_FLIP,EXPANSION,,26.066512624330525,,,,,,30488.05,747.0,260.7999999999993,0.8627976412012316,70964203.69,124420217.69,245692318.72000003,-108332382.51,-15097676.930000007,-759.3187579999999,42879.61,5934,4654,1280,25.161779575328616,,
2026-06-05T06:43:09 ET,2026-06-05T06:40:00 ET,2026-06-05,Fri,0643ET,2026-06-08,30227.25,740.61,30238.0,NEAR_FLIP,EXPANSION,,26.066512624330525,,,,,,30489.31,747.0,262.0600000000013,0.8669660653880233,5296179.65,14689846.610000001,28909879.650000002,-2235736.24,-2346190.789999999,-81.62482799999998,19306.35,841,566,275,15.995053507728894,,
2026-06-05T06:43:09 ET,2026-06-05T06:40:00 ET,2026-06-05,Fri,0643ET,2026-06-09,30227.25,740.61,30238.0,NEAR_FLIP,EXPANSION,,26.066512624330525,,,,,,30489.31,747.0,262.0600000000013,0.8669660653880233,5386465.16,9678096.06,26933467.61,-1127803.84,4664119.119999999,182.84088099999997,17587.49,630,488,142,16.58142857142857,,
2026-06-05T06:43:09 ET,2026-06-05T06:40:00 ET,2026-06-05,Fri,0643ET,2026-06-05,30227.25,740.61,30238.0,NEAR_FLIP,EXPANSION,,26.066512624330525,,,,,,30528.87,748.0,301.619999999999,0.9978413517604114,94702522.64,106749068.3,375346802.85,-107223523.92,38575896.17999999,1725.332319,36654.17,5865,5535,330,25.06332480818415,,
2026-06-05T06:43:09 ET,2026-06-05T06:40:00 ET,2026-06-05,Fri,0643ET,2026-06-08,30227.25,740.61,30238.0,NEAR_FLIP,EXPANSION,,26.066512624330525,,,,,,30530.13,748.0,302.880000000001,1.0020097759472033,12441670.21,23026169.310000002,77919350.43,-4017128.17,2189476.75,111.84580100000005,29973.53,1386,1060,326,15.83992784992785,,
2026-06-05T06:43:09 ET,2026-06-05T06:40:00 ET,2026-06-05,Fri,0643ET,2026-06-09,30227.25,740.61,30238.0,NEAR_FLIP,EXPANSION,,26.066512624330525,,,,,,30530.13,748.0,302.880000000001,1.0020097759472033,19028949.99,23146218.49,110099472.38,-3083864.9,23862336.439999998,878.4319949999999,41840.86,1559,1418,141,16.498890314304045,,
2026-06-05T06:43:09 ET,2026-06-05T06:40:00 ET,2026-06-05,Fri,0643ET,2026-06-05,30227.25,740.61,30238.0,NEAR_FLIP,EXPANSION,,26.066512624330525,,,,,,30569.68,749.0,342.4300000000003,1.1328519795879555,51497591.11,56825569.67,231301659.84,-64670591.5,18676468.35,705.4845760000001,19533.14,3672,3502,170,25.087962962962962,,
2026-06-05T06:43:09 ET,2026-06-05T06:40:00 ET,2026-06-05,Fri,0643ET,2026-06-08,30227.25,740.61,30238.0,NEAR_FLIP,EXPANSION,,26.066512624330525,,,,,,30570.94,749.0,343.6899999999987,1.1370204037747353,7823464.569999999,10668783.629999999,55105298.47,-2098647.29,4580827.72,180.918916,13820.79,684,591,93,15.76013157894737,,
2026-06-05T06:43:09 ET,2026-06-05T06:40:00 ET,2026-06-05,Fri,0643ET,2026-06-09,30227.25,740.61,30238.0,NEAR_FLIP,EXPANSION,,26.066512624330525,,,,,,30570.94,749.0,343.6899999999987,1.1370204037747353,6346125.550000001,6514329.67,42240225.15,-976411.49,8593943.66,303.214065,11625.24,455,449,6,16.287516483516484,,
2026-06-05T06:43:09 ET,2026-06-05T06:40:00 ET,2026-06-05,Fri,0643ET,2026-06-05,30227.25,740.61,30238.0,NEAR_FLIP,EXPANSION,,26.066512624330525,,,,,,30610.49,750.0,383.2400000000016,1.2678626074154997,138924052.41,231869725.54999998,702693341.5699999,-294833702.08,-139179890.85,-4614.991773,80361.21,17876,14366,3510,25.298863280375922,,
2026-06-05T06:43:09 ET,2026-06-05T06:40:00 ET,2026-06-05,Fri,0643ET,2026-06-08,30227.25,740.61,30238.0,NEAR_FLIP,EXPANSION,,26.066512624330525,,,,,,30611.76,750.0,384.5099999999984,1.2720641143339153,47987971.300000004,69599321.60000001,381571162.3,-15238056.94,14759862.089999996,552.3576570000002,89987.1,4805,4049,756,15.733735691987514,,
2026-06-05T06:43:09 ET,2026-06-05T06:40:00 ET,2026-06-05,Fri,0643ET,2026-06-09,30227.25,740.61,30238.0,NEAR_FLIP,EXPANSION,,26.066512624330525,,,,,,30611.76,750.0,384.5099999999984,1.2720641143339153,55929700.050000004,61412450.13,414578785.69,-10231399.01,67278684.7,2246.661844,110700.98999999999,4539,4334,205,16.447614011896892,,
2026-06-05T06:43:09 ET,2026-06-05T06:40:00 ET,2026-06-05,Fri,0643ET,2026-06-05,30227.25,740.61,30238.0,NEAR_FLIP,EXPANSION,,26.066512624330525,,,,,,30651.31,751.0,424.0600000000013,1.4029063179746795,36272083.99,38655242.449999996,199217603.95000002,-54303469.989999995,10956399.239999998,280.10295299999996,13431.24,3627,3519,108,25.364416873449134,,
2026-06-05T06:43:09 ET,2026-06-05T06:40:00 ET,2026-06-05,Fri,0643ET,2026-06-08,30227.25,740.61,30238.0,NEAR_FLIP,EXPANSION,,26.066512624330525,,,,,,30652.57,751.0,425.3199999999997,1.4070747421614593,4143064.29,6368234.47,36576020.7,-1535712.3699999999,-57060.360000000335,-0.6979839999999911,8245.31,478,394,84,15.755857740585775,,
2026-06-05T06:43:09 ET,2026-06-05T06:40:00 ET,2026-06-05,Fri,0643ET,2026-06-09,30227.25,740.61,30238.0,NEAR_FLIP,EXPANSION,,26.066512624330525,,,,,,30652.57,751.0,425.3199999999997,1.4070747421614593,5650397.56,6411121.36,47115093.26,-1174604.97,5866094.25,186.44778,11420.52,499,469,30,16.254869739478956,,
2026-06-05T06:43:09 ET,2026-06-05T06:40:00 ET,2026-06-05,Fri,0643ET,2026-06-05,30227.25,740.61,30238.0,NEAR_FLIP,EXPANSION,,26.066512624330525,,,,,,30692.12,752.0,464.869999999999,1.5379169458022115,21698812.93,25389196.03,129953167.98,-39047428.75,-3163792.789999999,-82.83904399999997,8893.52,2927,2724,203,25.570338230269904,,
2026-06-05T06:43:09 ET,2026-06-05T06:40:00 ET,2026-06-05,Fri,0643ET,2026-06-08,30227.25,740.61,30238.0,NEAR_FLIP,EXPANSION,,26.066512624330525,,,,,,30693.39,752.0,466.1399999999994,1.5421184527206393,10977504.33,11756772.549999999,105579803.82,-3095462.69,8277755.34,247.313119,15053.429999999998,968,936,32,15.579421487603307,,
2026-06-05T06:43:09 ET,2026-06-05T06:40:00 ET,2026-06-05,Fri,0643ET,2026-06-09,30227.25,740.61,30238.0,NEAR_FLIP,EXPANSION,,26.066512624330525,,,,,,30693.39,752.0,466.1399999999994,1.5421184527206393,13775536.58,15376549.639999999,126358137.87,-3072856.16,13548674.96,403.590714,27341.01,1275,1208,67,16.221003921568627,,
2026-06-05T06:43:09 ET,2026-06-05T06:40:00 ET,2026-06-05,Fri,0643ET,2026-06-05,30227.25,740.61,30238.0,NEAR_FLIP,EXPANSION,,26.066512624330525,,,,,,30732.94,753.0,505.6899999999987,1.6729606563613912,57357399.029999994,57372243.21,373774687.73999995,-95857005.27,24972096.009999998,416.523549,19975.379999999997,8465,8464,1,25.420142941523924,,
2026-06-05T06:43:09 ET,2026-06-05T06:40:00 ET,2026-06-05,Fri,0643ET,2026-06-08,30227.25,740.61,30238.0,NEAR_FLIP,EXPANSION,,26.066512624330525,,,,,,30734.21,753.0,506.9599999999991,1.6771621632798193,5210810.96,5832847.760000001,54659674.17,-1664951.1900000002,2971098.49,79.46552300000002,7476.45,532,504,28,15.597894736842106,,
2026-06-05T06:43:09 ET,2026-06-05T06:40:00 ET,2026-06-05,Fri,0643ET,2026-06-09,30227.25,740.61,30238.0,NEAR_FLIP,EXPANSION,,26.066512624330525,,,,,,30734.21,753.0,506.9599999999991,1.6771621632798193,1713746.5900000003,3728371.27,17367408.119999997,-807143.8400000001,-2302076.83,-63.02705700000001,6693.42,332,242,90,16.38367469879518,,
2026-06-05T06:43:09 ET,2026-06-05T06:40:00 ET,2026-06-05,Fri,0643ET,2026-06-05,30227.25,740.61,30238.0,NEAR_FLIP,EXPANSION,,26.066512624330525,,,,,,30773.75,754.0,546.5,1.8079712841889355,12540684.67,12600907.35,86179480.7,-22728565.53,5055761.5600000005,68.92124100000001,4494.96,2262,2257,5,26.041967285587976,,
2026-06-05T06:43:09 ET,2026-06-05T06:40:00 ET,2026-06-05,Fri,0643ET,2026-06-08,30227.25,740.61,30238.0,NEAR_FLIP,EXPANSION,,26.066512624330525,,,,,,30775.02,754.0,547.7700000000004,1.812172791107363,3088862.1100000003,3370527.83,35296033.31,-1036562.15,1712327.65,40.45267,4286.51,345,331,14,15.472608695652175,,
2026-06-05T06:43:09 ET,2026-06-05T06:40:00 ET,2026-06-05,Fri,0643ET,2026-06-09,30227.25,740.61,30238.0,NEAR_FLIP,EXPANSION,,26.066512624330525,,,,,,30775.02,754.0,547.7700000000004,1.812172791107363,6712416.289999999,8025878.41,72240259.31,-1870545.0899999999,4303355.59,110.40576600000001,14362.48,770,707,63,16.329272727272727,,
2026-06-05T06:43:09 ET,2026-06-05T06:40:00 ET,2026-06-05,Fri,0643ET,2026-06-05,30227.25,740.61,30238.0,NEAR_FLIP,EXPANSION,,26.066512624330525,,,,,,30814.56,755.0,587.3100000000013,1.9429819120164795,23029982.959999997,23214971.02,168263000.24,-44952538.96,8249522.51,88.019964,8367.43,5262,5243,19,26.31346636259977,,
2026-06-05T06:43:09 ET,2026-06-05T06:40:00 ET,2026-06-05,Fri,0643ET,2026-06-08,30227.25,740.61,30238.0,NEAR_FLIP,EXPANSION,,26.066512624330525,,,,,,30815.84,755.0,588.5900000000001,1.9472165016665433,4883782.2700000005,8376113.11,60721872.39,-2761459.4800000004,-7581164.490000001,-173.57854099999997,10830.150000000001,957,764,193,15.727638453500523,,
2026-06-05T06:43:09 ET,2026-06-05T06:40:00 ET,2026-06-05,Fri,0643ET,2026-06-09,30227.25,740.61,30238.0,NEAR_FLIP,EXPANSION,,26.066512624330525,,,,,,30815.84,755.0,588.5900000000001,1.9472165016665433,2491435.9800000004,4171414.96,29198859.879999995,-1041323.59,-1961597.8100000005,-47.096716000000015,7467.85,434,347,87,16.332258064516125,,
2026-06-05T06:43:09 ET,2026-06-05T06:40:00 ET,2026-06-05,Fri,0643ET,2026-06-05,30227.25,740.61,30238.0,NEAR_FLIP,EXPANSION,,26.066512624330525,,,,,,30855.38,756.0,628.130000000001,2.0780256225756593,11246054.78,11246054.78,86108101.38,-23267094.23,4604624.52,40.506895,4133.49,3147,3147,0,26.83,,
2026-06-05T06:43:09 ET,2026-06-05T06:40:00 ET,2026-06-05,Fri,0643ET,2026-06-08,30227.25,740.61,30238.0,NEAR_FLIP,EXPANSION,,26.066512624330525,,,,,,30856.65,756.0,629.4000000000015,2.082227129494087,3706922.25,3949471.3099999996,48575795.33,-1389003.63,1849289.9,33.361622999999994,5032.66,519,504,15,15.50121387283237,,
2026-06-05T06:43:09 ET,2026-06-05T06:40:00 ET,2026-06-05,Fri,0643ET,2026-06-09,30227.25,740.61,30238.0,NEAR_FLIP,EXPANSION,,26.066512624330525,,,,,,30856.65,756.0,629.4000000000015,2.082227129494087,2175068.06,2192857.98,27153735.02,-583590.0,2146709.2100000004,46.330394000000005,3875.99,250,249,1,16.13264,,
2026-06-05T06:43:09 ET,2026-06-05T06:40:00 ET,2026-06-05,Fri,0643ET,2026-06-05,30227.25,740.61,30238.0,NEAR_FLIP,EXPANSION,,26.066512624330525,,,,,,30896.19,757.0,668.9399999999987,2.2130362504031913,4262506.99,4300622.029999999,34233994.29,-9466739.280000001,1279279.9100000001,8.611165999999999,1604.46,1510,1504,6,27.233417218543046,,
2026-06-05T06:43:09 ET,2026-06-05T06:40:00 ET,2026-06-05,Fri,0643ET,2026-06-08,30227.25,740.61,30238.0,NEAR_FLIP,EXPANSION,,26.066512624330525,,,,,,30897.47,757.0,670.2200000000012,2.217270840053267,5452666.73,5452666.73,76098606.08,-2037724.88,3894099.42,63.203593,6920.64,827,827,0,15.44,,
2026-06-05T06:43:09 ET,2026-06-05T06:40:00 ET,2026-06-05,Fri,0643ET,2026-06-09,30227.25,740.61,30238.0,NEAR_FLIP,EXPANSION,,26.066512624330525,,,,,,30897.47,757.0,670.2200000000012,2.217270840053267,1834580.62,1883499.56,24572209.709999997,-532342.47,1596900.11,31.129741,3309.6200000000003,237,234,3,16.029999999999998,,
2026-06-05T06:43:09 ET,2026-06-05T06:40:00 ET,2026-06-05,Fri,0643ET,2026-06-05,30227.25,740.61,30238.0,NEAR_FLIP,EXPANSION,,26.066512624330525,,,,,,30937.01,758.0,709.7599999999984,2.3480799609623713,16935115.97,16935115.97,139875905.96,-39519470.75,6846394.74,40.657838,6513.62,7020,7020,0,28.08,,
2026-06-05T06:43:09 ET,2026-06-05T06:40:00 ET,2026-06-05,Fri,0643ET,2026-06-08,30227.25,740.61,30238.0,NEAR_FLIP,EXPANSION,,26.066512624330525,,,,,,30938.28,758.0,711.0299999999988,2.352281467880799,3024532.41,3024532.41,44692103.52,-1196872.61,2082829.87,29.259537,3847.86,530,530,0,15.479999999999999,,
2026-06-05T06:43:09 ET,2026-06-05T06:40:00 ET,2026-06-05,Fri,0643ET,2026-06-09,30227.25,740.61,30238.0,NEAR_FLIP,EXPANSION,,26.066512624330525,,,,,,30938.28,758.0,711.0299999999988,2.352281467880799,2969427.5799999996,2999177.06,42062660.77,-897194.5700000001,2656865.79,46.951523,5285.7699999999995,417,415,2,16.08364508393285,,
2026-06-05T06:43:09 ET,2026-06-05T06:40:00 ET,2026-06-05,Fri,0643ET,2026-06-05,30227.25,740.61,30238.0,NEAR_FLIP,EXPANSION,,26.066512624330525,,,,,,30977.82,759.0,750.5699999999997,2.4830905887899153,7161518.63,7791215.79,62027447.31,-19209474.619999997,-8038870.130000001,-43.126536,3026.81,4128,3978,150,28.35688953488372,,
2026-06-05T06:43:09 ET,2026-06-05T06:40:00 ET,2026-06-05,Fri,0643ET,2026-06-08,30227.25,740.61,30238.0,NEAR_FLIP,EXPANSION,,26.066512624330525,,,,,,30979.1,759.0,751.8499999999985,2.487325178439979,1126869.59,1126869.59,17655322.04,-470678.15,743094.23,8.88507,1430.0,232,232,0,15.44,,
2026-06-05T06:43:09 ET,2026-06-05T06:40:00 ET,2026-06-05,Fri,0643ET,2026-06-09,30227.25,740.61,30238.0,NEAR_FLIP,EXPANSION,,26.066512624330525,,,,,,30979.1,759.0,751.8499999999985,2.487325178439979,739005.0,739005.0,11029058.14,-233259.45,670850.21,10.705313,1307.23,114,114,0,16.14,,
2026-06-05T06:43:09 ET,2026-06-05T06:40:00 ET,2026-06-05,Fri,0643ET,2026-06-05,30227.25,740.61,30238.0,NEAR_FLIP,EXPANSION,,26.066512624330525,,,,,,31018.63,760.0,791.380000000001,2.6181012166174593,9025187.59,9242238.370000001,82462738.97,-24003673.61,-1186740.9,-7.928295999999998,3582.57,6681,6618,63,28.29263583295914,,
2026-06-05T06:43:09 ET,2026-06-05T06:40:00 ET,2026-06-05,Fri,0643ET,2026-06-08,30227.25,740.61,30238.0,NEAR_FLIP,EXPANSION,,26.066512624330525,,,,,,31019.92,760.0,792.6699999999983,2.622368888999159,818879.8799999999,11618234.280000001,19268509.909999996,-5109628.07,-73910738.21,-894.62688,15453.099999999999,2571,1465,1106,16.140408401400233,,
2026-06-05T06:43:09 ET,2026-06-05T06:40:00 ET,2026-06-05,Fri,0643ET,2026-06-09,30227.25,740.61,30238.0,NEAR_FLIP,EXPANSION,,26.066512624330525,,,,,,31019.92,760.0,792.6699999999983,2.622368888999159,2189959.2,2189959.2,34745081.03,-727218.86,1894463.46,26.735615,3842.79,382,382,0,16.01,,
2026-06-05T06:43:09 ET,2026-06-05T06:40:00 ET,2026-06-05,Fri,0643ET,2026-06-05,30227.25,740.61,30238.0,NEAR_FLIP,EXPANSION,,26.066512624330525,,,,,,31059.45,761.0,832.2000000000007,2.7531449271766393,1771566.52,1771566.52,16516398.87,-4834578.94,674538.12,1.959813,706.58,1501,1501,0,29.12,,
2026-06-05T06:43:09 ET,2026-06-05T06:40:00 ET,2026-06-05,Fri,0643ET,2026-06-08,30227.25,740.61,30238.0,NEAR_FLIP,EXPANSION,,26.066512624330525,,,,,,31060.73,761.0,833.4799999999996,2.757379516826703,68106.18000000005,1345210.42,1899792.0999999996,-621122.49,-10207104.17,-107.660099,1798.95,345,195,150,16.224347826086955,,
2026-06-05T06:43:09 ET,2026-06-05T06:40:00 ET,2026-06-05,Fri,0643ET,2026-06-09,30227.25,740.61,30238.0,NEAR_FLIP,EXPANSION,,26.066512624330525,,,,,,31060.73,761.0,833.4799999999996,2.757379516826703,643153.49,643153.49,10341467.6,-224230.9,572655.72,7.555414,1171.68,120,120,0,16.62,,
2026-06-05T06:43:09 ET,2026-06-05T06:40:00 ET,2026-06-05,Fri,0643ET,2026-06-05,30227.25,740.61,30238.0,NEAR_FLIP,EXPANSION,,26.066512624330525,,,,,,31100.26,762.0,873.0099999999984,2.8881555550041713,1359230.46,1359230.46,12875218.94,-3888326.61,527288.24,1.341673,559.46,1315,1315,0,30.05,,
2026-06-05T06:43:09 ET,2026-06-05T06:40:00 ET,2026-06-05,Fri,0643ET,2026-06-08,30227.25,740.61,30238.0,NEAR_FLIP,EXPANSION,,26.066512624330525,,,,,,31101.55,762.0,874.2999999999993,2.892423227385883,843017.82,843017.82,15077387.46,-407595.25,514629.59,3.855521,1090.13,277,277,0,15.73,,
2026-06-05T06:43:09 ET,2026-06-05T06:40:00 ET,2026-06-05,Fri,0643ET,2026-06-09,30227.25,740.61,30238.0,NEAR_FLIP,EXPANSION,,26.066512624330525,,,,,,31101.55,762.0,874.2999999999993,2.892423227385883,776049.32,776049.32,13614873.16,-283191.01,625558.61,6.868144,1358.87,174,174,0,15.98,,
2026-06-05T06:43:09 ET,2026-06-05T06:40:00 ET,2026-06-05,Fri,0643ET,2026-06-05,30227.25,740.61,30238.0,NEAR_FLIP,EXPANSION,,26.066512624330525,,,,,,31141.08,763.0,913.8300000000017,3.0231992655633633,744275.7,744275.7,7185326.24,-2226993.53,291840.55,0.638068,314.46,838,838,0,30.839999999999996,,
2026-06-05T06:43:09 ET,2026-06-05T06:40:00 ET,2026-06-05,Fri,0643ET,2026-06-08,30227.25,740.61,30238.0,NEAR_FLIP,EXPANSION,,26.066512624330525,,,,,,31142.36,763.0,915.1100000000006,3.027433855213427,1210874.11,1210874.11,23298733.44,-611808.54,680219.54,3.862069,1522.99,525,525,0,15.3,,
2026-06-05T06:43:09 ET,2026-06-05T06:40:00 ET,2026-06-05,Fri,0643ET,2026-06-09,30227.25,740.61,30238.0,NEAR_FLIP,EXPANSION,,26.066512624330525,,,,,,31142.36,763.0,915.1100000000006,3.027433855213427,6274989.49,6274989.49,115536910.56,-2392640.93,4876015.37,46.608808,10958.85,1616,1616,0,15.940000000000001,,
2026-06-05T06:43:09 ET,2026-06-05T06:40:00 ET,2026-06-05,Fri,0643ET,2026-06-05,30227.25,740.61,30238.0,NEAR_FLIP,EXPANSION,,26.066512624330525,,,,,,31181.89,764.0,954.6399999999994,3.1582098933908953,409291.15,409291.15,3983612.52,-1278466.43,165131.17,0.330113,179.1,504,504,0,31.94,,
2026-06-05T06:43:09 ET,2026-06-05T06:40:00 ET,2026-06-05,Fri,0643ET,2026-06-08,30227.25,740.61,30238.0,NEAR_FLIP,EXPANSION,,26.066512624330525,,,,,,31183.18,764.0,955.9300000000003,3.162477565772607,4238450.96,4238450.96,83599816.88,-2234311.39,2380663.51,11.845081,5432.44,2097,2097,0,15.59,,
2026-06-05T06:43:09 ET,2026-06-05T06:40:00 ET,2026-06-05,Fri,0643ET,2026-06-09,30227.25,740.61,30238.0,NEAR_FLIP,EXPANSION,,26.066512624330525,,,,,,31183.18,764.0,955.9300000000003,3.162477565772607,222173.92,222173.92,4278658.77,-88350.93,166945.34,1.383422,387.52,66,66,0,15.92,,
2026-06-05T06:43:09 ET,2026-06-05T06:40:00 ET,2026-06-05,Fri,0643ET,2026-06-05,30227.25,740.61,30238.0,NEAR_FLIP,EXPANSION,,26.066512624330525,,,,,,31222.7,765.0,995.4500000000007,3.2932205212184393,2661478.06,2661478.06,26268369.84,-8662602.47,1091071.14,1.926785,1196.94,3710,3710,0,32.83,,
2026-06-05T06:43:09 ET,2026-06-05T06:40:00 ET,2026-06-05,Fri,0643ET,2026-06-08,30227.25,740.61,30238.0,NEAR_FLIP,EXPANSION,,26.066512624330525,,,,,,31223.99,765.0,996.7400000000016,3.297488193600151,5756267.47,5761060.11,109618654.15,-3164159.14,3519144.5,19.020405,7977.5199999999995,2619,2618,1,16.850168003054602,,
2026-06-05T06:43:09 ET,2026-06-05T06:40:00 ET,2026-06-05,Fri,0643ET,2026-06-09,30227.25,740.61,30238.0,NEAR_FLIP,EXPANSION,,26.066512624330525,,,,,,31223.99,765.0,996.7400000000016,3.297488193600151,838679.63,852717.9700000001,15921091.26,-353217.83,537773.01,4.366676999999999,1574.65,255,253,2,16.852980392156862,,
2026-06-05T06:43:09 ET,2026-06-05T06:40:00 ET,2026-06-05,Fri,0643ET,2026-06-05,30227.25,740.61,30238.0,NEAR_FLIP,EXPANSION,,26.066512624330525,,,,,,31263.52,766.0,1036.2700000000004,3.4282642317776197,1012038.83,1012038.83,10104087.04,-3426632.12,422745.75,0.669118,468.14,1574,1574,0,33.77,,
2026-06-05T06:43:09 ET,2026-06-05T06:40:00 ET,2026-06-05,Fri,0643ET,2026-06-08,30227.25,740.61,30238.0,NEAR_FLIP,EXPANSION,,26.066512624330525,,,,,,31264.81,766.0,1037.5600000000013,3.4325319041593305,4501831.16,4501831.16,92833656.04,-2569892.56,2535792.31,9.777941,5989.47,2874,2874,0,16.19,,
2026-06-05T06:43:09 ET,2026-06-05T06:40:00 ET,2026-06-05,Fri,0643ET,2026-06-09,30227.25,740.61,30238.0,NEAR_FLIP,EXPANSION,,26.066512624330525,,,,,,31264.81,766.0,1037.5600000000013,3.4325319041593305,762990.61,762990.61,15218364.43,-328480.49,585995.29,4.106859,1395.14,268,268,0,16.69,,
2026-06-05T06:43:09 ET,2026-06-05T06:40:00 ET,2026-06-05,Fri,0643ET,2026-06-05,30227.25,740.61,30238.0,NEAR_FLIP,EXPANSION,,26.066512624330525,,,,,,31304.33,767.0,1077.0800000000017,3.563274859605163,857710.18,857710.18,8356012.76,-3016890.95,389380.2,0.689715,422.46,1192,1192,0,35.96,,
2026-06-05T06:43:09 ET,2026-06-05T06:40:00 ET,2026-06-05,Fri,0643ET,2026-06-08,30227.25,740.61,30238.0,NEAR_FLIP,EXPANSION,,26.066512624330525,,,,,,31305.63,767.0,1078.380000000001,3.567575614718511,1277187.29,1277187.29,26342207.53,-757042.63,747615.6,2.775114,1765.76,847,847,0,16.82,,
2026-06-05T06:43:09 ET,2026-06-05T06:40:00 ET,2026-06-05,Fri,0643ET,2026-06-09,30227.25,740.61,30238.0,NEAR_FLIP,EXPANSION,,26.066512624330525,,,,,,31305.63,767.0,1078.380000000001,3.567575614718511,660994.41,660994.41,14301186.66,-295244.36,457343.28,2.431924,1157.47,306,306,0,15.98,,
2026-06-05T06:43:09 ET,2026-06-05T06:40:00 ET,2026-06-05,Fri,0643ET,2026-06-05,30227.25,740.61,30238.0,NEAR_FLIP,EXPANSION,,26.066512624330525,,,,,,31345.15,768.0,1117.9000000000015,3.6983185701643433,811606.97,811606.97,8232949.37,-2960419.4,354939.57,0.47213,398.19,1502,1502,0,35.82,,
2026-06-05T06:43:09 ET,2026-06-05T06:40:00 ET,2026-06-05,Fri,0643ET,2026-06-08,30227.25,740.61,30238.0,NEAR_FLIP,EXPANSION,,26.066512624330525,,,,,,31346.44,768.0,1119.1899999999987,3.7025862425460425,2021928.54,2021928.54,43335750.79,-1242377.17,1146344.24,3.470646,2791.04,1644,1644,0,16.79,,
2026-06-05T06:43:09 ET,2026-06-05T06:40:00 ET,2026-06-05,Fri,0643ET,2026-06-09,30227.25,740.61,30238.0,NEAR_FLIP,EXPANSION,,26.066512624330525,,,,,,31346.44,768.0,1119.1899999999987,3.7025862425460425,1564026.82,1564026.82,35045325.96,-724082.73,1055661.22,4.804295,2744.23,846,846,0,16.01,,
2026-06-05T06:43:09 ET,2026-06-05T06:40:00 ET,2026-06-05,Fri,0643ET,2026-06-05,30227.25,740.61,30238.0,NEAR_FLIP,EXPANSION,,26.066512624330525,,,,,,31385.96,769.0,1158.7099999999991,3.8333291979918758,321013.87,321013.87,3281893.38,-1212861.93,143385.65,0.175128,161.89,647,647,0,36.81,,
2026-06-05T06:43:09 ET,2026-06-05T06:40:00 ET,2026-06-05,Fri,0643ET,2026-06-08,30227.25,740.61,30238.0,NEAR_FLIP,EXPANSION,,26.066512624330525,,,,,,31387.26,769.0,1160.0099999999984,3.8376299531052225,241918.58,241918.58,5164807.94,-153932.4,143181.56,0.426341,347.46,200,200,0,17.47,,
2026-06-05T06:43:09 ET,2026-06-05T06:40:00 ET,2026-06-05,Fri,0643ET,2026-06-09,30227.25,740.61,30238.0,NEAR_FLIP,EXPANSION,,26.066512624330525,,,,,,31387.26,769.0,1160.0099999999984,3.8376299531052225,157755.56,157755.56,3508168.31,-75625.77,111898.28,0.50529,289.12,86,86,0,16.72,,
2026-06-05T06:43:09 ET,2026-06-05T06:40:00 ET,2026-06-05,Fri,0643ET,2026-06-05,30227.25,740.61,30238.0,NEAR_FLIP,EXPANSION,,26.066512624330525,,,,,,31426.77,770.0,1199.5200000000004,3.96833982581942,1707016.19,1707016.19,17564203.03,-6672223.29,779743.71,0.882937,884.99,3711,3711,0,37.85,,
2026-06-05T06:43:09 ET,2026-06-05T06:40:00 ET,2026-06-05,Fri,0643ET,2026-06-08,30227.25,740.61,30238.0,NEAR_FLIP,EXPANSION,,26.066512624330525,,,,,,31428.07,770.0,1200.8199999999997,3.9726405809327665,734285.4,734285.4,16275837.2,-483118.47,420348.06,1.013081,1051.15,750,750,0,17.42,,
2026-06-05T06:43:09 ET,2026-06-05T06:40:00 ET,2026-06-05,Fri,0643ET,2026-06-09,30227.25,740.61,30238.0,NEAR_FLIP,EXPANSION,,26.066512624330525,,,,,,31428.07,770.0,1200.8199999999997,3.9726405809327665,720081.83,720081.83,16761966.94,-356863.03,487371.68,1.796091,1304.67,481,481,0,16.53,,
2026-06-05T06:43:09 ET,2026-06-05T06:40:00 ET,2026-06-05,Fri,0643ET,2026-06-05,30227.25,740.61,30238.0,NEAR_FLIP,EXPANSION,,26.066512624330525,,,,,,31467.59,771.0,1240.3400000000001,4.103383536378599,466694.78,466694.78,4814030.73,-1885030.17,219339.25,0.236609,249.43,1065,1065,0,39.02,,
2026-06-05T06:43:09 ET,2026-06-05T06:40:00 ET,2026-06-05,Fri,0643ET,2026-06-08,30227.25,740.61,30238.0,NEAR_FLIP,EXPANSION,,26.066512624330525,,,,,,31468.89,771.0,1241.6399999999994,4.107684291491947,134390.75,134390.75,3117567.82,-91321.65,73218.89,0.134571,189.99,180,180,0,17.2,,
2026-06-05T06:43:09 ET,2026-06-05T06:40:00 ET,2026-06-05,Fri,0643ET,2026-06-09,30227.25,740.61,30238.0,NEAR_FLIP,EXPANSION,,26.066512624330525,,,,,,31468.89,771.0,1241.6399999999994,4.107684291491947,730741.27,730741.27,17636222.15,-373992.5,479298.72,1.473823,1320.01,585,585,0,16.48,,
2026-06-05T06:43:09 ET,2026-06-05T06:40:00 ET,2026-06-05,Fri,0643ET,2026-06-05,30227.25,740.61,30238.0,NEAR_FLIP,EXPANSION,,26.066512624330525,,,,,,31508.4,772.0,1281.1500000000015,4.238394164206143,193892.24,196858.18,2012558.69,-820754.4199999999,-201845.63,-0.17584399999999997,107.92,484,480,4,40.01561983471075,,
2026-06-05T06:43:09 ET,2026-06-05T06:40:00 ET,2026-06-05,Fri,0643ET,2026-06-08,30227.25,740.61,30238.0,NEAR_FLIP,EXPANSION,,26.066512624330525,,,,,,31509.7,772.0,1282.4500000000007,4.24269491931949,137455.91,137455.91,3235111.42,-96383.93,75330.36,0.123736,197.77,206,206,0,17.51,,
2026-06-05T06:43:09 ET,2026-06-05T06:40:00 ET,2026-06-05,Fri,0643ET,2026-06-09,30227.25,740.61,30238.0,NEAR_FLIP,EXPANSION,,26.066512624330525,,,,,,31509.7,772.0,1282.4500000000007,4.24269491931949,100667.03,100667.03,2385796.26,-53172.26,70480.7,0.226829,191.29,77,77,0,17.34,,
2026-06-05T06:43:09 ET,2026-06-05T06:40:00 ET,2026-06-05,Fri,0643ET,2026-06-05,30227.25,740.61,30238.0,NEAR_FLIP,EXPANSION,,26.066512624330525,,,,,,31549.22,773.0,1321.9700000000012,4.373437874765323,114598.45,116000.89,1191425.39,-498731.66,-90915.34,-0.072835,65.48,297,295,2,41.205690235690234,,
2026-06-05T06:43:09 ET,2026-06-05T06:40:00 ET,2026-06-05,Fri,0643ET,2026-06-08,30227.25,740.61,30238.0,NEAR_FLIP,EXPANSION,,26.066512624330525,,,,,,31550.52,773.0,1323.2700000000004,4.377738629878671,119731.62,119731.62,2856270.51,-86547.85,66047.05,0.097334,175.32,200,200,0,17.82,,
2026-06-05T06:43:09 ET,2026-06-05T06:40:00 ET,2026-06-05,Fri,0643ET,2026-06-09,30227.25,740.61,30238.0,NEAR_FLIP,EXPANSION,,26.066512624330525,,,,,,31550.52,773.0,1323.2700000000004,4.377738629878671,238981.85,238981.85,5752178.31,-130112.73,167919.46,0.491475,461.29,201,201,0,17.61,,
2026-06-05T06:43:09 ET,2026-06-05T06:40:00 ET,2026-06-05,Fri,0643ET,2026-06-05,30227.25,740.61,30238.0,NEAR_FLIP,EXPANSION,,26.066512624330525,,,,,,31590.03,774.0,1362.7799999999988,4.508448502592855,80851.63,80851.63,815560.16,-358185.3,43458.88,0.049711,48.48,174,174,0,43.77,,
2026-06-05T06:43:09 ET,2026-06-05T06:40:00 ET,2026-06-05,Fri,0643ET,2026-06-08,30227.25,740.61,30238.0,NEAR_FLIP,EXPANSION,,26.066512624330525,,,,,,31591.34,774.0,1364.0900000000001,4.512782340437851,57693.87,57693.87,1393792.84,-42951.53,32053.67,0.042546,85.97,107,107,0,18.13,,
2026-06-05T06:43:09 ET,2026-06-05T06:40:00 ET,2026-06-05,Fri,0643ET,2026-06-09,30227.25,740.61,30238.0,NEAR_FLIP,EXPANSION,,26.066512624330525,,,,,,31591.34,774.0,1364.0900000000001,4.512782340437851,73254.45,73254.45,1814374.76,-41067.36,50389.94,0.126205,141.6,72,72,0,17.64,,
2026-06-05T06:43:09 ET,2026-06-05T06:40:00 ET,2026-06-05,Fri,0643ET,2026-06-05,30227.25,740.61,30238.0,NEAR_FLIP,EXPANSION,,26.066512624330525,,,,,,31630.84,775.0,1403.5900000000001,4.643459130420399,307802.79,307802.79,3222541.73,-1403288.77,159030.12,0.137871,183.03,874,874,0,43.41,,
2026-06-05T06:43:09 ET,2026-06-05T06:40:00 ET,2026-06-05,Fri,0643ET,2026-06-08,30227.25,740.61,30238.0,NEAR_FLIP,EXPANSION,,26.066512624330525,,,,,,31632.15,775.0,1404.9000000000015,4.647792968265394,174851.56,177136.06,4274924.9,-135699.12,-48914.899999999994,-0.08905199999999999,268.61999999999995,363,361,2,18.452699724517906,,
2026-06-05T06:43:09 ET,2026-06-05T06:40:00 ET,2026-06-05,Fri,0643ET,2026-06-09,30227.25,740.61,30238.0,NEAR_FLIP,EXPANSION,,26.066512624330525,,,,,,31632.15,775.0,1404.9000000000015,4.647792968265394,129094.59,129094.59,3309959.65,-74452.55,85896.36,0.177253,248.17,154,154,0,17.54,,
2026-06-05T06:43:09 ET,2026-06-05T06:40:00 ET,2026-06-05,Fri,0643ET,2026-06-05,30227.25,740.61,30238.0,NEAR_FLIP,EXPANSION,,26.066512624330525,,,,,,31671.66,776.0,1444.4099999999999,4.77850284097958,51329.29,51329.29,538048.16,-240668.38,27218.94,0.022777,31.35,151,151,0,44.59,,
2026-06-05T06:43:09 ET,2026-06-05T06:40:00 ET,2026-06-05,Fri,0643ET,2026-06-08,30227.25,740.61,30238.0,NEAR_FLIP,EXPANSION,,26.066512624330525,,,,,,31672.97,776.0,1445.7200000000012,4.782836678824574,10398.6,10398.6,256142.13,-8190.58,5906.7,0.006574,16.1,23,23,0,18.83,,
2026-06-05T06:43:09 ET,2026-06-05T06:40:00 ET,2026-06-05,Fri,0643ET,2026-06-05,30227.25,740.61,30238.0,NEAR_FLIP,EXPANSION,,26.066512624330525,,,,,,31712.47,777.0,1485.2200000000012,4.913513468807124,305.78,305.78,3241.48,-1473.23,163.23,0.000123,0.19,1,1,0,45.31,,
2026-06-05T06:43:09 ET,2026-06-05T06:40:00 ET,2026-06-05,Fri,0643ET,2026-06-08,30227.25,740.61,30238.0,NEAR_FLIP,EXPANSION,,26.066512624330525,,,,,,31713.78,777.0,1486.5299999999988,4.9178473066521065,37284.83,37284.83,869466.84,-30184.41,24078.45,0.036229,62.69,61,61,0,20.46,,
2026-06-05T06:43:09 ET,2026-06-05T06:40:00 ET,2026-06-05,Fri,0643ET,2026-06-08,30227.25,740.61,30238.0,NEAR_FLIP,EXPANSION,,26.066512624330525,,,,,,31754.6,778.0,1527.3499999999985,5.052891017211286,2244.52,2244.52,56465.34,-1864.59,1295.19,0.001193,3.59,6,6,0,19.47,,
2026-06-05T06:43:09 ET,2026-06-05T06:40:00 ET,2026-06-05,Fri,0643ET,2026-06-05,30227.25,740.61,30238.0,NEAR_FLIP,EXPANSION,,26.066512624330525,,,,,,31794.1,779.0,1566.8499999999985,5.183567807193835,7454.04,7454.04,78746.89,-37841.75,4221.35,0.003098,4.89,25,25,0,47.92,,
2026-06-05T06:43:09 ET,2026-06-05T06:40:00 ET,2026-06-05,Fri,0643ET,2026-06-08,30227.25,740.61,30238.0,NEAR_FLIP,EXPANSION,,26.066512624330525,,,,,,31795.41,779.0,1568.1599999999999,5.1879016450388304,42790.14,42790.14,1086693.04,-36466.81,24908.09,0.02099,69.61,125,125,0,19.79,,
2026-06-05T06:43:09 ET,2026-06-05T06:40:00 ET,2026-06-05,Fri,0643ET,2026-06-05,30227.25,740.61,30238.0,NEAR_FLIP,EXPANSION,,26.066512624330525,,,,,,31834.91,780.0,1607.6599999999999,5.318578435021379,762671.81,762671.81,8034540.77,-3970368.61,445297.22,0.325555,514.84,2568,2568,0,49.28,,
2026-06-05T06:43:09 ET,2026-06-05T06:40:00 ET,2026-06-05,Fri,0643ET,2026-06-08,30227.25,740.61,30238.0,NEAR_FLIP,EXPANSION,,26.066512624330525,,,,,,31836.23,780.0,1608.9799999999996,5.32294535559801,44921.76,45539.340000000004,1115924.5099999998,-39795.5,-45759.36000000001,-0.029398,77.65,118,117,1,20.744237288135594,,
2026-06-05T06:43:09 ET,2026-06-05T06:40:00 ET,2026-06-05,Fri,0643ET,2026-06-09,30227.25,740.61,30238.0,NEAR_FLIP,EXPANSION,,26.066512624330525,,,,,,31836.23,780.0,1608.9799999999996,5.32294535559801,322023.85,322023.85,8574633.95,-211751.18,229002.68,0.341231,681.8,532,532,0,19.32,,
2026-06-05T06:43:09 ET,2026-06-05T06:40:00 ET,2026-06-05,Fri,0643ET,2026-06-05,30227.25,740.61,30238.0,NEAR_FLIP,EXPANSION,,26.066512624330525,,,,,,31875.73,781.0,1648.4799999999996,5.453622145580559,3567.81,3567.81,37456.62,-19034.1,2148.84,0.001573,2.48,12,12,0,50.68,,
2026-06-05T06:43:09 ET,2026-06-05T06:40:00 ET,2026-06-05,Fri,0643ET,2026-06-08,30227.25,740.61,30238.0,NEAR_FLIP,EXPANSION,,26.066512624330525,,,,,,31877.05,781.0,1649.7999999999993,5.45798906615719,358.74,358.74,8983.6,-321.19,225.37,0.000199,0.62,1,1,0,21.1,,
2026-06-05T06:43:09 ET,2026-06-05T06:40:00 ET,2026-06-05,Fri,0643ET,2026-06-05,30227.25,740.61,30238.0,NEAR_FLIP,EXPANSION,,26.066512624330525,,,,,,32038.98,785.0,1811.7299999999996,5.993697739622359,565856.38,565856.38,5827939.19,-3310375.46,387469.41,0.296554,439.2,1820,1820,0,56.66,,
2026-06-05T06:43:09 ET,2026-06-05T06:40:00 ET,2026-06-05,Fri,0643ET,2026-06-08,30227.25,740.61,30238.0,NEAR_FLIP,EXPANSION,,26.066512624330525,,,,,,32040.31,785.0,1813.0600000000013,5.998097742930638,97588.76,97588.76,2589873.19,-95704.08,60445.39,0.032413,175.21,448,448,0,21.84,,
2026-06-05T06:43:09 ET,2026-06-05T06:40:00 ET,2026-06-05,Fri,0643ET,2026-06-09,30227.25,740.61,30238.0,NEAR_FLIP,EXPANSION,,26.066512624330525,,,,,,32040.31,785.0,1813.0600000000013,5.998097742930638,53652.2,53652.2,1565445.04,-39572.34,36305.95,0.027717,116.56,173,173,0,19.82,,
2026-06-05T06:43:09 ET,2026-06-05T06:40:00 ET,2026-06-05,Fri,0643ET,2026-06-05,30227.25,740.61,30238.0,NEAR_FLIP,EXPANSION,,26.066512624330525,,,,,,32243.05,790.0,2015.7999999999993,6.668817044223339,633592.82,633592.82,6314778.79,-4113328.52,511939.8,0.439688,564.09,1816,1816,0,64.99,,
2026-06-05T06:43:09 ET,2026-06-05T06:40:00 ET,2026-06-05,Fri,0643ET,2026-06-08,30227.25,740.61,30238.0,NEAR_FLIP,EXPANSION,,26.066512624330525,,,,,,32244.39,790.0,2017.1399999999994,6.673250130263255,77683.19,77683.19,2109374.06,-84448.38,51222.43,0.020841,151.32,470,470,0,23.7,,
2026-06-05T06:43:09 ET,2026-06-05T06:40:00 ET,2026-06-05,Fri,0643ET,2026-06-09,30227.25,740.61,30238.0,NEAR_FLIP,EXPANSION,,26.066512624330525,,,,,,32244.39,790.0,2017.1399999999994,6.673250130263255,22546.11,22546.11,680688.68,-18427.94,15914.96,0.00866,52.56,102,102,0,21.27,,
2026-06-05T06:43:09 ET,2026-06-05T06:40:00 ET,2026-06-05,Fri,0643ET,2026-06-08,30227.25,740.61,30238.0,NEAR_FLIP,EXPANSION,,26.066512624330525,,,,,,32448.46,795.0,2221.209999999999,7.348369434864234,2107.1,2107.1,53043.7,-2515.47,1758.75,0.00114,4.87,8,8,0,28.11,,
2026-06-05T06:43:09 ET,2026-06-05T06:40:00 ET,2026-06-05,Fri,0643ET,2026-06-09,30227.25,740.61,30238.0,NEAR_FLIP,EXPANSION,,26.066512624330525,,,,,,32448.46,795.0,2221.209999999999,7.348369434864234,22668.95,22668.95,698872.01,-20327.22,16924.6,0.00721,56.87,131,131,0,22.89,,
2026-06-05T06:43:09 ET,2026-06-05T06:40:00 ET,2026-06-05,Fri,0643ET,2026-06-05,30227.25,740.61,30238.0,NEAR_FLIP,EXPANSION,,26.066512624330525,,,,,,32651.19,800.0,2423.9399999999987,8.019055653425298,2011555.72,2011555.72,18477015.45,-15629469.07,2262988.31,2.61575,2326.53,4284,4284,0,84.43,,
2026-06-05T06:43:09 ET,2026-06-05T06:40:00 ET,2026-06-05,Fri,0643ET,2026-06-08,30227.25,740.61,30238.0,NEAR_FLIP,EXPANSION,,26.066512624330525,,,,,,32652.54,800.0,2425.290000000001,8.023521822196862,60489.79,60489.79,1682236.59,-78524.17,45709.28,0.01294,137.69,526,526,0,27.69,,
2026-06-05T06:43:09 ET,2026-06-05T06:40:00 ET,2026-06-05,Fri,0643ET,2026-06-09,30227.25,740.61,30238.0,NEAR_FLIP,EXPANSION,,26.066512624330525,,,,,,32652.54,800.0,2425.290000000001,8.023521822196862,18312.69,19014.670000000002,575437.9,-18550.22,-207267.38999999998,-0.058965,50.95,139,136,3,24.449640287769785,,
2026-06-05T06:43:09 ET,2026-06-05T06:40:00 ET,2026-06-05,Fri,0643ET,2026-06-08,30227.25,740.61,30238.0,NEAR_FLIP,EXPANSION,,26.066512624330525,,,,,,32856.62,805.0,2629.3700000000026,8.69867420952949,1947.89,1947.89,52903.65,-2733.23,1665.23,0.000532,4.91,15,15,0,30.68,,
2026-06-05T06:43:09 ET,2026-06-05T06:40:00 ET,2026-06-05,Fri,0643ET,2026-06-09,30227.25,740.61,30238.0,NEAR_FLIP,EXPANSION,,26.066512624330525,,,,,,32856.62,805.0,2629.3700000000026,8.69867420952949,8097.28,8097.28,249950.27,-8537.25,7117.76,0.00258,23.91,55,55,0,26.95,,
2026-06-05T06:43:09 ET,2026-06-05T06:40:00 ET,2026-06-05,Fri,0643ET,2026-06-05,30227.25,740.61,30238.0,NEAR_FLIP,EXPANSION,,26.066512624330525,,,,,,33059.33,810.0,2832.0800000000017,9.369294262627271,607301.17,607301.17,5102379.41,-5491429.59,936622.94,1.424448,893.91,983,983,0,107.45,,
2026-06-05T06:43:09 ET,2026-06-05T06:40:00 ET,2026-06-05,Fri,0643ET,2026-06-08,30227.25,740.61,30238.0,NEAR_FLIP,EXPANSION,,26.066512624330525,,,,,,33060.7,810.0,2833.449999999997,9.373826596862093,57373.45,57373.45,1607732.98,-86457.31,49752.62,0.011501,150.69,611,611,0,31.950000000000003,,
2026-06-05T06:43:09 ET,2026-06-05T06:40:00 ET,2026-06-05,Fri,0643ET,2026-06-09,30227.25,740.61,30238.0,NEAR_FLIP,EXPANSION,,26.066512624330525,,,,,,33060.7,810.0,2833.449999999997,9.373826596862093,948.2,948.2,30269.8,-1073.49,841.97,0.000218,2.91,9,9,0,28.01,,
2026-06-05T06:43:09 ET,2026-06-05T06:40:00 ET,2026-06-05,Fri,0643ET,AGGREGATE,30227.25,740.61,30238.0,NEAR_FLIP,EXPANSION,,26.066512624330525,,,,,,27222.93,667.0,-3004.3199999999997,-9.93911123241446,-12917063.540000001,13402761.08,72568688.19,137153896.33,-30539198.97,-93.624652,33490.04,10762,195,10567,182.41,,
2026-06-05T06:43:09 ET,2026-06-05T06:40:00 ET,2026-06-05,Fri,0643ET,AGGREGATE,30227.25,740.61,30238.0,NEAR_FLIP,EXPANSION,,26.066512624330525,,,,,,27263.75,668.0,-2963.5,-9.804067521855279,-2215958.89,3152807.35,12564535.44,31823356.06,17486415.080000002,53.770015,7699.5,2524,375,2149,178.27,,
2026-06-05T06:43:09 ET,2026-06-05T06:40:00 ET,2026-06-05,Fri,0643ET,AGGREGATE,30227.25,740.61,30238.0,NEAR_FLIP,EXPANSION,,26.066512624330525,,,,,,27304.56,669.0,-2922.6899999999987,-9.669056894027737,-2018081.6900000002,2243565.6700000004,11548185.280000001,22332230.29,-449051.14999999944,-1.3847459999999998,5353.87,1791,90,1701,174.19999999999996,,
2026-06-05T06:43:09 ET,2026-06-05T06:40:00 ET,2026-06-05,Fri,0643ET,AGGREGATE,30227.25,740.61,30238.0,NEAR_FLIP,EXPANSION,,26.066512624330525,,,,,,27345.37,670.0,-2881.880000000001,-9.534046266200203,-8966975.61,10255687.89,51784644.94,100649306.01,6390939.320000004,19.760802999999996,23909.75,8165,513,7652,170.18999999999997,,
2026-06-05T06:43:09 ET,2026-06-05T06:40:00 ET,2026-06-05,Fri,0643ET,AGGREGATE,30227.25,740.61,30238.0,NEAR_FLIP,EXPANSION,,26.066512624330525,,,,,,27346.5,670.0,-2880.75,-9.53030791752475,-458853.07,484735.79000000004,9813927.25,758626.38,913900.33,1.491317,1973.6,1097,23,1074,46.800838650866,,
2026-06-05T06:43:09 ET,2026-06-05T06:40:00 ET,2026-06-05,Fri,0643ET,AGGREGATE,30227.25,740.61,30238.0,NEAR_FLIP,EXPANSION,,26.066512624330525,,,,,,27386.19,671.0,-2841.0600000000013,-9.399002555641024,-2225068.01,2393805.49,12967811.67,23157578.7,-2204248.1899999995,-6.832796999999999,5451.28,1901,67,1834,166.24000000000004,,
2026-06-05T06:43:09 ET,2026-06-05T06:40:00 ET,2026-06-05,Fri,0643ET,AGGREGATE,30227.25,740.61,30238.0,NEAR_FLIP,EXPANSION,,26.066512624330525,,,,,,27427.0,672.0,-2800.25,-9.26399192781348,-1740623.47,2248042.35,10237254.96,21432375.56,8349332.000000001,25.943203,4999.54,1781,201,1580,162.35,,
2026-06-05T06:43:09 ET,2026-06-05T06:40:00 ET,2026-06-05,Fri,0643ET,AGGREGATE,30227.25,740.61,30238.0,NEAR_FLIP,EXPANSION,,26.066512624330525,,,,,,27467.82,673.0,-2759.4300000000003,-9.1289482172543,-1587659.5,1752118.2599999998,9422726.870000001,16458546.91,-133714.0599999996,-0.4164110000000001,3804.7,1385,65,1320,158.52,,
2026-06-05T06:43:09 ET,2026-06-05T06:40:00 ET,2026-06-05,Fri,0643ET,AGGREGATE,30227.25,740.61,30238.0,NEAR_FLIP,EXPANSION,,26.066512624330525,,,,,,27508.63,674.0,-2718.619999999999,-8.993937589426755,-663027.96,995175.8200000001,3970773.77,9208485.969999999,6973546.68,21.762819,2109.61,785,131,654,154.75,,
2026-06-05T06:43:09 ET,2026-06-05T06:40:00 ET,2026-06-05,Fri,0643ET,AGGREGATE,30227.25,740.61,30238.0,NEAR_FLIP,EXPANSION,,26.066512624330525,,,,,,27549.44,675.0,-2677.8100000000013,-8.858926961599224,-3594855.6499999994,6181119.29,21723531.729999997,56326300.21,58943994.919999994,184.317204,12788.83,4866,1018,3848,151.04,,
2026-06-05T06:43:09 ET,2026-06-05T06:40:00 ET,2026-06-05,Fri,0643ET,AGGREGATE,30227.25,740.61,30238.0,NEAR_FLIP,EXPANSION,,26.066512624330525,,,,,,27550.58,675.0,-2676.6699999999983,-8.855155530192123,-315461.39,330772.23,6898676.09,451273.32999999996,452997.38,0.755567,1305.23,662,13,649,42.57232628398792,,
2026-06-05T06:43:09 ET,2026-06-05T06:40:00 ET,2026-06-05,Fri,0643ET,AGGREGATE,30227.25,740.61,30238.0,NEAR_FLIP,EXPANSION,,26.066512624330525,,,,,,27590.26,676.0,-2636.9900000000016,-8.723883251040043,-5863165.45,6300962.05,35749201.66,56532617.41,-3535888.4499999993,-11.077552000000004,12721.679999999998,4951,172,4779,147.39,,
2026-06-05T06:43:09 ET,2026-06-05T06:40:00 ET,2026-06-05,Fri,0643ET,AGGREGATE,30227.25,740.61,30238.0,NEAR_FLIP,EXPANSION,,26.066512624330525,,,,,,27631.07,677.0,-2596.1800000000003,-8.5888726232125,-1521016.48,1890752.2600000002,9356871.15,16697997.91,6000363.000000001,18.832254,3724.4100000000003,1483,145,1338,143.8,,
2026-06-05T06:43:09 ET,2026-06-05T06:40:00 ET,2026-06-05,Fri,0643ET,AGGREGATE,30227.25,740.61,30238.0,NEAR_FLIP,EXPANSION,,26.066512624330525,,,,,,27671.89,678.0,-2555.3600000000006,-8.45382891265332,-922100.7399999999,1205627.5599999998,5722851.97,10477718.2,5289628.8,16.630207,2316.52,944,111,833,140.25999999999996,,
2026-06-05T06:43:09 ET,2026-06-05T06:40:00 ET,2026-06-05,Fri,0643ET,AGGREGATE,30227.25,740.61,30238.0,NEAR_FLIP,EXPANSION,,26.066512624330525,,,,,,27712.7,679.0,-2514.5499999999993,-8.318818284825776,-2768361.9000000004,3044686.38,17332718.479999997,26031714.34,819009.9099999992,2.5792060000000028,5705.2300000000005,2380,108,2272,136.79,,
2026-06-05T06:43:09 ET,2026-06-05T06:40:00 ET,2026-06-05,Fri,0643ET,AGGREGATE,30227.25,740.61,30238.0,NEAR_FLIP,EXPANSION,,26.066512624330525,,,,,,27753.51,680.0,-2473.7400000000016,-8.183807656998244,-9511652.87,11046741.13,60072943.18,92892447.39999999,19102249.26,60.25489400000001,20182.920000000002,8621,599,8022,133.37,,
2026-06-05T06:43:09 ET,2026-06-05T06:40:00 ET,2026-06-05,Fri,0643ET,AGGREGATE,30227.25,740.61,30238.0,NEAR_FLIP,EXPANSION,,26.066512624330525,,,,,,27754.66,680.0,-2472.59,-8.180003142859507,-332844.58999999997,369104.77,7007939.21,485471.5399999999,1757899.6199999999,2.518242,1328.01,643,31,612,40.638709175738725,,
2026-06-05T06:43:09 ET,2026-06-05T06:40:00 ET,2026-06-05,Fri,0643ET,AGGREGATE,30227.25,740.61,30238.0,NEAR_FLIP,EXPANSION,,26.066512624330525,,,,,,27794.33,681.0,-2432.9199999999983,-8.04876394643905,-589111.71,1022923.81,3752891.57,8457679.08,10248469.780000001,32.379883,1821.8899999999999,797,169,628,130.02,,
2026-06-05T06:43:09 ET,2026-06-05T06:40:00 ET,2026-06-05,Fri,0643ET,AGGREGATE,30227.25,740.61,30238.0,NEAR_FLIP,EXPANSION,,26.066512624330525,,,,,,27835.14,682.0,-2392.1100000000006,-7.91375331861152,-912770.6799999999,1324160.28,5864601.550000001,10761725.719999999,9004031.09,28.495193,2298.57,1030,160,870,126.71999999999998,1.3352972166661041,PUT WALL + VOL SENSITIVE
2026-06-05T06:43:09 ET,2026-06-05T06:40:00 ET,2026-06-05,Fri,0643ET,AGGREGATE,30227.25,740.61,30238.0,NEAR_FLIP,EXPANSION,,26.066512624330525,,,,,,27875.96,683.0,-2351.290000000001,-7.778709608052339,-645183.57,1165451.35,4180497.99,9307576.62,12532858.43,39.730771,1971.33,905,202,703,123.47999999999999,1.1269884914883417,PUT WALL + VOL SENSITIVE
2026-06-05T06:43:09 ET,2026-06-05T06:40:00 ET,2026-06-05,Fri,0643ET,AGGREGATE,30227.25,740.61,30238.0,NEAR_FLIP,EXPANSION,,26.066512624330525,,,,,,27916.77,684.0,-2310.4799999999996,-7.643698980224796,-1330105.14,1879692.72,8690687.03,14746663.08,11981184.770000001,38.050323999999996,3097.46,1457,213,1244,120.29,1.8866477469218106,PUT WALL + VOL SENSITIVE
2026-06-05T06:43:09 ET,2026-06-05T06:40:00 ET,2026-06-05,Fri,0643ET,AGGREGATE,30227.25,740.61,30238.0,NEAR_FLIP,EXPANSION,,26.066512624330525,,,,,,27957.58,685.0,-2269.6699999999983,-7.508688352397251,-2250426.04,4478877.8,14825441.009999998,34506371.989999995,55082376.84,175.270947,7188.71,3465,862,2603,117.17000000000002,4.223265680441946,PUT WALL + VOL SENSITIVE
2026-06-05T06:43:09 ET,2026-06-05T06:40:00 ET,2026-06-05,Fri,0643ET,AGGREGATE,30227.25,740.61,30238.0,NEAR_FLIP,EXPANSION,,26.066512624330525,,,,,,27958.74,685.0,-2268.5099999999984,-7.504850755526879,-316237.19,410829.17,6818982.57,454912.88,4540828.54,7.633829,1442.1599999999999,594,69,525,36.52107744107744,0.6567667926059115,PUT WALL + VOL SENSITIVE
2026-06-05T06:43:09 ET,2026-06-05T06:40:00 ET,2026-06-05,Fri,0643ET,AGGREGATE,30227.25,740.61,30238.0,NEAR_FLIP,EXPANSION,,26.066512624330525,,,,,,27998.4,686.0,-2228.8499999999985,-7.373644641838071,-427459.47000000003,1391186.29,2838960.3000000003,10521859.280000001,24915456.26,79.447664,2174.39,1074,372,702,114.1,1.2288523514038676,PUT WALL + VOL SENSITIVE
2026-06-05T06:43:09 ET,2026-06-05T06:40:00 ET,2026-06-05,Fri,0643ET,AGGREGATE,30227.25,740.61,30238.0,NEAR_FLIP,EXPANSION,,26.066512624330525,,,,,,27999.56,686.0,-2227.6899999999987,-7.369807044967698,-42462.350000000006,44089.950000000004,930847.75,43466.72,11488.640000000007,0.027600999999999987,162.53,57,1,56,35.00105263157894,0.07420298015834716,PUT WALL + VOL SENSITIVE
2026-06-05T06:43:09 ET,2026-06-05T06:40:00 ET,2026-06-05,Fri,0643ET,AGGREGATE,30227.25,740.61,30238.0,NEAR_FLIP,EXPANSION,,26.066512624330525,,,,,,28039.21,687.0,-2188.040000000001,-7.23863401401054,-850423.5800000001,1307445.12,5693285.930000001,9704130.06,10636009.69,33.994136,1989.55,1007,176,831,111.08,1.2714681564324843,PUT WALL + VOL SENSITIVE
2026-06-05T06:43:09 ET,2026-06-05T06:40:00 ET,2026-06-05,Fri,0643ET,AGGREGATE,30227.25,740.61,30238.0,NEAR_FLIP,EXPANSION,,26.066512624330525,,,,,,28040.37,687.0,-2186.880000000001,-7.234796417140167,-22358.809999999998,24965.97,474015.43999999994,27956.200000000004,115247.35,0.17976,81.69999999999999,36,2,34,35.72222222222222,0.041688515943332026,PUT WALL + VOL SENSITIVE
2026-06-05T06:43:09 ET,2026-06-05T06:40:00 ET,2026-06-05,Fri,0643ET,AGGREGATE,30227.25,740.61,30238.0,NEAR_FLIP,EXPANSION,,26.066512624330525,,,,,,28080.03,688.0,-2147.220000000001,-7.10359030345136,-933357.55,1279624.09,6297607.09,9317189.15,7576577.4,24.279137000000002,1895.4,983,133,850,108.13,1.2657190915831873,PUT WALL + VOL SENSITIVE
2026-06-05T06:43:09 ET,2026-06-05T06:40:00 ET,2026-06-05,Fri,0643ET,AGGREGATE,30227.25,740.61,30238.0,NEAR_FLIP,EXPANSION,,26.066512624330525,,,,,,28081.19,688.0,-2146.0600000000013,-7.099752706580986,-23332.760000000002,23332.760000000002,482289.61,25282.82,-31684.96,-0.063692,77.62,30,0,30,35.736666666666665,0.03858227936543202,PUT WALL + VOL SENSITIVE
2026-06-05T06:43:09 ET,2026-06-05T06:40:00 ET,2026-06-05,Fri,0643ET,AGGREGATE,30227.25,740.61,30238.0,NEAR_FLIP,EXPANSION,,26.066512624330525,,,,,,28120.84,689.0,-2106.41,-6.9685796756238165,-748112.3,1024900.8,5086567.91,7317983.22,6087243.300000001,19.564292000000002,1477.38,785,106,679,105.23,1.0082207522800286,PUT WALL + VOL SENSITIVE
2026-06-05T06:43:09 ET,2026-06-05T06:40:00 ET,2026-06-05,Fri,0643ET,AGGREGATE,30227.25,740.61,30238.0,NEAR_FLIP,EXPANSION,,26.066512624330525,,,,,,28122.0,689.0,-2105.25,-6.964742078753443,-122662.35999999999,122662.35999999999,2593745.64,121278.19,-166849.69,-0.354808,419.12,146,0,146,34.310753424657534,0.20139462714684678,PUT WALL + VOL SENSITIVE
2026-06-05T06:43:09 ET,2026-06-05T06:40:00 ET,2026-06-05,Fri,0643ET,AGGREGATE,30227.25,740.61,30238.0,NEAR_FLIP,EXPANSION,,26.066512624330525,,,,,,28161.65,690.0,-2065.5999999999985,-6.833569047796272,-9530289.85,11356437.49,65285863.0,79485956.49,32704808.869999997,105.466859,15927.75,8669,697,7972,102.38,11.467650741865318,PUT WALL + VOL SENSITIVE
2026-06-05T06:43:09 ET,2026-06-05T06:40:00 ET,2026-06-05,Fri,0643ET,AGGREGATE,30227.25,740.61,30238.0,NEAR_FLIP,EXPANSION,,26.066512624330525,,,,,,28162.82,690.0,-2064.4300000000003,-6.829698368194263,-509133.42,616670.1799999999,10508973.73,661147.0800000001,4401155.01,8.267168999999999,1908.44,787,70,717,34.40148665819568,0.9387165672678275,PUT WALL + VOL SENSITIVE
2026-06-05T06:43:09 ET,2026-06-05T06:40:00 ET,2026-06-05,Fri,0643ET,AGGREGATE,30227.25,740.61,30238.0,NEAR_FLIP,EXPANSION,,26.066512624330525,,,,,,28202.47,691.0,-2024.7799999999988,-6.698525337237092,-3993822.1199999996,4522474.239999999,27559696.77,31016180.37,7593922.78,24.583368000000004,6170.1900000000005,3439,201,3238,99.6,4.597772578698516,PUT WALL + VOL SENSITIVE
2026-06-05T06:43:09 ET,2026-06-05T06:40:00 ET,2026-06-05,Fri,0643ET,AGGREGATE,30227.25,740.61,30238.0,NEAR_FLIP,EXPANSION,,26.066512624330525,,,,,,28203.63,691.0,-2023.619999999999,-6.694687740366718,-92123.84000000001,94049.90000000001,1857527.77,106267.45,-39397.98,-0.03691800000000001,268.34000000000003,125,1,124,34.312160000000006,0.15624708895308145,PUT WALL + VOL SENSITIVE
2026-06-05T06:43:09 ET,2026-06-05T06:40:00 ET,2026-06-05,Fri,0643ET,AGGREGATE,30227.25,740.61,30238.0,NEAR_FLIP,EXPANSION,,26.066512624330525,,,,,,28243.28,692.0,-1983.9700000000012,-6.56351470940956,-1102926.41,1670900.49,7665055.030000001,11223933.67,13315082.16,43.294746,2217.13,1265,215,1050,96.86,1.5811462525837237,PUT WALL + VOL SENSITIVE
2026-06-05T06:43:09 ET,2026-06-05T06:40:00 ET,2026-06-05,Fri,0643ET,AGGREGATE,30227.25,740.61,30238.0,NEAR_FLIP,EXPANSION,,26.066512624330525,,,,,,28244.45,692.0,-1982.7999999999993,-6.559644029807539,-93232.54000000001,94744.94,1917469.71,97901.01999999999,-41981.479999999996,-0.102666,281.42,115,1,114,33.15860869565217,0.15299057237787259,PUT WALL + VOL SENSITIVE
2026-06-05T06:43:09 ET,2026-06-05T06:40:00 ET,2026-06-05,Fri,0643ET,AGGREGATE,30227.25,740.61,30238.0,NEAR_FLIP,EXPANSION,,26.066512624330525,,,,,,28284.1,693.0,-1943.1500000000015,-6.42847099885038,-1431130.26,1956851.5799999998,10014593.54,12869029.24,11707693.92,38.261593000000005,2524.8,1474,198,1276,94.19,1.8795116575152908,PUT WALL + VOL SENSITIVE
2026-06-05T06:43:09 ET,2026-06-05T06:40:00 ET,2026-06-05,Fri,0643ET,AGGREGATE,30227.25,740.61,30238.0,NEAR_FLIP,EXPANSION,,26.066512624330525,,,,,,28285.27,693.0,-1941.9799999999996,-6.424600319248359,-218125.44,224394.7,4500011.609999999,209016.25,8014.720000000001,-0.13178900000000004,708.03,234,4,230,32.389487179487176,0.33917901718590504,PUT WALL + VOL SENSITIVE
2026-06-05T06:43:09 ET,2026-06-05T06:40:00 ET,2026-06-05,Fri,0643ET,AGGREGATE,30227.25,740.61,30238.0,NEAR_FLIP,EXPANSION,,26.066512624330525,,,,,,28324.91,694.0,-1902.3400000000001,-6.293460371022835,-13789919.14,14283990.02,97139324.44000001,91925116.82,-7185405.860000001,-23.619469000000002,17916.65,10697,185,10512,91.57,14.636350958230945,PUT WALL + VOL SENSITIVE
2026-06-05T06:43:09 ET,2026-06-05T06:40:00 ET,2026-06-05,Fri,0643ET,AGGREGATE,30227.25,740.61,30238.0,NEAR_FLIP,EXPANSION,,26.066512624330525,,,,,,28326.08,694.0,-1901.1699999999983,-6.289589691420814,-394483.0,394483.0,8075311.85,373039.1,-486154.44,-1.164347,1181.95,414,0,414,31.94739130434783,0.6066742990215489,PUT WALL + VOL SENSITIVE
2026-06-05T06:43:09 ET,2026-06-05T06:40:00 ET,2026-06-05,Fri,0643ET,AGGREGATE,30227.25,740.61,30238.0,NEAR_FLIP,EXPANSION,,26.066512624330525,,,,,,28365.72,695.0,-1861.5299999999988,-6.158449743195292,-2946650.0199999996,4616239.12,20889379.509999998,29057938.7,39458907.89,130.576298,5627.889999999999,3434,621,2813,89.0,4.244223775548621,PUT WALL + VOL SENSITIVE
2026-06-05T06:43:09 ET,2026-06-05T06:40:00 ET,2026-06-05,Fri,0643ET,AGGREGATE,30227.25,740.61,30238.0,NEAR_FLIP,EXPANSION,,26.066512624330525,,,,,,28366.9,695.0,-1860.3499999999985,-6.154545980861635,-683956.1099999999,830555.0700000001,13783269.67,780543.25,4620519.44,10.853140999999999,2423.53,844,76,768,31.596575829383887,1.1245943532232763,PUT WALL + VOL SENSITIVE
2026-06-05T06:43:09 ET,2026-06-05T06:40:00 ET,2026-06-05,Fri,0643ET,AGGREGATE,30227.25,740.61,30238.0,NEAR_FLIP,EXPANSION,,26.066512624330525,,,,,,28406.54,696.0,-1820.7099999999991,-6.023406032636112,-2225615.2600000002,3485397.48,15873949.08,21448995.59,29664476.54,98.919179,4129.26,2573,465,2108,86.49,3.17752862760244,PUT WALL + VOL SENSITIVE
2026-06-05T06:43:09 ET,2026-06-05T06:40:00 ET,2026-06-05,Fri,0643ET,AGGREGATE,30227.25,740.61,30238.0,NEAR_FLIP,EXPANSION,,26.066512624330525,,,,,,28407.71,696.0,-1819.5400000000009,-6.019535353034103,-1534010.18,1536385.2999999998,30141250.57,1524021.02,-1707170.5,-4.106782,4138.3099999999995,1576,1,1575,31.687982233502538,2.292274971853725,PUT WALL + VOL SENSITIVE
2026-06-05T06:43:09 ET,2026-06-05T06:40:00 ET,2026-06-05,Fri,0643ET,AGGREGATE,30227.25,740.61,30238.0,NEAR_FLIP,EXPANSION,,26.066512624330525,,,,,,28447.35,697.0,-1779.9000000000015,-5.8883954048085805,-1429380.8900000001,2779503.5500000003,10253781.15,16713864.8,32901537.07,110.678625,3199.38,2034,494,1540,84.03,2.408088592634538,PUT WALL + VOL SENSITIVE
2026-06-05T06:43:09 ET,2026-06-05T06:40:00 ET,2026-06-05,Fri,0643ET,AGGREGATE,30227.25,740.61,30238.0,NEAR_FLIP,EXPANSION,,26.066512624330525,,,,,,28448.53,697.0,-1778.7200000000012,-5.884491642474924,-365243.25,367091.17,7278849.180000001,332871.66000000003,-358578.12,-0.99593,1026.5700000000002,343,1,342,30.630845481049565,0.5304527603506383,PUT WALL + VOL SENSITIVE
2026-06-05T06:43:09 ET,2026-06-05T06:40:00 ET,2026-06-05,Fri,0643ET,AGGREGATE,30227.25,740.61,30238.0,NEAR_FLIP,EXPANSION,,26.066512624330525,,,,,,28488.17,698.0,-1739.0800000000017,-5.7533516942494,-1984805.8899999997,2379558.67,14315503.030000001,13974228.709999999,7537637.85,25.610951,2660.65,1724,143,1581,81.62,2.267956337224031,PUT WALL + VOL SENSITIVE
2026-06-05T06:43:09 ET,2026-06-05T06:40:00 ET,2026-06-05,Fri,0643ET,AGGREGATE,30227.25,740.61,30238.0,NEAR_FLIP,EXPANSION,,26.066512624330525,,,,,,28489.34,698.0,-1737.9099999999999,-5.74948101464738,-342950.11000000004,352053.01,6663415.68,334946.91,-98183.23999999996,-0.20040900000000006,908.01,335,4,331,30.53937313432836,0.49843888544614373,PUT WALL + VOL SENSITIVE
2026-06-05T06:43:09 ET,2026-06-05T06:40:00 ET,2026-06-05,Fri,0643ET,AGGREGATE,30227.25,740.61,30238.0,NEAR_FLIP,EXPANSION,,26.066512624330525,,,,,,28528.98,699.0,-1698.2700000000004,-5.618341066421856,-1701804.4000000001,2519899.04,12336416.72,14444160.66,18570372.759999998,63.820153,2736.46,1805,293,1512,79.26999999999998,2.2585840822464194,PUT WALL + VOL SENSITIVE
2026-06-05T06:43:09 ET,2026-06-05T06:40:00 ET,2026-06-05,Fri,0643ET,AGGREGATE,30227.25,740.61,30238.0,NEAR_FLIP,EXPANSION,,26.066512624330525,,,,,,28530.16,699.0,-1697.0900000000001,-5.614437304088199,-1191611.45,1191611.45,24284376.520000003,867642.9600000001,-1481426.98,-4.98975,3640.7400000000002,876,0,876,28.481598173515984,1.6123728547755007,PUT WALL + VOL SENSITIVE
2026-06-05T06:43:09 ET,2026-06-05T06:40:00 ET,2026-06-05,Fri,0643ET,AGGREGATE,30227.25,740.61,30238.0,NEAR_FLIP,EXPANSION,,26.066512624330525,,,,,,28569.79,700.0,-1657.4599999999991,-5.483330438594312,-30706222.53,38331865.11,223625224.32000002,214334063.92999998,153585047.39000002,534.695813,40420.369999999995,27104,2696,24408,76.98,35.44305662404975,PUT WALL + VOL SENSITIVE
2026-06-05T06:43:09 ET,2026-06-05T06:40:00 ET,2026-06-05,Fri,0643ET,AGGREGATE,30227.25,740.61,30238.0,NEAR_FLIP,EXPANSION,,26.066512624330525,,,,,,28570.98,700.0,-1656.2700000000004,-5.47939359352902,-1749365.35,1906428.6099999999,34393848.25,1505041.81,2331246.329999999,6.757790999999999,5358.19,1435,62,1373,28.83942160278745,2.4062889556780114,PUT WALL + VOL SENSITIVE
2026-06-05T06:43:09 ET,2026-06-05T06:40:00 ET,2026-06-05,Fri,0643ET,AGGREGATE,30227.25,740.61,30238.0,NEAR_FLIP,EXPANSION,,26.066512624330525,,,,,,28610.61,701.0,-1616.6399999999994,-5.3482867280351325,-3872025.7099999995,5370318.83,28317600.18,29274213.799999997,32409034.470000003,114.496883,5497.94,3742,522,3220,74.73,4.7782848682155095,PUT WALL + VOL SENSITIVE
2026-06-05T06:43:09 ET,2026-06-05T06:40:00 ET,2026-06-05,Fri,0643ET,AGGREGATE,30227.25,740.61,30238.0,NEAR_FLIP,EXPANSION,,26.066512624330525,,,,,,28611.79,701.0,-1615.4599999999991,-5.344382965701476,-567110.68,567110.68,11103733.83,427703.55,-672910.38,-2.412691,1592.1499999999999,398,0,398,28.257537688442213,0.7381027930369389,PUT WALL + VOL SENSITIVE
2026-06-05T06:43:09 ET,2026-06-05T06:40:00 ET,2026-06-05,Fri,0643ET,AGGREGATE,30227.25,740.61,30238.0,NEAR_FLIP,EXPANSION,,26.066512624330525,,,,,,28651.42,702.0,-1575.8300000000017,-5.2132761002076,-1966915.52,2880334.7399999998,14438424.409999998,15296794.540000001,19934666.02,71.603798,2862.3900000000003,1974,313,1661,72.55,2.496422883866813,PUT WALL + VOL SENSITIVE
2026-06-05T06:43:09 ET,2026-06-05T06:40:00 ET,2026-06-05,Fri,0643ET,AGGREGATE,30227.25,740.61,30238.0,NEAR_FLIP,EXPANSION,,26.066512624330525,,,,,,28652.61,702.0,-1574.6399999999994,-5.209339255142295,-1202847.1199999999,1214112.36,22580503.94,1024690.35,-1036568.76,-3.471607,2996.78,900,4,896,28.616400000000002,1.5602467894392598,PUT WALL + VOL SENSITIVE
2026-06-05T06:43:09 ET,2026-06-05T06:40:00 ET,2026-06-05,Fri,0643ET,AGGREGATE,30227.25,740.61,30238.0,NEAR_FLIP,EXPANSION,,26.066512624330525,,,,,,28692.24,703.0,-1535.0099999999984,-5.078232389648408,-1571398.67,2356354.67,11572046.74,12183561.8,16979794.0,62.14055,2272.7200000000003,1585,264,1321,70.41,2.0020024875452758,PUT WALL + VOL SENSITIVE
2026-06-05T06:43:09 ET,2026-06-05T06:40:00 ET,2026-06-05,Fri,0643ET,AGGREGATE,30227.25,740.61,30238.0,NEAR_FLIP,EXPANSION,,26.066512624330525,,,,,,28693.42,703.0,-1533.8300000000017,-5.074328627314763,-652520.5499999999,1291279.81,12287820.510000002,926591.93,14480592.19,52.067406,3519.04,809,216,593,27.46599505562423,1.0743999448333537,PUT WALL + VOL SENSITIVE
2026-06-05T06:43:09 ET,2026-06-05T06:40:00 ET,2026-06-05,Fri,0643ET,AGGREGATE,30227.25,740.61,30238.0,NEAR_FLIP,EXPANSION,,26.066512624330525,,,,,,28733.05,704.0,-1494.2000000000007,-4.943221761820876,-1953949.6599999997,3329457.36,14427158.100000001,16748322.92,30028444.73,112.227412,3116.25,2193,453,1740,68.33,2.7041339655655,PUT WALL + VOL SENSITIVE
2026-06-05T06:43:09 ET,2026-06-05T06:40:00 ET,2026-06-05,Fri,0643ET,AGGREGATE,30227.25,740.61,30238.0,NEAR_FLIP,EXPANSION,,26.066512624330525,,,,,,28734.24,704.0,-1493.0099999999984,-4.939284916755572,-1703318.0799999998,1724955.2999999998,32734935.28,1124739.61,-1460379.8800000001,-7.09437,4819.92,972,8,964,26.540380658436213,2.062107615893859,PUT WALL + VOL SENSITIVE
2026-06-05T06:43:09 ET,2026-06-05T06:40:00 ET,2026-06-05,Fri,0643ET,AGGREGATE,30227.25,740.61,30238.0,NEAR_FLIP,EXPANSION,,26.066512624330525,,,,,,28773.86,705.0,-1453.3899999999994,-4.808211133993332,-9034185.62,15304644.12,66839353.03999999,74843904.10000001,133695225.85000001,511.576502,13898.82,9846,2017,7829,66.29,12.235757068324515,PUT WALL + VOL SENSITIVE
2026-06-05T06:43:09 ET,2026-06-05T06:40:00 ET,2026-06-05,Fri,0643ET,AGGREGATE,30227.25,740.61,30238.0,NEAR_FLIP,EXPANSION,,26.066512624330525,,,,,,28775.05,705.0,-1452.2000000000007,-4.804274288928039,-14047507.16,14126598.540000001,255373453.48000002,11296707.149999999,-12896909.6,-49.169938,32009.59,9097,24,9073,27.18639661426844,17.074563190331634,PUT WALL + VOL SENSITIVE
2026-06-05T06:43:09 ET,2026-06-05T06:40:00 ET,2026-06-05,Fri,0643ET,AGGREGATE,30227.25,740.61,30238.0,NEAR_FLIP,EXPANSION,,26.066512624330525,,,,,,28814.68,706.0,-1412.5699999999997,-4.673167423434152,-1998039.4299999997,3121537.63,14802379.649999999,14828241.94,22967922.48,90.230367,2750.2000000000003,1956,352,1604,64.32,2.49658055347988,PUT WALL + VOL SENSITIVE
2026-06-05T06:43:09 ET,2026-06-05T06:40:00 ET,2026-06-05,Fri,0643ET,AGGREGATE,30227.25,740.61,30238.0,NEAR_FLIP,EXPANSION,,26.066512624330525,,,,,,28815.87,706.0,-1411.380000000001,-4.669230578368859,-1924215.7200000002,1952028.54,35265966.980000004,1278611.74,-1749106.2299999997,-8.637497,5113.26,1002,7,995,26.269600798403193,2.205213711908759,PUT WALL + VOL SENSITIVE
2026-06-05T06:43:09 ET,2026-06-05T06:40:00 ET,2026-06-05,Fri,0643ET,AGGREGATE,30227.25,740.61,30238.0,NEAR_FLIP,EXPANSION,,26.066512624330525,,,,,,28855.49,707.0,-1371.7599999999984,-4.538156795606608,-38786606.599999994,40699559.86,287525257.17,187642449.60000002,3883242.360000007,15.710035000000005,34784.02,24765,582,24183,62.39,35.839148429374134,PUT WALL + VOL SENSITIVE
2026-06-05T06:43:09 ET,2026-06-05T06:40:00 ET,2026-06-05,Fri,0643ET,AGGREGATE,30227.25,740.61,30238.0,NEAR_FLIP,EXPANSION,,26.066512624330525,,,,,,28856.69,707.0,-1370.5600000000013,-4.534186867809679,-695922.09,703625.33,12359236.010000002,504646.17000000004,-605146.54,-2.8479569999999996,1630.63,373,2,371,26.29321715817694,0.7879311162521343,PUT WALL + VOL SENSITIVE
2026-06-05T06:43:09 ET,2026-06-05T06:40:00 ET,2026-06-05,Fri,0643ET,AGGREGATE,30227.25,740.61,30238.0,NEAR_FLIP,EXPANSION,,26.066512624330525,,,,,,28896.31,708.0,-1330.9399999999987,-4.403113085047428,-3438392.9299999997,4233043.75,25484169.189999998,18924518.59,13372085.969999999,55.893451,3509.0899999999997,2493,234,2259,60.519999999999996,3.472922615210383,PUT WALL + VOL SENSITIVE
2026-06-05T06:43:09 ET,2026-06-05T06:40:00 ET,2026-06-05,Fri,0643ET,AGGREGATE,30227.25,740.61,30238.0,NEAR_FLIP,EXPANSION,,26.066512624330525,,,,,,28897.5,708.0,-1329.75,-4.399176239982135,-2161343.41,2183680.0300000003,38416643.269999996,1396771.78,-2072645.1199999999,-11.185295,5361.099999999999,1024,5,1019,25.48904296875,2.370046692199719,PUT WALL + VOL SENSITIVE
2026-06-05T06:43:09 ET,2026-06-05T06:40:00 ET,2026-06-05,Fri,0643ET,AGGREGATE,30227.25,740.61,30238.0,NEAR_FLIP,EXPANSION,,26.066512624330525,,,,,,28937.12,709.0,-1290.130000000001,-4.268102457219896,-1628526.08,3096840.4000000004,12057389.250000002,13412444.93,28072000.22,121.66275000000002,2489.89,1759,417,1342,58.69,2.2131640983432384,PUT WALL + VOL SENSITIVE
2026-06-05T06:43:09 ET,2026-06-05T06:40:00 ET,2026-06-05,Fri,0643ET,AGGREGATE,30227.25,740.61,30238.0,NEAR_FLIP,EXPANSION,,26.066512624330525,,,,,,28938.32,709.0,-1288.9300000000003,-4.264132529422955,-1442160.55,1442160.55,24878392.71,961802.98,-1540192.56,-8.427056,3268.7799999999997,658,0,658,25.451671732522797,1.5373623450550666,PUT WALL + VOL SENSITIVE
2026-06-05T06:43:09 ET,2026-06-05T06:40:00 ET,2026-06-05,Fri,0643ET,AGGREGATE,30227.25,740.61,30238.0,NEAR_FLIP,EXPANSION,,26.066512624330525,,,,,,28977.93,710.0,-1249.3199999999997,-4.1330918293923515,-2559966.2200000007,24538659.78,18915810.799999997,102852996.07,422501565.82000005,1905.888268,19133.97,13391,5997,7394,56.919999999999995,13.914626231473475,PUT WALL + VOL SENSITIVE
2026-06-05T06:43:09 ET,2026-06-05T06:40:00 ET,2026-06-05,Fri,0643ET,AGGREGATE,30227.25,740.61,30238.0,NEAR_FLIP,EXPANSION,,26.066512624330525,,,,,,28979.13,710.0,-1248.119999999999,-4.129121901595411,-5246043.62,5394170.56,90701756.45,3345342.76,-3464024.47,-20.522641,12327.69,2297,31,2266,24.58502829777971,5.536160613889,PUT WALL + VOL SENSITIVE
2026-06-05T06:43:09 ET,2026-06-05T06:40:00 ET,2026-06-05,Fri,0643ET,AGGREGATE,30227.25,740.61,30238.0,NEAR_FLIP,EXPANSION,,26.066512624330525,,,,,,29018.75,711.0,-1208.5,-3.9980481188331725,-4311117.45,5789623.31,32613342.099999998,23464433.61,23789755.92,113.47622700000001,4293.15,3213,386,2827,54.11776844070962,4.448865553281476,PUT WALL + VOL SENSITIVE
2026-06-05T06:43:09 ET,2026-06-05T06:40:00 ET,2026-06-05,Fri,0643ET,AGGREGATE,30227.25,740.61,30238.0,NEAR_FLIP,EXPANSION,,26.066512624330525,,,,,,29019.95,711.0,-1207.2999999999993,-3.9940781910362313,-1216320.96,1243178.92,20495393.15,748660.7899999999,-891307.19,-6.134582,2804.34,485,6,479,24.39455670103093,1.2340672262575496,PUT WALL + VOL SENSITIVE
2026-06-05T06:43:09 ET,2026-06-05T06:40:00 ET,2026-06-05,Fri,0643ET,AGGREGATE,30227.25,740.61,30238.0,NEAR_FLIP,EXPANSION,,26.066512624330525,,,,,,29059.56,712.0,-1167.6899999999987,-3.8630374910056284,-3314000.7300000004,4721265.75,25207337.78,18477609.830000002,22151322.4,111.00261499999999,3376.21,2540,350,2190,52.18496062992126,3.4986098110736212,PUT WALL + VOL SENSITIVE
2026-06-05T06:43:09 ET,2026-06-05T06:40:00 ET,2026-06-05,Fri,0643ET,AGGREGATE,30227.25,740.61,30238.0,NEAR_FLIP,EXPANSION,,26.066512624330525,,,,,,29060.76,712.0,-1166.4900000000016,-3.8590675632086993,-3056950.88,3129781.7199999997,49890919.78,1918016.1,-2156155.8200000003,-15.285378999999999,6643.67,1166,15,1151,24.27741852487135,3.006736929868116,PUT WALL + VOL SENSITIVE
2026-06-05T06:43:09 ET,2026-06-05T06:40:00 ET,2026-06-05,Fri,0643ET,AGGREGATE,30227.25,740.61,30238.0,NEAR_FLIP,EXPANSION,,26.066512624330525,,,,,,29100.38,713.0,-1126.869999999999,-3.727993780446448,-3628101.27,6057833.390000001,27008236.130000003,22862187.65,37615722.04000001,197.194165,4257.24,2961,573,2388,51.29900709219858,4.06580930055952,PUT WALL + VOL SENSITIVE
2026-06-05T06:43:09 ET,2026-06-05T06:40:00 ET,2026-06-05,Fri,0643ET,AGGREGATE,30227.25,740.61,30238.0,NEAR_FLIP,EXPANSION,,26.066512624330525,,,,,,29101.58,713.0,-1125.6699999999983,-3.7240238526495073,-2270906.3200000003,2297292.68,36370225.39,1364721.84,-2006321.64,-14.668377,4762.65,796,5,791,23.869962311557785,2.1652350476133377,PUT WALL + VOL SENSITIVE
2026-06-05T06:43:09 ET,2026-06-05T06:40:00 ET,2026-06-05,Fri,0643ET,AGGREGATE,30227.25,740.61,30238.0,NEAR_FLIP,EXPANSION,,26.066512624330525,,,,,,29141.19,714.0,-1086.0600000000013,-3.5929831526189164,-6123538.23,7431311.77,45163787.019999996,27012717.94,15809976.28,88.75025,5052.719999999999,3449,291,3158,49.63581037982024,5.342248482839071,PUT WALL + VOL SENSITIVE
2026-06-05T06:43:09 ET,2026-06-05T06:40:00 ET,2026-06-05,Fri,0643ET,AGGREGATE,30227.25,740.61,30238.0,NEAR_FLIP,EXPANSION,,26.066512624330525,,,,,,29142.39,714.0,-1084.8600000000006,-3.5890132248219757,-4172306.53,4205300.01,66363130.559999995,2189064.09,-4241208.300000001,-35.02982,9353.49,1272,5,1267,23.209787735849055,3.846234938684713,PUT WALL + VOL SENSITIVE
2026-06-05T06:43:09 ET,2026-06-05T06:40:00 ET,2026-06-05,Fri,0643ET,AGGREGATE,30227.25,740.61,30238.0,NEAR_FLIP,EXPANSION,,26.066512624330525,,,,,,29182.0,715.0,-1045.25,-3.4579725247913724,-21095624.76,36272565.58,155182482.77,126808856.2,207374535.14000002,1228.037393,23942.39,15748,3170,12578,48.17506223012446,22.553272700036466,PUT WALL + VOL SENSITIVE
2026-06-05T06:43:09 ET,2026-06-05T06:40:00 ET,2026-06-05,Fri,0643ET,AGGREGATE,30227.25,740.61,30238.0,NEAR_FLIP,EXPANSION,,26.066512624330525,,,,,,29183.21,715.0,-1044.0400000000009,-3.4539695142627953,-9513183.07,9684374.41,145563673.14,5101099.67,-8582829.39,-75.823973,20438.809999999998,2761,25,2736,23.169003984063743,8.453912219573203,PUT WALL + VOL SENSITIVE
2026-06-05T06:43:09 ET,2026-06-05T06:40:00 ET,2026-06-05,Fri,0643ET,AGGREGATE,30227.25,740.61,30238.0,NEAR_FLIP,EXPANSION,,26.066512624330525,,,,,,29222.82,716.0,-1004.4300000000003,-3.322928814232192,-9457052.8,11410877.02,68215355.03,38307530.74,19759454.74,126.315172,7323.19,4588,381,4207,46.84733435047951,7.628499186147283,PUT WALL + VOL SENSITIVE
2026-06-05T06:43:09 ET,2026-06-05T06:40:00 ET,2026-06-05,Fri,0643ET,AGGREGATE,30227.25,740.61,30238.0,NEAR_FLIP,EXPANSION,,26.066512624330525,,,,,,29224.03,716.0,-1003.2200000000012,-3.318925803703616,-6292719.5,6435543.74,94853468.30000001,3197048.0599999996,-5454677.050000001,-52.618859,13489.42,1693,20,1673,22.620253987005313,5.452095309867652,PUT WALL + VOL SENSITIVE
2026-06-05T06:43:09 ET,2026-06-05T06:40:00 ET,2026-06-05,Fri,0643ET,AGGREGATE,30227.25,740.61,30238.0,NEAR_FLIP,EXPANSION,,26.066512624330525,,,,,,29263.63,717.0,-963.619999999999,-3.187918186404648,-6324037.67,8052970.369999999,44879132.22,25916920.97,17297394.689999998,118.316991,5034.71,2969,313,2656,45.636897945436175,5.050505970231886,PUT WALL + VOL SENSITIVE
2026-06-05T06:43:09 ET,2026-06-05T06:40:00 ET,2026-06-05,Fri,0643ET,AGGREGATE,30227.25,740.61,30238.0,NEAR_FLIP,EXPANSION,,26.066512624330525,,,,,,29264.84,717.0,-962.4099999999999,-3.1839151758760718,-2354851.5300000003,2473095.99,34209006.800000004,1176968.7000000002,-1606875.9300000002,-17.435465,5161.08,595,15,580,22.4621512605042,1.962105538414372,PUT WALL + VOL SENSITIVE
2026-06-05T06:43:09 ET,2026-06-05T06:40:00 ET,2026-06-05,Fri,0643ET,AGGREGATE,30227.25,740.61,30238.0,NEAR_FLIP,EXPANSION,,26.066512624330525,,,,,,29304.45,718.0,-922.7999999999993,-3.052874475845468,-13766553.81,16932262.63,96072123.04,52146407.489999995,27005050.080000002,199.93050799999997,10294.880000000001,5724,529,5195,44.38033193570929,10.301361767730207,PUT WALL + VOL SENSITIVE
2026-06-05T06:43:09 ET,2026-06-05T06:40:00 ET,2026-06-05,Fri,0643ET,AGGREGATE,30227.25,740.61,30238.0,NEAR_FLIP,EXPANSION,,26.066512624330525,,,,,,29305.66,718.0,-921.5900000000001,-3.048871465316892,-6535657.33,7131348.069999999,92958619.16000001,3389488.0300000003,-2434558.9300000006,-26.572267,13869.400000000001,1635,68,1567,21.962544342507645,5.344905796535832,PUT WALL + VOL SENSITIVE
2026-06-05T06:43:09 ET,2026-06-05T06:40:00 ET,2026-06-05,Fri,0643ET,AGGREGATE,30227.25,740.61,30238.0,NEAR_FLIP,EXPANSION,,26.066512624330525,,,,,,29345.26,719.0,-881.9900000000016,-2.917863848017936,-7917584.79,9697981.69,54271536.64,28524375.169999998,13353009.629999999,107.55083300000001,5732.1900000000005,2994,273,2721,43.15185370741483,5.652074711373662,PUT WALL + VOL SENSITIVE
2026-06-05T06:43:09 ET,2026-06-05T06:40:00 ET,2026-06-05,Fri,0643ET,AGGREGATE,30227.25,740.61,30238.0,NEAR_FLIP,EXPANSION,,26.066512624330525,,,,,,29346.47,719.0,-880.7799999999988,-2.9138608374893478,-3134837.0400000005,3515841.78,42646187.89,1554511.63,-1121814.25,-11.99906,7014.530000000001,722,37,685,21.88826869806094,2.4438548366685087,PUT WALL + VOL SENSITIVE
2026-06-05T06:43:09 ET,2026-06-05T06:40:00 ET,2026-06-05,Fri,0643ET,AGGREGATE,30227.25,740.61,30238.0,NEAR_FLIP,EXPANSION,,26.066512624330525,,,,,,29386.07,720.0,-841.1800000000003,-2.782853220190392,-27551149.15,52424092.410000004,183866887.57,146938887.85,220810903.81,1941.0612419999998,30242.649999999998,14574,3479,11095,42.11419308357349,24.798245709548077,PUT WALL + VOL SENSITIVE
2026-06-05T06:43:09 ET,2026-06-05T06:40:00 ET,2026-06-05,Fri,0643ET,AGGREGATE,30227.25,740.61,30238.0,NEAR_FLIP,EXPANSION,,26.066512624330525,,,,,,29387.29,720.0,-839.9599999999991,-2.778817126930168,-33840810.89,35100993.99,446515051.78,14292801.040000001,-30928067.16,-417.23879999999997,71547.31,6551,122,6429,21.580961685238897,25.208815277803932,PUT WALL + VOL SENSITIVE
2026-06-05T06:43:09 ET,2026-06-05T06:40:00 ET,2026-06-05,Fri,0643ET,AGGREGATE,30227.25,740.61,30238.0,NEAR_FLIP,EXPANSION,,26.066512624330525,,,,,,29426.89,721.0,-800.3600000000006,-2.647809509631212,-5203929.779999999,15445586.1,33997209.71,41159538.269999996,85519871.46000001,829.47801,8644.83,3902,1299,2603,40.86005125576627,6.15784025934621,PUT WALL + VOL SENSITIVE
2026-06-05T06:43:09 ET,2026-06-05T06:40:00 ET,2026-06-05,Fri,0643ET,AGGREGATE,30227.25,740.61,30238.0,NEAR_FLIP,EXPANSION,,26.066512624330525,,,,,,29428.1,721.0,-799.1500000000015,-2.6438064991026358,-5558187.9399999995,6109330.140000001,70366774.03999999,2366025.37,-3638351.91,-51.45251999999999,12307.6,1050,46,1004,21.351361904761905,3.989928902120369,PUT WALL + VOL SENSITIVE
2026-06-05T06:43:09 ET,2026-06-05T06:40:00 ET,2026-06-05,Fri,0643ET,AGGREGATE,30227.25,740.61,30238.0,NEAR_FLIP,EXPANSION,,26.066512624330525,,,,,,29467.7,722.0,-759.5499999999993,-2.512798881803668,-20794775.57,25289819.83,131870910.60999998,63899527.54,20558943.48,217.673868,13853.779999999999,5675,514,5161,39.99195947136565,12.68450598806333,PUT WALL + VOL SENSITIVE
2026-06-05T06:43:09 ET,2026-06-05T06:40:00 ET,2026-06-05,Fri,0643ET,AGGREGATE,30227.25,740.61,30238.0,NEAR_FLIP,EXPANSION,,26.066512624330525,,,,,,29468.92,722.0,-758.3300000000017,-2.508762788543456,-25938236.57,26179826.189999998,317894980.37,10370104.040000001,-26955222.88,-409.257564,47635.81,4251,19,4232,20.98276405551635,17.908647861492682,PUT WALL + VOL SENSITIVE
2026-06-05T06:43:09 ET,2026-06-05T06:40:00 ET,2026-06-05,Fri,0643ET,AGGREGATE,30227.25,740.61,30238.0,NEAR_FLIP,EXPANSION,,26.066512624330525,,,,,,29508.52,723.0,-718.7299999999996,-2.377755171244488,-12251972.399999999,15422216.98,75500207.36,36841710.370000005,13479613.37,159.369399,8217.15,3102,325,2777,38.89285299806576,7.234611606889654,PUT WALL + VOL SENSITIVE
2026-06-05T06:43:09 ET,2026-06-05T06:40:00 ET,2026-06-05,Fri,0643ET,AGGREGATE,30227.25,740.61,30238.0,NEAR_FLIP,EXPANSION,,26.066512624330525,,,,,,29509.74,723.0,-717.5099999999984,-2.373719077984264,-9515442.819999998,9926548.52,111382683.33,3618121.43,-8905386.93,-149.363535,18432.079999999998,1470,31,1439,20.76981632653061,6.291562650072152,PUT WALL + VOL SENSITIVE
2026-06-05T06:43:09 ET,2026-06-05T06:40:00 ET,2026-06-05,Fri,0643ET,AGGREGATE,30227.25,740.61,30238.0,NEAR_FLIP,EXPANSION,,26.066512624330525,,,,,,29549.33,724.0,-677.9199999999983,-2.242744543416944,-15406664.05,29494648.59,91208765.69,66398344.29,75236788.56,1007.541046,15296.650000000001,5290,1288,4002,37.85878260869565,11.087898370542792,PUT WALL + VOL SENSITIVE
2026-06-05T06:43:09 ET,2026-06-05T06:40:00 ET,2026-06-05,Fri,0643ET,AGGREGATE,30227.25,740.61,30238.0,NEAR_FLIP,EXPANSION,,26.066512624330525,,,,,,29550.55,724.0,-676.7000000000007,-2.238708450156732,-5498994.66,6061220.9,61454395.580000006,2052606.69,-4194903.84,-75.71223599999999,11271.45,826,38,788,20.494309927360778,3.4914623469822637,PUT WALL + VOL SENSITIVE
2026-06-05T06:43:09 ET,2026-06-05T06:40:00 ET,2026-06-05,Fri,0643ET,AGGREGATE,30227.25,740.61,30238.0,NEAR_FLIP,EXPANSION,,26.066512624330525,,,,,,29590.14,725.0,-637.1100000000006,-2.107733915589412,-57203490.95,93829488.95,325630355.69,198319657.95,155767564.29,2339.0014949999995,47548.4,14870,2972,11898,36.99209952925353,35.033560487467135,PUT WALL + VOL SENSITIVE
2026-06-05T06:43:09 ET,2026-06-05T06:40:00 ET,2026-06-05,Fri,0643ET,AGGREGATE,30227.25,740.61,30238.0,NEAR_FLIP,EXPANSION,,26.066512624330525,,,,,,29591.37,725.0,-635.880000000001,-2.103664739597552,-39827350.67,41931388.650000006,422709725.84999996,13507457.240000002,-39050317.29,-766.303454,76029.62000000001,5275,133,5142,20.306684360189575,24.05032782750918,PUT WALL + VOL SENSITIVE
2026-06-05T06:43:09 ET,2026-06-05T06:40:00 ET,2026-06-05,Fri,0643ET,AGGREGATE,30227.25,740.61,30238.0,NEAR_FLIP,EXPANSION,,26.066512624330525,,,,,,29630.96,726.0,-596.2900000000009,-1.9726902050302322,-19623100.04,26525074.36,107390874.77,52419312.16,18386185.72,307.55958799999996,13125.56,3711,495,3216,36.12195634599838,10.084449155935847,PUT WALL + VOL SENSITIVE
2026-06-05T06:43:09 ET,2026-06-05T06:40:00 ET,2026-06-05,Fri,0643ET,AGGREGATE,30227.25,740.61,30238.0,NEAR_FLIP,EXPANSION,,26.066512624330525,,,,,,29632.18,726.0,-595.0699999999997,-1.9686541117700078,-3519611.3,6363310.88,35127782.23,1802621.23,4391446.51,93.20758899999998,12047.05,739,165,574,19.927537212449256,2.224621236058037,PUT WALL + VOL SENSITIVE
2026-06-05T06:43:09 ET,2026-06-05T06:40:00 ET,2026-06-05,Fri,0643ET,AGGREGATE,30227.25,740.61,30238.0,NEAR_FLIP,EXPANSION,,26.066512624330525,,,,,,29671.77,727.0,-555.4799999999996,-1.8376795772026882,-21460634.910000004,52899136.63,110870292.17000002,97286629.28999999,110772966.13,2146.00881,25394.39,6571,1986,4585,35.04123268908842,15.023281798656363,PUT WALL + VOL SENSITIVE
2026-06-05T06:43:09 ET,2026-06-05T06:40:00 ET,2026-06-05,Fri,0643ET,AGGREGATE,30227.25,740.61,30238.0,NEAR_FLIP,EXPANSION,,26.066512624330525,,,,,,29673.0,727.0,-554.25,-1.8336104012108279,-4268367.49,7361832.57,39995955.230000004,2025953.47,3413482.3100000005,77.44475800000001,13187.439999999999,793,167,626,19.7440605296343,2.5008884111408194,PUT WALL + VOL SENSITIVE
2026-06-05T06:43:09 ET,2026-06-05T06:40:00 ET,2026-06-05,Fri,0643ET,AGGREGATE,30227.25,740.61,30238.0,NEAR_FLIP,EXPANSION,,26.066512624330525,,,,,,29712.59,728.0,-514.6599999999999,-1.7026358666435082,-16625055.409999996,61252732.97,79838475.99000001,104255460.67,141090130.16,3115.0936030000003,28670.58,6704,2477,4227,34.16855161097852,14.456330817150187,PUT WALL + VOL SENSITIVE
2026-06-05T06:43:09 ET,2026-06-05T06:40:00 ET,2026-06-05,Fri,0643ET,AGGREGATE,30227.25,740.61,30238.0,NEAR_FLIP,EXPANSION,,26.066512624330525,,,,,,29713.81,728.0,-513.4399999999987,-1.698599773383284,-3520739.0499999993,19719334.59,28972181.479999997,5187385.95,36097256.690000005,896.4308060000001,33323.75,1966,805,1161,19.33941505595117,3.326442623861153,PUT WALL + VOL SENSITIVE
2026-06-05T06:43:09 ET,2026-06-05T06:40:00 ET,2026-06-05,Fri,0643ET,AGGREGATE,30227.25,740.61,30238.0,NEAR_FLIP,EXPANSION,,26.066512624330525,,,,,,29753.4,729.0,-473.84999999999854,-1.5676252388159642,-53454575.25,91237144.65,246878652.40000004,142790612.99,71645409.16,1783.7769259999998,41995.99,8744,1840,6904,33.6011527904849,25.43482871573356,PUT WALL + VOL SENSITIVE
2026-06-05T06:43:09 ET,2026-06-05T06:40:00 ET,2026-06-05,Fri,0643ET,AGGREGATE,30227.25,740.61,30238.0,NEAR_FLIP,EXPANSION,,26.066512624330525,,,,,,29754.63,729.0,-472.619999999999,-1.5635560628241039,-8313988.88,9369266.96,68495061.88,2095667.25,-8835224.93,-229.75018299999996,17289.32,880,49,831,19.49115909090909,4.08496113708894,PUT WALL + VOL SENSITIVE
2026-06-05T06:43:09 ET,2026-06-05T06:40:00 ET,2026-06-05,Fri,0643ET,AGGREGATE,30227.25,740.61,30238.0,NEAR_FLIP,EXPANSION,,26.066512624330525,,,,,,29794.21,730.0,-433.0400000000009,-1.4326146109884321,-155630534.59,286043743.23,670010725.5799999,408564680.82,206864745.58999997,5891.417309,128558.14,24170,5572,18598,32.80793959453868,71.4642197113487,PUT WALL + VOL SENSITIVE
2026-06-05T06:43:09 ET,2026-06-05T06:40:00 ET,2026-06-05,Fri,0643ET,AGGREGATE,30227.25,740.61,30238.0,NEAR_FLIP,EXPANSION,,26.066512624330525,,,,,,29795.45,730.0,-431.7999999999993,-1.4285123522649241,-118008356.71000001,129249270.50999999,904668335.05,29194561.29,-125512809.12,-3592.1277750000004,208944.21,11095,481,10614,19.14423253717891,54.581334239260734,PUT WALL + VOL SENSITIVE
2026-06-05T06:43:09 ET,2026-06-05T06:40:00 ET,2026-06-05,Fri,0643ET,AGGREGATE,30227.25,740.61,30238.0,NEAR_FLIP,EXPANSION,,26.066512624330525,,,,,,29835.03,731.0,-392.22000000000116,-1.2975709004292524,-52455202.06999999,68146913.75,211183858.18,88026956.83,-6671591.089999996,-230.49686199999996,30027.91,5080,589,4491,32.16173622047244,18.52628719250389,PUT WALL + VOL SENSITIVE
2026-06-05T06:43:09 ET,2026-06-05T06:40:00 ET,2026-06-05,Fri,0643ET,AGGREGATE,30227.25,740.61,30238.0,NEAR_FLIP,EXPANSION,,26.066512624330525,,,,,,29836.26,731.0,-390.9900000000016,-1.293501724437392,-10952014.350000001,14772647.61,76490583.97,2850493.77,-8106478.509999999,-249.03783799999997,25177.539999999997,1203,158,1045,18.981072319201996,4.796188692282128,PUT WALL + VOL SENSITIVE
2026-06-05T06:43:09 ET,2026-06-05T06:40:00 ET,2026-06-05,Fri,0643ET,AGGREGATE,30227.25,740.61,30238.0,NEAR_FLIP,EXPANSION,,26.066512624330525,,,,,,29875.84,732.0,-351.40999999999985,-1.1625602726017081,-241185479.55999997,255728260.78,890570455.62,295432398.31,-159413886.19,-5943.295566,110752.73,16891,481,16410,31.61924516014446,76.9648983039154,PUT WALL + VOL SENSITIVE
2026-06-05T06:43:09 ET,2026-06-05T06:40:00 ET,2026-06-05,Fri,0643ET,AGGREGATE,30227.25,740.61,30238.0,NEAR_FLIP,EXPANSION,,26.066512624330525,,,,,,29877.08,732.0,-350.16999999999825,-1.1584580138782001,-9859723.73,16528509.11,62237900.529999994,2905807.16,-3572286.1700000013,-114.46358600000002,27056.449999999997,1254,253,1001,18.696682615629985,4.074465047956748,PUT WALL + VOL SENSITIVE
2026-06-05T06:43:09 ET,2026-06-05T06:40:00 ET,2026-06-05,Fri,0643ET,AGGREGATE,30227.25,740.61,30238.0,NEAR_FLIP,EXPANSION,,26.066512624330525,,,,,,29916.66,733.0,-310.59000000000015,-1.0275165620425284,-87718387.80999999,143416138.32999998,288690544.49,146152550.71,8709031.539999992,386.73401800000056,60545.07000000001,8436,1631,6805,30.817328117591273,28.197882492975552,PUT WALL + VOL SENSITIVE
2026-06-05T06:43:09 ET,2026-06-05T06:40:00 ET,2026-06-05,Fri,0643ET,AGGREGATE,30227.25,740.61,30238.0,NEAR_FLIP,EXPANSION,,26.066512624330525,,,,,,29917.89,733.0,-309.3600000000006,-1.023447386050668,-9333556.85,17030777.47,51971171.20999999,2388054.31,-5352455.040000001,-144.697222,30706.76,1266,274,992,18.68641390205371,3.6182918853295734,PUT WALL + VOL SENSITIVE
2026-06-05T06:43:09 ET,2026-06-05T06:40:00 ET,2026-06-05,Fri,0643ET,AGGREGATE,30227.25,740.61,30238.0,NEAR_FLIP,EXPANSION,,26.066512624330525,,,,,,29957.47,734.0,-269.77999999999884,-0.8925059342149843,-67836860.37,159526341.37,193153469.31,140860564.62,47672651.91000001,2310.1329800000003,66061.23,8411,2393,6018,30.2315194388301,24.0976159885462,PUT WALL + VOL SENSITIVE
2026-06-05T06:43:09 ET,2026-06-05T06:40:00 ET,2026-06-05,Fri,0643ET,AGGREGATE,30227.25,740.61,30238.0,NEAR_FLIP,EXPANSION,,26.066512624330525,,,,,,29958.71,734.0,-268.5400000000009,-0.8884036754914882,-7997294.210000001,29115596.55,37463110.019999996,3445128.99,6948029.289999999,347.89569900000015,52761.59,2070,711,1359,18.476265700483093,3.5574406582063482,PUT WALL + VOL SENSITIVE
2026-06-05T06:43:09 ET,2026-06-05T06:40:00 ET,2026-06-05,Fri,0643ET,AGGREGATE,30227.25,740.61,30238.0,NEAR_FLIP,EXPANSION,,26.066512624330525,,,,,,29998.28,735.0,-228.97000000000116,-0.7574953063874522,-38828089.44,386101679.4,81211404.97999996,288488118.74,279849776.81,14863.3281,155534.41999999998,18312,8148,10164,29.412752293577984,37.78958645439401,PUT WALL + VOL SENSITIVE
2026-06-05T06:43:09 ET,2026-06-05T06:40:00 ET,2026-06-05,Fri,0643ET,AGGREGATE,30227.25,740.61,30238.0,NEAR_FLIP,EXPANSION,,26.066512624330525,,,,,,29999.52,735.0,-227.72999999999956,-0.7533930476639442,-23975628.17,54870145.69,101358209.6,5765212.869999999,-11897455.359999996,-361.9672189999999,92751.07,3634,997,2637,18.22302421574023,8.134976431023825,PUT WALL + VOL SENSITIVE
2026-06-05T06:43:09 ET,2026-06-05T06:40:00 ET,2026-06-05,Fri,0643ET,AGGREGATE,30227.25,740.61,30238.0,NEAR_FLIP,EXPANSION,,26.066512624330525,,,,,,30039.1,736.0,-188.15000000000146,-0.6224515958282724,-67339850.60999998,290052083.97,132189475.86999997,177327461.07,93887525.5,5678.633050999999,115405.89,12583,4748,7835,29.05210522133037,27.600814084348514,PUT WALL
2026-06-05T06:43:09 ET,2026-06-05T06:40:00 ET,2026-06-05,Fri,0643ET,AGGREGATE,30227.25,740.61,30238.0,NEAR_FLIP,EXPANSION,,26.066512624330525,,,,,,30040.34,736.0,-186.90999999999985,-0.6183493371047643,-70003318.55,101375326.27,252144472.64999998,9166604.67,-85012040.26,-3442.010493999999,158272.53,6248,985,5263,18.027768886043535,20.785278324772115,PUT WALL + VOL SENSITIVE
2026-06-05T06:43:09 ET,2026-06-05T06:40:00 ET,2026-06-05,Fri,0643ET,AGGREGATE,30227.25,740.61,30238.0,NEAR_FLIP,EXPANSION,,26.066512624330525,,,,,,30079.91,737.0,-147.34000000000015,-0.4874409680007283,-26426108.33,190352422.69,37647376.06999999,90563604.52000001,58702036.56,3918.7167740000004,74536.97,7627,3216,4411,28.59497574406713,13.731503764596301,PUT WALL
2026-06-05T06:43:09 ET,2026-06-05T06:40:00 ET,2026-06-05,Fri,0643ET,AGGREGATE,30227.25,740.61,30238.0,NEAR_FLIP,EXPANSION,,26.066512624330525,,,,,,30081.16,737.0,-146.09000000000015,-0.48330562654558434,-1212004.1800000006,32637407.68,1688708.080000002,1982248.1500000001,14728272.77,628.623185,57076.229999999996,2051,971,1080,17.960546075085325,1.780683375651317,PUT WALL
2026-06-05T06:43:09 ET,2026-06-05T06:40:00 ET,2026-06-05,Fri,0643ET,AGGREGATE,30227.25,740.61,30238.0,NEAR_FLIP,EXPANSION,,26.066512624330525,,,,,,30120.73,738.0,-106.52000000000044,-0.35239725744154843,-8934495.060000002,257616342.52,3657617.0100000203,87685697.08,78688226.48999998,5649.284631,99073.73999999999,9639,4556,5083,28.084991181657852,13.452493719608519,PUT WALL
2026-06-05T06:43:09 ET,2026-06-05T06:40:00 ET,2026-06-05,Fri,0643ET,AGGREGATE,30227.25,740.61,30238.0,NEAR_FLIP,EXPANSION,,26.066512624330525,,,,,,30121.97,738.0,-105.27999999999884,-0.3482949987180403,-9283097.86,43503600.46,19417523.810000002,1854426.62,-5583827.539999999,-79.21055599999977,72996.57,2604,976,1628,17.673122119815666,2.9222259723672104,PUT WALL + VOL SENSITIVE
2026-06-05T06:43:09 ET,2026-06-05T06:40:00 ET,2026-06-05,Fri,0643ET,AGGREGATE,30227.25,740.61,30238.0,NEAR_FLIP,EXPANSION,,26.066512624330525,,,,,,30161.54,739.0,-65.70999999999913,-0.21738662961400435,-23765078.89,216766019.32999998,14413845.49000001,44451540.95,12707525.39,1333.002531,82558.92,7741,3357,4384,27.82021573440124,9.00678100052785,PUT WALL
2026-06-05T06:43:09 ET,2026-06-05T06:40:00 ET,2026-06-05,Fri,0643ET,AGGREGATE,30227.25,740.61,30238.0,NEAR_FLIP,EXPANSION,,26.066512624330525,,,,,,30162.79,739.0,-64.45999999999913,-0.21325128815886038,2884298.370000001,41780515.69,-5076751.110000003,1039414.5,14246030.670000004,777.3015209999999,64643.47,2354,1211,1143,17.499044180118947,2.247993152456303,CALL WALL
2026-06-05T06:43:09 ET,2026-06-05T06:40:00 ET,2026-06-05,Fri,0643ET,AGGREGATE,30227.25,740.61,30238.0,NEAR_FLIP,EXPANSION,,26.066512624330525,,,,,,30202.35,740.0,-24.900000000001455,-0.08237600178647232,-146650613.10000002,515021308.1,40675550.489999995,36003985.95,-155027361.39000002,-9895.111111000002,194903.75,17900,6195,11705,27.645474860335195,28.232765799586335,PUT WALL
2026-06-05T06:43:09 ET,2026-06-05T06:40:00 ET,2026-06-05,Fri,0643ET,AGGREGATE,30227.25,740.61,30238.0,NEAR_FLIP,EXPANSION,,26.066512624330525,,,,,,30203.6,740.0,-23.650000000001455,-0.07824066033132837,-85830688.47,152445162.03,55032064.68,524338.0499999999,-160927232.51999998,-6864.786005,240495.79,8609,1835,6774,17.622886514113137,16.66894063592204,PUT WALL
2026-06-05T06:43:09 ET,2026-06-05T06:40:00 ET,2026-06-05,Fri,0643ET,AGGREGATE,30227.25,740.61,30238.0,NEAR_FLIP,EXPANSION,,26.066512624330525,,,,,,30243.17,741.0,15.919999999998254,0.052667708772707586,12930107.97999999,199989779.84,2920794.879999999,-12911131.3,4106281.5200000107,564.4866559999991,71399.72,6535,3433,3102,26.066512624330525,5.401888970434804,CALL WALL
2026-06-05T06:43:09 ET,2026-06-05T06:40:00 ET,2026-06-05,Fri,0643ET,AGGREGATE,30227.25,740.61,30238.0,NEAR_FLIP,EXPANSION,,26.066512624330525,,,,,,30244.42,741.0,17.169999999998254,0.05680305022785154,16253663.58,53430520.7,1771884.9099999997,-913426.01,29748352.54,1502.3262839999998,82349.96,2886,1838,1048,16.64390505890506,3.657665957627534,CALL WALL
2026-06-05T06:43:09 ET,2026-06-05T06:40:00 ET,2026-06-05,Fri,0643ET,AGGREGATE,30227.25,740.61,30238.0,NEAR_FLIP,EXPANSION,,26.066512624330525,,,,,,30283.98,742.0,56.72999999999956,0.18767833660025163,-3571067.2599999905,408806201.52,1765509.4399999976,-81490225.63,-84445504.79999998,-5760.934407000001,144629.2,13451,6566,6885,25.82948628354769,14.990567817098183,PUT WALL
2026-06-05T06:43:09 ET,2026-06-05T06:40:00 ET,2026-06-05,Fri,0643ET,AGGREGATE,30227.25,740.61,30238.0,NEAR_FLIP,EXPANSION,,26.066512624330525,,,,,,30285.23,742.0,57.97999999999956,0.1918136780553956,-40184181.57,91415070.39,-36678217.77,-3575310.21,-89798784.25999999,-4218.546599,132914.63,4835,1365,3470,16.74241778697001,9.52173609691264,PUT WALL
2026-06-05T06:43:09 ET,2026-06-05T06:40:00 ET,2026-06-05,Fri,0643ET,AGGREGATE,30227.25,740.61,30238.0,NEAR_FLIP,EXPANSION,,26.066512624330525,,,,,,30324.8,743.0,97.54999999999927,0.32272204715943154,156199181.2,315189724.72,201158156.05,-105232172.52,88496637.72,6802.339722999999,109691.28,10593,7862,2731,25.40913999811196,32.280476188979215,CALL WALL
2026-06-05T06:43:09 ET,2026-06-05T06:40:00 ET,2026-06-05,Fri,0643ET,AGGREGATE,30227.25,740.61,30238.0,NEAR_FLIP,EXPANSION,,26.066512624330525,,,,,,30326.05,743.0,98.79999999999927,0.32685738861457553,3929143.7699999968,58414986.07,5908172.509999998,-3321257.83,-3238913.129999999,-318.46852600000034,93376.67,3278,1801,1477,16.889270896888345,2.6408382005575626,CALL WALL
2026-06-05T06:43:09 ET,2026-06-05T06:40:00 ET,2026-06-05,Fri,0643ET,AGGREGATE,30227.25,740.61,30238.0,NEAR_FLIP,EXPANSION,,26.066512624330525,,,,,,30365.61,744.0,138.36000000000058,0.4577326749869756,52709275.010000005,175313247.01,98038528.79,-82112576.91,-16889248.85000001,-1007.7096670000001,61068.07,6245,4030,2215,25.43537229783827,14.709913431099306,CALL WALL
2026-06-05T06:43:09 ET,2026-06-05T06:40:00 ET,2026-06-05,Fri,0643ET,AGGREGATE,30227.25,740.61,30238.0,NEAR_FLIP,EXPANSION,,26.066512624330525,,,,,,30366.87,744.0,139.61999999999898,0.4619010991737554,-18233799.979999997,66595807.62,-43186041.61,-5224052.79,-67539312.11,-2862.454915,102219.49,3706,1304,2402,16.663653534808418,7.0597905372834004,PUT WALL + VOL SENSITIVE
2026-06-05T06:43:09 ET,2026-06-05T06:40:00 ET,2026-06-05,Fri,0643ET,AGGREGATE,30227.25,740.61,30238.0,NEAR_FLIP,EXPANSION,,26.066512624330525,,,,,,30406.42,745.0,179.16999999999825,0.5927433028145076,346577976.03,466266564.53,820351937.98,-280960655.0,178866350.16000003,11722.993904,160216.72,17802,15477,2325,25.08840074148972,83.88789673224001,CALL WALL + VOL SENSITIVE
2026-06-05T06:43:09 ET,2026-06-05T06:40:00 ET,2026-06-05,Fri,0643ET,AGGREGATE,30227.25,740.61,30238.0,NEAR_FLIP,EXPANSION,,26.066512624330525,,,,,,30407.68,745.0,180.4300000000003,0.5969117270012995,17498254.56,108660833.0,68442125.01999998,-11162362.4,-30442364.749999996,-1135.5264479999998,155108.39,5951,3380,2571,16.289415224332046,8.405911510238788,CALL WALL + VOL SENSITIVE
2026-06-05T06:43:09 ET,2026-06-05T06:40:00 ET,2026-06-05,Fri,0643ET,AGGREGATE,30227.25,740.61,30238.0,NEAR_FLIP,EXPANSION,,26.066512624330525,,,,,,30447.24,746.0,219.9900000000016,0.7277870133736996,71839808.39,118457422.55,208754446.32000002,-87273961.78,8748144.0,547.5744969999996,40894.71,5011,4016,995,25.205022949511076,19.68668054202955,CALL WALL + VOL SENSITIVE
2026-06-05T06:43:09 ET,2026-06-05T06:40:00 ET,2026-06-05,Fri,0643ET,AGGREGATE,30227.25,740.61,30238.0,NEAR_FLIP,EXPANSION,,26.066512624330525,,,,,,30448.5,746.0,221.25,0.7319554375604793,18858912.619999997,64246963.56,82794359.16000001,-7459294.550000001,-4224630.030000001,-187.23508400000003,99775.25,3774,2440,1334,16.37597774244833,7.090352550186838,CALL WALL + VOL SENSITIVE
2026-06-05T06:43:09 ET,2026-06-05T06:40:00 ET,2026-06-05,Fri,0643ET,AGGREGATE,30227.25,740.61,30238.0,NEAR_FLIP,EXPANSION,,26.066512624330525,,,,,,30488.05,747.0,260.7999999999993,0.8627976412012316,70964203.69,124420217.69,245692318.72000003,-108332382.51,-15097676.930000007,-759.3187579999999,42879.61,5934,4654,1280,25.161779575328616,22.71722067904242,CALL WALL + VOL SENSITIVE
2026-06-05T06:43:09 ET,2026-06-05T06:40:00 ET,2026-06-05,Fri,0643ET,AGGREGATE,30227.25,740.61,30238.0,NEAR_FLIP,EXPANSION,,26.066512624330525,,,,,,30489.31,747.0,262.0600000000013,0.8669660653880233,10682644.81,24367942.67,55843347.260000005,-3363540.08,2317928.33,101.21605299999999,36893.840000000004,1471,1054,417,16.246186267845005,3.983583845369089,CALL WALL + VOL SENSITIVE
2026-06-05T06:43:09 ET,2026-06-05T06:40:00 ET,2026-06-05,Fri,0643ET,AGGREGATE,30227.25,740.61,30238.0,NEAR_FLIP,EXPANSION,,26.066512624330525,,,,,,30528.87,748.0,301.619999999999,0.9978413517604114,94702522.64,106749068.3,375346802.85,-107223523.92,38575896.17999999,1725.332319,36654.17,5865,5535,330,25.06332480818415,30.098766416597478,CALL WALL + VOL SENSITIVE
2026-06-05T06:43:09 ET,2026-06-05T06:40:00 ET,2026-06-05,Fri,0643ET,AGGREGATE,30227.25,740.61,30238.0,NEAR_FLIP,EXPANSION,,26.066512624330525,,,,,,30530.13,748.0,302.880000000001,1.0020097759472033,31470620.2,46172387.8,188018822.81,-7100993.07,26051813.189999998,990.2777959999999,71814.39,2945,2478,467,16.18876400679117,12.30460900193409,CALL WALL + VOL SENSITIVE
2026-06-05T06:43:09 ET,2026-06-05T06:40:00 ET,2026-06-05,Fri,0643ET,AGGREGATE,30227.25,740.61,30238.0,NEAR_FLIP,EXPANSION,,26.066512624330525,,,,,,30569.68,749.0,342.4300000000003,1.1328519795879555,51497591.11,56825569.67,231301659.84,-64670591.5,18676468.35,705.4845760000001,19533.14,3672,3502,170,25.087962962962962,17.884547400949042,CALL WALL + VOL SENSITIVE
2026-06-05T06:43:09 ET,2026-06-05T06:40:00 ET,2026-06-05,Fri,0643ET,AGGREGATE,30227.25,740.61,30238.0,NEAR_FLIP,EXPANSION,,26.066512624330525,,,,,,30570.94,749.0,343.6899999999987,1.1370204037747353,14169590.12,17183113.3,97345523.62,-3075058.78,13174771.379999999,484.132981,25446.03,1139,1040,99,15.970807726075504,5.9899617149520195,CALL WALL + VOL SENSITIVE
2026-06-05T06:43:09 ET,2026-06-05T06:40:00 ET,2026-06-05,Fri,0643ET,AGGREGATE,30227.25,740.61,30238.0,NEAR_FLIP,EXPANSION,,26.066512624330525,,,,,,30610.49,750.0,383.2400000000016,1.2678626074154997,138924052.41,231869725.54999998,702693341.5699999,-294833702.08,-139179890.85,-4614.991773,80361.21,17876,14366,3510,25.298863280375922,62.798555207022076,CALL WALL + VOL SENSITIVE
2026-06-05T06:43:09 ET,2026-06-05T06:40:00 ET,2026-06-05,Fri,0643ET,AGGREGATE,30227.25,740.61,30238.0,NEAR_FLIP,EXPANSION,,26.066512624330525,,,,,,30611.76,750.0,384.5099999999984,1.2720641143339153,103917671.35000001,131011771.73,796149947.99,-25469455.95,82038546.79,2799.0195010000007,200688.09,9344,8383,961,16.08051369863014,47.55226136479449,CALL WALL + VOL SENSITIVE
2026-06-05T06:43:09 ET,2026-06-05T06:40:00 ET,2026-06-05,Fri,0643ET,AGGREGATE,30227.25,740.61,30238.0,NEAR_FLIP,EXPANSION,,26.066512624330525,,,,,,30651.31,751.0,424.0600000000013,1.4029063179746795,36272083.99,38655242.449999996,199217603.95000002,-54303469.989999995,10956399.239999998,280.10295299999996,13431.24,3627,3519,108,25.364416873449134,14.91578553253198,CALL WALL + VOL SENSITIVE
2026-06-05T06:43:09 ET,2026-06-05T06:40:00 ET,2026-06-05,Fri,0643ET,AGGREGATE,30227.25,740.61,30238.0,NEAR_FLIP,EXPANSION,,26.066512624330525,,,,,,30652.57,751.0,425.3199999999997,1.4070747421614593,9793461.85,12779355.83,83691113.96000001,-2710317.34,5809033.89,185.749796,19665.829999999998,977,863,114,16.010726714431932,4.8582955686921645,CALL WALL + VOL SENSITIVE
2026-06-05T06:43:09 ET,2026-06-05T06:40:00 ET,2026-06-05,Fri,0643ET,AGGREGATE,30227.25,740.61,30238.0,NEAR_FLIP,EXPANSION,,26.066512624330525,,,,,,30692.12,752.0,464.869999999999,1.5379169458022115,21698812.93,25389196.03,129953167.98,-39047428.75,-3163792.789999999,-82.83904399999997,8893.52,2927,2724,203,25.570338230269904,10.010466531246147,CALL WALL + VOL SENSITIVE
2026-06-05T06:43:09 ET,2026-06-05T06:40:00 ET,2026-06-05,Fri,0643ET,AGGREGATE,30227.25,740.61,30238.0,NEAR_FLIP,EXPANSION,,26.066512624330525,,,,,,30693.39,752.0,466.1399999999994,1.5421184527206393,24753040.91,27133322.189999998,231937941.69,-6168318.85,21826430.3,650.9038330000001,42394.44,2243,2144,99,15.94411948283549,13.106101872763332,CALL WALL + VOL SENSITIVE
2026-06-05T06:43:09 ET,2026-06-05T06:40:00 ET,2026-06-05,Fri,0643ET,AGGREGATE,30227.25,740.61,30238.0,NEAR_FLIP,EXPANSION,,26.066512624330525,,,,,,30732.94,753.0,505.6899999999987,1.6729606563613912,57357399.029999994,57372243.21,373774687.73999995,-95857005.27,24972096.009999998,416.523549,19975.379999999997,8465,8464,1,25.420142941523924,27.963092859857507,CALL WALL + VOL SENSITIVE
2026-06-05T06:43:09 ET,2026-06-05T06:40:00 ET,2026-06-05,Fri,0643ET,AGGREGATE,30227.25,740.61,30238.0,NEAR_FLIP,EXPANSION,,26.066512624330525,,,,,,30734.21,753.0,506.9599999999991,1.6771621632798193,6924557.550000001,9561219.030000001,72027082.29,-2472095.0300000003,669021.6600000001,16.438466000000005,14169.869999999999,864,746,118,15.899837962962964,4.016434054919362,CALL WALL + VOL SENSITIVE
2026-06-05T06:43:09 ET,2026-06-05T06:40:00 ET,2026-06-05,Fri,0643ET,AGGREGATE,30227.25,740.61,30238.0,NEAR_FLIP,EXPANSION,,26.066512624330525,,,,,,30773.75,754.0,546.5,1.8079712841889355,12540684.67,12600907.35,86179480.7,-22728565.53,5055761.5600000005,68.92124100000001,4494.96,2262,2257,5,26.041967285587976,6.5868680030489974,CALL WALL + VOL SENSITIVE
2026-06-05T06:43:09 ET,2026-06-05T06:40:00 ET,2026-06-05,Fri,0643ET,AGGREGATE,30227.25,740.61,30238.0,NEAR_FLIP,EXPANSION,,26.066512624330525,,,,,,30775.02,754.0,547.7700000000004,1.812172791107363,9801278.4,11396406.24,107536292.62,-2907107.2399999998,6015683.24,150.85843600000004,18648.99,1115,1038,77,16.0642062780269,5.921440081937344,CALL WALL + VOL SENSITIVE
2026-06-05T06:43:09 ET,2026-06-05T06:40:00 ET,2026-06-05,Fri,0643ET,AGGREGATE,30227.25,740.61,30238.0,NEAR_FLIP,EXPANSION,,26.066512624330525,,,,,,30814.56,755.0,587.3100000000013,1.9429819120164795,23029982.959999997,23214971.02,168263000.24,-44952538.96,8249522.51,88.019964,8367.43,5262,5243,19,26.31346636259977,13.237954125605869,CALL WALL + VOL SENSITIVE
2026-06-05T06:43:09 ET,2026-06-05T06:40:00 ET,2026-06-05,Fri,0643ET,AGGREGATE,30227.25,740.61,30238.0,NEAR_FLIP,EXPANSION,,26.066512624330525,,,,,,30815.84,755.0,588.5900000000001,1.9472165016665433,7375218.250000001,12547528.07,89920732.27,-3802783.0700000003,-9542762.3,-220.675257,18298.0,1391,1111,280,15.916283249460818,5.278497852919905,CALL WALL + VOL SENSITIVE
2026-06-05T06:43:09 ET,2026-06-05T06:40:00 ET,2026-06-05,Fri,0643ET,AGGREGATE,30227.25,740.61,30238.0,NEAR_FLIP,EXPANSION,,26.066512624330525,,,,,,30855.38,756.0,628.130000000001,2.0780256225756593,11246054.78,11246054.78,86108101.38,-23267094.23,4604624.52,40.506895,4133.49,3147,3147,0,26.83,7.002249181444799,CALL WALL + VOL SENSITIVE
2026-06-05T06:43:09 ET,2026-06-05T06:40:00 ET,2026-06-05,Fri,0643ET,AGGREGATE,30227.25,740.61,30238.0,NEAR_FLIP,EXPANSION,,26.066512624330525,,,,,,30856.65,756.0,629.4000000000015,2.082227129494087,5881990.31,6142329.29,75729530.35,-1972593.63,3995999.1100000003,79.692017,8908.65,769,753,16,15.706488946684006,4.080985732993613,CALL WALL + VOL SENSITIVE
2026-06-05T06:43:09 ET,2026-06-05T06:40:00 ET,2026-06-05,Fri,0643ET,AGGREGATE,30227.25,740.61,30238.0,NEAR_FLIP,EXPANSION,,26.066512624330525,,,,,,30896.19,757.0,668.9399999999987,2.2130362504031913,4262506.99,4300622.029999999,34233994.29,-9466739.280000001,1279279.9100000001,8.611165999999999,1604.46,1510,1504,6,27.233417218543046,2.918634965639982,CALL WALL + VOL SENSITIVE
2026-06-05T06:43:09 ET,2026-06-05T06:40:00 ET,2026-06-05,Fri,0643ET,AGGREGATE,30227.25,740.61,30238.0,NEAR_FLIP,EXPANSION,,26.066512624330525,,,,,,30897.47,757.0,670.2200000000012,2.217270840053267,7287247.350000001,7336166.290000001,100670815.78999999,-2570067.3499999996,5490999.53,94.333334,10230.26,1064,1061,3,15.571419172932329,5.407702202859312,CALL WALL + VOL SENSITIVE
2026-06-05T06:43:09 ET,2026-06-05T06:40:00 ET,2026-06-05,Fri,0643ET,AGGREGATE,30227.25,740.61,30238.0,NEAR_FLIP,EXPANSION,,26.066512624330525,,,,,,30937.01,758.0,709.7599999999984,2.3480799609623713,16935115.97,16935115.97,139875905.96,-39519470.75,6846394.74,40.657838,6513.62,7020,7020,0,28.08,12.408876137678716,CALL WALL + VOL SENSITIVE
2026-06-05T06:43:09 ET,2026-06-05T06:40:00 ET,2026-06-05,Fri,0643ET,AGGREGATE,30227.25,740.61,30238.0,NEAR_FLIP,EXPANSION,,26.066512624330525,,,,,,30938.28,758.0,711.0299999999988,2.352281467880799,5993959.99,6023709.47,86754764.29,-2094067.1800000002,4739695.66,76.21106,9133.630000000001,947,945,2,15.745807814149947,4.6517820694206025,CALL WALL + VOL SENSITIVE
2026-06-05T06:43:09 ET,2026-06-05T06:40:00 ET,2026-06-05,Fri,0643ET,AGGREGATE,30227.25,740.61,30238.0,NEAR_FLIP,EXPANSION,,26.066512624330525,,,,,,30977.82,759.0,750.5699999999997,2.4830905887899153,7161518.63,7791215.79,62027447.31,-19209474.619999997,-8038870.130000001,-43.126536,3026.81,4128,3978,150,28.35688953488372,6.130904017903047,CALL WALL + VOL SENSITIVE
2026-06-05T06:43:09 ET,2026-06-05T06:40:00 ET,2026-06-05,Fri,0643ET,AGGREGATE,30227.25,740.61,30238.0,NEAR_FLIP,EXPANSION,,26.066512624330525,,,,,,30979.1,759.0,751.8499999999985,2.487325178439979,1865874.59,1865874.59,28684380.18,-703937.6000000001,1413944.44,19.590383000000003,2737.23,346,346,0,15.67063583815029,1.5457887329899822,CALL WALL + VOL SENSITIVE
2026-06-05T06:43:09 ET,2026-06-05T06:40:00 ET,2026-06-05,Fri,0643ET,AGGREGATE,30227.25,740.61,30238.0,NEAR_FLIP,EXPANSION,,26.066512624330525,,,,,,31018.63,760.0,791.380000000001,2.6181012166174593,9025187.59,9242238.370000001,82462738.97,-24003673.61,-1186740.9,-7.928295999999998,3582.57,6681,6618,63,28.29263583295914,8.685569400402796,CALL WALL + VOL SENSITIVE
2026-06-05T06:43:09 ET,2026-06-05T06:40:00 ET,2026-06-05,Fri,0643ET,AGGREGATE,30227.25,740.61,30238.0,NEAR_FLIP,EXPANSION,,26.066512624330525,,,,,,31019.92,760.0,792.6699999999983,2.622368888999159,3008839.08,13808193.48,54013590.94,-5836846.93,-72016274.75,-867.891265,19295.89,2953,1847,1106,16.123538774128004,4.902825771286833,CALL WALL + VOL SENSITIVE
2026-06-05T06:43:09 ET,2026-06-05T06:40:00 ET,2026-06-05,Fri,0643ET,AGGREGATE,30227.25,740.61,30238.0,NEAR_FLIP,EXPANSION,,26.066512624330525,,,,,,31059.45,761.0,832.2000000000007,2.7531449271766393,1771566.52,1771566.52,16516398.87,-4834578.94,674538.12,1.959813,706.58,1501,1501,0,29.12,1.828475235131291,CALL WALL + VOL SENSITIVE
2026-06-05T06:43:09 ET,2026-06-05T06:40:00 ET,2026-06-05,Fri,0643ET,AGGREGATE,30227.25,740.61,30238.0,NEAR_FLIP,EXPANSION,,26.066512624330525,,,,,,31060.73,761.0,833.4799999999996,2.757379516826703,711259.67,1988363.9100000001,12241259.7,-845353.39,-9634448.45,-100.104685,2970.63,465,315,150,16.326451612903227,0.9143880846132947,CALL WALL + VOL SENSITIVE
2026-06-05T06:43:09 ET,2026-06-05T06:40:00 ET,2026-06-05,Fri,0643ET,AGGREGATE,30227.25,740.61,30238.0,NEAR_FLIP,EXPANSION,,26.066512624330525,,,,,,31100.26,762.0,873.0099999999984,2.8881555550041713,1359230.46,1359230.46,12875218.94,-3888326.61,527288.24,1.341673,559.46,1315,1315,0,30.05,1.5090053499055966,CALL WALL + VOL SENSITIVE
2026-06-05T06:43:09 ET,2026-06-05T06:40:00 ET,2026-06-05,Fri,0643ET,AGGREGATE,30227.25,740.61,30238.0,NEAR_FLIP,EXPANSION,,26.066512624330525,,,,,,31101.55,762.0,874.2999999999993,2.892423227385883,1619067.14,1619067.14,28692260.62,-690786.26,1140188.2,10.723665,2449.0,451,451,0,15.826452328159645,1.583476131979333,CALL WALL + VOL SENSITIVE
2026-06-05T06:43:09 ET,2026-06-05T06:40:00 ET,2026-06-05,Fri,0643ET,AGGREGATE,30227.25,740.61,30238.0,NEAR_FLIP,EXPANSION,,26.066512624330525,,,,,,31141.08,763.0,913.8300000000017,3.0231992655633633,744275.7,744275.7,7185326.24,-2226993.53,291840.55,0.638068,314.46,838,838,0,30.839999999999996,0.9009241208977203,CALL WALL + VOL SENSITIVE
2026-06-05T06:43:09 ET,2026-06-05T06:40:00 ET,2026-06-05,Fri,0643ET,AGGREGATE,30227.25,740.61,30238.0,NEAR_FLIP,EXPANSION,,26.066512624330525,,,,,,31142.36,763.0,915.1100000000006,3.027433855213427,7485863.600000001,7485863.600000001,138835644.0,-3004449.47,5556234.91,50.470877,12481.84,2141,2141,0,15.783063988790285,7.606881302650987,CALL WALL + VOL SENSITIVE
2026-06-05T06:43:09 ET,2026-06-05T06:40:00 ET,2026-06-05,Fri,0643ET,AGGREGATE,30227.25,740.61,30238.0,NEAR_FLIP,EXPANSION,,26.066512624330525,,,,,,31181.89,764.0,954.6399999999994,3.1582098933908953,409291.15,409291.15,3983612.52,-1278466.43,165131.17,0.330113,179.1,504,504,0,31.94,0.5225818133846541,CALL WALL + VOL SENSITIVE
2026-06-05T06:43:09 ET,2026-06-05T06:40:00 ET,2026-06-05,Fri,0643ET,AGGREGATE,30227.25,740.61,30238.0,NEAR_FLIP,EXPANSION,,26.066512624330525,,,,,,31183.18,764.0,955.9300000000003,3.162477565772607,4460624.88,4460624.88,87878475.64999999,-2322662.3200000003,2547608.8499999996,13.228503,5819.959999999999,2163,2163,0,15.6000693481276,5.2506240462568154,CALL WALL + VOL SENSITIVE
2026-06-05T06:43:09 ET,2026-06-05T06:40:00 ET,2026-06-05,Fri,0643ET,AGGREGATE,30227.25,740.61,30238.0,NEAR_FLIP,EXPANSION,,26.066512624330525,,,,,,31222.7,765.0,995.4500000000007,3.2932205212184393,2661478.06,2661478.06,26268369.84,-8662602.47,1091071.14,1.926785,1196.94,3710,3710,0,32.83,3.6712729059096123,CALL WALL + VOL SENSITIVE
2026-06-05T06:43:09 ET,2026-06-05T06:40:00 ET,2026-06-05,Fri,0643ET,AGGREGATE,30227.25,740.61,30238.0,NEAR_FLIP,EXPANSION,,26.066512624330525,,,,,,31223.99,765.0,996.7400000000016,3.297488193600151,6594947.100000001,6613778.08,125539745.41,-3517376.97,4056917.5100000002,23.387082,9552.17,2874,2871,3,16.850417536534447,7.4057767898533164,CALL WALL + VOL SENSITIVE
2026-06-05T06:43:09 ET,2026-06-05T06:40:00 ET,2026-06-05,Fri,0643ET,AGGREGATE,30227.25,740.61,30238.0,NEAR_FLIP,EXPANSION,,26.066512624330525,,,,,,31263.52,766.0,1036.2700000000004,3.4282642317776197,1012038.83,1012038.83,10104087.04,-3426632.12,422745.75,0.669118,468.14,1574,1574,0,33.77,1.49624880030149,CALL WALL + VOL SENSITIVE
2026-06-05T06:43:09 ET,2026-06-05T06:40:00 ET,2026-06-05,Fri,0643ET,AGGREGATE,30227.25,740.61,30238.0,NEAR_FLIP,EXPANSION,,26.066512624330525,,,,,,31264.81,766.0,1037.5600000000013,3.4325319041593305,5264821.7700000005,5264821.7700000005,108052020.47,-2898373.05,3121787.6,13.8848,7384.610000000001,3142,3142,0,16.232647994907705,6.7106297931855785,CALL WALL + VOL SENSITIVE
2026-06-05T06:43:09 ET,2026-06-05T06:40:00 ET,2026-06-05,Fri,0643ET,AGGREGATE,30227.25,740.61,30238.0,NEAR_FLIP,EXPANSION,,26.066512624330525,,,,,,31304.33,767.0,1077.0800000000017,3.563274859605163,857710.18,857710.18,8356012.76,-3016890.95,389380.2,0.689715,422.46,1192,1192,0,35.96,1.185465142565772,CALL WALL + VOL SENSITIVE
2026-06-05T06:43:09 ET,2026-06-05T06:40:00 ET,2026-06-05,Fri,0643ET,AGGREGATE,30227.25,740.61,30238.0,NEAR_FLIP,EXPANSION,,26.066512624330525,,,,,,31305.63,767.0,1078.380000000001,3.567575614718511,1938181.7000000002,1938181.7000000002,40643394.19,-1052286.99,1204958.88,5.207038,2923.23,1153,1153,0,16.597068516912405,2.5037406711835084,CALL WALL + VOL SENSITIVE
2026-06-05T06:43:09 ET,2026-06-05T06:40:00 ET,2026-06-05,Fri,0643ET,AGGREGATE,30227.25,740.61,30238.0,NEAR_FLIP,EXPANSION,,26.066512624330525,,,,,,31345.15,768.0,1117.9000000000015,3.6983185701643433,811606.97,811606.97,8232949.37,-2960419.4,354939.57,0.47213,398.19,1502,1502,0,35.82,1.3467070451027523,CALL WALL + VOL SENSITIVE
2026-06-05T06:43:09 ET,2026-06-05T06:40:00 ET,2026-06-05,Fri,0643ET,AGGREGATE,30227.25,740.61,30238.0,NEAR_FLIP,EXPANSION,,26.066512624330525,,,,,,31346.44,768.0,1119.1899999999987,3.7025862425460425,3585955.3600000003,3585955.3600000003,78381076.75,-1966459.9,2202005.46,8.274941,5535.27,2490,2490,0,16.52498795180723,4.9640382135348435,CALL WALL + VOL SENSITIVE
2026-06-05T06:43:09 ET,2026-06-05T06:40:00 ET,2026-06-05,Fri,0643ET,AGGREGATE,30227.25,740.61,30238.0,NEAR_FLIP,EXPANSION,,26.066512624330525,,,,,,31385.96,769.0,1158.7099999999991,3.8333291979918758,321013.87,321013.87,3281893.38,-1212861.93,143385.65,0.175128,161.89,647,647,0,36.81,0.5643207397683574,CALL WALL + VOL SENSITIVE
2026-06-05T06:43:09 ET,2026-06-05T06:40:00 ET,2026-06-05,Fri,0643ET,AGGREGATE,30227.25,740.61,30238.0,NEAR_FLIP,EXPANSION,,26.066512624330525,,,,,,31387.26,769.0,1160.0099999999984,3.8376299531052225,399674.14,399674.14,8672976.25,-229558.16999999998,255079.84,0.9316310000000001,636.5799999999999,286,286,0,17.244475524475526,0.5551109048808537,CALL WALL + VOL SENSITIVE
2026-06-05T06:43:09 ET,2026-06-05T06:40:00 ET,2026-06-05,Fri,0643ET,AGGREGATE,30227.25,740.61,30238.0,NEAR_FLIP,EXPANSION,,26.066512624330525,,,,,,31426.77,770.0,1199.5200000000004,3.96833982581942,1707016.19,1707016.19,17564203.03,-6672223.29,779743.71,0.882937,884.99,3711,3711,0,37.85,3.167612768036553,CALL WALL + VOL SENSITIVE
2026-06-05T06:43:09 ET,2026-06-05T06:40:00 ET,2026-06-05,Fri,0643ET,AGGREGATE,30227.25,740.61,30238.0,NEAR_FLIP,EXPANSION,,26.066512624330525,,,,,,31428.07,770.0,1200.8199999999997,3.9726405809327665,1454367.23,1454367.23,33037804.14,-839981.5,907719.74,2.8091720000000002,2355.82,1231,1231,0,17.072242079610074,2.1890736979855525,CALL WALL + VOL SENSITIVE
2026-06-05T06:43:09 ET,2026-06-05T06:40:00 ET,2026-06-05,Fri,0643ET,AGGREGATE,30227.25,740.61,30238.0,NEAR_FLIP,EXPANSION,,26.066512624330525,,,,,,31467.59,771.0,1240.3400000000001,4.103383536378599,466694.78,466694.78,4814030.73,-1885030.17,219339.25,0.236609,249.43,1065,1065,0,39.02,0.8964336124051876,CALL WALL + VOL SENSITIVE
2026-06-05T06:43:09 ET,2026-06-05T06:40:00 ET,2026-06-05,Fri,0643ET,AGGREGATE,30227.25,740.61,30238.0,NEAR_FLIP,EXPANSION,,26.066512624330525,,,,,,31468.89,771.0,1241.6399999999994,4.107684291491947,865132.02,865132.02,20753789.97,-465314.15,552517.61,1.608394,1510.0,765,765,0,16.649411764705885,1.3647843391598669,CALL WALL + VOL SENSITIVE
2026-06-05T06:43:09 ET,2026-06-05T06:40:00 ET,2026-06-05,Fri,0643ET,AGGREGATE,30227.25,740.61,30238.0,NEAR_FLIP,EXPANSION,,26.066512624330525,,,,,,31508.4,772.0,1281.1500000000015,4.238394164206143,193892.24,196858.18,2012558.69,-820754.4199999999,-201845.63,-0.17584399999999997,107.92,484,480,4,40.01561983471075,0.39714097514493535,CALL WALL + VOL SENSITIVE
2026-06-05T06:43:09 ET,2026-06-05T06:40:00 ET,2026-06-05,Fri,0643ET,AGGREGATE,30227.25,740.61,30238.0,NEAR_FLIP,EXPANSION,,26.066512624330525,,,,,,31509.7,772.0,1282.4500000000007,4.24269491931949,238122.94,238122.94,5620907.68,-149556.19,145811.06,0.350565,389.06,283,283,0,17.46374558303887,0.41220756890961874,CALL WALL + VOL SENSITIVE
2026-06-05T06:43:09 ET,2026-06-05T06:40:00 ET,2026-06-05,Fri,0643ET,AGGREGATE,30227.25,740.61,30238.0,NEAR_FLIP,EXPANSION,,26.066512624330525,,,,,,31549.22,773.0,1321.9700000000012,4.373437874765323,114598.45,116000.89,1191425.39,-498731.66,-90915.34,-0.072835,65.48,297,295,2,41.205690235690234,0.24111140627118738,CALL WALL + VOL SENSITIVE
2026-06-05T06:43:09 ET,2026-06-05T06:40:00 ET,2026-06-05,Fri,0643ET,AGGREGATE,30227.25,740.61,30238.0,NEAR_FLIP,EXPANSION,,26.066512624330525,,,,,,31550.52,773.0,1323.2700000000004,4.377738629878671,358713.47,358713.47,8608448.82,-216660.58000000002,233966.51,0.588809,636.61,401,401,0,17.714738154613464,0.6129155244277955,CALL WALL + VOL SENSITIVE
2026-06-05T06:43:09 ET,2026-06-05T06:40:00 ET,2026-06-05,Fri,0643ET,AGGREGATE,30227.25,740.61,30238.0,NEAR_FLIP,EXPANSION,,26.066512624330525,,,,,,31590.03,774.0,1362.7799999999988,4.508448502592855,80851.63,80851.63,815560.16,-358185.3,43458.88,0.049711,48.48,174,174,0,43.77,0.14943873349045766,CALL WALL + VOL SENSITIVE
2026-06-05T06:43:09 ET,2026-06-05T06:40:00 ET,2026-06-05,Fri,0643ET,AGGREGATE,30227.25,740.61,30238.0,NEAR_FLIP,EXPANSION,,26.066512624330525,,,,,,31591.34,774.0,1364.0900000000001,4.512782340437851,130948.32,130948.32,3208167.6,-84018.89,82443.61,0.168751,227.57,179,179,0,17.93290502793296,0.2442694258495024,CALL WALL + VOL SENSITIVE
2026-06-05T06:43:09 ET,2026-06-05T06:40:00 ET,2026-06-05,Fri,0643ET,AGGREGATE,30227.25,740.61,30238.0,NEAR_FLIP,EXPANSION,,26.066512624330525,,,,,,31630.84,775.0,1403.5900000000001,4.643459130420399,307802.79,307802.79,3222541.73,-1403288.77,159030.12,0.137871,183.03,874,874,0,43.41,0.6945956044015417,CALL WALL + VOL SENSITIVE
2026-06-05T06:43:09 ET,2026-06-05T06:40:00 ET,2026-06-05,Fri,0643ET,AGGREGATE,30227.25,740.61,30238.0,NEAR_FLIP,EXPANSION,,26.066512624330525,,,,,,31632.15,775.0,1404.9000000000015,4.647792968265394,303946.15,306230.65,7584884.55,-210151.66999999998,36981.46000000001,0.088201,516.79,517,515,2,18.180831721470017,0.6303526578532408,CALL WALL + VOL SENSITIVE
2026-06-05T06:43:09 ET,2026-06-05T06:40:00 ET,2026-06-05,Fri,0643ET,AGGREGATE,30227.25,740.61,30238.0,NEAR_FLIP,EXPANSION,,26.066512624330525,,,,,,31671.66,776.0,1444.4099999999999,4.77850284097958,51329.29,51329.29,538048.16,-240668.38,27218.94,0.022777,31.35,151,151,0,44.59,0.11844121900535147,CALL WALL + VOL SENSITIVE
2026-06-05T06:43:09 ET,2026-06-05T06:40:00 ET,2026-06-05,Fri,0643ET,AGGREGATE,30227.25,740.61,30238.0,NEAR_FLIP,EXPANSION,,26.066512624330525,,,,,,31672.97,776.0,1445.7200000000012,4.782836678824574,10398.6,10398.6,256142.13,-8190.58,5906.7,0.006574,16.1,23,23,0,18.83,0.023712944012708657,CALL WALL + VOL SENSITIVE
2026-06-05T06:43:09 ET,2026-06-05T06:40:00 ET,2026-06-05,Fri,0643ET,AGGREGATE,30227.25,740.61,30238.0,NEAR_FLIP,EXPANSION,,26.066512624330525,,,,,,31712.47,777.0,1485.2200000000012,4.913513468807124,305.78,305.78,3241.48,-1473.23,163.23,0.000123,0.19,1,1,0,45.31,4.793536082720501e-05,CALL WALL + VOL SENSITIVE
2026-06-05T06:43:09 ET,2026-06-05T06:40:00 ET,2026-06-05,Fri,0643ET,AGGREGATE,30227.25,740.61,30238.0,NEAR_FLIP,EXPANSION,,26.066512624330525,,,,,,31713.78,777.0,1486.5299999999988,4.9178473066521065,37284.83,37284.83,869466.84,-30184.41,24078.45,0.036229,62.69,61,61,0,20.46,0.07299284312425919,CALL WALL + VOL SENSITIVE
2026-06-05T06:43:09 ET,2026-06-05T06:40:00 ET,2026-06-05,Fri,0643ET,AGGREGATE,30227.25,740.61,30238.0,NEAR_FLIP,EXPANSION,,26.066512624330525,,,,,,31754.6,778.0,1527.3499999999985,5.052891017211286,2244.52,2244.52,56465.34,-1864.59,1295.19,0.001193,3.59,6,6,0,19.47,0.00517968118014472,CALL WALL + VOL SENSITIVE
2026-06-05T06:43:09 ET,2026-06-05T06:40:00 ET,2026-06-05,Fri,0643ET,AGGREGATE,30227.25,740.61,30238.0,NEAR_FLIP,EXPANSION,,26.066512624330525,,,,,,31794.1,779.0,1566.8499999999985,5.183567807193835,7454.04,7454.04,78746.89,-37841.75,4221.35,0.003098,4.89,25,25,0,47.92,0.018429933268985847,CALL WALL + VOL SENSITIVE
2026-06-05T06:43:09 ET,2026-06-05T06:40:00 ET,2026-06-05,Fri,0643ET,AGGREGATE,30227.25,740.61,30238.0,NEAR_FLIP,EXPANSION,,26.066512624330525,,,,,,31795.41,779.0,1568.1599999999999,5.1879016450388304,42790.14,42790.14,1086693.04,-36466.81,24908.09,0.02099,69.61,125,125,0,19.79,0.11810660095110638,CALL WALL + VOL SENSITIVE
2026-06-05T06:43:09 ET,2026-06-05T06:40:00 ET,2026-06-05,Fri,0643ET,AGGREGATE,30227.25,740.61,30238.0,NEAR_FLIP,EXPANSION,,26.066512624330525,,,,,,31834.91,780.0,1607.6599999999999,5.318578435021379,762671.81,762671.81,8034540.77,-3970368.61,445297.22,0.325555,514.84,2568,2568,0,49.28,1.9674451488475,CALL WALL + VOL SENSITIVE
2026-06-05T06:43:09 ET,2026-06-05T06:40:00 ET,2026-06-05,Fri,0643ET,AGGREGATE,30227.25,740.61,30238.0,NEAR_FLIP,EXPANSION,,26.066512624330525,,,,,,31836.23,780.0,1608.9799999999996,5.32294535559801,366945.61,367563.19,9690558.459999999,-251546.68,183243.31999999998,0.311833,759.4499999999999,650,649,1,19.578553846153845,0.7979168998441557,CALL WALL + VOL SENSITIVE
2026-06-05T06:43:09 ET,2026-06-05T06:40:00 ET,2026-06-05,Fri,0643ET,AGGREGATE,30227.25,740.61,30238.0,NEAR_FLIP,EXPANSION,,26.066512624330525,,,,,,31875.73,781.0,1648.4799999999996,5.453622145580559,3567.81,3567.81,37456.62,-19034.1,2148.84,0.001573,2.48,12,12,0,50.68,0.008492922090178137,CALL WALL + VOL SENSITIVE
2026-06-05T06:43:09 ET,2026-06-05T06:40:00 ET,2026-06-05,Fri,0643ET,AGGREGATE,30227.25,740.61,30238.0,NEAR_FLIP,EXPANSION,,26.066512624330525,,,,,,31877.05,781.0,1649.7999999999993,5.45798906615719,358.74,358.74,8983.6,-321.19,225.37,0.000199,0.62,1,1,0,21.1,0.0002443021500492729,CALL WALL + VOL SENSITIVE
2026-06-05T06:43:09 ET,2026-06-05T06:40:00 ET,2026-06-05,Fri,0643ET,AGGREGATE,30227.25,740.61,30238.0,NEAR_FLIP,EXPANSION,,26.066512624330525,,,,,,32038.98,785.0,1811.7299999999996,5.993697739622359,565856.38,565856.38,5827939.19,-3310375.46,387469.41,0.296554,439.2,1820,1820,0,56.66,1.4219427597580794,CALL WALL + VOL SENSITIVE
2026-06-05T06:43:09 ET,2026-06-05T06:40:00 ET,2026-06-05,Fri,0643ET,AGGREGATE,30227.25,740.61,30238.0,NEAR_FLIP,EXPANSION,,26.066512624330525,,,,,,32040.31,785.0,1813.0600000000013,5.998097742930638,151240.96,151240.96,4155318.23,-135276.41999999998,96751.34,0.060129999999999996,291.77,621,621,0,21.277262479871176,0.531907106135813,CALL WALL + VOL SENSITIVE
2026-06-05T06:43:09 ET,2026-06-05T06:40:00 ET,2026-06-05,Fri,0643ET,AGGREGATE,30227.25,740.61,30238.0,NEAR_FLIP,EXPANSION,,26.066512624330525,,,,,,32243.05,790.0,2015.7999999999993,6.668817044223339,633592.82,633592.82,6314778.79,-4113328.52,511939.8,0.439688,564.09,1816,1816,0,64.99,1.4775937725560417,CALL WALL + VOL SENSITIVE
2026-06-05T06:43:09 ET,2026-06-05T06:40:00 ET,2026-06-05,Fri,0643ET,AGGREGATE,30227.25,740.61,30238.0,NEAR_FLIP,EXPANSION,,26.066512624330525,,,,,,32244.39,790.0,2017.1399999999994,6.673250130263255,100229.3,100229.3,2790062.74,-102876.32,67137.39,0.029501,203.88,572,572,0,23.266678321678324,0.4431289876254242,CALL WALL + VOL SENSITIVE
2026-06-05T06:43:09 ET,2026-06-05T06:40:00 ET,2026-06-05,Fri,0643ET,AGGREGATE,30227.25,740.61,30238.0,NEAR_FLIP,EXPANSION,,26.066512624330525,,,,,,32448.46,795.0,2221.209999999999,7.348369434864234,24776.05,24776.05,751915.71,-22842.690000000002,18683.35,0.00835,61.739999999999995,139,139,0,23.19043165467626,0.11017773519424094,CALL WALL + VOL SENSITIVE
2026-06-05T06:43:09 ET,2026-06-05T06:40:00 ET,2026-06-05,Fri,0643ET,AGGREGATE,30227.25,740.61,30238.0,NEAR_FLIP,EXPANSION,,26.066512624330525,,,,,,32651.19,800.0,2423.9399999999987,8.019055653425298,2011555.72,2011555.72,18477015.45,-15629469.07,2262988.31,2.61575,2326.53,4284,4284,0,84.43,,
2026-06-05T06:43:09 ET,2026-06-05T06:40:00 ET,2026-06-05,Fri,0643ET,AGGREGATE,30227.25,740.61,30238.0,NEAR_FLIP,EXPANSION,,26.066512624330525,,,,,,32652.54,800.0,2425.290000000001,8.023521822196862,78802.48,79504.46,2257674.49,-97074.39,-161558.11,-0.046024999999999996,188.64,665,662,3,27.012691729323308,,
2026-06-05T06:43:09 ET,2026-06-05T06:40:00 ET,2026-06-05,Fri,0643ET,AGGREGATE,30227.25,740.61,30238.0,NEAR_FLIP,EXPANSION,,26.066512624330525,,,,,,32856.62,805.0,2629.3700000000026,8.69867420952949,10045.17,10045.17,302853.92,-11270.48,8782.99,0.0031119999999999997,28.82,70,70,0,27.749285714285715,,
2026-06-05T06:43:09 ET,2026-06-05T06:40:00 ET,2026-06-05,Fri,0643ET,AGGREGATE,30227.25,740.61,30238.0,NEAR_FLIP,EXPANSION,,26.066512624330525,,,,,,33059.33,810.0,2832.0800000000017,9.369294262627271,607301.17,607301.17,5102379.41,-5491429.59,936622.94,1.424448,893.91,983,983,0,107.45,,
2026-06-05T06:43:09 ET,2026-06-05T06:40:00 ET,2026-06-05,Fri,0643ET,AGGREGATE,30227.25,740.61,30238.0,NEAR_FLIP,EXPANSION,,26.066512624330525,,,,,,33060.7,810.0,2833.449999999997,9.373826596862093,58321.649999999994,58321.649999999994,1638002.78,-87530.8,50594.590000000004,0.011719,153.6,620,620,0,31.892806451612906,,
