timestamp,intended_timestamp,snapshot_date,snapshot_weekday,session_label,expiry,nq_price,qqq_price,gamma_flip,gamma_regime,vol_regime,iv,rv_iv_ratio,hv5,hv10,hv21,hv63,strike_futures,strike_etf,dist_nq,dist_pct,net_gex,abs_gex,net_vex,net_charmex,net_dex,net_dag,net_vegaex,total_oi,score,type
2026-05-28T13:48:52 ET,2026-05-28T13:45:00 ET,2026-05-28,Thu,1348ET,2026-05-29,30306.75,736.395,29997.7,POSITIVE,NEUTRAL,21.48,0.713,10.45,15.4,15.32,18.81,27286.37,663.0,-3020.380000000001,-9.966030669735293,-330305.45000000007,792569.17,3251179.0100000002,4091867.67,18880651.83,38.76078,2284.3,967,,
2026-05-28T13:48:52 ET,2026-05-28T13:45:00 ET,2026-05-28,Thu,1348ET,2026-05-29,30306.75,736.395,29997.7,POSITIVE,NEUTRAL,21.48,0.713,10.45,15.4,15.32,18.81,27327.53,664.0,-2979.220000000001,-9.830219340575947,-358982.81,649432.55,3561277.2499999995,3306050.4200000004,11604182.57,23.713756,1831.26,796,,
2026-05-28T13:48:52 ET,2026-05-28T13:45:00 ET,2026-05-28,Thu,1348ET,2026-05-28,30306.75,736.395,29997.7,POSITIVE,NEUTRAL,21.48,0.713,10.45,15.4,15.32,18.81,27368.45,665.0,-2938.2999999999993,-9.695199914210528,-560183.12,648333.7599999999,2858309.4899999998,6438282.07,-182769.6000000001,-0.6507359999999993,1731.02,456,,
2026-05-28T13:48:52 ET,2026-05-28T13:45:00 ET,2026-05-28,Thu,1348ET,2026-05-29,30306.75,736.395,29997.7,POSITIVE,NEUTRAL,21.48,0.713,10.45,15.4,15.32,18.81,27368.69,665.0,-2938.0600000000013,-9.694408011416602,-7228087.5200000005,9787679.92,72267019.56,49120030.74,94007656.60000001,191.210902,26998.13,12053,,
2026-05-28T13:48:52 ET,2026-05-28T13:45:00 ET,2026-05-28,Thu,1348ET,2026-06-01,30306.75,736.395,29997.7,POSITIVE,NEUTRAL,21.48,0.713,10.45,15.4,15.32,18.81,27368.69,665.0,-2938.0600000000013,-9.694408011416602,-214503.89,226277.69,5337767.7,284010.08,826523.1399999999,0.7617039999999999,1012.19,615,,
2026-05-28T13:48:52 ET,2026-05-28T13:45:00 ET,2026-05-28,Thu,1348ET,2026-05-29,30306.75,736.395,29997.7,POSITIVE,NEUTRAL,21.48,0.713,10.45,15.4,15.32,18.81,27409.84,666.0,-2896.91,-9.558629678207,-895467.2999999999,1158935.1199999999,9022496.77,5732599.4,9463036.33,19.156021,3126.6800000000003,1434,,
2026-05-28T13:48:52 ET,2026-05-28T13:45:00 ET,2026-05-28,Thu,1348ET,2026-05-29,30306.75,736.395,29997.7,POSITIVE,NEUTRAL,21.48,0.713,10.45,15.4,15.32,18.81,27451.0,667.0,-2855.75,-9.422818349047654,-2169943.5,2647684.96,22032269.259999998,12905658.049999999,16225164.41,32.685897,6985.51,3292,,
2026-05-28T13:48:52 ET,2026-05-28T13:45:00 ET,2026-05-28,Thu,1348ET,2026-05-29,30306.75,736.395,29997.7,POSITIVE,NEUTRAL,21.48,0.713,10.45,15.4,15.32,18.81,27492.15,668.0,-2814.5999999999985,-9.28704001583805,-203291.07999999996,955628.12,2079860.42,4589120.13,32626277.290000003,65.405902,2465.25,1194,,
2026-05-28T13:48:52 ET,2026-05-28T13:45:00 ET,2026-05-28,Thu,1348ET,2026-05-29,30306.75,736.395,29997.7,POSITIVE,NEUTRAL,21.48,0.713,10.45,15.4,15.32,18.81,27533.31,669.0,-2773.4399999999987,-9.151228686678706,-714411.38,1029803.7000000001,7364413.719999999,4871069.1899999995,12502381.200000001,24.940977999999998,2597.18,1293,,
2026-05-28T13:48:52 ET,2026-05-28T13:45:00 ET,2026-05-28,Thu,1348ET,2026-05-28,30306.75,736.395,29997.7,POSITIVE,NEUTRAL,21.48,0.713,10.45,15.4,15.32,18.81,27574.23,670.0,-2732.5200000000004,-9.016209260313298,-1549847.97,1612873.2100000002,8471873.44,14911164.21,-3506682.52,-12.578412,3742.65,1126,,
2026-05-28T13:48:52 ET,2026-05-28T13:45:00 ET,2026-05-28,Thu,1348ET,2026-05-29,30306.75,736.395,29997.7,POSITIVE,NEUTRAL,21.48,0.713,10.45,15.4,15.32,18.81,27574.47,670.0,-2732.279999999999,-9.015417357519361,-5431428.43,6826337.8100000005,56408437.97,31797057.560000002,51406925.48,102.051591,16828.52,8613,,
2026-05-28T13:48:52 ET,2026-05-28T13:45:00 ET,2026-05-28,Thu,1348ET,2026-06-01,30306.75,736.395,29997.7,POSITIVE,NEUTRAL,21.48,0.713,10.45,15.4,15.32,18.81,27574.47,670.0,-2732.279999999999,-9.015417357519361,-121191.59000000001,223829.43,3023733.1999999997,260347.53999999998,9250980.81,9.147169,926.25,567,,
2026-05-28T13:48:52 ET,2026-05-28T13:45:00 ET,2026-05-28,Thu,1348ET,2026-05-29,30306.75,736.395,29997.7,POSITIVE,NEUTRAL,21.48,0.713,10.45,15.4,15.32,18.81,27615.62,671.0,-2691.130000000001,-8.87963902430977,-369916.63000000006,754819.23,3870237.12,3461533.43,16526806.129999999,32.650119000000004,1818.63,957,,
2026-05-28T13:48:52 ET,2026-05-28T13:45:00 ET,2026-05-28,Thu,1348ET,2026-06-01,30306.75,736.395,29997.7,POSITIVE,NEUTRAL,21.48,0.713,10.45,15.4,15.32,18.81,27615.62,671.0,-2691.130000000001,-8.87963902430977,-103652.19,103652.19,2585921.74,118661.97,-146585.6,-0.147508,422.29,258,,
2026-05-28T13:48:52 ET,2026-05-28T13:45:00 ET,2026-05-28,Thu,1348ET,2026-05-29,30306.75,736.395,29997.7,POSITIVE,NEUTRAL,21.48,0.713,10.45,15.4,15.32,18.81,27656.78,672.0,-2649.970000000001,-8.743827695150424,-2268623.87,2565350.45,23908946.39,11579580.11,9158583.29,18.007681,6039.860000000001,3268,,
2026-05-28T13:48:52 ET,2026-05-28T13:45:00 ET,2026-05-28,Thu,1348ET,2026-06-01,30306.75,736.395,29997.7,POSITIVE,NEUTRAL,21.48,0.713,10.45,15.4,15.32,18.81,27656.78,672.0,-2649.970000000001,-8.743827695150424,-40938.87,40938.87,1021038.38,46117.04,-57022.93,-0.058472,164.2,100,,
2026-05-28T13:48:52 ET,2026-05-28T13:45:00 ET,2026-05-28,Thu,1348ET,2026-05-29,30306.75,736.395,29997.7,POSITIVE,NEUTRAL,21.48,0.713,10.45,15.4,15.32,18.81,27697.93,673.0,-2608.8199999999997,-8.608049361940822,-2292511.71,2681629.25,24334985.61,11911223.26,13499077.83,26.419242999999998,6168.67,3432,,
2026-05-28T13:48:52 ET,2026-05-28T13:45:00 ET,2026-05-28,Thu,1348ET,2026-06-01,30306.75,736.395,29997.7,POSITIVE,NEUTRAL,21.48,0.713,10.45,15.4,15.32,18.81,27697.93,673.0,-2608.8199999999997,-8.608049361940822,-109860.73,114037.95,2738528.79,126374.64,211697.57,0.221497,450.3,273,,
2026-05-28T13:48:52 ET,2026-05-28T13:45:00 ET,2026-05-28,Thu,1348ET,2026-05-29,30306.75,736.395,29997.7,POSITIVE,NEUTRAL,21.48,0.713,10.45,15.4,15.32,18.81,27739.09,674.0,-2567.66,-8.472238032781476,-532067.12,1009682.92,5688025.09,4412064.609999999,20835609.36,40.595823,2268.95,1298,,
2026-05-28T13:48:52 ET,2026-05-28T13:45:00 ET,2026-05-28,Thu,1348ET,2026-06-01,30306.75,736.395,29997.7,POSITIVE,NEUTRAL,21.48,0.713,10.45,15.4,15.32,18.81,27739.09,674.0,-2567.66,-8.472238032781476,-28596.17,29449.79,712272.63,32097.18,33821.1,0.036157,114.47999999999999,69,,
2026-05-28T13:48:52 ET,2026-05-28T13:45:00 ET,2026-05-28,Thu,1348ET,2026-05-28,30306.75,736.395,29997.7,POSITIVE,NEUTRAL,21.48,0.713,10.45,15.4,15.32,18.81,27780.0,675.0,-2526.75,-8.337251602365809,-1676030.8599999999,1871709.58,9835342.959999999,16007175.620000001,167424.42000000086,0.5944980000000015,3743.0099999999998,1320,,
2026-05-28T13:48:52 ET,2026-05-28T13:45:00 ET,2026-05-28,Thu,1348ET,2026-05-29,30306.75,736.395,29997.7,POSITIVE,NEUTRAL,21.48,0.713,10.45,15.4,15.32,18.81,27780.25,675.0,-2526.5,-8.33642670362213,-3396499.44,9879669.4,36563900.26,42460268.17,291322796.61999995,565.198811,21685.21,12755,,
2026-05-28T13:48:52 ET,2026-05-28T13:45:00 ET,2026-05-28,Thu,1348ET,2026-06-01,30306.75,736.395,29997.7,POSITIVE,NEUTRAL,21.48,0.713,10.45,15.4,15.32,18.81,27780.25,675.0,-2526.5,-8.33642670362213,-216173.19,256350.83000000002,5378908.260000001,274712.76,3045646.87,3.331509,981.05,587,,
2026-05-28T13:48:52 ET,2026-05-28T13:45:00 ET,2026-05-28,Thu,1348ET,2026-05-28,30306.75,736.395,29997.7,POSITIVE,NEUTRAL,21.48,0.713,10.45,15.4,15.32,18.81,27821.16,676.0,-2485.59,-8.201440273206465,-952795.6000000001,978203.48,5672619.45,8229491.949999999,-1805096.78,-6.380636,1896.7700000000002,693,,
2026-05-28T13:48:52 ET,2026-05-28T13:45:00 ET,2026-05-28,Thu,1348ET,2026-05-29,30306.75,736.395,29997.7,POSITIVE,NEUTRAL,21.48,0.713,10.45,15.4,15.32,18.81,27821.4,676.0,-2485.3499999999985,-8.200648370412528,-1305357.12,1846941.46,14148898.68,7804723.76,22786461.810000002,44.032232,3959.05,2394,,
2026-05-28T13:48:52 ET,2026-05-28T13:45:00 ET,2026-05-28,Thu,1348ET,2026-06-01,30306.75,736.395,29997.7,POSITIVE,NEUTRAL,21.48,0.713,10.45,15.4,15.32,18.81,27821.4,676.0,-2485.3499999999985,-8.200648370412528,-106506.5,133356.88,2646720.31,140475.57,2033907.4600000002,2.279792,502.43,298,,
2026-05-28T13:48:52 ET,2026-05-28T13:45:00 ET,2026-05-28,Thu,1348ET,2026-05-28,30306.75,736.395,29997.7,POSITIVE,NEUTRAL,21.48,0.713,10.45,15.4,15.32,18.81,27862.32,677.0,-2444.4300000000003,-8.06562894404712,-1009373.87,1054297.33,6097479.92,8722574.450000001,-1376477.0199999998,-4.8390450000000005,1981.45,751,,
2026-05-28T13:48:52 ET,2026-05-28T13:45:00 ET,2026-05-28,Thu,1348ET,2026-05-29,30306.75,736.395,29997.7,POSITIVE,NEUTRAL,21.48,0.713,10.45,15.4,15.32,18.81,27862.56,677.0,-2444.1899999999987,-8.064837041253183,-1013098.19,2041569.63,11055017.469999999,8480266.33,45974727.38,88.515659,4273.21,2656,,
2026-05-28T13:48:52 ET,2026-05-28T13:45:00 ET,2026-05-28,Thu,1348ET,2026-06-01,30306.75,736.395,29997.7,POSITIVE,NEUTRAL,21.48,0.713,10.45,15.4,15.32,18.81,27862.56,677.0,-2444.1899999999987,-8.064837041253183,-80830.48,80830.48,2005521.94,83671.9,-104639.1,-0.120371,299.8,176,,
2026-05-28T13:48:52 ET,2026-05-28T13:45:00 ET,2026-05-28,Thu,1348ET,2026-05-28,30306.75,736.395,29997.7,POSITIVE,NEUTRAL,21.48,0.713,10.45,15.4,15.32,18.81,27903.47,678.0,-2403.279999999999,-7.929850610837516,-1021029.76,1029398.8600000001,6258771.069999999,8372774.4,-2173582.86,-7.592259,1874.4399999999998,738,,
2026-05-28T13:48:52 ET,2026-05-28T13:45:00 ET,2026-05-28,Thu,1348ET,2026-05-29,30306.75,736.395,29997.7,POSITIVE,NEUTRAL,21.48,0.713,10.45,15.4,15.32,18.81,27903.71,678.0,-2403.040000000001,-7.92905870804359,206092.68000000017,2490733.48,-2263720.9299999997,10166845.67,125699281.28,241.216995,5089.85,3251,,
2026-05-28T13:48:52 ET,2026-05-28T13:45:00 ET,2026-05-28,Thu,1348ET,2026-06-01,30306.75,736.395,29997.7,POSITIVE,NEUTRAL,21.48,0.713,10.45,15.4,15.32,18.81,27903.71,678.0,-2403.040000000001,-7.92905870804359,-87805.43000000001,93470.29,2174549.85,95054.09,322485.55,0.38131400000000004,341.29999999999995,198,,
2026-05-28T13:48:52 ET,2026-05-28T13:45:00 ET,2026-05-28,Thu,1348ET,2026-05-28,30306.75,736.395,29997.7,POSITIVE,NEUTRAL,21.48,0.713,10.45,15.4,15.32,18.81,27944.63,679.0,-2362.119999999999,-7.794039281678171,-584253.81,642402.29,3634480.11,5135222.42,112749.34000000008,0.39090500000000006,1132.8799999999999,464,,
2026-05-28T13:48:52 ET,2026-05-28T13:45:00 ET,2026-05-28,Thu,1348ET,2026-05-29,30306.75,736.395,29997.7,POSITIVE,NEUTRAL,21.48,0.713,10.45,15.4,15.32,18.81,27944.87,679.0,-2361.880000000001,-7.793247378884245,-1814447.27,2136845.91,20058116.02,8568689.74,12288143.74,23.514288,4262.610000000001,2797,,
2026-05-28T13:48:52 ET,2026-05-28T13:45:00 ET,2026-05-28,Thu,1348ET,2026-06-01,30306.75,736.395,29997.7,POSITIVE,NEUTRAL,21.48,0.713,10.45,15.4,15.32,18.81,27944.87,679.0,-2361.880000000001,-7.793247378884245,-133656.84,133656.84,3302972.11,133490.5,-168284.46,-0.204865,480.47,275,,
2026-05-28T13:48:52 ET,2026-05-28T13:45:00 ET,2026-05-28,Thu,1348ET,2026-05-28,30306.75,736.395,29997.7,POSITIVE,NEUTRAL,21.48,0.713,10.45,15.4,15.32,18.81,27985.78,680.0,-2320.970000000001,-7.658260948468579,-8722399.12,8881637.12,55068614.879999995,69754102.01,-14735699.169999998,-50.655546,15162.86,6470,,
2026-05-28T13:48:52 ET,2026-05-28T13:45:00 ET,2026-05-28,Thu,1348ET,2026-05-29,30306.75,736.395,29997.7,POSITIVE,NEUTRAL,21.48,0.713,10.45,15.4,15.32,18.81,27986.03,680.0,-2320.720000000001,-7.6574360497249,-16328235.82,26054138.6,181634545.99,102603997.14999999,431293868.46999997,823.4123069999999,50727.170000000006,34182,,
2026-05-28T13:48:52 ET,2026-05-28T13:45:00 ET,2026-05-28,Thu,1348ET,2026-06-01,30306.75,736.395,29997.7,POSITIVE,NEUTRAL,21.48,0.713,10.45,15.4,15.32,18.81,27986.03,680.0,-2320.720000000001,-7.6574360497249,-279684.38999999996,326799.69,6894644.47,320455.32,3054857.25,3.835216,1156.5500000000002,652,,
2026-05-28T13:48:52 ET,2026-05-28T13:45:00 ET,2026-05-28,Thu,1348ET,2026-05-28,30306.75,736.395,29997.7,POSITIVE,NEUTRAL,21.48,0.713,10.45,15.4,15.32,18.81,28026.94,681.0,-2279.8100000000013,-7.522449619309233,-557429.51,571025.3500000001,3572090.6,4404638.27,-802904.2,-2.7336150000000004,943.35,420,,
2026-05-28T13:48:52 ET,2026-05-28T13:45:00 ET,2026-05-28,Thu,1348ET,2026-05-29,30306.75,736.395,29997.7,POSITIVE,NEUTRAL,21.48,0.713,10.45,15.4,15.32,18.81,28027.18,681.0,-2279.5699999999997,-7.521657716515297,-1788167.17,2328421.93,20012583.830000002,9002331.389999999,22797434.419999998,43.450127,4424.1,3060,,
2026-05-28T13:48:52 ET,2026-05-28T13:45:00 ET,2026-05-28,Thu,1348ET,2026-06-01,30306.75,736.395,29997.7,POSITIVE,NEUTRAL,21.48,0.713,10.45,15.4,15.32,18.81,28027.18,681.0,-2279.5699999999997,-7.521657716515297,-61099.56,66277.48,1501999.3399999999,63787.92,286926.13999999996,0.372126,230.92000000000002,128,,
2026-05-28T13:48:52 ET,2026-05-28T13:45:00 ET,2026-05-28,Thu,1348ET,2026-05-28,30306.75,736.395,29997.7,POSITIVE,NEUTRAL,21.48,0.713,10.45,15.4,15.32,18.81,28068.09,682.0,-2238.66,-7.38667128609963,-1241430.6,1252190.56,8075239.52,9483141.49,-2165142.4400000004,-7.292470999999999,2000.9199999999998,931,,
2026-05-28T13:48:52 ET,2026-05-28T13:45:00 ET,2026-05-28,Thu,1348ET,2026-05-29,30306.75,736.395,29997.7,POSITIVE,NEUTRAL,21.48,0.713,10.45,15.4,15.32,18.81,28068.34,682.0,-2238.41,-7.385846387355952,-5266339.85,6058419.25,59286577.20999999,22988616.63,29911981.25,56.952265,11232.1,7970,,
2026-05-28T13:48:52 ET,2026-05-28T13:45:00 ET,2026-05-28,Thu,1348ET,2026-06-01,30306.75,736.395,29997.7,POSITIVE,NEUTRAL,21.48,0.713,10.45,15.4,15.32,18.81,28068.34,682.0,-2238.41,-7.385846387355952,-91094.86,91094.86,2232366.21,86021.6,-110225.86,-0.147943,312.48,170,,
2026-05-28T13:48:52 ET,2026-05-28T13:45:00 ET,2026-05-28,Thu,1348ET,2026-05-28,30306.75,736.395,29997.7,POSITIVE,NEUTRAL,21.48,0.713,10.45,15.4,15.32,18.81,28109.25,683.0,-2197.5,-7.250859956940285,-415964.68,437228.04,2746787.67,3249829.16,-233008.90000000002,-0.775447,675.4899999999999,329,,
2026-05-28T13:48:52 ET,2026-05-28T13:45:00 ET,2026-05-28,Thu,1348ET,2026-05-29,30306.75,736.395,29997.7,POSITIVE,NEUTRAL,21.48,0.713,10.45,15.4,15.32,18.81,28109.49,683.0,-2197.2599999999984,-7.2500680541463485,-2220659.28,2673606.9,25141557.270000003,9953148.08,18318811.810000002,34.870955,4835.910000000001,3518,,
2026-05-28T13:48:52 ET,2026-05-28T13:45:00 ET,2026-05-28,Thu,1348ET,2026-06-01,30306.75,736.395,29997.7,POSITIVE,NEUTRAL,21.48,0.713,10.45,15.4,15.32,18.81,28109.49,683.0,-2197.2599999999984,-7.2500680541463485,-48332.590000000004,50554.77,1180311.1199999999,46823.77,86866.9,0.12087600000000001,170.73,91,,
2026-05-28T13:48:52 ET,2026-05-28T13:45:00 ET,2026-05-28,Thu,1348ET,2026-05-28,30306.75,736.395,29997.7,POSITIVE,NEUTRAL,21.48,0.713,10.45,15.4,15.32,18.81,28150.4,684.0,-2156.3499999999985,-7.115081623730682,-565245.22,575737.02,3789442.0700000003,4198419.38,-741093.97,-2.433887,859.58,439,,
2026-05-28T13:48:52 ET,2026-05-28T13:45:00 ET,2026-05-28,Thu,1348ET,2026-05-29,30306.75,736.395,29997.7,POSITIVE,NEUTRAL,21.48,0.713,10.45,15.4,15.32,18.81,28150.65,684.0,-2156.0999999999985,-7.114256724987003,-473016.32999999996,898883.13,5384590.609999999,3281853.53,19433511.03,37.017053,1586.0,1182,,
2026-05-28T13:48:52 ET,2026-05-28T13:45:00 ET,2026-05-28,Thu,1348ET,2026-06-01,30306.75,736.395,29997.7,POSITIVE,NEUTRAL,21.48,0.713,10.45,15.4,15.32,18.81,28150.65,684.0,-2156.0999999999985,-7.114256724987003,-180035.13999999998,181189.22,4379622.25,164539.7,-140183.26,-0.20261200000000001,602.4699999999999,314,,
2026-05-28T13:48:52 ET,2026-05-28T13:45:00 ET,2026-05-28,Thu,1348ET,2026-05-28,30306.75,736.395,29997.7,POSITIVE,NEUTRAL,21.48,0.713,10.45,15.4,15.32,18.81,28191.56,685.0,-2115.1899999999987,-6.979270294571337,-2639360.37,2711742.4299999997,17965503.770000003,19393312.44,-2601857.6399999997,-8.421588,3910.83,2098,,
2026-05-28T13:48:52 ET,2026-05-28T13:45:00 ET,2026-05-28,Thu,1348ET,2026-05-29,30306.75,736.395,29997.7,POSITIVE,NEUTRAL,21.48,0.713,10.45,15.4,15.32,18.81,28191.81,685.0,-2114.9399999999987,-6.9784453958276575,-7055883.68,23007985.14,80740344.45,82354130.13,741571150.76,1414.8727900000001,39595.11,30205,,
2026-05-28T13:48:52 ET,2026-05-28T13:45:00 ET,2026-05-28,Thu,1348ET,2026-06-01,30306.75,736.395,29997.7,POSITIVE,NEUTRAL,21.48,0.713,10.45,15.4,15.32,18.81,28191.81,685.0,-2114.9399999999987,-6.9784453958276575,-123101.35,197562.67,2981918.1999999997,175838.88999999998,4334959.81,6.52017,646.8,329,,
2026-05-28T13:48:52 ET,2026-05-28T13:45:00 ET,2026-05-28,Thu,1348ET,2026-05-28,30306.75,736.395,29997.7,POSITIVE,NEUTRAL,21.48,0.713,10.45,15.4,15.32,18.81,28232.72,686.0,-2074.029999999999,-6.843458965411991,-1688157.93,1693246.57,11667746.59,11871138.84,-2635265.35,-8.395257,2357.73,1331,,
2026-05-28T13:48:52 ET,2026-05-28T13:45:00 ET,2026-05-28,Thu,1348ET,2026-05-29,30306.75,736.395,29997.7,POSITIVE,NEUTRAL,21.48,0.713,10.45,15.4,15.32,18.81,28232.96,686.0,-2073.790000000001,-6.842667062618067,-7081420.0200000005,7298346.28,81434933.46,25600806.39,1377343.2300000004,2.635121999999999,12248.820000000002,9555,,
2026-05-28T13:48:52 ET,2026-05-28T13:45:00 ET,2026-05-28,Thu,1348ET,2026-06-01,30306.75,736.395,29997.7,POSITIVE,NEUTRAL,21.48,0.713,10.45,15.4,15.32,18.81,28232.96,686.0,-2073.790000000001,-6.842667062618067,-538462.53,549732.6699999999,12982687.58,479362.89999999997,29201.089999999967,0.04579500000000003,1772.0800000000002,878,,
2026-05-28T13:48:52 ET,2026-05-28T13:45:00 ET,2026-05-28,Thu,1348ET,2026-05-28,30306.75,736.395,29997.7,POSITIVE,NEUTRAL,21.48,0.713,10.45,15.4,15.32,18.81,28273.87,687.0,-2032.880000000001,-6.7076806322024005,-1044057.72,1069065.0999999999,7327577.33,7344551.5,-941220.1499999999,-2.9471130000000003,1436.56,855,,
2026-05-28T13:48:52 ET,2026-05-28T13:45:00 ET,2026-05-28,Thu,1348ET,2026-05-29,30306.75,736.395,29997.7,POSITIVE,NEUTRAL,21.48,0.713,10.45,15.4,15.32,18.81,28274.12,687.0,-2032.630000000001,-6.706855733458722,-296011.63999999996,1046010.02,3420035.58,3594283.72,34742431.93,66.733901,1711.8300000000002,1364,,
2026-05-28T13:48:52 ET,2026-05-28T13:45:00 ET,2026-05-28,Thu,1348ET,2026-06-01,30306.75,736.395,29997.7,POSITIVE,NEUTRAL,21.48,0.713,10.45,15.4,15.32,18.81,28274.12,687.0,-2032.630000000001,-6.706855733458722,-120359.61,163532.09,2887225.1,139650.66,2243594.66,3.675972,519.07,250,,
2026-05-28T13:48:52 ET,2026-05-28T13:45:00 ET,2026-05-28,Thu,1348ET,2026-05-28,30306.75,736.395,29997.7,POSITIVE,NEUTRAL,21.48,0.713,10.45,15.4,15.32,18.81,28315.03,688.0,-1991.7200000000012,-6.571869303043056,-2054319.4,2064136.94,14641721.5,13889995.31,-2796612.33,-8.594335000000001,2675.4100000000003,1682,,
2026-05-28T13:48:52 ET,2026-05-28T13:45:00 ET,2026-05-28,Thu,1348ET,2026-05-29,30306.75,736.395,29997.7,POSITIVE,NEUTRAL,21.48,0.713,10.45,15.4,15.32,18.81,28315.27,688.0,-1991.4799999999996,-6.571077400249117,-3119364.15,3734602.07,36198509.53,12565683.05,24991449.03,48.261016,5958.9400000000005,4844,,
2026-05-28T13:48:52 ET,2026-05-28T13:45:00 ET,2026-05-28,Thu,1348ET,2026-06-01,30306.75,736.395,29997.7,POSITIVE,NEUTRAL,21.48,0.713,10.45,15.4,15.32,18.81,28315.27,688.0,-1991.4799999999996,-6.571077400249117,-241722.09,244461.15,5766504.7700000005,204359.13,-128233.00000000003,-0.219941,764.0699999999999,357,,
2026-05-28T13:48:52 ET,2026-05-28T13:45:00 ET,2026-05-28,Thu,1348ET,2026-05-28,30306.75,736.395,29997.7,POSITIVE,NEUTRAL,21.48,0.713,10.45,15.4,15.32,18.81,28356.18,689.0,-1950.5699999999997,-6.436090969833453,-2559296.56,2566512.6199999996,18524924.119999997,16908914.44,-3444738.68,-10.374634,3207.11,2134,,
2026-05-28T13:48:52 ET,2026-05-28T13:45:00 ET,2026-05-28,Thu,1348ET,2026-05-29,30306.75,736.395,29997.7,POSITIVE,NEUTRAL,21.48,0.713,10.45,15.4,15.32,18.81,28356.43,689.0,-1950.3199999999997,-6.435266071089772,-624118.64,1687604.38,7272039.82,5557610.800000001,48511526.48,94.32370800000001,2625.11,2174,,
2026-05-28T13:48:52 ET,2026-05-28T13:45:00 ET,2026-05-28,Thu,1348ET,2026-06-01,30306.75,736.395,29997.7,POSITIVE,NEUTRAL,21.48,0.713,10.45,15.4,15.32,18.81,28356.43,689.0,-1950.3199999999997,-6.435266071089772,-66083.65999999999,79013.08,1567052.0899999999,64630.39,574596.0700000001,1.033794,243.19,110,,
2026-05-28T13:48:52 ET,2026-05-28T13:45:00 ET,2026-05-28,Thu,1348ET,2026-05-28,30306.75,736.395,29997.7,POSITIVE,NEUTRAL,21.48,0.713,10.45,15.4,15.32,18.81,28397.34,690.0,-1909.4099999999999,-6.300279640674107,-3461209.77,3637742.0500000003,25444583.81,23453706.13,570851.1799999997,1.6823770000000007,4380.24,3091,,
2026-05-28T13:48:52 ET,2026-05-28T13:45:00 ET,2026-05-28,Thu,1348ET,2026-05-29,30306.75,736.395,29997.7,POSITIVE,NEUTRAL,21.48,0.713,10.45,15.4,15.32,18.81,28397.58,690.0,-1909.1699999999983,-6.299487737880169,-7223701.109999999,14773866.23,84482111.28,47598129.08,338655382.61,664.082523,22401.39,18871,,
2026-05-28T13:48:52 ET,2026-05-28T13:45:00 ET,2026-05-28,Thu,1348ET,2026-06-01,30306.75,736.395,29997.7,POSITIVE,NEUTRAL,21.48,0.713,10.45,15.4,15.32,18.81,28397.58,690.0,-1909.1699999999983,-6.299487737880169,-569298.3200000001,759567.78,13412475.53,607657.85,8439416.2,15.960474000000001,2302.29,1006,,
2026-05-28T13:48:52 ET,2026-05-28T13:45:00 ET,2026-05-28,Thu,1348ET,2026-05-28,30306.75,736.395,29997.7,POSITIVE,NEUTRAL,21.48,0.713,10.45,15.4,15.32,18.81,28438.49,691.0,-1868.2599999999984,-6.164501307464503,-500197.5399999999,578389.34,3734707.33,3647517.56,1753756.07,5.049972,670.75,503,,
2026-05-28T13:48:52 ET,2026-05-28T13:45:00 ET,2026-05-28,Thu,1348ET,2026-05-29,30306.75,736.395,29997.7,POSITIVE,NEUTRAL,21.48,0.713,10.45,15.4,15.32,18.81,28438.74,691.0,-1868.0099999999984,-6.163676408720824,-161362.94999999995,882750.25,1893498.8100000005,2781031.08,32623782.0,64.635749,1304.6,1116,,
2026-05-28T13:48:52 ET,2026-05-28T13:45:00 ET,2026-05-28,Thu,1348ET,2026-06-01,30306.75,736.395,29997.7,POSITIVE,NEUTRAL,21.48,0.713,10.45,15.4,15.32,18.81,28438.74,691.0,-1868.0099999999984,-6.163676408720824,-47718.78,47718.78,1116386.29,37318.92,-52166.72,-0.103919,142.45,60,,
2026-05-28T13:48:52 ET,2026-05-28T13:45:00 ET,2026-05-28,Thu,1348ET,2026-05-28,30306.75,736.395,29997.7,POSITIVE,NEUTRAL,21.48,0.713,10.45,15.4,15.32,18.81,28479.65,692.0,-1827.0999999999985,-6.028689978305158,-2024770.6600000001,2175086.04,15354999.639999999,13410115.670000002,2249064.2300000004,6.317831,2428.05,1939,,
2026-05-28T13:48:52 ET,2026-05-28T13:45:00 ET,2026-05-28,Thu,1348ET,2026-05-29,30306.75,736.395,29997.7,POSITIVE,NEUTRAL,21.48,0.713,10.45,15.4,15.32,18.81,28479.9,692.0,-1826.8499999999985,-6.027865079561479,-7472777.98,8444911.76,87948396.08,26002814.75,35825698.85,71.85663,12163.39,10546,,
2026-05-28T13:48:52 ET,2026-05-28T13:45:00 ET,2026-05-28,Thu,1348ET,2026-06-01,30306.75,736.395,29997.7,POSITIVE,NEUTRAL,21.48,0.713,10.45,15.4,15.32,18.81,28479.9,692.0,-1826.8499999999985,-6.027865079561479,-72197.26000000001,92345.34,1676361.0399999998,70564.33,783584.23,1.6476799999999998,271.5,110,,
2026-05-28T13:48:52 ET,2026-05-28T13:45:00 ET,2026-05-28,Thu,1348ET,2026-05-28,30306.75,736.395,29997.7,POSITIVE,NEUTRAL,21.48,0.713,10.45,15.4,15.32,18.81,28520.8,693.0,-1785.9500000000007,-5.892911645095567,-1567903.97,2096730.1300000001,12076982.33,12631344.97,15358697.690000001,42.023233000000005,2251.8199999999997,1919,,
2026-05-28T13:48:52 ET,2026-05-28T13:45:00 ET,2026-05-28,Thu,1348ET,2026-05-29,30306.75,736.395,29997.7,POSITIVE,NEUTRAL,21.48,0.713,10.45,15.4,15.32,18.81,28521.05,693.0,-1785.7000000000007,-5.892086746351888,-748233.1500000001,1833618.05,8828420.509999998,5515268.83,47313904.8,96.278857,2573.65,2257,,
2026-05-28T13:48:52 ET,2026-05-28T13:45:00 ET,2026-05-28,Thu,1348ET,2026-06-01,30306.75,736.395,29997.7,POSITIVE,NEUTRAL,21.48,0.713,10.45,15.4,15.32,18.81,28521.05,693.0,-1785.7000000000007,-5.892086746351888,-148300.62,160733.0,3415585.75,119944.06,342859.48,0.7626189999999999,465.46,181,,
2026-05-28T13:48:52 ET,2026-05-28T13:45:00 ET,2026-05-28,Thu,1348ET,2026-05-28,30306.75,736.395,29997.7,POSITIVE,NEUTRAL,21.48,0.713,10.45,15.4,15.32,18.81,28561.96,694.0,-1744.7900000000009,-5.757100315936222,-675798.3600000001,949942.98,5287142.31,5588785.64,8439014.04,22.455319,980.98,894,,
2026-05-28T13:48:52 ET,2026-05-28T13:45:00 ET,2026-05-28,Thu,1348ET,2026-05-29,30306.75,736.395,29997.7,POSITIVE,NEUTRAL,21.48,0.713,10.45,15.4,15.32,18.81,28562.21,694.0,-1744.5400000000009,-5.756275417192542,-69397.48999999999,1716761.67,820525.0099999998,5041564.5600000005,71706113.36999999,148.383451,2347.99,2078,,
2026-05-28T13:48:52 ET,2026-05-28T13:45:00 ET,2026-05-28,Thu,1348ET,2026-06-01,30306.75,736.395,29997.7,POSITIVE,NEUTRAL,21.48,0.713,10.45,15.4,15.32,18.81,28562.21,694.0,-1744.5400000000009,-5.756275417192542,-106373.06,136496.4,2428682.53,99417.05,1032793.7400000001,2.4351830000000003,389.35999999999996,145,,
2026-05-28T13:48:52 ET,2026-05-28T13:45:00 ET,2026-05-28,Thu,1348ET,2026-05-28,30306.75,736.395,29997.7,POSITIVE,NEUTRAL,21.48,0.713,10.45,15.4,15.32,18.81,28603.12,695.0,-1703.630000000001,-5.621288986776876,-2346247.8,2666096.88,18643845.080000002,15309454.17,8586260.229999999,22.184772,2645.89,2584,,
2026-05-28T13:48:52 ET,2026-05-28T13:45:00 ET,2026-05-28,Thu,1348ET,2026-05-29,30306.75,736.395,29997.7,POSITIVE,NEUTRAL,21.48,0.713,10.45,15.4,15.32,18.81,28603.36,695.0,-1703.3899999999994,-5.620497083982939,-12757926.930000002,33284148.590000004,151083522.40000004,95377103.53999999,865016749.49,1824.915763,44354.68,39517,,
2026-05-28T13:48:52 ET,2026-05-28T13:45:00 ET,2026-05-28,Thu,1348ET,2026-06-01,30306.75,736.395,29997.7,POSITIVE,NEUTRAL,21.48,0.713,10.45,15.4,15.32,18.81,28603.36,695.0,-1703.3899999999994,-5.620497083982939,-399001.97,695003.4299999999,9025252.3,493791.48,10163445.68,25.457041999999998,1953.0,695,,
2026-05-28T13:48:52 ET,2026-05-28T13:45:00 ET,2026-05-28,Thu,1348ET,2026-05-28,30306.75,736.395,29997.7,POSITIVE,NEUTRAL,21.48,0.713,10.45,15.4,15.32,18.81,28644.27,696.0,-1662.4799999999996,-5.485510653567273,-8312929.7,8390957.2,67090063.79,47000067.57,-5578928.800000001,-13.975629999999999,7998.2699999999995,8388,,
2026-05-28T13:48:52 ET,2026-05-28T13:45:00 ET,2026-05-28,Thu,1348ET,2026-05-29,30306.75,736.395,29997.7,POSITIVE,NEUTRAL,21.48,0.713,10.45,15.4,15.32,18.81,28644.52,696.0,-1662.2299999999996,-5.4846857548235946,-4325096.9,5237818.92,51273461.31,14636943.860000001,34089948.35,73.523103,6800.52,6083,,
2026-05-28T13:48:52 ET,2026-05-28T13:45:00 ET,2026-05-28,Thu,1348ET,2026-06-01,30306.75,736.395,29997.7,POSITIVE,NEUTRAL,21.48,0.713,10.45,15.4,15.32,18.81,28644.52,696.0,-1662.2299999999996,-5.4846857548235946,-339594.56,475858.2,7605092.859999999,329602.01,4213347.67,11.234717,1317.3899999999999,447,,
2026-05-28T13:48:52 ET,2026-05-28T13:45:00 ET,2026-05-28,Thu,1348ET,2026-05-28,30306.75,736.395,29997.7,POSITIVE,NEUTRAL,21.48,0.713,10.45,15.4,15.32,18.81,28685.43,697.0,-1621.3199999999997,-5.349699324407927,-399016.77999999997,540415.94,3270492.94,2950835.98,4859194.699999999,11.784896,494.48,558,,
2026-05-28T13:48:52 ET,2026-05-28T13:45:00 ET,2026-05-28,Thu,1348ET,2026-05-29,30306.75,736.395,29997.7,POSITIVE,NEUTRAL,21.48,0.713,10.45,15.4,15.32,18.81,28685.68,697.0,-1621.0699999999997,-5.348874425664249,-1447013.37,2815451.87,17162586.22,7667792.28,54481853.25,120.478703,3561.2799999999997,3189,,
2026-05-28T13:48:52 ET,2026-05-28T13:45:00 ET,2026-05-28,Thu,1348ET,2026-06-01,30306.75,736.395,29997.7,POSITIVE,NEUTRAL,21.48,0.713,10.45,15.4,15.32,18.81,28685.68,697.0,-1621.0699999999997,-5.348874425664249,-196470.03,282780.57,4353103.0600000005,190828.37,2503373.3000000003,7.1209940000000005,771.33,249,,
2026-05-28T13:48:52 ET,2026-05-28T13:45:00 ET,2026-05-28,Thu,1348ET,2026-05-28,30306.75,736.395,29997.7,POSITIVE,NEUTRAL,21.48,0.713,10.45,15.4,15.32,18.81,28726.58,698.0,-1580.1699999999983,-5.213920991198324,-1719155.56,1822155.08,14309354.209999999,9692713.93,2398581.77,5.624249000000001,1599.57,1946,,
2026-05-28T13:48:52 ET,2026-05-28T13:45:00 ET,2026-05-28,Thu,1348ET,2026-05-29,30306.75,736.395,29997.7,POSITIVE,NEUTRAL,21.48,0.713,10.45,15.4,15.32,18.81,28726.83,698.0,-1579.9199999999983,-5.213096092454646,-927163.91,2016876.65,10995501.190000001,5349818.93,42376174.5,96.386752,2485.36,2221,,
2026-05-28T13:48:52 ET,2026-05-28T13:45:00 ET,2026-05-28,Thu,1348ET,2026-06-01,30306.75,736.395,29997.7,POSITIVE,NEUTRAL,21.48,0.713,10.45,15.4,15.32,18.81,28726.83,698.0,-1579.9199999999983,-5.213096092454646,-211242.69000000003,422485.37,4627287.77,277585.8,5968463.96,18.149297,1135.55,348,,
2026-05-28T13:48:52 ET,2026-05-28T13:45:00 ET,2026-05-28,Thu,1348ET,2026-05-28,30306.75,736.395,29997.7,POSITIVE,NEUTRAL,21.48,0.713,10.45,15.4,15.32,18.81,28767.74,699.0,-1539.0099999999984,-5.07810966203898,-1001818.1000000001,1095851.56,8466993.700000001,5674837.77,2887792.51,6.538568,922.37,1212,,
2026-05-28T13:48:52 ET,2026-05-28T13:45:00 ET,2026-05-28,Thu,1348ET,2026-05-29,30306.75,736.395,29997.7,POSITIVE,NEUTRAL,21.48,0.713,10.45,15.4,15.32,18.81,28767.99,699.0,-1538.7599999999984,-5.0772847632953,-90910.27000000002,3837912.77,1077294.6600000001,9908150.93,143847039.54,337.681247,4607.27,4095,,
2026-05-28T13:48:52 ET,2026-05-28T13:45:00 ET,2026-05-28,Thu,1348ET,2026-06-01,30306.75,736.395,29997.7,POSITIVE,NEUTRAL,21.48,0.713,10.45,15.4,15.32,18.81,28767.99,699.0,-1538.7599999999984,-5.0772847632953,-1083297.18,1270565.84,23442335.96,812214.27,3992364.57,13.004617999999999,3365.34,977,,
2026-05-28T13:48:52 ET,2026-05-28T13:45:00 ET,2026-05-28,Thu,1348ET,2026-05-28,30306.75,736.395,29997.7,POSITIVE,NEUTRAL,21.48,0.713,10.45,15.4,15.32,18.81,28808.89,700.0,-1497.8600000000006,-4.942331328829388,-1838447.73,2755927.35,15774877.12,13883334.86,36491467.56,79.69654899999999,2222.83,3160,,
2026-05-28T13:48:52 ET,2026-05-28T13:45:00 ET,2026-05-28,Thu,1348ET,2026-05-29,30306.75,736.395,29997.7,POSITIVE,NEUTRAL,21.48,0.713,10.45,15.4,15.32,18.81,28809.14,700.0,-1497.6100000000006,-4.941506430085709,-10401003.68,41264239.54,123070181.00999999,103607979.12,1135378639.48,2760.763139,48256.64,42506,,
2026-05-28T13:48:52 ET,2026-05-28T13:45:00 ET,2026-05-28,Thu,1348ET,2026-06-01,30306.75,736.395,29997.7,POSITIVE,NEUTRAL,21.48,0.713,10.45,15.4,15.32,18.81,28809.14,700.0,-1497.6100000000006,-4.941506430085709,-1074813.89,2481842.99,22958467.25,1542462.2799999998,34566007.410000004,120.852763,6478.76,1778,,
2026-05-28T13:48:52 ET,2026-05-28T13:45:00 ET,2026-05-28,Thu,1348ET,2026-05-28,30306.75,736.395,29997.7,POSITIVE,NEUTRAL,21.48,0.713,10.45,15.4,15.32,18.81,28850.05,701.0,-1456.7000000000007,-4.8065199996700425,-882496.6,1020334.16,7686436.41,4996411.640000001,5252205.76,11.054344,788.15,1214,,
2026-05-28T13:48:52 ET,2026-05-28T13:45:00 ET,2026-05-28,Thu,1348ET,2026-05-29,30306.75,736.395,29997.7,POSITIVE,NEUTRAL,21.48,0.713,10.45,15.4,15.32,18.81,28850.3,701.0,-1456.4500000000007,-4.805695100926364,685405.5800000001,3980197.62,-8091900.91,9712082.5,166862903.45,421.89315200000004,4534.43,3943,,
2026-05-28T13:48:52 ET,2026-05-28T13:45:00 ET,2026-05-28,Thu,1348ET,2026-06-01,30306.75,736.395,29997.7,POSITIVE,NEUTRAL,21.48,0.713,10.45,15.4,15.32,18.81,28850.3,701.0,-1456.4500000000007,-4.805695100926364,-198154.35,513399.89,4174435.3499999996,309972.82,7207089.08,27.099069,1321.01,342,,
2026-05-28T13:48:52 ET,2026-05-28T13:45:00 ET,2026-05-28,Thu,1348ET,2026-05-28,30306.75,736.395,29997.7,POSITIVE,NEUTRAL,21.48,0.713,10.45,15.4,15.32,18.81,28891.2,702.0,-1415.5499999999993,-4.670741666460439,-1231167.65,1407626.9100000001,10882567.459999999,6694834.07,7000229.9,14.189523,1040.7,1739,,
2026-05-28T13:48:52 ET,2026-05-28T13:45:00 ET,2026-05-28,Thu,1348ET,2026-05-29,30306.75,736.395,29997.7,POSITIVE,NEUTRAL,21.48,0.713,10.45,15.4,15.32,18.81,28891.46,702.0,-1415.2900000000009,-4.669883771767019,643939.5900000001,4817426.99,-7579090.869999997,11414547.34,186878400.09,493.319007,5346.59,4571,,
2026-05-28T13:48:52 ET,2026-05-28T13:45:00 ET,2026-05-28,Thu,1348ET,2026-06-01,30306.75,736.395,29997.7,POSITIVE,NEUTRAL,21.48,0.713,10.45,15.4,15.32,18.81,28891.46,702.0,-1415.2900000000009,-4.669883771767019,-451274.67,920341.55,9367561.91,539368.41,9739777.49,39.459413000000005,2334.46,569,,
2026-05-28T13:48:52 ET,2026-05-28T13:45:00 ET,2026-05-28,Thu,1348ET,2026-05-28,30306.75,736.395,29997.7,POSITIVE,NEUTRAL,21.48,0.713,10.45,15.4,15.32,18.81,28932.36,703.0,-1374.3899999999994,-4.534930337301094,-2586530.4,2680047.6199999996,23196268.64,12369654.07,2569692.34,5.014862000000001,1895.3899999999999,3439,,
2026-05-28T13:48:52 ET,2026-05-28T13:45:00 ET,2026-05-28,Thu,1348ET,2026-05-29,30306.75,736.395,29997.7,POSITIVE,NEUTRAL,21.48,0.713,10.45,15.4,15.32,18.81,28932.61,703.0,-1374.1399999999994,-4.5341054385574155,-1005639.2,3684396.8,11789603.370000001,8469786.33,86323651.82,238.943612,3983.71,3334,,
2026-05-28T13:48:52 ET,2026-05-28T13:45:00 ET,2026-05-28,Thu,1348ET,2026-06-01,30306.75,736.395,29997.7,POSITIVE,NEUTRAL,21.48,0.713,10.45,15.4,15.32,18.81,28932.61,703.0,-1374.1399999999994,-4.5341054385574155,-804882.84,1220418.88,16447267.309999999,693639.09,7522824.42,32.898605,3052.0,699,,
2026-05-28T13:48:52 ET,2026-05-28T13:45:00 ET,2026-05-28,Thu,1348ET,2026-05-28,30306.75,736.395,29997.7,POSITIVE,NEUTRAL,21.48,0.713,10.45,15.4,15.32,18.81,28973.52,704.0,-1333.2299999999996,-4.399119008141749,-1220056.95,1317601.47,11097562.59,5896114.96,3927182.0100000002,7.379179000000001,890.85,1756,,
2026-05-28T13:48:52 ET,2026-05-28T13:45:00 ET,2026-05-28,Thu,1348ET,2026-05-29,30306.75,736.395,29997.7,POSITIVE,NEUTRAL,21.48,0.713,10.45,15.4,15.32,18.81,28973.77,704.0,-1332.9799999999996,-4.39829410939807,-5320794.359999999,9925708.48,62073219.83,22117399.990000002,137951469.64000002,402.213279,10455.970000000001,8527,,
2026-05-28T13:48:52 ET,2026-05-28T13:45:00 ET,2026-05-28,Thu,1348ET,2026-06-01,30306.75,736.395,29997.7,POSITIVE,NEUTRAL,21.48,0.713,10.45,15.4,15.32,18.81,28973.77,704.0,-1332.9799999999996,-4.39829410939807,-192565.07999999996,853327.62,3869664.5500000007,469920.73,12020659.72,56.84215,2104.21,452,,
2026-05-28T13:48:52 ET,2026-05-28T13:45:00 ET,2026-05-28,Thu,1348ET,2026-05-28,30306.75,736.395,29997.7,POSITIVE,NEUTRAL,21.48,0.713,10.45,15.4,15.32,18.81,29014.67,705.0,-1292.0800000000017,-4.263340674932158,-1071969.84,2031899.68,9885773.600000001,8807052.87,47643932.53,86.241544,1312.6,2811,,
2026-05-28T13:48:52 ET,2026-05-28T13:45:00 ET,2026-05-28,Thu,1348ET,2026-05-29,30306.75,736.395,29997.7,POSITIVE,NEUTRAL,21.48,0.713,10.45,15.4,15.32,18.81,29014.92,705.0,-1291.8300000000017,-4.262515776188478,-34775259.15,67434041.93,403294142.53,145511526.56,924827520.66,2853.749389,69214.27,54738,,
2026-05-28T13:48:52 ET,2026-05-28T13:45:00 ET,2026-05-28,Thu,1348ET,2026-06-01,30306.75,736.395,29997.7,POSITIVE,NEUTRAL,21.48,0.713,10.45,15.4,15.32,18.81,29014.92,705.0,-1291.8300000000017,-4.262515776188478,-3799065.3200000003,7336408.16,74996248.28,3910629.38,56260515.349999994,288.137363,17840.75,3588,,
2026-05-28T13:48:52 ET,2026-05-28T13:45:00 ET,2026-05-28,Thu,1348ET,2026-05-28,30306.75,736.395,29997.7,POSITIVE,NEUTRAL,21.48,0.713,10.45,15.4,15.32,18.81,29055.83,706.0,-1250.9199999999983,-4.127529345772801,-1593604.9100000001,1731633.69,14893342.15,7262458.83,6281466.84,10.965616,1068.1899999999998,2484,,
2026-05-28T13:48:52 ET,2026-05-28T13:45:00 ET,2026-05-28,Thu,1348ET,2026-05-29,30306.75,736.395,29997.7,POSITIVE,NEUTRAL,21.48,0.713,10.45,15.4,15.32,18.81,29056.08,706.0,-1250.6699999999983,-4.126704447029121,-1816044.8499999999,4690794.07,20913128.120000005,9791790.1,77287122.82000001,253.65025400000002,4691.5599999999995,3580,,
2026-05-28T13:48:52 ET,2026-05-28T13:45:00 ET,2026-05-28,Thu,1348ET,2026-06-01,30306.75,736.395,29997.7,POSITIVE,NEUTRAL,21.48,0.713,10.45,15.4,15.32,18.81,29056.08,706.0,-1250.6699999999983,-4.126704447029121,-283892.92000000004,1104520.9,5499046.459999999,569289.75,12503223.09,69.45945900000001,2649.25,498,,
2026-05-28T13:48:52 ET,2026-05-28T13:45:00 ET,2026-05-28,Thu,1348ET,2026-05-28,30306.75,736.395,29997.7,POSITIVE,NEUTRAL,21.48,0.713,10.45,15.4,15.32,18.81,29096.98,707.0,-1209.7700000000004,-3.991751012563209,-848626.83,1192118.65,8033028.380000001,4832477.0600000005,18121875.680000003,30.56447,701.84,1770,,
2026-05-28T13:48:52 ET,2026-05-28T13:45:00 ET,2026-05-28,Thu,1348ET,2026-05-29,30306.75,736.395,29997.7,POSITIVE,NEUTRAL,21.48,0.713,10.45,15.4,15.32,18.81,29097.24,707.0,-1209.5099999999984,-3.990893117869776,-1826594.3599999999,4168669.32,20861882.049999997,8408771.06,58516245.07,205.307961,4063.25,2976,,
2026-05-28T13:48:52 ET,2026-05-28T13:45:00 ET,2026-05-28,Thu,1348ET,2026-06-01,30306.75,736.395,29997.7,POSITIVE,NEUTRAL,21.48,0.713,10.45,15.4,15.32,18.81,29097.24,707.0,-1209.5099999999984,-3.990893117869776,-597469.45,1180483.99,11342001.309999999,587660.41,7712570.579999999,46.540174,2793.16,490,,
2026-05-28T13:48:52 ET,2026-05-28T13:45:00 ET,2026-05-28,Thu,1348ET,2026-05-28,30306.75,736.395,29997.7,POSITIVE,NEUTRAL,21.48,0.713,10.45,15.4,15.32,18.81,29138.14,708.0,-1168.6100000000006,-3.855939683403864,-726784.1699999999,1049074.47,6963801.5,4105537.61,17643408.09,28.825063,589.14,1608,,
2026-05-28T13:48:52 ET,2026-05-28T13:45:00 ET,2026-05-28,Thu,1348ET,2026-05-29,30306.75,736.395,29997.7,POSITIVE,NEUTRAL,21.48,0.713,10.45,15.4,15.32,18.81,29138.39,708.0,-1168.3600000000006,-3.855114784660185,-364317.0900000001,4218249.95,4121403.6899999976,8212500.18,91228964.78,344.00261700000004,4007.5,2802,,
2026-05-28T13:48:52 ET,2026-05-28T13:45:00 ET,2026-05-28,Thu,1348ET,2026-06-01,30306.75,736.395,29997.7,POSITIVE,NEUTRAL,21.48,0.713,10.45,15.4,15.32,18.81,29138.39,708.0,-1168.3600000000006,-3.855114784660185,-552855.7699999999,2271686.9899999998,10272193.009999998,1090932.35,21843861.87,143.358562,5303.23,867,,
2026-05-28T13:48:52 ET,2026-05-28T13:45:00 ET,2026-05-28,Thu,1348ET,2026-05-28,30306.75,736.395,29997.7,POSITIVE,NEUTRAL,21.48,0.713,10.45,15.4,15.32,18.81,29179.29,709.0,-1127.4599999999991,-3.7201613501942608,-1113698.6600000001,1345824.92,10793648.450000001,5078322.7,12814811.28,20.352742,720.55,2122,,
2026-05-28T13:48:52 ET,2026-05-28T13:45:00 ET,2026-05-28,Thu,1348ET,2026-05-29,30306.75,736.395,29997.7,POSITIVE,NEUTRAL,21.48,0.713,10.45,15.4,15.32,18.81,29179.55,709.0,-1127.2000000000007,-3.71930345550084,-312335.8400000003,7492806.48,3494861.960000001,14062011.46,157231583.06,640.656431,6939.43,4606,,
2026-05-28T13:48:52 ET,2026-05-28T13:45:00 ET,2026-05-28,Thu,1348ET,2026-06-01,30306.75,736.395,29997.7,POSITIVE,NEUTRAL,21.48,0.713,10.45,15.4,15.32,18.81,29179.55,709.0,-1127.2000000000007,-3.71930345550084,-305251.93,978517.8500000001,5543510.3100000005,452729.53,7691745.5,54.962232,2254.1800000000003,343,,
2026-05-28T13:48:52 ET,2026-05-28T13:45:00 ET,2026-05-28,Thu,1348ET,2026-05-28,30306.75,736.395,29997.7,POSITIVE,NEUTRAL,21.48,0.713,10.45,15.4,15.32,18.81,29220.45,710.0,-1086.2999999999993,-3.5843500210349157,-1564715.2400000002,2130886.94,15325830.979999999,7742381.29,32663969.46,50.668544999999995,1087.17,3440,,
2026-05-28T13:48:52 ET,2026-05-28T13:45:00 ET,2026-05-28,Thu,1348ET,2026-05-29,30306.75,736.395,29997.7,POSITIVE,NEUTRAL,21.48,0.713,10.45,15.4,15.32,18.81,29220.7,710.0,-1086.0499999999993,-3.583525122291236,-22621389.37,56519889.55,249980927.75000003,102111581.16,666876328.84,2952.482226,51038.88,31976,,
2026-05-28T13:48:52 ET,2026-05-28T13:45:00 ET,2026-05-28,Thu,1348ET,2026-06-01,30306.75,736.395,29997.7,POSITIVE,NEUTRAL,21.48,0.713,10.45,15.4,15.32,18.81,29220.7,710.0,-1086.0499999999993,-3.583525122291236,-963804.8999999999,5658467.4399999995,17082293.659999996,2518747.63,49805281.92,387.853448,12865.470000000001,1820,,
2026-05-28T13:48:52 ET,2026-05-28T13:45:00 ET,2026-05-28,Thu,1348ET,2026-05-28,30306.75,736.395,29997.7,POSITIVE,NEUTRAL,21.48,0.713,10.45,15.4,15.32,18.81,29261.6,711.0,-1045.1500000000015,-3.448571687825324,-653071.77,1383440.95,6458115.33,4833110.42,43576587.83,66.41740700000001,672.29,2273,,
2026-05-28T13:48:52 ET,2026-05-28T13:45:00 ET,2026-05-28,Thu,1348ET,2026-05-29,30306.75,736.395,29997.7,POSITIVE,NEUTRAL,21.48,0.713,10.45,15.4,15.32,18.81,29261.86,711.0,-1044.8899999999994,-3.447713793131891,4469130.08,14380787.62,-48693372.830000006,24974242.49,349500738.03,1690.72338,12664.81,7446,,
2026-05-28T13:48:52 ET,2026-05-28T13:45:00 ET,2026-05-28,Thu,1348ET,2026-06-01,30306.75,736.395,29997.7,POSITIVE,NEUTRAL,21.48,0.713,10.45,15.4,15.32,18.81,29261.86,711.0,-1044.8899999999994,-3.447713793131891,-74598.79999999993,1586919.88,1288333.0499999989,678584.3200000001,14788871.4,125.60560000000001,3561.7799999999997,468,,
2026-05-28T13:48:52 ET,2026-05-28T13:45:00 ET,2026-05-28,Thu,1348ET,2026-05-28,30306.75,736.395,29997.7,POSITIVE,NEUTRAL,21.48,0.713,10.45,15.4,15.32,18.81,29302.76,712.0,-1003.9900000000016,-3.312760358665979,-1194791.77,1624989.1099999999,11914940.940000001,5449889.3,25614879.24,38.648205000000004,751.86,2697,,
2026-05-28T13:48:52 ET,2026-05-28T13:45:00 ET,2026-05-28,Thu,1348ET,2026-05-29,30306.75,736.395,29997.7,POSITIVE,NEUTRAL,21.48,0.713,10.45,15.4,15.32,18.81,29303.01,712.0,-1003.7400000000016,-3.3119354599223003,893418.4499999997,7017897.43,-9580274.559999999,11696785.39,132515569.95,704.376003,6029.030000000001,3307,,
2026-05-28T13:48:52 ET,2026-05-28T13:45:00 ET,2026-05-28,Thu,1348ET,2026-06-01,30306.75,736.395,29997.7,POSITIVE,NEUTRAL,21.48,0.713,10.45,15.4,15.32,18.81,29303.01,712.0,-1003.7400000000016,-3.3119354599223003,-3230345.71,4429236.89,54267671.37,1816495.0999999999,7346934.059999999,68.09351,9815.45,1197,,
2026-05-28T13:48:52 ET,2026-05-28T13:45:00 ET,2026-05-28,Thu,1348ET,2026-05-28,30306.75,736.395,29997.7,POSITIVE,NEUTRAL,21.48,0.713,10.45,15.4,15.32,18.81,29343.92,713.0,-962.8300000000017,-3.1769490295066336,-701880.7200000001,979984.4,7049149.030000001,3149851.04,16625786.280000001,25.061927,431.57,1628,,
2026-05-28T13:48:52 ET,2026-05-28T13:45:00 ET,2026-05-28,Thu,1348ET,2026-05-29,30306.75,736.395,29997.7,POSITIVE,NEUTRAL,21.48,0.713,10.45,15.4,15.32,18.81,29344.17,713.0,-962.5800000000017,-3.176124130762955,1442023.94,6736479.359999999,-15188632.349999998,10757180.190000001,123919272.97,727.7815390000001,5647.04,2873,,
2026-05-28T13:48:52 ET,2026-05-28T13:45:00 ET,2026-05-28,Thu,1348ET,2026-06-01,30306.75,736.395,29997.7,POSITIVE,NEUTRAL,21.48,0.713,10.45,15.4,15.32,18.81,29344.17,713.0,-962.5800000000017,-3.176124130762955,-432211.79999999993,2484208.06,7049903.210000001,975399.8800000001,16114355.87,163.038669,5436.5599999999995,615,,
2026-05-28T13:48:52 ET,2026-05-28T13:45:00 ET,2026-05-28,Thu,1348ET,2026-05-28,30306.75,736.395,29997.7,POSITIVE,NEUTRAL,21.48,0.713,10.45,15.4,15.32,18.81,29385.07,714.0,-921.6800000000003,-3.0411706962970304,-1009450.2100000001,1239312.9700000002,10194343.3,3810516.03,13456688.28,20.491913,519.32,2038,,
2026-05-28T13:48:52 ET,2026-05-28T13:45:00 ET,2026-05-28,Thu,1348ET,2026-05-29,30306.75,736.395,29997.7,POSITIVE,NEUTRAL,21.48,0.713,10.45,15.4,15.32,18.81,29385.33,714.0,-921.4199999999983,-3.0403128016035974,-10768538.27,16723274.25,111171919.23,25537793.92,73098636.80000001,476.93630400000006,13683.35,6420,,
2026-05-28T13:48:52 ET,2026-05-28T13:45:00 ET,2026-05-28,Thu,1348ET,2026-06-01,30306.75,736.395,29997.7,POSITIVE,NEUTRAL,21.48,0.713,10.45,15.4,15.32,18.81,29385.33,714.0,-921.4199999999983,-3.0403128016035974,-1080467.64,2703374.12,17077561.55,1014271.97,10707330.01,118.274654,5843.71,613,,
2026-05-28T13:48:52 ET,2026-05-28T13:45:00 ET,2026-05-28,Thu,1348ET,2026-05-28,30306.75,736.395,29997.7,POSITIVE,NEUTRAL,21.48,0.713,10.45,15.4,15.32,18.81,29426.23,715.0,-880.5200000000004,-2.9053593671376854,-1736724.8800000001,2913215.9400000004,17604677.3,8551311.290000001,68561020.47,106.873887,1161.33,4680,,
2026-05-28T13:48:52 ET,2026-05-28T13:45:00 ET,2026-05-28,Thu,1348ET,2026-05-29,30306.75,736.395,29997.7,POSITIVE,NEUTRAL,21.48,0.713,10.45,15.4,15.32,18.81,29426.48,715.0,-880.2700000000004,-2.904534468394006,-11848843.229999999,43406970.25,119615661.41,63260741.94,370877999.48,2702.448556,34678.869999999995,14921,,
2026-05-28T13:48:52 ET,2026-05-28T13:45:00 ET,2026-05-28,Thu,1348ET,2026-06-01,30306.75,736.395,29997.7,POSITIVE,NEUTRAL,21.48,0.713,10.45,15.4,15.32,18.81,29426.48,715.0,-880.2700000000004,-2.904534468394006,717324.2400000002,7534311.7,-10962680.950000003,2695448.6100000003,55106993.87,664.50887,16090.36,1565,,
2026-05-28T13:48:52 ET,2026-05-28T13:45:00 ET,2026-05-28,Thu,1348ET,2026-05-28,30306.75,736.395,29997.7,POSITIVE,NEUTRAL,21.48,0.713,10.45,15.4,15.32,18.81,29467.38,716.0,-839.369999999999,-2.769581033928082,-1753842.8900000001,2012712.69,17807804.919999998,5627827.6899999995,14052927.72,22.77486,763.21,3110,,
2026-05-28T13:48:52 ET,2026-05-28T13:45:00 ET,2026-05-28,Thu,1348ET,2026-05-29,30306.75,736.395,29997.7,POSITIVE,NEUTRAL,21.48,0.713,10.45,15.4,15.32,18.81,29467.64,716.0,-839.1100000000006,-2.768723139234661,-2092996.73,7728741.43,20608079.77,10725736.55,58495446.949999996,478.406866,6031.37,2367,,
2026-05-28T13:48:52 ET,2026-05-28T13:45:00 ET,2026-05-28,Thu,1348ET,2026-06-01,30306.75,736.395,29997.7,POSITIVE,NEUTRAL,21.48,0.713,10.45,15.4,15.32,18.81,29467.64,716.0,-839.1100000000006,-2.768723139234661,3777307.49,8516015.91,-55686095.69,2898402.67,77010357.79,1013.368525,17971.97,1621,,
2026-05-28T13:48:52 ET,2026-05-28T13:45:00 ET,2026-05-28,Thu,1348ET,2026-05-28,30306.75,736.395,29997.7,POSITIVE,NEUTRAL,21.48,0.713,10.45,15.4,15.32,18.81,29508.54,717.0,-798.2099999999991,-2.6337697047687367,-743309.0,1605136.38,7541730.65,4264964.24,45806827.29,78.58458599999999,578.97,2343,,
2026-05-28T13:48:52 ET,2026-05-28T13:45:00 ET,2026-05-28,Thu,1348ET,2026-05-29,30306.75,736.395,29997.7,POSITIVE,NEUTRAL,21.48,0.713,10.45,15.4,15.32,18.81,29508.79,717.0,-797.9599999999991,-2.6329448060250575,-3207013.9799999995,9540038.14,30711304.77,12576055.370000001,57108867.24,526.6851399999999,7275.14,2591,,
2026-05-28T13:48:52 ET,2026-05-28T13:45:00 ET,2026-05-28,Thu,1348ET,2026-06-01,30306.75,736.395,29997.7,POSITIVE,NEUTRAL,21.48,0.713,10.45,15.4,15.32,18.81,29508.79,717.0,-797.9599999999991,-2.6329448060250575,4623553.18,8794490.88,-65581888.45999999,2840267.55,76664992.95,1100.1812610000002,18344.6,1535,,
2026-05-28T13:48:52 ET,2026-05-28T13:45:00 ET,2026-05-28,Thu,1348ET,2026-05-28,30306.75,736.395,29997.7,POSITIVE,NEUTRAL,21.48,0.713,10.45,15.4,15.32,18.81,29549.69,718.0,-757.0600000000013,-2.4979913715591455,-1499858.6199999999,2096544.72,15164571.889999999,5279416.159999999,29038062.029999997,53.832682,719.41,2832,,
2026-05-28T13:48:52 ET,2026-05-28T13:45:00 ET,2026-05-28,Thu,1348ET,2026-05-29,30306.75,736.395,29997.7,POSITIVE,NEUTRAL,21.48,0.713,10.45,15.4,15.32,18.81,29549.95,718.0,-756.7999999999993,-2.497133476865712,-5766452.81,15047815.030000001,53540055.1,18791525.240000002,72153809.97,753.5475299999999,11218.89,3609,,
2026-05-28T13:48:52 ET,2026-05-28T13:45:00 ET,2026-05-28,Thu,1348ET,2026-06-01,30306.75,736.395,29997.7,POSITIVE,NEUTRAL,21.48,0.713,10.45,15.4,15.32,18.81,29549.95,718.0,-756.7999999999993,-2.497133476865712,-10324993.28,14657245.6,140511538.56,4479170.12,9390720.08,146.831079,30226.86,2348,,
2026-05-28T13:48:52 ET,2026-05-28T13:45:00 ET,2026-05-28,Thu,1348ET,2026-05-28,30306.75,736.395,29997.7,POSITIVE,NEUTRAL,21.48,0.713,10.45,15.4,15.32,18.81,29590.85,719.0,-715.9000000000015,-2.3621800423998,-4765442.33,5544944.23,47859503.830000006,13193520.0,33435931.759999998,68.55847899999999,1810.57,6772,,
2026-05-28T13:48:52 ET,2026-05-28T13:45:00 ET,2026-05-28,Thu,1348ET,2026-05-29,30306.75,736.395,29997.7,POSITIVE,NEUTRAL,21.48,0.713,10.45,15.4,15.32,18.81,29591.11,719.0,-715.6399999999994,-2.361322147706367,-2246286.83,21391853.85,20151423.540000007,25229926.770000003,134777692.16,1599.8147780000002,15600.08,4514,,
2026-05-28T13:48:52 ET,2026-05-28T13:45:00 ET,2026-05-28,Thu,1348ET,2026-06-01,30306.75,736.395,29997.7,POSITIVE,NEUTRAL,21.48,0.713,10.45,15.4,15.32,18.81,29591.11,719.0,-715.6399999999994,-2.361322147706367,2119517.6200000006,8450897.18,-27587756.430000007,2435974.99,47822724.27,813.732328,17234.34,1244,,
2026-05-28T13:48:52 ET,2026-05-28T13:45:00 ET,2026-05-28,Thu,1348ET,2026-05-28,30306.75,736.395,29997.7,POSITIVE,NEUTRAL,21.48,0.713,10.45,15.4,15.32,18.81,29632.0,720.0,-674.75,-2.226401709190197,-5206912.76,7238380.0600000005,51750750.49,16219456.059999999,78461592.81,182.59307700000002,2250.0,7789,,
2026-05-28T13:48:52 ET,2026-05-28T13:45:00 ET,2026-05-28,Thu,1348ET,2026-05-29,30306.75,736.395,29997.7,POSITIVE,NEUTRAL,21.48,0.713,10.45,15.4,15.32,18.81,29632.26,720.0,-674.4900000000016,-2.225543814496776,-5489036.93,108105934.11000001,47395275.82000005,120011594.69999999,628386364.14,8503.427592,77155.2,20010,,
2026-05-28T13:48:52 ET,2026-05-28T13:45:00 ET,2026-05-28,Thu,1348ET,2026-06-01,30306.75,736.395,29997.7,POSITIVE,NEUTRAL,21.48,0.713,10.45,15.4,15.32,18.81,29632.26,720.0,-674.4900000000016,-2.225543814496776,811984.5700000003,21465919.41,-10073445.690000013,5815728.449999999,86654382.64,1602.176824,43301.7,2908,,
2026-05-28T13:48:52 ET,2026-05-28T13:45:00 ET,2026-05-28,Thu,1348ET,2026-05-28,30306.75,736.395,29997.7,POSITIVE,NEUTRAL,21.48,0.713,10.45,15.4,15.32,18.81,29673.16,721.0,-633.5900000000001,-2.090590380030852,-1995003.08,3034270.58,19537956.35,6378922.85,34454245.28,93.59919000000001,898.42,2797,,
2026-05-28T13:48:52 ET,2026-05-28T13:45:00 ET,2026-05-28,Thu,1348ET,2026-05-29,30306.75,736.395,29997.7,POSITIVE,NEUTRAL,21.48,0.713,10.45,15.4,15.32,18.81,29673.42,721.0,-633.3300000000017,-2.089732485337431,5086650.460000001,32371838.560000002,-42091858.07000001,33696632.05,201999518.57999998,3123.344132,22624.230000000003,5244,,
2026-05-28T13:48:52 ET,2026-05-28T13:45:00 ET,2026-05-28,Thu,1348ET,2026-06-01,30306.75,736.395,29997.7,POSITIVE,NEUTRAL,21.48,0.713,10.45,15.4,15.32,18.81,29673.42,721.0,-633.3300000000017,-2.089732485337431,3362679.03,10776585.67,-39608111.42,2733246.65,52504567.79,1052.9264460000002,21508.76,1346,,
2026-05-28T13:48:52 ET,2026-05-28T13:45:00 ET,2026-05-28,Thu,1348ET,2026-05-28,30306.75,736.395,29997.7,POSITIVE,NEUTRAL,21.48,0.713,10.45,15.4,15.32,18.81,29714.32,722.0,-592.4300000000003,-1.9547790508715066,-3865448.82,4734587.54,37115757.31,9298652.870000001,23283616.52,76.090917,1336.4,3628,,
2026-05-28T13:48:52 ET,2026-05-28T13:45:00 ET,2026-05-28,Thu,1348ET,2026-05-29,30306.75,736.395,29997.7,POSITIVE,NEUTRAL,21.48,0.713,10.45,15.4,15.32,18.81,29714.57,722.0,-592.1800000000003,-1.9539541521278272,-9076533.35,22666611.310000002,71631925.65,22027456.380000003,55677990.99,985.065836,15522.3,3209,,
2026-05-28T13:48:52 ET,2026-05-28T13:45:00 ET,2026-05-28,Thu,1348ET,2026-06-01,30306.75,736.395,29997.7,POSITIVE,NEUTRAL,21.48,0.713,10.45,15.4,15.32,18.81,29714.57,722.0,-592.1800000000003,-1.9539541521278272,311952.22000000067,10034463.24,-3473460.3100000024,2371643.92,32063277.419999998,695.918401,19821.04,1158,,
2026-05-28T13:48:52 ET,2026-05-28T13:45:00 ET,2026-05-28,Thu,1348ET,2026-05-28,30306.75,736.395,29997.7,POSITIVE,NEUTRAL,21.48,0.713,10.45,15.4,15.32,18.81,29755.47,723.0,-551.2799999999988,-1.8190007176619032,-2257983.81,4017073.07,21133185.450000003,7334513.39,38962461.4,158.041791,1082.05,2480,,
2026-05-28T13:48:52 ET,2026-05-28T13:45:00 ET,2026-05-28,Thu,1348ET,2026-05-29,30306.75,736.395,29997.7,POSITIVE,NEUTRAL,21.48,0.713,10.45,15.4,15.32,18.81,29755.73,723.0,-551.0200000000004,-1.818142822968482,-2789547.2300000004,35973030.870000005,20880978.889999986,32475117.619999997,126683849.84,2565.6694199999997,24154.64,4449,,
2026-05-28T13:48:52 ET,2026-05-28T13:45:00 ET,2026-05-28,Thu,1348ET,2026-06-01,30306.75,736.395,29997.7,POSITIVE,NEUTRAL,21.48,0.713,10.45,15.4,15.32,18.81,29755.73,723.0,-551.0200000000004,-1.818142822968482,-1721385.45,4920917.09,18029376.660000004,1078139.6800000002,6624527.51,155.231564,9622.75,526,,
2026-05-28T13:48:52 ET,2026-05-28T13:45:00 ET,2026-05-28,Thu,1348ET,2026-05-28,30306.75,736.395,29997.7,POSITIVE,NEUTRAL,21.48,0.713,10.45,15.4,15.32,18.81,29796.63,724.0,-510.119999999999,-1.6831893885025582,-1799033.1899999995,10617823.35,16300476.049999997,17921278.01,153829701.13,799.333071,2732.79,5117,,
2026-05-28T13:48:52 ET,2026-05-28T13:45:00 ET,2026-05-28,Thu,1348ET,2026-05-29,30306.75,736.395,29997.7,POSITIVE,NEUTRAL,21.48,0.713,10.45,15.4,15.32,18.81,29796.89,724.0,-509.8600000000006,-1.6823314938091367,-730725.8300000001,25075920.630000003,5155460.980000004,20908490.7,79567789.71000001,1843.442022,16521.32,2711,,
2026-05-28T13:48:52 ET,2026-05-28T13:45:00 ET,2026-05-28,Thu,1348ET,2026-06-01,30306.75,736.395,29997.7,POSITIVE,NEUTRAL,21.48,0.713,10.45,15.4,15.32,18.81,29796.89,724.0,-509.8600000000006,-1.6823314938091367,594246.4299999997,6859013.87,-5821552.16,1384549.6400000001,18721804.950000003,472.3099629999999,13281.95,681,,
2026-05-28T13:48:52 ET,2026-05-28T13:45:00 ET,2026-05-28,Thu,1348ET,2026-05-28,30306.75,736.395,29997.7,POSITIVE,NEUTRAL,21.48,0.713,10.45,15.4,15.32,18.81,29837.78,725.0,-468.97000000000116,-1.5474110552929667,-10815398.280000001,19514859.54,94108541.75,30248536.2,112044292.89,769.02894,4806.67,7120,,
2026-05-28T13:48:52 ET,2026-05-28T13:45:00 ET,2026-05-28,Thu,1348ET,2026-05-29,30306.75,736.395,29997.7,POSITIVE,NEUTRAL,21.48,0.713,10.45,15.4,15.32,18.81,29838.04,725.0,-468.7099999999991,-1.5465531605995335,-22496810.61,152196732.76999998,148514304.92999995,116420760.33,344515792.01,9114.131769,98466.16,14410,,
2026-05-28T13:48:52 ET,2026-05-28T13:45:00 ET,2026-05-28,Thu,1348ET,2026-06-01,30306.75,736.395,29997.7,POSITIVE,NEUTRAL,21.48,0.713,10.45,15.4,15.32,18.81,29838.04,725.0,-468.7099999999991,-1.5465531605995335,-281043.9600000009,24126542.34,2558408.030000001,4454853.98,50436135.15,1365.5497149999999,46277.68,2232,,
2026-05-28T13:48:52 ET,2026-05-28T13:45:00 ET,2026-05-28,Thu,1348ET,2026-05-28,30306.75,736.395,29997.7,POSITIVE,NEUTRAL,21.48,0.713,10.45,15.4,15.32,18.81,29878.94,726.0,-427.8100000000013,-1.4115997261336215,-4587427.690000001,21410478.25,37970523.70999999,30239489.119999997,161076886.6,1501.96308,5056.11,5750,,
2026-05-28T13:48:52 ET,2026-05-28T13:45:00 ET,2026-05-28,Thu,1348ET,2026-05-29,30306.75,736.395,29997.7,POSITIVE,NEUTRAL,21.48,0.713,10.45,15.4,15.32,18.81,29879.2,726.0,-427.5499999999993,-1.4107418314401883,1082047.870000001,31162978.73,-6627153.439999998,21694065.52,76116494.91,2292.173924,19813.59,2592,,
2026-05-28T13:48:52 ET,2026-05-28T13:45:00 ET,2026-05-28,Thu,1348ET,2026-06-01,30306.75,736.395,29997.7,POSITIVE,NEUTRAL,21.48,0.713,10.45,15.4,15.32,18.81,29879.2,726.0,-427.5499999999993,-1.4107418314401883,531775.9199999999,7583586.92,-4463857.550000001,1269902.43,15889909.23,460.10512,14413.220000000001,656,,
2026-05-28T13:48:52 ET,2026-05-28T13:45:00 ET,2026-05-28,Thu,1348ET,2026-05-28,30306.75,736.395,29997.7,POSITIVE,NEUTRAL,21.48,0.713,10.45,15.4,15.32,18.81,29920.09,727.0,-386.65999999999985,-1.275821392924018,-4024958.1999999993,33821045.2,31331993.699999988,43117731.69,203394270.14,2638.43608,7674.049999999999,6529,,
2026-05-28T13:48:52 ET,2026-05-28T13:45:00 ET,2026-05-28,Thu,1348ET,2026-05-29,30306.75,736.395,29997.7,POSITIVE,NEUTRAL,21.48,0.713,10.45,15.4,15.32,18.81,29920.35,727.0,-386.40000000000146,-1.274963498230597,-49253603.949999996,92607675.25,277046930.2,58106283.39,47778616.51,1630.5274060000002,57913.65,6797,,
2026-05-28T13:48:52 ET,2026-05-28T13:45:00 ET,2026-05-28,Thu,1348ET,2026-06-01,30306.75,736.395,29997.7,POSITIVE,NEUTRAL,21.48,0.713,10.45,15.4,15.32,18.81,29920.35,727.0,-386.40000000000146,-1.274963498230597,-1305514.4799999995,9040071.96,10013293.93,1358582.85,10883375.93,335.74092199999996,17029.59,734,,
2026-05-28T13:48:52 ET,2026-05-28T13:45:00 ET,2026-05-28,Thu,1348ET,2026-05-28,30306.75,736.395,29997.7,POSITIVE,NEUTRAL,21.48,0.713,10.45,15.4,15.32,18.81,29961.25,728.0,-345.5,-1.1400100637646728,-11467646.54,46002566.76,82807473.58000001,52330558.75,161787747.19,2970.6445129999997,10054.16,6274,,
2026-05-28T13:48:52 ET,2026-05-28T13:45:00 ET,2026-05-28,Thu,1348ET,2026-05-29,30306.75,736.395,29997.7,POSITIVE,NEUTRAL,21.48,0.713,10.45,15.4,15.32,18.81,29961.51,728.0,-345.2400000000016,-1.1391521690712518,-89797351.75,163446530.15,458235510.10999995,91338367.48,49711179.79000001,1911.2898499999997,100624.97,10648,,
2026-05-28T13:48:52 ET,2026-05-28T13:45:00 ET,2026-05-28,Thu,1348ET,2026-06-01,30306.75,736.395,29997.7,POSITIVE,NEUTRAL,21.48,0.713,10.45,15.4,15.32,18.81,29961.51,728.0,-345.2400000000016,-1.1391521690712518,-457336.8900000006,14909182.59,3169785.410000004,1984959.4500000002,19860244.0,650.006335,27846.59,1141,,
2026-05-28T13:48:52 ET,2026-05-28T13:45:00 ET,2026-05-28,Thu,1348ET,2026-05-28,30306.75,736.395,29997.7,POSITIVE,NEUTRAL,21.48,0.713,10.45,15.4,15.32,18.81,30002.4,729.0,-304.34999999999854,-1.0042317305550696,11861972.29,78343458.65,-78118951.13999999,78375246.00999999,296780651.93,7780.904531,16539.22,7483,,
2026-05-28T13:48:52 ET,2026-05-28T13:45:00 ET,2026-05-28,Thu,1348ET,2026-05-29,30306.75,736.395,29997.7,POSITIVE,NEUTRAL,21.48,0.713,10.45,15.4,15.32,18.81,30002.67,729.0,-304.08000000000175,-1.0033408399119066,4343412.009999998,80670723.35,-19804737.96000001,39552327.55,117028841.85999998,5032.3198170000005,48938.020000000004,4699,,
2026-05-28T13:48:52 ET,2026-05-28T13:45:00 ET,2026-05-28,Thu,1348ET,2026-06-01,30306.75,736.395,29997.7,POSITIVE,NEUTRAL,21.48,0.713,10.45,15.4,15.32,18.81,30002.67,729.0,-304.08000000000175,-1.0033408399119066,7148777.57,26386993.65,-44162742.260000005,3061171.23,51219523.589999996,1770.52629,48880.649999999994,1912,,
2026-05-28T13:48:52 ET,2026-05-28T13:45:00 ET,2026-05-28,Thu,1348ET,2026-05-28,30306.75,736.395,29997.7,POSITIVE,NEUTRAL,21.48,0.713,10.45,15.4,15.32,18.81,30043.56,730.0,-263.1899999999987,-0.8684204013957244,14921.079999998212,171488004.39999998,-87723.72000002861,148067009.69,376260872.03000003,14059.080069,35080.17,11493,,
2026-05-28T13:48:52 ET,2026-05-28T13:45:00 ET,2026-05-28,Thu,1348ET,2026-05-29,30306.75,736.395,29997.7,POSITIVE,NEUTRAL,21.48,0.713,10.45,15.4,15.32,18.81,30043.82,730.0,-262.9300000000003,-0.8675625067023032,210770351.88000003,416211491.32000005,-842255500.69,175576540.3,859855861.1700001,40991.657352,249038.71,21868,,
2026-05-28T13:48:52 ET,2026-05-28T13:45:00 ET,2026-05-28,Thu,1348ET,2026-06-01,30306.75,736.395,29997.7,POSITIVE,NEUTRAL,21.48,0.713,10.45,15.4,15.32,18.81,30043.82,730.0,-262.9300000000003,-0.8675625067023032,5236504.460000001,41877530.08,-28332980.790000007,4141947.86,56545069.370000005,2054.441773,76966.70999999999,2887,,
2026-05-28T13:48:52 ET,2026-05-28T13:45:00 ET,2026-05-28,Thu,1348ET,2026-05-28,30306.75,736.395,29997.7,POSITIVE,NEUTRAL,21.48,0.713,10.45,15.4,15.32,18.81,30084.72,731.0,-222.02999999999884,-0.7326090722363792,182380261.33,240832516.59,-930893863.98,174992663.98,672938882.87,35330.650406999994,47903.58,11487,,
2026-05-28T13:48:52 ET,2026-05-28T13:45:00 ET,2026-05-28,Thu,1348ET,2026-05-29,30306.75,736.395,29997.7,POSITIVE,NEUTRAL,21.48,0.713,10.45,15.4,15.32,18.81,30084.98,731.0,-221.77000000000044,-0.731751177542958,66940925.82,97685712.96000001,-228488376.45,34529997.239999995,202876156.27,10613.521626,57709.17,4677,,
2026-05-28T13:48:52 ET,2026-05-28T13:45:00 ET,2026-05-28,Thu,1348ET,2026-06-01,30306.75,736.395,29997.7,POSITIVE,NEUTRAL,21.48,0.713,10.45,15.4,15.32,18.81,30084.98,731.0,-221.77000000000044,-0.731751177542958,3655466.3899999997,9661958.89,-16926965.46,790575.19,17182379.9,652.7905969999999,17624.25,637,,
2026-05-28T13:48:52 ET,2026-05-28T13:45:00 ET,2026-05-28,Thu,1348ET,2026-05-28,30306.75,736.395,29997.7,POSITIVE,NEUTRAL,21.48,0.713,10.45,15.4,15.32,18.81,30125.87,732.0,-180.88000000000102,-0.5968307390267877,73531478.47999999,119209255.84,-313635760.95,70330904.19,209817002.79,15056.527858,23143.58,4160,,
2026-05-28T13:48:52 ET,2026-05-28T13:45:00 ET,2026-05-28,Thu,1348ET,2026-05-29,30306.75,736.395,29997.7,POSITIVE,NEUTRAL,21.48,0.713,10.45,15.4,15.32,18.81,30126.13,732.0,-180.61999999999898,-0.5959728443333547,62212558.849999994,86997897.28999999,-174986472.57,24811932.220000003,160006892.6,9079.899533,50797.02,3840,,
2026-05-28T13:48:52 ET,2026-05-28T13:45:00 ET,2026-05-28,Thu,1348ET,2026-06-01,30306.75,736.395,29997.7,POSITIVE,NEUTRAL,21.48,0.713,10.45,15.4,15.32,18.81,30126.13,732.0,-180.61999999999898,-0.5959728443333547,4558689.82,7965876.68,-17496683.81,515889.44,16198775.549999999,640.013609,14426.3,505,,
2026-05-28T13:48:52 ET,2026-05-28T13:45:00 ET,2026-05-28,Thu,1348ET,2026-05-28,30306.75,736.395,29997.7,POSITIVE,NEUTRAL,21.48,0.713,10.45,15.4,15.32,18.81,30167.03,733.0,-139.72000000000116,-0.4610194098674426,71215332.43,130442437.41,-239980391.76,59157497.660000004,151582481.57,14265.296775,24818.300000000003,3471,,
2026-05-28T13:48:52 ET,2026-05-28T13:45:00 ET,2026-05-28,Thu,1348ET,2026-05-29,30306.75,736.395,29997.7,POSITIVE,NEUTRAL,21.48,0.713,10.45,15.4,15.32,18.81,30167.29,733.0,-139.45999999999913,-0.4601615151740095,27946138.060000002,51913832.84,-61368881.730000004,11265693.110000001,68667350.48,4172.385544,29991.449999999997,2140,,
2026-05-28T13:48:52 ET,2026-05-28T13:45:00 ET,2026-05-28,Thu,1348ET,2026-06-01,30306.75,736.395,29997.7,POSITIVE,NEUTRAL,21.48,0.713,10.45,15.4,15.32,18.81,30167.29,733.0,-139.45999999999913,-0.4601615151740095,17696407.23,23307065.37,-53688935.32,1112282.52,52633799.57,2150.229957,41921.73,1429,,
2026-05-28T13:48:52 ET,2026-05-28T13:45:00 ET,2026-05-28,Thu,1348ET,2026-05-28,30306.75,736.395,29997.7,POSITIVE,NEUTRAL,21.48,0.713,10.45,15.4,15.32,18.81,30208.18,734.0,-98.56999999999971,-0.3252410766578393,176766806.54999998,216909255.35,-428967807.91,68808569.52,223483848.4,26122.759921,40619.399999999994,4647,,
2026-05-28T13:48:52 ET,2026-05-28T13:45:00 ET,2026-05-28,Thu,1348ET,2026-05-29,30306.75,736.395,29997.7,POSITIVE,NEUTRAL,21.48,0.713,10.45,15.4,15.32,18.81,30208.45,734.0,-98.29999999999927,-0.3243501860146643,29809873.41,40207475.31,-46646379.78,5986837.130000001,56921436.900000006,3651.302603,23008.54,1570,,
2026-05-28T13:48:52 ET,2026-05-28T13:45:00 ET,2026-05-28,Thu,1348ET,2026-06-01,30306.75,736.395,29997.7,POSITIVE,NEUTRAL,21.48,0.713,10.45,15.4,15.32,18.81,30208.45,734.0,-98.29999999999927,-0.3243501860146643,10476689.629999999,14801467.11,-23244873.35,454481.05,28899445.97,1213.3843749999999,26451.11,883,,
2026-05-28T13:48:52 ET,2026-05-28T13:45:00 ET,2026-05-28,Thu,1348ET,2026-05-28,30306.75,736.395,29997.7,POSITIVE,NEUTRAL,21.48,0.713,10.45,15.4,15.32,18.81,30249.34,735.0,-57.409999999999854,-0.1894297474984941,409514889.45000005,461858081.37,-592733198.56,83644616.88999999,374139792.52,50872.675258999996,85510.76,8506,,
2026-05-28T13:48:52 ET,2026-05-28T13:45:00 ET,2026-05-28,Thu,1348ET,2026-05-29,30306.75,736.395,29997.7,POSITIVE,NEUTRAL,21.48,0.713,10.45,15.4,15.32,18.81,30249.6,735.0,-57.150000000001455,-0.188571852805073,201298058.70999998,255030794.49,-185420721.35999998,20625541.619999997,330596773.71,22048.610352,144723.1,9578,,
2026-05-28T13:48:52 ET,2026-05-28T13:45:00 ET,2026-05-28,Thu,1348ET,2026-06-01,30306.75,736.395,29997.7,POSITIVE,NEUTRAL,21.48,0.713,10.45,15.4,15.32,18.81,30249.6,735.0,-57.150000000001455,-0.188571852805073,16263680.049999999,32835514.03,-22661643.4,450137.69999999995,43399872.45,1861.0090719999998,58321.71,1918,,
2026-05-28T13:48:52 ET,2026-05-28T13:45:00 ET,2026-05-28,Thu,1348ET,2026-05-28,30306.75,736.395,29997.7,POSITIVE,NEUTRAL,21.48,0.713,10.45,15.4,15.32,18.81,30290.49,736.0,-16.2599999999984,-0.05365141428889076,186085284.23,213423160.15,-82724517.03,9638061.33,130125621.67999999,19116.534975,39248.670000000006,3638,,
2026-05-28T13:48:52 ET,2026-05-28T13:45:00 ET,2026-05-28,Thu,1348ET,2026-05-29,30306.75,736.395,29997.7,POSITIVE,NEUTRAL,21.48,0.713,10.45,15.4,15.32,18.81,30290.76,736.0,-15.9900000000016,-0.05276052364572777,28438047.92,41894365.620000005,-7593916.43,541937.2999999999,41226401.85,2812.8044200000004,23603.129999999997,1538,,
2026-05-28T13:48:52 ET,2026-05-28T13:45:00 ET,2026-05-28,Thu,1348ET,2026-06-01,30306.75,736.395,29997.7,POSITIVE,NEUTRAL,21.48,0.713,10.45,15.4,15.32,18.81,30290.76,736.0,-15.9900000000016,-0.05276052364572777,6670158.029999999,9901015.83,-3726756.7099999995,-32335.309999999998,15312898.46,666.234506,17485.4,570,,
2026-05-28T13:48:52 ET,2026-05-28T13:45:00 ET,2026-05-28,Thu,1348ET,2026-05-28,30306.75,736.395,29997.7,POSITIVE,NEUTRAL,21.48,0.713,10.45,15.4,15.32,18.81,30331.65,737.0,24.900000000001455,0.08215991487045446,204559422.51,226240025.87,116181334.41,-20500275.220000003,111755894.4,16398.630701,41521.31,3861,,
2026-05-28T13:48:52 ET,2026-05-28T13:45:00 ET,2026-05-28,Thu,1348ET,2026-05-29,30306.75,736.395,29997.7,POSITIVE,NEUTRAL,21.48,0.713,10.45,15.4,15.32,18.81,30331.91,737.0,25.159999999999854,0.08301780956387556,28166017.770000003,34686944.07,11133227.3,-1904943.76,35439021.54,2432.0857189999997,19425.11,1266,,
2026-05-28T13:48:52 ET,2026-05-28T13:45:00 ET,2026-05-28,Thu,1348ET,2026-06-01,30306.75,736.395,29997.7,POSITIVE,NEUTRAL,21.48,0.713,10.45,15.4,15.32,18.81,30331.91,737.0,25.159999999999854,0.08301780956387556,9523096.52,14669770.02,2708496.77,-296609.13,19772713.14,866.982582,25768.71,838,,
2026-05-28T13:48:52 ET,2026-05-28T13:45:00 ET,2026-05-28,Thu,1348ET,2026-05-28,30306.75,736.395,29997.7,POSITIVE,NEUTRAL,21.48,0.713,10.45,15.4,15.32,18.81,30372.8,738.0,66.04999999999927,0.21793824808004578,125736524.8,136228088.6,198140234.57999998,-30816540.830000002,55360887.34,7497.3717400000005,25069.03,2519,,
2026-05-28T13:48:52 ET,2026-05-28T13:45:00 ET,2026-05-28,Thu,1348ET,2026-05-29,30306.75,736.395,29997.7,POSITIVE,NEUTRAL,21.48,0.713,10.45,15.4,15.32,18.81,30373.07,738.0,66.31999999999971,0.21882913872322074,63833636.19,73800024.87,67885609.14,-9054327.88,71460596.74000001,4847.540661,41130.06,2725,,
2026-05-28T13:48:52 ET,2026-05-28T13:45:00 ET,2026-05-28,Thu,1348ET,2026-06-01,30306.75,736.395,29997.7,POSITIVE,NEUTRAL,21.48,0.713,10.45,15.4,15.32,18.81,30373.07,738.0,66.31999999999971,0.21882913872322074,12614443.27,15172372.05,14318767.56,-563665.86,24177837.8,1061.0060780000001,26519.329999999998,866,,
2026-05-28T13:48:52 ET,2026-05-28T13:45:00 ET,2026-05-28,Thu,1348ET,2026-05-28,30306.75,736.395,29997.7,POSITIVE,NEUTRAL,21.48,0.713,10.45,15.4,15.32,18.81,30413.96,739.0,107.20999999999913,0.353749577239391,83000634.41000001,84944876.83,212898047.46,-30719532.06,31657323.08,3669.80356,15747.22,1835,,
2026-05-28T13:48:52 ET,2026-05-28T13:45:00 ET,2026-05-28,Thu,1348ET,2026-05-29,30306.75,736.395,29997.7,POSITIVE,NEUTRAL,21.48,0.713,10.45,15.4,15.32,18.81,30414.22,739.0,107.47000000000116,0.3546074719328241,31138446.63,34925555.01,54031065.31,-6648839.62,31284362.279999997,2060.807225,19394.53,1328,,
2026-05-28T13:48:52 ET,2026-05-28T13:45:00 ET,2026-05-28,Thu,1348ET,2026-06-01,30306.75,736.395,29997.7,POSITIVE,NEUTRAL,21.48,0.713,10.45,15.4,15.32,18.81,30414.22,739.0,107.47000000000116,0.3546074719328241,27908496.080000002,31251247.94,55605704.53,-1689476.8299999998,49904067.39,2176.2244029999997,54373.130000000005,1795,,
2026-05-28T13:48:52 ET,2026-05-28T13:45:00 ET,2026-05-28,Thu,1348ET,2026-05-28,30306.75,736.395,29997.7,POSITIVE,NEUTRAL,21.48,0.713,10.45,15.4,15.32,18.81,30455.12,740.0,148.36999999999898,0.4895609063987362,218991151.94,225508304.92000002,771353692.41,-112054520.67,70619684.24,6548.450155,42305.729999999996,6090,,
2026-05-28T13:48:52 ET,2026-05-28T13:45:00 ET,2026-05-28,Thu,1348ET,2026-05-29,30306.75,736.395,29997.7,POSITIVE,NEUTRAL,21.48,0.713,10.45,15.4,15.32,18.81,30455.38,740.0,148.63000000000102,0.4904188010921693,344340670.6,359795231.84000003,829157671.75,-92816965.32,322154255.0,20244.388363,199322.1,14341,,
2026-05-28T13:48:52 ET,2026-05-28T13:45:00 ET,2026-05-28,Thu,1348ET,2026-06-01,30306.75,736.395,29997.7,POSITIVE,NEUTRAL,21.48,0.713,10.45,15.4,15.32,18.81,30455.38,740.0,148.63000000000102,0.4904188010921693,-6131845.690000001,36567785.69,-17508929.46,-2594483.91,-28993805.01,-1247.363512,63356.78,2129,,
2026-05-28T13:48:52 ET,2026-05-28T13:45:00 ET,2026-05-28,Thu,1348ET,2026-05-28,30306.75,736.395,29997.7,POSITIVE,NEUTRAL,21.48,0.713,10.45,15.4,15.32,18.81,30496.27,741.0,189.52000000000044,0.6253392396083395,43225240.55,43896700.59,191744471.20000002,-27742009.52,12560807.77,880.0229770000001,8370.18,1569,,
2026-05-28T13:48:52 ET,2026-05-28T13:45:00 ET,2026-05-28,Thu,1348ET,2026-05-29,30306.75,736.395,29997.7,POSITIVE,NEUTRAL,21.48,0.713,10.45,15.4,15.32,18.81,30496.54,741.0,189.79000000000087,0.6262301302515145,27349354.16,27490451.419999998,84217235.72,-8947787.63,24029299.32,1415.3807610000001,15211.740000000002,1169,,
2026-05-28T13:48:52 ET,2026-05-28T13:45:00 ET,2026-05-28,Thu,1348ET,2026-06-01,30306.75,736.395,29997.7,POSITIVE,NEUTRAL,21.48,0.713,10.45,15.4,15.32,18.81,30496.54,741.0,189.79000000000087,0.6262301302515145,27670490.28,28343328.939999998,103018861.58000001,-2489040.46,44092705.629999995,1857.7296869999998,48920.850000000006,1685,,
2026-05-28T13:48:52 ET,2026-05-28T13:45:00 ET,2026-05-28,Thu,1348ET,2026-05-28,30306.75,736.395,29997.7,POSITIVE,NEUTRAL,21.48,0.713,10.45,15.4,15.32,18.81,30537.43,742.0,230.6800000000003,0.7611505687676847,31366158.72,31568390.560000002,166115558.03,-24209830.459999997,8481363.33,429.519329,6143.530000000001,1561,,
2026-05-28T13:48:52 ET,2026-05-28T13:45:00 ET,2026-05-28,Thu,1348ET,2026-05-29,30306.75,736.395,29997.7,POSITIVE,NEUTRAL,21.48,0.713,10.45,15.4,15.32,18.81,30537.69,742.0,230.9399999999987,0.7620084634611058,35079882.48,35426564.46,131437014.06,-13919748.399999999,28344273.8,1538.301402,19604.469999999998,1635,,
2026-05-28T13:48:52 ET,2026-05-28T13:45:00 ET,2026-05-28,Thu,1348ET,2026-06-01,30306.75,736.395,29997.7,POSITIVE,NEUTRAL,21.48,0.713,10.45,15.4,15.32,18.81,30537.69,742.0,230.9399999999987,0.7620084634611058,4038803.43,4365832.05,18555739.08,-456944.12,5876400.33,240.675541,7509.85,267,,
2026-05-28T13:48:52 ET,2026-05-28T13:45:00 ET,2026-05-28,Thu,1348ET,2026-05-28,30306.75,736.395,29997.7,POSITIVE,NEUTRAL,21.48,0.713,10.45,15.4,15.32,18.81,30578.58,743.0,271.83000000000175,0.8969289019772881,13428195.129999999,13683430.09,81841641.04,-12337663.719999999,2916275.9499999997,103.553262,2728.37,965,,
2026-05-28T13:48:52 ET,2026-05-28T13:45:00 ET,2026-05-28,Thu,1348ET,2026-05-29,30306.75,736.395,29997.7,POSITIVE,NEUTRAL,21.48,0.713,10.45,15.4,15.32,18.81,30578.85,743.0,272.09999999999854,0.8978197926204511,22701817.47,22898199.97,100068792.48,-10539255.32,17046278.63,838.4886660000001,12687.82,1166,,
2026-05-28T13:48:52 ET,2026-05-28T13:45:00 ET,2026-05-28,Thu,1348ET,2026-06-01,30306.75,736.395,29997.7,POSITIVE,NEUTRAL,21.48,0.713,10.45,15.4,15.32,18.81,30578.85,743.0,272.09999999999854,0.8978197926204511,3833779.07,3865332.81,20964252.11,-469593.88,5454584.45,215.549638,6628.97,245,,
2026-05-28T13:48:52 ET,2026-05-28T13:45:00 ET,2026-05-28,Thu,1348ET,2026-05-28,30306.75,736.395,29997.7,POSITIVE,NEUTRAL,21.48,0.713,10.45,15.4,15.32,18.81,30619.74,744.0,312.9900000000016,1.0327402311366334,16309681.98,16309681.98,111340639.93,-16900614.72,4048904.89,99.141282,3343.82,1668,,
2026-05-28T13:48:52 ET,2026-05-28T13:45:00 ET,2026-05-28,Thu,1348ET,2026-05-29,30306.75,736.395,29997.7,POSITIVE,NEUTRAL,21.48,0.713,10.45,15.4,15.32,18.81,30620.0,744.0,313.25,1.0335981258300544,23166762.98,23412099.360000003,117234655.33,-12350566.38,16157997.82,709.2286419999999,13005.039999999999,1336,,
2026-05-28T13:48:52 ET,2026-05-28T13:45:00 ET,2026-05-28,Thu,1348ET,2026-06-01,30306.75,736.395,29997.7,POSITIVE,NEUTRAL,21.48,0.713,10.45,15.4,15.32,18.81,30620.0,744.0,313.25,1.0335981258300544,4170165.18,4170165.18,26454764.02,-576701.59,5643932.66,213.594871,7133.15,276,,
2026-05-28T13:48:52 ET,2026-05-28T13:45:00 ET,2026-05-28,Thu,1348ET,2026-05-28,30306.75,736.395,29997.7,POSITIVE,NEUTRAL,21.48,0.713,10.45,15.4,15.32,18.81,30660.89,745.0,354.1399999999994,1.1685185643462246,26760680.450000003,26787548.61,200394181.32999998,-31358810.84,6260652.25,105.30886,5665.37,3988,,
2026-05-28T13:48:52 ET,2026-05-28T13:45:00 ET,2026-05-28,Thu,1348ET,2026-05-29,30306.75,736.395,29997.7,POSITIVE,NEUTRAL,21.48,0.713,10.45,15.4,15.32,18.81,30661.16,745.0,354.40999999999985,1.1694094549893996,85680387.69,86605162.50999999,488552496.58,-51504894.32,55863287.46,2156.6320690000002,48285.91,5619,,
2026-05-28T13:48:52 ET,2026-05-28T13:45:00 ET,2026-05-28,Thu,1348ET,2026-06-01,30306.75,736.395,29997.7,POSITIVE,NEUTRAL,21.48,0.713,10.45,15.4,15.32,18.81,30661.16,745.0,354.40999999999985,1.1694094549893996,6161637.92,6362717.02,44486185.98,-986696.62,7651110.69,275.250545,10859.62,443,,
2026-05-28T13:48:52 ET,2026-05-28T13:45:00 ET,2026-05-28,Thu,1348ET,2026-05-28,30306.75,736.395,29997.7,POSITIVE,NEUTRAL,21.48,0.713,10.45,15.4,15.32,18.81,30702.05,746.0,395.2999999999993,1.3043298935055698,5290375.68,5290375.68,42739027.73,-6903420.74,1235837.28,14.387093,1157.56,1138,,
2026-05-28T13:48:52 ET,2026-05-28T13:45:00 ET,2026-05-28,Thu,1348ET,2026-05-29,30306.75,736.395,29997.7,POSITIVE,NEUTRAL,21.48,0.713,10.45,15.4,15.32,18.81,30702.32,746.0,395.5699999999997,1.3052207841487447,7438535.57,7438535.57,47089749.97,-4922868.76,4721042.57,158.203246,4167.56,556,,
2026-05-28T13:48:52 ET,2026-05-28T13:45:00 ET,2026-05-28,Thu,1348ET,2026-06-01,30306.75,736.395,29997.7,POSITIVE,NEUTRAL,21.48,0.713,10.45,15.4,15.32,18.81,30702.32,746.0,395.5699999999997,1.3052207841487447,2060044.23,2060044.23,16676842.21,-353989.85,2512846.15,85.302877,3509.68,152,,
2026-05-28T13:48:52 ET,2026-05-28T13:45:00 ET,2026-05-28,Thu,1348ET,2026-05-28,30306.75,736.395,29997.7,POSITIVE,NEUTRAL,21.48,0.713,10.45,15.4,15.32,18.81,30743.2,747.0,436.4500000000007,1.440108226715173,2722043.97,2722043.97,23403914.56,-3917001.89,628282.33,5.147474,617.78,832,,
2026-05-28T13:48:52 ET,2026-05-28T13:45:00 ET,2026-05-28,Thu,1348ET,2026-05-29,30306.75,736.395,29997.7,POSITIVE,NEUTRAL,21.48,0.713,10.45,15.4,15.32,18.81,30743.47,747.0,436.72000000000116,1.440999117358348,22736512.51,22782421.669999998,157880016.68,-16604288.879999999,13608225.45,391.206166,12841.45,1985,,
2026-05-28T13:48:52 ET,2026-05-28T13:45:00 ET,2026-05-28,Thu,1348ET,2026-06-01,30306.75,736.395,29997.7,POSITIVE,NEUTRAL,21.48,0.713,10.45,15.4,15.32,18.81,30743.47,747.0,436.72000000000116,1.440999117358348,698283.9900000001,723676.13,6263123.28,-136468.13,767064.7,24.393056,1231.2099999999998,57,,
2026-05-28T13:48:52 ET,2026-05-28T13:45:00 ET,2026-05-28,Thu,1348ET,2026-05-28,30306.75,736.395,29997.7,POSITIVE,NEUTRAL,21.48,0.713,10.45,15.4,15.32,18.81,30784.36,748.0,477.6100000000006,1.5759195558745183,1365280.47,1365280.47,12353325.7,-2147482.31,314577.27,1.85754,322.12,579,,
2026-05-28T13:48:52 ET,2026-05-28T13:45:00 ET,2026-05-28,Thu,1348ET,2026-05-29,30306.75,736.395,29997.7,POSITIVE,NEUTRAL,21.48,0.713,10.45,15.4,15.32,18.81,30784.63,748.0,477.880000000001,1.5768104465176933,17016937.82,17016937.82,128313492.62,-13541256.72,9821940.87,239.772465,9660.67,1746,,
2026-05-28T13:48:52 ET,2026-05-28T13:45:00 ET,2026-05-28,Thu,1348ET,2026-06-01,30306.75,736.395,29997.7,POSITIVE,NEUTRAL,21.48,0.713,10.45,15.4,15.32,18.81,30784.63,748.0,477.880000000001,1.5768104465176933,991939.6299999999,1015557.25,9761265.270000001,-208489.23,1052283.84,31.124592999999997,1726.08,86,,
2026-05-28T13:48:52 ET,2026-05-28T13:45:00 ET,2026-05-28,Thu,1348ET,2026-05-28,30306.75,736.395,29997.7,POSITIVE,NEUTRAL,21.48,0.713,10.45,15.4,15.32,18.81,30825.52,749.0,518.7700000000004,1.7117308850338635,447771.44,447771.44,4223646.33,-764210.17,103919.63,0.455178,110.04,256,,
2026-05-28T13:48:52 ET,2026-05-28T13:45:00 ET,2026-05-28,Thu,1348ET,2026-05-29,30306.75,736.395,29997.7,POSITIVE,NEUTRAL,21.48,0.713,10.45,15.4,15.32,18.81,30825.78,749.0,519.0299999999988,1.7125887797272847,23181022.36,23197433.700000003,188187474.81,-20010129.0,12785767.11,262.788129,13278.720000000001,2827,,
2026-05-28T13:48:52 ET,2026-05-28T13:45:00 ET,2026-05-28,Thu,1348ET,2026-06-01,30306.75,736.395,29997.7,POSITIVE,NEUTRAL,21.48,0.713,10.45,15.4,15.32,18.81,30825.78,749.0,519.0299999999988,1.7125887797272847,1712436.68,1712436.68,18337048.5,-380149.89,1815546.03,49.600603,2908.83,157,,
2026-05-28T13:48:52 ET,2026-05-28T13:45:00 ET,2026-05-28,Thu,1348ET,2026-05-28,30306.75,736.395,29997.7,POSITIVE,NEUTRAL,21.48,0.713,10.45,15.4,15.32,18.81,30866.67,750.0,559.9199999999983,1.847509218243455,5382947.45,5388304.95,52511096.89,-9916174.63,1122146.22,3.7637350000000005,1381.5,4023,,
2026-05-28T13:48:52 ET,2026-05-28T13:45:00 ET,2026-05-28,Thu,1348ET,2026-05-29,30306.75,736.395,29997.7,POSITIVE,NEUTRAL,21.48,0.713,10.45,15.4,15.32,18.81,30866.94,750.0,560.1899999999987,1.84840010888663,101813172.56,102718849.4,883321599.8199999,-95463661.88000001,50072979.58,860.533122,59350.08,14971,,
2026-05-28T13:48:52 ET,2026-05-28T13:45:00 ET,2026-05-28,Thu,1348ET,2026-06-01,30306.75,736.395,29997.7,POSITIVE,NEUTRAL,21.48,0.713,10.45,15.4,15.32,18.81,30866.94,750.0,560.1899999999987,1.84840010888663,18351928.14,18632110.240000002,212350151.28,-4446939.54,17897506.39,448.57980299999997,31643.71,1862,,
2026-05-28T13:48:52 ET,2026-05-28T13:45:00 ET,2026-05-28,Thu,1348ET,2026-05-28,30306.75,736.395,29997.7,POSITIVE,NEUTRAL,21.48,0.713,10.45,15.4,15.32,18.81,30907.83,751.0,601.0800000000017,1.9833205474028122,1722803.82,1722803.82,17262819.11,-3400432.54,414786.65,1.101222,461.45,1625,,
2026-05-28T13:48:52 ET,2026-05-28T13:45:00 ET,2026-05-28,Thu,1348ET,2026-05-29,30306.75,736.395,29997.7,POSITIVE,NEUTRAL,21.48,0.713,10.45,15.4,15.32,18.81,30908.1,751.0,601.3499999999985,1.9842114380459752,2003251.38,2003251.38,18454487.02,-1995347.77,1037923.08,14.837418,1169.53,351,,
2026-05-28T13:48:52 ET,2026-05-28T13:45:00 ET,2026-05-28,Thu,1348ET,2026-06-01,30306.75,736.395,29997.7,POSITIVE,NEUTRAL,21.48,0.713,10.45,15.4,15.32,18.81,30908.1,751.0,601.3499999999985,1.9842114380459752,556337.01,556337.01,6914197.54,-142047.88,542624.77,12.395743,945.06,61,,
2026-05-28T13:48:52 ET,2026-05-28T13:45:00 ET,2026-05-28,Thu,1348ET,2026-05-28,30306.75,736.395,29997.7,POSITIVE,NEUTRAL,21.48,0.713,10.45,15.4,15.32,18.81,30948.98,752.0,642.2299999999996,2.119098880612403,258501.16,258501.16,2645178.05,-544685.47,63973.17,0.138967,72.41,298,,
2026-05-28T13:48:52 ET,2026-05-28T13:45:00 ET,2026-05-28,Thu,1348ET,2026-05-29,30306.75,736.395,29997.7,POSITIVE,NEUTRAL,21.48,0.713,10.45,15.4,15.32,18.81,30949.25,752.0,642.5,2.1199897712555784,378459.51,378459.51,3680960.97,-402173.69,190746.09,2.260216,223.48,80,,
2026-05-28T13:48:52 ET,2026-05-28T13:45:00 ET,2026-05-28,Thu,1348ET,2026-06-01,30306.75,736.395,29997.7,POSITIVE,NEUTRAL,21.48,0.713,10.45,15.4,15.32,18.81,30949.25,752.0,642.5,2.1199897712555784,545190.74,545190.74,7239249.89,-148271.43,511510.39,10.583366,926.7,66,,
2026-05-28T13:48:52 ET,2026-05-28T13:45:00 ET,2026-05-28,Thu,1348ET,2026-05-28,30306.75,736.395,29997.7,POSITIVE,NEUTRAL,21.48,0.713,10.45,15.4,15.32,18.81,30990.14,753.0,683.3899999999994,2.2549102097717486,141443.76,141443.76,1470692.44,-316870.17,36158.95,0.066361,41.48,193,,
2026-05-28T13:48:52 ET,2026-05-28T13:45:00 ET,2026-05-28,Thu,1348ET,2026-05-29,30306.75,736.395,29997.7,POSITIVE,NEUTRAL,21.48,0.713,10.45,15.4,15.32,18.81,30990.41,753.0,683.6599999999999,2.2558011004149234,250490.4,250490.4,2559192.96,-282849.85,123283.57,1.208596,149.75,64,,
2026-05-28T13:48:52 ET,2026-05-28T13:45:00 ET,2026-05-28,Thu,1348ET,2026-06-01,30306.75,736.395,29997.7,POSITIVE,NEUTRAL,21.48,0.713,10.45,15.4,15.32,18.81,30990.41,753.0,683.6599999999999,2.2558011004149234,550335.7,550335.7,7771255.67,-158814.3,497615.94,9.269473,936.4,74,,
2026-05-28T13:48:52 ET,2026-05-28T13:45:00 ET,2026-05-28,Thu,1348ET,2026-05-28,30306.75,736.395,29997.7,POSITIVE,NEUTRAL,21.48,0.713,10.45,15.4,15.32,18.81,31031.29,754.0,724.5400000000009,2.3906885429813522,66368.44,66368.44,698195.28,-157510.53,17600.3,0.028127,20.38,104,,
2026-05-28T13:48:52 ET,2026-05-28T13:45:00 ET,2026-05-28,Thu,1348ET,2026-05-29,30306.75,736.395,29997.7,POSITIVE,NEUTRAL,21.48,0.713,10.45,15.4,15.32,18.81,31031.56,754.0,724.8100000000013,2.3915794336245266,686256.96,686256.96,7331470.53,-820508.7,331027.83,2.683986,415.73,212,,
2026-05-28T13:48:52 ET,2026-05-28T13:45:00 ET,2026-05-28,Thu,1348ET,2026-06-01,30306.75,736.395,29997.7,POSITIVE,NEUTRAL,21.48,0.713,10.45,15.4,15.32,18.81,31031.56,754.0,724.8100000000013,2.3915794336245266,179755.25,339537.69,2688201.9699999997,-103617.08,-587184.0499999999,-9.791672,578.55,51,,
2026-05-28T13:48:52 ET,2026-05-28T13:45:00 ET,2026-05-28,Thu,1348ET,2026-05-28,30306.75,736.395,29997.7,POSITIVE,NEUTRAL,21.48,0.713,10.45,15.4,15.32,18.81,31072.45,755.0,765.7000000000007,2.5264998721406973,1607919.59,1607919.59,17050847.06,-4029688.69,443910.98,0.63519,517.54,2814,,
2026-05-28T13:48:52 ET,2026-05-28T13:45:00 ET,2026-05-28,Thu,1348ET,2026-05-29,30306.75,736.395,29997.7,POSITIVE,NEUTRAL,21.48,0.713,10.45,15.4,15.32,18.81,31072.72,755.0,765.9700000000012,2.527390762783872,11037541.06,11042901.700000001,122796047.42999999,-13936075.25,5165103.7700000005,34.676069999999996,6784.839999999999,4120,,
2026-05-28T13:48:52 ET,2026-05-28T13:45:00 ET,2026-05-28,Thu,1348ET,2026-06-01,30306.75,736.395,29997.7,POSITIVE,NEUTRAL,21.48,0.713,10.45,15.4,15.32,18.81,31072.72,755.0,765.9700000000012,2.527390762783872,2667645.27,2726926.27,42092814.29,-877373.05,1934528.3900000001,28.7247,4654.85,460,,
2026-05-28T13:48:52 ET,2026-05-28T13:45:00 ET,2026-05-28,Thu,1348ET,2026-05-28,30306.75,736.395,29997.7,POSITIVE,NEUTRAL,21.48,0.713,10.45,15.4,15.32,18.81,31113.6,756.0,806.8499999999985,2.6622782053502885,82380.88,82380.88,877776.72,-217393.84,23748.11,0.031205,27.8,157,,
2026-05-28T13:48:52 ET,2026-05-28T13:45:00 ET,2026-05-28,Thu,1348ET,2026-05-29,30306.75,736.395,29997.7,POSITIVE,NEUTRAL,21.48,0.713,10.45,15.4,15.32,18.81,31113.88,756.0,807.130000000001,2.663202091943217,585142.01,585142.01,6754021.89,-777232.37,273899.31,1.526375,364.93,263,,
2026-05-28T13:48:52 ET,2026-05-28T13:45:00 ET,2026-05-28,Thu,1348ET,2026-05-28,30306.75,736.395,29997.7,POSITIVE,NEUTRAL,21.48,0.713,10.45,15.4,15.32,18.81,31154.76,757.0,848.0099999999984,2.7980895345096335,165099.57,165099.57,1762701.39,-457571.28,49819.46,0.061485,58.4,335,,
2026-05-28T13:48:52 ET,2026-05-28T13:45:00 ET,2026-05-28,Thu,1348ET,2026-05-29,30306.75,736.395,29997.7,POSITIVE,NEUTRAL,21.48,0.713,10.45,15.4,15.32,18.81,31155.03,757.0,848.2799999999988,2.7989804251528088,27805.85,27805.85,331857.9,-38774.9,12882.29,0.059814,17.62,15,,
2026-05-28T13:48:52 ET,2026-05-28T13:45:00 ET,2026-05-28,Thu,1348ET,2026-06-01,30306.75,736.395,29997.7,POSITIVE,NEUTRAL,21.48,0.713,10.45,15.4,15.32,18.81,31155.03,757.0,848.2799999999988,2.7989804251528088,1042190.26,1042190.26,18128960.61,-369799.39,827659.97,9.602432,1787.52,225,,
2026-05-28T13:48:52 ET,2026-05-28T13:45:00 ET,2026-05-28,Thu,1348ET,2026-05-28,30306.75,736.395,29997.7,POSITIVE,NEUTRAL,21.48,0.713,10.45,15.4,15.32,18.81,31195.92,758.0,889.1699999999983,2.933900863668979,145422.23,145422.23,1552034.79,-422299.36,46028.05,0.054421,53.93,308,,
2026-05-28T13:48:52 ET,2026-05-28T13:45:00 ET,2026-05-28,Thu,1348ET,2026-05-29,30306.75,736.395,29997.7,POSITIVE,NEUTRAL,21.48,0.713,10.45,15.4,15.32,18.81,31196.19,758.0,889.4399999999987,2.9347917543121538,93117.8,93117.8,1145555.16,-136009.42,42823.46,0.166467,59.98,60,,
2026-05-28T13:48:52 ET,2026-05-28T13:45:00 ET,2026-05-28,Thu,1348ET,2026-06-01,30306.75,736.395,29997.7,POSITIVE,NEUTRAL,21.48,0.713,10.45,15.4,15.32,18.81,31196.19,758.0,889.4399999999987,2.9347917543121538,16270.73,16270.73,295886.69,-6041.98,12562.54,0.127994,27.99,4,,
2026-05-28T13:48:52 ET,2026-05-28T13:45:00 ET,2026-05-28,Thu,1348ET,2026-05-28,30306.75,736.395,29997.7,POSITIVE,NEUTRAL,21.48,0.713,10.45,15.4,15.32,18.81,31237.07,759.0,930.3199999999997,3.069679196878582,32212.27,32212.27,342952.31,-97805.77,10712.06,0.012344,12.52,70,,
2026-05-28T13:48:52 ET,2026-05-28T13:45:00 ET,2026-05-28,Thu,1348ET,2026-05-29,30306.75,736.395,29997.7,POSITIVE,NEUTRAL,21.48,0.713,10.45,15.4,15.32,18.81,31237.34,759.0,930.5900000000001,3.070570087521757,69264.17,69264.17,875837.53,-105743.44,31705.89,0.103786,45.39,53,,
2026-05-28T13:48:52 ET,2026-05-28T13:45:00 ET,2026-05-28,Thu,1348ET,2026-06-01,30306.75,736.395,29997.7,POSITIVE,NEUTRAL,21.48,0.713,10.45,15.4,15.32,18.81,31237.34,759.0,930.5900000000001,3.070570087521757,110313.29,110313.29,2091805.22,-42783.01,82940.94,0.739265,190.4,31,,
2026-05-28T13:48:52 ET,2026-05-28T13:45:00 ET,2026-05-28,Thu,1348ET,2026-05-28,30306.75,736.395,29997.7,POSITIVE,NEUTRAL,21.48,0.713,10.45,15.4,15.32,18.81,31278.23,760.0,971.4799999999996,3.2054905260379276,170227.87,170227.87,1804726.41,-539366.93,59555.03,0.067881,69.37,374,,
2026-05-28T13:48:52 ET,2026-05-28T13:45:00 ET,2026-05-28,Thu,1348ET,2026-05-29,30306.75,736.395,29997.7,POSITIVE,NEUTRAL,21.48,0.713,10.45,15.4,15.32,18.81,31278.5,760.0,971.75,3.2063814166811024,5322902.65,5333980.49,69001640.15,-8495131.469999999,2068427.7699999998,5.739318,3558.1,4815,,
2026-05-28T13:48:52 ET,2026-05-28T13:45:00 ET,2026-05-28,Thu,1348ET,2026-06-01,30306.75,736.395,29997.7,POSITIVE,NEUTRAL,21.48,0.713,10.45,15.4,15.32,18.81,31278.5,760.0,971.75,3.2063814166811024,2543983.8,2543983.8,50182406.94,-1028539.42,1865574.53,14.496992,4407.13,820,,
2026-05-28T13:48:52 ET,2026-05-28T13:45:00 ET,2026-05-28,Thu,1348ET,2026-05-28,30306.75,736.395,29997.7,POSITIVE,NEUTRAL,21.48,0.713,10.45,15.4,15.32,18.81,31319.38,761.0,1012.630000000001,3.341268859247531,911.66,911.66,9609.76,-3009.0,335.9,0.000383,0.39,2,,
2026-05-28T13:48:52 ET,2026-05-28T13:45:00 ET,2026-05-28,Thu,1348ET,2026-05-29,30306.75,736.395,29997.7,POSITIVE,NEUTRAL,21.48,0.713,10.45,15.4,15.32,18.81,31319.65,761.0,1012.9000000000015,3.342159749890706,945.9,945.9,12540.23,-1568.81,432.24,0.001024,0.64,1,,
2026-05-28T13:48:52 ET,2026-05-28T13:45:00 ET,2026-05-28,Thu,1348ET,2026-06-01,30306.75,736.395,29997.7,POSITIVE,NEUTRAL,21.48,0.713,10.45,15.4,15.32,18.81,31319.65,761.0,1012.9000000000015,3.342159749890706,2696.7,2696.7,55215.03,-1134.64,1931.77,0.013048,4.69,1,,
2026-05-28T13:48:52 ET,2026-05-28T13:45:00 ET,2026-05-28,Thu,1348ET,2026-05-28,30306.75,736.395,29997.7,POSITIVE,NEUTRAL,21.48,0.713,10.45,15.4,15.32,18.81,31360.54,762.0,1053.7900000000009,3.477080188406876,69651.72,69651.72,729020.21,-239083.3,27047.72,0.031243,31.16,151,,
2026-05-28T13:48:52 ET,2026-05-28T13:45:00 ET,2026-05-28,Thu,1348ET,2026-05-29,30306.75,736.395,29997.7,POSITIVE,NEUTRAL,21.48,0.713,10.45,15.4,15.32,18.81,31360.81,762.0,1054.0600000000013,3.477971079050051,814.03,814.03,11012.48,-1403.68,372.96,0.00076,0.56,1,,
2026-05-28T13:48:52 ET,2026-05-28T13:45:00 ET,2026-05-28,Thu,1348ET,2026-06-01,30306.75,736.395,29997.7,POSITIVE,NEUTRAL,21.48,0.713,10.45,15.4,15.32,18.81,31360.81,762.0,1054.0600000000013,3.477971079050051,14028.02,14028.02,297523.07,-6132.82,9830.93,0.057571,24.51,6,,
2026-05-28T13:48:52 ET,2026-05-28T13:45:00 ET,2026-05-28,Thu,1348ET,2026-05-29,30306.75,736.395,29997.7,POSITIVE,NEUTRAL,21.48,0.713,10.45,15.4,15.32,18.81,31401.97,763.0,1095.2200000000012,3.613782408209396,2825.41,2825.41,38924.17,-5057.81,1300.64,0.002301,2.0,4,,
2026-05-28T13:48:52 ET,2026-05-28T13:45:00 ET,2026-05-28,Thu,1348ET,2026-06-01,30306.75,736.395,29997.7,POSITIVE,NEUTRAL,21.48,0.713,10.45,15.4,15.32,18.81,31401.97,763.0,1095.2200000000012,3.613782408209396,22249.32,22249.32,487877.46,-10092.15,15276.42,0.077395,39.06,11,,
2026-05-28T13:48:52 ET,2026-05-28T13:45:00 ET,2026-05-28,Thu,1348ET,2026-05-28,30306.75,736.395,29997.7,POSITIVE,NEUTRAL,21.48,0.713,10.45,15.4,15.32,18.81,31442.85,764.0,1136.0999999999985,3.7486698507758125,248690.73,248690.73,2558032.92,-919197.74,107439.19,0.130175,121.94,514,,
2026-05-28T13:48:52 ET,2026-05-28T13:45:00 ET,2026-05-28,Thu,1348ET,2026-05-29,30306.75,736.395,29997.7,POSITIVE,NEUTRAL,21.48,0.713,10.45,15.4,15.32,18.81,31443.12,764.0,1136.369999999999,3.7495607414189878,78509.78,78509.78,1099332.84,-145697.56,36384.3,0.056338,56.57,127,,
2026-05-28T13:48:52 ET,2026-05-28T13:45:00 ET,2026-05-28,Thu,1348ET,2026-05-28,30306.75,736.395,29997.7,POSITIVE,NEUTRAL,21.48,0.713,10.45,15.4,15.32,18.81,31484.0,765.0,1177.25,3.8844481839854157,514489.22,514489.22,5239221.04,-1969352.51,234534.0,0.293653,263.91,1029,,
2026-05-28T13:48:52 ET,2026-05-28T13:45:00 ET,2026-05-28,Thu,1348ET,2026-05-29,30306.75,736.395,29997.7,POSITIVE,NEUTRAL,21.48,0.713,10.45,15.4,15.32,18.81,31484.28,765.0,1177.5299999999988,3.885372070578333,740622.81,740622.81,10522180.19,-1423024.55,346183.05,0.473247,544.69,1357,,
2026-05-28T13:48:52 ET,2026-05-28T13:45:00 ET,2026-05-28,Thu,1348ET,2026-06-01,30306.75,736.395,29997.7,POSITIVE,NEUTRAL,21.48,0.713,10.45,15.4,15.32,18.81,31484.28,765.0,1177.5299999999988,3.885372070578333,581569.78,581569.78,13559876.16,-282848.63,384896.24,1.452523,1031.8,386,,
2026-05-28T13:48:52 ET,2026-05-28T13:45:00 ET,2026-05-28,Thu,1348ET,2026-05-28,30306.75,736.395,29997.7,POSITIVE,NEUTRAL,21.48,0.713,10.45,15.4,15.32,18.81,31525.16,766.0,1218.4099999999999,4.020259513144761,91325.66,91325.66,920062.36,-361586.85,43931.99,0.057086,48.99,176,,
2026-05-28T13:48:52 ET,2026-05-28T13:45:00 ET,2026-05-28,Thu,1348ET,2026-05-29,30306.75,736.395,29997.7,POSITIVE,NEUTRAL,21.48,0.713,10.45,15.4,15.32,18.81,31525.43,766.0,1218.6800000000003,4.021150403787936,7291.92,7291.92,104941.13,-14488.45,3443.63,0.004193,5.48,15,,
2026-05-28T13:48:52 ET,2026-05-28T13:45:00 ET,2026-05-28,Thu,1348ET,2026-06-01,30306.75,736.395,29997.7,POSITIVE,NEUTRAL,21.48,0.713,10.45,15.4,15.32,18.81,31525.43,766.0,1218.6800000000003,4.021150403787936,7790.05,7790.05,186842.43,-3916.09,5071.98,0.016494,13.9,6,,
2026-05-28T13:48:52 ET,2026-05-28T13:45:00 ET,2026-05-28,Thu,1348ET,2026-05-29,30306.75,736.395,29997.7,POSITIVE,NEUTRAL,21.48,0.713,10.45,15.4,15.32,18.81,31566.59,767.0,1259.8400000000001,4.156961732947281,5678.89,5678.89,82661.81,-11655.19,2713.93,0.00297,4.36,13,,
2026-05-28T13:48:52 ET,2026-05-28T13:45:00 ET,2026-05-28,Thu,1348ET,2026-05-29,30306.75,736.395,29997.7,POSITIVE,NEUTRAL,21.48,0.713,10.45,15.4,15.32,18.81,31607.75,768.0,1301.0,4.292773062106627,15839.78,15839.78,232872.95,-33544.77,7671.69,0.007609,12.42,40,,
2026-05-28T13:48:52 ET,2026-05-28T13:45:00 ET,2026-05-28,Thu,1348ET,2026-06-01,30306.75,736.395,29997.7,POSITIVE,NEUTRAL,21.48,0.713,10.45,15.4,15.32,18.81,31607.75,768.0,1301.0,4.292773062106627,1926.23,1926.23,48675.09,-1031.2,1218.43,0.002939,3.48,2,,
2026-05-28T13:48:52 ET,2026-05-28T13:45:00 ET,2026-05-28,Thu,1348ET,2026-05-28,30306.75,736.395,29997.7,POSITIVE,NEUTRAL,21.48,0.713,10.45,15.4,15.32,18.81,31648.63,769.0,1341.880000000001,4.427660504673055,5303.22,5303.22,51563.72,-23086.66,2995.8,0.004421,3.24,9,,
2026-05-28T13:48:52 ET,2026-05-28T13:45:00 ET,2026-05-28,Thu,1348ET,2026-05-29,30306.75,736.395,29997.7,POSITIVE,NEUTRAL,21.48,0.713,10.45,15.4,15.32,18.81,31648.9,769.0,1342.1500000000015,4.42855139531623,14482.81,14482.81,214775.84,-31616.97,7118.68,0.006456,11.6,40,,
2026-05-28T13:48:52 ET,2026-05-28T13:45:00 ET,2026-05-28,Thu,1348ET,2026-05-28,30306.75,736.395,29997.7,POSITIVE,NEUTRAL,21.48,0.713,10.45,15.4,15.32,18.81,31689.78,770.0,1383.0299999999988,4.5634388378826465,459230.33,459230.33,4409011.12,-2059415.08,273553.44,0.422264,292.89,745,,
2026-05-28T13:48:52 ET,2026-05-28T13:45:00 ET,2026-05-28,Thu,1348ET,2026-05-29,30306.75,736.395,29997.7,POSITIVE,NEUTRAL,21.48,0.713,10.45,15.4,15.32,18.81,31690.06,770.0,1383.3100000000013,4.564362724475575,2805273.66,2805941.34,41912646.77,-6308631.13,1327835.01,1.1103239999999999,2298.73,8405,,
2026-05-28T13:48:52 ET,2026-05-28T13:45:00 ET,2026-05-28,Thu,1348ET,2026-06-01,30306.75,736.395,29997.7,POSITIVE,NEUTRAL,21.48,0.713,10.45,15.4,15.32,18.81,31690.06,770.0,1383.3100000000013,4.564362724475575,348338.95,348338.95,9224822.77,-197823.86,215112.67,0.385393,638.16,487,,
2026-05-28T13:48:52 ET,2026-05-28T13:45:00 ET,2026-05-28,Thu,1348ET,2026-05-29,30306.75,736.395,29997.7,POSITIVE,NEUTRAL,21.48,0.713,10.45,15.4,15.32,18.81,31731.21,771.0,1424.4599999999991,4.700141057685166,186197.17,186197.17,2799575.36,-430764.51,94612.32,0.073542,156.0,600,,
2026-05-28T13:48:52 ET,2026-05-28T13:45:00 ET,2026-05-28,Thu,1348ET,2026-05-29,30306.75,736.395,29997.7,POSITIVE,NEUTRAL,21.48,0.713,10.45,15.4,15.32,18.81,31772.37,772.0,1465.619999999999,4.835952386844512,290.74,290.74,4394.63,-691.56,150.46,0.00011,0.25,1,,
2026-05-28T13:48:52 ET,2026-05-28T13:45:00 ET,2026-05-28,Thu,1348ET,2026-05-29,30306.75,736.395,29997.7,POSITIVE,NEUTRAL,21.48,0.713,10.45,15.4,15.32,18.81,31813.53,773.0,1506.7799999999988,4.971763716003856,3842.23,3842.23,58327.49,-9388.99,2027.1,0.001393,3.37,14,,
2026-05-28T13:48:52 ET,2026-05-28T13:45:00 ET,2026-05-28,Thu,1348ET,2026-06-01,30306.75,736.395,29997.7,POSITIVE,NEUTRAL,21.48,0.713,10.45,15.4,15.32,18.81,31813.53,773.0,1506.7799999999988,4.971763716003856,4616.75,4616.75,130018.54,-2846.7,2773.52,0.003207,8.65,10,,
2026-05-28T13:48:52 ET,2026-05-28T13:45:00 ET,2026-05-28,Thu,1348ET,2026-05-28,30306.75,736.395,29997.7,POSITIVE,NEUTRAL,21.48,0.713,10.45,15.4,15.32,18.81,31895.56,775.0,1588.8100000000013,5.242429491779888,258121.21,258121.21,2318345.03,-1326535.37,199164.49,0.384289,201.75,335,,
2026-05-28T13:48:52 ET,2026-05-28T13:45:00 ET,2026-05-28,Thu,1348ET,2026-05-29,30306.75,736.395,29997.7,POSITIVE,NEUTRAL,21.48,0.713,10.45,15.4,15.32,18.81,31895.84,775.0,1589.0900000000001,5.243353378372805,140116.12,140116.12,2139843.47,-360589.62,77035.72,0.048193,128.65,561,,
2026-05-28T13:48:52 ET,2026-05-28T13:45:00 ET,2026-05-28,Thu,1348ET,2026-06-01,30306.75,736.395,29997.7,POSITIVE,NEUTRAL,21.48,0.713,10.45,15.4,15.32,18.81,31895.84,775.0,1589.0900000000001,5.243353378372805,164628.3,164628.3,4805267.55,-106838.76,97609.24,0.085094,313.72,473,,
2026-05-28T13:48:52 ET,2026-05-28T13:45:00 ET,2026-05-28,Thu,1348ET,2026-05-28,30306.75,736.395,29997.7,POSITIVE,NEUTRAL,21.48,0.713,10.45,15.4,15.32,18.81,32101.34,780.0,1794.5900000000001,5.921420145677119,123778.65,123778.65,1037756.83,-716989.99,122036.28,0.286568,116.86,132,,
2026-05-28T13:48:52 ET,2026-05-28T13:45:00 ET,2026-05-28,Thu,1348ET,2026-05-29,30306.75,736.395,29997.7,POSITIVE,NEUTRAL,21.48,0.713,10.45,15.4,15.32,18.81,32101.62,780.0,1794.869999999999,5.922344032270035,794428.2599999999,800569.62,12160307.950000001,-2319309.18,-536853.86,-0.294935,826.0799999999999,3650,,
2026-05-28T13:48:52 ET,2026-05-28T13:45:00 ET,2026-05-28,Thu,1348ET,2026-06-01,30306.75,736.395,29997.7,POSITIVE,NEUTRAL,21.48,0.713,10.45,15.4,15.32,18.81,32101.62,780.0,1794.869999999999,5.922344032270035,30454.38,30454.38,957085.01,-22218.11,17760.73,0.008017,60.75,169,,
2026-05-28T13:48:52 ET,2026-05-28T13:45:00 ET,2026-05-28,Thu,1348ET,2026-05-28,30306.75,736.395,29997.7,POSITIVE,NEUTRAL,21.48,0.713,10.45,15.4,15.32,18.81,32307.12,785.0,2000.369999999999,6.600410799574349,268002.3,268002.3,2098897.6,-1727313.83,332540.62,0.914663,301.45,244,,
2026-05-28T13:48:52 ET,2026-05-28T13:45:00 ET,2026-05-28,Thu,1348ET,2026-06-01,30306.75,736.395,29997.7,POSITIVE,NEUTRAL,21.48,0.713,10.45,15.4,15.32,18.81,32307.4,785.0,2000.6500000000015,6.601334686167277,6820.18,6820.18,226514.41,-5522.09,3992.32,0.001018,14.32,67,,
2026-05-28T13:48:52 ET,2026-05-28T13:45:00 ET,2026-05-28,Thu,1348ET,2026-05-28,30306.75,736.395,29997.7,POSITIVE,NEUTRAL,21.48,0.713,10.45,15.4,15.32,18.81,32512.89,790.0,2206.1399999999994,7.279368457521837,371682.82,371682.82,2725051.43,-2638137.84,571707.01,1.773749,491.91,300,,
2026-05-28T13:48:52 ET,2026-05-28T13:45:00 ET,2026-05-28,Thu,1348ET,2026-06-01,30306.75,736.395,29997.7,POSITIVE,NEUTRAL,21.48,0.713,10.45,15.4,15.32,18.81,32513.18,790.0,2206.4300000000003,7.2803253400645085,86243.88,86243.88,2982092.97,-76699.13,51529.59,0.008203,191.3,1357,,
2026-05-28T13:48:52 ET,2026-05-28T13:45:00 ET,2026-05-28,Thu,1348ET,2026-05-28,30306.75,736.395,29997.7,POSITIVE,NEUTRAL,21.48,0.713,10.45,15.4,15.32,18.81,32718.67,795.0,2411.9199999999983,7.958359111419068,2704.53,2704.53,18616.57,-20963.73,5083.47,0.017214,4.16,2,,
2026-05-28T13:48:52 ET,2026-05-28T13:45:00 ET,2026-05-28,Thu,1348ET,2026-06-01,30306.75,736.395,29997.7,POSITIVE,NEUTRAL,21.48,0.713,10.45,15.4,15.32,18.81,32718.96,795.0,2412.209999999999,7.959315993961738,5321.52,5321.52,189258.49,-5154.11,3290.15,0.000362,12.52,121,,
2026-05-28T13:48:52 ET,2026-05-28T13:45:00 ET,2026-05-28,Thu,1348ET,2026-05-28,30306.75,736.395,29997.7,POSITIVE,NEUTRAL,21.48,0.713,10.45,15.4,15.32,18.81,32924.45,800.0,2617.699999999997,8.637349765316298,165178.41,165178.41,1070907.83,-1388576.38,374392.23,1.346635,292.89,115,,
2026-05-28T13:48:52 ET,2026-05-28T13:45:00 ET,2026-05-28,Thu,1348ET,2026-06-01,30306.75,736.395,29997.7,POSITIVE,NEUTRAL,21.48,0.713,10.45,15.4,15.32,18.81,32924.74,800.0,2617.989999999998,8.638306647858968,3994.96,3994.96,144705.9,-4184.01,2584.34,0.000217,9.99,119,,
2026-05-28T13:48:52 ET,2026-05-28T13:45:00 ET,2026-05-28,Thu,1348ET,AGGREGATE,30306.75,736.395,29997.7,POSITIVE,NEUTRAL,21.48,0.713,10.45,15.4,15.32,18.81,27286.37,663.0,-3020.380000000001,-9.966030669735293,-330305.45000000007,792569.17,3251179.0100000002,4091867.67,18880651.83,38.76078,2284.3,967,,
2026-05-28T13:48:52 ET,2026-05-28T13:45:00 ET,2026-05-28,Thu,1348ET,AGGREGATE,30306.75,736.395,29997.7,POSITIVE,NEUTRAL,21.48,0.713,10.45,15.4,15.32,18.81,27327.53,664.0,-2979.220000000001,-9.830219340575947,-358982.81,649432.55,3561277.2499999995,3306050.4200000004,11604182.57,23.713756,1831.26,796,,
2026-05-28T13:48:52 ET,2026-05-28T13:45:00 ET,2026-05-28,Thu,1348ET,AGGREGATE,30306.75,736.395,29997.7,POSITIVE,NEUTRAL,21.48,0.713,10.45,15.4,15.32,18.81,27368.45,665.0,-2938.2999999999993,-9.695199914210528,-560183.12,648333.7599999999,2858309.4899999998,6438282.07,-182769.6000000001,-0.6507359999999993,1731.02,456,,
2026-05-28T13:48:52 ET,2026-05-28T13:45:00 ET,2026-05-28,Thu,1348ET,AGGREGATE,30306.75,736.395,29997.7,POSITIVE,NEUTRAL,21.48,0.713,10.45,15.4,15.32,18.81,27368.69,665.0,-2938.0600000000013,-9.694408011416602,-7442591.41,10013957.61,77604787.26,49404040.82,94834179.74000001,191.972606,28010.32,12668,,
2026-05-28T13:48:52 ET,2026-05-28T13:45:00 ET,2026-05-28,Thu,1348ET,AGGREGATE,30306.75,736.395,29997.7,POSITIVE,NEUTRAL,21.48,0.713,10.45,15.4,15.32,18.81,27409.84,666.0,-2896.91,-9.558629678207,-895467.2999999999,1158935.1199999999,9022496.77,5732599.4,9463036.33,19.156021,3126.6800000000003,1434,,
2026-05-28T13:48:52 ET,2026-05-28T13:45:00 ET,2026-05-28,Thu,1348ET,AGGREGATE,30306.75,736.395,29997.7,POSITIVE,NEUTRAL,21.48,0.713,10.45,15.4,15.32,18.81,27451.0,667.0,-2855.75,-9.422818349047654,-2169943.5,2647684.96,22032269.259999998,12905658.049999999,16225164.41,32.685897,6985.51,3292,,
2026-05-28T13:48:52 ET,2026-05-28T13:45:00 ET,2026-05-28,Thu,1348ET,AGGREGATE,30306.75,736.395,29997.7,POSITIVE,NEUTRAL,21.48,0.713,10.45,15.4,15.32,18.81,27492.15,668.0,-2814.5999999999985,-9.28704001583805,-203291.07999999996,955628.12,2079860.42,4589120.13,32626277.290000003,65.405902,2465.25,1194,,
2026-05-28T13:48:52 ET,2026-05-28T13:45:00 ET,2026-05-28,Thu,1348ET,AGGREGATE,30306.75,736.395,29997.7,POSITIVE,NEUTRAL,21.48,0.713,10.45,15.4,15.32,18.81,27533.31,669.0,-2773.4399999999987,-9.151228686678706,-714411.38,1029803.7000000001,7364413.719999999,4871069.1899999995,12502381.200000001,24.940977999999998,2597.18,1293,,
2026-05-28T13:48:52 ET,2026-05-28T13:45:00 ET,2026-05-28,Thu,1348ET,AGGREGATE,30306.75,736.395,29997.7,POSITIVE,NEUTRAL,21.48,0.713,10.45,15.4,15.32,18.81,27574.23,670.0,-2732.5200000000004,-9.016209260313298,-1549847.97,1612873.2100000002,8471873.44,14911164.21,-3506682.52,-12.578412,3742.65,1126,,
2026-05-28T13:48:52 ET,2026-05-28T13:45:00 ET,2026-05-28,Thu,1348ET,AGGREGATE,30306.75,736.395,29997.7,POSITIVE,NEUTRAL,21.48,0.713,10.45,15.4,15.32,18.81,27574.47,670.0,-2732.279999999999,-9.015417357519361,-5552620.0200000005,7050167.239999999,59432171.17,32057405.099999998,60657906.29,111.19876,17754.769999999997,9180,,
2026-05-28T13:48:52 ET,2026-05-28T13:45:00 ET,2026-05-28,Thu,1348ET,AGGREGATE,30306.75,736.395,29997.7,POSITIVE,NEUTRAL,21.48,0.713,10.45,15.4,15.32,18.81,27615.62,671.0,-2691.130000000001,-8.87963902430977,-473568.82000000007,858471.4200000002,6456158.86,3580195.4000000004,16380220.529999997,32.502611,2240.92,1215,,
2026-05-28T13:48:52 ET,2026-05-28T13:45:00 ET,2026-05-28,Thu,1348ET,AGGREGATE,30306.75,736.395,29997.7,POSITIVE,NEUTRAL,21.48,0.713,10.45,15.4,15.32,18.81,27656.78,672.0,-2649.970000000001,-8.743827695150424,-2309562.74,2606289.3200000003,24929984.77,11625697.149999999,9101560.36,17.949209000000003,6204.06,3368,,
2026-05-28T13:48:52 ET,2026-05-28T13:45:00 ET,2026-05-28,Thu,1348ET,AGGREGATE,30306.75,736.395,29997.7,POSITIVE,NEUTRAL,21.48,0.713,10.45,15.4,15.32,18.81,27697.93,673.0,-2608.8199999999997,-8.608049361940822,-2402372.44,2795667.2,27073514.4,12037597.9,13710775.4,26.640739999999997,6618.97,3705,,
2026-05-28T13:48:52 ET,2026-05-28T13:45:00 ET,2026-05-28,Thu,1348ET,AGGREGATE,30306.75,736.395,29997.7,POSITIVE,NEUTRAL,21.48,0.713,10.45,15.4,15.32,18.81,27739.09,674.0,-2567.66,-8.472238032781476,-560663.29,1039132.7100000001,6400297.72,4444161.79,20869430.46,40.631980000000006,2383.43,1367,,
2026-05-28T13:48:52 ET,2026-05-28T13:45:00 ET,2026-05-28,Thu,1348ET,AGGREGATE,30306.75,736.395,29997.7,POSITIVE,NEUTRAL,21.48,0.713,10.45,15.4,15.32,18.81,27780.0,675.0,-2526.75,-8.337251602365809,-1676030.8599999999,1871709.58,9835342.959999999,16007175.620000001,167424.42000000086,0.5944980000000015,3743.0099999999998,1320,,
2026-05-28T13:48:52 ET,2026-05-28T13:45:00 ET,2026-05-28,Thu,1348ET,AGGREGATE,30306.75,736.395,29997.7,POSITIVE,NEUTRAL,21.48,0.713,10.45,15.4,15.32,18.81,27780.25,675.0,-2526.5,-8.33642670362213,-3612672.63,10136020.23,41942808.519999996,42734980.93,294368443.48999995,568.53032,22666.260000000002,13342,,
2026-05-28T13:48:52 ET,2026-05-28T13:45:00 ET,2026-05-28,Thu,1348ET,AGGREGATE,30306.75,736.395,29997.7,POSITIVE,NEUTRAL,21.48,0.713,10.45,15.4,15.32,18.81,27821.16,676.0,-2485.59,-8.201440273206465,-952795.6000000001,978203.48,5672619.45,8229491.949999999,-1805096.78,-6.380636,1896.7700000000002,693,,
2026-05-28T13:48:52 ET,2026-05-28T13:45:00 ET,2026-05-28,Thu,1348ET,AGGREGATE,30306.75,736.395,29997.7,POSITIVE,NEUTRAL,21.48,0.713,10.45,15.4,15.32,18.81,27821.4,676.0,-2485.3499999999985,-8.200648370412528,-1411863.62,1980298.3399999999,16795618.99,7945199.33,24820369.270000003,46.312024,4461.4800000000005,2692,,
2026-05-28T13:48:52 ET,2026-05-28T13:45:00 ET,2026-05-28,Thu,1348ET,AGGREGATE,30306.75,736.395,29997.7,POSITIVE,NEUTRAL,21.48,0.713,10.45,15.4,15.32,18.81,27862.32,677.0,-2444.4300000000003,-8.06562894404712,-1009373.87,1054297.33,6097479.92,8722574.450000001,-1376477.0199999998,-4.8390450000000005,1981.45,751,,
2026-05-28T13:48:52 ET,2026-05-28T13:45:00 ET,2026-05-28,Thu,1348ET,AGGREGATE,30306.75,736.395,29997.7,POSITIVE,NEUTRAL,21.48,0.713,10.45,15.4,15.32,18.81,27862.56,677.0,-2444.1899999999987,-8.064837041253183,-1093928.67,2122400.11,13060539.41,8563938.229999999,45870088.28,88.395288,4573.01,2832,,
2026-05-28T13:48:52 ET,2026-05-28T13:45:00 ET,2026-05-28,Thu,1348ET,AGGREGATE,30306.75,736.395,29997.7,POSITIVE,NEUTRAL,21.48,0.713,10.45,15.4,15.32,18.81,27903.47,678.0,-2403.279999999999,-7.929850610837516,-1021029.76,1029398.8600000001,6258771.069999999,8372774.4,-2173582.86,-7.592259,1874.4399999999998,738,1.1293965594106847,PUT WALL + VOL SENSITIVE
2026-05-28T13:48:52 ET,2026-05-28T13:45:00 ET,2026-05-28,Thu,1348ET,AGGREGATE,30306.75,736.395,29997.7,POSITIVE,NEUTRAL,21.48,0.713,10.45,15.4,15.32,18.81,27903.71,678.0,-2403.040000000001,-7.92905870804359,118287.25000000016,2584203.77,-89171.07999999961,10261899.76,126021766.83,241.598309,5431.15,3449,1.8020763019418073,CALL WALL
2026-05-28T13:48:52 ET,2026-05-28T13:45:00 ET,2026-05-28,Thu,1348ET,AGGREGATE,30306.75,736.395,29997.7,POSITIVE,NEUTRAL,21.48,0.713,10.45,15.4,15.32,18.81,27944.63,679.0,-2362.119999999999,-7.794039281678171,-584253.81,642402.29,3634480.11,5135222.42,112749.34000000008,0.39090500000000006,1132.8799999999999,464,0.6860996164392656,PUT WALL + VOL SENSITIVE
2026-05-28T13:48:52 ET,2026-05-28T13:45:00 ET,2026-05-28,Thu,1348ET,AGGREGATE,30306.75,736.395,29997.7,POSITIVE,NEUTRAL,21.48,0.713,10.45,15.4,15.32,18.81,27944.87,679.0,-2361.880000000001,-7.793247378884245,-1948104.11,2270502.75,23361088.13,8702180.24,12119859.28,23.309423,4743.08,3072,2.2697327853906777,PUT WALL + VOL SENSITIVE
2026-05-28T13:48:52 ET,2026-05-28T13:45:00 ET,2026-05-28,Thu,1348ET,AGGREGATE,30306.75,736.395,29997.7,POSITIVE,NEUTRAL,21.48,0.713,10.45,15.4,15.32,18.81,27985.78,680.0,-2320.970000000001,-7.658260948468579,-8722399.12,8881637.12,55068614.879999995,69754102.01,-14735699.169999998,-50.655546,15162.86,6470,9.584297950671022,PUT WALL + VOL SENSITIVE
2026-05-28T13:48:52 ET,2026-05-28T13:45:00 ET,2026-05-28,Thu,1348ET,AGGREGATE,30306.75,736.395,29997.7,POSITIVE,NEUTRAL,21.48,0.713,10.45,15.4,15.32,18.81,27986.03,680.0,-2320.720000000001,-7.6574360497249,-16607920.21,26380938.290000003,188529190.46,102924452.46999998,434348725.71999997,827.247523,51883.72000000001,34834,23.826927165448566,PUT WALL + VOL SENSITIVE
2026-05-28T13:48:52 ET,2026-05-28T13:45:00 ET,2026-05-28,Thu,1348ET,AGGREGATE,30306.75,736.395,29997.7,POSITIVE,NEUTRAL,21.48,0.713,10.45,15.4,15.32,18.81,28026.94,681.0,-2279.8100000000013,-7.522449619309233,-557429.51,571025.3500000001,3572090.6,4404638.27,-802904.2,-2.7336150000000004,943.35,420,0.6105761437858243,PUT WALL + VOL SENSITIVE
2026-05-28T13:48:52 ET,2026-05-28T13:45:00 ET,2026-05-28,Thu,1348ET,AGGREGATE,30306.75,736.395,29997.7,POSITIVE,NEUTRAL,21.48,0.713,10.45,15.4,15.32,18.81,28027.18,681.0,-2279.5699999999997,-7.521657716515297,-1849266.7300000002,2394699.41,21514583.17,9066119.31,23084360.56,43.822253,4655.0199999999995,3188,2.2790626010312742,PUT WALL + VOL SENSITIVE
2026-05-28T13:48:52 ET,2026-05-28T13:45:00 ET,2026-05-28,Thu,1348ET,AGGREGATE,30306.75,736.395,29997.7,POSITIVE,NEUTRAL,21.48,0.713,10.45,15.4,15.32,18.81,28068.09,682.0,-2238.66,-7.38667128609963,-1241430.6,1252190.56,8075239.52,9483141.49,-2165142.4400000004,-7.292470999999999,2000.9199999999998,931,1.3352918039715351,PUT WALL + VOL SENSITIVE
2026-05-28T13:48:52 ET,2026-05-28T13:45:00 ET,2026-05-28,Thu,1348ET,AGGREGATE,30306.75,736.395,29997.7,POSITIVE,NEUTRAL,21.48,0.713,10.45,15.4,15.32,18.81,28068.34,682.0,-2238.41,-7.385846387355952,-5357434.71,6149514.11,61518943.419999994,23074638.23,29801755.39,56.804322,11544.58,8140,6.020829764488736,PUT WALL + VOL SENSITIVE
2026-05-28T13:48:52 ET,2026-05-28T13:45:00 ET,2026-05-28,Thu,1348ET,AGGREGATE,30306.75,736.395,29997.7,POSITIVE,NEUTRAL,21.48,0.713,10.45,15.4,15.32,18.81,28109.25,683.0,-2197.5,-7.250859956940285,-415964.68,437228.04,2746787.67,3249829.16,-233008.90000000002,-0.775447,675.4899999999999,329,0.4582576528053387,PUT WALL + VOL SENSITIVE
2026-05-28T13:48:52 ET,2026-05-28T13:45:00 ET,2026-05-28,Thu,1348ET,AGGREGATE,30306.75,736.395,29997.7,POSITIVE,NEUTRAL,21.48,0.713,10.45,15.4,15.32,18.81,28109.49,683.0,-2197.2599999999984,-7.2500680541463485,-2268991.8699999996,2724161.67,26321868.390000004,9999971.85,18405678.71,34.991831000000005,5006.64,3609,2.6191916738012377,PUT WALL + VOL SENSITIVE
2026-05-28T13:48:52 ET,2026-05-28T13:45:00 ET,2026-05-28,Thu,1348ET,AGGREGATE,30306.75,736.395,29997.7,POSITIVE,NEUTRAL,21.48,0.713,10.45,15.4,15.32,18.81,28150.4,684.0,-2156.3499999999985,-7.115081623730682,-565245.22,575737.02,3789442.0700000003,4198419.38,-741093.97,-2.433887,859.58,439,0.6043569368745974,PUT WALL + VOL SENSITIVE
2026-05-28T13:48:52 ET,2026-05-28T13:45:00 ET,2026-05-28,Thu,1348ET,AGGREGATE,30306.75,736.395,29997.7,POSITIVE,NEUTRAL,21.48,0.713,10.45,15.4,15.32,18.81,28150.65,684.0,-2156.0999999999985,-7.114256724987003,-653051.47,1080072.35,9764212.86,3446393.23,19293327.770000003,36.814440999999995,2188.47,1496,0.9797344410738649,PUT WALL + VOL SENSITIVE
2026-05-28T13:48:52 ET,2026-05-28T13:45:00 ET,2026-05-28,Thu,1348ET,AGGREGATE,30306.75,736.395,29997.7,POSITIVE,NEUTRAL,21.48,0.713,10.45,15.4,15.32,18.81,28191.56,685.0,-2115.1899999999987,-6.979270294571337,-2639360.37,2711742.4299999997,17965503.770000003,19393312.44,-2601857.6399999997,-8.421588,3910.83,2098,2.8247704507938143,PUT WALL + VOL SENSITIVE
2026-05-28T13:48:52 ET,2026-05-28T13:45:00 ET,2026-05-28,Thu,1348ET,AGGREGATE,30306.75,736.395,29997.7,POSITIVE,NEUTRAL,21.48,0.713,10.45,15.4,15.32,18.81,28191.81,685.0,-2114.9399999999987,-6.9784453958276575,-7178985.029999999,23205547.810000002,83722262.65,82529969.02,745906110.57,1421.3929600000001,40241.91,30534,17.72048524092127,PUT WALL + VOL SENSITIVE
2026-05-28T13:48:52 ET,2026-05-28T13:45:00 ET,2026-05-28,Thu,1348ET,AGGREGATE,30306.75,736.395,29997.7,POSITIVE,NEUTRAL,21.48,0.713,10.45,15.4,15.32,18.81,28232.72,686.0,-2074.029999999999,-6.843458965411991,-1688157.93,1693246.57,11667746.59,11871138.84,-2635265.35,-8.395257,2357.73,1331,1.764407769554618,PUT WALL + VOL SENSITIVE
2026-05-28T13:48:52 ET,2026-05-28T13:45:00 ET,2026-05-28,Thu,1348ET,AGGREGATE,30306.75,736.395,29997.7,POSITIVE,NEUTRAL,21.48,0.713,10.45,15.4,15.32,18.81,28232.96,686.0,-2073.790000000001,-6.842667062618067,-7619882.550000001,7848078.95,94417621.03999999,26080169.29,1406544.3200000003,2.680916999999999,14020.900000000001,10433,7.868280729087386,PUT WALL + VOL SENSITIVE
2026-05-28T13:48:52 ET,2026-05-28T13:45:00 ET,2026-05-28,Thu,1348ET,AGGREGATE,30306.75,736.395,29997.7,POSITIVE,NEUTRAL,21.48,0.713,10.45,15.4,15.32,18.81,28273.87,687.0,-2032.880000000001,-6.7076806322024005,-1044057.72,1069065.0999999999,7327577.33,7344551.5,-941220.1499999999,-2.9471130000000003,1436.56,855,1.1018666839108615,PUT WALL + VOL SENSITIVE
2026-05-28T13:48:52 ET,2026-05-28T13:45:00 ET,2026-05-28,Thu,1348ET,AGGREGATE,30306.75,736.395,29997.7,POSITIVE,NEUTRAL,21.48,0.713,10.45,15.4,15.32,18.81,28274.12,687.0,-2032.630000000001,-6.706855733458722,-416371.25,1209542.1099999999,6307260.68,3733934.3800000004,36986026.59,70.409873,2230.9,1614,0.933847241099705,PUT WALL + VOL SENSITIVE
2026-05-28T13:48:52 ET,2026-05-28T13:45:00 ET,2026-05-28,Thu,1348ET,AGGREGATE,30306.75,736.395,29997.7,POSITIVE,NEUTRAL,21.48,0.713,10.45,15.4,15.32,18.81,28315.03,688.0,-1991.7200000000012,-6.571869303043056,-2054319.4,2064136.94,14641721.5,13889995.31,-2796612.33,-8.594335000000001,2675.4100000000003,1682,2.1278320154902093,PUT WALL + VOL SENSITIVE
2026-05-28T13:48:52 ET,2026-05-28T13:45:00 ET,2026-05-28,Thu,1348ET,AGGREGATE,30306.75,736.395,29997.7,POSITIVE,NEUTRAL,21.48,0.713,10.45,15.4,15.32,18.81,28315.27,688.0,-1991.4799999999996,-6.571077400249117,-3361086.2399999998,3979063.2199999997,41965014.300000004,12770042.180000002,24863216.03,48.041075,6723.01,5201,3.7474897532173914,PUT WALL + VOL SENSITIVE
2026-05-28T13:48:52 ET,2026-05-28T13:45:00 ET,2026-05-28,Thu,1348ET,AGGREGATE,30306.75,736.395,29997.7,POSITIVE,NEUTRAL,21.48,0.713,10.45,15.4,15.32,18.81,28356.18,689.0,-1950.5699999999997,-6.436090969833453,-2559296.56,2566512.6199999996,18524924.119999997,16908914.44,-3444738.68,-10.374634,3207.11,2134,2.635094372822107,PUT WALL + VOL SENSITIVE
2026-05-28T13:48:52 ET,2026-05-28T13:45:00 ET,2026-05-28,Thu,1348ET,AGGREGATE,30306.75,736.395,29997.7,POSITIVE,NEUTRAL,21.48,0.713,10.45,15.4,15.32,18.81,28356.43,689.0,-1950.3199999999997,-6.435266071089772,-690202.3,1766617.4600000002,8839091.91,5622241.19,49086122.55,95.35750200000001,2868.2999999999997,2284,1.3547664703180113,PUT WALL + VOL SENSITIVE
2026-05-28T13:48:52 ET,2026-05-28T13:45:00 ET,2026-05-28,Thu,1348ET,AGGREGATE,30306.75,736.395,29997.7,POSITIVE,NEUTRAL,21.48,0.713,10.45,15.4,15.32,18.81,28397.34,690.0,-1909.4099999999999,-6.300279640674107,-3461209.77,3637742.0500000003,25444583.81,23453706.13,570851.1799999997,1.6823770000000007,4380.24,3091,3.6730723039136532,PUT WALL + VOL SENSITIVE
2026-05-28T13:48:52 ET,2026-05-28T13:45:00 ET,2026-05-28,Thu,1348ET,AGGREGATE,30306.75,736.395,29997.7,POSITIVE,NEUTRAL,21.48,0.713,10.45,15.4,15.32,18.81,28397.58,690.0,-1909.1699999999983,-6.299487737880169,-7792999.43,15533434.01,97894586.81,48205786.93,347094798.81,680.042997,24703.68,19877,12.379312204405156,PUT WALL + VOL SENSITIVE
2026-05-28T13:48:52 ET,2026-05-28T13:45:00 ET,2026-05-28,Thu,1348ET,AGGREGATE,30306.75,736.395,29997.7,POSITIVE,NEUTRAL,21.48,0.713,10.45,15.4,15.32,18.81,28438.49,691.0,-1868.2599999999984,-6.164501307464503,-500197.5399999999,578389.34,3734707.33,3647517.56,1753756.07,5.049972,670.75,503,0.568868432490944,PUT WALL + VOL SENSITIVE
2026-05-28T13:48:52 ET,2026-05-28T13:45:00 ET,2026-05-28,Thu,1348ET,AGGREGATE,30306.75,736.395,29997.7,POSITIVE,NEUTRAL,21.48,0.713,10.45,15.4,15.32,18.81,28438.74,691.0,-1868.0099999999984,-6.163676408720824,-209081.72999999995,930469.03,3009885.1000000006,2818350.0,32571615.279999997,64.53183000000001,1447.05,1176,0.643165660327815,PUT WALL + VOL SENSITIVE
2026-05-28T13:48:52 ET,2026-05-28T13:45:00 ET,2026-05-28,Thu,1348ET,AGGREGATE,30306.75,736.395,29997.7,POSITIVE,NEUTRAL,21.48,0.713,10.45,15.4,15.32,18.81,28479.65,692.0,-1827.0999999999985,-6.028689978305158,-2024770.6600000001,2175086.04,15354999.639999999,13410115.670000002,2249064.2300000004,6.317831,2428.05,1939,2.169345906641745,PUT WALL + VOL SENSITIVE
2026-05-28T13:48:52 ET,2026-05-28T13:45:00 ET,2026-05-28,Thu,1348ET,AGGREGATE,30306.75,736.395,29997.7,POSITIVE,NEUTRAL,21.48,0.713,10.45,15.4,15.32,18.81,28479.9,692.0,-1826.8499999999985,-6.027865079561479,-7544975.24,8537257.1,89624757.12,26073379.08,36609283.08,73.50430999999999,12434.89,10656,7.810650779167025,PUT WALL + VOL SENSITIVE
2026-05-28T13:48:52 ET,2026-05-28T13:45:00 ET,2026-05-28,Thu,1348ET,AGGREGATE,30306.75,736.395,29997.7,POSITIVE,NEUTRAL,21.48,0.713,10.45,15.4,15.32,18.81,28520.8,693.0,-1785.9500000000007,-5.892911645095567,-1567903.97,2096730.1300000001,12076982.33,12631344.97,15358697.690000001,42.023233000000005,2251.8199999999997,1919,1.9867508857143106,PUT WALL + VOL SENSITIVE
2026-05-28T13:48:52 ET,2026-05-28T13:45:00 ET,2026-05-28,Thu,1348ET,AGGREGATE,30306.75,736.395,29997.7,POSITIVE,NEUTRAL,21.48,0.713,10.45,15.4,15.32,18.81,28521.05,693.0,-1785.7000000000007,-5.892086746351888,-896533.7700000001,1994351.05,12244006.259999998,5635212.89,47656764.28,97.041476,3039.11,2438,1.498922097877151,PUT WALL + VOL SENSITIVE
2026-05-28T13:48:52 ET,2026-05-28T13:45:00 ET,2026-05-28,Thu,1348ET,AGGREGATE,30306.75,736.395,29997.7,POSITIVE,NEUTRAL,21.48,0.713,10.45,15.4,15.32,18.81,28561.96,694.0,-1744.7900000000009,-5.757100315936222,-675798.3600000001,949942.98,5287142.31,5588785.64,8439014.04,22.455319,980.98,894,0.8882678377690649,PUT WALL + VOL SENSITIVE
2026-05-28T13:48:52 ET,2026-05-28T13:45:00 ET,2026-05-28,Thu,1348ET,AGGREGATE,30306.75,736.395,29997.7,POSITIVE,NEUTRAL,21.48,0.713,10.45,15.4,15.32,18.81,28562.21,694.0,-1744.5400000000009,-5.756275417192542,-175770.55,1853258.0699999998,3249207.5399999996,5140981.61,72738907.11,150.818634,2737.35,2223,1.1267635410616028,PUT WALL + VOL SENSITIVE
2026-05-28T13:48:52 ET,2026-05-28T13:45:00 ET,2026-05-28,Thu,1348ET,AGGREGATE,30306.75,736.395,29997.7,POSITIVE,NEUTRAL,21.48,0.713,10.45,15.4,15.32,18.81,28603.12,695.0,-1703.630000000001,-5.621288986776876,-2346247.8,2666096.88,18643845.080000002,15309454.17,8586260.229999999,22.184772,2645.89,2584,2.606040191272104,PUT WALL + VOL SENSITIVE
2026-05-28T13:48:52 ET,2026-05-28T13:45:00 ET,2026-05-28,Thu,1348ET,AGGREGATE,30306.75,736.395,29997.7,POSITIVE,NEUTRAL,21.48,0.713,10.45,15.4,15.32,18.81,28603.36,695.0,-1703.3899999999994,-5.620497083982939,-13156928.900000002,33979152.02,160108774.70000005,95870895.02,875180195.17,1850.372805,46307.68000000001,40212,23.826480118337546,PUT WALL + VOL SENSITIVE
2026-05-28T13:48:52 ET,2026-05-28T13:45:00 ET,2026-05-28,Thu,1348ET,AGGREGATE,30306.75,736.395,29997.7,POSITIVE,NEUTRAL,21.48,0.713,10.45,15.4,15.32,18.81,28644.27,696.0,-1662.4799999999996,-5.485510653567273,-8312929.7,8390957.2,67090063.79,47000067.57,-5578928.800000001,-13.975629999999999,7998.2699999999995,8388,8.446425342629176,PUT WALL + VOL SENSITIVE
2026-05-28T13:48:52 ET,2026-05-28T13:45:00 ET,2026-05-28,Thu,1348ET,AGGREGATE,30306.75,736.395,29997.7,POSITIVE,NEUTRAL,21.48,0.713,10.45,15.4,15.32,18.81,28644.52,696.0,-1662.2299999999996,-5.4846857548235946,-4664691.46,5713677.12,58878554.17,14966545.870000001,38303296.02,84.75782000000001,8117.91,6530,4.813922530579754,PUT WALL + VOL SENSITIVE
2026-05-28T13:48:52 ET,2026-05-28T13:45:00 ET,2026-05-28,Thu,1348ET,AGGREGATE,30306.75,736.395,29997.7,POSITIVE,NEUTRAL,21.48,0.713,10.45,15.4,15.32,18.81,28685.43,697.0,-1621.3199999999997,-5.349699324407927,-399016.77999999997,540415.94,3270492.94,2950835.98,4859194.699999999,11.784896,494.48,558,0.5064197387006731,PUT WALL + VOL SENSITIVE
2026-05-28T13:48:52 ET,2026-05-28T13:45:00 ET,2026-05-28,Thu,1348ET,AGGREGATE,30306.75,736.395,29997.7,POSITIVE,NEUTRAL,21.48,0.713,10.45,15.4,15.32,18.81,28685.68,697.0,-1621.0699999999997,-5.348874425664249,-1643483.4000000001,3098232.44,21515689.28,7858620.65,56985226.550000004,127.599697,4332.610000000001,3438,2.242990759791248,PUT WALL + VOL SENSITIVE
2026-05-28T13:48:52 ET,2026-05-28T13:45:00 ET,2026-05-28,Thu,1348ET,AGGREGATE,30306.75,736.395,29997.7,POSITIVE,NEUTRAL,21.48,0.713,10.45,15.4,15.32,18.81,28726.58,698.0,-1580.1699999999983,-5.213920991198324,-1719155.56,1822155.08,14309354.209999999,9692713.93,2398581.77,5.624249000000001,1599.57,1946,1.8101370700156116,PUT WALL + VOL SENSITIVE
2026-05-28T13:48:52 ET,2026-05-28T13:45:00 ET,2026-05-28,Thu,1348ET,AGGREGATE,30306.75,736.395,29997.7,POSITIVE,NEUTRAL,21.48,0.713,10.45,15.4,15.32,18.81,28726.83,698.0,-1579.9199999999983,-5.213096092454646,-1138406.6,2439362.02,15622788.96,5627404.73,48344638.46,114.53604899999999,3620.91,2569,1.6406455452506092,PUT WALL + VOL SENSITIVE
2026-05-28T13:48:52 ET,2026-05-28T13:45:00 ET,2026-05-28,Thu,1348ET,AGGREGATE,30306.75,736.395,29997.7,POSITIVE,NEUTRAL,21.48,0.713,10.45,15.4,15.32,18.81,28767.74,699.0,-1539.0099999999984,-5.07810966203898,-1001818.1000000001,1095851.56,8466993.700000001,5674837.77,2887792.51,6.538568,922.37,1212,1.0808418247714553,PUT WALL + VOL SENSITIVE
2026-05-28T13:48:52 ET,2026-05-28T13:45:00 ET,2026-05-28,Thu,1348ET,AGGREGATE,30306.75,736.395,29997.7,POSITIVE,NEUTRAL,21.48,0.713,10.45,15.4,15.32,18.81,28767.99,699.0,-1538.7599999999984,-5.0772847632953,-1174207.45,5108478.61,24519630.62,10720365.2,147839404.10999998,350.685865,7972.61,5072,2.986023768917833,PUT WALL + VOL SENSITIVE
2026-05-28T13:48:52 ET,2026-05-28T13:45:00 ET,2026-05-28,Thu,1348ET,AGGREGATE,30306.75,736.395,29997.7,POSITIVE,NEUTRAL,21.48,0.713,10.45,15.4,15.32,18.81,28808.89,700.0,-1497.8600000000006,-4.942331328829388,-1838447.73,2755927.35,15774877.12,13883334.86,36491467.56,79.69654899999999,2222.83,3160,2.533453583617881,PUT WALL + VOL SENSITIVE
2026-05-28T13:48:52 ET,2026-05-28T13:45:00 ET,2026-05-28,Thu,1348ET,AGGREGATE,30306.75,736.395,29997.7,POSITIVE,NEUTRAL,21.48,0.713,10.45,15.4,15.32,18.81,28809.14,700.0,-1497.6100000000006,-4.941506430085709,-11475817.57,43746082.53,146028648.26,105150441.4,1169944646.89,2881.615902,54735.4,44284,25.359751173010554,PUT WALL + VOL SENSITIVE
2026-05-28T13:48:52 ET,2026-05-28T13:45:00 ET,2026-05-28,Thu,1348ET,AGGREGATE,30306.75,736.395,29997.7,POSITIVE,NEUTRAL,21.48,0.713,10.45,15.4,15.32,18.81,28850.05,701.0,-1456.7000000000007,-4.8065199996700425,-882496.6,1020334.16,7686436.41,4996411.640000001,5252205.76,11.054344,788.15,1214,0.996348325148699,PUT WALL + VOL SENSITIVE
2026-05-28T13:48:52 ET,2026-05-28T13:45:00 ET,2026-05-28,Thu,1348ET,AGGREGATE,30306.75,736.395,29997.7,POSITIVE,NEUTRAL,21.48,0.713,10.45,15.4,15.32,18.81,28850.3,701.0,-1456.4500000000007,-4.805695100926364,487251.2300000001,4493597.51,-3917465.5600000005,10022055.32,174069992.53,448.99222100000003,5855.44,4285,2.164491433520143,CALL WALL + VOL SENSITIVE
2026-05-28T13:48:52 ET,2026-05-28T13:45:00 ET,2026-05-28,Thu,1348ET,AGGREGATE,30306.75,736.395,29997.7,POSITIVE,NEUTRAL,21.48,0.713,10.45,15.4,15.32,18.81,28891.2,702.0,-1415.5499999999993,-4.670741666460439,-1231167.65,1407626.9100000001,10882567.459999999,6694834.07,7000229.9,14.189523,1040.7,1739,1.3826647218018513,PUT WALL + VOL SENSITIVE
2026-05-28T13:48:52 ET,2026-05-28T13:45:00 ET,2026-05-28,Thu,1348ET,AGGREGATE,30306.75,736.395,29997.7,POSITIVE,NEUTRAL,21.48,0.713,10.45,15.4,15.32,18.81,28891.46,702.0,-1415.2900000000009,-4.669883771767019,192664.92000000016,5737768.54,1788471.0400000028,11953915.75,196618177.57999998,532.77842,7681.05,5140,2.4846646971225175,CALL WALL + VOL SENSITIVE
2026-05-28T13:48:52 ET,2026-05-28T13:45:00 ET,2026-05-28,Thu,1348ET,AGGREGATE,30306.75,736.395,29997.7,POSITIVE,NEUTRAL,21.48,0.713,10.45,15.4,15.32,18.81,28932.36,703.0,-1374.3899999999994,-4.534930337301094,-2586530.4,2680047.6199999996,23196268.64,12369654.07,2569692.34,5.014862000000001,1895.3899999999999,3439,2.7122997368163584,PUT WALL + VOL SENSITIVE
2026-05-28T13:48:52 ET,2026-05-28T13:45:00 ET,2026-05-28,Thu,1348ET,AGGREGATE,30306.75,736.395,29997.7,POSITIVE,NEUTRAL,21.48,0.713,10.45,15.4,15.32,18.81,28932.61,703.0,-1374.1399999999994,-4.5341054385574155,-1810522.04,4904815.68,28236870.68,9163425.42,93846476.24,271.842217,7035.71,4033,2.7180844844917753,PUT WALL + VOL SENSITIVE
2026-05-28T13:48:52 ET,2026-05-28T13:45:00 ET,2026-05-28,Thu,1348ET,AGGREGATE,30306.75,736.395,29997.7,POSITIVE,NEUTRAL,21.48,0.713,10.45,15.4,15.32,18.81,28973.52,704.0,-1333.2299999999996,-4.399119008141749,-1220056.95,1317601.47,11097562.59,5896114.96,3927182.0100000002,7.379179000000001,890.85,1756,1.3236596684955244,PUT WALL + VOL SENSITIVE
2026-05-28T13:48:52 ET,2026-05-28T13:45:00 ET,2026-05-28,Thu,1348ET,AGGREGATE,30306.75,736.395,29997.7,POSITIVE,NEUTRAL,21.48,0.713,10.45,15.4,15.32,18.81,28973.77,704.0,-1332.9799999999996,-4.39829410939807,-5513359.4399999995,10779036.1,65942884.379999995,22587320.720000003,149972129.36,459.055429,12560.18,8979,6.400238918311349,PUT WALL + VOL SENSITIVE
2026-05-28T13:48:52 ET,2026-05-28T13:45:00 ET,2026-05-28,Thu,1348ET,AGGREGATE,30306.75,736.395,29997.7,POSITIVE,NEUTRAL,21.48,0.713,10.45,15.4,15.32,18.81,29014.67,705.0,-1292.0800000000017,-4.263340674932158,-1071969.84,2031899.68,9885773.600000001,8807052.87,47643932.53,86.241544,1312.6,2811,1.8109058934689135,PUT WALL + VOL SENSITIVE
2026-05-28T13:48:52 ET,2026-05-28T13:45:00 ET,2026-05-28,Thu,1348ET,AGGREGATE,30306.75,736.395,29997.7,POSITIVE,NEUTRAL,21.48,0.713,10.45,15.4,15.32,18.81,29014.92,705.0,-1291.8300000000017,-4.262515776188478,-38574324.47,74770450.09,478290390.80999994,149422155.94,981088036.01,3141.886752,87055.01999999999,58326,43.32585912855708,PUT WALL + VOL SENSITIVE
2026-05-28T13:48:52 ET,2026-05-28T13:45:00 ET,2026-05-28,Thu,1348ET,AGGREGATE,30306.75,736.395,29997.7,POSITIVE,NEUTRAL,21.48,0.713,10.45,15.4,15.32,18.81,29055.83,706.0,-1250.9199999999983,-4.127529345772801,-1593604.9100000001,1731633.69,14893342.15,7262458.83,6281466.84,10.965616,1068.1899999999998,2484,1.7518236117009207,PUT WALL + VOL SENSITIVE
2026-05-28T13:48:52 ET,2026-05-28T13:45:00 ET,2026-05-28,Thu,1348ET,AGGREGATE,30306.75,736.395,29997.7,POSITIVE,NEUTRAL,21.48,0.713,10.45,15.4,15.32,18.81,29056.08,706.0,-1250.6699999999983,-4.126704447029121,-2099937.77,5795314.970000001,26412174.580000006,10361079.85,89790345.91,323.109713,7340.8099999999995,4078,2.815681273517177,PUT WALL + VOL SENSITIVE
2026-05-28T13:48:52 ET,2026-05-28T13:45:00 ET,2026-05-28,Thu,1348ET,AGGREGATE,30306.75,736.395,29997.7,POSITIVE,NEUTRAL,21.48,0.713,10.45,15.4,15.32,18.81,29096.98,707.0,-1209.7700000000004,-3.991751012563209,-848626.83,1192118.65,8033028.380000001,4832477.0600000005,18121875.680000003,30.56447,701.84,1770,1.1357032039516415,PUT WALL + VOL SENSITIVE
2026-05-28T13:48:52 ET,2026-05-28T13:45:00 ET,2026-05-28,Thu,1348ET,AGGREGATE,30306.75,736.395,29997.7,POSITIVE,NEUTRAL,21.48,0.713,10.45,15.4,15.32,18.81,29097.24,707.0,-1209.5099999999984,-3.990893117869776,-2424063.8099999996,5349153.31,32203883.359999996,8996431.47,66228815.65,251.848135,6856.41,3466,2.703716173164032,PUT WALL + VOL SENSITIVE
2026-05-28T13:48:52 ET,2026-05-28T13:45:00 ET,2026-05-28,Thu,1348ET,AGGREGATE,30306.75,736.395,29997.7,POSITIVE,NEUTRAL,21.48,0.713,10.45,15.4,15.32,18.81,29138.14,708.0,-1168.6100000000006,-3.855939683403864,-726784.1699999999,1049074.47,6963801.5,4105537.61,17643408.09,28.825063,589.14,1608,0.9961795331261547,PUT WALL + VOL SENSITIVE
2026-05-28T13:48:52 ET,2026-05-28T13:45:00 ET,2026-05-28,Thu,1348ET,AGGREGATE,30306.75,736.395,29997.7,POSITIVE,NEUTRAL,21.48,0.713,10.45,15.4,15.32,18.81,29138.39,708.0,-1168.3600000000006,-3.855114784660185,-917172.86,6489936.9399999995,14393596.699999996,9303432.53,113072826.64999999,487.36117900000005,9310.73,3669,2.2549459618399315,PUT WALL + VOL SENSITIVE
2026-05-28T13:48:52 ET,2026-05-28T13:45:00 ET,2026-05-28,Thu,1348ET,AGGREGATE,30306.75,736.395,29997.7,POSITIVE,NEUTRAL,21.48,0.713,10.45,15.4,15.32,18.81,29179.29,709.0,-1127.4599999999991,-3.7201613501942608,-1113698.6600000001,1345824.92,10793648.450000001,5078322.7,12814811.28,20.352742,720.55,2122,1.3360036752500641,PUT WALL + VOL SENSITIVE
2026-05-28T13:48:52 ET,2026-05-28T13:45:00 ET,2026-05-28,Thu,1348ET,AGGREGATE,30306.75,736.395,29997.7,POSITIVE,NEUTRAL,21.48,0.713,10.45,15.4,15.32,18.81,29179.55,709.0,-1127.2000000000007,-3.71930345550084,-617587.7700000003,8471324.33,9038372.270000001,14514740.99,164923328.56,695.618663,9193.61,4949,2.899766673780054,PUT WALL + VOL SENSITIVE
2026-05-28T13:48:52 ET,2026-05-28T13:45:00 ET,2026-05-28,Thu,1348ET,AGGREGATE,30306.75,736.395,29997.7,POSITIVE,NEUTRAL,21.48,0.713,10.45,15.4,15.32,18.81,29220.45,710.0,-1086.2999999999993,-3.5843500210349157,-1564715.2400000002,2130886.94,15325830.979999999,7742381.29,32663969.46,50.668544999999995,1087.17,3440,2.0543428802270274,PUT WALL + VOL SENSITIVE
2026-05-28T13:48:52 ET,2026-05-28T13:45:00 ET,2026-05-28,Thu,1348ET,AGGREGATE,30306.75,736.395,29997.7,POSITIVE,NEUTRAL,21.48,0.713,10.45,15.4,15.32,18.81,29220.7,710.0,-1086.0499999999993,-3.583525122291236,-23585194.27,62178356.99,267063221.41000003,104630328.78999999,716681610.76,3340.335674,63904.35,33796,26.74851619400378,PUT WALL + VOL SENSITIVE
2026-05-28T13:48:52 ET,2026-05-28T13:45:00 ET,2026-05-28,Thu,1348ET,AGGREGATE,30306.75,736.395,29997.7,POSITIVE,NEUTRAL,21.48,0.713,10.45,15.4,15.32,18.81,29261.6,711.0,-1045.1500000000015,-3.448571687825324,-653071.77,1383440.95,6458115.33,4833110.42,43576587.83,66.41740700000001,672.29,2273,1.21663684120469,PUT WALL + VOL SENSITIVE
2026-05-28T13:48:52 ET,2026-05-28T13:45:00 ET,2026-05-28,Thu,1348ET,AGGREGATE,30306.75,736.395,29997.7,POSITIVE,NEUTRAL,21.48,0.713,10.45,15.4,15.32,18.81,29261.86,711.0,-1044.8899999999994,-3.447713793131891,4394531.28,15967707.5,-47405039.78000001,25652826.81,364289609.43,1816.32898,16226.59,7914,6.087835741284184,CALL WALL + VOL SENSITIVE
2026-05-28T13:48:52 ET,2026-05-28T13:45:00 ET,2026-05-28,Thu,1348ET,AGGREGATE,30306.75,736.395,29997.7,POSITIVE,NEUTRAL,21.48,0.713,10.45,15.4,15.32,18.81,29302.76,712.0,-1003.9900000000016,-3.312760358665979,-1194791.77,1624989.1099999999,11914940.940000001,5449889.3,25614879.24,38.648205000000004,751.86,2697,1.5534823482239506,PUT WALL + VOL SENSITIVE
2026-05-28T13:48:52 ET,2026-05-28T13:45:00 ET,2026-05-28,Thu,1348ET,AGGREGATE,30306.75,736.395,29997.7,POSITIVE,NEUTRAL,21.48,0.713,10.45,15.4,15.32,18.81,29303.01,712.0,-1003.7400000000016,-3.3119354599223003,-2336927.2600000002,11447134.32,44687396.81,13513280.49,139862504.01,772.469513,15844.480000000001,4504,3.7622115868228043,PUT WALL + VOL SENSITIVE
2026-05-28T13:48:52 ET,2026-05-28T13:45:00 ET,2026-05-28,Thu,1348ET,AGGREGATE,30306.75,736.395,29997.7,POSITIVE,NEUTRAL,21.48,0.713,10.45,15.4,15.32,18.81,29343.92,713.0,-962.8300000000017,-3.1769490295066336,-701880.7200000001,979984.4,7049149.030000001,3149851.04,16625786.280000001,25.061927,431.57,1628,0.9210528903181617,PUT WALL + VOL SENSITIVE
2026-05-28T13:48:52 ET,2026-05-28T13:45:00 ET,2026-05-28,Thu,1348ET,AGGREGATE,30306.75,736.395,29997.7,POSITIVE,NEUTRAL,21.48,0.713,10.45,15.4,15.32,18.81,29344.17,713.0,-962.5800000000017,-3.176124130762955,1009812.1400000001,9220687.42,-8138729.139999997,11732580.07,140033628.84,890.820208,11083.6,3488,2.3378454450468213,CALL WALL + VOL SENSITIVE
2026-05-28T13:48:52 ET,2026-05-28T13:45:00 ET,2026-05-28,Thu,1348ET,AGGREGATE,30306.75,736.395,29997.7,POSITIVE,NEUTRAL,21.48,0.713,10.45,15.4,15.32,18.81,29385.07,714.0,-921.6800000000003,-3.0411706962970304,-1009450.2100000001,1239312.9700000002,10194343.3,3810516.03,13456688.28,20.491913,519.32,2038,1.1851500188633135,PUT WALL + VOL SENSITIVE
2026-05-28T13:48:52 ET,2026-05-28T13:45:00 ET,2026-05-28,Thu,1348ET,AGGREGATE,30306.75,736.395,29997.7,POSITIVE,NEUTRAL,21.48,0.713,10.45,15.4,15.32,18.81,29385.33,714.0,-921.4199999999983,-3.0403128016035974,-11849005.91,19426648.37,128249480.78,26552065.89,83805966.81,595.210958,19527.06,7033,8.344778865108626,PUT WALL + VOL SENSITIVE
2026-05-28T13:48:52 ET,2026-05-28T13:45:00 ET,2026-05-28,Thu,1348ET,AGGREGATE,30306.75,736.395,29997.7,POSITIVE,NEUTRAL,21.48,0.713,10.45,15.4,15.32,18.81,29426.23,715.0,-880.5200000000004,-2.9053593671376854,-1736724.8800000001,2913215.9400000004,17604677.3,8551311.290000001,68561020.47,106.873887,1161.33,4680,2.5234879366483125,PUT WALL + VOL SENSITIVE
2026-05-28T13:48:52 ET,2026-05-28T13:45:00 ET,2026-05-28,Thu,1348ET,AGGREGATE,30306.75,736.395,29997.7,POSITIVE,NEUTRAL,21.48,0.713,10.45,15.4,15.32,18.81,29426.48,715.0,-880.2700000000004,-2.904534468394006,-11131518.989999998,50941281.949999996,108652980.46,65956190.550000004,425984993.35,3366.957426,50769.229999999996,16486,14.052712933191009,PUT WALL + VOL SENSITIVE
2026-05-28T13:48:52 ET,2026-05-28T13:45:00 ET,2026-05-28,Thu,1348ET,AGGREGATE,30306.75,736.395,29997.7,POSITIVE,NEUTRAL,21.48,0.713,10.45,15.4,15.32,18.81,29467.38,716.0,-839.369999999999,-2.769581033928082,-1753842.8900000001,2012712.69,17807804.919999998,5627827.6899999995,14052927.72,22.77486,763.21,3110,1.8657070977650545,PUT WALL + VOL SENSITIVE
2026-05-28T13:48:52 ET,2026-05-28T13:45:00 ET,2026-05-28,Thu,1348ET,AGGREGATE,30306.75,736.395,29997.7,POSITIVE,NEUTRAL,21.48,0.713,10.45,15.4,15.32,18.81,29467.64,716.0,-839.1100000000006,-2.768723139234661,1684310.7600000002,16244757.34,-35078015.92,13624139.22,135505804.73999998,1491.775391,24003.34,3988,3.483587053637871,CALL WALL + VOL SENSITIVE
2026-05-28T13:48:52 ET,2026-05-28T13:45:00 ET,2026-05-28,Thu,1348ET,AGGREGATE,30306.75,736.395,29997.7,POSITIVE,NEUTRAL,21.48,0.713,10.45,15.4,15.32,18.81,29508.54,717.0,-798.2099999999991,-2.6337697047687367,-743309.0,1605136.38,7541730.65,4264964.24,45806827.29,78.58458599999999,578.97,2343,1.2243545072475774,PUT WALL + VOL SENSITIVE
2026-05-28T13:48:52 ET,2026-05-28T13:45:00 ET,2026-05-28,Thu,1348ET,AGGREGATE,30306.75,736.395,29997.7,POSITIVE,NEUTRAL,21.48,0.713,10.45,15.4,15.32,18.81,29508.79,717.0,-797.9599999999991,-2.6329448060250575,1416539.2000000007,18334529.02,-34870583.69,15416322.920000002,133773860.19000001,1626.8664010000002,25619.739999999998,4126,3.668990736449085,CALL WALL + VOL SENSITIVE
2026-05-28T13:48:52 ET,2026-05-28T13:45:00 ET,2026-05-28,Thu,1348ET,AGGREGATE,30306.75,736.395,29997.7,POSITIVE,NEUTRAL,21.48,0.713,10.45,15.4,15.32,18.81,29549.69,718.0,-757.0600000000013,-2.4979913715591455,-1499858.6199999999,2096544.72,15164571.889999999,5279416.159999999,29038062.029999997,53.832682,719.41,2832,1.683841283213137,PUT WALL + VOL SENSITIVE
2026-05-28T13:48:52 ET,2026-05-28T13:45:00 ET,2026-05-28,Thu,1348ET,AGGREGATE,30306.75,736.395,29997.7,POSITIVE,NEUTRAL,21.48,0.713,10.45,15.4,15.32,18.81,29549.95,718.0,-756.7999999999993,-2.497133476865712,-16091446.09,29705060.63,194051593.66,23270695.36,81544530.05,900.378609,41445.75,5957,9.867259253905711,PUT WALL + VOL SENSITIVE
2026-05-28T13:48:52 ET,2026-05-28T13:45:00 ET,2026-05-28,Thu,1348ET,AGGREGATE,30306.75,736.395,29997.7,POSITIVE,NEUTRAL,21.48,0.713,10.45,15.4,15.32,18.81,29590.85,719.0,-715.9000000000015,-2.3621800423998,-4765442.33,5544944.23,47859503.830000006,13193520.0,33435931.759999998,68.55847899999999,1810.57,6772,4.451270289130543,PUT WALL + VOL SENSITIVE
2026-05-28T13:48:52 ET,2026-05-28T13:45:00 ET,2026-05-28,Thu,1348ET,AGGREGATE,30306.75,736.395,29997.7,POSITIVE,NEUTRAL,21.48,0.713,10.45,15.4,15.32,18.81,29591.11,719.0,-715.6399999999994,-2.361322147706367,-126769.2099999995,29842751.03,-7436332.890000001,27665901.76,182600416.43,2413.547106,32834.42,5758,4.463874073867595,PUT WALL + VOL SENSITIVE
2026-05-28T13:48:52 ET,2026-05-28T13:45:00 ET,2026-05-28,Thu,1348ET,AGGREGATE,30306.75,736.395,29997.7,POSITIVE,NEUTRAL,21.48,0.713,10.45,15.4,15.32,18.81,29632.0,720.0,-674.75,-2.226401709190197,-5206912.76,7238380.0600000005,51750750.49,16219456.059999999,78461592.81,182.59307700000002,2250.0,7789,5.1217335857071085,PUT WALL + VOL SENSITIVE
2026-05-28T13:48:52 ET,2026-05-28T13:45:00 ET,2026-05-28,Thu,1348ET,AGGREGATE,30306.75,736.395,29997.7,POSITIVE,NEUTRAL,21.48,0.713,10.45,15.4,15.32,18.81,29632.26,720.0,-674.4900000000016,-2.225543814496776,-4677052.359999999,129571853.52000001,37321830.13000004,125827323.14999999,715040746.78,10105.604416,120456.9,22918,19.701355609846953,PUT WALL + VOL SENSITIVE
2026-05-28T13:48:52 ET,2026-05-28T13:45:00 ET,2026-05-28,Thu,1348ET,AGGREGATE,30306.75,736.395,29997.7,POSITIVE,NEUTRAL,21.48,0.713,10.45,15.4,15.32,18.81,29673.16,721.0,-633.5900000000001,-2.090590380030852,-1995003.08,3034270.58,19537956.35,6378922.85,34454245.28,93.59919000000001,898.42,2797,1.9248802493216546,PUT WALL + VOL SENSITIVE
2026-05-28T13:48:52 ET,2026-05-28T13:45:00 ET,2026-05-28,Thu,1348ET,AGGREGATE,30306.75,736.395,29997.7,POSITIVE,NEUTRAL,21.48,0.713,10.45,15.4,15.32,18.81,29673.42,721.0,-633.3300000000017,-2.089732485337431,8449329.49,43148424.230000004,-81699969.49000001,36429878.699999996,254504086.37,4176.270578,44132.99,6590,8.303980634495268,CALL WALL + VOL SENSITIVE
2026-05-28T13:48:52 ET,2026-05-28T13:45:00 ET,2026-05-28,Thu,1348ET,AGGREGATE,30306.75,736.395,29997.7,POSITIVE,NEUTRAL,21.48,0.713,10.45,15.4,15.32,18.81,29714.32,722.0,-592.4300000000003,-1.9547790508715066,-3865448.82,4734587.54,37115757.31,9298652.870000001,23283616.52,76.090917,1336.4,3628,2.9742110953557277,PUT WALL + VOL SENSITIVE
2026-05-28T13:48:52 ET,2026-05-28T13:45:00 ET,2026-05-28,Thu,1348ET,AGGREGATE,30306.75,736.395,29997.7,POSITIVE,NEUTRAL,21.48,0.713,10.45,15.4,15.32,18.81,29714.57,722.0,-592.1800000000003,-1.9539541521278272,-8764581.129999999,32701074.55,68158465.34,24399100.3,87741268.41,1680.984237,35343.34,4367,5.916213153760743,PUT WALL + VOL SENSITIVE
2026-05-28T13:48:52 ET,2026-05-28T13:45:00 ET,2026-05-28,Thu,1348ET,AGGREGATE,30306.75,736.395,29997.7,POSITIVE,NEUTRAL,21.48,0.713,10.45,15.4,15.32,18.81,29755.47,723.0,-551.2799999999988,-1.8190007176619032,-2257983.81,4017073.07,21133185.450000003,7334513.39,38962461.4,158.041791,1082.05,2480,1.9970953900177817,PUT WALL + VOL SENSITIVE
2026-05-28T13:48:52 ET,2026-05-28T13:45:00 ET,2026-05-28,Thu,1348ET,AGGREGATE,30306.75,736.395,29997.7,POSITIVE,NEUTRAL,21.48,0.713,10.45,15.4,15.32,18.81,29755.73,723.0,-551.0200000000004,-1.818142822968482,-4510932.680000001,40893947.96,38910355.54999999,33553257.299999997,133308377.35000001,2720.900984,33777.39,4975,5.961211288408238,PUT WALL + VOL SENSITIVE
2026-05-28T13:48:52 ET,2026-05-28T13:45:00 ET,2026-05-28,Thu,1348ET,AGGREGATE,30306.75,736.395,29997.7,POSITIVE,NEUTRAL,21.48,0.713,10.45,15.4,15.32,18.81,29796.63,724.0,-510.119999999999,-1.6831893885025582,-1799033.1899999995,10617823.35,16300476.049999997,17921278.01,153829701.13,799.333071,2732.79,5117,3.5255879460830344,PUT WALL + VOL SENSITIVE
2026-05-28T13:48:52 ET,2026-05-28T13:45:00 ET,2026-05-28,Thu,1348ET,AGGREGATE,30306.75,736.395,29997.7,POSITIVE,NEUTRAL,21.48,0.713,10.45,15.4,15.32,18.81,29796.89,724.0,-509.8600000000006,-1.6823314938091367,-136479.40000000037,31934934.5,-666091.179999996,22293040.34,98289594.66000001,2315.751985,29803.269999999997,3392,3.2154659998483375,PUT WALL + VOL SENSITIVE
2026-05-28T13:48:52 ET,2026-05-28T13:45:00 ET,2026-05-28,Thu,1348ET,AGGREGATE,30306.75,736.395,29997.7,POSITIVE,NEUTRAL,21.48,0.713,10.45,15.4,15.32,18.81,29837.78,725.0,-468.97000000000116,-1.5474110552929667,-10815398.280000001,19514859.54,94108541.75,30248536.2,112044292.89,769.02894,4806.67,7120,7.756597631654964,PUT WALL + VOL SENSITIVE
2026-05-28T13:48:52 ET,2026-05-28T13:45:00 ET,2026-05-28,Thu,1348ET,AGGREGATE,30306.75,736.395,29997.7,POSITIVE,NEUTRAL,21.48,0.713,10.45,15.4,15.32,18.81,29838.04,725.0,-468.7099999999991,-1.5465531605995335,-22777854.57,176323275.10999998,151072712.95999995,120875614.31,394951927.15999997,10479.681483999999,144743.84,16642,22.068884924456615,PUT WALL + VOL SENSITIVE
2026-05-28T13:48:52 ET,2026-05-28T13:45:00 ET,2026-05-28,Thu,1348ET,AGGREGATE,30306.75,736.395,29997.7,POSITIVE,NEUTRAL,21.48,0.713,10.45,15.4,15.32,18.81,29878.94,726.0,-427.8100000000013,-1.4115997261336215,-4587427.690000001,21410478.25,37970523.70999999,30239489.119999997,161076886.6,1501.96308,5056.11,5750,5.626298708710141,PUT WALL + VOL SENSITIVE
2026-05-28T13:48:52 ET,2026-05-28T13:45:00 ET,2026-05-28,Thu,1348ET,AGGREGATE,30306.75,736.395,29997.7,POSITIVE,NEUTRAL,21.48,0.713,10.45,15.4,15.32,18.81,29879.2,726.0,-427.5499999999993,-1.4107418314401883,1613823.790000001,38746565.65,-11091010.989999998,22963967.95,92006404.13999999,2752.279044,34226.81,3248,3.7020908575294866,CALL WALL + VOL SENSITIVE
2026-05-28T13:48:52 ET,2026-05-28T13:45:00 ET,2026-05-28,Thu,1348ET,AGGREGATE,30306.75,736.395,29997.7,POSITIVE,NEUTRAL,21.48,0.713,10.45,15.4,15.32,18.81,29920.09,727.0,-386.65999999999985,-1.275821392924018,-4024958.1999999993,33821045.2,31331993.699999988,43117731.69,203394270.14,2638.43608,7674.049999999999,6529,6.911308176831481,PUT WALL + VOL SENSITIVE
2026-05-28T13:48:52 ET,2026-05-28T13:45:00 ET,2026-05-28,Thu,1348ET,AGGREGATE,30306.75,736.395,29997.7,POSITIVE,NEUTRAL,21.48,0.713,10.45,15.4,15.32,18.81,29920.35,727.0,-386.40000000000146,-1.274963498230597,-50559118.42999999,101647747.21,287060224.13,59464866.24,58661992.44,1966.268328,74943.24,7531,18.572700846861615,PUT WALL + VOL SENSITIVE
2026-05-28T13:48:52 ET,2026-05-28T13:45:00 ET,2026-05-28,Thu,1348ET,AGGREGATE,30306.75,736.395,29997.7,POSITIVE,NEUTRAL,21.48,0.713,10.45,15.4,15.32,18.81,29961.25,728.0,-345.5,-1.1400100637646728,-11467646.54,46002566.76,82807473.58000001,52330558.75,161787747.19,2970.6445129999997,10054.16,6274,9.577017993364931,PUT WALL + VOL SENSITIVE
2026-05-28T13:48:52 ET,2026-05-28T13:45:00 ET,2026-05-28,Thu,1348ET,AGGREGATE,30306.75,736.395,29997.7,POSITIVE,NEUTRAL,21.48,0.713,10.45,15.4,15.32,18.81,29961.51,728.0,-345.2400000000016,-1.1391521690712518,-90254688.64,178355712.74,461405295.52,93323326.93,69571423.79,2561.2961849999997,128471.56,11789,30.16799122153262,PUT WALL + VOL SENSITIVE
2026-05-28T13:48:52 ET,2026-05-28T13:45:00 ET,2026-05-28,Thu,1348ET,AGGREGATE,30306.75,736.395,29997.7,POSITIVE,NEUTRAL,21.48,0.713,10.45,15.4,15.32,18.81,30002.4,729.0,-304.34999999999854,-1.0042317305550696,11861972.29,78343458.65,-78118951.13999999,78375246.00999999,296780651.93,7780.904531,16539.22,7483,12.91829265760084,CALL WALL + VOL SENSITIVE
2026-05-28T13:48:52 ET,2026-05-28T13:45:00 ET,2026-05-28,Thu,1348ET,AGGREGATE,30306.75,736.395,29997.7,POSITIVE,NEUTRAL,21.48,0.713,10.45,15.4,15.32,18.81,30002.67,729.0,-304.08000000000175,-1.0033408399119066,11492189.579999998,107057717.0,-63967480.22000001,42613498.78,168248365.45,6802.846107,97818.67,6611,9.126411716957945,CALL WALL + VOL SENSITIVE
2026-05-28T13:48:52 ET,2026-05-28T13:45:00 ET,2026-05-28,Thu,1348ET,AGGREGATE,30306.75,736.395,29997.7,POSITIVE,NEUTRAL,21.48,0.713,10.45,15.4,15.32,18.81,30043.56,730.0,-263.1899999999987,-0.8684204013957244,14921.079999998212,171488004.39999998,-87723.72000002861,148067009.69,376260872.03000003,14059.080069,35080.17,11493,18.080597507405145,CALL WALL + VOL SENSITIVE
2026-05-28T13:48:52 ET,2026-05-28T13:45:00 ET,2026-05-28,Thu,1348ET,AGGREGATE,30306.75,736.395,29997.7,POSITIVE,NEUTRAL,21.48,0.713,10.45,15.4,15.32,18.81,30043.82,730.0,-262.9300000000003,-0.8675625067023032,216006856.34000003,458089021.40000004,-870588481.48,179718488.16,916400930.54,43046.099125,326005.42,24755,68.95474400751918,CALL WALL + VOL SENSITIVE
2026-05-28T13:48:52 ET,2026-05-28T13:45:00 ET,2026-05-28,Thu,1348ET,AGGREGATE,30306.75,736.395,29997.7,POSITIVE,NEUTRAL,21.48,0.713,10.45,15.4,15.32,18.81,30084.72,731.0,-222.02999999999884,-0.7326090722363792,182380261.33,240832516.59,-930893863.98,174992663.98,672938882.87,35330.650406999994,47903.58,11487,62.54491921686829,CALL WALL + VOL SENSITIVE
2026-05-28T13:48:52 ET,2026-05-28T13:45:00 ET,2026-05-28,Thu,1348ET,AGGREGATE,30306.75,736.395,29997.7,POSITIVE,NEUTRAL,21.48,0.713,10.45,15.4,15.32,18.81,30084.98,731.0,-221.77000000000044,-0.731751177542958,70596392.21,107347671.85,-245415341.91,35320572.43,220058536.17000002,11266.312222999999,75333.42,5314,18.316946908251232,CALL WALL + VOL SENSITIVE
2026-05-28T13:48:52 ET,2026-05-28T13:45:00 ET,2026-05-28,Thu,1348ET,AGGREGATE,30306.75,736.395,29997.7,POSITIVE,NEUTRAL,21.48,0.713,10.45,15.4,15.32,18.81,30125.87,732.0,-180.88000000000102,-0.5968307390267877,73531478.47999999,119209255.84,-313635760.95,70330904.19,209817002.79,15056.527858,23143.58,4160,23.660048134005653,CALL WALL + VOL SENSITIVE
2026-05-28T13:48:52 ET,2026-05-28T13:45:00 ET,2026-05-28,Thu,1348ET,AGGREGATE,30306.75,736.395,29997.7,POSITIVE,NEUTRAL,21.48,0.713,10.45,15.4,15.32,18.81,30126.13,732.0,-180.61999999999898,-0.5959728443333547,66771248.669999994,94963773.97,-192483156.38,25327821.66,176205668.15,9719.913142,65223.32,4345,15.278134326112806,CALL WALL + VOL SENSITIVE
2026-05-28T13:48:52 ET,2026-05-28T13:45:00 ET,2026-05-28,Thu,1348ET,AGGREGATE,30306.75,736.395,29997.7,POSITIVE,NEUTRAL,21.48,0.713,10.45,15.4,15.32,18.81,30167.03,733.0,-139.72000000000116,-0.4610194098674426,71215332.43,130442437.41,-239980391.76,59157497.660000004,151582481.57,14265.296775,24818.300000000003,3471,20.331475999344544,CALL WALL + VOL SENSITIVE
2026-05-28T13:48:52 ET,2026-05-28T13:45:00 ET,2026-05-28,Thu,1348ET,AGGREGATE,30306.75,736.395,29997.7,POSITIVE,NEUTRAL,21.48,0.713,10.45,15.4,15.32,18.81,30167.29,733.0,-139.45999999999913,-0.4601615151740095,45642545.29000001,75220898.21000001,-115057817.05,12377975.63,121301150.05,6322.615501,71913.18,3569,9.700266231920772,CALL WALL + VOL SENSITIVE
2026-05-28T13:48:52 ET,2026-05-28T13:45:00 ET,2026-05-28,Thu,1348ET,AGGREGATE,30306.75,736.395,29997.7,POSITIVE,NEUTRAL,21.48,0.713,10.45,15.4,15.32,18.81,30208.18,734.0,-98.56999999999971,-0.3252410766578393,176766806.54999998,216909255.35,-428967807.91,68808569.52,223483848.4,26122.759921,40619.399999999994,4647,36.84778997302109,CALL WALL + VOL SENSITIVE
2026-05-28T13:48:52 ET,2026-05-28T13:45:00 ET,2026-05-28,Thu,1348ET,AGGREGATE,30306.75,736.395,29997.7,POSITIVE,NEUTRAL,21.48,0.713,10.45,15.4,15.32,18.81,30208.45,734.0,-98.29999999999927,-0.3243501860146643,40286563.04,55008942.42,-69891253.13,6441318.180000001,85820882.87,4864.686978,49459.65,2453,7.0584076794927455,CALL WALL
2026-05-28T13:48:52 ET,2026-05-28T13:45:00 ET,2026-05-28,Thu,1348ET,AGGREGATE,30306.75,736.395,29997.7,POSITIVE,NEUTRAL,21.48,0.713,10.45,15.4,15.32,18.81,30249.34,735.0,-57.409999999999854,-0.1894297474984941,409514889.45000005,461858081.37,-592733198.56,83644616.88999999,374139792.52,50872.675258999996,85510.76,8506,66.31588878009732,CALL WALL
2026-05-28T13:48:52 ET,2026-05-28T13:45:00 ET,2026-05-28,Thu,1348ET,AGGREGATE,30306.75,736.395,29997.7,POSITIVE,NEUTRAL,21.48,0.713,10.45,15.4,15.32,18.81,30249.6,735.0,-57.150000000001455,-0.188571852805073,217561738.76,287866308.52,-208082364.76,21075679.32,373996646.15999997,23909.619424,203044.81,11496,31.733187623564653,CALL WALL
2026-05-28T13:48:52 ET,2026-05-28T13:45:00 ET,2026-05-28,Thu,1348ET,AGGREGATE,30306.75,736.395,29997.7,POSITIVE,NEUTRAL,21.48,0.713,10.45,15.4,15.32,18.81,30290.49,736.0,-16.2599999999984,-0.05365141428889076,186085284.23,213423160.15,-82724517.03,9638061.33,130125621.67999999,19116.534975,39248.670000000006,3638,22.152310285582367,CALL WALL
2026-05-28T13:48:52 ET,2026-05-28T13:45:00 ET,2026-05-28,Thu,1348ET,AGGREGATE,30306.75,736.395,29997.7,POSITIVE,NEUTRAL,21.48,0.713,10.45,15.4,15.32,18.81,30290.76,736.0,-15.9900000000016,-0.05276052364572777,35108205.95,51795381.45,-11320673.139999999,509601.99,56539300.31,3479.038926,41088.53,2108,4.300792656394581,CALL WALL
2026-05-28T13:48:52 ET,2026-05-28T13:45:00 ET,2026-05-28,Thu,1348ET,AGGREGATE,30306.75,736.395,29997.7,POSITIVE,NEUTRAL,21.48,0.713,10.45,15.4,15.32,18.81,30331.65,737.0,24.900000000001455,0.08215991487045446,204559422.51,226240025.87,116181334.41,-20500275.220000003,111755894.4,16398.630701,41521.31,3861,24.880599736504234,CALL WALL
2026-05-28T13:48:52 ET,2026-05-28T13:45:00 ET,2026-05-28,Thu,1348ET,AGGREGATE,30306.75,736.395,29997.7,POSITIVE,NEUTRAL,21.48,0.713,10.45,15.4,15.32,18.81,30331.91,737.0,25.159999999999854,0.08301780956387556,37689114.29,49356714.09,13841724.07,-2201552.89,55211734.68,3299.068301,45193.82,2104,4.671706045918191,CALL WALL
2026-05-28T13:48:52 ET,2026-05-28T13:45:00 ET,2026-05-28,Thu,1348ET,AGGREGATE,30306.75,736.395,29997.7,POSITIVE,NEUTRAL,21.48,0.713,10.45,15.4,15.32,18.81,30372.8,738.0,66.04999999999927,0.21793824808004578,125736524.8,136228088.6,198140234.57999998,-30816540.830000002,55360887.34,7497.3717400000005,25069.03,2519,19.581943388913878,CALL WALL
2026-05-28T13:48:52 ET,2026-05-28T13:45:00 ET,2026-05-28,Thu,1348ET,AGGREGATE,30306.75,736.395,29997.7,POSITIVE,NEUTRAL,21.48,0.713,10.45,15.4,15.32,18.81,30373.07,738.0,66.31999999999971,0.21882913872322074,76448079.46000001,88972396.92,82204376.7,-9617993.74,95638434.54,5908.546738999999,67649.39,3591,10.96177934559765,CALL WALL
2026-05-28T13:48:52 ET,2026-05-28T13:45:00 ET,2026-05-28,Thu,1348ET,AGGREGATE,30306.75,736.395,29997.7,POSITIVE,NEUTRAL,21.48,0.713,10.45,15.4,15.32,18.81,30413.96,739.0,107.20999999999913,0.353749577239391,83000634.41000001,84944876.83,212898047.46,-30719532.06,31657323.08,3669.80356,15747.22,1835,15.683255024556711,CALL WALL + VOL SENSITIVE
2026-05-28T13:48:52 ET,2026-05-28T13:45:00 ET,2026-05-28,Thu,1348ET,AGGREGATE,30306.75,736.395,29997.7,POSITIVE,NEUTRAL,21.48,0.713,10.45,15.4,15.32,18.81,30414.22,739.0,107.47000000000116,0.3546074719328241,59046942.71,66176802.95,109636769.84,-8338316.45,81188429.67,4237.031628,73767.66,3123,9.747336732166575,CALL WALL
2026-05-28T13:48:52 ET,2026-05-28T13:45:00 ET,2026-05-28,Thu,1348ET,AGGREGATE,30306.75,736.395,29997.7,POSITIVE,NEUTRAL,21.48,0.713,10.45,15.4,15.32,18.81,30455.12,740.0,148.36999999999898,0.4895609063987362,218991151.94,225508304.92000002,771353692.41,-112054520.67,70619684.24,6548.450155,42305.729999999996,6090,49.02988749903976,CALL WALL + VOL SENSITIVE
2026-05-28T13:48:52 ET,2026-05-28T13:45:00 ET,2026-05-28,Thu,1348ET,AGGREGATE,30306.75,736.395,29997.7,POSITIVE,NEUTRAL,21.48,0.713,10.45,15.4,15.32,18.81,30455.38,740.0,148.63000000000102,0.4904188010921693,338208824.91,396363017.53000003,811648742.2900001,-95411449.23,293160449.99,18997.024851000002,262678.88,16470,63.1028885398277,CALL WALL + VOL SENSITIVE
2026-05-28T13:48:52 ET,2026-05-28T13:45:00 ET,2026-05-28,Thu,1348ET,AGGREGATE,30306.75,736.395,29997.7,POSITIVE,NEUTRAL,21.48,0.713,10.45,15.4,15.32,18.81,30496.27,741.0,189.52000000000044,0.6253392396083395,43225240.55,43896700.59,191744471.20000002,-27742009.52,12560807.77,880.0229770000001,8370.18,1569,11.169259286243154,CALL WALL + VOL SENSITIVE
2026-05-28T13:48:52 ET,2026-05-28T13:45:00 ET,2026-05-28,Thu,1348ET,AGGREGATE,30306.75,736.395,29997.7,POSITIVE,NEUTRAL,21.48,0.713,10.45,15.4,15.32,18.81,30496.54,741.0,189.79000000000087,0.6262301302515145,55019844.44,55833780.36,187236097.3,-11436828.090000002,68122004.95,3273.110448,64132.59000000001,2854,11.4156767650273,CALL WALL + VOL SENSITIVE
2026-05-28T13:48:52 ET,2026-05-28T13:45:00 ET,2026-05-28,Thu,1348ET,AGGREGATE,30306.75,736.395,29997.7,POSITIVE,NEUTRAL,21.48,0.713,10.45,15.4,15.32,18.81,30537.43,742.0,230.6800000000003,0.7611505687676847,31366158.72,31568390.560000002,166115558.03,-24209830.459999997,8481363.33,429.519329,6143.530000000001,1561,9.202200239790612,CALL WALL + VOL SENSITIVE
2026-05-28T13:48:52 ET,2026-05-28T13:45:00 ET,2026-05-28,Thu,1348ET,AGGREGATE,30306.75,736.395,29997.7,POSITIVE,NEUTRAL,21.48,0.713,10.45,15.4,15.32,18.81,30537.69,742.0,230.9399999999987,0.7620084634611058,39118685.91,39792396.51,149992753.14,-14376692.52,34220674.13,1778.9769430000001,27114.32,1902,8.928216349631715,CALL WALL + VOL SENSITIVE
2026-05-28T13:48:52 ET,2026-05-28T13:45:00 ET,2026-05-28,Thu,1348ET,AGGREGATE,30306.75,736.395,29997.7,POSITIVE,NEUTRAL,21.48,0.713,10.45,15.4,15.32,18.81,30578.58,743.0,271.83000000000175,0.8969289019772881,13428195.129999999,13683430.09,81841641.04,-12337663.719999999,2916275.9499999997,103.553262,2728.37,965,4.43861297611345,CALL WALL + VOL SENSITIVE
2026-05-28T13:48:52 ET,2026-05-28T13:45:00 ET,2026-05-28,Thu,1348ET,AGGREGATE,30306.75,736.395,29997.7,POSITIVE,NEUTRAL,21.48,0.713,10.45,15.4,15.32,18.81,30578.85,743.0,272.09999999999854,0.8978197926204511,26535596.54,26763532.779999997,121033044.59,-11008849.2,22500863.08,1054.038304,19316.79,1411,6.655016214226284,CALL WALL + VOL SENSITIVE
2026-05-28T13:48:52 ET,2026-05-28T13:45:00 ET,2026-05-28,Thu,1348ET,AGGREGATE,30306.75,736.395,29997.7,POSITIVE,NEUTRAL,21.48,0.713,10.45,15.4,15.32,18.81,30619.74,744.0,312.9900000000016,1.0327402311366334,16309681.98,16309681.98,111340639.93,-16900614.72,4048904.89,99.141282,3343.82,1668,5.978401939880266,CALL WALL + VOL SENSITIVE
2026-05-28T13:48:52 ET,2026-05-28T13:45:00 ET,2026-05-28,Thu,1348ET,AGGREGATE,30306.75,736.395,29997.7,POSITIVE,NEUTRAL,21.48,0.713,10.45,15.4,15.32,18.81,30620.0,744.0,313.25,1.0335981258300544,27336928.160000004,27582264.540000003,143689419.35,-12927267.97,21801930.48,922.823513,20138.19,1612,7.482641103952129,CALL WALL + VOL SENSITIVE
2026-05-28T13:48:52 ET,2026-05-28T13:45:00 ET,2026-05-28,Thu,1348ET,AGGREGATE,30306.75,736.395,29997.7,POSITIVE,NEUTRAL,21.48,0.713,10.45,15.4,15.32,18.81,30660.89,745.0,354.1399999999994,1.1685185643462246,26760680.450000003,26787548.61,200394181.32999998,-31358810.84,6260652.25,105.30886,5665.37,3988,10.875448279260262,CALL WALL + VOL SENSITIVE
2026-05-28T13:48:52 ET,2026-05-28T13:45:00 ET,2026-05-28,Thu,1348ET,AGGREGATE,30306.75,736.395,29997.7,POSITIVE,NEUTRAL,21.48,0.713,10.45,15.4,15.32,18.81,30661.16,745.0,354.40999999999985,1.1694094549893996,91842025.61,92967879.53,533038682.56,-52491590.94,63514398.150000006,2431.882614,59145.53,6062,27.21633944957152,CALL WALL + VOL SENSITIVE
2026-05-28T13:48:52 ET,2026-05-28T13:45:00 ET,2026-05-28,Thu,1348ET,AGGREGATE,30306.75,736.395,29997.7,POSITIVE,NEUTRAL,21.48,0.713,10.45,15.4,15.32,18.81,30702.05,746.0,395.2999999999993,1.3043298935055698,5290375.68,5290375.68,42739027.73,-6903420.74,1235837.28,14.387093,1157.56,1138,2.376838157991059,CALL WALL + VOL SENSITIVE
2026-05-28T13:48:52 ET,2026-05-28T13:45:00 ET,2026-05-28,Thu,1348ET,AGGREGATE,30306.75,736.395,29997.7,POSITIVE,NEUTRAL,21.48,0.713,10.45,15.4,15.32,18.81,30702.32,746.0,395.5699999999997,1.3052207841487447,9498579.8,9498579.8,63766592.18,-5276858.609999999,7233888.720000001,243.506123,7677.24,708,3.041727136989887,CALL WALL + VOL SENSITIVE
2026-05-28T13:48:52 ET,2026-05-28T13:45:00 ET,2026-05-28,Thu,1348ET,AGGREGATE,30306.75,736.395,29997.7,POSITIVE,NEUTRAL,21.48,0.713,10.45,15.4,15.32,18.81,30743.2,747.0,436.4500000000007,1.440108226715173,2722043.97,2722043.97,23403914.56,-3917001.89,628282.33,5.147474,617.78,832,1.3522604810371919,CALL WALL + VOL SENSITIVE
2026-05-28T13:48:52 ET,2026-05-28T13:45:00 ET,2026-05-28,Thu,1348ET,AGGREGATE,30306.75,736.395,29997.7,POSITIVE,NEUTRAL,21.48,0.713,10.45,15.4,15.32,18.81,30743.47,747.0,436.72000000000116,1.440999117358348,23434796.5,23506097.8,164143139.96,-16740757.01,14375290.15,415.599222,14072.66,2042,8.029594774341891,CALL WALL + VOL SENSITIVE
2026-05-28T13:48:52 ET,2026-05-28T13:45:00 ET,2026-05-28,Thu,1348ET,AGGREGATE,30306.75,736.395,29997.7,POSITIVE,NEUTRAL,21.48,0.713,10.45,15.4,15.32,18.81,30784.36,748.0,477.6100000000006,1.5759195558745183,1365280.47,1365280.47,12353325.7,-2147482.31,314577.27,1.85754,322.12,579,0.7504365504223572,CALL WALL + VOL SENSITIVE
2026-05-28T13:48:52 ET,2026-05-28T13:45:00 ET,2026-05-28,Thu,1348ET,AGGREGATE,30306.75,736.395,29997.7,POSITIVE,NEUTRAL,21.48,0.713,10.45,15.4,15.32,18.81,30784.63,748.0,477.880000000001,1.5768104465176933,18008877.45,18032495.07,138074757.89000002,-13749745.950000001,10874224.709999999,270.897058,11386.75,1832,6.607329681391675,CALL WALL + VOL SENSITIVE
2026-05-28T13:48:52 ET,2026-05-28T13:45:00 ET,2026-05-28,Thu,1348ET,AGGREGATE,30306.75,736.395,29997.7,POSITIVE,NEUTRAL,21.48,0.713,10.45,15.4,15.32,18.81,30825.52,749.0,518.7700000000004,1.7117308850338635,447771.44,447771.44,4223646.33,-764210.17,103919.63,0.455178,110.04,256,0.2721872578857669,CALL WALL + VOL SENSITIVE
2026-05-28T13:48:52 ET,2026-05-28T13:45:00 ET,2026-05-28,Thu,1348ET,AGGREGATE,30306.75,736.395,29997.7,POSITIVE,NEUTRAL,21.48,0.713,10.45,15.4,15.32,18.81,30825.78,749.0,519.0299999999988,1.7125887797272847,24893459.040000003,24909870.380000003,206524523.31,-20390278.89,14601313.14,312.388732,16187.55,2984,9.753220899195576,CALL WALL + VOL SENSITIVE
2026-05-28T13:48:52 ET,2026-05-28T13:45:00 ET,2026-05-28,Thu,1348ET,AGGREGATE,30306.75,736.395,29997.7,POSITIVE,NEUTRAL,21.48,0.713,10.45,15.4,15.32,18.81,30866.67,750.0,559.9199999999983,1.847509218243455,5382947.45,5388304.95,52511096.89,-9916174.63,1122146.22,3.7637350000000005,1381.5,4023,3.6251310020878718,CALL WALL + VOL SENSITIVE
2026-05-28T13:48:52 ET,2026-05-28T13:45:00 ET,2026-05-28,Thu,1348ET,AGGREGATE,30306.75,736.395,29997.7,POSITIVE,NEUTRAL,21.48,0.713,10.45,15.4,15.32,18.81,30866.94,750.0,560.1899999999987,1.84840010888663,120165100.7,121350959.64,1095671751.1,-99910601.42,67970485.97,1309.1129250000001,90993.79000000001,16833,50.31491128157498,CALL WALL + VOL SENSITIVE
2026-05-28T13:48:52 ET,2026-05-28T13:45:00 ET,2026-05-28,Thu,1348ET,AGGREGATE,30306.75,736.395,29997.7,POSITIVE,NEUTRAL,21.48,0.713,10.45,15.4,15.32,18.81,30907.83,751.0,601.0800000000017,1.9833205474028122,1722803.82,1722803.82,17262819.11,-3400432.54,414786.65,1.101222,461.45,1625,1.2772746436458988,CALL WALL + VOL SENSITIVE
2026-05-28T13:48:52 ET,2026-05-28T13:45:00 ET,2026-05-28,Thu,1348ET,AGGREGATE,30306.75,736.395,29997.7,POSITIVE,NEUTRAL,21.48,0.713,10.45,15.4,15.32,18.81,30908.1,751.0,601.3499999999985,1.9842114380459752,2559588.3899999997,2559588.3899999997,25368684.56,-2137395.65,1580547.85,27.233161,2114.59,412,1.137568629618013,CALL WALL + VOL SENSITIVE
2026-05-28T13:48:52 ET,2026-05-28T13:45:00 ET,2026-05-28,Thu,1348ET,AGGREGATE,30306.75,736.395,29997.7,POSITIVE,NEUTRAL,21.48,0.713,10.45,15.4,15.32,18.81,30948.98,752.0,642.2299999999996,2.119098880612403,258501.16,258501.16,2645178.05,-544685.47,63973.17,0.138967,72.41,298,0.20947629360336795,CALL WALL + VOL SENSITIVE
2026-05-28T13:48:52 ET,2026-05-28T13:45:00 ET,2026-05-28,Thu,1348ET,AGGREGATE,30306.75,736.395,29997.7,POSITIVE,NEUTRAL,21.48,0.713,10.45,15.4,15.32,18.81,30949.25,752.0,642.5,2.1199897712555784,923650.25,923650.25,10920210.86,-550445.12,702256.48,12.843582,1150.18,146,0.4368087949708678,CALL WALL + VOL SENSITIVE
2026-05-28T13:48:52 ET,2026-05-28T13:45:00 ET,2026-05-28,Thu,1348ET,AGGREGATE,30306.75,736.395,29997.7,POSITIVE,NEUTRAL,21.48,0.713,10.45,15.4,15.32,18.81,30990.14,753.0,683.3899999999994,2.2549102097717486,141443.76,141443.76,1470692.44,-316870.17,36158.95,0.066361,41.48,193,0.12428251186469282,CALL WALL + VOL SENSITIVE
2026-05-28T13:48:52 ET,2026-05-28T13:45:00 ET,2026-05-28,Thu,1348ET,AGGREGATE,30306.75,736.395,29997.7,POSITIVE,NEUTRAL,21.48,0.713,10.45,15.4,15.32,18.81,30990.41,753.0,683.6599999999999,2.2558011004149234,800826.1,800826.1,10330448.629999999,-441664.14999999997,620899.51,10.478069,1086.15,138,0.4005379254864127,CALL WALL + VOL SENSITIVE
2026-05-28T13:48:52 ET,2026-05-28T13:45:00 ET,2026-05-28,Thu,1348ET,AGGREGATE,30306.75,736.395,29997.7,POSITIVE,NEUTRAL,21.48,0.713,10.45,15.4,15.32,18.81,31031.29,754.0,724.5400000000009,2.3906885429813522,66368.44,66368.44,698195.28,-157510.53,17600.3,0.028127,20.38,104,0.06247738604847047,CALL WALL + VOL SENSITIVE
2026-05-28T13:48:52 ET,2026-05-28T13:45:00 ET,2026-05-28,Thu,1348ET,AGGREGATE,30306.75,736.395,29997.7,POSITIVE,NEUTRAL,21.48,0.713,10.45,15.4,15.32,18.81,31031.56,754.0,724.8100000000013,2.3915794336245266,866012.21,1025794.6499999999,10019672.5,-924125.7799999999,-256156.21999999997,-7.107685999999999,994.28,263,0.469442910270865,CALL WALL + VOL SENSITIVE
2026-05-28T13:48:52 ET,2026-05-28T13:45:00 ET,2026-05-28,Thu,1348ET,AGGREGATE,30306.75,736.395,29997.7,POSITIVE,NEUTRAL,21.48,0.713,10.45,15.4,15.32,18.81,31072.45,755.0,765.7000000000007,2.5264998721406973,1607919.59,1607919.59,17050847.06,-4029688.69,443910.98,0.63519,517.54,2814,1.6210957401432056,CALL WALL + VOL SENSITIVE
2026-05-28T13:48:52 ET,2026-05-28T13:45:00 ET,2026-05-28,Thu,1348ET,AGGREGATE,30306.75,736.395,29997.7,POSITIVE,NEUTRAL,21.48,0.713,10.45,15.4,15.32,18.81,31072.72,755.0,765.9700000000012,2.527390762783872,13705186.330000002,13769827.97,164888861.72,-14813448.3,7099632.16,63.400769999999994,11439.689999999999,4580,7.710996730750465,CALL WALL + VOL SENSITIVE
2026-05-28T13:48:52 ET,2026-05-28T13:45:00 ET,2026-05-28,Thu,1348ET,AGGREGATE,30306.75,736.395,29997.7,POSITIVE,NEUTRAL,21.48,0.713,10.45,15.4,15.32,18.81,31113.6,756.0,806.8499999999985,2.6622782053502885,82380.88,82380.88,877776.72,-217393.84,23748.11,0.031205,27.8,157,0.08694709421957997,CALL WALL + VOL SENSITIVE
2026-05-28T13:48:52 ET,2026-05-28T13:45:00 ET,2026-05-28,Thu,1348ET,AGGREGATE,30306.75,736.395,29997.7,POSITIVE,NEUTRAL,21.48,0.713,10.45,15.4,15.32,18.81,31113.88,756.0,807.130000000001,2.663202091943217,585142.01,585142.01,6754021.89,-777232.37,273899.31,1.526375,364.93,263,0.35068353775093736,CALL WALL + VOL SENSITIVE
2026-05-28T13:48:52 ET,2026-05-28T13:45:00 ET,2026-05-28,Thu,1348ET,AGGREGATE,30306.75,736.395,29997.7,POSITIVE,NEUTRAL,21.48,0.713,10.45,15.4,15.32,18.81,31154.76,757.0,848.0099999999984,2.7980895345096335,165099.57,165099.57,1762701.39,-457571.28,49819.46,0.061485,58.4,335,0.18185540320995527,CALL WALL + VOL SENSITIVE
2026-05-28T13:48:52 ET,2026-05-28T13:45:00 ET,2026-05-28,Thu,1348ET,AGGREGATE,30306.75,736.395,29997.7,POSITIVE,NEUTRAL,21.48,0.713,10.45,15.4,15.32,18.81,31155.03,757.0,848.2799999999988,2.7989804251528088,1069996.11,1069996.11,18460818.509999998,-408574.29000000004,840542.26,9.662246,1805.1399999999999,240,0.6526545929074388,CALL WALL + VOL SENSITIVE
2026-05-28T13:48:52 ET,2026-05-28T13:45:00 ET,2026-05-28,Thu,1348ET,AGGREGATE,30306.75,736.395,29997.7,POSITIVE,NEUTRAL,21.48,0.713,10.45,15.4,15.32,18.81,31195.92,758.0,889.1699999999983,2.933900863668979,145422.23,145422.23,1552034.79,-422299.36,46028.05,0.054421,53.93,308,0.16504498317742247,CALL WALL + VOL SENSITIVE
2026-05-28T13:48:52 ET,2026-05-28T13:45:00 ET,2026-05-28,Thu,1348ET,AGGREGATE,30306.75,736.395,29997.7,POSITIVE,NEUTRAL,21.48,0.713,10.45,15.4,15.32,18.81,31196.19,758.0,889.4399999999987,2.9347917543121538,109388.53,109388.53,1441441.8499999999,-142051.40000000002,55386.0,0.294461,87.97,64,0.07330773272873715,CALL WALL + VOL SENSITIVE
2026-05-28T13:48:52 ET,2026-05-28T13:45:00 ET,2026-05-28,Thu,1348ET,AGGREGATE,30306.75,736.395,29997.7,POSITIVE,NEUTRAL,21.48,0.713,10.45,15.4,15.32,18.81,31237.07,759.0,930.3199999999997,3.069679196878582,32212.27,32212.27,342952.31,-97805.77,10712.06,0.012344,12.52,70,0.03699965504672654,CALL WALL + VOL SENSITIVE
2026-05-28T13:48:52 ET,2026-05-28T13:45:00 ET,2026-05-28,Thu,1348ET,AGGREGATE,30306.75,736.395,29997.7,POSITIVE,NEUTRAL,21.48,0.713,10.45,15.4,15.32,18.81,31237.34,759.0,930.5900000000001,3.070570087521757,179577.46,179577.46,2967642.75,-148526.45,114646.83,0.843051,235.79000000000002,84,0.12358662048004396,CALL WALL + VOL SENSITIVE
2026-05-28T13:48:52 ET,2026-05-28T13:45:00 ET,2026-05-28,Thu,1348ET,AGGREGATE,30306.75,736.395,29997.7,POSITIVE,NEUTRAL,21.48,0.713,10.45,15.4,15.32,18.81,31278.23,760.0,971.4799999999996,3.2054905260379276,170227.87,170227.87,1804726.41,-539366.93,59555.03,0.067881,69.37,374,0.20018836212027533,CALL WALL + VOL SENSITIVE
2026-05-28T13:48:52 ET,2026-05-28T13:45:00 ET,2026-05-28,Thu,1348ET,AGGREGATE,30306.75,736.395,29997.7,POSITIVE,NEUTRAL,21.48,0.713,10.45,15.4,15.32,18.81,31278.5,760.0,971.75,3.2063814166811024,7866886.45,7877964.29,119184047.09,-9523670.889999999,3934002.3,20.23631,7965.23,5635,5.908121383418225,CALL WALL + VOL SENSITIVE
2026-05-28T13:48:52 ET,2026-05-28T13:45:00 ET,2026-05-28,Thu,1348ET,AGGREGATE,30306.75,736.395,29997.7,POSITIVE,NEUTRAL,21.48,0.713,10.45,15.4,15.32,18.81,31319.38,761.0,1012.630000000001,3.341268859247531,911.66,911.66,9609.76,-3009.0,335.9,0.000383,0.39,2,0.0006324496977304902,CALL WALL + VOL SENSITIVE
2026-05-28T13:48:52 ET,2026-05-28T13:45:00 ET,2026-05-28,Thu,1348ET,AGGREGATE,30306.75,736.395,29997.7,POSITIVE,NEUTRAL,21.48,0.713,10.45,15.4,15.32,18.81,31319.65,761.0,1012.9000000000015,3.342159749890706,3642.6,3642.6,67755.26,-2703.45,2364.01,0.014072000000000001,5.33,2,0.002308957196606024,CALL WALL + VOL SENSITIVE
2026-05-28T13:48:52 ET,2026-05-28T13:45:00 ET,2026-05-28,Thu,1348ET,AGGREGATE,30306.75,736.395,29997.7,POSITIVE,NEUTRAL,21.48,0.713,10.45,15.4,15.32,18.81,31360.54,762.0,1053.7900000000009,3.477080188406876,69651.72,69651.72,729020.21,-239083.3,27047.72,0.031243,31.16,151,0.08241814168695583,CALL WALL + VOL SENSITIVE
2026-05-28T13:48:52 ET,2026-05-28T13:45:00 ET,2026-05-28,Thu,1348ET,AGGREGATE,30306.75,736.395,29997.7,POSITIVE,NEUTRAL,21.48,0.713,10.45,15.4,15.32,18.81,31360.81,762.0,1054.0600000000013,3.477971079050051,14842.050000000001,14842.050000000001,308535.55,-7536.5,10203.89,0.058330999999999994,25.07,7,0.011035270041786867,CALL WALL + VOL SENSITIVE
2026-05-28T13:48:52 ET,2026-05-28T13:45:00 ET,2026-05-28,Thu,1348ET,AGGREGATE,30306.75,736.395,29997.7,POSITIVE,NEUTRAL,21.48,0.713,10.45,15.4,15.32,18.81,31401.97,763.0,1095.2200000000012,3.613782408209396,25074.73,25074.73,526801.63,-15149.96,16577.06,0.079696,41.06,15,0.020109786258026598,CALL WALL + VOL SENSITIVE
2026-05-28T13:48:52 ET,2026-05-28T13:45:00 ET,2026-05-28,Thu,1348ET,AGGREGATE,30306.75,736.395,29997.7,POSITIVE,NEUTRAL,21.48,0.713,10.45,15.4,15.32,18.81,31442.85,764.0,1136.0999999999985,3.7486698507758125,248690.73,248690.73,2558032.92,-919197.74,107439.19,0.130175,121.94,514,0.293290109897171,CALL WALL + VOL SENSITIVE
2026-05-28T13:48:52 ET,2026-05-28T13:45:00 ET,2026-05-28,Thu,1348ET,AGGREGATE,30306.75,736.395,29997.7,POSITIVE,NEUTRAL,21.48,0.713,10.45,15.4,15.32,18.81,31443.12,764.0,1136.369999999999,3.7495607414189878,78509.78,78509.78,1099332.84,-145697.56,36384.3,0.056338,56.57,127,0.07861199339104599,CALL WALL + VOL SENSITIVE
2026-05-28T13:48:52 ET,2026-05-28T13:45:00 ET,2026-05-28,Thu,1348ET,AGGREGATE,30306.75,736.395,29997.7,POSITIVE,NEUTRAL,21.48,0.713,10.45,15.4,15.32,18.81,31484.0,765.0,1177.25,3.8844481839854157,514489.22,514489.22,5239221.04,-1969352.51,234534.0,0.293653,263.91,1029,0.602708192522197,CALL WALL + VOL SENSITIVE
2026-05-28T13:48:52 ET,2026-05-28T13:45:00 ET,2026-05-28,Thu,1348ET,AGGREGATE,30306.75,736.395,29997.7,POSITIVE,NEUTRAL,21.48,0.713,10.45,15.4,15.32,18.81,31484.28,765.0,1177.5299999999988,3.885372070578333,1322192.59,1322192.59,24082056.35,-1705873.1800000002,731079.29,1.92577,1576.49,1743,1.3093115975073646,CALL WALL + VOL SENSITIVE
2026-05-28T13:48:52 ET,2026-05-28T13:45:00 ET,2026-05-28,Thu,1348ET,AGGREGATE,30306.75,736.395,29997.7,POSITIVE,NEUTRAL,21.48,0.713,10.45,15.4,15.32,18.81,31525.16,766.0,1218.4099999999999,4.020259513144761,91325.66,91325.66,920062.36,-361586.85,43931.99,0.057086,48.99,176,0.10565312121367887,CALL WALL + VOL SENSITIVE
2026-05-28T13:48:52 ET,2026-05-28T13:45:00 ET,2026-05-28,Thu,1348ET,AGGREGATE,30306.75,736.395,29997.7,POSITIVE,NEUTRAL,21.48,0.713,10.45,15.4,15.32,18.81,31525.43,766.0,1218.6800000000003,4.021150403787936,15081.970000000001,15081.970000000001,291783.56,-18404.54,8515.61,0.020687,19.380000000000003,21,0.015126124066815641,CALL WALL + VOL SENSITIVE
2026-05-28T13:48:52 ET,2026-05-28T13:45:00 ET,2026-05-28,Thu,1348ET,AGGREGATE,30306.75,736.395,29997.7,POSITIVE,NEUTRAL,21.48,0.713,10.45,15.4,15.32,18.81,31566.59,767.0,1259.8400000000001,4.156961732947281,5678.89,5678.89,82661.81,-11655.19,2713.93,0.00297,4.36,13,0.006422958385925959,CALL WALL + VOL SENSITIVE
2026-05-28T13:48:52 ET,2026-05-28T13:45:00 ET,2026-05-28,Thu,1348ET,AGGREGATE,30306.75,736.395,29997.7,POSITIVE,NEUTRAL,21.48,0.713,10.45,15.4,15.32,18.81,31607.75,768.0,1301.0,4.292773062106627,17766.010000000002,17766.010000000002,281548.04000000004,-34575.969999999994,8890.119999999999,0.010548,15.9,42,0.021822801446898996,CALL WALL + VOL SENSITIVE
2026-05-28T13:48:52 ET,2026-05-28T13:45:00 ET,2026-05-28,Thu,1348ET,AGGREGATE,30306.75,736.395,29997.7,POSITIVE,NEUTRAL,21.48,0.713,10.45,15.4,15.32,18.81,31648.63,769.0,1341.880000000001,4.427660504673055,5303.22,5303.22,51563.72,-23086.66,2995.8,0.004421,3.24,9,0.00552457028955389,CALL WALL + VOL SENSITIVE
2026-05-28T13:48:52 ET,2026-05-28T13:45:00 ET,2026-05-28,Thu,1348ET,AGGREGATE,30306.75,736.395,29997.7,POSITIVE,NEUTRAL,21.48,0.713,10.45,15.4,15.32,18.81,31648.9,769.0,1342.1500000000015,4.42855139531623,14482.81,14482.81,214775.84,-31616.97,7118.68,0.006456,11.6,40,0.019097736846289497,CALL WALL + VOL SENSITIVE
2026-05-28T13:48:52 ET,2026-05-28T13:45:00 ET,2026-05-28,Thu,1348ET,AGGREGATE,30306.75,736.395,29997.7,POSITIVE,NEUTRAL,21.48,0.713,10.45,15.4,15.32,18.81,31689.78,770.0,1383.0299999999988,4.5634388378826465,459230.33,459230.33,4409011.12,-2059415.08,273553.44,0.422264,292.89,745,0.5116772843819045,CALL WALL + VOL SENSITIVE
2026-05-28T13:48:52 ET,2026-05-28T13:45:00 ET,2026-05-28,Thu,1348ET,AGGREGATE,30306.75,736.395,29997.7,POSITIVE,NEUTRAL,21.48,0.713,10.45,15.4,15.32,18.81,31690.06,770.0,1383.3100000000013,4.564362724475575,3153612.61,3154280.29,51137469.54000001,-6506454.99,1542947.6800000002,1.495717,2936.89,8892,4.382996726869073,CALL WALL + VOL SENSITIVE
2026-05-28T13:48:52 ET,2026-05-28T13:45:00 ET,2026-05-28,Thu,1348ET,AGGREGATE,30306.75,736.395,29997.7,POSITIVE,NEUTRAL,21.48,0.713,10.45,15.4,15.32,18.81,31731.21,771.0,1424.4599999999991,4.700141057685166,186197.17,186197.17,2799575.36,-430764.51,94612.32,0.073542,156.0,600,0.27591907807186444,CALL WALL + VOL SENSITIVE
2026-05-28T13:48:52 ET,2026-05-28T13:45:00 ET,2026-05-28,Thu,1348ET,AGGREGATE,30306.75,736.395,29997.7,POSITIVE,NEUTRAL,21.48,0.713,10.45,15.4,15.32,18.81,31772.37,772.0,1465.619999999999,4.835952386844512,290.74,290.74,4394.63,-691.56,150.46,0.00011,0.25,1,0.0,CALL WALL + VOL SENSITIVE
2026-05-28T13:48:52 ET,2026-05-28T13:45:00 ET,2026-05-28,Thu,1348ET,AGGREGATE,30306.75,736.395,29997.7,POSITIVE,NEUTRAL,21.48,0.713,10.45,15.4,15.32,18.81,31813.53,773.0,1506.7799999999988,4.971763716003856,8458.98,8458.98,188346.03,-12235.689999999999,4800.62,0.0046,12.02,24,0.012218726679038774,CALL WALL + VOL SENSITIVE
2026-05-28T13:48:52 ET,2026-05-28T13:45:00 ET,2026-05-28,Thu,1348ET,AGGREGATE,30306.75,736.395,29997.7,POSITIVE,NEUTRAL,21.48,0.713,10.45,15.4,15.32,18.81,31895.56,775.0,1588.8100000000013,5.242429491779888,258121.21,258121.21,2318345.03,-1326535.37,199164.49,0.384289,201.75,335,0.2759146551991565,CALL WALL + VOL SENSITIVE
2026-05-28T13:48:52 ET,2026-05-28T13:45:00 ET,2026-05-28,Thu,1348ET,AGGREGATE,30306.75,736.395,29997.7,POSITIVE,NEUTRAL,21.48,0.713,10.45,15.4,15.32,18.81,31895.84,775.0,1589.0900000000001,5.243353378372805,304744.42,304744.42,6945111.02,-467428.38,174644.96000000002,0.133287,442.37,1034,0.505810321550138,CALL WALL + VOL SENSITIVE
2026-05-28T13:48:52 ET,2026-05-28T13:45:00 ET,2026-05-28,Thu,1348ET,AGGREGATE,30306.75,736.395,29997.7,POSITIVE,NEUTRAL,21.48,0.713,10.45,15.4,15.32,18.81,32101.34,780.0,1794.5900000000001,5.921420145677119,123778.65,123778.65,1037756.83,-716989.99,122036.28,0.286568,116.86,132,0.12958938706694006,CALL WALL + VOL SENSITIVE
2026-05-28T13:48:52 ET,2026-05-28T13:45:00 ET,2026-05-28,Thu,1348ET,AGGREGATE,30306.75,736.395,29997.7,POSITIVE,NEUTRAL,21.48,0.713,10.45,15.4,15.32,18.81,32101.62,780.0,1794.869999999999,5.922344032270035,824882.6399999999,831024.0,13117392.96,-2341527.29,-519093.13,-0.286918,886.8299999999999,3819,1.5768840237255042,CALL WALL + VOL SENSITIVE
2026-05-28T13:48:52 ET,2026-05-28T13:45:00 ET,2026-05-28,Thu,1348ET,AGGREGATE,30306.75,736.395,29997.7,POSITIVE,NEUTRAL,21.48,0.713,10.45,15.4,15.32,18.81,32307.12,785.0,2000.369999999999,6.600410799574349,268002.3,268002.3,2098897.6,-1727313.83,332540.62,0.914663,301.45,244,0.2812303137269279,CALL WALL + VOL SENSITIVE
2026-05-28T13:48:52 ET,2026-05-28T13:45:00 ET,2026-05-28,Thu,1348ET,AGGREGATE,30306.75,736.395,29997.7,POSITIVE,NEUTRAL,21.48,0.713,10.45,15.4,15.32,18.81,32307.4,785.0,2000.6500000000015,6.601334686167277,6820.18,6820.18,226514.41,-5522.09,3992.32,0.001018,14.32,67,0.023563742758293902,CALL WALL + VOL SENSITIVE
2026-05-28T13:48:52 ET,2026-05-28T13:45:00 ET,2026-05-28,Thu,1348ET,AGGREGATE,30306.75,736.395,29997.7,POSITIVE,NEUTRAL,21.48,0.713,10.45,15.4,15.32,18.81,32512.89,790.0,2206.1399999999994,7.279368457521837,371682.82,371682.82,2725051.43,-2638137.84,571707.01,1.773749,491.91,300,0.3959256446741873,CALL WALL + VOL SENSITIVE
2026-05-28T13:48:52 ET,2026-05-28T13:45:00 ET,2026-05-28,Thu,1348ET,AGGREGATE,30306.75,736.395,29997.7,POSITIVE,NEUTRAL,21.48,0.713,10.45,15.4,15.32,18.81,32513.18,790.0,2206.4300000000003,7.2803253400645085,86243.88,86243.88,2982092.97,-76699.13,51529.59,0.008203,191.3,1357,0.43789320494574446,CALL WALL + VOL SENSITIVE
2026-05-28T13:48:52 ET,2026-05-28T13:45:00 ET,2026-05-28,Thu,1348ET,AGGREGATE,30306.75,736.395,29997.7,POSITIVE,NEUTRAL,21.48,0.713,10.45,15.4,15.32,18.81,32718.67,795.0,2411.9199999999983,7.958359111419068,2704.53,2704.53,18616.57,-20963.73,5083.47,0.017214,4.16,2,0.002504603140294914,CALL WALL + VOL SENSITIVE
2026-05-28T13:48:52 ET,2026-05-28T13:45:00 ET,2026-05-28,Thu,1348ET,AGGREGATE,30306.75,736.395,29997.7,POSITIVE,NEUTRAL,21.48,0.713,10.45,15.4,15.32,18.81,32718.96,795.0,2412.209999999999,7.959315993961738,5321.52,5321.52,189258.49,-5154.11,3290.15,0.000362,12.52,121,0.036351409130037926,CALL WALL + VOL SENSITIVE
2026-05-28T13:48:52 ET,2026-05-28T13:45:00 ET,2026-05-28,Thu,1348ET,AGGREGATE,30306.75,736.395,29997.7,POSITIVE,NEUTRAL,21.48,0.713,10.45,15.4,15.32,18.81,32924.45,800.0,2617.699999999997,8.637349765316298,165178.41,165178.41,1070907.83,-1388576.38,374392.23,1.346635,292.89,115,,
2026-05-28T13:48:52 ET,2026-05-28T13:45:00 ET,2026-05-28,Thu,1348ET,AGGREGATE,30306.75,736.395,29997.7,POSITIVE,NEUTRAL,21.48,0.713,10.45,15.4,15.32,18.81,32924.74,800.0,2617.989999999998,8.638306647858968,3994.96,3994.96,144705.9,-4184.01,2584.34,0.000217,9.99,119,,
2026-05-28T15:58:19 ET,2026-05-28T15:55:00 ET,2026-05-28,Thu,1558ET,2026-05-29,30324.0,735.53,30516.9,NEGATIVE,NEUTRAL,20.16,0.758,10.32,15.3,15.29,18.79,27299.6,662.0,-3024.4000000000015,-9.973618256166738,-821070.21,1809688.77,8018916.17,9354165.48,39241264.49,82.266399,5262.9,2171,,
2026-05-28T15:58:19 ET,2026-05-28T15:55:00 ET,2026-05-28,Thu,1558ET,2026-05-29,30324.0,735.53,30516.9,NEGATIVE,NEUTRAL,20.16,0.758,10.32,15.3,15.29,18.79,27340.84,663.0,-2983.16,-9.837620366706238,-333855.42,801087.3,3288868.1799999997,4083046.4400000004,18858606.25,39.29148,2277.56,967,,
2026-05-28T15:58:19 ET,2026-05-28T15:55:00 ET,2026-05-28,Thu,1558ET,2026-05-29,30324.0,735.53,30516.9,NEGATIVE,NEUTRAL,20.16,0.758,10.32,15.3,15.29,18.79,27382.08,664.0,-2941.9199999999983,-9.70162247724574,-362169.77999999997,655198.06,3598632.9799999995,3292246.71,11596259.76,24.005619,1820.78,796,,
2026-05-28T15:58:19 ET,2026-05-28T15:55:00 ET,2026-05-28,Thu,1558ET,2026-05-28,30324.0,735.53,30516.9,NEGATIVE,NEUTRAL,20.16,0.758,10.32,15.3,15.29,18.79,27416.23,665.0,-2907.7700000000004,-9.589005408257487,-580005.77,671275.71,2883449.35,6582462.619999999,-347452.20999999996,-1.2853749999999993,1816.47,456,,
2026-05-28T15:58:19 ET,2026-05-28T15:55:00 ET,2026-05-28,Thu,1558ET,2026-05-29,30324.0,735.53,30516.9,NEGATIVE,NEUTRAL,20.16,0.758,10.32,15.3,15.29,18.79,27423.31,665.0,-2900.6899999999987,-9.56565756496504,-7277918.95,9855157.530000001,72937806.58,48809947.83,94070790.42999999,193.445501,26765.25,12053,,
2026-05-28T15:58:19 ET,2026-05-28T15:55:00 ET,2026-05-28,Thu,1558ET,2026-06-01,30324.0,735.53,30516.9,NEGATIVE,NEUTRAL,20.16,0.758,10.32,15.3,15.29,18.79,27423.99,665.0,-2900.0099999999984,-9.563415116739211,-216983.19,228893.07,5401475.23,283474.54000000004,825698.6000000001,0.772885,1010.06,615,,
2026-05-28T15:58:19 ET,2026-05-28T15:55:00 ET,2026-05-28,Thu,1558ET,2026-05-29,30324.0,735.53,30516.9,NEGATIVE,NEUTRAL,20.16,0.758,10.32,15.3,15.29,18.79,27464.55,666.0,-2859.4500000000007,-9.429659675504553,-899759.73,1164490.49,9094380.52,5683463.41,9481260.51,19.363698,3090.25,1434,,
2026-05-28T15:58:19 ET,2026-05-28T15:55:00 ET,2026-05-28,Thu,1558ET,2026-05-29,30324.0,735.53,30516.9,NEGATIVE,NEUTRAL,20.16,0.758,10.32,15.3,15.29,18.79,27505.79,667.0,-2818.209999999999,-9.293661786044055,-2175526.83,2654497.5300000003,22176396.64,12764290.040000001,16293204.99,33.041857,6882.030000000001,3292,,
2026-05-28T15:58:19 ET,2026-05-28T15:55:00 ET,2026-05-28,Thu,1558ET,2026-05-29,30324.0,735.53,30516.9,NEGATIVE,NEUTRAL,20.16,0.758,10.32,15.3,15.29,18.79,27547.03,668.0,-2776.970000000001,-9.157663896583568,-203337.83000000002,955847.9099999999,2090265.1100000003,4527334.97,32621252.469999995,65.678092,2420.62,1194,,
2026-05-28T15:58:19 ET,2026-05-28T15:55:00 ET,2026-05-28,Thu,1558ET,2026-05-29,30324.0,735.53,30516.9,NEGATIVE,NEUTRAL,20.16,0.758,10.32,15.3,15.29,18.79,27588.27,669.0,-2735.7299999999996,-9.02166600712307,-712812.53,1027499.01,7389064.54,4792634.37,12534905.22,25.051825,2541.25,1293,,
2026-05-28T15:58:19 ET,2026-05-28T15:55:00 ET,2026-05-28,Thu,1558ET,2026-05-28,30324.0,735.53,30516.9,NEGATIVE,NEUTRAL,20.16,0.758,10.32,15.3,15.29,18.79,27622.37,670.0,-2701.630000000001,-8.909213824033772,-1609355.13,1674800.25,8608992.16,15281211.35,-3823800.4000000004,-14.292845,3919.45,1126,,
2026-05-28T15:58:19 ET,2026-05-28T15:55:00 ET,2026-05-28,Thu,1558ET,2026-05-29,30324.0,735.53,30516.9,NEGATIVE,NEUTRAL,20.16,0.758,10.32,15.3,15.29,18.79,27629.5,670.0,-2694.5,-8.885701094842368,-5405177.98,6793345.68,56497186.4,31196967.33,51711889.68,102.57820699999999,16406.04,8613,,
2026-05-28T15:58:19 ET,2026-05-28T15:55:00 ET,2026-05-28,Thu,1558ET,2026-06-01,30324.0,735.53,30516.9,NEGATIVE,NEUTRAL,20.16,0.758,10.32,15.3,15.29,18.79,27630.19,670.0,-2693.8100000000013,-8.883425669436754,-121199.12999999999,223843.34999999998,3033064.29,256635.41,9244141.5,9.178319,910.46,567,,
2026-05-28T15:58:19 ET,2026-05-28T15:55:00 ET,2026-05-28,Thu,1558ET,2026-05-29,30324.0,735.53,30516.9,NEGATIVE,NEUTRAL,20.16,0.758,10.32,15.3,15.29,18.79,27670.74,671.0,-2653.2599999999984,-8.74970320538187,-367121.18,749115.0800000001,3868993.05,3386154.13,16550855.26,32.583105,1766.24,957,,
2026-05-28T15:58:19 ET,2026-05-28T15:55:00 ET,2026-05-28,Thu,1558ET,2026-06-01,30324.0,735.53,30516.9,NEGATIVE,NEUTRAL,20.16,0.758,10.32,15.3,15.29,18.79,27671.43,671.0,-2652.5699999999997,-8.747427779976254,-103427.78,103427.78,2589472.98,116682.73,-143291.21,-0.144468,413.85,258,,
2026-05-28T15:58:19 ET,2026-05-28T15:55:00 ET,2026-05-28,Thu,1558ET,2026-05-29,30324.0,735.53,30516.9,NEGATIVE,NEUTRAL,20.16,0.758,10.32,15.3,15.29,18.79,27711.98,672.0,-2612.0200000000004,-8.613705315921385,-2245005.0,2538642.34,23853029.419999998,11292233.350000001,9320962.959999999,18.21024,5842.599999999999,3268,,
2026-05-28T15:58:19 ET,2026-05-28T15:55:00 ET,2026-05-28,Thu,1558ET,2026-06-01,30324.0,735.53,30516.9,NEGATIVE,NEUTRAL,20.16,0.758,10.32,15.3,15.29,18.79,27712.67,672.0,-2611.3300000000017,-8.611429890515769,-40760.69,40760.69,1020726.55,45237.67,-55555.32,-0.056951,160.45,100,,
2026-05-28T15:58:19 ET,2026-05-28T15:55:00 ET,2026-05-28,Thu,1558ET,2026-05-29,30324.0,735.53,30516.9,NEGATIVE,NEUTRAL,20.16,0.758,10.32,15.3,15.29,18.79,27753.22,673.0,-2570.779999999999,-8.477707426460885,-2261800.6,2645705.4,24225967.35,11577833.280000001,13680647.18,26.523832,5942.599999999999,3432,,
2026-05-28T15:58:19 ET,2026-05-28T15:55:00 ET,2026-05-28,Thu,1558ET,2026-06-01,30324.0,735.53,30516.9,NEGATIVE,NEUTRAL,20.16,0.758,10.32,15.3,15.29,18.79,27753.91,673.0,-2570.09,-8.475432001055271,-109147.51,113297.61,2733207.44,123668.12999999999,215726.91999999998,0.22516300000000003,438.73,273,,
2026-05-28T15:58:19 ET,2026-05-28T15:55:00 ET,2026-05-28,Thu,1558ET,2026-05-29,30324.0,735.53,30516.9,NEGATIVE,NEUTRAL,20.16,0.758,10.32,15.3,15.29,18.79,27794.46,674.0,-2529.540000000001,-8.341709537000398,-523281.17999999993,993010.2,5649655.35,4273964.35,20888882.08,40.191077,2176.42,1298,,
2026-05-28T15:58:19 ET,2026-05-28T15:55:00 ET,2026-05-28,Thu,1558ET,2026-06-01,30324.0,735.53,30516.9,NEGATIVE,NEUTRAL,20.16,0.758,10.32,15.3,15.29,18.79,27795.14,674.0,-2528.8600000000006,-8.33946708877457,-28350.92,29197.22,709756.42,31335.899999999998,34998.87,0.037245999999999994,111.22,69,,
2026-05-28T15:58:19 ET,2026-05-28T15:55:00 ET,2026-05-28,Thu,1558ET,2026-05-28,30324.0,735.53,30516.9,NEGATIVE,NEUTRAL,20.16,0.758,10.32,15.3,15.29,18.79,27828.5,675.0,-2495.5,-8.229455216989843,-1741548.44,1944876.44,10051611.42,16402793.21,-100522.58000000007,-0.37220299999999895,3899.79,1320,,
2026-05-28T15:58:19 ET,2026-05-28T15:55:00 ET,2026-05-28,Thu,1558ET,2026-05-29,30324.0,735.53,30516.9,NEGATIVE,NEUTRAL,20.16,0.758,10.32,15.3,15.29,18.79,27835.7,675.0,-2488.2999999999993,-8.2057116475399,-3329382.9899999998,9684442.43,36229838.02,40984861.79,291785344.27000004,557.1768460000001,20708.35,12755,,
2026-05-28T15:58:19 ET,2026-05-28T15:55:00 ET,2026-05-28,Thu,1558ET,2026-06-01,30324.0,735.53,30516.9,NEGATIVE,NEUTRAL,20.16,0.758,10.32,15.3,15.29,18.79,27836.38,675.0,-2487.619999999999,-8.203469199314071,-213882.34,253634.22,5351656.99,267580.17,3053058.4899999998,3.3177239999999997,950.46,587,,
2026-05-28T15:58:19 ET,2026-05-28T15:55:00 ET,2026-05-28,Thu,1558ET,2026-05-28,30324.0,735.53,30516.9,NEGATIVE,NEUTRAL,20.16,0.758,10.32,15.3,15.29,18.79,27869.73,676.0,-2454.2700000000004,-8.093490304709142,-989779.5199999999,1016173.64,5802180.22,8429102.39,-1931843.0399999998,-7.118777000000001,1973.18,693,,
2026-05-28T15:58:19 ET,2026-05-28T15:55:00 ET,2026-05-28,Thu,1558ET,2026-05-29,30324.0,735.53,30516.9,NEGATIVE,NEUTRAL,20.16,0.758,10.32,15.3,15.29,18.79,27876.93,676.0,-2447.0699999999997,-8.0697467352592,-1275153.54,1804206.6,13984042.39,7505562.76,22926854.490000002,43.455227,3763.26,2394,,
2026-05-28T15:58:19 ET,2026-05-28T15:55:00 ET,2026-05-28,Thu,1558ET,2026-06-01,30324.0,735.53,30516.9,NEGATIVE,NEUTRAL,20.16,0.758,10.32,15.3,15.29,18.79,27877.62,676.0,-2446.380000000001,-8.067471309853584,-105170.26,131683.76,2629420.4699999997,136521.61000000002,2037591.2999999998,2.2644789999999997,485.44,298,,
2026-05-28T15:58:19 ET,2026-05-28T15:55:00 ET,2026-05-28,Thu,1558ET,2026-05-28,30324.0,735.53,30516.9,NEGATIVE,NEUTRAL,20.16,0.758,10.32,15.3,15.29,18.79,27910.96,677.0,-2413.040000000001,-7.957525392428442,-1048099.28,1094746.26,6241093.96,8928530.42,-1501800.1099999999,-5.501543000000001,2057.65,751,,
2026-05-28T15:58:19 ET,2026-05-28T15:55:00 ET,2026-05-28,Thu,1558ET,2026-05-29,30324.0,735.53,30516.9,NEGATIVE,NEUTRAL,20.16,0.758,10.32,15.3,15.29,18.79,27918.17,677.0,-2405.8300000000017,-7.933748845798713,-986105.0599999999,1987173.7799999998,10897042.169999998,8123692.18,46113373.5,86.770101,4042.45,2656,,
2026-05-28T15:58:19 ET,2026-05-28T15:55:00 ET,2026-05-28,Thu,1558ET,2026-06-01,30324.0,735.53,30516.9,NEGATIVE,NEUTRAL,20.16,0.758,10.32,15.3,15.29,18.79,27918.86,677.0,-2405.1399999999994,-7.931473420393085,-79665.37,79665.37,1989609.0,81140.06,-100340.81,-0.114227,288.9,176,,
2026-05-28T15:58:19 ET,2026-05-28T15:55:00 ET,2026-05-28,Thu,1558ET,2026-05-28,30324.0,735.53,30516.9,NEGATIVE,NEUTRAL,20.16,0.758,10.32,15.3,15.29,18.79,27952.19,678.0,-2371.8100000000013,-7.821560480147742,-1059543.24,1068228.0199999998,6409677.69,8563378.16,-2283283.94,-8.305511000000001,1942.64,738,,
2026-05-28T15:58:19 ET,2026-05-28T15:55:00 ET,2026-05-28,Thu,1558ET,2026-05-29,30324.0,735.53,30516.9,NEGATIVE,NEUTRAL,20.16,0.758,10.32,15.3,15.29,18.79,27959.41,678.0,-2364.59,-7.797750956338215,199853.09000000008,2415324.9699999997,-2225125.5600000005,9700230.440000001,125787691.42999999,235.034803,4791.18,3251,,
2026-05-28T15:58:19 ET,2026-05-28T15:55:00 ET,2026-05-28,Thu,1558ET,2026-06-01,30324.0,735.53,30516.9,NEGATIVE,NEUTRAL,20.16,0.758,10.32,15.3,15.29,18.79,27960.1,678.0,-2363.9000000000015,-7.7954755309326,-86383.60999999999,91956.75,2154429.4499999997,91984.61,327122.08999999997,0.382088,328.04,198,,
2026-05-28T15:58:19 ET,2026-05-28T15:55:00 ET,2026-05-28,Thu,1558ET,2026-05-28,30324.0,735.53,30516.9,NEGATIVE,NEUTRAL,20.16,0.758,10.32,15.3,15.29,18.79,27993.41,679.0,-2330.59,-7.6856285450468285,-605788.48,666080.22,3723505.79,5246620.99,49866.810000000056,0.17989500000000014,1171.46,464,,
2026-05-28T15:58:19 ET,2026-05-28T15:55:00 ET,2026-05-28,Thu,1558ET,2026-05-29,30324.0,735.53,30516.9,NEGATIVE,NEUTRAL,20.16,0.758,10.32,15.3,15.29,18.79,28000.65,679.0,-2323.3499999999985,-7.661753066877716,-1752703.54,2064131.2799999998,19658410.5,8141350.970000001,12505177.27,23.209732000000002,3991.9900000000002,2797,,
2026-05-28T15:58:19 ET,2026-05-28T15:55:00 ET,2026-05-28,Thu,1558ET,2026-06-01,30324.0,735.53,30516.9,NEGATIVE,NEUTRAL,20.16,0.758,10.32,15.3,15.29,18.79,28001.34,679.0,-2322.66,-7.659477641472101,-131268.08,131268.08,3268349.94,128920.25,-160444.36,-0.192613,460.66,275,,
2026-05-28T15:58:19 ET,2026-05-28T15:55:00 ET,2026-05-28,Thu,1558ET,2026-05-28,30324.0,735.53,30516.9,NEGATIVE,NEUTRAL,20.16,0.758,10.32,15.3,15.29,18.79,28034.64,680.0,-2289.3600000000006,-7.549663632766128,-9034287.739999998,9199219.66,56427823.37,71175258.39,-15484906.34,-55.329164999999996,15639.44,6470,,
2026-05-28T15:58:19 ET,2026-05-28T15:55:00 ET,2026-05-28,Thu,1558ET,2026-05-29,30324.0,735.53,30516.9,NEGATIVE,NEUTRAL,20.16,0.758,10.32,15.3,15.29,18.79,28041.89,680.0,-2282.1100000000006,-7.525755177417229,-15709407.08,25066704.92,177471591.85000002,97066241.72,433691820.24,799.864529,47256.520000000004,34182,,
2026-05-28T15:58:19 ET,2026-05-28T15:55:00 ET,2026-05-28,Thu,1558ET,2026-06-01,30324.0,735.53,30516.9,NEGATIVE,NEUTRAL,20.16,0.758,10.32,15.3,15.29,18.79,28042.58,680.0,-2281.4199999999983,-7.523479752011602,-274246.39,320445.61,6814568.95,308891.9,3070117.74,3.7948720000000002,1106.27,652,,
2026-05-28T15:58:19 ET,2026-05-28T15:55:00 ET,2026-05-28,Thu,1558ET,2026-05-28,30324.0,735.53,30516.9,NEGATIVE,NEUTRAL,20.16,0.758,10.32,15.3,15.29,18.79,28075.87,681.0,-2248.130000000001,-7.413698720485427,-576600.28,590663.7,3660141.21,4487365.859999999,-844744.2999999999,-2.985487,970.2299999999999,420,,
2026-05-28T15:58:19 ET,2026-05-28T15:55:00 ET,2026-05-28,Thu,1558ET,2026-05-29,30324.0,735.53,30516.9,NEGATIVE,NEUTRAL,20.16,0.758,10.32,15.3,15.29,18.79,28083.12,681.0,-2240.880000000001,-7.389790265136528,-1713277.59,2230906.13,19491848.88,8478484.59,23044602.47,42.253677999999994,4099.08,3060,,
2026-05-28T15:58:19 ET,2026-05-28T15:55:00 ET,2026-05-28,Thu,1558ET,2026-06-01,30324.0,735.53,30516.9,NEGATIVE,NEUTRAL,20.16,0.758,10.32,15.3,15.29,18.79,28083.82,681.0,-2240.1800000000003,-7.387481862551115,-59822.81,64892.53,1483014.21,61375.03,290620.31,0.37055,220.39,128,,
2026-05-28T15:58:19 ET,2026-05-28T15:55:00 ET,2026-05-28,Thu,1558ET,2026-05-28,30324.0,735.53,30516.9,NEGATIVE,NEUTRAL,20.16,0.758,10.32,15.3,15.29,18.79,28117.1,682.0,-2206.9000000000015,-7.277733808204727,-1282066.91,1293179.09,8272043.94,9643312.93,-2242172.06,-7.826666,2051.38,931,,
2026-05-28T15:58:19 ET,2026-05-28T15:55:00 ET,2026-05-28,Thu,1558ET,2026-05-29,30324.0,735.53,30516.9,NEGATIVE,NEUTRAL,20.16,0.758,10.32,15.3,15.29,18.79,28124.36,682.0,-2199.6399999999994,-7.25379237567603,-5024269.51,5779940.529999999,57553999.48,21551386.47,30623582.8,55.854282000000005,10348.98,7970,,
2026-05-28T15:58:19 ET,2026-05-28T15:55:00 ET,2026-05-28,Thu,1558ET,2026-06-01,30324.0,735.53,30516.9,NEGATIVE,NEUTRAL,20.16,0.758,10.32,15.3,15.29,18.79,28125.06,682.0,-2198.9399999999987,-7.251483973090616,-89070.64,89070.64,2202116.87,82627.7,-104280.47,-0.137412,297.59,170,,
2026-05-28T15:58:19 ET,2026-05-28T15:55:00 ET,2026-05-28,Thu,1558ET,2026-05-28,30324.0,735.53,30516.9,NEGATIVE,NEUTRAL,20.16,0.758,10.32,15.3,15.29,18.79,28158.32,683.0,-2165.6800000000003,-7.141801873103813,-428757.06999999995,450674.37,2812213.15,3297500.13,-255550.24,-0.8797159999999997,690.06,329,,
2026-05-28T15:58:19 ET,2026-05-28T15:55:00 ET,2026-05-28,Thu,1558ET,2026-05-29,30324.0,735.53,30516.9,NEGATIVE,NEUTRAL,20.16,0.758,10.32,15.3,15.29,18.79,28165.6,683.0,-2158.4000000000015,-7.117794486215543,-2109303.76,2539538.2,24323912.799999997,9286774.5,18637886.42,33.836934,4430.25,3518,,
2026-05-28T15:58:19 ET,2026-05-28T15:55:00 ET,2026-05-28,Thu,1558ET,2026-06-01,30324.0,735.53,30516.9,NEGATIVE,NEUTRAL,20.16,0.758,10.32,15.3,15.29,18.79,28166.3,683.0,-2157.7000000000007,-7.115486083630131,-47201.22,49371.399999999994,1163389.69,44905.97,90055.5,0.12288,162.28,91,,
2026-05-28T15:58:19 ET,2026-05-28T15:55:00 ET,2026-05-28,Thu,1558ET,2026-05-28,30324.0,735.53,30516.9,NEGATIVE,NEUTRAL,20.16,0.758,10.32,15.3,15.29,18.79,28199.55,684.0,-2124.4500000000007,-7.005836960823113,-581309.14,592099.1,3876452.3200000003,4249160.35,-763733.24,-2.588632,874.64,439,,
2026-05-28T15:58:19 ET,2026-05-28T15:55:00 ET,2026-05-28,Thu,1558ET,2026-05-29,30324.0,735.53,30516.9,NEGATIVE,NEUTRAL,20.16,0.758,10.32,15.3,15.29,18.79,28206.84,684.0,-2117.16,-6.9817965967550455,-447279.9,849975.62,5191260.13,3047280.68,19526579.05,35.314298,1444.48,1182,,
2026-05-28T15:58:19 ET,2026-05-28T15:55:00 ET,2026-05-28,Thu,1558ET,2026-06-01,30324.0,735.53,30516.9,NEGATIVE,NEUTRAL,20.16,0.758,10.32,15.3,15.29,18.79,28207.54,684.0,-2116.459999999999,-6.979488194169632,-175633.87,176759.72999999998,4313975.970000001,157574.94999999998,-127859.67000000001,-0.18101899999999999,571.6,314,,
2026-05-28T15:58:19 ET,2026-05-28T15:55:00 ET,2026-05-28,Thu,1558ET,2026-05-28,30324.0,735.53,30516.9,NEGATIVE,NEUTRAL,20.16,0.758,10.32,15.3,15.29,18.79,28240.78,685.0,-2083.220000000001,-6.869872048542412,-2707180.6799999997,2781422.66,18356513.279999997,19569914.169999998,-2678840.46,-8.924979,3961.7599999999998,2098,,
2026-05-28T15:58:19 ET,2026-05-28T15:55:00 ET,2026-05-28,Thu,1558ET,2026-05-29,30324.0,735.53,30516.9,NEGATIVE,NEUTRAL,20.16,0.758,10.32,15.3,15.29,18.79,28248.08,685.0,-2075.9199999999983,-6.845798707294547,-6641384.5,21656376.84,77562338.46999998,76088486.32,743713978.41,1341.060379,35847.18,30205,,
2026-05-28T15:58:19 ET,2026-05-28T15:55:00 ET,2026-05-28,Thu,1558ET,2026-06-01,30324.0,735.53,30516.9,NEGATIVE,NEUTRAL,20.16,0.758,10.32,15.3,15.29,18.79,28248.77,685.0,-2075.2299999999996,-6.843523281888932,-119983.54000000001,192558.96,2935701.11,168179.76,4342565.39,6.39219,612.63,329,,
2026-05-28T15:58:19 ET,2026-05-28T15:55:00 ET,2026-05-28,Thu,1558ET,2026-05-28,30324.0,735.53,30516.9,NEGATIVE,NEUTRAL,20.16,0.758,10.32,15.3,15.29,18.79,28282.01,686.0,-2041.9900000000016,-6.733907136261712,-1726217.24,1731420.5999999999,11903339.08,11938722.55,-2663047.91,-8.705672,2376.7000000000003,1331,,
2026-05-28T15:58:19 ET,2026-05-28T15:55:00 ET,2026-05-28,Thu,1558ET,2026-05-29,30324.0,735.53,30516.9,NEGATIVE,NEUTRAL,20.16,0.758,10.32,15.3,15.29,18.79,28289.31,686.0,-2034.6899999999987,-6.7098337950138465,-6634305.63,6837535.350000001,77943185.27,23533396.25,2402075.3899999997,4.323057,11022.17,9555,,
2026-05-28T15:58:19 ET,2026-05-28T15:55:00 ET,2026-05-28,Thu,1558ET,2026-06-01,30324.0,735.53,30516.9,NEGATIVE,NEUTRAL,20.16,0.758,10.32,15.3,15.29,18.79,28290.01,686.0,-2033.9900000000016,-6.707525392428444,-524441.26,535417.94,12776811.68,457966.14999999997,67312.30999999994,0.10323499999999997,1676.01,878,,
2026-05-28T15:58:19 ET,2026-05-28T15:55:00 ET,2026-05-28,Thu,1558ET,2026-05-28,30324.0,735.53,30516.9,NEGATIVE,NEUTRAL,20.16,0.758,10.32,15.3,15.29,18.79,28323.23,687.0,-2000.7700000000004,-6.597975201160798,-1063817.63,1089298.29,7460962.930000001,7357814.909999999,-947605.3200000001,-3.0339400000000003,1440.22,855,,
2026-05-28T15:58:19 ET,2026-05-28T15:55:00 ET,2026-05-28,Thu,1558ET,2026-05-29,30324.0,735.53,30516.9,NEGATIVE,NEUTRAL,20.16,0.758,10.32,15.3,15.29,18.79,28330.55,687.0,-1993.4500000000007,-6.573835905553358,-276008.73,975326.1699999999,3261208.76,3287036.2199999997,34846041.18,62.664904,1530.92,1364,,
2026-05-28T15:58:19 ET,2026-05-28T15:55:00 ET,2026-05-28,Thu,1558ET,2026-06-01,30324.0,735.53,30516.9,NEGATIVE,NEUTRAL,20.16,0.758,10.32,15.3,15.29,18.79,28331.25,687.0,-1992.75,-6.571527502967946,-117161.27000000002,159186.51,2840867.5799999996,133288.97,2252039.2600000002,3.606431,490.28999999999996,250,,
2026-05-28T15:58:19 ET,2026-05-28T15:55:00 ET,2026-05-28,Thu,1558ET,2026-05-28,30324.0,735.53,30516.9,NEGATIVE,NEUTRAL,20.16,0.758,10.32,15.3,15.29,18.79,28364.46,688.0,-1959.5400000000009,-6.462010288880098,-2084714.4100000001,2094677.21,14872412.03,13853903.48,-2784743.42,-8.715155000000001,2666.04,1682,,
2026-05-28T15:58:19 ET,2026-05-28T15:55:00 ET,2026-05-28,Thu,1558ET,2026-05-29,30324.0,735.53,30516.9,NEGATIVE,NEUTRAL,20.16,0.758,10.32,15.3,15.29,18.79,28371.79,688.0,-1952.2099999999991,-6.4378380160928605,-2894664.6,3465584.6,34387478.81,11431703.940000001,25507944.29,45.89689,5296.07,4844,,
2026-05-28T15:58:19 ET,2026-05-28T15:55:00 ET,2026-05-28,Thu,1558ET,2026-06-01,30324.0,735.53,30516.9,NEGATIVE,NEUTRAL,20.16,0.758,10.32,15.3,15.29,18.79,28372.49,688.0,-1951.5099999999984,-6.435529613507447,-235215.24,237880.56,5673746.82,194896.37,-110724.13,-0.18555299999999997,720.92,357,,
2026-05-28T15:58:19 ET,2026-05-28T15:55:00 ET,2026-05-28,Thu,1558ET,2026-05-28,30324.0,735.53,30516.9,NEGATIVE,NEUTRAL,20.16,0.758,10.32,15.3,15.29,18.79,28405.69,689.0,-1918.3100000000013,-6.326045376599397,-2585163.62,2592452.62,18762093.63,16780987.39,-3401564.48,-10.3847,3174.4900000000002,2134,,
2026-05-28T15:58:19 ET,2026-05-28T15:55:00 ET,2026-05-28,Thu,1558ET,2026-05-29,30324.0,735.53,30516.9,NEGATIVE,NEUTRAL,20.16,0.758,10.32,15.3,15.29,18.79,28413.03,689.0,-1910.9700000000012,-6.301840126632374,-576376.4000000001,1558510.3,6882044.67,5029517.36,48699360.25,87.802892,2318.4700000000003,2174,,
2026-05-28T15:58:19 ET,2026-05-28T15:55:00 ET,2026-05-28,Thu,1558ET,2026-06-01,30324.0,735.53,30516.9,NEGATIVE,NEUTRAL,20.16,0.758,10.32,15.3,15.29,18.79,28413.73,689.0,-1910.2700000000004,-6.299531724046961,-64295.03,76874.48999999999,1542076.04,61600.62,579450.46,1.018453,229.26,110,,
2026-05-28T15:58:19 ET,2026-05-28T15:55:00 ET,2026-05-28,Thu,1558ET,2026-05-28,30324.0,735.53,30516.9,NEGATIVE,NEUTRAL,20.16,0.758,10.32,15.3,15.29,18.79,28446.92,690.0,-1877.0800000000017,-6.190080464318697,-3477861.31,3655242.8699999996,25681080.25,23145417.77,665626.1600000001,1.9780919999999984,4303.64,3091,,
2026-05-28T15:58:19 ET,2026-05-28T15:55:00 ET,2026-05-28,Thu,1558ET,2026-05-29,30324.0,735.53,30516.9,NEGATIVE,NEUTRAL,20.16,0.758,10.32,15.3,15.29,18.79,28454.27,690.0,-1869.7299999999996,-6.1658422371718755,-6639039.42,13578119.979999999,79648500.78,42848172.0,340456006.18,616.085738,19660.329999999998,18871,,
2026-05-28T15:58:19 ET,2026-05-28T15:55:00 ET,2026-05-28,Thu,1558ET,2026-06-01,30324.0,735.53,30516.9,NEGATIVE,NEUTRAL,20.16,0.758,10.32,15.3,15.29,18.79,28454.97,690.0,-1869.0299999999988,-6.163533834586462,-553923.67,739054.67,13203159.219999999,578934.98,8482249.66,15.672023000000001,2168.88,1006,,
2026-05-28T15:58:19 ET,2026-05-28T15:55:00 ET,2026-05-28,Thu,1558ET,2026-05-28,30324.0,735.53,30516.9,NEGATIVE,NEUTRAL,20.16,0.758,10.32,15.3,15.29,18.79,28488.14,691.0,-1835.8600000000006,-6.054148529217783,-499624.74,577727.0,3754046.4400000004,3576805.32,1773163.77,5.118024,653.63,503,,
2026-05-28T15:58:19 ET,2026-05-28T15:55:00 ET,2026-05-28,Thu,1558ET,2026-05-29,30324.0,735.53,30516.9,NEGATIVE,NEUTRAL,20.16,0.758,10.32,15.3,15.29,18.79,28495.5,691.0,-1828.5,-6.029877324891175,-147593.63999999996,807424.06,1778447.19,2490320.14,32716643.56,59.530792,1137.78,1116,,
2026-05-28T15:58:19 ET,2026-05-28T15:55:00 ET,2026-05-28,Thu,1558ET,2026-06-01,30324.0,735.53,30516.9,NEGATIVE,NEUTRAL,20.16,0.758,10.32,15.3,15.29,18.79,28496.21,691.0,-1827.7900000000009,-6.027535945125976,-46443.26,46443.26,1099548.93,35547.53,-48688.29,-0.094783,134.13,60,,
2026-05-28T15:58:19 ET,2026-05-28T15:55:00 ET,2026-05-28,Thu,1558ET,2026-05-28,30324.0,735.53,30516.9,NEGATIVE,NEUTRAL,20.16,0.758,10.32,15.3,15.29,18.79,28529.37,692.0,-1794.630000000001,-5.918183616937083,-2008945.35,2158085.89,15361103.62,13056826.920000002,2350525.8299999996,6.574379,2344.78,1939,,
2026-05-28T15:58:19 ET,2026-05-28T15:55:00 ET,2026-05-28,Thu,1558ET,2026-05-29,30324.0,735.53,30516.9,NEGATIVE,NEUTRAL,20.16,0.758,10.32,15.3,15.29,18.79,28536.74,692.0,-1787.2599999999984,-5.8938794354306765,-6802837.09,7687818.25,82298392.45,23162882.0,37106797.88,68.03059200000001,10541.84,10546,,
2026-05-28T15:58:19 ET,2026-05-28T15:55:00 ET,2026-05-28,Thu,1558ET,2026-06-01,30324.0,735.53,30516.9,NEGATIVE,NEUTRAL,20.16,0.758,10.32,15.3,15.29,18.79,28537.45,692.0,-1786.5499999999993,-5.891538055665477,-70303.63,89923.25,1652289.35,67214.88,789085.59,1.6223290000000001,255.6,110,,
2026-05-28T15:58:19 ET,2026-05-28T15:55:00 ET,2026-05-28,Thu,1558ET,2026-05-28,30324.0,735.53,30516.9,NEGATIVE,NEUTRAL,20.16,0.758,10.32,15.3,15.29,18.79,28570.6,693.0,-1753.4000000000015,-5.782218704656382,-1543980.69,2064737.9500000002,12015311.19,12200919.82,15463213.129999999,41.810806,2152.99,1919,,
2026-05-28T15:58:19 ET,2026-05-28T15:55:00 ET,2026-05-28,Thu,1558ET,2026-05-29,30324.0,735.53,30516.9,NEGATIVE,NEUTRAL,20.16,0.758,10.32,15.3,15.29,18.79,28577.98,693.0,-1746.0200000000004,-5.75788154597019,-678001.21,1661507.85,8231382.88,4887566.4399999995,47541616.41,88.019766,2216.8,2257,,
2026-05-28T15:58:19 ET,2026-05-28T15:55:00 ET,2026-05-28,Thu,1558ET,2026-06-01,30324.0,735.53,30516.9,NEGATIVE,NEUTRAL,20.16,0.758,10.32,15.3,15.29,18.79,28578.69,693.0,-1745.3100000000013,-5.755540166204991,-144519.78,156635.19999999998,3369704.9099999997,114275.20999999999,353732.48,0.769877,438.22999999999996,181,,
2026-05-28T15:58:19 ET,2026-05-28T15:55:00 ET,2026-05-28,Thu,1558ET,2026-05-28,30324.0,735.53,30516.9,NEGATIVE,NEUTRAL,20.16,0.758,10.32,15.3,15.29,18.79,28611.83,694.0,-1712.1699999999983,-5.646253792375671,-659896.4099999999,927590.23,5226893.64,5350498.029999999,8494514.34,22.149097,927.67,894,,
2026-05-28T15:58:19 ET,2026-05-28T15:55:00 ET,2026-05-28,Thu,1558ET,2026-05-29,30324.0,735.53,30516.9,NEGATIVE,NEUTRAL,20.16,0.758,10.32,15.3,15.29,18.79,28619.22,694.0,-1704.7799999999988,-5.6218836565096915,-62601.03000000003,1548630.27,762364.9600000009,4445212.33,71884584.58999999,134.732819,2010.2,2078,,
2026-05-28T15:58:19 ET,2026-05-28T15:55:00 ET,2026-05-28,Thu,1558ET,2026-06-01,30324.0,735.53,30516.9,NEGATIVE,NEUTRAL,20.16,0.758,10.32,15.3,15.29,18.79,28619.93,694.0,-1704.0699999999997,-5.619542276744492,-103764.76,133149.47999999998,2398816.71,94759.41,1040911.0700000001,2.4039230000000003,366.69,145,,
2026-05-28T15:58:19 ET,2026-05-28T15:55:00 ET,2026-05-28,Thu,1558ET,2026-05-28,30324.0,735.53,30516.9,NEGATIVE,NEUTRAL,20.16,0.758,10.32,15.3,15.29,18.79,28653.05,695.0,-1670.9500000000007,-5.510321857274769,-2269542.08,2578934.3600000003,18298332.619999997,14512054.540000001,8786959.329999998,22.038662000000002,2472.02,2584,,
2026-05-28T15:58:19 ET,2026-05-28T15:55:00 ET,2026-05-28,Thu,1558ET,2026-05-29,30324.0,735.53,30516.9,NEGATIVE,NEUTRAL,20.16,0.758,10.32,15.3,15.29,18.79,28660.46,695.0,-1663.5400000000009,-5.485885767049205,-11458819.440000001,29894907.76,139907890.76999998,83683194.74000001,869227726.9,1653.79719,37750.270000000004,39517,,
2026-05-28T15:58:19 ET,2026-05-28T15:55:00 ET,2026-05-28,Thu,1558ET,2026-06-01,30324.0,735.53,30516.9,NEGATIVE,NEUTRAL,20.16,0.758,10.32,15.3,15.29,18.79,28661.17,695.0,-1662.8300000000017,-5.483544387284005,-389705.44999999995,678810.25,8926436.16,470966.62,10197390.61,25.048866,1840.35,695,,
2026-05-28T15:58:19 ET,2026-05-28T15:55:00 ET,2026-05-28,Thu,1558ET,2026-05-28,30324.0,735.53,30516.9,NEGATIVE,NEUTRAL,20.16,0.758,10.32,15.3,15.29,18.79,28694.28,696.0,-1629.7200000000012,-5.374356944994068,-7957097.029999999,8031784.59,65306697.37,44063498.65,-4825369.2700000005,-11.611358000000001,7373.97,8388,,
2026-05-28T15:58:19 ET,2026-05-28T15:55:00 ET,2026-05-28,Thu,1558ET,2026-05-29,30324.0,735.53,30516.9,NEGATIVE,NEUTRAL,20.16,0.758,10.32,15.3,15.29,18.79,28701.69,696.0,-1622.3100000000013,-5.349920854768504,-3868801.6,4685231.96,47332985.21,12781956.639999999,34895361.64,67.595286,5755.09,6083,,
2026-05-28T15:58:19 ET,2026-05-28T15:55:00 ET,2026-05-28,Thu,1558ET,2026-06-01,30324.0,735.53,30516.9,NEGATIVE,NEUTRAL,20.16,0.758,10.32,15.3,15.29,18.79,28702.4,696.0,-1621.5999999999985,-5.347579475003293,-332182.29000000004,465471.73,7533714.690000001,314643.95,4239703.54,11.103418,1242.44,447,,
2026-05-28T15:58:19 ET,2026-05-28T15:55:00 ET,2026-05-28,Thu,1558ET,2026-05-28,30324.0,735.53,30516.9,NEGATIVE,NEUTRAL,20.16,0.758,10.32,15.3,15.29,18.79,28735.51,697.0,-1588.4900000000016,-5.238392032713367,-377499.99,511274.25,3154037.42,2732835.56,4906836.63,11.298483,449.28,558,,
2026-05-28T15:58:19 ET,2026-05-28T15:55:00 ET,2026-05-28,Thu,1558ET,2026-05-29,30324.0,735.53,30516.9,NEGATIVE,NEUTRAL,20.16,0.758,10.32,15.3,15.29,18.79,28742.93,697.0,-1581.0699999999997,-5.213922965308006,-1289423.97,2508830.3899999997,15798412.73,6666192.7299999995,54866967.019999996,108.558333,2997.5299999999997,3189,,
2026-05-28T15:58:19 ET,2026-05-28T15:55:00 ET,2026-05-28,Thu,1558ET,2026-06-01,30324.0,735.53,30516.9,NEGATIVE,NEUTRAL,20.16,0.758,10.32,15.3,15.29,18.79,28743.64,697.0,-1580.3600000000006,-5.211581585542806,-192521.35,277097.21,4319991.6899999995,182370.15,2518600.7800000003,7.049001,728.26,249,,
2026-05-28T15:58:19 ET,2026-05-28T15:55:00 ET,2026-05-28,Thu,1558ET,2026-05-28,30324.0,735.53,30516.9,NEGATIVE,NEUTRAL,20.16,0.758,10.32,15.3,15.29,18.79,28776.74,698.0,-1547.2599999999984,-5.1024271204326554,-1605505.06,1701695.46,13655789.32,8855925.32,2592758.3200000003,5.697704,1430.26,1946,,
2026-05-28T15:58:19 ET,2026-05-28T15:55:00 ET,2026-05-28,Thu,1558ET,2026-05-29,30324.0,735.53,30516.9,NEGATIVE,NEUTRAL,20.16,0.758,10.32,15.3,15.29,18.79,28784.17,698.0,-1539.8300000000017,-5.077925075847519,-823320.29,1790983.71,10095815.06,4631681.54,42647732.980000004,86.491705,2081.3,2221,,
2026-05-28T15:58:19 ET,2026-05-28T15:55:00 ET,2026-05-28,Thu,1558ET,2026-06-01,30324.0,735.53,30516.9,NEGATIVE,NEUTRAL,20.16,0.758,10.32,15.3,15.29,18.79,28784.88,698.0,-1539.119999999999,-5.075583696082308,-207416.99,414833.99,4601319.25,265636.14999999997,5987432.65,17.950277,1073.6,348,,
2026-05-28T15:58:19 ET,2026-05-28T15:55:00 ET,2026-05-28,Thu,1558ET,2026-05-28,30324.0,735.53,30516.9,NEGATIVE,NEUTRAL,20.16,0.758,10.32,15.3,15.29,18.79,28817.96,699.0,-1506.0400000000009,-4.966495185331754,-922266.18,1008832.68,7985734.18,5107965.75,3012790.5100000002,6.302085,810.42,1212,,
2026-05-28T15:58:19 ET,2026-05-28T15:55:00 ET,2026-05-28,Thu,1558ET,2026-05-29,30324.0,735.53,30516.9,NEGATIVE,NEUTRAL,20.16,0.758,10.32,15.3,15.29,18.79,28825.41,699.0,-1498.5900000000001,-4.94192718638702,-80479.90999999992,3397579.8899999997,986999.9800000004,8545573.8,144277012.53,301.05673,3840.16,4095,,
2026-05-28T15:58:19 ET,2026-05-28T15:55:00 ET,2026-05-28,Thu,1558ET,2026-06-01,30324.0,735.53,30516.9,NEGATIVE,NEUTRAL,20.16,0.758,10.32,15.3,15.29,18.79,28826.12,699.0,-1497.880000000001,-4.939585806621821,-1066113.68,1250411.84,23362510.55,778459.73,4065774.3200000003,13.086913,3187.06,977,,
2026-05-28T15:58:19 ET,2026-05-28T15:55:00 ET,2026-05-28,Thu,1558ET,2026-05-28,30324.0,735.53,30516.9,NEGATIVE,NEUTRAL,20.16,0.758,10.32,15.3,15.29,18.79,28859.19,700.0,-1464.8100000000013,-4.830530273051052,-1665878.19,2497236.75,14683904.55,12292280.979999999,36795379.88,73.074315,1915.98,3160,,
2026-05-28T15:58:19 ET,2026-05-28T15:55:00 ET,2026-05-28,Thu,1558ET,2026-05-29,30324.0,735.53,30516.9,NEGATIVE,NEUTRAL,20.16,0.758,10.32,15.3,15.29,18.79,28866.65,700.0,-1457.3499999999985,-4.805929296926522,-9183615.610000001,36434456.31,112558525.32,89058384.5,1140535096.73,2458.703373,40051.56,42506,,
2026-05-28T15:58:19 ET,2026-05-28T15:55:00 ET,2026-05-28,Thu,1558ET,2026-06-01,30324.0,735.53,30516.9,NEGATIVE,NEUTRAL,20.16,0.758,10.32,15.3,15.29,18.79,28867.36,700.0,-1456.6399999999994,-4.803587917161323,-1060461.09,2448701.0700000003,22935725.22,1480982.6,34667365.5,120.077125,6147.43,1778,,
2026-05-28T15:58:19 ET,2026-05-28T15:55:00 ET,2026-05-28,Thu,1558ET,2026-05-28,30324.0,735.53,30516.9,NEGATIVE,NEUTRAL,20.16,0.758,10.32,15.3,15.29,18.79,28900.42,701.0,-1423.5800000000017,-4.694565360770353,-785843.6799999999,908584.98,7050933.46,4344411.63,5382839.449999999,10.124117,665.3,1214,,
2026-05-28T15:58:19 ET,2026-05-28T15:55:00 ET,2026-05-28,Thu,1558ET,2026-05-29,30324.0,735.53,30516.9,NEGATIVE,NEUTRAL,20.16,0.758,10.32,15.3,15.29,18.79,28907.88,701.0,-1416.119999999999,-4.669964384645821,603922.98,3507022.56,-7391506.739999998,8324141.71,167278510.55,374.185852,3749.5,3943,,
2026-05-28T15:58:19 ET,2026-05-28T15:55:00 ET,2026-05-28,Thu,1558ET,2026-06-01,30324.0,735.53,30516.9,NEGATIVE,NEUTRAL,20.16,0.758,10.32,15.3,15.29,18.79,28908.6,701.0,-1415.4000000000015,-4.667590027700836,-196056.46999999997,507964.49,4181217.4,298208.33999999997,7226674.220000001,26.994864999999997,1256.22,342,,
2026-05-28T15:58:19 ET,2026-05-28T15:55:00 ET,2026-05-28,Thu,1558ET,2026-05-28,30324.0,735.53,30516.9,NEGATIVE,NEUTRAL,20.16,0.758,10.32,15.3,15.29,18.79,28941.64,702.0,-1382.3600000000006,-4.558633425669439,-1075552.89,1229708.41,9822239.77,5706749.47,7191691.97,12.780047,858.7,1739,,
2026-05-28T15:58:19 ET,2026-05-28T15:55:00 ET,2026-05-28,Thu,1558ET,2026-05-29,30324.0,735.53,30516.9,NEGATIVE,NEUTRAL,20.16,0.758,10.32,15.3,15.29,18.79,28949.12,702.0,-1374.880000000001,-4.533966495185335,566549.0899999999,4238454.79,-6918289.66,9760532.34,187395391.06,437.00928700000003,4407.37,4571,,
2026-05-28T15:58:19 ET,2026-05-28T15:55:00 ET,2026-05-28,Thu,1558ET,2026-06-01,30324.0,735.53,30516.9,NEGATIVE,NEUTRAL,20.16,0.758,10.32,15.3,15.29,18.79,28949.84,702.0,-1374.1599999999999,-4.531592138240337,-447860.22,913378.02,9409067.440000001,520030.56999999995,9776633.68,39.469629999999995,2225.46,569,,
2026-05-28T15:58:19 ET,2026-05-28T15:55:00 ET,2026-05-28,Thu,1558ET,2026-05-28,30324.0,735.53,30516.9,NEGATIVE,NEUTRAL,20.16,0.758,10.32,15.3,15.29,18.79,28982.87,703.0,-1341.130000000001,-4.4226685133887385,-2212787.29,2292791.6500000004,20564776.09,10317610.39,2966355.3299999996,4.969977999999999,1525.7099999999998,3439,,
2026-05-28T15:58:19 ET,2026-05-28T15:55:00 ET,2026-05-28,Thu,1558ET,2026-05-29,30324.0,735.53,30516.9,NEGATIVE,NEUTRAL,20.16,0.758,10.32,15.3,15.29,18.79,28990.36,703.0,-1333.6399999999994,-4.397968605724836,-884073.97,3239013.87,10760971.89,7230158.06,86789502.68,212.055646,3275.96,3334,,
2026-05-28T15:58:19 ET,2026-05-28T15:55:00 ET,2026-05-28,Thu,1558ET,2026-06-01,30324.0,735.53,30516.9,NEGATIVE,NEUTRAL,20.16,0.758,10.32,15.3,15.29,18.79,28991.08,703.0,-1332.9199999999983,-4.3955942487798385,-801423.73,1215173.93,16569225.64,670354.88,7575303.449999999,33.120487999999995,2917.47,699,,
2026-05-28T15:58:19 ET,2026-05-28T15:55:00 ET,2026-05-28,Thu,1558ET,2026-05-28,30324.0,735.53,30516.9,NEGATIVE,NEUTRAL,20.16,0.758,10.32,15.3,15.29,18.79,29024.1,704.0,-1299.9000000000015,-4.286703601108038,-1020200.65,1101766.51,9646965.020000001,4803021.38,4127918.5100000002,6.508711,698.12,1756,,
2026-05-28T15:58:19 ET,2026-05-28T15:55:00 ET,2026-05-28,Thu,1558ET,2026-05-29,30324.0,735.53,30516.9,NEGATIVE,NEUTRAL,20.16,0.758,10.32,15.3,15.29,18.79,29031.6,704.0,-1292.4000000000015,-4.26197071626435,-4677411.52,8725506.02,56692832.99,18861394.990000002,139313720.35,358.52849499999996,8584.119999999999,8527,,
2026-05-28T15:58:19 ET,2026-05-28T15:55:00 ET,2026-05-28,Thu,1558ET,2026-06-01,30324.0,735.53,30516.9,NEGATIVE,NEUTRAL,20.16,0.758,10.32,15.3,15.29,18.79,29032.32,704.0,-1291.6800000000003,-4.259596359319352,-192412.94,852653.4199999999,3910535.37,455299.57,12045358.0,57.146448,2017.46,452,,
2026-05-28T15:58:19 ET,2026-05-28T15:55:00 ET,2026-05-28,Thu,1558ET,2026-05-28,30324.0,735.53,30516.9,NEGATIVE,NEUTRAL,20.16,0.758,10.32,15.3,15.29,18.79,29065.33,705.0,-1258.6699999999983,-4.150738688827325,-874407.6100000001,1657424.01,8410647.24,6992381.66,47917076.97,71.000585,999.26,2811,,
2026-05-28T15:58:19 ET,2026-05-28T15:55:00 ET,2026-05-28,Thu,1558ET,2026-05-29,30324.0,735.53,30516.9,NEGATIVE,NEUTRAL,20.16,0.758,10.32,15.3,15.29,18.79,29072.84,705.0,-1251.1599999999999,-4.125972826803851,-30594564.04,59327095.32,368848055.56000006,124061316.85000001,933927734.1,2545.733048,56777.409999999996,54738,,
2026-05-28T15:58:19 ET,2026-05-28T15:55:00 ET,2026-05-28,Thu,1558ET,2026-06-01,30324.0,735.53,30516.9,NEGATIVE,NEUTRAL,20.16,0.758,10.32,15.3,15.29,18.79,29073.56,705.0,-1250.4399999999987,-4.1235984698588535,-3810253.4499999997,7358013.65,76035073.07,3799143.83,56510768.88,291.45720800000004,17160.420000000002,3588,,
2026-05-28T15:58:19 ET,2026-05-28T15:55:00 ET,2026-05-28,Thu,1558ET,2026-05-28,30324.0,735.53,30516.9,NEGATIVE,NEUTRAL,20.16,0.758,10.32,15.3,15.29,18.79,29106.55,706.0,-1217.4500000000007,-4.014806753726424,-1265484.51,1375093.41,12377771.87,5608119.92,6564049.08,9.131692,788.2199999999999,2484,,
2026-05-28T15:58:19 ET,2026-05-28T15:55:00 ET,2026-05-28,Thu,1558ET,2026-05-29,30324.0,735.53,30516.9,NEGATIVE,NEUTRAL,20.16,0.758,10.32,15.3,15.29,18.79,29114.08,706.0,-1209.9199999999983,-3.9899749373433524,-1600443.41,4133901.4699999997,19169231.49,8353441.41,77888658.78,226.19695099999998,3849.0,3580,,
2026-05-28T15:58:19 ET,2026-05-28T15:55:00 ET,2026-05-28,Thu,1558ET,2026-06-01,30324.0,735.53,30516.9,NEGATIVE,NEUTRAL,20.16,0.758,10.32,15.3,15.29,18.79,29114.8,706.0,-1209.2000000000007,-3.987600580398367,-285849.86,1112134.6,5593968.410000001,554617.77,12531227.67,70.381264,2557.02,498,,
2026-05-28T15:58:19 ET,2026-05-28T15:55:00 ET,2026-05-28,Thu,1558ET,2026-05-28,30324.0,735.53,30516.9,NEGATIVE,NEUTRAL,20.16,0.758,10.32,15.3,15.29,18.79,29147.78,707.0,-1176.2200000000012,-3.878841841445723,-654707.55,919708.23,6509208.9399999995,3621793.4299999997,18305925.27,23.903820999999997,500.86,1770,,
2026-05-28T15:58:19 ET,2026-05-28T15:55:00 ET,2026-05-28,Thu,1558ET,2026-05-29,30324.0,735.53,30516.9,NEGATIVE,NEUTRAL,20.16,0.758,10.32,15.3,15.29,18.79,29155.31,707.0,-1168.6899999999987,-3.854010025062652,-1614071.0099999998,3683646.71,19181578.64,7184458.18,59050501.65,183.824784,3337.26,2976,,
2026-05-28T15:58:19 ET,2026-05-28T15:55:00 ET,2026-05-28,Thu,1558ET,2026-06-01,30324.0,735.53,30516.9,NEGATIVE,NEUTRAL,20.16,0.758,10.32,15.3,15.29,18.79,29156.03,707.0,-1167.9700000000012,-3.8516356681176664,-604063.8799999999,1193513.3,11577508.680000002,574184.28,7745399.850000001,47.447186,2705.77,490,,
2026-05-28T15:58:19 ET,2026-05-28T15:55:00 ET,2026-05-28,Thu,1558ET,2026-05-28,30324.0,735.53,30516.9,NEGATIVE,NEUTRAL,20.16,0.758,10.32,15.3,15.29,18.79,29189.01,708.0,-1134.9900000000016,-3.742876929165023,-543638.39,784713.2100000001,5491245.76,2980110.7600000002,17807657.53,21.838889,405.7,1608,,
2026-05-28T15:58:19 ET,2026-05-28T15:55:00 ET,2026-05-28,Thu,1558ET,2026-05-29,30324.0,735.53,30516.9,NEGATIVE,NEUTRAL,20.16,0.758,10.32,15.3,15.29,18.79,29196.55,708.0,-1127.4500000000007,-3.718012135602166,-323134.6900000002,3741419.0300000003,3804785.6400000006,7034206.41,91709933.67999999,307.978236,3298.74,2802,,
2026-05-28T15:58:19 ET,2026-05-28T15:55:00 ET,2026-05-28,Thu,1558ET,2026-06-01,30324.0,735.53,30516.9,NEGATIVE,NEUTRAL,20.16,0.758,10.32,15.3,15.29,18.79,29197.27,708.0,-1126.7299999999996,-3.715637778657168,-561345.69,2306572.09,10522095.279999997,1069095.9500000002,21887783.62,146.448575,5157.02,867,,
2026-05-28T15:58:19 ET,2026-05-28T15:55:00 ET,2026-05-28,Thu,1558ET,2026-05-28,30324.0,735.53,30516.9,NEGATIVE,NEUTRAL,20.16,0.758,10.32,15.3,15.29,18.79,29230.24,709.0,-1093.7599999999984,-3.6069120168843107,-806124.09,974143.13,8267615.500000001,3562967.02,13041531.92,15.045437999999999,477.78,2122,,
2026-05-28T15:58:19 ET,2026-05-28T15:55:00 ET,2026-05-28,Thu,1558ET,2026-05-29,30324.0,735.53,30516.9,NEGATIVE,NEUTRAL,20.16,0.758,10.32,15.3,15.29,18.79,29237.79,709.0,-1086.2099999999991,-3.5820142461416666,-278376.73,6678141.710000001,3242638.410000004,12086711.58,158060348.81,576.354994,5731.26,4606,,
2026-05-28T15:58:19 ET,2026-05-28T15:55:00 ET,2026-05-28,Thu,1558ET,2026-06-01,30324.0,735.53,30516.9,NEGATIVE,NEUTRAL,20.16,0.758,10.32,15.3,15.29,18.79,29238.51,709.0,-1085.4900000000016,-3.5796398891966814,-311304.11999999994,997918.8,5698266.9799999995,445005.93000000005,7708563.66,56.40401,2200.81,343,,
2026-05-28T15:58:19 ET,2026-05-28T15:55:00 ET,2026-05-28,Thu,1558ET,2026-05-28,30324.0,735.53,30516.9,NEGATIVE,NEUTRAL,20.16,0.758,10.32,15.3,15.29,18.79,29271.46,710.0,-1052.5400000000009,-3.4709800817834084,-1094016.9,1489872.58,11384211.32,5240603.720000001,33013843.639999997,35.932348,692.74,3440,,
2026-05-28T15:58:19 ET,2026-05-28T15:55:00 ET,2026-05-28,Thu,1558ET,2026-05-29,30324.0,735.53,30516.9,NEGATIVE,NEUTRAL,20.16,0.758,10.32,15.3,15.29,18.79,29279.03,710.0,-1044.9700000000012,-3.446016356681181,-20283537.39,50678730.41,233347639.11,88169301.39,673564181.53,2684.8251259999997,42345.229999999996,31976,,
2026-05-28T15:58:19 ET,2026-05-28T15:55:00 ET,2026-05-28,Thu,1558ET,2026-06-01,30324.0,735.53,30516.9,NEGATIVE,NEUTRAL,20.16,0.758,10.32,15.3,15.29,18.79,29279.75,710.0,-1044.25,-3.4436419997361827,-987341.9100000001,5796652.51,17620194.990000002,2483226.59,49868328.07,399.453393,12612.67,1820,,
2026-05-28T15:58:19 ET,2026-05-28T15:55:00 ET,2026-05-28,Thu,1558ET,2026-05-28,30324.0,735.53,30516.9,NEGATIVE,NEUTRAL,20.16,0.758,10.32,15.3,15.29,18.79,29312.69,711.0,-1011.3100000000013,-3.3350151695027086,-440393.98999999993,932912.8899999999,4645580.869999999,3150957.2800000003,43779894.410000004,45.155972,410.95000000000005,2273,,
2026-05-28T15:58:19 ET,2026-05-28T15:55:00 ET,2026-05-28,Thu,1558ET,2026-05-29,30324.0,735.53,30516.9,NEGATIVE,NEUTRAL,20.16,0.758,10.32,15.3,15.29,18.79,29320.27,711.0,-1003.7299999999996,-3.3100184672206816,4036307.2200000007,12988048.22,-45777066.96,21686468.36,350882810.12,1539.282673,10568.73,7446,,
2026-05-28T15:58:19 ET,2026-05-28T15:55:00 ET,2026-05-28,Thu,1558ET,2026-06-01,30324.0,735.53,30516.9,NEGATIVE,NEUTRAL,20.16,0.758,10.32,15.3,15.29,18.79,29320.99,711.0,-1003.0099999999984,-3.3076441102756844,-76770.18000000005,1633111.1800000002,1333421.42,670991.86,14797505.92,129.86551699999998,3506.58,468,,
2026-05-28T15:58:19 ET,2026-05-28T15:55:00 ET,2026-05-28,Thu,1558ET,2026-05-28,30324.0,735.53,30516.9,NEGATIVE,NEUTRAL,20.16,0.758,10.32,15.3,15.29,18.79,29353.92,712.0,-970.0800000000017,-3.199050257222008,-776188.96,1055663.96,8291452.879999999,3417957.61,25885280.26,25.462231000000003,440.28,2697,,
2026-05-28T15:58:19 ET,2026-05-28T15:55:00 ET,2026-05-28,Thu,1558ET,2026-05-29,30324.0,735.53,30516.9,NEGATIVE,NEUTRAL,20.16,0.758,10.32,15.3,15.29,18.79,29361.5,712.0,-962.5,-3.1740535549399818,813742.29,6392032.67,-9080133.129999999,10225712.23,133201395.03,647.513745,5066.98,3307,,
2026-05-28T15:58:19 ET,2026-05-28T15:55:00 ET,2026-05-28,Thu,1558ET,2026-06-01,30324.0,735.53,30516.9,NEGATIVE,NEUTRAL,20.16,0.758,10.32,15.3,15.29,18.79,29362.23,712.0,-961.7700000000004,-3.1716462208151976,-3339698.77,4579174.61,56351005.370000005,1801293.48,7393979.54,71.138831,9704.87,1197,,
2026-05-28T15:58:19 ET,2026-05-28T15:55:00 ET,2026-05-28,Thu,1558ET,2026-05-28,30324.0,735.53,30516.9,NEGATIVE,NEUTRAL,20.16,0.758,10.32,15.3,15.29,18.79,29395.15,713.0,-928.8499999999985,-3.0630853449412956,-439003.16,612947.8,4743002.53,1898940.29,16787636.2,15.883912,241.9,1628,,
2026-05-28T15:58:19 ET,2026-05-28T15:55:00 ET,2026-05-28,Thu,1558ET,2026-05-29,30324.0,735.53,30516.9,NEGATIVE,NEUTRAL,20.16,0.758,10.32,15.3,15.29,18.79,29402.74,713.0,-921.2599999999984,-3.038055665479483,1326207.06,6195435.58,-14528312.440000001,9478225.61,124539872.86000001,675.429562,4785.889999999999,2873,,
2026-05-28T15:58:19 ET,2026-05-28T15:55:00 ET,2026-05-28,Thu,1558ET,2026-06-01,30324.0,735.53,30516.9,NEGATIVE,NEUTRAL,20.16,0.758,10.32,15.3,15.29,18.79,29403.47,713.0,-920.5299999999988,-3.035648331354699,-448901.8400000001,2580136.7199999997,7343232.460000001,969840.72,16110939.87,169.990209,5398.610000000001,615,,
2026-05-28T15:58:19 ET,2026-05-28T15:55:00 ET,2026-05-28,Thu,1558ET,2026-05-28,30324.0,735.53,30516.9,NEGATIVE,NEUTRAL,20.16,0.758,10.32,15.3,15.29,18.79,29436.37,714.0,-887.630000000001,-2.927153409840394,-607942.35,746377.41,6633263.7,2208150.87,13669496.520000001,12.580724,278.59999999999997,2038,,
2026-05-28T15:58:19 ET,2026-05-28T15:55:00 ET,2026-05-28,Thu,1558ET,2026-05-29,30324.0,735.53,30516.9,NEGATIVE,NEUTRAL,20.16,0.758,10.32,15.3,15.29,18.79,29443.98,714.0,-880.0200000000004,-2.9020577760189963,-10012235.25,15548754.309999999,107423697.64,22702199.529999997,74844075.49,455.883033,11709.380000000001,6420,,
2026-05-28T15:58:19 ET,2026-05-28T15:55:00 ET,2026-05-28,Thu,1558ET,2026-06-01,30324.0,735.53,30516.9,NEGATIVE,NEUTRAL,20.16,0.758,10.32,15.3,15.29,18.79,29444.71,714.0,-879.2900000000009,-2.899650441894212,-1127312.57,2820582.0700000003,17838962.03,1010981.29,10697618.0,123.794337,5828.03,613,,
2026-05-28T15:58:19 ET,2026-05-28T15:55:00 ET,2026-05-28,Thu,1558ET,2026-05-28,30324.0,735.53,30516.9,NEGATIVE,NEUTRAL,20.16,0.758,10.32,15.3,15.29,18.79,29477.6,715.0,-846.4000000000015,-2.7911884975596934,-1008154.6499999999,1691098.1099999999,11089429.22,4767329.0,69013889.67,62.669796,596.76,4680,,
2026-05-28T15:58:19 ET,2026-05-28T15:55:00 ET,2026-05-28,Thu,1558ET,2026-05-29,30324.0,735.53,30516.9,NEGATIVE,NEUTRAL,20.16,0.758,10.32,15.3,15.29,18.79,29485.22,715.0,-838.7799999999988,-2.7660598865584975,-11150523.32,40848749.92,116867772.01999998,56793613.75,374843205.69,2580.868703,30001.94,14921,,
2026-05-28T15:58:19 ET,2026-05-28T15:55:00 ET,2026-05-28,Thu,1558ET,2026-06-01,30324.0,735.53,30516.9,NEGATIVE,NEUTRAL,20.16,0.758,10.32,15.3,15.29,18.79,29485.95,715.0,-838.0499999999993,-2.7636525524337134,751776.3599999999,7896174.48,-11480661.049999997,2692551.95,55001571.96,697.9317000000001,16115.87,1565,,
2026-05-28T15:58:19 ET,2026-05-28T15:55:00 ET,2026-05-28,Thu,1558ET,2026-05-28,30324.0,735.53,30516.9,NEGATIVE,NEUTRAL,20.16,0.758,10.32,15.3,15.29,18.79,29518.83,716.0,-805.1699999999983,-2.655223585278981,-983458.73,1128618.69,10883146.49,3024467.41,14400727.28,13.133187,376.41999999999996,3110,,
2026-05-28T15:58:19 ET,2026-05-28T15:55:00 ET,2026-05-28,Thu,1558ET,2026-05-29,30324.0,735.53,30516.9,NEGATIVE,NEUTRAL,20.16,0.758,10.32,15.3,15.29,18.79,29526.46,716.0,-797.5400000000009,-2.630061997098011,-1995770.6700000004,7369717.890000001,20374693.81,9733140.34,59150431.8,463.175899,5281.51,2367,,
2026-05-28T15:58:19 ET,2026-05-28T15:55:00 ET,2026-05-28,Thu,1558ET,2026-06-01,30324.0,735.53,30516.9,NEGATIVE,NEUTRAL,20.16,0.758,10.32,15.3,15.29,18.79,29527.19,716.0,-796.8100000000013,-2.6276546629732267,3975933.67,8963822.65,-58443735.019999996,2900520.32,76819842.44999999,1068.363594,18075.84,1621,,
2026-05-28T15:58:19 ET,2026-05-28T15:55:00 ET,2026-05-28,Thu,1558ET,2026-05-28,30324.0,735.53,30516.9,NEGATIVE,NEUTRAL,20.16,0.758,10.32,15.3,15.29,18.79,29560.06,717.0,-763.9399999999987,-2.519258672998281,-404085.42,872601.06,4487702.109999999,2216985.01,46039091.75,43.089258,275.02,2343,,
2026-05-28T15:58:19 ET,2026-05-28T15:55:00 ET,2026-05-28,Thu,1558ET,2026-05-29,30324.0,735.53,30516.9,NEGATIVE,NEUTRAL,20.16,0.758,10.32,15.3,15.29,18.79,29567.69,717.0,-756.3100000000013,-2.494097084817311,-3101683.5700000003,9226707.39,30745296.49,11543810.49,57856606.84,518.164579,6455.3,2591,,
2026-05-28T15:58:19 ET,2026-05-28T15:55:00 ET,2026-05-28,Thu,1558ET,2026-06-01,30324.0,735.53,30516.9,NEGATIVE,NEUTRAL,20.16,0.758,10.32,15.3,15.29,18.79,29568.43,717.0,-755.5699999999997,-2.4916567735127284,4886960.41,9295519.49,-68947003.16,2846183.8,76417579.94,1163.841914,18525.33,1535,,
2026-05-28T15:58:19 ET,2026-05-28T15:55:00 ET,2026-05-28,Thu,1558ET,2026-05-28,30324.0,735.53,30516.9,NEGATIVE,NEUTRAL,20.16,0.758,10.32,15.3,15.29,18.79,29601.28,718.0,-722.7200000000012,-2.383326737897379,-794687.94,1110837.24,8831708.270000001,2667873.4299999997,29370420.08,28.951173999999998,330.84,2832,,
2026-05-28T15:58:19 ET,2026-05-28T15:55:00 ET,2026-05-28,Thu,1558ET,2026-05-29,30324.0,735.53,30516.9,NEGATIVE,NEUTRAL,20.16,0.758,10.32,15.3,15.29,18.79,29608.93,718.0,-715.0699999999997,-2.3580991953568122,-5661483.870000001,14773893.91,54297782.28999999,17457547.83,73220387.58,753.833694,10096.54,3609,,
2026-05-28T15:58:19 ET,2026-05-28T15:55:00 ET,2026-05-28,Thu,1558ET,2026-06-01,30324.0,735.53,30516.9,NEGATIVE,NEUTRAL,20.16,0.758,10.32,15.3,15.29,18.79,29609.66,718.0,-714.3400000000001,-2.355691861232028,-10956205.850000001,15553307.95,147891639.11999997,4492085.2,9045912.879999999,150.69974200000001,30642.55,2348,,
2026-05-28T15:58:19 ET,2026-05-28T15:55:00 ET,2026-05-28,Thu,1558ET,2026-05-28,30324.0,735.53,30516.9,NEGATIVE,NEUTRAL,20.16,0.758,10.32,15.3,15.29,18.79,29642.51,719.0,-681.4900000000016,-2.2473618256166787,-2478806.51,2884274.51,27473071.08,6526665.67,34343500.65,36.75894400000001,811.87,6772,,
2026-05-28T15:58:19 ET,2026-05-28T15:55:00 ET,2026-05-28,Thu,1558ET,2026-05-29,30324.0,735.53,30516.9,NEGATIVE,NEUTRAL,20.16,0.758,10.32,15.3,15.29,18.79,29650.17,719.0,-673.8300000000017,-2.2221013058963255,-2240290.289999999,21334747.59,20707284.25,23729558.939999998,136042113.73000002,1617.0920919999999,14250.86,4514,,
2026-05-28T15:58:19 ET,2026-05-28T15:55:00 ET,2026-05-28,Thu,1558ET,2026-06-01,30324.0,735.53,30516.9,NEGATIVE,NEUTRAL,20.16,0.758,10.32,15.3,15.29,18.79,29650.9,719.0,-673.0999999999985,-2.2196939717715294,2257326.2899999996,9000365.07,-29051202.35,2443331.8,47511386.57,864.5156860000001,17534.75,1244,,
2026-05-28T15:58:19 ET,2026-05-28T15:55:00 ET,2026-05-28,Thu,1558ET,2026-05-28,30324.0,735.53,30516.9,NEGATIVE,NEUTRAL,20.16,0.758,10.32,15.3,15.29,18.79,29683.74,720.0,-640.2599999999984,-2.1113969133359665,-2684118.94,3731322.94,29548516.03,7925950.16,79571938.06,95.79435000000001,993.01,7789,,
2026-05-28T15:58:19 ET,2026-05-28T15:55:00 ET,2026-05-28,Thu,1558ET,2026-05-29,30324.0,735.53,30516.9,NEGATIVE,NEUTRAL,20.16,0.758,10.32,15.3,15.29,18.79,29691.41,720.0,-632.5900000000001,-2.086103416435827,-5563537.659999996,109573217.2,49343575.139999986,114277559.02,633730202.36,8727.646702,71585.23000000001,20010,,
2026-05-28T15:58:19 ET,2026-05-28T15:55:00 ET,2026-05-28,Thu,1558ET,2026-06-01,30324.0,735.53,30516.9,NEGATIVE,NEUTRAL,20.16,0.758,10.32,15.3,15.29,18.79,29692.14,720.0,-631.8600000000006,-2.0836960823110426,867659.4399999995,22937760.259999998,-10604939.930000007,5829489.0,85768682.2,1701.456195,44203.759999999995,2908,,
2026-05-28T15:58:19 ET,2026-05-28T15:55:00 ET,2026-05-28,Thu,1558ET,2026-05-28,30324.0,735.53,30516.9,NEGATIVE,NEUTRAL,20.16,0.758,10.32,15.3,15.29,18.79,29724.97,721.0,-599.0299999999988,-1.9754320010552657,-1031163.72,1568333.28,11221937.8,3114153.3299999996,34902006.120000005,49.180746,394.86,2797,,
2026-05-28T15:58:19 ET,2026-05-28T15:55:00 ET,2026-05-28,Thu,1558ET,2026-05-29,30324.0,735.53,30516.9,NEGATIVE,NEUTRAL,20.16,0.758,10.32,15.3,15.29,18.79,29732.65,721.0,-591.3499999999985,-1.9501055269753282,5240704.820000002,33352252.560000002,-44379679.35000001,32475112.15,203226659.83,3250.7127520000004,21326.620000000003,5244,,
2026-05-28T15:58:19 ET,2026-05-28T15:55:00 ET,2026-05-28,Thu,1558ET,2026-06-01,30324.0,735.53,30516.9,NEGATIVE,NEUTRAL,20.16,0.758,10.32,15.3,15.29,18.79,29733.38,721.0,-590.619999999999,-1.947698192850544,3603845.5500000003,11549466.93,-41649163.370000005,2735364.95,51975226.94,1121.627637,22022.89,1346,,
2026-05-28T15:58:19 ET,2026-05-28T15:55:00 ET,2026-05-28,Thu,1558ET,2026-05-28,30324.0,735.53,30516.9,NEGATIVE,NEUTRAL,20.16,0.758,10.32,15.3,15.29,18.79,29766.19,722.0,-557.8100000000013,-1.839500065954364,-2031461.6800000002,2488231.94,21732806.7,4596471.48,23990329.32,41.348392,593.19,3628,,
2026-05-28T15:58:19 ET,2026-05-28T15:55:00 ET,2026-05-28,Thu,1558ET,2026-05-29,30324.0,735.53,30516.9,NEGATIVE,NEUTRAL,20.16,0.758,10.32,15.3,15.29,18.79,29773.88,722.0,-550.119999999999,-1.814140614694628,-9504751.15,23735989.450000003,76421839.4,21470434.16,56392314.730000004,1049.042232,14866.8,3209,,
2026-05-28T15:58:19 ET,2026-05-28T15:55:00 ET,2026-05-28,Thu,1558ET,2026-06-01,30324.0,735.53,30516.9,NEGATIVE,NEUTRAL,20.16,0.758,10.32,15.3,15.29,18.79,29774.62,722.0,-549.380000000001,-1.8117003033900574,335166.78000000026,10781198.2,-3644347.4700000063,2367078.51,31524964.950000003,738.156606,20348.08,1158,,
2026-05-28T15:58:19 ET,2026-05-28T15:55:00 ET,2026-05-28,Thu,1558ET,2026-05-28,30324.0,735.53,30516.9,NEGATIVE,NEUTRAL,20.16,0.758,10.32,15.3,15.29,18.79,29807.42,723.0,-516.5800000000017,-1.7035351536736636,-1226012.79,2181141.83,12807913.18,3727758.57,39512975.809999995,87.331474,492.96999999999997,2480,,
2026-05-28T15:58:19 ET,2026-05-28T15:55:00 ET,2026-05-28,Thu,1558ET,2026-05-29,30324.0,735.53,30516.9,NEGATIVE,NEUTRAL,20.16,0.758,10.32,15.3,15.29,18.79,29815.12,723.0,-508.880000000001,-1.6781427252341414,-2967807.1099999994,38271808.21,22511980.36,31975605.050000004,127330558.63,2754.7655809999997,23499.629999999997,4449,,
2026-05-28T15:58:19 ET,2026-05-28T15:55:00 ET,2026-05-28,Thu,1558ET,2026-06-01,30324.0,735.53,30516.9,NEGATIVE,NEUTRAL,20.16,0.758,10.32,15.3,15.29,18.79,29815.86,723.0,-508.1399999999994,-1.6757024139295589,-1853251.1800000002,5297881.1,18851141.860000003,1071735.21,6339138.21,160.576545,9900.25,526,,
2026-05-28T15:58:19 ET,2026-05-28T15:55:00 ET,2026-05-28,Thu,1558ET,2026-05-28,30324.0,735.53,30516.9,NEGATIVE,NEUTRAL,20.16,0.758,10.32,15.3,15.29,18.79,29848.65,724.0,-475.34999999999854,-1.567570241392951,-1027003.3600000003,6061333.5,10394281.82,9522671.58,155145114.2,461.838032,1300.8000000000002,5117,,
2026-05-28T15:58:19 ET,2026-05-28T15:55:00 ET,2026-05-28,Thu,1558ET,2026-05-29,30324.0,735.53,30516.9,NEGATIVE,NEUTRAL,20.16,0.758,10.32,15.3,15.29,18.79,29856.36,724.0,-467.6399999999994,-1.5421448357736427,-789226.5899999999,27083459.51,5606212.180000007,20759657.68,79714418.45,2002.843109,16316.98,2711,,
2026-05-28T15:58:19 ET,2026-05-28T15:55:00 ET,2026-05-28,Thu,1558ET,2026-06-01,30324.0,735.53,30516.9,NEGATIVE,NEUTRAL,20.16,0.758,10.32,15.3,15.29,18.79,29857.1,724.0,-466.90000000000146,-1.5397045244690721,640731.5300000003,7395562.29,-6057067.089999996,1368591.49,18263865.4,498.82959600000004,13688.34,681,,
2026-05-28T15:58:19 ET,2026-05-28T15:55:00 ET,2026-05-28,Thu,1558ET,2026-05-28,30324.0,735.53,30516.9,NEGATIVE,NEUTRAL,20.16,0.758,10.32,15.3,15.29,18.79,29889.88,725.0,-434.119999999999,-1.431605329112251,-6609994.890000001,11926802.75,64203267.949999996,17093319.99,114491769.77,481.966818,2435.1499999999996,7120,,
2026-05-28T15:58:19 ET,2026-05-28T15:55:00 ET,2026-05-28,Thu,1558ET,2026-05-29,30324.0,735.53,30516.9,NEGATIVE,NEUTRAL,20.16,0.758,10.32,15.3,15.29,18.79,29897.6,725.0,-426.40000000000146,-1.4061469463131562,-24638485.840000004,166685718.74,162486550.12,116281826.64,343606789.83000004,9996.122647,98626.23999999999,14410,,
2026-05-28T15:58:19 ET,2026-05-28T15:55:00 ET,2026-05-28,Thu,1558ET,2026-06-01,30324.0,735.53,30516.9,NEGATIVE,NEUTRAL,20.16,0.758,10.32,15.3,15.29,18.79,29898.34,725.0,-425.65999999999985,-1.4037066350085736,-303310.26999999955,26038020.69,2644258.7200000137,4370176.18,48679918.61,1428.232951,47750.18,2232,,
2026-05-28T15:58:19 ET,2026-05-28T15:55:00 ET,2026-05-28,Thu,1558ET,2026-05-28,30324.0,735.53,30516.9,NEGATIVE,NEUTRAL,20.16,0.758,10.32,15.3,15.29,18.79,29931.1,726.0,-392.90000000000146,-1.295673394011349,-3054571.3099999996,14256319.05,28151463.070000008,18468878.25,163495183.85999998,1018.693071,2775.93,5750,,
2026-05-28T15:58:19 ET,2026-05-28T15:55:00 ET,2026-05-28,Thu,1558ET,2026-05-29,30324.0,735.53,30516.9,NEGATIVE,NEUTRAL,20.16,0.758,10.32,15.3,15.29,18.79,29938.84,726.0,-385.15999999999985,-1.2701490568526574,1199821.8099999987,34554868.269999996,-7271120.810000002,21728116.57,75504410.64999999,2531.52368,20099.69,2592,,
2026-05-28T15:58:19 ET,2026-05-28T15:55:00 ET,2026-05-28,Thu,1558ET,2026-06-01,30324.0,735.53,30516.9,NEGATIVE,NEUTRAL,20.16,0.758,10.32,15.3,15.29,18.79,29939.58,726.0,-384.41999999999825,-1.2677087455480751,574084.8999999999,8186949.84,-4573371.370000001,1233302.8599999999,15285725.03,479.777372,14880.99,656,,
2026-05-28T15:58:19 ET,2026-05-28T15:55:00 ET,2026-05-28,Thu,1558ET,2026-05-28,30324.0,735.53,30516.9,NEGATIVE,NEUTRAL,20.16,0.758,10.32,15.3,15.29,18.79,29972.33,727.0,-351.66999999999825,-1.1597084817306365,-2964720.289999999,24912044.79,25569968.700000003,28847125.29,206849675.53,1983.42772,4639.219999999999,6529,,
2026-05-28T15:58:19 ET,2026-05-28T15:55:00 ET,2026-05-28,Thu,1558ET,2026-05-29,30324.0,735.53,30516.9,NEGATIVE,NEUTRAL,20.16,0.758,10.32,15.3,15.29,18.79,29980.07,727.0,-343.9300000000003,-1.1341841445719572,-55188295.160000004,103766208.08000001,303549695.42999995,58116833.25,44933549.730000004,1725.221388,59398.06,6797,,
2026-05-28T15:58:19 ET,2026-05-28T15:55:00 ET,2026-05-28,Thu,1558ET,2026-06-01,30324.0,735.53,30516.9,NEGATIVE,NEUTRAL,20.16,0.758,10.32,15.3,15.29,18.79,29980.82,727.0,-343.1800000000003,-1.1317108560875884,-1408892.2100000004,9755913.93,10142686.79,1302107.85,10112451.98,338.036659,17582.46,734,,
2026-05-28T15:58:19 ET,2026-05-28T15:55:00 ET,2026-05-28,Thu,1558ET,2026-05-28,30324.0,735.53,30516.9,NEGATIVE,NEUTRAL,20.16,0.758,10.32,15.3,15.29,18.79,30013.56,728.0,-310.4399999999987,-1.0237435694499364,-9448227.010000002,37901647.230000004,74972632.14000002,38682502.6,165913997.57000002,2518.810095,6772.9,6274,,
2026-05-28T15:58:19 ET,2026-05-28T15:55:00 ET,2026-05-28,Thu,1558ET,2026-05-29,30324.0,735.53,30516.9,NEGATIVE,NEUTRAL,20.16,0.758,10.32,15.3,15.29,18.79,30021.31,728.0,-302.6899999999987,-0.9981862551114585,-101439543.36,184637309.01999998,498691666.49,90737104.91,42473287.47000001,1852.2633100000003,104122.25,10648,,
2026-05-28T15:58:19 ET,2026-05-28T15:55:00 ET,2026-05-28,Thu,1558ET,2026-06-01,30324.0,735.53,30516.9,NEGATIVE,NEUTRAL,20.16,0.758,10.32,15.3,15.29,18.79,30022.06,728.0,-301.9399999999987,-0.9957129666270899,-493037.19999999925,16073012.66,3163666.6099999994,1869554.13,18485771.979999997,654.914585,28732.510000000002,1141,,
2026-05-28T15:58:19 ET,2026-05-28T15:55:00 ET,2026-05-28,Thu,1558ET,2026-05-28,30324.0,735.53,30516.9,NEGATIVE,NEUTRAL,20.16,0.758,10.32,15.3,15.29,18.79,30054.78,729.0,-269.22000000000116,-0.8878116343490344,10985567.450000003,72555164.39,-78503979.48999998,64096528.45,302297681.89,7365.906965,12488.86,7483,,
2026-05-28T15:58:19 ET,2026-05-28T15:55:00 ET,2026-05-28,Thu,1558ET,2026-05-29,30324.0,735.53,30516.9,NEGATIVE,NEUTRAL,20.16,0.758,10.32,15.3,15.29,18.79,30062.55,729.0,-261.4500000000007,-0.8621883656509719,4933451.270000003,91629595.00999999,-21258984.840000004,38748248.5,112212417.81,5503.090689,50963.56,4699,,
2026-05-28T15:58:19 ET,2026-05-28T15:55:00 ET,2026-05-28,Thu,1558ET,2026-06-01,30324.0,735.53,30516.9,NEGATIVE,NEUTRAL,20.16,0.758,10.32,15.3,15.29,18.79,30063.29,729.0,-260.7099999999991,-0.8597480543463895,7693223.639999999,28396609.299999997,-43235765.39,2816542.0700000003,48590284.67,1814.945003,50370.2,1912,,
2026-05-28T15:58:19 ET,2026-05-28T15:55:00 ET,2026-05-28,Thu,1558ET,2026-05-28,30324.0,735.53,30516.9,NEGATIVE,NEUTRAL,20.16,0.758,10.32,15.3,15.29,18.79,30096.01,730.0,-227.9900000000016,-0.7518467220683339,15485.60000000894,177976049.24,-96936.73000001907,132842571.5,384701036.96,14970.983763,29636.160000000003,11493,,
2026-05-28T15:58:19 ET,2026-05-28T15:55:00 ET,2026-05-28,Thu,1558ET,2026-05-29,30324.0,735.53,30516.9,NEGATIVE,NEUTRAL,20.16,0.758,10.32,15.3,15.29,18.79,30103.79,730.0,-220.20999999999913,-0.7261904761904734,239998556.60999995,473928881.69,-883393472.73,167964912.29,828943707.19,45181.909084,260284.8,21868,,
2026-05-28T15:58:19 ET,2026-05-28T15:55:00 ET,2026-05-28,Thu,1558ET,2026-06-01,30324.0,735.53,30516.9,NEGATIVE,NEUTRAL,20.16,0.758,10.32,15.3,15.29,18.79,30104.53,730.0,-219.47000000000116,-0.7237501648859027,5621166.02,44953757.06,-27035986.580000013,3689673.0,52134478.989999995,2041.642397,79154.16,2887,,
2026-05-28T15:58:19 ET,2026-05-28T15:55:00 ET,2026-05-28,Thu,1558ET,2026-05-28,30324.0,735.53,30516.9,NEGATIVE,NEUTRAL,20.16,0.758,10.32,15.3,15.29,18.79,30137.24,731.0,-186.7599999999984,-0.6158818097876216,209521864.47,276672911.51,-1106673999.0500002,168651589.83,678032259.5699999,41040.174973,44781.770000000004,11487,,
2026-05-28T15:58:19 ET,2026-05-28T15:55:00 ET,2026-05-28,Thu,1558ET,2026-05-29,30324.0,735.53,30516.9,NEGATIVE,NEUTRAL,20.16,0.758,10.32,15.3,15.29,18.79,30145.03,731.0,-178.97000000000116,-0.5901925867299868,76165528.1,111147012.46000001,-231009145.75,31790867.06,194307149.59,11613.272921000002,60349.69,4677,,
2026-05-28T15:58:19 ET,2026-05-28T15:55:00 ET,2026-05-28,Thu,1558ET,2026-06-01,30324.0,735.53,30516.9,NEGATIVE,NEUTRAL,20.16,0.758,10.32,15.3,15.29,18.79,30145.77,731.0,-178.22999999999956,-0.5877522754254042,3911142.6100000003,10337750.370000001,-15592093.68,671850.22,16098195.15,657.0512170000001,18076.190000000002,637,,
2026-05-28T15:58:19 ET,2026-05-28T15:55:00 ET,2026-05-28,Thu,1558ET,2026-05-28,30324.0,735.53,30516.9,NEGATIVE,NEUTRAL,20.16,0.758,10.32,15.3,15.29,18.79,30178.47,732.0,-145.52999999999884,-0.4799168975069214,91485015.08,148315534.96,-386258228.25,70139636.88,208774439.31,18705.506187,23455.629999999997,4160,,
2026-05-28T15:58:19 ET,2026-05-28T15:55:00 ET,2026-05-28,Thu,1558ET,2026-05-29,30324.0,735.53,30516.9,NEGATIVE,NEUTRAL,20.16,0.758,10.32,15.3,15.29,18.79,30186.26,732.0,-137.7400000000016,-0.45422767444928636,70487984.47,98570233.21000001,-166892742.63,21461379.51,151274672.51000002,9765.988505,52979.92,3840,,
2026-05-28T15:58:19 ET,2026-05-28T15:55:00 ET,2026-05-28,Thu,1558ET,2026-06-01,30324.0,735.53,30516.9,NEGATIVE,NEUTRAL,20.16,0.758,10.32,15.3,15.29,18.79,30187.01,732.0,-136.9900000000016,-0.4517543859649175,4857801.649999999,8488546.129999999,-15309651.700000001,406809.75,15253508.570000002,644.8327899999999,14745.630000000001,505,,
2026-05-28T15:58:19 ET,2026-05-28T15:55:00 ET,2026-05-28,Thu,1558ET,2026-05-28,30324.0,735.53,30516.9,NEGATIVE,NEUTRAL,20.16,0.758,10.32,15.3,15.29,18.79,30219.69,733.0,-104.31000000000131,-0.3439849624060194,93066096.57,170465657.63,-287944603.90000004,57348244.2,146176654.69,18040.93868,26486.92,3471,,
2026-05-28T15:58:19 ET,2026-05-28T15:55:00 ET,2026-05-28,Thu,1558ET,2026-05-29,30324.0,735.53,30516.9,NEGATIVE,NEUTRAL,20.16,0.758,10.32,15.3,15.29,18.79,30227.5,733.0,-96.5,-0.3182297849887878,31418158.480000004,58363593.0,-53007487.61,8726157.53,62851730.81999999,4311.028724000001,31092.61,2140,,
2026-05-28T15:58:19 ET,2026-05-28T15:55:00 ET,2026-05-28,Thu,1558ET,2026-06-01,30324.0,735.53,30516.9,NEGATIVE,NEUTRAL,20.16,0.758,10.32,15.3,15.29,18.79,30228.25,733.0,-95.75,-0.31575649650441895,18766590.75,24716551.310000002,-43266659.71,763265.68,49724048.650000006,2163.00516,42672.229999999996,1429,,
2026-05-28T15:58:19 ET,2026-05-28T15:55:00 ET,2026-05-28,Thu,1558ET,2026-05-28,30324.0,735.53,30516.9,NEGATIVE,NEUTRAL,20.16,0.758,10.32,15.3,15.29,18.79,30260.92,734.0,-63.080000000001746,-0.20802005012531904,233794301.09,286887276.79,-447653169.65,57408733.17,207285488.60999998,32159.281879,44052.47,4647,,
2026-05-28T15:58:19 ET,2026-05-28T15:55:00 ET,2026-05-28,Thu,1558ET,2026-05-29,30324.0,735.53,30516.9,NEGATIVE,NEUTRAL,20.16,0.758,10.32,15.3,15.29,18.79,30268.74,734.0,-55.2599999999984,-0.18223189552828914,33134518.42,44691747.34,-32932706.130000003,3637289.4000000004,51946633.4,3718.95152,23630.16,1570,,
2026-05-28T15:58:19 ET,2026-05-28T15:55:00 ET,2026-05-28,Thu,1558ET,2026-06-01,30324.0,735.53,30516.9,NEGATIVE,NEUTRAL,20.16,0.758,10.32,15.3,15.29,18.79,30269.49,734.0,-54.5099999999984,-0.17975860704392033,11048130.35,15608798.549999999,-16013216.84,216315.47,26974612.89,1199.2215410000001,26793.87,883,,
2026-05-28T15:58:19 ET,2026-05-28T15:55:00 ET,2026-05-28,Thu,1558ET,2026-05-28,30324.0,735.53,30516.9,NEGATIVE,NEUTRAL,20.16,0.758,10.32,15.3,15.29,18.79,30302.15,735.0,-21.849999999998545,-0.07205513784460672,526493403.02,593788502.54,-370820317.33,37985785.95,325591067.66999996,57118.621119,90649.68000000001,8506,,
2026-05-28T15:58:19 ET,2026-05-28T15:55:00 ET,2026-05-28,Thu,1558ET,2026-05-29,30324.0,735.53,30516.9,NEGATIVE,NEUTRAL,20.16,0.758,10.32,15.3,15.29,18.79,30309.98,735.0,-14.020000000000437,-0.04623400606780252,220440730.92,279283243.48,-64052023.32,3726766.04,296363810.4,21733.548694,146755.22999999998,9578,,
2026-05-28T15:58:19 ET,2026-05-28T15:55:00 ET,2026-05-28,Thu,1558ET,2026-06-01,30324.0,735.53,30516.9,NEGATIVE,NEUTRAL,20.16,0.758,10.32,15.3,15.29,18.79,30310.73,735.0,-13.270000000000437,-0.04376071758343371,17041889.38,34406677.7,-9956375.0,-108107.76,38983003.14,1758.7530239999999,58749.07,1918,,
2026-05-28T15:58:19 ET,2026-05-28T15:55:00 ET,2026-05-28,Thu,1558ET,2026-05-28,30324.0,735.53,30516.9,NEGATIVE,NEUTRAL,20.16,0.758,10.32,15.3,15.29,18.79,30343.38,736.0,19.38000000000102,0.0639097744360936,223541810.95,256382442.69,115244610.08,-18457104.47,102269815.03,18112.228304999997,39151.15,3638,,
2026-05-28T15:58:19 ET,2026-05-28T15:55:00 ET,2026-05-28,Thu,1558ET,2026-05-29,30324.0,735.53,30516.9,NEGATIVE,NEUTRAL,20.16,0.758,10.32,15.3,15.29,18.79,30351.22,736.0,27.220000000001164,0.0897638833926961,30579348.51,45048886.97,12846153.15,-2460242.5300000003,35216978.120000005,2594.2704270000004,23557.87,1538,,
2026-05-28T15:58:19 ET,2026-05-28T15:55:00 ET,2026-05-28,Thu,1558ET,2026-06-01,30324.0,735.53,30516.9,NEGATIVE,NEUTRAL,20.16,0.758,10.32,15.3,15.29,18.79,30351.97,736.0,27.970000000001164,0.09223717187706491,6939827.93,10301307.09,2005408.5300000003,-207273.95,13928365.559999999,633.071937,17503.65,570,,
2026-05-28T15:58:19 ET,2026-05-28T15:55:00 ET,2026-05-28,Thu,1558ET,2026-05-28,30324.0,735.53,30516.9,NEGATIVE,NEUTRAL,20.16,0.758,10.32,15.3,15.29,18.79,30384.6,737.0,60.599999999998545,0.1998417095369956,221810092.04000002,245319039.06,382107075.08000004,-50972078.41,77920784.18,12441.810859,37700.1,3861,,
2026-05-28T15:58:19 ET,2026-05-28T15:55:00 ET,2026-05-28,Thu,1558ET,2026-05-29,30324.0,735.53,30516.9,NEGATIVE,NEUTRAL,20.16,0.758,10.32,15.3,15.29,18.79,30392.46,737.0,68.45999999999913,0.22576177285318272,29647814.080000002,36511802.160000004,33655219.68,-4472121.0,30166241.81,2188.0447480000003,19027.79,1266,,
2026-05-28T15:58:19 ET,2026-05-28T15:55:00 ET,2026-05-28,Thu,1558ET,2026-06-01,30324.0,735.53,30516.9,NEGATIVE,NEUTRAL,20.16,0.758,10.32,15.3,15.29,18.79,30393.21,737.0,69.20999999999913,0.2282350613375515,9830993.25,15144066.809999999,11493597.18,-561522.29,17656587.490000002,802.491972,25617.96,838,,
2026-05-28T15:58:19 ET,2026-05-28T15:55:00 ET,2026-05-28,Thu,1558ET,2026-05-28,30324.0,735.53,30516.9,NEGATIVE,NEUTRAL,20.16,0.758,10.32,15.3,15.29,18.79,30425.83,738.0,101.83000000000175,0.33580662181770793,119903378.8,129908219.86,347213965.58,-44609623.239999995,33298539.830000002,4315.513515,20210.45,2519,,
2026-05-28T15:58:19 ET,2026-05-28T15:55:00 ET,2026-05-28,Thu,1558ET,2026-05-29,30324.0,735.53,30516.9,NEGATIVE,NEUTRAL,20.16,0.758,10.32,15.3,15.29,18.79,30433.69,738.0,109.68999999999869,0.361726685133883,65596107.589999996,75837672.11,121464303.44,-14429687.659999998,59706035.260000005,4178.997851,39440.939999999995,2725,,
2026-05-28T15:58:19 ET,2026-05-28T15:55:00 ET,2026-05-28,Thu,1558ET,2026-06-01,30324.0,735.53,30516.9,NEGATIVE,NEUTRAL,20.16,0.758,10.32,15.3,15.29,18.79,30434.45,738.0,110.45000000000073,0.3642329507980502,12912320.209999999,15530651.81,26536149.22,-838884.95,21918469.77,988.592815,26166.579999999998,866,,
2026-05-28T15:58:19 ET,2026-05-28T15:55:00 ET,2026-05-28,Thu,1558ET,2026-05-28,30324.0,735.53,30516.9,NEGATIVE,NEUTRAL,20.16,0.758,10.32,15.3,15.29,18.79,30467.06,739.0,143.0600000000013,0.4717715340984082,68563358.80000001,70169416.28,275324531.95,-33599594.75,17340267.13,1666.350691,11114.36,1835,,
2026-05-28T15:58:19 ET,2026-05-28T15:55:00 ET,2026-05-28,Thu,1558ET,2026-05-29,30324.0,735.53,30516.9,NEGATIVE,NEUTRAL,20.16,0.758,10.32,15.3,15.29,18.79,30474.93,739.0,150.9300000000003,0.49772457459438163,31167855.03,34958540.11,79998607.89,-9018333.51,25511003.35,1688.9553959999998,18168.86,1328,,
2026-05-28T15:58:19 ET,2026-05-28T15:55:00 ET,2026-05-28,Thu,1558ET,2026-06-01,30324.0,735.53,30516.9,NEGATIVE,NEUTRAL,20.16,0.758,10.32,15.3,15.29,18.79,30475.69,739.0,151.6899999999987,0.5002308402585367,28308781.400000002,31699477.62,83391600.66,-2248426.7,45126556.33,2004.2656040000002,53217.66,1795,,
2026-05-28T15:58:19 ET,2026-05-28T15:55:00 ET,2026-05-28,Thu,1558ET,2026-05-28,30324.0,735.53,30516.9,NEGATIVE,NEUTRAL,20.16,0.758,10.32,15.3,15.29,18.79,30508.29,740.0,184.29000000000087,0.6077364463791085,156185909.34,160833985.1,791239189.06,-98769043.30999999,32150342.980000004,2133.757044,26075.93,6090,,
2026-05-28T15:58:19 ET,2026-05-28T15:55:00 ET,2026-05-28,Thu,1558ET,2026-05-29,30324.0,735.53,30516.9,NEGATIVE,NEUTRAL,20.16,0.758,10.32,15.3,15.29,18.79,30516.17,740.0,192.16999999999825,0.6337224640548682,335142913.41,350184664.57,1098329972.77,-114016313.12,260910516.75,16023.032006999998,182132.56000000003,14341,,
2026-05-28T15:58:19 ET,2026-05-28T15:55:00 ET,2026-05-28,Thu,1558ET,2026-06-01,30324.0,735.53,30516.9,NEGATIVE,NEUTRAL,20.16,0.758,10.32,15.3,15.29,18.79,30516.92,740.0,192.91999999999825,0.6361957525392371,-6160003.610000001,36735707.81,-23654436.669999994,-3226230.01,-34595890.19,-1501.317989,61479.56,2129,,
2026-05-28T15:58:19 ET,2026-05-28T15:55:00 ET,2026-05-28,Thu,1558ET,2026-05-28,30324.0,735.53,30516.9,NEGATIVE,NEUTRAL,20.16,0.758,10.32,15.3,15.29,18.79,30549.51,741.0,225.5099999999984,0.7436683814800106,26828269.22,27245019.04,161892904.93,-20412112.34,5116692.41,223.281278,4543.91,1569,,
2026-05-28T15:58:19 ET,2026-05-28T15:55:00 ET,2026-05-28,Thu,1558ET,2026-05-29,30324.0,735.53,30516.9,NEGATIVE,NEUTRAL,20.16,0.758,10.32,15.3,15.29,18.79,30557.41,741.0,233.40999999999985,0.7697203535153668,25853898.23,25987280.330000002,102905436.08,-10216158.629999999,19248364.02,1076.156842,13544.64,1169,,
2026-05-28T15:58:19 ET,2026-05-28T15:55:00 ET,2026-05-28,Thu,1558ET,2026-06-01,30324.0,735.53,30516.9,NEGATIVE,NEUTRAL,20.16,0.758,10.32,15.3,15.29,18.79,30558.16,741.0,234.15999999999985,0.7721936419997357,27516712.54,28185811.939999998,130335006.71,-2950903.61,39570404.82,1664.702247,47044.08,1685,,
2026-05-28T15:58:19 ET,2026-05-28T15:55:00 ET,2026-05-28,Thu,1558ET,2026-05-28,30324.0,735.53,30516.9,NEGATIVE,NEUTRAL,20.16,0.758,10.32,15.3,15.29,18.79,30590.74,742.0,266.7400000000016,0.8796332937607229,17237228.14,17348364.36,119147656.3,-15338311.77,3218682.8800000004,89.894402,2989.8199999999997,1561,,
2026-05-28T15:58:19 ET,2026-05-28T15:55:00 ET,2026-05-28,Thu,1558ET,2026-05-29,30324.0,735.53,30516.9,NEGATIVE,NEUTRAL,20.16,0.758,10.32,15.3,15.29,18.79,30598.65,742.0,274.65000000000146,0.9057182429758655,32192302.689999998,32510447.75,150437242.47,-14973326.860000001,22095466.34,1104.952971,17003.55,1635,,
2026-05-28T15:58:19 ET,2026-05-28T15:55:00 ET,2026-05-28,Thu,1558ET,2026-06-01,30324.0,735.53,30516.9,NEGATIVE,NEUTRAL,20.16,0.758,10.32,15.3,15.29,18.79,30599.4,742.0,275.40000000000146,0.9081915314602343,3974102.81,4295892.51,22391320.96,-522145.38,5169022.21,209.163534,7154.08,267,,
2026-05-28T15:58:19 ET,2026-05-28T15:55:00 ET,2026-05-28,Thu,1558ET,2026-05-28,30324.0,735.53,30516.9,NEGATIVE,NEUTRAL,20.16,0.758,10.32,15.3,15.29,18.79,30631.97,743.0,307.97000000000116,1.0155982060414233,6693031.399999999,6820248.46,51500633.99,-6949143.96,688928.14,12.236173,1219.51,965,,
2026-05-28T15:58:19 ET,2026-05-28T15:55:00 ET,2026-05-28,Thu,1558ET,2026-05-29,30324.0,735.53,30516.9,NEGATIVE,NEUTRAL,20.16,0.758,10.32,15.3,15.29,18.79,30639.88,743.0,315.880000000001,1.0416831552565657,20226814.880000003,20401787.32,108272972.11,-10770796.58,12975001.17,570.9689599999999,10722.109999999999,1166,,
2026-05-28T15:58:19 ET,2026-05-28T15:55:00 ET,2026-05-28,Thu,1558ET,2026-06-01,30324.0,735.53,30516.9,NEGATIVE,NEUTRAL,20.16,0.758,10.32,15.3,15.29,18.79,30640.64,743.0,316.6399999999994,1.044189420920721,3731399.74,3762110.84,24373492.529999997,-520580.64,4818923.18,186.101954,6253.929999999999,245,,
2026-05-28T15:58:19 ET,2026-05-28T15:55:00 ET,2026-05-28,Thu,1558ET,2026-05-28,30324.0,735.53,30516.9,NEGATIVE,NEUTRAL,20.16,0.758,10.32,15.3,15.29,18.79,30673.2,744.0,349.2000000000007,1.1515631183221235,7581778.42,7581778.42,63538420.39,-8745552.13,1464197.59,16.725286,1411.55,1668,,
2026-05-28T15:58:19 ET,2026-05-28T15:55:00 ET,2026-05-28,Thu,1558ET,2026-05-29,30324.0,735.53,30516.9,NEGATIVE,NEUTRAL,20.16,0.758,10.32,15.3,15.29,18.79,30681.12,744.0,357.119999999999,1.1776810447170525,20055910.76,20268303.16,120682804.23,-12063991.04,11986126.729999999,457.325299,10717.64,1336,,
2026-05-28T15:58:19 ET,2026-05-28T15:55:00 ET,2026-05-28,Thu,1558ET,2026-06-01,30324.0,735.53,30516.9,NEGATIVE,NEUTRAL,20.16,0.758,10.32,15.3,15.29,18.79,30681.88,744.0,357.880000000001,1.1801873103812195,4013705.64,4013705.64,29815556.68,-622857.91,4950489.65,181.05896,6663.2,276,,
2026-05-28T15:58:19 ET,2026-05-28T15:55:00 ET,2026-05-28,Thu,1558ET,2026-05-28,30324.0,735.53,30516.9,NEGATIVE,NEUTRAL,20.16,0.758,10.32,15.3,15.29,18.79,30714.42,745.0,390.41999999999825,1.2874950534230256,11943647.57,11955639.190000001,107147536.94,-15398018.91,2137974.2,16.107158,2324.73,3988,,
2026-05-28T15:58:19 ET,2026-05-28T15:55:00 ET,2026-05-28,Thu,1558ET,2026-05-29,30324.0,735.53,30516.9,NEGATIVE,NEUTRAL,20.16,0.758,10.32,15.3,15.29,18.79,30722.36,745.0,398.3600000000006,1.313678934177551,72173033.44,72952019.22,480951790.61,-48324299.01,40477518.339999996,1321.683873,38864.24,5619,,
2026-05-28T15:58:19 ET,2026-05-28T15:55:00 ET,2026-05-28,Thu,1558ET,2026-06-01,30324.0,735.53,30516.9,NEGATIVE,NEUTRAL,20.16,0.758,10.32,15.3,15.29,18.79,30723.12,745.0,399.119999999999,1.3161851998417062,5863612.53,6054965.850000001,48799458.13,-1041270.87,6584924.04,226.357125,10042.91,443,,
2026-05-28T15:58:19 ET,2026-05-28T15:55:00 ET,2026-05-28,Thu,1558ET,2026-05-28,30324.0,735.53,30516.9,NEGATIVE,NEUTRAL,20.16,0.758,10.32,15.3,15.29,18.79,30755.65,746.0,431.65000000000146,1.423459965703738,2330800.08,2330800.08,22074169.7,-3314865.55,446556.83,2.298467,474.58,1138,,
2026-05-28T15:58:19 ET,2026-05-28T15:55:00 ET,2026-05-28,Thu,1558ET,2026-05-29,30324.0,735.53,30516.9,NEGATIVE,NEUTRAL,20.16,0.758,10.32,15.3,15.29,18.79,30763.6,746.0,439.59999999999854,1.4496768236380377,6108781.77,6108781.77,44535941.71,-4456518.95,3409690.1,94.217192,3282.81,556,,
2026-05-28T15:58:19 ET,2026-05-28T15:55:00 ET,2026-05-28,Thu,1558ET,2026-06-01,30324.0,735.53,30516.9,NEGATIVE,NEUTRAL,20.16,0.758,10.32,15.3,15.29,18.79,30764.36,746.0,440.3600000000006,1.4521830893022047,1938178.19,1938178.19,17855967.41,-365803.23,2165420.9,69.442903,3213.27,152,,
2026-05-28T15:58:19 ET,2026-05-28T15:55:00 ET,2026-05-28,Thu,1558ET,2026-05-28,30324.0,735.53,30516.9,NEGATIVE,NEUTRAL,20.16,0.758,10.32,15.3,15.29,18.79,30796.88,747.0,472.880000000001,1.5594248779844382,1213649.57,1213649.57,11996547.8,-1888817.85,235623.36,0.863748,259.32,832,,
2026-05-28T15:58:19 ET,2026-05-28T15:55:00 ET,2026-05-28,Thu,1558ET,2026-05-29,30324.0,735.53,30516.9,NEGATIVE,NEUTRAL,20.16,0.758,10.32,15.3,15.29,18.79,30804.84,747.0,480.84000000000015,1.5856747130985362,18249330.490000002,18286179.21,144083126.59,-14566014.68,9641984.379999999,223.3903,9924.8,1985,,
2026-05-28T15:58:19 ET,2026-05-28T15:55:00 ET,2026-05-28,Thu,1558ET,2026-06-01,30324.0,735.53,30516.9,NEGATIVE,NEUTRAL,20.16,0.758,10.32,15.3,15.29,18.79,30805.6,747.0,481.59999999999854,1.5881809787626915,649549.2,673169.1799999999,6559318.25,-138323.08,644717.53,19.14936,1116.03,57,,
2026-05-28T15:58:19 ET,2026-05-28T15:55:00 ET,2026-05-28,Thu,1558ET,2026-05-28,30324.0,735.53,30516.9,NEGATIVE,NEUTRAL,20.16,0.758,10.32,15.3,15.29,18.79,30838.11,748.0,514.1100000000006,1.6953897902651383,629047.2,629047.2,6428839.52,-1063257.58,124895.16,0.340996,141.29,579,,
2026-05-28T15:58:19 ET,2026-05-28T15:55:00 ET,2026-05-28,Thu,1558ET,2026-05-29,30324.0,735.53,30516.9,NEGATIVE,NEUTRAL,20.16,0.758,10.32,15.3,15.29,18.79,30846.07,748.0,522.0699999999997,1.7216396253792368,13388635.44,13388635.44,113489656.79,-11561202.49,6909000.8,133.242492,7347.76,1746,,
2026-05-28T15:58:19 ET,2026-05-28T15:55:00 ET,2026-05-28,Thu,1558ET,2026-06-01,30324.0,735.53,30516.9,NEGATIVE,NEUTRAL,20.16,0.758,10.32,15.3,15.29,18.79,30846.84,748.0,522.8400000000001,1.72417886822319,912404.3,934128.22,10016163.95,-207567.22,880413.0800000001,24.050824000000002,1549.36,86,,
2026-05-28T15:58:19 ET,2026-05-28T15:55:00 ET,2026-05-28,Thu,1558ET,2026-05-28,30324.0,735.53,30516.9,NEGATIVE,NEUTRAL,20.16,0.758,10.32,15.3,15.29,18.79,30879.33,749.0,555.3300000000017,1.8313217253660523,216742.62,216742.62,2272286.17,-395352.93,44350.25,0.094362,51.25,256,,
2026-05-28T15:58:19 ET,2026-05-28T15:55:00 ET,2026-05-28,Thu,1558ET,2026-05-29,30324.0,735.53,30516.9,NEGATIVE,NEUTRAL,20.16,0.758,10.32,15.3,15.29,18.79,30887.31,749.0,563.3100000000013,1.8576375148397353,17937126.39,17949825.25,162026634.1,-16700104.37,8898465.03,142.09701,9972.210000000001,2827,,
2026-05-28T15:58:19 ET,2026-05-28T15:55:00 ET,2026-05-28,Thu,1558ET,2026-06-01,30324.0,735.53,30516.9,NEGATIVE,NEUTRAL,20.16,0.758,10.32,15.3,15.29,18.79,30888.08,749.0,564.0800000000017,1.8601767576836885,1557912.76,1557912.76,18461481.06,-372196.37,1526046.78,38.084368,2586.27,157,,
2026-05-28T15:58:19 ET,2026-05-28T15:55:00 ET,2026-05-28,Thu,1558ET,2026-05-28,30324.0,735.53,30516.9,NEGATIVE,NEUTRAL,20.16,0.758,10.32,15.3,15.29,18.79,30920.56,750.0,596.5600000000013,1.9672866376467528,2770605.92,2773363.42,29600402.53,-5429452.43,441536.58999999997,0.7649309999999999,690.99,4023,,
2026-05-28T15:58:19 ET,2026-05-28T15:55:00 ET,2026-05-28,Thu,1558ET,2026-05-29,30324.0,735.53,30516.9,NEGATIVE,NEUTRAL,20.16,0.758,10.32,15.3,15.29,18.79,30928.55,750.0,604.5499999999993,1.993635404300222,77757473.88,78449163.78,743636046.39,-78226694.86,33301028.71,438.86463599999996,44167.53,14971,,
2026-05-28T15:58:19 ET,2026-05-28T15:55:00 ET,2026-05-28,Thu,1558ET,2026-06-01,30324.0,735.53,30516.9,NEGATIVE,NEUTRAL,20.16,0.758,10.32,15.3,15.29,18.79,30929.32,750.0,605.3199999999997,1.9961746471441753,16519101.93,16771301.95,210028074.12,-4286560.8100000005,14761861.379999999,334.397985,27878.75,1862,,
2026-05-28T15:58:19 ET,2026-05-28T15:55:00 ET,2026-05-28,Thu,1558ET,2026-05-28,30324.0,735.53,30516.9,NEGATIVE,NEUTRAL,20.16,0.758,10.32,15.3,15.29,18.79,30961.79,751.0,637.7900000000009,2.103251549927453,950411.66,950411.66,10290274.23,-1987512.69,210367.59,0.309198,249.72,1625,,
2026-05-28T15:58:19 ET,2026-05-28T15:55:00 ET,2026-05-28,Thu,1558ET,2026-05-29,30324.0,735.53,30516.9,NEGATIVE,NEUTRAL,20.16,0.758,10.32,15.3,15.29,18.79,30969.79,751.0,645.7900000000009,2.1296332937607203,1515734.51,1515734.51,15259202.94,-1612545.48,720392.6,7.823853,865.71,351,,
2026-05-28T15:58:19 ET,2026-05-28T15:55:00 ET,2026-05-28,Thu,1558ET,2026-06-01,30324.0,735.53,30516.9,NEGATIVE,NEUTRAL,20.16,0.758,10.32,15.3,15.29,18.79,30970.55,751.0,646.5499999999993,2.1321395594248753,495693.39,495693.39,6726083.5,-134952.61,449564.15,9.187776,825.44,61,,
2026-05-28T15:58:19 ET,2026-05-28T15:55:00 ET,2026-05-28,Thu,1558ET,2026-05-28,30324.0,735.53,30516.9,NEGATIVE,NEUTRAL,20.16,0.758,10.32,15.3,15.29,18.79,31003.02,752.0,679.0200000000004,2.2392164622081534,153515.53,153515.53,1676579.68,-341505.23,35592.71,0.046078,42.56,298,,
2026-05-28T15:58:19 ET,2026-05-28T15:55:00 ET,2026-05-28,Thu,1558ET,2026-05-29,30324.0,735.53,30516.9,NEGATIVE,NEUTRAL,20.16,0.758,10.32,15.3,15.29,18.79,31011.03,752.0,687.0299999999988,2.265631183221207,284792.09,284792.09,3002683.2,-321956.61,132807.7,1.18904,165.17,80,,
2026-05-28T15:58:19 ET,2026-05-28T15:55:00 ET,2026-05-28,Thu,1558ET,2026-06-01,30324.0,735.53,30516.9,NEGATIVE,NEUTRAL,20.16,0.758,10.32,15.3,15.29,18.79,31011.79,752.0,687.7900000000009,2.2681374488853745,481096.48,481096.48,6934260.1,-138984.21,421128.12,7.720366,802.89,66,,
2026-05-28T15:58:19 ET,2026-05-28T15:55:00 ET,2026-05-28,Thu,1558ET,2026-05-28,30324.0,735.53,30516.9,NEGATIVE,NEUTRAL,20.16,0.758,10.32,15.3,15.29,18.79,31044.24,753.0,720.2400000000016,2.3751483973090672,90548.6,90548.6,993548.51,-213493.14,22069.84,0.026021,26.49,193,,
2026-05-28T15:58:19 ET,2026-05-28T15:55:00 ET,2026-05-28,Thu,1558ET,2026-05-29,30324.0,735.53,30516.9,NEGATIVE,NEUTRAL,20.16,0.758,10.32,15.3,15.29,18.79,31052.26,753.0,728.2599999999984,2.4015960955019073,188188.78,188188.78,2068536.64,-225270.2,86435.5,0.639207,110.94,64,,
2026-05-28T15:58:19 ET,2026-05-28T15:55:00 ET,2026-05-28,Thu,1558ET,2026-06-01,30324.0,735.53,30516.9,NEGATIVE,NEUTRAL,20.16,0.758,10.32,15.3,15.29,18.79,31053.03,753.0,729.0299999999988,2.404135338345861,481282.83,481282.83,7337870.45,-147036.8,407418.66,6.664153,805.31,74,,
2026-05-28T15:58:19 ET,2026-05-28T15:55:00 ET,2026-05-28,Thu,1558ET,2026-05-28,30324.0,735.53,30516.9,NEGATIVE,NEUTRAL,20.16,0.758,10.32,15.3,15.29,18.79,31085.47,754.0,761.4700000000012,2.5111133095897675,45754.49,45754.49,502712.34,-113967.29,11757.75,0.012999,14.13,104,,
2026-05-28T15:58:19 ET,2026-05-28T15:55:00 ET,2026-05-28,Thu,1558ET,2026-05-29,30324.0,735.53,30516.9,NEGATIVE,NEUTRAL,20.16,0.758,10.32,15.3,15.29,18.79,31093.5,754.0,769.5,2.537593984962406,516682.95,516682.95,5896504.25,-652834.8,234573.59,1.437814,309.85,212,,
2026-05-28T15:58:19 ET,2026-05-28T15:55:00 ET,2026-05-28,Thu,1558ET,2026-06-01,30324.0,735.53,30516.9,NEGATIVE,NEUTRAL,20.16,0.758,10.32,15.3,15.29,18.79,31094.27,754.0,770.2700000000004,2.5401332278063595,155906.47000000003,294489.99,2504977.4400000004,-94857.93,-640860.6799999999,-9.306778999999999,494.27000000000004,51,,
2026-05-28T15:58:19 ET,2026-05-28T15:55:00 ET,2026-05-28,Thu,1558ET,2026-05-28,30324.0,735.53,30516.9,NEGATIVE,NEUTRAL,20.16,0.758,10.32,15.3,15.29,18.79,31126.7,755.0,802.7000000000007,2.6470782218704683,1190426.59,1190426.59,13059692.54,-3123413.85,323274.58,0.343676,387.85,2814,,
2026-05-28T15:58:19 ET,2026-05-28T15:55:00 ET,2026-05-28,Thu,1558ET,2026-05-29,30324.0,735.53,30516.9,NEGATIVE,NEUTRAL,20.16,0.758,10.32,15.3,15.29,18.79,31134.74,755.0,810.7400000000016,2.673591874422905,8358365.94,8362425.36,98668058.4,-11121194.49,3691772.77,18.845403,5105.82,4120,,
2026-05-28T15:58:19 ET,2026-05-28T15:55:00 ET,2026-05-28,Thu,1558ET,2026-06-01,30324.0,735.53,30516.9,NEGATIVE,NEUTRAL,20.16,0.758,10.32,15.3,15.29,18.79,31135.51,755.0,811.5099999999984,2.6761311172668463,2296568.9699999997,2347603.83,38753763.480000004,-795104.35,1501539.4,19.272549,3953.82,460,,
2026-05-28T15:58:19 ET,2026-05-28T15:55:00 ET,2026-05-28,Thu,1558ET,2026-05-28,30324.0,735.53,30516.9,NEGATIVE,NEUTRAL,20.16,0.758,10.32,15.3,15.29,18.79,31167.93,756.0,843.9300000000003,2.783043134151168,65233.97,65233.97,712859.22,-179822.51,18754.5,0.019583,22.42,157,,
2026-05-28T15:58:19 ET,2026-05-28T15:55:00 ET,2026-05-28,Thu,1558ET,2026-05-29,30324.0,735.53,30516.9,NEGATIVE,NEUTRAL,20.16,0.758,10.32,15.3,15.29,18.79,31175.98,756.0,851.9799999999996,2.809589763883391,447207.23,447207.23,5442282.07,-624396.06,200333.56,0.856726,278.22,263,,
2026-05-28T15:58:19 ET,2026-05-28T15:55:00 ET,2026-05-28,Thu,1558ET,2026-05-28,30324.0,735.53,30516.9,NEGATIVE,NEUTRAL,20.16,0.758,10.32,15.3,15.29,18.79,31209.15,757.0,885.1500000000015,2.9189750692520824,139151.0,139151.0,1511581.44,-402041.98,42410.8,0.044271,50.44,335,,
2026-05-28T15:58:19 ET,2026-05-28T15:55:00 ET,2026-05-28,Thu,1558ET,2026-05-29,30324.0,735.53,30516.9,NEGATIVE,NEUTRAL,20.16,0.758,10.32,15.3,15.29,18.79,31217.22,757.0,893.2200000000012,2.94558765334389,21515.78,21515.78,269097.23,-31465.67,9617.3,0.034694,13.65,15,,
2026-05-28T15:58:19 ET,2026-05-28T15:55:00 ET,2026-05-28,Thu,1558ET,2026-06-01,30324.0,735.53,30516.9,NEGATIVE,NEUTRAL,20.16,0.758,10.32,15.3,15.29,18.79,31217.99,757.0,893.9900000000016,2.9481268961878433,886444.73,886444.73,16351742.18,-329565.09,668697.23,6.625736,1505.16,225,,
2026-05-28T15:58:19 ET,2026-05-28T15:55:00 ET,2026-05-28,Thu,1558ET,2026-05-28,30324.0,735.53,30516.9,NEGATIVE,NEUTRAL,20.16,0.758,10.32,15.3,15.29,18.79,31250.38,758.0,926.380000000001,3.0549399815327827,129760.73,129760.73,1398801.65,-392110.54,41968.9,0.044434,49.59,308,,
2026-05-28T15:58:19 ET,2026-05-28T15:55:00 ET,2026-05-28,Thu,1558ET,2026-05-29,30324.0,735.53,30516.9,NEGATIVE,NEUTRAL,20.16,0.758,10.32,15.3,15.29,18.79,31258.45,758.0,934.4500000000007,3.08155256562459,73159.98,73159.98,937743.34,-111832.6,32719.79,0.100339,47.35,60,,
2026-05-28T15:58:19 ET,2026-05-28T15:55:00 ET,2026-05-28,Thu,1558ET,2026-06-01,30324.0,735.53,30516.9,NEGATIVE,NEUTRAL,20.16,0.758,10.32,15.3,15.29,18.79,31259.23,758.0,935.2299999999996,3.08412478564833,13777.09,13777.09,264647.07,-5349.64,10142.25,0.087855,23.5,4,,
2026-05-28T15:58:19 ET,2026-05-28T15:55:00 ET,2026-05-28,Thu,1558ET,2026-05-28,30324.0,735.53,30516.9,NEGATIVE,NEUTRAL,20.16,0.758,10.32,15.3,15.29,18.79,31291.61,759.0,967.6100000000006,3.190904893813483,30262.2,30262.2,323258.57,-95453.72,10393.91,0.011292,12.18,70,,
2026-05-28T15:58:19 ET,2026-05-28T15:55:00 ET,2026-05-28,Thu,1558ET,2026-05-29,30324.0,735.53,30516.9,NEGATIVE,NEUTRAL,20.16,0.758,10.32,15.3,15.29,18.79,31299.69,759.0,975.6899999999987,3.217550455085077,55395.58,55395.58,725814.0,-88338.5,24851.98,0.065327,36.61,53,,
2026-05-28T15:58:19 ET,2026-05-28T15:55:00 ET,2026-05-28,Thu,1558ET,2026-06-01,30324.0,735.53,30516.9,NEGATIVE,NEUTRAL,20.16,0.758,10.32,15.3,15.29,18.79,31300.47,759.0,976.4700000000012,3.2201226751088288,93090.34,93090.34,1857679.18,-37682.68,66988.82,0.505919,159.61,31,,
2026-05-28T15:58:19 ET,2026-05-28T15:55:00 ET,2026-05-28,Thu,1558ET,2026-05-28,30324.0,735.53,30516.9,NEGATIVE,NEUTRAL,20.16,0.758,10.32,15.3,15.29,18.79,31332.83,760.0,1008.8300000000017,3.3268368289143972,167447.08,167447.08,1770241.75,-550320.13,61099.12,0.068745,70.99,374,,
2026-05-28T15:58:19 ET,2026-05-28T15:55:00 ET,2026-05-28,Thu,1558ET,2026-05-29,30324.0,735.53,30516.9,NEGATIVE,NEUTRAL,20.16,0.758,10.32,15.3,15.29,18.79,31340.93,760.0,1016.9300000000003,3.353548344545575,4343087.43,4352126.109999999,58031332.940000005,-7227538.83,1595541.62,3.62701,2937.98,4815,,
2026-05-28T15:58:19 ET,2026-05-28T15:55:00 ET,2026-05-28,Thu,1558ET,2026-06-01,30324.0,735.53,30516.9,NEGATIVE,NEUTRAL,20.16,0.758,10.32,15.3,15.29,18.79,31341.71,760.0,1017.7099999999991,3.3561205645693146,2142002.89,2142002.89,44307577.98,-902369.02,1509172.09,9.914719,3692.75,820,,
2026-05-28T15:58:19 ET,2026-05-28T15:55:00 ET,2026-05-28,Thu,1558ET,2026-05-28,30324.0,735.53,30516.9,NEGATIVE,NEUTRAL,20.16,0.758,10.32,15.3,15.29,18.79,31374.06,761.0,1050.0600000000013,3.462801741195097,933.94,933.94,9761.86,-3192.88,362.11,0.000425,0.42,2,,
2026-05-28T15:58:19 ET,2026-05-28T15:55:00 ET,2026-05-28,Thu,1558ET,2026-05-29,30324.0,735.53,30516.9,NEGATIVE,NEUTRAL,20.16,0.758,10.32,15.3,15.29,18.79,31382.17,761.0,1058.1699999999983,3.489546234006062,788.83,788.83,10725.57,-1362.02,358.58,0.000711,0.54,1,,
2026-05-28T15:58:19 ET,2026-05-28T15:55:00 ET,2026-05-28,Thu,1558ET,2026-06-01,30324.0,735.53,30516.9,NEGATIVE,NEUTRAL,20.16,0.758,10.32,15.3,15.29,18.79,31382.94,761.0,1058.9399999999987,3.4920854768500154,2268.23,2268.23,48533.3,-992.87,1567.13,0.00894,3.93,1,,
2026-05-28T15:58:19 ET,2026-05-28T15:55:00 ET,2026-05-28,Thu,1558ET,2026-05-28,30324.0,735.53,30516.9,NEGATIVE,NEUTRAL,20.16,0.758,10.32,15.3,15.29,18.79,31415.29,762.0,1091.2900000000009,3.5987666534757974,73934.64,73934.64,763395.86,-262528.41,30461.21,0.037482,34.69,151,,
2026-05-28T15:58:19 ET,2026-05-28T15:55:00 ET,2026-05-28,Thu,1558ET,2026-05-29,30324.0,735.53,30516.9,NEGATIVE,NEUTRAL,20.16,0.758,10.32,15.3,15.29,18.79,31423.41,762.0,1099.4099999999999,3.6255441234665606,694.91,694.91,9595.45,-1245.61,318.97,0.000557,0.49,1,,
2026-05-28T15:58:19 ET,2026-05-28T15:55:00 ET,2026-05-28,Thu,1558ET,2026-06-01,30324.0,735.53,30516.9,NEGATIVE,NEUTRAL,20.16,0.758,10.32,15.3,15.29,18.79,31424.18,762.0,1100.1800000000003,3.6280833663105136,11801.38,11801.38,260702.4,-5359.79,8007.72,0.039612,20.59,6,,
2026-05-28T15:58:19 ET,2026-05-28T15:55:00 ET,2026-05-28,Thu,1558ET,2026-05-29,30324.0,735.53,30516.9,NEGATIVE,NEUTRAL,20.16,0.758,10.32,15.3,15.29,18.79,31464.64,763.0,1140.6399999999994,3.761509035747261,2471.86,2471.86,34599.34,-4593.38,1147.88,0.001784,1.78,4,,
2026-05-28T15:58:19 ET,2026-05-28T15:55:00 ET,2026-05-28,Thu,1558ET,2026-06-01,30324.0,735.53,30516.9,NEGATIVE,NEUTRAL,20.16,0.758,10.32,15.3,15.29,18.79,31465.42,763.0,1141.4199999999983,3.7640812557710004,18744.65,18744.65,426743.42,-8820.91,12509.75,0.053613,32.92,11,,
2026-05-28T15:58:19 ET,2026-05-28T15:55:00 ET,2026-05-28,Thu,1558ET,2026-05-28,30324.0,735.53,30516.9,NEGATIVE,NEUTRAL,20.16,0.758,10.32,15.3,15.29,18.79,31497.74,764.0,1173.7400000000016,3.8706635008574115,279509.1,279509.1,2810585.66,-1066240.26,129958.04,0.177597,144.7,514,,
2026-05-28T15:58:19 ET,2026-05-28T15:55:00 ET,2026-05-28,Thu,1558ET,2026-05-29,30324.0,735.53,30516.9,NEGATIVE,NEUTRAL,20.16,0.758,10.32,15.3,15.29,18.79,31505.88,764.0,1181.880000000001,3.8975069252077597,70451.74,70451.74,997938.08,-135547.69,33156.65,0.046259,52.04,127,,
2026-05-28T15:58:19 ET,2026-05-28T15:55:00 ET,2026-05-28,Thu,1558ET,2026-05-28,30324.0,735.53,30516.9,NEGATIVE,NEUTRAL,20.16,0.758,10.32,15.3,15.29,18.79,31538.97,765.0,1214.9700000000012,4.006628413138112,591332.38,591332.38,5863338.6,-2333682.26,291923.14,0.421584,321.22,1029,,
2026-05-28T15:58:19 ET,2026-05-28T15:55:00 ET,2026-05-28,Thu,1558ET,2026-05-29,30324.0,735.53,30516.9,NEGATIVE,NEUTRAL,20.16,0.758,10.32,15.3,15.29,18.79,31547.12,765.0,1223.119999999999,4.033504814668246,682065.89,682065.89,9761748.68,-1357052.52,325844.83,0.411901,515.76,1357,,
2026-05-28T15:58:19 ET,2026-05-28T15:55:00 ET,2026-05-28,Thu,1558ET,2026-06-01,30324.0,735.53,30516.9,NEGATIVE,NEUTRAL,20.16,0.758,10.32,15.3,15.29,18.79,31547.9,765.0,1223.9000000000015,4.036077034691997,493236.44,493236.44,11867086.95,-248273.29,319775.98,1.027659,878.59,386,,
2026-05-28T15:58:19 ET,2026-05-28T15:55:00 ET,2026-05-28,Thu,1558ET,2026-05-28,30324.0,735.53,30516.9,NEGATIVE,NEUTRAL,20.16,0.758,10.32,15.3,15.29,18.79,31580.2,766.0,1256.2000000000007,4.1425933254188125,106953.71,106953.71,1045327.47,-436177.02,56034.83,0.085574,60.92,176,,
2026-05-28T15:58:19 ET,2026-05-28T15:55:00 ET,2026-05-28,Thu,1558ET,2026-05-29,30324.0,735.53,30516.9,NEGATIVE,NEUTRAL,20.16,0.758,10.32,15.3,15.29,18.79,31588.36,766.0,1264.3600000000006,4.169502704128745,6893.61,6893.61,99543.01,-14167.7,3347.97,0.00387,5.34,15,,
2026-05-28T15:58:19 ET,2026-05-28T15:55:00 ET,2026-05-28,Thu,1558ET,2026-06-01,30324.0,735.53,30516.9,NEGATIVE,NEUTRAL,20.16,0.758,10.32,15.3,15.29,18.79,31589.14,766.0,1265.1399999999994,4.172074924152485,6641.41,6641.41,163891.34,-3451.62,4252.42,0.011838,11.92,6,,
2026-05-28T15:58:19 ET,2026-05-28T15:55:00 ET,2026-05-28,Thu,1558ET,2026-05-29,30324.0,735.53,30516.9,NEGATIVE,NEUTRAL,20.16,0.758,10.32,15.3,15.29,18.79,31629.6,767.0,1305.5999999999985,4.305500593589231,5511.2,5511.2,80185.16,-11687.56,2724.73,0.002905,4.37,13,,
2026-05-28T15:58:19 ET,2026-05-28T15:55:00 ET,2026-05-28,Thu,1558ET,2026-05-29,30324.0,735.53,30516.9,NEGATIVE,NEUTRAL,20.16,0.758,10.32,15.3,15.29,18.79,31670.84,768.0,1346.8400000000001,4.44149848304973,15776.58,15776.58,230998.92,-34489.56,7950.18,0.007886,12.82,40,,
2026-05-28T15:58:19 ET,2026-05-28T15:55:00 ET,2026-05-28,Thu,1558ET,2026-06-01,30324.0,735.53,30516.9,NEGATIVE,NEUTRAL,20.16,0.758,10.32,15.3,15.29,18.79,31671.62,768.0,1347.619999999999,4.44407070307347,1665.59,1665.59,43060.33,-920.02,1044.16,0.002187,3.04,2,,
2026-05-28T15:58:19 ET,2026-05-28T15:55:00 ET,2026-05-28,Thu,1558ET,2026-05-28,30324.0,735.53,30516.9,NEGATIVE,NEUTRAL,20.16,0.758,10.32,15.3,15.29,18.79,31703.88,769.0,1379.880000000001,4.550455085081127,6452.58,6452.58,60301.12,-28861.18,4026.75,0.007255,4.22,9,,
2026-05-28T15:58:19 ET,2026-05-28T15:55:00 ET,2026-05-28,Thu,1558ET,2026-05-29,30324.0,735.53,30516.9,NEGATIVE,NEUTRAL,20.16,0.758,10.32,15.3,15.29,18.79,31712.07,769.0,1388.0699999999997,4.5774633953304305,14798.31,14798.31,217803.49,-33318.22,7609.56,0.00708,12.32,40,,
2026-05-28T15:58:19 ET,2026-05-28T15:55:00 ET,2026-05-28,Thu,1558ET,2026-05-28,30324.0,735.53,30516.9,NEGATIVE,NEUTRAL,20.16,0.758,10.32,15.3,15.29,18.79,31745.11,770.0,1421.1100000000006,4.686419997361828,563138.18,563138.18,5182907.76,-2592807.7,372032.26,0.706705,384.7,745,,
2026-05-28T15:58:19 ET,2026-05-28T15:55:00 ET,2026-05-28,Thu,1558ET,2026-05-29,30324.0,735.53,30516.9,NEGATIVE,NEUTRAL,20.16,0.758,10.32,15.3,15.29,18.79,31753.31,770.0,1429.3100000000013,4.713461284790929,2938787.43,2939486.89,43433054.04,-6810160.58,1470500.1099999999,1.293404,2509.07,8405,,
2026-05-28T15:58:19 ET,2026-05-28T15:55:00 ET,2026-05-28,Thu,1558ET,2026-06-01,30324.0,735.53,30516.9,NEGATIVE,NEUTRAL,20.16,0.758,10.32,15.3,15.29,18.79,31754.1,770.0,1430.0999999999985,4.716066481994455,306946.01,306946.01,8271714.66,-179546.09,189306.95,0.300079,569.62,487,,
2026-05-28T15:58:19 ET,2026-05-28T15:55:00 ET,2026-05-28,Thu,1558ET,2026-05-29,30324.0,735.53,30516.9,NEGATIVE,NEUTRAL,20.16,0.758,10.32,15.3,15.29,18.79,31794.55,771.0,1470.5499999999993,4.8494591742514155,199835.59,199835.59,2962803.74,-476011.59,107327.19,0.089901,174.85,600,,
2026-05-28T15:58:19 ET,2026-05-28T15:55:00 ET,2026-05-28,Thu,1558ET,2026-05-29,30324.0,735.53,30516.9,NEGATIVE,NEUTRAL,20.16,0.758,10.32,15.3,15.29,18.79,31835.79,772.0,1511.7900000000009,4.985457063711914,319.4,319.4,4746.26,-781.63,175.55,0.000141,0.29,1,,
2026-05-28T15:58:19 ET,2026-05-28T15:55:00 ET,2026-05-28,Thu,1558ET,2026-05-29,30324.0,735.53,30516.9,NEGATIVE,NEUTRAL,20.16,0.758,10.32,15.3,15.29,18.79,31877.03,773.0,1553.0299999999988,5.121454953172401,4316.28,4316.28,64232.77,-10843.72,2429.64,0.001884,3.97,14,,
2026-05-28T15:58:19 ET,2026-05-28T15:55:00 ET,2026-05-28,Thu,1558ET,2026-06-01,30324.0,735.53,30516.9,NEGATIVE,NEUTRAL,20.16,0.758,10.32,15.3,15.29,18.79,31877.81,773.0,1553.8100000000013,5.124027173196152,4219.19,4219.19,119997.87,-2673.55,2560.24,0.002717,8.05,10,,
2026-05-28T15:58:19 ET,2026-05-28T15:55:00 ET,2026-05-28,Thu,1558ET,2026-05-28,30324.0,735.53,30516.9,NEGATIVE,NEUTRAL,20.16,0.758,10.32,15.3,15.29,18.79,31951.25,775.0,1627.25,5.366211581585543,321005.32,321005.32,2735421.96,-1688612.38,278838.92,0.671459,270.7,335,,
2026-05-28T15:58:19 ET,2026-05-28T15:55:00 ET,2026-05-28,Thu,1558ET,2026-05-29,30324.0,735.53,30516.9,NEGATIVE,NEUTRAL,20.16,0.758,10.32,15.3,15.29,18.79,31959.5,775.0,1635.5,5.3934177549136,164063.67,164063.67,2443114.34,-433504.5,97067.52,0.071394,158.64,561,,
2026-05-28T15:58:19 ET,2026-05-28T15:55:00 ET,2026-05-28,Thu,1558ET,2026-06-01,30324.0,735.53,30516.9,NEGATIVE,NEUTRAL,20.16,0.758,10.32,15.3,15.29,18.79,31960.29,775.0,1636.2900000000009,5.3960229521171375,154891.52,154891.52,4543949.6,-103165.2,93448.43,0.076962,301.59,473,,
2026-05-28T15:58:19 ET,2026-05-28T15:55:00 ET,2026-05-28,Thu,1558ET,2026-05-28,30324.0,735.53,30516.9,NEGATIVE,NEUTRAL,20.16,0.758,10.32,15.3,15.29,18.79,32157.38,780.0,1833.380000000001,6.045970188629472,152293.42,152293.42,1203043.85,-900928.7,170612.12,0.49467,155.85,132,,
2026-05-28T15:58:19 ET,2026-05-28T15:55:00 ET,2026-05-28,Thu,1558ET,2026-05-29,30324.0,735.53,30516.9,NEGATIVE,NEUTRAL,20.16,0.758,10.32,15.3,15.29,18.79,32165.69,780.0,1841.6899999999987,6.07337422503627,1010829.49,1018643.75,14917984.61,-3021569.47,-340711.80000000005,-0.23913999999999996,1116.36,3650,,
2026-05-28T15:58:19 ET,2026-05-28T15:55:00 ET,2026-05-28,Thu,1558ET,2026-06-01,30324.0,735.53,30516.9,NEGATIVE,NEUTRAL,20.16,0.758,10.32,15.3,15.29,18.79,32166.49,780.0,1842.4900000000016,6.076012399419607,31212.37,31212.37,974976.32,-23305.66,18852.46,0.008757,64.14,169,,
2026-05-28T15:58:19 ET,2026-05-28T15:55:00 ET,2026-05-28,Thu,1558ET,2026-05-28,30324.0,735.53,30516.9,NEGATIVE,NEUTRAL,20.16,0.758,10.32,15.3,15.29,18.79,32363.52,785.0,2039.5200000000004,6.725761772853186,322823.7,322823.7,2371072.15,-2121300.41,457717.74,1.521851,394.77,244,,
2026-05-28T15:58:19 ET,2026-05-28T15:55:00 ET,2026-05-28,Thu,1558ET,2026-06-01,30324.0,735.53,30516.9,NEGATIVE,NEUTRAL,20.16,0.758,10.32,15.3,15.29,18.79,32372.68,785.0,2048.6800000000003,6.755968869542278,7700.0,7700.0,251669.86,-6366.76,4745.32,0.001372,16.78,67,,
2026-05-28T15:58:19 ET,2026-05-28T15:55:00 ET,2026-05-28,Thu,1558ET,2026-05-28,30324.0,735.53,30516.9,NEGATIVE,NEUTRAL,20.16,0.758,10.32,15.3,15.29,18.79,32569.66,790.0,2245.66,7.4055533570769025,436906.73,436906.73,2994759.32,-3157639.7,770405.74,2.819589,629.79,300,,
2026-05-28T15:58:19 ET,2026-05-28T15:55:00 ET,2026-05-28,Thu,1558ET,2026-06-01,30324.0,735.53,30516.9,NEGATIVE,NEUTRAL,20.16,0.758,10.32,15.3,15.29,18.79,32578.88,790.0,2254.880000000001,7.435958316844747,107549.62,107549.62,3627260.51,-97501.96,68671.74,0.013688,249.4,1357,,
2026-05-28T15:58:19 ET,2026-05-28T15:55:00 ET,2026-05-28,Thu,1558ET,2026-05-28,30324.0,735.53,30516.9,NEGATIVE,NEUTRAL,20.16,0.758,10.32,15.3,15.29,18.79,32775.79,795.0,2451.790000000001,8.08531196412083,3103.13,3103.13,19929.09,-24468.8,6697.61,0.026115,5.21,2,,
2026-05-28T15:58:19 ET,2026-05-28T15:55:00 ET,2026-05-28,Thu,1558ET,2026-06-01,30324.0,735.53,30516.9,NEGATIVE,NEUTRAL,20.16,0.758,10.32,15.3,15.29,18.79,32785.07,795.0,2461.0699999999997,8.115914786967418,7298.32,7298.32,251180.72,-7195.17,4887.61,0.000741,18.06,121,,
2026-05-28T15:58:19 ET,2026-05-28T15:55:00 ET,2026-05-28,Thu,1558ET,2026-05-28,30324.0,735.53,30516.9,NEGATIVE,NEUTRAL,20.16,0.758,10.32,15.3,15.29,18.79,32981.93,800.0,2657.9300000000003,8.765103548344547,185313.55,185313.55,1119512.73,-1583670.62,482621.67,1.954407,358.49,115,,
2026-05-28T15:58:19 ET,2026-05-28T15:55:00 ET,2026-05-28,Thu,1558ET,2026-06-01,30324.0,735.53,30516.9,NEGATIVE,NEUTRAL,20.16,0.758,10.32,15.3,15.29,18.79,32991.27,800.0,2667.269999999997,8.795904234269875,5969.74,5969.74,207795.98,-6356.19,4233.53,0.000534,15.79,119,,
2026-05-28T15:58:19 ET,2026-05-28T15:55:00 ET,2026-05-28,Thu,1558ET,AGGREGATE,30324.0,735.53,30516.9,NEGATIVE,NEUTRAL,20.16,0.758,10.32,15.3,15.29,18.79,27299.6,662.0,-3024.4000000000015,-9.973618256166738,-821070.21,1809688.77,8018916.17,9354165.48,39241264.49,82.266399,5262.9,2171,,
2026-05-28T15:58:19 ET,2026-05-28T15:55:00 ET,2026-05-28,Thu,1558ET,AGGREGATE,30324.0,735.53,30516.9,NEGATIVE,NEUTRAL,20.16,0.758,10.32,15.3,15.29,18.79,27340.84,663.0,-2983.16,-9.837620366706238,-333855.42,801087.3,3288868.1799999997,4083046.4400000004,18858606.25,39.29148,2277.56,967,,
2026-05-28T15:58:19 ET,2026-05-28T15:55:00 ET,2026-05-28,Thu,1558ET,AGGREGATE,30324.0,735.53,30516.9,NEGATIVE,NEUTRAL,20.16,0.758,10.32,15.3,15.29,18.79,27382.08,664.0,-2941.9199999999983,-9.70162247724574,-362169.77999999997,655198.06,3598632.9799999995,3292246.71,11596259.76,24.005619,1820.78,796,,
2026-05-28T15:58:19 ET,2026-05-28T15:55:00 ET,2026-05-28,Thu,1558ET,AGGREGATE,30324.0,735.53,30516.9,NEGATIVE,NEUTRAL,20.16,0.758,10.32,15.3,15.29,18.79,27416.23,665.0,-2907.7700000000004,-9.589005408257487,-580005.77,671275.71,2883449.35,6582462.619999999,-347452.20999999996,-1.2853749999999993,1816.47,456,,
2026-05-28T15:58:19 ET,2026-05-28T15:55:00 ET,2026-05-28,Thu,1558ET,AGGREGATE,30324.0,735.53,30516.9,NEGATIVE,NEUTRAL,20.16,0.758,10.32,15.3,15.29,18.79,27423.31,665.0,-2900.6899999999987,-9.56565756496504,-7277918.95,9855157.530000001,72937806.58,48809947.83,94070790.42999999,193.445501,26765.25,12053,,
2026-05-28T15:58:19 ET,2026-05-28T15:55:00 ET,2026-05-28,Thu,1558ET,AGGREGATE,30324.0,735.53,30516.9,NEGATIVE,NEUTRAL,20.16,0.758,10.32,15.3,15.29,18.79,27423.99,665.0,-2900.0099999999984,-9.563415116739211,-216983.19,228893.07,5401475.23,283474.54000000004,825698.6000000001,0.772885,1010.06,615,,
2026-05-28T15:58:19 ET,2026-05-28T15:55:00 ET,2026-05-28,Thu,1558ET,AGGREGATE,30324.0,735.53,30516.9,NEGATIVE,NEUTRAL,20.16,0.758,10.32,15.3,15.29,18.79,27464.55,666.0,-2859.4500000000007,-9.429659675504553,-899759.73,1164490.49,9094380.52,5683463.41,9481260.51,19.363698,3090.25,1434,,
2026-05-28T15:58:19 ET,2026-05-28T15:55:00 ET,2026-05-28,Thu,1558ET,AGGREGATE,30324.0,735.53,30516.9,NEGATIVE,NEUTRAL,20.16,0.758,10.32,15.3,15.29,18.79,27505.79,667.0,-2818.209999999999,-9.293661786044055,-2175526.83,2654497.5300000003,22176396.64,12764290.040000001,16293204.99,33.041857,6882.030000000001,3292,,
2026-05-28T15:58:19 ET,2026-05-28T15:55:00 ET,2026-05-28,Thu,1558ET,AGGREGATE,30324.0,735.53,30516.9,NEGATIVE,NEUTRAL,20.16,0.758,10.32,15.3,15.29,18.79,27547.03,668.0,-2776.970000000001,-9.157663896583568,-203337.83000000002,955847.9099999999,2090265.1100000003,4527334.97,32621252.469999995,65.678092,2420.62,1194,,
2026-05-28T15:58:19 ET,2026-05-28T15:55:00 ET,2026-05-28,Thu,1558ET,AGGREGATE,30324.0,735.53,30516.9,NEGATIVE,NEUTRAL,20.16,0.758,10.32,15.3,15.29,18.79,27588.27,669.0,-2735.7299999999996,-9.02166600712307,-712812.53,1027499.01,7389064.54,4792634.37,12534905.22,25.051825,2541.25,1293,,
2026-05-28T15:58:19 ET,2026-05-28T15:55:00 ET,2026-05-28,Thu,1558ET,AGGREGATE,30324.0,735.53,30516.9,NEGATIVE,NEUTRAL,20.16,0.758,10.32,15.3,15.29,18.79,27622.37,670.0,-2701.630000000001,-8.909213824033772,-1609355.13,1674800.25,8608992.16,15281211.35,-3823800.4000000004,-14.292845,3919.45,1126,,
2026-05-28T15:58:19 ET,2026-05-28T15:55:00 ET,2026-05-28,Thu,1558ET,AGGREGATE,30324.0,735.53,30516.9,NEGATIVE,NEUTRAL,20.16,0.758,10.32,15.3,15.29,18.79,27629.5,670.0,-2694.5,-8.885701094842368,-5405177.98,6793345.68,56497186.4,31196967.33,51711889.68,102.57820699999999,16406.04,8613,,
2026-05-28T15:58:19 ET,2026-05-28T15:55:00 ET,2026-05-28,Thu,1558ET,AGGREGATE,30324.0,735.53,30516.9,NEGATIVE,NEUTRAL,20.16,0.758,10.32,15.3,15.29,18.79,27630.19,670.0,-2693.8100000000013,-8.883425669436754,-121199.12999999999,223843.34999999998,3033064.29,256635.41,9244141.5,9.178319,910.46,567,,
2026-05-28T15:58:19 ET,2026-05-28T15:55:00 ET,2026-05-28,Thu,1558ET,AGGREGATE,30324.0,735.53,30516.9,NEGATIVE,NEUTRAL,20.16,0.758,10.32,15.3,15.29,18.79,27670.74,671.0,-2653.2599999999984,-8.74970320538187,-367121.18,749115.0800000001,3868993.05,3386154.13,16550855.26,32.583105,1766.24,957,,
2026-05-28T15:58:19 ET,2026-05-28T15:55:00 ET,2026-05-28,Thu,1558ET,AGGREGATE,30324.0,735.53,30516.9,NEGATIVE,NEUTRAL,20.16,0.758,10.32,15.3,15.29,18.79,27671.43,671.0,-2652.5699999999997,-8.747427779976254,-103427.78,103427.78,2589472.98,116682.73,-143291.21,-0.144468,413.85,258,,
2026-05-28T15:58:19 ET,2026-05-28T15:55:00 ET,2026-05-28,Thu,1558ET,AGGREGATE,30324.0,735.53,30516.9,NEGATIVE,NEUTRAL,20.16,0.758,10.32,15.3,15.29,18.79,27711.98,672.0,-2612.0200000000004,-8.613705315921385,-2245005.0,2538642.34,23853029.419999998,11292233.350000001,9320962.959999999,18.21024,5842.599999999999,3268,,
2026-05-28T15:58:19 ET,2026-05-28T15:55:00 ET,2026-05-28,Thu,1558ET,AGGREGATE,30324.0,735.53,30516.9,NEGATIVE,NEUTRAL,20.16,0.758,10.32,15.3,15.29,18.79,27712.67,672.0,-2611.3300000000017,-8.611429890515769,-40760.69,40760.69,1020726.55,45237.67,-55555.32,-0.056951,160.45,100,,
2026-05-28T15:58:19 ET,2026-05-28T15:55:00 ET,2026-05-28,Thu,1558ET,AGGREGATE,30324.0,735.53,30516.9,NEGATIVE,NEUTRAL,20.16,0.758,10.32,15.3,15.29,18.79,27753.22,673.0,-2570.779999999999,-8.477707426460885,-2261800.6,2645705.4,24225967.35,11577833.280000001,13680647.18,26.523832,5942.599999999999,3432,,
2026-05-28T15:58:19 ET,2026-05-28T15:55:00 ET,2026-05-28,Thu,1558ET,AGGREGATE,30324.0,735.53,30516.9,NEGATIVE,NEUTRAL,20.16,0.758,10.32,15.3,15.29,18.79,27753.91,673.0,-2570.09,-8.475432001055271,-109147.51,113297.61,2733207.44,123668.12999999999,215726.91999999998,0.22516300000000003,438.73,273,,
2026-05-28T15:58:19 ET,2026-05-28T15:55:00 ET,2026-05-28,Thu,1558ET,AGGREGATE,30324.0,735.53,30516.9,NEGATIVE,NEUTRAL,20.16,0.758,10.32,15.3,15.29,18.79,27794.46,674.0,-2529.540000000001,-8.341709537000398,-523281.17999999993,993010.2,5649655.35,4273964.35,20888882.08,40.191077,2176.42,1298,,
2026-05-28T15:58:19 ET,2026-05-28T15:55:00 ET,2026-05-28,Thu,1558ET,AGGREGATE,30324.0,735.53,30516.9,NEGATIVE,NEUTRAL,20.16,0.758,10.32,15.3,15.29,18.79,27795.14,674.0,-2528.8600000000006,-8.33946708877457,-28350.92,29197.22,709756.42,31335.899999999998,34998.87,0.037245999999999994,111.22,69,,
2026-05-28T15:58:19 ET,2026-05-28T15:55:00 ET,2026-05-28,Thu,1558ET,AGGREGATE,30324.0,735.53,30516.9,NEGATIVE,NEUTRAL,20.16,0.758,10.32,15.3,15.29,18.79,27828.5,675.0,-2495.5,-8.229455216989843,-1741548.44,1944876.44,10051611.42,16402793.21,-100522.58000000007,-0.37220299999999895,3899.79,1320,,
2026-05-28T15:58:19 ET,2026-05-28T15:55:00 ET,2026-05-28,Thu,1558ET,AGGREGATE,30324.0,735.53,30516.9,NEGATIVE,NEUTRAL,20.16,0.758,10.32,15.3,15.29,18.79,27835.7,675.0,-2488.2999999999993,-8.2057116475399,-3329382.9899999998,9684442.43,36229838.02,40984861.79,291785344.27000004,557.1768460000001,20708.35,12755,,
2026-05-28T15:58:19 ET,2026-05-28T15:55:00 ET,2026-05-28,Thu,1558ET,AGGREGATE,30324.0,735.53,30516.9,NEGATIVE,NEUTRAL,20.16,0.758,10.32,15.3,15.29,18.79,27836.38,675.0,-2487.619999999999,-8.203469199314071,-213882.34,253634.22,5351656.99,267580.17,3053058.4899999998,3.3177239999999997,950.46,587,,
2026-05-28T15:58:19 ET,2026-05-28T15:55:00 ET,2026-05-28,Thu,1558ET,AGGREGATE,30324.0,735.53,30516.9,NEGATIVE,NEUTRAL,20.16,0.758,10.32,15.3,15.29,18.79,27869.73,676.0,-2454.2700000000004,-8.093490304709142,-989779.5199999999,1016173.64,5802180.22,8429102.39,-1931843.0399999998,-7.118777000000001,1973.18,693,,
2026-05-28T15:58:19 ET,2026-05-28T15:55:00 ET,2026-05-28,Thu,1558ET,AGGREGATE,30324.0,735.53,30516.9,NEGATIVE,NEUTRAL,20.16,0.758,10.32,15.3,15.29,18.79,27876.93,676.0,-2447.0699999999997,-8.0697467352592,-1275153.54,1804206.6,13984042.39,7505562.76,22926854.490000002,43.455227,3763.26,2394,,
2026-05-28T15:58:19 ET,2026-05-28T15:55:00 ET,2026-05-28,Thu,1558ET,AGGREGATE,30324.0,735.53,30516.9,NEGATIVE,NEUTRAL,20.16,0.758,10.32,15.3,15.29,18.79,27877.62,676.0,-2446.380000000001,-8.067471309853584,-105170.26,131683.76,2629420.4699999997,136521.61000000002,2037591.2999999998,2.2644789999999997,485.44,298,,
2026-05-28T15:58:19 ET,2026-05-28T15:55:00 ET,2026-05-28,Thu,1558ET,AGGREGATE,30324.0,735.53,30516.9,NEGATIVE,NEUTRAL,20.16,0.758,10.32,15.3,15.29,18.79,27910.96,677.0,-2413.040000000001,-7.957525392428442,-1048099.28,1094746.26,6241093.96,8928530.42,-1501800.1099999999,-5.501543000000001,2057.65,751,1.2220061253413905,PUT WALL + VOL SENSITIVE
2026-05-28T15:58:19 ET,2026-05-28T15:55:00 ET,2026-05-28,Thu,1558ET,AGGREGATE,30324.0,735.53,30516.9,NEGATIVE,NEUTRAL,20.16,0.758,10.32,15.3,15.29,18.79,27918.17,677.0,-2405.8300000000017,-7.933748845798713,-986105.0599999999,1987173.7799999998,10897042.169999998,8123692.18,46113373.5,86.770101,4042.45,2656,1.8007255118566439,PUT WALL + VOL SENSITIVE
2026-05-28T15:58:19 ET,2026-05-28T15:55:00 ET,2026-05-28,Thu,1558ET,AGGREGATE,30324.0,735.53,30516.9,NEGATIVE,NEUTRAL,20.16,0.758,10.32,15.3,15.29,18.79,27918.86,677.0,-2405.1399999999994,-7.931473420393085,-79665.37,79665.37,1989609.0,81140.06,-100340.81,-0.114227,288.9,176,0.11016565044564199,PUT WALL + VOL SENSITIVE
2026-05-28T15:58:19 ET,2026-05-28T15:55:00 ET,2026-05-28,Thu,1558ET,AGGREGATE,30324.0,735.53,30516.9,NEGATIVE,NEUTRAL,20.16,0.758,10.32,15.3,15.29,18.79,27952.19,678.0,-2371.8100000000013,-7.821560480147742,-1059543.24,1068228.0199999998,6409677.69,8563378.16,-2283283.94,-8.305511000000001,1942.64,738,1.191418389409526,PUT WALL + VOL SENSITIVE
2026-05-28T15:58:19 ET,2026-05-28T15:55:00 ET,2026-05-28,Thu,1558ET,AGGREGATE,30324.0,735.53,30516.9,NEGATIVE,NEUTRAL,20.16,0.758,10.32,15.3,15.29,18.79,27959.41,678.0,-2364.59,-7.797750956338215,199853.09000000008,2415324.9699999997,-2225125.5600000005,9700230.440000001,125787691.42999999,235.034803,4791.18,3251,1.8627569662824806,CALL WALL + VOL SENSITIVE
2026-05-28T15:58:19 ET,2026-05-28T15:55:00 ET,2026-05-28,Thu,1558ET,AGGREGATE,30324.0,735.53,30516.9,NEGATIVE,NEUTRAL,20.16,0.758,10.32,15.3,15.29,18.79,27960.1,678.0,-2363.9000000000015,-7.7954755309326,-86383.60999999999,91956.75,2154429.4499999997,91984.61,327122.08999999997,0.382088,328.04,198,0.12178437938641594,PUT WALL + VOL SENSITIVE
2026-05-28T15:58:19 ET,2026-05-28T15:55:00 ET,2026-05-28,Thu,1558ET,AGGREGATE,30324.0,735.53,30516.9,NEGATIVE,NEUTRAL,20.16,0.758,10.32,15.3,15.29,18.79,27993.41,679.0,-2330.59,-7.6856285450468285,-605788.48,666080.22,3723505.79,5246620.99,49866.810000000056,0.17989500000000014,1171.46,464,0.7243709962807922,PUT WALL + VOL SENSITIVE
2026-05-28T15:58:19 ET,2026-05-28T15:55:00 ET,2026-05-28,Thu,1558ET,AGGREGATE,30324.0,735.53,30516.9,NEGATIVE,NEUTRAL,20.16,0.758,10.32,15.3,15.29,18.79,28000.65,679.0,-2323.3499999999985,-7.661753066877716,-1752703.54,2064131.2799999998,19658410.5,8141350.970000001,12505177.27,23.209732000000002,3991.9900000000002,2797,2.0980737814112898,PUT WALL + VOL SENSITIVE
2026-05-28T15:58:19 ET,2026-05-28T15:55:00 ET,2026-05-28,Thu,1558ET,AGGREGATE,30324.0,735.53,30516.9,NEGATIVE,NEUTRAL,20.16,0.758,10.32,15.3,15.29,18.79,28001.34,679.0,-2322.66,-7.659477641472101,-131268.08,131268.08,3268349.94,128920.25,-160444.36,-0.192613,460.66,275,0.1770487282693285,PUT WALL + VOL SENSITIVE
2026-05-28T15:58:19 ET,2026-05-28T15:55:00 ET,2026-05-28,Thu,1558ET,AGGREGATE,30324.0,735.53,30516.9,NEGATIVE,NEUTRAL,20.16,0.758,10.32,15.3,15.29,18.79,28034.64,680.0,-2289.3600000000006,-7.549663632766128,-9034287.739999998,9199219.66,56427823.37,71175258.39,-15484906.34,-55.329164999999996,15639.44,6470,10.089426340202126,PUT WALL + VOL SENSITIVE
2026-05-28T15:58:19 ET,2026-05-28T15:55:00 ET,2026-05-28,Thu,1558ET,AGGREGATE,30324.0,735.53,30516.9,NEGATIVE,NEUTRAL,20.16,0.758,10.32,15.3,15.29,18.79,28041.89,680.0,-2282.1100000000006,-7.525755177417229,-15709407.08,25066704.92,177471591.85000002,97066241.72,433691820.24,799.864529,47256.520000000004,34182,23.584938183218302,PUT WALL + VOL SENSITIVE
2026-05-28T15:58:19 ET,2026-05-28T15:55:00 ET,2026-05-28,Thu,1558ET,AGGREGATE,30324.0,735.53,30516.9,NEGATIVE,NEUTRAL,20.16,0.758,10.32,15.3,15.29,18.79,28042.58,680.0,-2281.4199999999983,-7.523479752011602,-274246.39,320445.61,6814568.95,308891.9,3070117.74,3.7948720000000002,1106.27,652,0.3954120396923064,PUT WALL + VOL SENSITIVE
2026-05-28T15:58:19 ET,2026-05-28T15:55:00 ET,2026-05-28,Thu,1558ET,AGGREGATE,30324.0,735.53,30516.9,NEGATIVE,NEUTRAL,20.16,0.758,10.32,15.3,15.29,18.79,28075.87,681.0,-2248.130000000001,-7.413698720485427,-576600.28,590663.7,3660141.21,4487365.859999999,-844744.2999999999,-2.985487,970.2299999999999,420,0.6418982455777844,PUT WALL + VOL SENSITIVE
2026-05-28T15:58:19 ET,2026-05-28T15:55:00 ET,2026-05-28,Thu,1558ET,AGGREGATE,30324.0,735.53,30516.9,NEGATIVE,NEUTRAL,20.16,0.758,10.32,15.3,15.29,18.79,28083.12,681.0,-2240.880000000001,-7.389790265136528,-1713277.59,2230906.13,19491848.88,8478484.59,23044602.47,42.253677999999994,4099.08,3060,2.196854361390511,PUT WALL + VOL SENSITIVE
2026-05-28T15:58:19 ET,2026-05-28T15:55:00 ET,2026-05-28,Thu,1558ET,AGGREGATE,30324.0,735.53,30516.9,NEGATIVE,NEUTRAL,20.16,0.758,10.32,15.3,15.29,18.79,28083.82,681.0,-2240.1800000000003,-7.387481862551115,-59822.81,64892.53,1483014.21,61375.03,290620.31,0.37055,220.39,128,0.0812753429455093,PUT WALL + VOL SENSITIVE
2026-05-28T15:58:19 ET,2026-05-28T15:55:00 ET,2026-05-28,Thu,1558ET,AGGREGATE,30324.0,735.53,30516.9,NEGATIVE,NEUTRAL,20.16,0.758,10.32,15.3,15.29,18.79,28117.1,682.0,-2206.9000000000015,-7.277733808204727,-1282066.91,1293179.09,8272043.94,9643312.93,-2242172.06,-7.826666,2051.38,931,1.4009193701449276,PUT WALL + VOL SENSITIVE
2026-05-28T15:58:19 ET,2026-05-28T15:55:00 ET,2026-05-28,Thu,1558ET,AGGREGATE,30324.0,735.53,30516.9,NEGATIVE,NEUTRAL,20.16,0.758,10.32,15.3,15.29,18.79,28124.36,682.0,-2199.6399999999994,-7.25379237567603,-5024269.51,5779940.529999999,57553999.48,21551386.47,30623582.8,55.854282000000005,10348.98,7970,5.871736151459013,PUT WALL + VOL SENSITIVE
2026-05-28T15:58:19 ET,2026-05-28T15:55:00 ET,2026-05-28,Thu,1558ET,AGGREGATE,30324.0,735.53,30516.9,NEGATIVE,NEUTRAL,20.16,0.758,10.32,15.3,15.29,18.79,28125.06,682.0,-2198.9399999999987,-7.251483973090616,-89070.64,89070.64,2202116.87,82627.7,-104280.47,-0.137412,297.59,170,0.1146061363876727,PUT WALL + VOL SENSITIVE
2026-05-28T15:58:19 ET,2026-05-28T15:55:00 ET,2026-05-28,Thu,1558ET,AGGREGATE,30324.0,735.53,30516.9,NEGATIVE,NEUTRAL,20.16,0.758,10.32,15.3,15.29,18.79,28158.32,683.0,-2165.6800000000003,-7.141801873103813,-428757.06999999995,450674.37,2812213.15,3297500.13,-255550.24,-0.8797159999999997,690.06,329,0.48032471089343076,PUT WALL + VOL SENSITIVE
2026-05-28T15:58:19 ET,2026-05-28T15:55:00 ET,2026-05-28,Thu,1558ET,AGGREGATE,30324.0,735.53,30516.9,NEGATIVE,NEUTRAL,20.16,0.758,10.32,15.3,15.29,18.79,28165.6,683.0,-2158.4000000000015,-7.117794486215543,-2109303.76,2539538.2,24323912.799999997,9286774.5,18637886.42,33.836934,4430.25,3518,2.5391073449594144,PUT WALL + VOL SENSITIVE
2026-05-28T15:58:19 ET,2026-05-28T15:55:00 ET,2026-05-28,Thu,1558ET,AGGREGATE,30324.0,735.53,30516.9,NEGATIVE,NEUTRAL,20.16,0.758,10.32,15.3,15.29,18.79,28166.3,683.0,-2157.7000000000007,-7.115486083630131,-47201.22,49371.399999999994,1163389.69,44905.97,90055.5,0.12288,162.28,91,0.060773810226827006,PUT WALL + VOL SENSITIVE
2026-05-28T15:58:19 ET,2026-05-28T15:55:00 ET,2026-05-28,Thu,1558ET,AGGREGATE,30324.0,735.53,30516.9,NEGATIVE,NEUTRAL,20.16,0.758,10.32,15.3,15.29,18.79,28199.55,684.0,-2124.4500000000007,-7.005836960823113,-581309.14,592099.1,3876452.3200000003,4249160.35,-763733.24,-2.588632,874.64,439,0.6316083269483808,PUT WALL + VOL SENSITIVE
2026-05-28T15:58:19 ET,2026-05-28T15:55:00 ET,2026-05-28,Thu,1558ET,AGGREGATE,30324.0,735.53,30516.9,NEGATIVE,NEUTRAL,20.16,0.758,10.32,15.3,15.29,18.79,28206.84,684.0,-2117.16,-6.9817965967550455,-447279.9,849975.62,5191260.13,3047280.68,19526579.05,35.314298,1444.48,1182,0.7591710658166103,PUT WALL + VOL SENSITIVE
2026-05-28T15:58:19 ET,2026-05-28T15:55:00 ET,2026-05-28,Thu,1558ET,AGGREGATE,30324.0,735.53,30516.9,NEGATIVE,NEUTRAL,20.16,0.758,10.32,15.3,15.29,18.79,28207.54,684.0,-2116.459999999999,-6.979488194169632,-175633.87,176759.72999999998,4313975.970000001,157574.94999999998,-127859.67000000001,-0.18101899999999999,571.6,314,0.2194348183466483,PUT WALL + VOL SENSITIVE
2026-05-28T15:58:19 ET,2026-05-28T15:55:00 ET,2026-05-28,Thu,1558ET,AGGREGATE,30324.0,735.53,30516.9,NEGATIVE,NEUTRAL,20.16,0.758,10.32,15.3,15.29,18.79,28240.78,685.0,-2083.220000000001,-6.869872048542412,-2707180.6799999997,2781422.66,18356513.279999997,19569914.169999998,-2678840.46,-8.924979,3961.7599999999998,2098,2.9455635023401796,PUT WALL + VOL SENSITIVE
2026-05-28T15:58:19 ET,2026-05-28T15:55:00 ET,2026-05-28,Thu,1558ET,AGGREGATE,30324.0,735.53,30516.9,NEGATIVE,NEUTRAL,20.16,0.758,10.32,15.3,15.29,18.79,28248.08,685.0,-2075.9199999999983,-6.845798707294547,-6641384.5,21656376.84,77562338.46999998,76088486.32,743713978.41,1341.060379,35847.18,30205,17.645085052543745,PUT WALL + VOL SENSITIVE
2026-05-28T15:58:19 ET,2026-05-28T15:55:00 ET,2026-05-28,Thu,1558ET,AGGREGATE,30324.0,735.53,30516.9,NEGATIVE,NEUTRAL,20.16,0.758,10.32,15.3,15.29,18.79,28248.77,685.0,-2075.2299999999996,-6.843523281888932,-119983.54000000001,192558.96,2935701.11,168179.76,4342565.39,6.39219,612.63,329,0.18732167003089228,PUT WALL + VOL SENSITIVE
2026-05-28T15:58:19 ET,2026-05-28T15:55:00 ET,2026-05-28,Thu,1558ET,AGGREGATE,30324.0,735.53,30516.9,NEGATIVE,NEUTRAL,20.16,0.758,10.32,15.3,15.29,18.79,28282.01,686.0,-2041.9900000000016,-6.733907136261712,-1726217.24,1731420.5999999999,11903339.08,11938722.55,-2663047.91,-8.705672,2376.7000000000003,1331,1.8337159182267724,PUT WALL + VOL SENSITIVE
2026-05-28T15:58:19 ET,2026-05-28T15:55:00 ET,2026-05-28,Thu,1558ET,AGGREGATE,30324.0,735.53,30516.9,NEGATIVE,NEUTRAL,20.16,0.758,10.32,15.3,15.29,18.79,28289.31,686.0,-2034.6899999999987,-6.7098337950138465,-6634305.63,6837535.350000001,77943185.27,23533396.25,2402075.3899999997,4.323057,11022.17,9555,7.087073327929411,PUT WALL + VOL SENSITIVE
2026-05-28T15:58:19 ET,2026-05-28T15:55:00 ET,2026-05-28,Thu,1558ET,AGGREGATE,30324.0,735.53,30516.9,NEGATIVE,NEUTRAL,20.16,0.758,10.32,15.3,15.29,18.79,28290.01,686.0,-2033.9900000000016,-6.707525392428444,-524441.26,535417.94,12776811.68,457966.14999999997,67312.30999999994,0.10323499999999997,1676.01,878,0.6360153783352853,PUT WALL + VOL SENSITIVE
2026-05-28T15:58:19 ET,2026-05-28T15:55:00 ET,2026-05-28,Thu,1558ET,AGGREGATE,30324.0,735.53,30516.9,NEGATIVE,NEUTRAL,20.16,0.758,10.32,15.3,15.29,18.79,28323.23,687.0,-2000.7700000000004,-6.597975201160798,-1063817.63,1089298.29,7460962.930000001,7357814.909999999,-947605.3200000001,-3.0339400000000003,1440.22,855,1.1421921924638603,PUT WALL + VOL SENSITIVE
2026-05-28T15:58:19 ET,2026-05-28T15:55:00 ET,2026-05-28,Thu,1558ET,AGGREGATE,30324.0,735.53,30516.9,NEGATIVE,NEUTRAL,20.16,0.758,10.32,15.3,15.29,18.79,28330.55,687.0,-1993.4500000000007,-6.573835905553358,-276008.73,975326.1699999999,3261208.76,3287036.2199999997,34846041.18,62.664904,1530.92,1364,0.7759161554441062,PUT WALL + VOL SENSITIVE
2026-05-28T15:58:19 ET,2026-05-28T15:55:00 ET,2026-05-28,Thu,1558ET,AGGREGATE,30324.0,735.53,30516.9,NEGATIVE,NEUTRAL,20.16,0.758,10.32,15.3,15.29,18.79,28331.25,687.0,-1992.75,-6.571527502967946,-117161.27000000002,159186.51,2840867.5799999996,133288.97,2252039.2600000002,3.606431,490.28999999999996,250,0.15951081850289897,PUT WALL + VOL SENSITIVE
2026-05-28T15:58:19 ET,2026-05-28T15:55:00 ET,2026-05-28,Thu,1558ET,AGGREGATE,30324.0,735.53,30516.9,NEGATIVE,NEUTRAL,20.16,0.758,10.32,15.3,15.29,18.79,28364.46,688.0,-1959.5400000000009,-6.462010288880098,-2084714.4100000001,2094677.21,14872412.03,13853903.48,-2784743.42,-8.715155000000001,2666.04,1682,2.197153466671419,PUT WALL + VOL SENSITIVE
2026-05-28T15:58:19 ET,2026-05-28T15:55:00 ET,2026-05-28,Thu,1558ET,AGGREGATE,30324.0,735.53,30516.9,NEGATIVE,NEUTRAL,20.16,0.758,10.32,15.3,15.29,18.79,28371.79,688.0,-1952.2099999999991,-6.4378380160928605,-2894664.6,3465584.6,34387478.81,11431703.940000001,25507944.29,45.89689,5296.07,4844,3.397718825275379,PUT WALL + VOL SENSITIVE
2026-05-28T15:58:19 ET,2026-05-28T15:55:00 ET,2026-05-28,Thu,1558ET,AGGREGATE,30324.0,735.53,30516.9,NEGATIVE,NEUTRAL,20.16,0.758,10.32,15.3,15.29,18.79,28372.49,688.0,-1951.5099999999984,-6.435529613507447,-235215.24,237880.56,5673746.82,194896.37,-110724.13,-0.18555299999999997,720.92,357,0.27256373051037874,PUT WALL + VOL SENSITIVE
2026-05-28T15:58:19 ET,2026-05-28T15:55:00 ET,2026-05-28,Thu,1558ET,AGGREGATE,30324.0,735.53,30516.9,NEGATIVE,NEUTRAL,20.16,0.758,10.32,15.3,15.29,18.79,28405.69,689.0,-1918.3100000000013,-6.326045376599397,-2585163.62,2592452.62,18762093.63,16780987.39,-3401564.48,-10.3847,3174.4900000000002,2134,2.710479519029652,PUT WALL + VOL SENSITIVE
2026-05-28T15:58:19 ET,2026-05-28T15:55:00 ET,2026-05-28,Thu,1558ET,AGGREGATE,30324.0,735.53,30516.9,NEGATIVE,NEUTRAL,20.16,0.758,10.32,15.3,15.29,18.79,28413.03,689.0,-1910.9700000000012,-6.301840126632374,-576376.4000000001,1558510.3,6882044.67,5029517.36,48699360.25,87.802892,2318.4700000000003,2174,1.2671334941700751,PUT WALL + VOL SENSITIVE
2026-05-28T15:58:19 ET,2026-05-28T15:55:00 ET,2026-05-28,Thu,1558ET,AGGREGATE,30324.0,735.53,30516.9,NEGATIVE,NEUTRAL,20.16,0.758,10.32,15.3,15.29,18.79,28413.73,689.0,-1910.2700000000004,-6.299531724046961,-64295.03,76874.48999999999,1542076.04,61600.62,579450.46,1.018453,229.26,110,0.07824231161684683,PUT WALL + VOL SENSITIVE
2026-05-28T15:58:19 ET,2026-05-28T15:55:00 ET,2026-05-28,Thu,1558ET,AGGREGATE,30324.0,735.53,30516.9,NEGATIVE,NEUTRAL,20.16,0.758,10.32,15.3,15.29,18.79,28446.92,690.0,-1877.0800000000017,-6.190080464318697,-3477861.31,3655242.8699999996,25681080.25,23145417.77,665626.1600000001,1.9780919999999984,4303.64,3091,3.766637697196499,PUT WALL + VOL SENSITIVE
2026-05-28T15:58:19 ET,2026-05-28T15:55:00 ET,2026-05-28,Thu,1558ET,AGGREGATE,30324.0,735.53,30516.9,NEGATIVE,NEUTRAL,20.16,0.758,10.32,15.3,15.29,18.79,28454.27,690.0,-1869.7299999999996,-6.1658422371718755,-6639039.42,13578119.979999999,79648500.78,42848172.0,340456006.18,616.085738,19660.329999999998,18871,11.50842505080239,PUT WALL + VOL SENSITIVE
2026-05-28T15:58:19 ET,2026-05-28T15:55:00 ET,2026-05-28,Thu,1558ET,AGGREGATE,30324.0,735.53,30516.9,NEGATIVE,NEUTRAL,20.16,0.758,10.32,15.3,15.29,18.79,28454.97,690.0,-1869.0299999999988,-6.163533834586462,-553923.67,739054.67,13203159.219999999,578934.98,8482249.66,15.672023000000001,2168.88,1006,0.6971560114411786,PUT WALL + VOL SENSITIVE
2026-05-28T15:58:19 ET,2026-05-28T15:55:00 ET,2026-05-28,Thu,1558ET,AGGREGATE,30324.0,735.53,30516.9,NEGATIVE,NEUTRAL,20.16,0.758,10.32,15.3,15.29,18.79,28488.14,691.0,-1835.8600000000006,-6.054148529217783,-499624.74,577727.0,3754046.4400000004,3576805.32,1773163.77,5.118024,653.63,503,0.581727778992118,PUT WALL + VOL SENSITIVE
2026-05-28T15:58:19 ET,2026-05-28T15:55:00 ET,2026-05-28,Thu,1558ET,AGGREGATE,30324.0,735.53,30516.9,NEGATIVE,NEUTRAL,20.16,0.758,10.32,15.3,15.29,18.79,28495.5,691.0,-1828.5,-6.029877324891175,-147593.63999999996,807424.06,1778447.19,2490320.14,32716643.56,59.530792,1137.78,1116,0.5912246765491876,PUT WALL + VOL SENSITIVE
2026-05-28T15:58:19 ET,2026-05-28T15:55:00 ET,2026-05-28,Thu,1558ET,AGGREGATE,30324.0,735.53,30516.9,NEGATIVE,NEUTRAL,20.16,0.758,10.32,15.3,15.29,18.79,28496.21,691.0,-1827.7900000000009,-6.027535945125976,-46443.26,46443.26,1099548.93,35547.53,-48688.29,-0.094783,134.13,60,0.04978005995195206,PUT WALL + VOL SENSITIVE
2026-05-28T15:58:19 ET,2026-05-28T15:55:00 ET,2026-05-28,Thu,1558ET,AGGREGATE,30324.0,735.53,30516.9,NEGATIVE,NEUTRAL,20.16,0.758,10.32,15.3,15.29,18.79,28529.37,692.0,-1794.630000000001,-5.918183616937083,-2008945.35,2158085.89,15361103.62,13056826.920000002,2350525.8299999996,6.574379,2344.78,1939,2.2040726820746324,PUT WALL + VOL SENSITIVE
2026-05-28T15:58:19 ET,2026-05-28T15:55:00 ET,2026-05-28,Thu,1558ET,AGGREGATE,30324.0,735.53,30516.9,NEGATIVE,NEUTRAL,20.16,0.758,10.32,15.3,15.29,18.79,28536.74,692.0,-1787.2599999999984,-5.8938794354306765,-6802837.09,7687818.25,82298392.45,23162882.0,37106797.88,68.03059200000001,10541.84,10546,7.457279232319217,PUT WALL + VOL SENSITIVE
2026-05-28T15:58:19 ET,2026-05-28T15:55:00 ET,2026-05-28,Thu,1558ET,AGGREGATE,30324.0,735.53,30516.9,NEGATIVE,NEUTRAL,20.16,0.758,10.32,15.3,15.29,18.79,28537.45,692.0,-1786.5499999999993,-5.891538055665477,-70303.63,89923.25,1652289.35,67214.88,789085.59,1.6223290000000001,255.6,110,0.0820010964767643,PUT WALL + VOL SENSITIVE
2026-05-28T15:58:19 ET,2026-05-28T15:55:00 ET,2026-05-28,Thu,1558ET,AGGREGATE,30324.0,735.53,30516.9,NEGATIVE,NEUTRAL,20.16,0.758,10.32,15.3,15.29,18.79,28570.6,693.0,-1753.4000000000015,-5.782218704656382,-1543980.69,2064737.9500000002,12015311.19,12200919.82,15463213.129999999,41.810806,2152.99,1919,2.0157228286764393,PUT WALL + VOL SENSITIVE
2026-05-28T15:58:19 ET,2026-05-28T15:55:00 ET,2026-05-28,Thu,1558ET,AGGREGATE,30324.0,735.53,30516.9,NEGATIVE,NEUTRAL,20.16,0.758,10.32,15.3,15.29,18.79,28577.98,693.0,-1746.0200000000004,-5.75788154597019,-678001.21,1661507.85,8231382.88,4887566.4399999995,47541616.41,88.019766,2216.8,2257,1.3176078195949796,PUT WALL + VOL SENSITIVE
2026-05-28T15:58:19 ET,2026-05-28T15:55:00 ET,2026-05-28,Thu,1558ET,AGGREGATE,30324.0,735.53,30516.9,NEGATIVE,NEUTRAL,20.16,0.758,10.32,15.3,15.29,18.79,28578.69,693.0,-1745.3100000000013,-5.755540166204991,-144519.78,156635.19999999998,3369704.9099999997,114275.20999999999,353732.48,0.769877,438.22999999999996,181,0.1534575331868394,PUT WALL + VOL SENSITIVE
2026-05-28T15:58:19 ET,2026-05-28T15:55:00 ET,2026-05-28,Thu,1558ET,AGGREGATE,30324.0,735.53,30516.9,NEGATIVE,NEUTRAL,20.16,0.758,10.32,15.3,15.29,18.79,28611.83,694.0,-1712.1699999999983,-5.646253792375671,-659896.4099999999,927590.23,5226893.64,5350498.029999999,8494514.34,22.149097,927.67,894,0.8966184712058025,PUT WALL + VOL SENSITIVE
2026-05-28T15:58:19 ET,2026-05-28T15:55:00 ET,2026-05-28,Thu,1558ET,AGGREGATE,30324.0,735.53,30516.9,NEGATIVE,NEUTRAL,20.16,0.758,10.32,15.3,15.29,18.79,28619.22,694.0,-1704.7799999999988,-5.6218836565096915,-62601.03000000003,1548630.27,762364.9600000009,4445212.33,71884584.58999999,134.732819,2010.2,2078,1.0110113961022884,PUT WALL + VOL SENSITIVE
2026-05-28T15:58:19 ET,2026-05-28T15:55:00 ET,2026-05-28,Thu,1558ET,AGGREGATE,30324.0,735.53,30516.9,NEGATIVE,NEUTRAL,20.16,0.758,10.32,15.3,15.29,18.79,28619.93,694.0,-1704.0699999999997,-5.619542276744492,-103764.76,133149.47999999998,2398816.71,94759.41,1040911.0700000001,2.4039230000000003,366.69,145,0.11510084375928771,PUT WALL + VOL SENSITIVE
2026-05-28T15:58:19 ET,2026-05-28T15:55:00 ET,2026-05-28,Thu,1558ET,AGGREGATE,30324.0,735.53,30516.9,NEGATIVE,NEUTRAL,20.16,0.758,10.32,15.3,15.29,18.79,28653.05,695.0,-1670.9500000000007,-5.510321857274769,-2269542.08,2578934.3600000003,18298332.619999997,14512054.540000001,8786959.329999998,22.038662000000002,2472.02,2584,2.603118227670254,PUT WALL + VOL SENSITIVE
2026-05-28T15:58:19 ET,2026-05-28T15:55:00 ET,2026-05-28,Thu,1558ET,AGGREGATE,30324.0,735.53,30516.9,NEGATIVE,NEUTRAL,20.16,0.758,10.32,15.3,15.29,18.79,28660.46,695.0,-1663.5400000000009,-5.485885767049205,-11458819.440000001,29894907.76,139907890.76999998,83683194.74000001,869227726.9,1653.79719,37750.270000000004,39517,22.797373566705293,PUT WALL + VOL SENSITIVE
2026-05-28T15:58:19 ET,2026-05-28T15:55:00 ET,2026-05-28,Thu,1558ET,AGGREGATE,30324.0,735.53,30516.9,NEGATIVE,NEUTRAL,20.16,0.758,10.32,15.3,15.29,18.79,28661.17,695.0,-1662.8300000000017,-5.483544387284005,-389705.44999999995,678810.25,8926436.16,470966.62,10197390.61,25.048866,1840.35,695,0.48578200862838805,PUT WALL + VOL SENSITIVE
2026-05-28T15:58:19 ET,2026-05-28T15:55:00 ET,2026-05-28,Thu,1558ET,AGGREGATE,30324.0,735.53,30516.9,NEGATIVE,NEUTRAL,20.16,0.758,10.32,15.3,15.29,18.79,28694.28,696.0,-1629.7200000000012,-5.374356944994068,-7957097.029999999,8031784.59,65306697.37,44063498.65,-4825369.2700000005,-11.611358000000001,7373.97,8388,8.355199675386887,PUT WALL + VOL SENSITIVE
2026-05-28T15:58:19 ET,2026-05-28T15:55:00 ET,2026-05-28,Thu,1558ET,AGGREGATE,30324.0,735.53,30516.9,NEGATIVE,NEUTRAL,20.16,0.758,10.32,15.3,15.29,18.79,28701.69,696.0,-1622.3100000000013,-5.349920854768504,-3868801.6,4685231.96,47332985.21,12781956.639999999,34895361.64,67.595286,5755.09,6083,4.247887112029083,PUT WALL + VOL SENSITIVE
2026-05-28T15:58:19 ET,2026-05-28T15:55:00 ET,2026-05-28,Thu,1558ET,AGGREGATE,30324.0,735.53,30516.9,NEGATIVE,NEUTRAL,20.16,0.758,10.32,15.3,15.29,18.79,28702.4,696.0,-1621.5999999999985,-5.347579475003293,-332182.29000000004,465471.73,7533714.690000001,314643.95,4239703.54,11.103418,1242.44,447,0.36274197709855643,PUT WALL + VOL SENSITIVE
2026-05-28T15:58:19 ET,2026-05-28T15:55:00 ET,2026-05-28,Thu,1558ET,AGGREGATE,30324.0,735.53,30516.9,NEGATIVE,NEUTRAL,20.16,0.758,10.32,15.3,15.29,18.79,28735.51,697.0,-1588.4900000000016,-5.238392032713367,-377499.99,511274.25,3154037.42,2732835.56,4906836.63,11.298483,449.28,558,0.5002146332329991,PUT WALL + VOL SENSITIVE
2026-05-28T15:58:19 ET,2026-05-28T15:55:00 ET,2026-05-28,Thu,1558ET,AGGREGATE,30324.0,735.53,30516.9,NEGATIVE,NEUTRAL,20.16,0.758,10.32,15.3,15.29,18.79,28742.93,697.0,-1581.0699999999997,-5.213922965308006,-1289423.97,2508830.3899999997,15798412.73,6666192.7299999995,54866967.019999996,108.558333,2997.5299999999997,3189,1.963416314576883,PUT WALL + VOL SENSITIVE
2026-05-28T15:58:19 ET,2026-05-28T15:55:00 ET,2026-05-28,Thu,1558ET,AGGREGATE,30324.0,735.53,30516.9,NEGATIVE,NEUTRAL,20.16,0.758,10.32,15.3,15.29,18.79,28743.64,697.0,-1580.3600000000006,-5.211581585542806,-192521.35,277097.21,4319991.6899999995,182370.15,2518600.7800000003,7.049001,728.26,249,0.20620870826339838,PUT WALL + VOL SENSITIVE
2026-05-28T15:58:19 ET,2026-05-28T15:55:00 ET,2026-05-28,Thu,1558ET,AGGREGATE,30324.0,735.53,30516.9,NEGATIVE,NEUTRAL,20.16,0.758,10.32,15.3,15.29,18.79,28776.74,698.0,-1547.2599999999984,-5.1024271204326554,-1605505.06,1701695.46,13655789.32,8855925.32,2592758.3200000003,5.697704,1430.26,1946,1.7645370491367343,PUT WALL + VOL SENSITIVE
2026-05-28T15:58:19 ET,2026-05-28T15:55:00 ET,2026-05-28,Thu,1558ET,AGGREGATE,30324.0,735.53,30516.9,NEGATIVE,NEUTRAL,20.16,0.758,10.32,15.3,15.29,18.79,28784.17,698.0,-1539.8300000000017,-5.077925075847519,-823320.29,1790983.71,10095815.06,4631681.54,42647732.980000004,86.491705,2081.3,2221,1.340720932219073,PUT WALL + VOL SENSITIVE
2026-05-28T15:58:19 ET,2026-05-28T15:55:00 ET,2026-05-28,Thu,1558ET,AGGREGATE,30324.0,735.53,30516.9,NEGATIVE,NEUTRAL,20.16,0.758,10.32,15.3,15.29,18.79,28784.88,698.0,-1539.119999999999,-5.075583696082308,-207416.99,414833.99,4601319.25,265636.14999999997,5987432.65,17.950277,1073.6,348,0.250676005349655,PUT WALL + VOL SENSITIVE
2026-05-28T15:58:19 ET,2026-05-28T15:55:00 ET,2026-05-28,Thu,1558ET,AGGREGATE,30324.0,735.53,30516.9,NEGATIVE,NEUTRAL,20.16,0.758,10.32,15.3,15.29,18.79,28817.96,699.0,-1506.0400000000009,-4.966495185331754,-922266.18,1008832.68,7985734.18,5107965.75,3012790.5100000002,6.302085,810.42,1212,1.0451654790022462,PUT WALL + VOL SENSITIVE
2026-05-28T15:58:19 ET,2026-05-28T15:55:00 ET,2026-05-28,Thu,1558ET,AGGREGATE,30324.0,735.53,30516.9,NEGATIVE,NEUTRAL,20.16,0.758,10.32,15.3,15.29,18.79,28825.41,699.0,-1498.5900000000001,-4.94192718638702,-80479.90999999992,3397579.8899999997,986999.9800000004,8545573.8,144277012.53,301.05673,3840.16,4095,1.9643255482194928,PUT WALL + VOL SENSITIVE
2026-05-28T15:58:19 ET,2026-05-28T15:55:00 ET,2026-05-28,Thu,1558ET,AGGREGATE,30324.0,735.53,30516.9,NEGATIVE,NEUTRAL,20.16,0.758,10.32,15.3,15.29,18.79,28826.12,699.0,-1497.880000000001,-4.939585806621821,-1066113.68,1250411.84,23362510.55,778459.73,4065774.3200000003,13.086913,3187.06,977,0.9946761913677425,PUT WALL + VOL SENSITIVE
2026-05-28T15:58:19 ET,2026-05-28T15:55:00 ET,2026-05-28,Thu,1558ET,AGGREGATE,30324.0,735.53,30516.9,NEGATIVE,NEUTRAL,20.16,0.758,10.32,15.3,15.29,18.79,28859.19,700.0,-1464.8100000000013,-4.830530273051052,-1665878.19,2497236.75,14683904.55,12292280.979999999,36795379.88,73.074315,1915.98,3160,2.444330123990858,PUT WALL + VOL SENSITIVE
2026-05-28T15:58:19 ET,2026-05-28T15:55:00 ET,2026-05-28,Thu,1558ET,AGGREGATE,30324.0,735.53,30516.9,NEGATIVE,NEUTRAL,20.16,0.758,10.32,15.3,15.29,18.79,28866.65,700.0,-1457.3499999999985,-4.805929296926522,-9183615.610000001,36434456.31,112558525.32,89058384.5,1140535096.73,2458.703373,40051.56,42506,23.405210085402732,PUT WALL + VOL SENSITIVE
2026-05-28T15:58:19 ET,2026-05-28T15:55:00 ET,2026-05-28,Thu,1558ET,AGGREGATE,30324.0,735.53,30516.9,NEGATIVE,NEUTRAL,20.16,0.758,10.32,15.3,15.29,18.79,28867.36,700.0,-1456.6399999999994,-4.803587917161323,-1060461.09,2448701.0700000003,22935725.22,1480982.6,34667365.5,120.077125,6147.43,1778,1.2842530831166168,PUT WALL + VOL SENSITIVE
2026-05-28T15:58:19 ET,2026-05-28T15:55:00 ET,2026-05-28,Thu,1558ET,AGGREGATE,30324.0,735.53,30516.9,NEGATIVE,NEUTRAL,20.16,0.758,10.32,15.3,15.29,18.79,28900.42,701.0,-1423.5800000000017,-4.694565360770353,-785843.6799999999,908584.98,7050933.46,4344411.63,5382839.449999999,10.124117,665.3,1214,0.9465280737945722,PUT WALL + VOL SENSITIVE
2026-05-28T15:58:19 ET,2026-05-28T15:55:00 ET,2026-05-28,Thu,1558ET,AGGREGATE,30324.0,735.53,30516.9,NEGATIVE,NEUTRAL,20.16,0.758,10.32,15.3,15.29,18.79,28907.88,701.0,-1416.119999999999,-4.669964384645821,603922.98,3507022.56,-7391506.739999998,8324141.71,167278510.55,374.185852,3749.5,3943,2.1096364001130157,CALL WALL + VOL SENSITIVE
2026-05-28T15:58:19 ET,2026-05-28T15:55:00 ET,2026-05-28,Thu,1558ET,AGGREGATE,30324.0,735.53,30516.9,NEGATIVE,NEUTRAL,20.16,0.758,10.32,15.3,15.29,18.79,28908.6,701.0,-1415.4000000000015,-4.667590027700836,-196056.46999999997,507964.49,4181217.4,298208.33999999997,7226674.220000001,26.994864999999997,1256.22,342,0.2421927173433766,PUT WALL + VOL SENSITIVE
2026-05-28T15:58:19 ET,2026-05-28T15:55:00 ET,2026-05-28,Thu,1558ET,AGGREGATE,30324.0,735.53,30516.9,NEGATIVE,NEUTRAL,20.16,0.758,10.32,15.3,15.29,18.79,28941.64,702.0,-1382.3600000000006,-4.558633425669439,-1075552.89,1229708.41,9822239.77,5706749.47,7191691.97,12.780047,858.7,1739,1.2997563689840321,PUT WALL + VOL SENSITIVE
2026-05-28T15:58:19 ET,2026-05-28T15:55:00 ET,2026-05-28,Thu,1558ET,AGGREGATE,30324.0,735.53,30516.9,NEGATIVE,NEUTRAL,20.16,0.758,10.32,15.3,15.29,18.79,28949.12,702.0,-1374.880000000001,-4.533966495185335,566549.0899999999,4238454.79,-6918289.66,9760532.34,187395391.06,437.00928700000003,4407.37,4571,2.4062405834747738,CALL WALL + VOL SENSITIVE
2026-05-28T15:58:19 ET,2026-05-28T15:55:00 ET,2026-05-28,Thu,1558ET,AGGREGATE,30324.0,735.53,30516.9,NEGATIVE,NEUTRAL,20.16,0.758,10.32,15.3,15.29,18.79,28949.84,702.0,-1374.1599999999999,-4.531592138240337,-447860.22,913378.02,9409067.440000001,520030.56999999995,9776633.68,39.469629999999995,2225.46,569,0.47388751532563267,PUT WALL + VOL SENSITIVE
2026-05-28T15:58:19 ET,2026-05-28T15:55:00 ET,2026-05-28,Thu,1558ET,AGGREGATE,30324.0,735.53,30516.9,NEGATIVE,NEUTRAL,20.16,0.758,10.32,15.3,15.29,18.79,28982.87,703.0,-1341.130000000001,-4.4226685133887385,-2212787.29,2292791.6500000004,20564776.09,10317610.39,2966355.3299999996,4.969977999999999,1525.7099999999998,3439,2.5152674713394005,PUT WALL + VOL SENSITIVE
2026-05-28T15:58:19 ET,2026-05-28T15:55:00 ET,2026-05-28,Thu,1558ET,AGGREGATE,30324.0,735.53,30516.9,NEGATIVE,NEUTRAL,20.16,0.758,10.32,15.3,15.29,18.79,28990.36,703.0,-1333.6399999999994,-4.397968605724836,-884073.97,3239013.87,10760971.89,7230158.06,86789502.68,212.055646,3275.96,3334,1.919341221999598,PUT WALL + VOL SENSITIVE
2026-05-28T15:58:19 ET,2026-05-28T15:55:00 ET,2026-05-28,Thu,1558ET,AGGREGATE,30324.0,735.53,30516.9,NEGATIVE,NEUTRAL,20.16,0.758,10.32,15.3,15.29,18.79,28991.08,703.0,-1332.9199999999983,-4.3955942487798385,-801423.73,1215173.93,16569225.64,670354.88,7575303.449999999,33.120487999999995,2917.47,699,0.7244204894038012,PUT WALL + VOL SENSITIVE
2026-05-28T15:58:19 ET,2026-05-28T15:55:00 ET,2026-05-28,Thu,1558ET,AGGREGATE,30324.0,735.53,30516.9,NEGATIVE,NEUTRAL,20.16,0.758,10.32,15.3,15.29,18.79,29024.1,704.0,-1299.9000000000015,-4.286703601108038,-1020200.65,1101766.51,9646965.020000001,4803021.38,4127918.5100000002,6.508711,698.12,1756,1.215139492425647,PUT WALL + VOL SENSITIVE
2026-05-28T15:58:19 ET,2026-05-28T15:55:00 ET,2026-05-28,Thu,1558ET,AGGREGATE,30324.0,735.53,30516.9,NEGATIVE,NEUTRAL,20.16,0.758,10.32,15.3,15.29,18.79,29031.6,704.0,-1292.4000000000015,-4.26197071626435,-4677411.52,8725506.02,56692832.99,18861394.990000002,139313720.35,358.52849499999996,8584.119999999999,8527,5.795244247207283,PUT WALL + VOL SENSITIVE
2026-05-28T15:58:19 ET,2026-05-28T15:55:00 ET,2026-05-28,Thu,1558ET,AGGREGATE,30324.0,735.53,30516.9,NEGATIVE,NEUTRAL,20.16,0.758,10.32,15.3,15.29,18.79,29032.32,704.0,-1291.6800000000003,-4.259596359319352,-192412.94,852653.4199999999,3910535.37,455299.57,12045358.0,57.146448,2017.46,452,0.28451748718193043,PUT WALL + VOL SENSITIVE
2026-05-28T15:58:19 ET,2026-05-28T15:55:00 ET,2026-05-28,Thu,1558ET,AGGREGATE,30324.0,735.53,30516.9,NEGATIVE,NEUTRAL,20.16,0.758,10.32,15.3,15.29,18.79,29065.33,705.0,-1258.6699999999983,-4.150738688827325,-874407.6100000001,1657424.01,8410647.24,6992381.66,47917076.97,71.000585,999.26,2811,1.6701228762555247,PUT WALL + VOL SENSITIVE
2026-05-28T15:58:19 ET,2026-05-28T15:55:00 ET,2026-05-28,Thu,1558ET,AGGREGATE,30324.0,735.53,30516.9,NEGATIVE,NEUTRAL,20.16,0.758,10.32,15.3,15.29,18.79,29072.84,705.0,-1251.1599999999999,-4.125972826803851,-30594564.04,59327095.32,368848055.56000006,124061316.85000001,933927734.1,2545.733048,56777.409999999996,54738,37.67144328630255,PUT WALL + VOL SENSITIVE
2026-05-28T15:58:19 ET,2026-05-28T15:55:00 ET,2026-05-28,Thu,1558ET,AGGREGATE,30324.0,735.53,30516.9,NEGATIVE,NEUTRAL,20.16,0.758,10.32,15.3,15.29,18.79,29073.56,705.0,-1250.4399999999987,-4.1235984698588535,-3810253.4499999997,7358013.65,76035073.07,3799143.83,56510768.88,291.45720800000004,17160.420000000002,3588,3.5270508893911714,PUT WALL + VOL SENSITIVE
2026-05-28T15:58:19 ET,2026-05-28T15:55:00 ET,2026-05-28,Thu,1558ET,AGGREGATE,30324.0,735.53,30516.9,NEGATIVE,NEUTRAL,20.16,0.758,10.32,15.3,15.29,18.79,29106.55,706.0,-1217.4500000000007,-4.014806753726424,-1265484.51,1375093.41,12377771.87,5608119.92,6564049.08,9.131692,788.2199999999999,2484,1.5707053172256797,PUT WALL + VOL SENSITIVE
2026-05-28T15:58:19 ET,2026-05-28T15:55:00 ET,2026-05-28,Thu,1558ET,AGGREGATE,30324.0,735.53,30516.9,NEGATIVE,NEUTRAL,20.16,0.758,10.32,15.3,15.29,18.79,29114.08,706.0,-1209.9199999999983,-3.9899749373433524,-1600443.41,4133901.4699999997,19169231.49,8353441.41,77888658.78,226.19695099999998,3849.0,3580,2.345415597640167,PUT WALL + VOL SENSITIVE
2026-05-28T15:58:19 ET,2026-05-28T15:55:00 ET,2026-05-28,Thu,1558ET,AGGREGATE,30324.0,735.53,30516.9,NEGATIVE,NEUTRAL,20.16,0.758,10.32,15.3,15.29,18.79,29114.8,706.0,-1209.2000000000007,-3.987600580398367,-285849.86,1112134.6,5593968.410000001,554617.77,12531227.67,70.381264,2557.02,498,0.356545608697126,PUT WALL + VOL SENSITIVE
2026-05-28T15:58:19 ET,2026-05-28T15:55:00 ET,2026-05-28,Thu,1558ET,AGGREGATE,30324.0,735.53,30516.9,NEGATIVE,NEUTRAL,20.16,0.758,10.32,15.3,15.29,18.79,29147.78,707.0,-1176.2200000000012,-3.878841841445723,-654707.55,919708.23,6509208.9399999995,3621793.4299999997,18305925.27,23.903820999999997,500.86,1770,1.0153583401882598,PUT WALL + VOL SENSITIVE
2026-05-28T15:58:19 ET,2026-05-28T15:55:00 ET,2026-05-28,Thu,1558ET,AGGREGATE,30324.0,735.53,30516.9,NEGATIVE,NEUTRAL,20.16,0.758,10.32,15.3,15.29,18.79,29155.31,707.0,-1168.6899999999987,-3.854010025062652,-1614071.0099999998,3683646.71,19181578.64,7184458.18,59050501.65,183.824784,3337.26,2976,2.069648510095947,PUT WALL + VOL SENSITIVE
2026-05-28T15:58:19 ET,2026-05-28T15:55:00 ET,2026-05-28,Thu,1558ET,AGGREGATE,30324.0,735.53,30516.9,NEGATIVE,NEUTRAL,20.16,0.758,10.32,15.3,15.29,18.79,29156.03,707.0,-1167.9700000000012,-3.8516356681176664,-604063.8799999999,1193513.3,11577508.680000002,574184.28,7745399.850000001,47.447186,2705.77,490,0.52280973038398,PUT WALL + VOL SENSITIVE
2026-05-28T15:58:19 ET,2026-05-28T15:55:00 ET,2026-05-28,Thu,1558ET,AGGREGATE,30324.0,735.53,30516.9,NEGATIVE,NEUTRAL,20.16,0.758,10.32,15.3,15.29,18.79,29189.01,708.0,-1134.9900000000016,-3.742876929165023,-543638.39,784713.2100000001,5491245.76,2980110.7600000002,17807657.53,21.838889,405.7,1608,0.8810243487680881,PUT WALL + VOL SENSITIVE
2026-05-28T15:58:19 ET,2026-05-28T15:55:00 ET,2026-05-28,Thu,1558ET,AGGREGATE,30324.0,735.53,30516.9,NEGATIVE,NEUTRAL,20.16,0.758,10.32,15.3,15.29,18.79,29196.55,708.0,-1127.4500000000007,-3.718012135602166,-323134.6900000002,3741419.0300000003,3804785.6400000006,7034206.41,91709933.67999999,307.978236,3298.74,2802,1.5628254829118653,PUT WALL + VOL SENSITIVE
2026-05-28T15:58:19 ET,2026-05-28T15:55:00 ET,2026-05-28,Thu,1558ET,AGGREGATE,30324.0,735.53,30516.9,NEGATIVE,NEUTRAL,20.16,0.758,10.32,15.3,15.29,18.79,29197.27,708.0,-1126.7299999999996,-3.715637778657168,-561345.69,2306572.09,10522095.279999997,1069095.9500000002,21887783.62,146.448575,5157.02,867,0.6581729896123317,PUT WALL + VOL SENSITIVE
2026-05-28T15:58:19 ET,2026-05-28T15:55:00 ET,2026-05-28,Thu,1558ET,AGGREGATE,30324.0,735.53,30516.9,NEGATIVE,NEUTRAL,20.16,0.758,10.32,15.3,15.29,18.79,29230.24,709.0,-1093.7599999999984,-3.6069120168843107,-806124.09,974143.13,8267615.500000001,3562967.02,13041531.92,15.045437999999999,477.78,2122,1.1587293620077217,PUT WALL + VOL SENSITIVE
2026-05-28T15:58:19 ET,2026-05-28T15:55:00 ET,2026-05-28,Thu,1558ET,AGGREGATE,30324.0,735.53,30516.9,NEGATIVE,NEUTRAL,20.16,0.758,10.32,15.3,15.29,18.79,29237.79,709.0,-1086.2099999999991,-3.5820142461416666,-278376.73,6678141.710000001,3242638.410000004,12086711.58,158060348.81,576.354994,5731.26,4606,2.5366076809970055,PUT WALL + VOL SENSITIVE
2026-05-28T15:58:19 ET,2026-05-28T15:55:00 ET,2026-05-28,Thu,1558ET,AGGREGATE,30324.0,735.53,30516.9,NEGATIVE,NEUTRAL,20.16,0.758,10.32,15.3,15.29,18.79,29238.51,709.0,-1085.4900000000016,-3.5796398891966814,-311304.11999999994,997918.8,5698266.9799999995,445005.93000000005,7708563.66,56.40401,2200.81,343,0.30605967836356957,PUT WALL + VOL SENSITIVE
2026-05-28T15:58:19 ET,2026-05-28T15:55:00 ET,2026-05-28,Thu,1558ET,AGGREGATE,30324.0,735.53,30516.9,NEGATIVE,NEUTRAL,20.16,0.758,10.32,15.3,15.29,18.79,29271.46,710.0,-1052.5400000000009,-3.4709800817834084,-1094016.9,1489872.58,11384211.32,5240603.720000001,33013843.639999997,35.932348,692.74,3440,1.7691301749702042,PUT WALL + VOL SENSITIVE
2026-05-28T15:58:19 ET,2026-05-28T15:55:00 ET,2026-05-28,Thu,1558ET,AGGREGATE,30324.0,735.53,30516.9,NEGATIVE,NEUTRAL,20.16,0.758,10.32,15.3,15.29,18.79,29279.03,710.0,-1044.9700000000012,-3.446016356681181,-20283537.39,50678730.41,233347639.11,88169301.39,673564181.53,2684.8251259999997,42345.229999999996,31976,24.210856365045323,PUT WALL + VOL SENSITIVE
2026-05-28T15:58:19 ET,2026-05-28T15:55:00 ET,2026-05-28,Thu,1558ET,AGGREGATE,30324.0,735.53,30516.9,NEGATIVE,NEUTRAL,20.16,0.758,10.32,15.3,15.29,18.79,29279.75,710.0,-1044.25,-3.4436419997361827,-987341.9100000001,5796652.51,17620194.990000002,2483226.59,49868328.07,399.453393,12612.67,1820,1.2948818552228174,PUT WALL + VOL SENSITIVE
2026-05-28T15:58:19 ET,2026-05-28T15:55:00 ET,2026-05-28,Thu,1558ET,AGGREGATE,30324.0,735.53,30516.9,NEGATIVE,NEUTRAL,20.16,0.758,10.32,15.3,15.29,18.79,29312.69,711.0,-1011.3100000000013,-3.3350151695027086,-440393.98999999993,932912.8899999999,4645580.869999999,3150957.2800000003,43779894.410000004,45.155972,410.95000000000005,2273,1.0548654738443817,PUT WALL + VOL SENSITIVE
2026-05-28T15:58:19 ET,2026-05-28T15:55:00 ET,2026-05-28,Thu,1558ET,AGGREGATE,30324.0,735.53,30516.9,NEGATIVE,NEUTRAL,20.16,0.758,10.32,15.3,15.29,18.79,29320.27,711.0,-1003.7299999999996,-3.3100184672206816,4036307.2200000007,12988048.22,-45777066.96,21686468.36,350882810.12,1539.282673,10568.73,7446,5.641847107950277,CALL WALL + VOL SENSITIVE
2026-05-28T15:58:19 ET,2026-05-28T15:55:00 ET,2026-05-28,Thu,1558ET,AGGREGATE,30324.0,735.53,30516.9,NEGATIVE,NEUTRAL,20.16,0.758,10.32,15.3,15.29,18.79,29320.99,711.0,-1003.0099999999984,-3.3076441102756844,-76770.18000000005,1633111.1800000002,1333421.42,670991.86,14797505.92,129.86551699999998,3506.58,468,0.24858460346000386,PUT WALL + VOL SENSITIVE
2026-05-28T15:58:19 ET,2026-05-28T15:55:00 ET,2026-05-28,Thu,1558ET,AGGREGATE,30324.0,735.53,30516.9,NEGATIVE,NEUTRAL,20.16,0.758,10.32,15.3,15.29,18.79,29353.92,712.0,-970.0800000000017,-3.199050257222008,-776188.96,1055663.96,8291452.879999999,3417957.61,25885280.26,25.462231000000003,440.28,2697,1.3040110987338445,PUT WALL + VOL SENSITIVE
2026-05-28T15:58:19 ET,2026-05-28T15:55:00 ET,2026-05-28,Thu,1558ET,AGGREGATE,30324.0,735.53,30516.9,NEGATIVE,NEUTRAL,20.16,0.758,10.32,15.3,15.29,18.79,29361.5,712.0,-962.5,-3.1740535549399818,813742.29,6392032.67,-9080133.129999999,10225712.23,133201395.03,647.513745,5066.98,3307,2.207805923595449,CALL WALL + VOL SENSITIVE
2026-05-28T15:58:19 ET,2026-05-28T15:55:00 ET,2026-05-28,Thu,1558ET,AGGREGATE,30324.0,735.53,30516.9,NEGATIVE,NEUTRAL,20.16,0.758,10.32,15.3,15.29,18.79,29362.23,712.0,-961.7700000000004,-3.1716462208151976,-3339698.77,4579174.61,56351005.370000005,1801293.48,7393979.54,71.138831,9704.87,1197,2.1289340419698264,PUT WALL + VOL SENSITIVE
2026-05-28T15:58:19 ET,2026-05-28T15:55:00 ET,2026-05-28,Thu,1558ET,AGGREGATE,30324.0,735.53,30516.9,NEGATIVE,NEUTRAL,20.16,0.758,10.32,15.3,15.29,18.79,29395.15,713.0,-928.8499999999985,-3.0630853449412956,-439003.16,612947.8,4743002.53,1898940.29,16787636.2,15.883912,241.9,1628,0.7640108831109317,PUT WALL + VOL SENSITIVE
2026-05-28T15:58:19 ET,2026-05-28T15:55:00 ET,2026-05-28,Thu,1558ET,AGGREGATE,30324.0,735.53,30516.9,NEGATIVE,NEUTRAL,20.16,0.758,10.32,15.3,15.29,18.79,29402.74,713.0,-921.2599999999984,-3.038055665479483,1326207.06,6195435.58,-14528312.440000001,9478225.61,124539872.86000001,675.429562,4785.889999999999,2873,2.196271125814419,CALL WALL + VOL SENSITIVE
2026-05-28T15:58:19 ET,2026-05-28T15:55:00 ET,2026-05-28,Thu,1558ET,AGGREGATE,30324.0,735.53,30516.9,NEGATIVE,NEUTRAL,20.16,0.758,10.32,15.3,15.29,18.79,29403.47,713.0,-920.5299999999988,-3.035648331354699,-448901.8400000001,2580136.7199999997,7343232.460000001,969840.72,16110939.87,169.990209,5398.610000000001,615,0.4971459991304559,PUT WALL + VOL SENSITIVE
2026-05-28T15:58:19 ET,2026-05-28T15:55:00 ET,2026-05-28,Thu,1558ET,AGGREGATE,30324.0,735.53,30516.9,NEGATIVE,NEUTRAL,20.16,0.758,10.32,15.3,15.29,18.79,29436.37,714.0,-887.630000000001,-2.927153409840394,-607942.35,746377.41,6633263.7,2208150.87,13669496.520000001,12.580724,278.59999999999997,2038,0.9613833925842005,PUT WALL + VOL SENSITIVE
2026-05-28T15:58:19 ET,2026-05-28T15:55:00 ET,2026-05-28,Thu,1558ET,AGGREGATE,30324.0,735.53,30516.9,NEGATIVE,NEUTRAL,20.16,0.758,10.32,15.3,15.29,18.79,29443.98,714.0,-880.0200000000004,-2.9020577760189963,-10012235.25,15548754.309999999,107423697.64,22702199.529999997,74844075.49,455.883033,11709.380000000001,6420,7.184293847057026,PUT WALL + VOL SENSITIVE
2026-05-28T15:58:19 ET,2026-05-28T15:55:00 ET,2026-05-28,Thu,1558ET,AGGREGATE,30324.0,735.53,30516.9,NEGATIVE,NEUTRAL,20.16,0.758,10.32,15.3,15.29,18.79,29444.71,714.0,-879.2900000000009,-2.899650441894212,-1127312.57,2820582.0700000003,17838962.03,1010981.29,10697618.0,123.794337,5828.03,613,0.7989567718418948,PUT WALL + VOL SENSITIVE
2026-05-28T15:58:19 ET,2026-05-28T15:55:00 ET,2026-05-28,Thu,1558ET,AGGREGATE,30324.0,735.53,30516.9,NEGATIVE,NEUTRAL,20.16,0.758,10.32,15.3,15.29,18.79,29477.6,715.0,-846.4000000000015,-2.7911884975596934,-1008154.6499999999,1691098.1099999999,11089429.22,4767329.0,69013889.67,62.669796,596.76,4680,2.058847327383615,PUT WALL + VOL SENSITIVE
2026-05-28T15:58:19 ET,2026-05-28T15:55:00 ET,2026-05-28,Thu,1558ET,AGGREGATE,30324.0,735.53,30516.9,NEGATIVE,NEUTRAL,20.16,0.758,10.32,15.3,15.29,18.79,29485.22,715.0,-838.7799999999988,-2.7660598865584975,-11150523.32,40848749.92,116867772.01999998,56793613.75,374843205.69,2580.868703,30001.94,14921,13.226179108875844,PUT WALL + VOL SENSITIVE
2026-05-28T15:58:19 ET,2026-05-28T15:55:00 ET,2026-05-28,Thu,1558ET,AGGREGATE,30324.0,735.53,30516.9,NEGATIVE,NEUTRAL,20.16,0.758,10.32,15.3,15.29,18.79,29485.95,715.0,-838.0499999999993,-2.7636525524337134,751776.3599999999,7896174.48,-11480661.049999997,2692551.95,55001571.96,697.9317000000001,16115.87,1565,1.1262209532887324,CALL WALL + VOL SENSITIVE
2026-05-28T15:58:19 ET,2026-05-28T15:55:00 ET,2026-05-28,Thu,1558ET,AGGREGATE,30324.0,735.53,30516.9,NEGATIVE,NEUTRAL,20.16,0.758,10.32,15.3,15.29,18.79,29518.83,716.0,-805.1699999999983,-2.655223585278981,-983458.73,1128618.69,10883146.49,3024467.41,14400727.28,13.133187,376.41999999999996,3110,1.4582032563572498,PUT WALL + VOL SENSITIVE
2026-05-28T15:58:19 ET,2026-05-28T15:55:00 ET,2026-05-28,Thu,1558ET,AGGREGATE,30324.0,735.53,30516.9,NEGATIVE,NEUTRAL,20.16,0.758,10.32,15.3,15.29,18.79,29526.46,716.0,-797.5400000000009,-2.630061997098011,-1995770.6700000004,7369717.890000001,20374693.81,9733140.34,59150431.8,463.175899,5281.51,2367,2.231736232014011,PUT WALL + VOL SENSITIVE
2026-05-28T15:58:19 ET,2026-05-28T15:55:00 ET,2026-05-28,Thu,1558ET,AGGREGATE,30324.0,735.53,30516.9,NEGATIVE,NEUTRAL,20.16,0.758,10.32,15.3,15.29,18.79,29527.19,716.0,-796.8100000000013,-2.6276546629732267,3975933.67,8963822.65,-58443735.019999996,2900520.32,76819842.44999999,1068.363594,18075.84,1621,2.6090994299571566,CALL WALL + VOL SENSITIVE
2026-05-28T15:58:19 ET,2026-05-28T15:55:00 ET,2026-05-28,Thu,1558ET,AGGREGATE,30324.0,735.53,30516.9,NEGATIVE,NEUTRAL,20.16,0.758,10.32,15.3,15.29,18.79,29560.06,717.0,-763.9399999999987,-2.519258672998281,-404085.42,872601.06,4487702.109999999,2216985.01,46039091.75,43.089258,275.02,2343,0.9844163659070531,PUT WALL + VOL SENSITIVE
2026-05-28T15:58:19 ET,2026-05-28T15:55:00 ET,2026-05-28,Thu,1558ET,AGGREGATE,30324.0,735.53,30516.9,NEGATIVE,NEUTRAL,20.16,0.758,10.32,15.3,15.29,18.79,29567.69,717.0,-756.3100000000013,-2.494097084817311,-3101683.5700000003,9226707.39,30745296.49,11543810.49,57856606.84,518.164579,6455.3,2591,2.7933958830125083,PUT WALL + VOL SENSITIVE
2026-05-28T15:58:19 ET,2026-05-28T15:55:00 ET,2026-05-28,Thu,1558ET,AGGREGATE,30324.0,735.53,30516.9,NEGATIVE,NEUTRAL,20.16,0.758,10.32,15.3,15.29,18.79,29568.43,717.0,-755.5699999999997,-2.4916567735127284,4886960.41,9295519.49,-68947003.16,2846183.8,76417579.94,1163.841914,18525.33,1535,2.9185317231614403,CALL WALL + VOL SENSITIVE
2026-05-28T15:58:19 ET,2026-05-28T15:55:00 ET,2026-05-28,Thu,1558ET,AGGREGATE,30324.0,735.53,30516.9,NEGATIVE,NEUTRAL,20.16,0.758,10.32,15.3,15.29,18.79,29601.28,718.0,-722.7200000000012,-2.383326737897379,-794687.94,1110837.24,8831708.270000001,2667873.4299999997,29370420.08,28.951173999999998,330.84,2832,1.2896970843226103,PUT WALL + VOL SENSITIVE
2026-05-28T15:58:19 ET,2026-05-28T15:55:00 ET,2026-05-28,Thu,1558ET,AGGREGATE,30324.0,735.53,30516.9,NEGATIVE,NEUTRAL,20.16,0.758,10.32,15.3,15.29,18.79,29608.93,718.0,-715.0699999999997,-2.3580991953568122,-5661483.870000001,14773893.91,54297782.28999999,17457547.83,73220387.58,753.833694,10096.54,3609,4.391088861052824,PUT WALL + VOL SENSITIVE
2026-05-28T15:58:19 ET,2026-05-28T15:55:00 ET,2026-05-28,Thu,1558ET,AGGREGATE,30324.0,735.53,30516.9,NEGATIVE,NEUTRAL,20.16,0.758,10.32,15.3,15.29,18.79,29609.66,718.0,-714.3400000000001,-2.355691861232028,-10956205.850000001,15553307.95,147891639.11999997,4492085.2,9045912.879999999,150.69974200000001,30642.55,2348,5.476613229710831,PUT WALL + VOL SENSITIVE
2026-05-28T15:58:19 ET,2026-05-28T15:55:00 ET,2026-05-28,Thu,1558ET,AGGREGATE,30324.0,735.53,30516.9,NEGATIVE,NEUTRAL,20.16,0.758,10.32,15.3,15.29,18.79,29642.51,719.0,-681.4900000000016,-2.2473618256166787,-2478806.51,2884274.51,27473071.08,6526665.67,34343500.65,36.75894400000001,811.87,6772,3.2879857043255347,PUT WALL + VOL SENSITIVE
2026-05-28T15:58:19 ET,2026-05-28T15:55:00 ET,2026-05-28,Thu,1558ET,AGGREGATE,30324.0,735.53,30516.9,NEGATIVE,NEUTRAL,20.16,0.758,10.32,15.3,15.29,18.79,29650.17,719.0,-673.8300000000017,-2.2221013058963255,-2240290.289999999,21334747.59,20707284.25,23729558.939999998,136042113.73000002,1617.0920919999999,14250.86,4514,4.290250664297292,PUT WALL + VOL SENSITIVE
2026-05-28T15:58:19 ET,2026-05-28T15:55:00 ET,2026-05-28,Thu,1558ET,AGGREGATE,30324.0,735.53,30516.9,NEGATIVE,NEUTRAL,20.16,0.758,10.32,15.3,15.29,18.79,29650.9,719.0,-673.0999999999985,-2.2196939717715294,2257326.2899999996,9000365.07,-29051202.35,2443331.8,47511386.57,864.5156860000001,17534.75,1244,1.5813149329411833,CALL WALL + VOL SENSITIVE
2026-05-28T15:58:19 ET,2026-05-28T15:55:00 ET,2026-05-28,Thu,1558ET,AGGREGATE,30324.0,735.53,30516.9,NEGATIVE,NEUTRAL,20.16,0.758,10.32,15.3,15.29,18.79,29683.74,720.0,-640.2599999999984,-2.1113969133359665,-2684118.94,3731322.94,29548516.03,7925950.16,79571938.06,95.79435000000001,993.01,7789,3.7664615207210157,PUT WALL + VOL SENSITIVE
2026-05-28T15:58:19 ET,2026-05-28T15:55:00 ET,2026-05-28,Thu,1558ET,AGGREGATE,30324.0,735.53,30516.9,NEGATIVE,NEUTRAL,20.16,0.758,10.32,15.3,15.29,18.79,29691.41,720.0,-632.5900000000001,-2.086103416435827,-5563537.659999996,109573217.2,49343575.139999986,114277559.02,633730202.36,8727.646702,71585.23000000001,20010,18.761574790894038,PUT WALL + VOL SENSITIVE
2026-05-28T15:58:19 ET,2026-05-28T15:55:00 ET,2026-05-28,Thu,1558ET,AGGREGATE,30324.0,735.53,30516.9,NEGATIVE,NEUTRAL,20.16,0.758,10.32,15.3,15.29,18.79,29692.14,720.0,-631.8600000000006,-2.0836960823110426,867659.4399999995,22937760.259999998,-10604939.930000007,5829489.0,85768682.2,1701.456195,44203.759999999995,2908,1.9338342672738231,CALL WALL + VOL SENSITIVE
2026-05-28T15:58:19 ET,2026-05-28T15:55:00 ET,2026-05-28,Thu,1558ET,AGGREGATE,30324.0,735.53,30516.9,NEGATIVE,NEUTRAL,20.16,0.758,10.32,15.3,15.29,18.79,29724.97,721.0,-599.0299999999988,-1.9754320010552657,-1031163.72,1568333.28,11221937.8,3114153.3299999996,34902006.120000005,49.180746,394.86,2797,1.3981885303654211,PUT WALL + VOL SENSITIVE
2026-05-28T15:58:19 ET,2026-05-28T15:55:00 ET,2026-05-28,Thu,1558ET,AGGREGATE,30324.0,735.53,30516.9,NEGATIVE,NEUTRAL,20.16,0.758,10.32,15.3,15.29,18.79,29732.65,721.0,-591.3499999999985,-1.9501055269753282,5240704.820000002,33352252.560000002,-44379679.35000001,32475112.15,203226659.83,3250.7127520000004,21326.620000000003,5244,6.335445297953757,CALL WALL + VOL SENSITIVE
2026-05-28T15:58:19 ET,2026-05-28T15:55:00 ET,2026-05-28,Thu,1558ET,AGGREGATE,30324.0,735.53,30516.9,NEGATIVE,NEUTRAL,20.16,0.758,10.32,15.3,15.29,18.79,29733.38,721.0,-590.619999999999,-1.947698192850544,3603845.5500000003,11549466.93,-41649163.370000005,2735364.95,51975226.94,1121.627637,22022.89,1346,2.0808378777073884,CALL WALL + VOL SENSITIVE
2026-05-28T15:58:19 ET,2026-05-28T15:55:00 ET,2026-05-28,Thu,1558ET,AGGREGATE,30324.0,735.53,30516.9,NEGATIVE,NEUTRAL,20.16,0.758,10.32,15.3,15.29,18.79,29766.19,722.0,-557.8100000000013,-1.839500065954364,-2031461.6800000002,2488231.94,21732806.7,4596471.48,23990329.32,41.348392,593.19,3628,2.0831163614105925,PUT WALL + VOL SENSITIVE
2026-05-28T15:58:19 ET,2026-05-28T15:55:00 ET,2026-05-28,Thu,1558ET,AGGREGATE,30324.0,735.53,30516.9,NEGATIVE,NEUTRAL,20.16,0.758,10.32,15.3,15.29,18.79,29773.88,722.0,-550.119999999999,-1.814140614694628,-9504751.15,23735989.450000003,76421839.4,21470434.16,56392314.730000004,1049.042232,14866.8,3209,5.483423963245136,PUT WALL + VOL SENSITIVE
2026-05-28T15:58:19 ET,2026-05-28T15:55:00 ET,2026-05-28,Thu,1558ET,AGGREGATE,30324.0,735.53,30516.9,NEGATIVE,NEUTRAL,20.16,0.758,10.32,15.3,15.29,18.79,29774.62,722.0,-549.380000000001,-1.8117003033900574,335166.78000000026,10781198.2,-3644347.4700000063,2367078.51,31524964.950000003,738.156606,20348.08,1158,0.7691929341070459,CALL WALL + VOL SENSITIVE
2026-05-28T15:58:19 ET,2026-05-28T15:55:00 ET,2026-05-28,Thu,1558ET,AGGREGATE,30324.0,735.53,30516.9,NEGATIVE,NEUTRAL,20.16,0.758,10.32,15.3,15.29,18.79,29807.42,723.0,-516.5800000000017,-1.7035351536736636,-1226012.79,2181141.83,12807913.18,3727758.57,39512975.809999995,87.331474,492.96999999999997,2480,1.4245423943916722,PUT WALL + VOL SENSITIVE
2026-05-28T15:58:19 ET,2026-05-28T15:55:00 ET,2026-05-28,Thu,1558ET,AGGREGATE,30324.0,735.53,30516.9,NEGATIVE,NEUTRAL,20.16,0.758,10.32,15.3,15.29,18.79,29815.12,723.0,-508.880000000001,-1.6781427252341414,-2967807.1099999994,38271808.21,22511980.36,31975605.050000004,127330558.63,2754.7655809999997,23499.629999999997,4449,5.294907539497196,PUT WALL + VOL SENSITIVE
2026-05-28T15:58:19 ET,2026-05-28T15:55:00 ET,2026-05-28,Thu,1558ET,AGGREGATE,30324.0,735.53,30516.9,NEGATIVE,NEUTRAL,20.16,0.758,10.32,15.3,15.29,18.79,29815.86,723.0,-508.1399999999994,-1.6757024139295589,-1853251.1800000002,5297881.1,18851141.860000003,1071735.21,6339138.21,160.576545,9900.25,526,0.8566901506475525,PUT WALL + VOL SENSITIVE
2026-05-28T15:58:19 ET,2026-05-28T15:55:00 ET,2026-05-28,Thu,1558ET,AGGREGATE,30324.0,735.53,30516.9,NEGATIVE,NEUTRAL,20.16,0.758,10.32,15.3,15.29,18.79,29848.65,724.0,-475.34999999999854,-1.567570241392951,-1027003.3600000003,6061333.5,10394281.82,9522671.58,155145114.2,461.838032,1300.8000000000002,5117,2.654989188177468,PUT WALL + VOL SENSITIVE
2026-05-28T15:58:19 ET,2026-05-28T15:55:00 ET,2026-05-28,Thu,1558ET,AGGREGATE,30324.0,735.53,30516.9,NEGATIVE,NEUTRAL,20.16,0.758,10.32,15.3,15.29,18.79,29856.36,724.0,-467.6399999999994,-1.5421448357736427,-789226.5899999999,27083459.51,5606212.180000007,20759657.68,79714418.45,2002.843109,16316.98,2711,3.129279937660878,PUT WALL + VOL SENSITIVE
2026-05-28T15:58:19 ET,2026-05-28T15:55:00 ET,2026-05-28,Thu,1558ET,AGGREGATE,30324.0,735.53,30516.9,NEGATIVE,NEUTRAL,20.16,0.758,10.32,15.3,15.29,18.79,29857.1,724.0,-466.90000000000146,-1.5397045244690721,640731.5300000003,7395562.29,-6057067.089999996,1368591.49,18263865.4,498.82959600000004,13688.34,681,0.5873870157676199,CALL WALL + VOL SENSITIVE
2026-05-28T15:58:19 ET,2026-05-28T15:55:00 ET,2026-05-28,Thu,1558ET,AGGREGATE,30324.0,735.53,30516.9,NEGATIVE,NEUTRAL,20.16,0.758,10.32,15.3,15.29,18.79,29889.88,725.0,-434.119999999999,-1.431605329112251,-6609994.890000001,11926802.75,64203267.949999996,17093319.99,114491769.77,481.966818,2435.1499999999996,7120,5.581513569526688,PUT WALL + VOL SENSITIVE
2026-05-28T15:58:19 ET,2026-05-28T15:55:00 ET,2026-05-28,Thu,1558ET,AGGREGATE,30324.0,735.53,30516.9,NEGATIVE,NEUTRAL,20.16,0.758,10.32,15.3,15.29,18.79,29897.6,725.0,-426.40000000000146,-1.4061469463131562,-24638485.840000004,166685718.74,162486550.12,116281826.64,343606789.83000004,9996.122647,98626.23999999999,14410,21.649316419226587,PUT WALL + VOL SENSITIVE
2026-05-28T15:58:19 ET,2026-05-28T15:55:00 ET,2026-05-28,Thu,1558ET,AGGREGATE,30324.0,735.53,30516.9,NEGATIVE,NEUTRAL,20.16,0.758,10.32,15.3,15.29,18.79,29898.34,725.0,-425.65999999999985,-1.4037066350085736,-303310.26999999955,26038020.69,2644258.7200000137,4370176.18,48679918.61,1428.232951,47750.18,2232,1.3352422278714593,PUT WALL + VOL SENSITIVE
2026-05-28T15:58:19 ET,2026-05-28T15:55:00 ET,2026-05-28,Thu,1558ET,AGGREGATE,30324.0,735.53,30516.9,NEGATIVE,NEUTRAL,20.16,0.758,10.32,15.3,15.29,18.79,29931.1,726.0,-392.90000000000146,-1.295673394011349,-3054571.3099999996,14256319.05,28151463.070000008,18468878.25,163495183.85999998,1018.693071,2775.93,5750,4.29414374104855,PUT WALL + VOL SENSITIVE
2026-05-28T15:58:19 ET,2026-05-28T15:55:00 ET,2026-05-28,Thu,1558ET,AGGREGATE,30324.0,735.53,30516.9,NEGATIVE,NEUTRAL,20.16,0.758,10.32,15.3,15.29,18.79,29938.84,726.0,-385.15999999999985,-1.2701490568526574,1199821.8099999987,34554868.269999996,-7271120.810000002,21728116.57,75504410.64999999,2531.52368,20099.69,2592,3.342443555997654,CALL WALL + VOL SENSITIVE
2026-05-28T15:58:19 ET,2026-05-28T15:55:00 ET,2026-05-28,Thu,1558ET,AGGREGATE,30324.0,735.53,30516.9,NEGATIVE,NEUTRAL,20.16,0.758,10.32,15.3,15.29,18.79,29939.58,726.0,-384.41999999999825,-1.2677087455480751,574084.8999999999,8186949.84,-4573371.370000001,1233302.8599999999,15285725.03,479.777372,14880.99,656,0.5235778390460202,CALL WALL + VOL SENSITIVE
2026-05-28T15:58:19 ET,2026-05-28T15:55:00 ET,2026-05-28,Thu,1558ET,AGGREGATE,30324.0,735.53,30516.9,NEGATIVE,NEUTRAL,20.16,0.758,10.32,15.3,15.29,18.79,29972.33,727.0,-351.66999999999825,-1.1597084817306365,-2964720.289999999,24912044.79,25569968.700000003,28847125.29,206849675.53,1983.42772,4639.219999999999,6529,5.528796840747537,PUT WALL + VOL SENSITIVE
2026-05-28T15:58:19 ET,2026-05-28T15:55:00 ET,2026-05-28,Thu,1558ET,AGGREGATE,30324.0,735.53,30516.9,NEGATIVE,NEUTRAL,20.16,0.758,10.32,15.3,15.29,18.79,29980.07,727.0,-343.9300000000003,-1.1341841445719572,-55188295.160000004,103766208.08000001,303549695.42999995,58116833.25,44933549.730000004,1725.221388,59398.06,6797,18.367645377976633,PUT WALL + VOL SENSITIVE
2026-05-28T15:58:19 ET,2026-05-28T15:55:00 ET,2026-05-28,Thu,1558ET,AGGREGATE,30324.0,735.53,30516.9,NEGATIVE,NEUTRAL,20.16,0.758,10.32,15.3,15.29,18.79,29980.82,727.0,-343.1800000000003,-1.1317108560875884,-1408892.2100000004,9755913.93,10142686.79,1302107.85,10112451.98,338.036659,17582.46,734,0.71790647727949,PUT WALL + VOL SENSITIVE
2026-05-28T15:58:19 ET,2026-05-28T15:55:00 ET,2026-05-28,Thu,1558ET,AGGREGATE,30324.0,735.53,30516.9,NEGATIVE,NEUTRAL,20.16,0.758,10.32,15.3,15.29,18.79,30013.56,728.0,-310.4399999999987,-1.0237435694499364,-9448227.010000002,37901647.230000004,74972632.14000002,38682502.6,165913997.57000002,2518.810095,6772.9,6274,8.07142730829218,PUT WALL + VOL SENSITIVE
2026-05-28T15:58:19 ET,2026-05-28T15:55:00 ET,2026-05-28,Thu,1558ET,AGGREGATE,30324.0,735.53,30516.9,NEGATIVE,NEUTRAL,20.16,0.758,10.32,15.3,15.29,18.79,30021.31,728.0,-302.6899999999987,-0.9981862551114585,-101439543.36,184637309.01999998,498691666.49,90737104.91,42473287.47000001,1852.2633100000003,104122.25,10648,30.09493568456917,PUT WALL + VOL SENSITIVE
2026-05-28T15:58:19 ET,2026-05-28T15:55:00 ET,2026-05-28,Thu,1558ET,AGGREGATE,30324.0,735.53,30516.9,NEGATIVE,NEUTRAL,20.16,0.758,10.32,15.3,15.29,18.79,30022.06,728.0,-301.9399999999987,-0.9957129666270899,-493037.19999999925,16073012.66,3163666.6099999994,1869554.13,18485771.979999997,654.914585,28732.510000000002,1141,0.7031438718527298,PUT WALL + VOL SENSITIVE
2026-05-28T15:58:19 ET,2026-05-28T15:55:00 ET,2026-05-28,Thu,1558ET,AGGREGATE,30324.0,735.53,30516.9,NEGATIVE,NEUTRAL,20.16,0.758,10.32,15.3,15.29,18.79,30054.78,729.0,-269.22000000000116,-0.8878116343490344,10985567.450000003,72555164.39,-78503979.48999998,64096528.45,302297681.89,7365.906965,12488.86,7483,11.694479844606,CALL WALL + VOL SENSITIVE
2026-05-28T15:58:19 ET,2026-05-28T15:55:00 ET,2026-05-28,Thu,1558ET,AGGREGATE,30324.0,735.53,30516.9,NEGATIVE,NEUTRAL,20.16,0.758,10.32,15.3,15.29,18.79,30062.55,729.0,-261.4500000000007,-0.8621883656509719,4933451.270000003,91629595.00999999,-21258984.840000004,38748248.5,112212417.81,5503.090689,50963.56,4699,6.534713449524938,CALL WALL + VOL SENSITIVE
2026-05-28T15:58:19 ET,2026-05-28T15:55:00 ET,2026-05-28,Thu,1558ET,AGGREGATE,30324.0,735.53,30516.9,NEGATIVE,NEUTRAL,20.16,0.758,10.32,15.3,15.29,18.79,30063.29,729.0,-260.7099999999991,-0.8597480543463895,7693223.639999999,28396609.299999997,-43235765.39,2816542.0700000003,48590284.67,1814.945003,50370.2,1912,2.6532385189171945,CALL WALL + VOL SENSITIVE
2026-05-28T15:58:19 ET,2026-05-28T15:55:00 ET,2026-05-28,Thu,1558ET,AGGREGATE,30324.0,735.53,30516.9,NEGATIVE,NEUTRAL,20.16,0.758,10.32,15.3,15.29,18.79,30096.01,730.0,-227.9900000000016,-0.7518467220683339,15485.60000000894,177976049.24,-96936.73000001907,132842571.5,384701036.96,14970.983763,29636.160000000003,11493,17.588633091315412,CALL WALL + VOL SENSITIVE
2026-05-28T15:58:19 ET,2026-05-28T15:55:00 ET,2026-05-28,Thu,1558ET,AGGREGATE,30324.0,735.53,30516.9,NEGATIVE,NEUTRAL,20.16,0.758,10.32,15.3,15.29,18.79,30103.79,730.0,-220.20999999999913,-0.7261904761904734,239998556.60999995,473928881.69,-883393472.73,167964912.29,828943707.19,45181.909084,260284.8,21868,65.77922282796395,CALL WALL + VOL SENSITIVE
2026-05-28T15:58:19 ET,2026-05-28T15:55:00 ET,2026-05-28,Thu,1558ET,AGGREGATE,30324.0,735.53,30516.9,NEGATIVE,NEUTRAL,20.16,0.758,10.32,15.3,15.29,18.79,30104.53,730.0,-219.47000000000116,-0.7237501648859027,5621166.02,44953757.06,-27035986.580000013,3689673.0,52134478.989999995,2041.642397,79154.16,2887,2.501959767304631,CALL WALL + VOL SENSITIVE
2026-05-28T15:58:19 ET,2026-05-28T15:55:00 ET,2026-05-28,Thu,1558ET,AGGREGATE,30324.0,735.53,30516.9,NEGATIVE,NEUTRAL,20.16,0.758,10.32,15.3,15.29,18.79,30137.24,731.0,-186.7599999999984,-0.6158818097876216,209521864.47,276672911.51,-1106673999.0500002,168651589.83,678032259.5699999,41040.174973,44781.770000000004,11487,66.06729488348962,CALL WALL + VOL SENSITIVE
2026-05-28T15:58:19 ET,2026-05-28T15:55:00 ET,2026-05-28,Thu,1558ET,AGGREGATE,30324.0,735.53,30516.9,NEGATIVE,NEUTRAL,20.16,0.758,10.32,15.3,15.29,18.79,30145.03,731.0,-178.97000000000116,-0.5901925867299868,76165528.1,111147012.46000001,-231009145.75,31790867.06,194307149.59,11613.272921000002,60349.69,4677,16.615993821872816,CALL WALL + VOL SENSITIVE
2026-05-28T15:58:19 ET,2026-05-28T15:55:00 ET,2026-05-28,Thu,1558ET,AGGREGATE,30324.0,735.53,30516.9,NEGATIVE,NEUTRAL,20.16,0.758,10.32,15.3,15.29,18.79,30145.77,731.0,-178.22999999999956,-0.5877522754254042,3911142.6100000003,10337750.370000001,-15592093.68,671850.22,16098195.15,657.0512170000001,18076.190000000002,637,0.98108203953606,CALL WALL + VOL SENSITIVE
2026-05-28T15:58:19 ET,2026-05-28T15:55:00 ET,2026-05-28,Thu,1558ET,AGGREGATE,30324.0,735.53,30516.9,NEGATIVE,NEUTRAL,20.16,0.758,10.32,15.3,15.29,18.79,30178.47,732.0,-145.52999999999884,-0.4799168975069214,91485015.08,148315534.96,-386258228.25,70139636.88,208774439.31,18705.506187,23455.629999999997,4160,25.985859019769862,CALL WALL + VOL SENSITIVE
2026-05-28T15:58:19 ET,2026-05-28T15:55:00 ET,2026-05-28,Thu,1558ET,AGGREGATE,30324.0,735.53,30516.9,NEGATIVE,NEUTRAL,20.16,0.758,10.32,15.3,15.29,18.79,30186.26,732.0,-137.7400000000016,-0.45422767444928636,70487984.47,98570233.21000001,-166892742.63,21461379.51,151274672.51000002,9765.988505,52979.92,3840,13.177198786291013,CALL WALL + VOL SENSITIVE
2026-05-28T15:58:19 ET,2026-05-28T15:55:00 ET,2026-05-28,Thu,1558ET,AGGREGATE,30324.0,735.53,30516.9,NEGATIVE,NEUTRAL,20.16,0.758,10.32,15.3,15.29,18.79,30187.01,732.0,-136.9900000000016,-0.4517543859649175,4857801.649999999,8488546.129999999,-15309651.700000001,406809.75,15253508.570000002,644.8327899999999,14745.630000000001,505,0.9695883077087264,CALL WALL + VOL SENSITIVE
2026-05-28T15:58:19 ET,2026-05-28T15:55:00 ET,2026-05-28,Thu,1558ET,AGGREGATE,30324.0,735.53,30516.9,NEGATIVE,NEUTRAL,20.16,0.758,10.32,15.3,15.29,18.79,30219.69,733.0,-104.31000000000131,-0.3439849624060194,93066096.57,170465657.63,-287944603.90000004,57348244.2,146176654.69,18040.93868,26486.92,3471,22.1516670378335,CALL WALL + VOL SENSITIVE
2026-05-28T15:58:19 ET,2026-05-28T15:55:00 ET,2026-05-28,Thu,1558ET,AGGREGATE,30324.0,735.53,30516.9,NEGATIVE,NEUTRAL,20.16,0.758,10.32,15.3,15.29,18.79,30227.5,733.0,-96.5,-0.3182297849887878,31418158.480000004,58363593.0,-53007487.61,8726157.53,62851730.81999999,4311.028724000001,31092.61,2140,5.3675532699287505,CALL WALL
2026-05-28T15:58:19 ET,2026-05-28T15:55:00 ET,2026-05-28,Thu,1558ET,AGGREGATE,30324.0,735.53,30516.9,NEGATIVE,NEUTRAL,20.16,0.758,10.32,15.3,15.29,18.79,30228.25,733.0,-95.75,-0.31575649650441895,18766590.75,24716551.310000002,-43266659.71,763265.68,49724048.650000006,2163.00516,42672.229999999996,1429,3.073009558905772,CALL WALL + VOL SENSITIVE
2026-05-28T15:58:19 ET,2026-05-28T15:55:00 ET,2026-05-28,Thu,1558ET,AGGREGATE,30324.0,735.53,30516.9,NEGATIVE,NEUTRAL,20.16,0.758,10.32,15.3,15.29,18.79,30260.92,734.0,-63.080000000001746,-0.20802005012531904,233794301.09,286887276.79,-447653169.65,57408733.17,207285488.60999998,32159.281879,44052.47,4647,37.54527695142167,CALL WALL
2026-05-28T15:58:19 ET,2026-05-28T15:55:00 ET,2026-05-28,Thu,1558ET,AGGREGATE,30324.0,735.53,30516.9,NEGATIVE,NEUTRAL,20.16,0.758,10.32,15.3,15.29,18.79,30268.74,734.0,-55.2599999999984,-0.18223189552828914,33134518.42,44691747.34,-32932706.130000003,3637289.4000000004,51946633.4,3718.95152,23630.16,1570,4.251489015234277,CALL WALL
2026-05-28T15:58:19 ET,2026-05-28T15:55:00 ET,2026-05-28,Thu,1558ET,AGGREGATE,30324.0,735.53,30516.9,NEGATIVE,NEUTRAL,20.16,0.758,10.32,15.3,15.29,18.79,30269.49,734.0,-54.5099999999984,-0.17975860704392033,11048130.35,15608798.549999999,-16013216.84,216315.47,26974612.89,1199.2215410000001,26793.87,883,1.5473372083955985,CALL WALL
2026-05-28T15:58:19 ET,2026-05-28T15:55:00 ET,2026-05-28,Thu,1558ET,AGGREGATE,30324.0,735.53,30516.9,NEGATIVE,NEUTRAL,20.16,0.758,10.32,15.3,15.29,18.79,30302.15,735.0,-21.849999999998545,-0.07205513784460672,526493403.02,593788502.54,-370820317.33,37985785.95,325591067.66999996,57118.621119,90649.68000000001,8506,57.09117986252525,CALL WALL
2026-05-28T15:58:19 ET,2026-05-28T15:55:00 ET,2026-05-28,Thu,1558ET,AGGREGATE,30324.0,735.53,30516.9,NEGATIVE,NEUTRAL,20.16,0.758,10.32,15.3,15.29,18.79,30309.98,735.0,-14.020000000000437,-0.04623400606780252,220440730.92,279283243.48,-64052023.32,3726766.04,296363810.4,21733.548694,146755.22999999998,9578,21.779570184454165,CALL WALL
2026-05-28T15:58:19 ET,2026-05-28T15:55:00 ET,2026-05-28,Thu,1558ET,AGGREGATE,30324.0,735.53,30516.9,NEGATIVE,NEUTRAL,20.16,0.758,10.32,15.3,15.29,18.79,30310.73,735.0,-13.270000000000437,-0.04376071758343371,17041889.38,34406677.7,-9956375.0,-108107.76,38983003.14,1758.7530239999999,58749.07,1918,2.130354429346903,CALL WALL
2026-05-28T15:58:19 ET,2026-05-28T15:55:00 ET,2026-05-28,Thu,1558ET,AGGREGATE,30324.0,735.53,30516.9,NEGATIVE,NEUTRAL,20.16,0.758,10.32,15.3,15.29,18.79,30343.38,736.0,19.38000000000102,0.0639097744360936,223541810.95,256382442.69,115244610.08,-18457104.47,102269815.03,18112.228304999997,39151.15,3638,22.31163323688839,CALL WALL
2026-05-28T15:58:19 ET,2026-05-28T15:55:00 ET,2026-05-28,Thu,1558ET,AGGREGATE,30324.0,735.53,30516.9,NEGATIVE,NEUTRAL,20.16,0.758,10.32,15.3,15.29,18.79,30351.22,736.0,27.220000000001164,0.0897638833926961,30579348.51,45048886.97,12846153.15,-2460242.5300000003,35216978.120000005,2594.2704270000004,23557.87,1538,3.2776143621221427,CALL WALL
2026-05-28T15:58:19 ET,2026-05-28T15:55:00 ET,2026-05-28,Thu,1558ET,AGGREGATE,30324.0,735.53,30516.9,NEGATIVE,NEUTRAL,20.16,0.758,10.32,15.3,15.29,18.79,30351.97,736.0,27.970000000001164,0.09223717187706491,6939827.93,10301307.09,2005408.5300000003,-207273.95,13928365.559999999,633.071937,17503.65,570,0.7575267618518969,CALL WALL
2026-05-28T15:58:19 ET,2026-05-28T15:55:00 ET,2026-05-28,Thu,1558ET,AGGREGATE,30324.0,735.53,30516.9,NEGATIVE,NEUTRAL,20.16,0.758,10.32,15.3,15.29,18.79,30384.6,737.0,60.599999999998545,0.1998417095369956,221810092.04000002,245319039.06,382107075.08000004,-50972078.41,77920784.18,12441.810859,37700.1,3861,30.918592367656455,CALL WALL
2026-05-28T15:58:19 ET,2026-05-28T15:55:00 ET,2026-05-28,Thu,1558ET,AGGREGATE,30324.0,735.53,30516.9,NEGATIVE,NEUTRAL,20.16,0.758,10.32,15.3,15.29,18.79,30392.46,737.0,68.45999999999913,0.22576177285318272,29647814.080000002,36511802.160000004,33655219.68,-4472121.0,30166241.81,2188.0447480000003,19027.79,1266,3.7807702832277945,CALL WALL
2026-05-28T15:58:19 ET,2026-05-28T15:55:00 ET,2026-05-28,Thu,1558ET,AGGREGATE,30324.0,735.53,30516.9,NEGATIVE,NEUTRAL,20.16,0.758,10.32,15.3,15.29,18.79,30393.21,737.0,69.20999999999913,0.2282350613375515,9830993.25,15144066.809999999,11493597.18,-561522.29,17656587.490000002,802.491972,25617.96,838,1.3079229062519313,CALL WALL
2026-05-28T15:58:19 ET,2026-05-28T15:55:00 ET,2026-05-28,Thu,1558ET,AGGREGATE,30324.0,735.53,30516.9,NEGATIVE,NEUTRAL,20.16,0.758,10.32,15.3,15.29,18.79,30425.83,738.0,101.83000000000175,0.33580662181770793,119903378.8,129908219.86,347213965.58,-44609623.239999995,33298539.830000002,4315.513515,20210.45,2519,21.485566800902273,CALL WALL + VOL SENSITIVE
2026-05-28T15:58:19 ET,2026-05-28T15:55:00 ET,2026-05-28,Thu,1558ET,AGGREGATE,30324.0,735.53,30516.9,NEGATIVE,NEUTRAL,20.16,0.758,10.32,15.3,15.29,18.79,30433.69,738.0,109.68999999999869,0.361726685133883,65596107.589999996,75837672.11,121464303.44,-14429687.659999998,59706035.260000005,4178.997851,39440.939999999995,2725,9.821384150256934,CALL WALL
2026-05-28T15:58:19 ET,2026-05-28T15:55:00 ET,2026-05-28,Thu,1558ET,AGGREGATE,30324.0,735.53,30516.9,NEGATIVE,NEUTRAL,20.16,0.758,10.32,15.3,15.29,18.79,30434.45,738.0,110.45000000000073,0.3642329507980502,12912320.209999999,15530651.81,26536149.22,-838884.95,21918469.77,988.592815,26166.579999999998,866,1.9407217790747917,CALL WALL + VOL SENSITIVE
2026-05-28T15:58:19 ET,2026-05-28T15:55:00 ET,2026-05-28,Thu,1558ET,AGGREGATE,30324.0,735.53,30516.9,NEGATIVE,NEUTRAL,20.16,0.758,10.32,15.3,15.29,18.79,30467.06,739.0,143.0600000000013,0.4717715340984082,68563358.80000001,70169416.28,275324531.95,-33599594.75,17340267.13,1666.350691,11114.36,1835,14.915772916131044,CALL WALL + VOL SENSITIVE
2026-05-28T15:58:19 ET,2026-05-28T15:55:00 ET,2026-05-28,Thu,1558ET,AGGREGATE,30324.0,735.53,30516.9,NEGATIVE,NEUTRAL,20.16,0.758,10.32,15.3,15.29,18.79,30474.93,739.0,150.9300000000003,0.49772457459438163,31167855.03,34958540.11,79998607.89,-9018333.51,25511003.35,1688.9553959999998,18168.86,1328,5.379656562034065,CALL WALL + VOL SENSITIVE
2026-05-28T15:58:19 ET,2026-05-28T15:55:00 ET,2026-05-28,Thu,1558ET,AGGREGATE,30324.0,735.53,30516.9,NEGATIVE,NEUTRAL,20.16,0.758,10.32,15.3,15.29,18.79,30475.69,739.0,151.6899999999987,0.5002308402585367,28308781.400000002,31699477.62,83391600.66,-2248426.7,45126556.33,2004.2656040000002,53217.66,1795,4.872784894492511,CALL WALL + VOL SENSITIVE
2026-05-28T15:58:19 ET,2026-05-28T15:55:00 ET,2026-05-28,Thu,1558ET,AGGREGATE,30324.0,735.53,30516.9,NEGATIVE,NEUTRAL,20.16,0.758,10.32,15.3,15.29,18.79,30508.29,740.0,184.29000000000087,0.6077364463791085,156185909.34,160833985.1,791239189.06,-98769043.30999999,32150342.980000004,2133.757044,26075.93,6090,40.338769933394744,CALL WALL + VOL SENSITIVE
2026-05-28T15:58:19 ET,2026-05-28T15:55:00 ET,2026-05-28,Thu,1558ET,AGGREGATE,30324.0,735.53,30516.9,NEGATIVE,NEUTRAL,20.16,0.758,10.32,15.3,15.29,18.79,30516.17,740.0,192.16999999999825,0.6337224640548682,335142913.41,350184664.57,1098329972.77,-114016313.12,260910516.75,16023.032006999998,182132.56000000003,14341,65.03428973793154,CALL WALL + VOL SENSITIVE
2026-05-28T15:58:19 ET,2026-05-28T15:55:00 ET,2026-05-28,Thu,1558ET,AGGREGATE,30324.0,735.53,30516.9,NEGATIVE,NEUTRAL,20.16,0.758,10.32,15.3,15.29,18.79,30516.92,740.0,192.91999999999825,0.6361957525392371,-6160003.610000001,36735707.81,-23654436.669999994,-3226230.01,-34595890.19,-1501.317989,61479.56,2129,2.1056163646977244,PUT WALL + VOL SENSITIVE
2026-05-28T15:58:19 ET,2026-05-28T15:55:00 ET,2026-05-28,Thu,1558ET,AGGREGATE,30324.0,735.53,30516.9,NEGATIVE,NEUTRAL,20.16,0.758,10.32,15.3,15.29,18.79,30549.51,741.0,225.5099999999984,0.7436683814800106,26828269.22,27245019.04,161892904.93,-20412112.34,5116692.41,223.281278,4543.91,1569,8.010735415894882,CALL WALL + VOL SENSITIVE
2026-05-28T15:58:19 ET,2026-05-28T15:55:00 ET,2026-05-28,Thu,1558ET,AGGREGATE,30324.0,735.53,30516.9,NEGATIVE,NEUTRAL,20.16,0.758,10.32,15.3,15.29,18.79,30557.41,741.0,233.40999999999985,0.7697203535153668,25853898.23,25987280.330000002,102905436.08,-10216158.629999999,19248364.02,1076.156842,13544.64,1169,5.591924510962419,CALL WALL + VOL SENSITIVE
2026-05-28T15:58:19 ET,2026-05-28T15:55:00 ET,2026-05-28,Thu,1558ET,AGGREGATE,30324.0,735.53,30516.9,NEGATIVE,NEUTRAL,20.16,0.758,10.32,15.3,15.29,18.79,30558.16,741.0,234.15999999999985,0.7721936419997357,27516712.54,28185811.939999998,130335006.71,-2950903.61,39570404.82,1664.702247,47044.08,1685,5.985251452514293,CALL WALL + VOL SENSITIVE
2026-05-28T15:58:19 ET,2026-05-28T15:55:00 ET,2026-05-28,Thu,1558ET,AGGREGATE,30324.0,735.53,30516.9,NEGATIVE,NEUTRAL,20.16,0.758,10.32,15.3,15.29,18.79,30590.74,742.0,266.7400000000016,0.8796332937607229,17237228.14,17348364.36,119147656.3,-15338311.77,3218682.8800000004,89.894402,2989.8199999999997,1561,5.869478060847234,CALL WALL + VOL SENSITIVE
2026-05-28T15:58:19 ET,2026-05-28T15:55:00 ET,2026-05-28,Thu,1558ET,AGGREGATE,30324.0,735.53,30516.9,NEGATIVE,NEUTRAL,20.16,0.758,10.32,15.3,15.29,18.79,30598.65,742.0,274.65000000000146,0.9057182429758655,32192302.689999998,32510447.75,150437242.47,-14973326.860000001,22095466.34,1104.952971,17003.55,1635,7.735630005510117,CALL WALL + VOL SENSITIVE
2026-05-28T15:58:19 ET,2026-05-28T15:55:00 ET,2026-05-28,Thu,1558ET,AGGREGATE,30324.0,735.53,30516.9,NEGATIVE,NEUTRAL,20.16,0.758,10.32,15.3,15.29,18.79,30599.4,742.0,275.40000000000146,0.9081915314602343,3974102.81,4295892.51,22391320.96,-522145.38,5169022.21,209.163534,7154.08,267,0.9638145066162658,CALL WALL + VOL SENSITIVE
2026-05-28T15:58:19 ET,2026-05-28T15:55:00 ET,2026-05-28,Thu,1558ET,AGGREGATE,30324.0,735.53,30516.9,NEGATIVE,NEUTRAL,20.16,0.758,10.32,15.3,15.29,18.79,30631.97,743.0,307.97000000000116,1.0155982060414233,6693031.399999999,6820248.46,51500633.99,-6949143.96,688928.14,12.236173,1219.51,965,2.5939948162265924,CALL WALL + VOL SENSITIVE
2026-05-28T15:58:19 ET,2026-05-28T15:55:00 ET,2026-05-28,Thu,1558ET,AGGREGATE,30324.0,735.53,30516.9,NEGATIVE,NEUTRAL,20.16,0.758,10.32,15.3,15.29,18.79,30639.88,743.0,315.880000000001,1.0416831552565657,20226814.880000003,20401787.32,108272972.11,-10770796.58,12975001.17,570.9689599999999,10722.109999999999,1166,5.345780506561936,CALL WALL + VOL SENSITIVE
2026-05-28T15:58:19 ET,2026-05-28T15:55:00 ET,2026-05-28,Thu,1558ET,AGGREGATE,30324.0,735.53,30516.9,NEGATIVE,NEUTRAL,20.16,0.758,10.32,15.3,15.29,18.79,30640.64,743.0,316.6399999999994,1.044189420920721,3731399.74,3762110.84,24373492.529999997,-520580.64,4818923.18,186.101954,6253.929999999999,245,0.9890088532766961,CALL WALL + VOL SENSITIVE
2026-05-28T15:58:19 ET,2026-05-28T15:55:00 ET,2026-05-28,Thu,1558ET,AGGREGATE,30324.0,735.53,30516.9,NEGATIVE,NEUTRAL,20.16,0.758,10.32,15.3,15.29,18.79,30673.2,744.0,349.2000000000007,1.1515631183221235,7581778.42,7581778.42,63538420.39,-8745552.13,1464197.59,16.725286,1411.55,1668,3.3057912794029356,CALL WALL + VOL SENSITIVE
2026-05-28T15:58:19 ET,2026-05-28T15:55:00 ET,2026-05-28,Thu,1558ET,AGGREGATE,30324.0,735.53,30516.9,NEGATIVE,NEUTRAL,20.16,0.758,10.32,15.3,15.29,18.79,30681.12,744.0,357.119999999999,1.1776810447170525,20055910.76,20268303.16,120682804.23,-12063991.04,11986126.729999999,457.325299,10717.64,1336,5.791084557261517,CALL WALL + VOL SENSITIVE
2026-05-28T15:58:19 ET,2026-05-28T15:55:00 ET,2026-05-28,Thu,1558ET,AGGREGATE,30324.0,735.53,30516.9,NEGATIVE,NEUTRAL,20.16,0.758,10.32,15.3,15.29,18.79,30681.88,744.0,357.880000000001,1.1801873103812195,4013705.64,4013705.64,29815556.68,-622857.91,4950489.65,181.05896,6663.2,276,1.160566659288089,CALL WALL + VOL SENSITIVE
2026-05-28T15:58:19 ET,2026-05-28T15:55:00 ET,2026-05-28,Thu,1558ET,AGGREGATE,30324.0,735.53,30516.9,NEGATIVE,NEUTRAL,20.16,0.758,10.32,15.3,15.29,18.79,30714.42,745.0,390.41999999999825,1.2874950534230256,11943647.57,11955639.190000001,107147536.94,-15398018.91,2137974.2,16.107158,2324.73,3988,5.901601579027197,CALL WALL + VOL SENSITIVE
2026-05-28T15:58:19 ET,2026-05-28T15:55:00 ET,2026-05-28,Thu,1558ET,AGGREGATE,30324.0,735.53,30516.9,NEGATIVE,NEUTRAL,20.16,0.758,10.32,15.3,15.29,18.79,30722.36,745.0,398.3600000000006,1.313678934177551,72173033.44,72952019.22,480951790.61,-48324299.01,40477518.339999996,1321.683873,38864.24,5619,22.624021127375276,CALL WALL + VOL SENSITIVE
2026-05-28T15:58:19 ET,2026-05-28T15:55:00 ET,2026-05-28,Thu,1558ET,AGGREGATE,30324.0,735.53,30516.9,NEGATIVE,NEUTRAL,20.16,0.758,10.32,15.3,15.29,18.79,30723.12,745.0,399.119999999999,1.3161851998417062,5863612.53,6054965.850000001,48799458.13,-1041270.87,6584924.04,226.357125,10042.91,443,1.8442265506535664,CALL WALL + VOL SENSITIVE
2026-05-28T15:58:19 ET,2026-05-28T15:55:00 ET,2026-05-28,Thu,1558ET,AGGREGATE,30324.0,735.53,30516.9,NEGATIVE,NEUTRAL,20.16,0.758,10.32,15.3,15.29,18.79,30755.65,746.0,431.65000000000146,1.423459965703738,2330800.08,2330800.08,22074169.7,-3314865.55,446556.83,2.298467,474.58,1138,1.3067689156647269,CALL WALL + VOL SENSITIVE
2026-05-28T15:58:19 ET,2026-05-28T15:55:00 ET,2026-05-28,Thu,1558ET,AGGREGATE,30324.0,735.53,30516.9,NEGATIVE,NEUTRAL,20.16,0.758,10.32,15.3,15.29,18.79,30763.6,746.0,439.59999999999854,1.4496768236380377,6108781.77,6108781.77,44535941.71,-4456518.95,3409690.1,94.217192,3282.81,556,2.0628440832140784,CALL WALL + VOL SENSITIVE
2026-05-28T15:58:19 ET,2026-05-28T15:55:00 ET,2026-05-28,Thu,1558ET,AGGREGATE,30324.0,735.53,30516.9,NEGATIVE,NEUTRAL,20.16,0.758,10.32,15.3,15.29,18.79,30764.36,746.0,440.3600000000006,1.4521830893022047,1938178.19,1938178.19,17855967.41,-365803.23,2165420.9,69.442903,3213.27,152,0.65544126147951,CALL WALL + VOL SENSITIVE
2026-05-28T15:58:19 ET,2026-05-28T15:55:00 ET,2026-05-28,Thu,1558ET,AGGREGATE,30324.0,735.53,30516.9,NEGATIVE,NEUTRAL,20.16,0.758,10.32,15.3,15.29,18.79,30796.88,747.0,472.880000000001,1.5594248779844382,1213649.57,1213649.57,11996547.8,-1888817.85,235623.36,0.863748,259.32,832,0.7729525984928679,CALL WALL + VOL SENSITIVE
2026-05-28T15:58:19 ET,2026-05-28T15:55:00 ET,2026-05-28,Thu,1558ET,AGGREGATE,30324.0,735.53,30516.9,NEGATIVE,NEUTRAL,20.16,0.758,10.32,15.3,15.29,18.79,30804.84,747.0,480.84000000000015,1.5856747130985362,18249330.490000002,18286179.21,144083126.59,-14566014.68,9641984.379999999,223.3903,9924.8,1985,6.632763790110858,CALL WALL + VOL SENSITIVE
2026-05-28T15:58:19 ET,2026-05-28T15:55:00 ET,2026-05-28,Thu,1558ET,AGGREGATE,30324.0,735.53,30516.9,NEGATIVE,NEUTRAL,20.16,0.758,10.32,15.3,15.29,18.79,30805.6,747.0,481.59999999999854,1.5881809787626915,649549.2,673169.1799999999,6559318.25,-138323.08,644717.53,19.14936,1116.03,57,0.23622980245574318,CALL WALL + VOL SENSITIVE
2026-05-28T15:58:19 ET,2026-05-28T15:55:00 ET,2026-05-28,Thu,1558ET,AGGREGATE,30324.0,735.53,30516.9,NEGATIVE,NEUTRAL,20.16,0.758,10.32,15.3,15.29,18.79,30838.11,748.0,514.1100000000006,1.6953897902651383,629047.2,629047.2,6428839.52,-1063257.58,124895.16,0.340996,141.29,579,0.45370199872514244,CALL WALL + VOL SENSITIVE
2026-05-28T15:58:19 ET,2026-05-28T15:55:00 ET,2026-05-28,Thu,1558ET,AGGREGATE,30324.0,735.53,30516.9,NEGATIVE,NEUTRAL,20.16,0.758,10.32,15.3,15.29,18.79,30846.07,748.0,522.0699999999997,1.7216396253792368,13388635.44,13388635.44,113489656.79,-11561202.49,6909000.8,133.242492,7347.76,1746,5.214754140962294,CALL WALL + VOL SENSITIVE
2026-05-28T15:58:19 ET,2026-05-28T15:55:00 ET,2026-05-28,Thu,1558ET,AGGREGATE,30324.0,735.53,30516.9,NEGATIVE,NEUTRAL,20.16,0.758,10.32,15.3,15.29,18.79,30846.84,748.0,522.8400000000001,1.72417886822319,912404.3,934128.22,10016163.95,-207567.22,880413.0800000001,24.050824000000002,1549.36,86,0.3546320348670676,CALL WALL + VOL SENSITIVE
2026-05-28T15:58:19 ET,2026-05-28T15:55:00 ET,2026-05-28,Thu,1558ET,AGGREGATE,30324.0,735.53,30516.9,NEGATIVE,NEUTRAL,20.16,0.758,10.32,15.3,15.29,18.79,30879.33,749.0,555.3300000000017,1.8313217253660523,216742.62,216742.62,2272286.17,-395352.93,44350.25,0.094362,51.25,256,0.17551519271439237,CALL WALL + VOL SENSITIVE
2026-05-28T15:58:19 ET,2026-05-28T15:55:00 ET,2026-05-28,Thu,1558ET,AGGREGATE,30324.0,735.53,30516.9,NEGATIVE,NEUTRAL,20.16,0.758,10.32,15.3,15.29,18.79,30887.31,749.0,563.3100000000013,1.8576375148397353,17937126.39,17949825.25,162026634.1,-16700104.37,8898465.03,142.09701,9972.210000000001,2827,7.474095258914454,CALL WALL + VOL SENSITIVE
2026-05-28T15:58:19 ET,2026-05-28T15:55:00 ET,2026-05-28,Thu,1558ET,AGGREGATE,30324.0,735.53,30516.9,NEGATIVE,NEUTRAL,20.16,0.758,10.32,15.3,15.29,18.79,30888.08,749.0,564.0800000000017,1.8601767576836885,1557912.76,1557912.76,18461481.06,-372196.37,1526046.78,38.084368,2586.27,157,0.6440978275690363,CALL WALL + VOL SENSITIVE
2026-05-28T15:58:19 ET,2026-05-28T15:55:00 ET,2026-05-28,Thu,1558ET,AGGREGATE,30324.0,735.53,30516.9,NEGATIVE,NEUTRAL,20.16,0.758,10.32,15.3,15.29,18.79,30920.56,750.0,596.5600000000013,1.9672866376467528,2770605.92,2773363.42,29600402.53,-5429452.43,441536.58999999997,0.7649309999999999,690.99,4023,2.5023264463820047,CALL WALL + VOL SENSITIVE
2026-05-28T15:58:19 ET,2026-05-28T15:55:00 ET,2026-05-28,Thu,1558ET,AGGREGATE,30324.0,735.53,30516.9,NEGATIVE,NEUTRAL,20.16,0.758,10.32,15.3,15.29,18.79,30928.55,750.0,604.5499999999993,1.993635404300222,77757473.88,78449163.78,743636046.39,-78226694.86,33301028.71,438.86463599999996,44167.53,14971,34.67744881301063,CALL WALL + VOL SENSITIVE
2026-05-28T15:58:19 ET,2026-05-28T15:55:00 ET,2026-05-28,Thu,1558ET,AGGREGATE,30324.0,735.53,30516.9,NEGATIVE,NEUTRAL,20.16,0.758,10.32,15.3,15.29,18.79,30929.32,750.0,605.3199999999997,1.9961746471441753,16519101.93,16771301.95,210028074.12,-4286560.8100000005,14761861.379999999,334.397985,27878.75,1862,7.267545356203543,CALL WALL + VOL SENSITIVE
2026-05-28T15:58:19 ET,2026-05-28T15:55:00 ET,2026-05-28,Thu,1558ET,AGGREGATE,30324.0,735.53,30516.9,NEGATIVE,NEUTRAL,20.16,0.758,10.32,15.3,15.29,18.79,30961.79,751.0,637.7900000000009,2.103251549927453,950411.66,950411.66,10290274.23,-1987512.69,210367.59,0.309198,249.72,1625,0.939775267076424,CALL WALL + VOL SENSITIVE
2026-05-28T15:58:19 ET,2026-05-28T15:55:00 ET,2026-05-28,Thu,1558ET,AGGREGATE,30324.0,735.53,30516.9,NEGATIVE,NEUTRAL,20.16,0.758,10.32,15.3,15.29,18.79,30969.79,751.0,645.7900000000009,2.1296332937607203,1515734.51,1515734.51,15259202.94,-1612545.48,720392.6,7.823853,865.71,351,0.7186965188961469,CALL WALL + VOL SENSITIVE
2026-05-28T15:58:19 ET,2026-05-28T15:55:00 ET,2026-05-28,Thu,1558ET,AGGREGATE,30324.0,735.53,30516.9,NEGATIVE,NEUTRAL,20.16,0.758,10.32,15.3,15.29,18.79,30970.55,751.0,646.5499999999993,2.1321395594248753,495693.39,495693.39,6726083.5,-134952.61,449564.15,9.187776,825.44,61,0.23015023140553048,CALL WALL + VOL SENSITIVE
2026-05-28T15:58:19 ET,2026-05-28T15:55:00 ET,2026-05-28,Thu,1558ET,AGGREGATE,30324.0,735.53,30516.9,NEGATIVE,NEUTRAL,20.16,0.758,10.32,15.3,15.29,18.79,31003.02,752.0,679.0200000000004,2.2392164622081534,153515.53,153515.53,1676579.68,-341505.23,35592.71,0.046078,42.56,298,0.16331207499071176,CALL WALL + VOL SENSITIVE
2026-05-28T15:58:19 ET,2026-05-28T15:55:00 ET,2026-05-28,Thu,1558ET,AGGREGATE,30324.0,735.53,30516.9,NEGATIVE,NEUTRAL,20.16,0.758,10.32,15.3,15.29,18.79,31011.03,752.0,687.0299999999988,2.265631183221207,284792.09,284792.09,3002683.2,-321956.61,132807.7,1.18904,165.17,80,0.14356415425256674,CALL WALL + VOL SENSITIVE
2026-05-28T15:58:19 ET,2026-05-28T15:55:00 ET,2026-05-28,Thu,1558ET,AGGREGATE,30324.0,735.53,30516.9,NEGATIVE,NEUTRAL,20.16,0.758,10.32,15.3,15.29,18.79,31011.79,752.0,687.7900000000009,2.2681374488853745,481096.48,481096.48,6934260.1,-138984.21,421128.12,7.720366,802.89,66,0.23600200248234834,CALL WALL + VOL SENSITIVE
2026-05-28T15:58:19 ET,2026-05-28T15:55:00 ET,2026-05-28,Thu,1558ET,AGGREGATE,30324.0,735.53,30516.9,NEGATIVE,NEUTRAL,20.16,0.758,10.32,15.3,15.29,18.79,31044.24,753.0,720.2400000000016,2.3751483973090672,90548.6,90548.6,993548.51,-213493.14,22069.84,0.026021,26.49,193,0.10204049186468656,CALL WALL + VOL SENSITIVE
2026-05-28T15:58:19 ET,2026-05-28T15:55:00 ET,2026-05-28,Thu,1558ET,AGGREGATE,30324.0,735.53,30516.9,NEGATIVE,NEUTRAL,20.16,0.758,10.32,15.3,15.29,18.79,31052.26,753.0,728.2599999999984,2.4015960955019073,188188.78,188188.78,2068536.64,-225270.2,86435.5,0.639207,110.94,64,0.10097740600672601,CALL WALL + VOL SENSITIVE
2026-05-28T15:58:19 ET,2026-05-28T15:55:00 ET,2026-05-28,Thu,1558ET,AGGREGATE,30324.0,735.53,30516.9,NEGATIVE,NEUTRAL,20.16,0.758,10.32,15.3,15.29,18.79,31053.03,753.0,729.0299999999988,2.404135338345861,481282.83,481282.83,7337870.45,-147036.8,407418.66,6.664153,805.31,74,0.2489487254469646,CALL WALL + VOL SENSITIVE
2026-05-28T15:58:19 ET,2026-05-28T15:55:00 ET,2026-05-28,Thu,1558ET,AGGREGATE,30324.0,735.53,30516.9,NEGATIVE,NEUTRAL,20.16,0.758,10.32,15.3,15.29,18.79,31085.47,754.0,761.4700000000012,2.5111133095897675,45754.49,45754.49,502712.34,-113967.29,11757.75,0.012999,14.13,104,0.0536556316831447,CALL WALL + VOL SENSITIVE
2026-05-28T15:58:19 ET,2026-05-28T15:55:00 ET,2026-05-28,Thu,1558ET,AGGREGATE,30324.0,735.53,30516.9,NEGATIVE,NEUTRAL,20.16,0.758,10.32,15.3,15.29,18.79,31093.5,754.0,769.5,2.537593984962406,516682.95,516682.95,5896504.25,-652834.8,234573.59,1.437814,309.85,212,0.2965205782261632,CALL WALL + VOL SENSITIVE
2026-05-28T15:58:19 ET,2026-05-28T15:55:00 ET,2026-05-28,Thu,1558ET,AGGREGATE,30324.0,735.53,30516.9,NEGATIVE,NEUTRAL,20.16,0.758,10.32,15.3,15.29,18.79,31094.27,754.0,770.2700000000004,2.5401332278063595,155906.47000000003,294489.99,2504977.4400000004,-94857.93,-640860.6799999999,-9.306778999999999,494.27000000000004,51,0.09641371404377047,CALL WALL + VOL SENSITIVE
2026-05-28T15:58:19 ET,2026-05-28T15:55:00 ET,2026-05-28,Thu,1558ET,AGGREGATE,30324.0,735.53,30516.9,NEGATIVE,NEUTRAL,20.16,0.758,10.32,15.3,15.29,18.79,31126.7,755.0,802.7000000000007,2.6470782218704683,1190426.59,1190426.59,13059692.54,-3123413.85,323274.58,0.343676,387.85,2814,1.451297920766458,CALL WALL + VOL SENSITIVE
2026-05-28T15:58:19 ET,2026-05-28T15:55:00 ET,2026-05-28,Thu,1558ET,AGGREGATE,30324.0,735.53,30516.9,NEGATIVE,NEUTRAL,20.16,0.758,10.32,15.3,15.29,18.79,31134.74,755.0,810.7400000000016,2.673591874422905,8358365.94,8362425.36,98668058.4,-11121194.49,3691772.77,18.845403,5105.82,4120,5.125415945592442,CALL WALL + VOL SENSITIVE
2026-05-28T15:58:19 ET,2026-05-28T15:55:00 ET,2026-05-28,Thu,1558ET,AGGREGATE,30324.0,735.53,30516.9,NEGATIVE,NEUTRAL,20.16,0.758,10.32,15.3,15.29,18.79,31135.51,755.0,811.5099999999984,2.6761311172668463,2296568.9699999997,2347603.83,38753763.480000004,-795104.35,1501539.4,19.272549,3953.82,460,1.3197648749427935,CALL WALL + VOL SENSITIVE
2026-05-28T15:58:19 ET,2026-05-28T15:55:00 ET,2026-05-28,Thu,1558ET,AGGREGATE,30324.0,735.53,30516.9,NEGATIVE,NEUTRAL,20.16,0.758,10.32,15.3,15.29,18.79,31167.93,756.0,843.9300000000003,2.783043134151168,65233.97,65233.97,712859.22,-179822.51,18754.5,0.019583,22.42,157,0.08053893156243737,CALL WALL + VOL SENSITIVE
2026-05-28T15:58:19 ET,2026-05-28T15:55:00 ET,2026-05-28,Thu,1558ET,AGGREGATE,30324.0,735.53,30516.9,NEGATIVE,NEUTRAL,20.16,0.758,10.32,15.3,15.29,18.79,31175.98,756.0,851.9799999999996,2.809589763883391,447207.23,447207.23,5442282.07,-624396.06,200333.56,0.856726,278.22,263,0.29215034825095343,CALL WALL + VOL SENSITIVE
2026-05-28T15:58:19 ET,2026-05-28T15:55:00 ET,2026-05-28,Thu,1558ET,AGGREGATE,30324.0,735.53,30516.9,NEGATIVE,NEUTRAL,20.16,0.758,10.32,15.3,15.29,18.79,31209.15,757.0,885.1500000000015,2.9189750692520824,139151.0,139151.0,1511581.44,-402041.98,42410.8,0.044271,50.44,335,0.17378764792807022,CALL WALL + VOL SENSITIVE
2026-05-28T15:58:19 ET,2026-05-28T15:55:00 ET,2026-05-28,Thu,1558ET,AGGREGATE,30324.0,735.53,30516.9,NEGATIVE,NEUTRAL,20.16,0.758,10.32,15.3,15.29,18.79,31217.22,757.0,893.2200000000012,2.94558765334389,21515.78,21515.78,269097.23,-31465.67,9617.3,0.034694,13.65,15,0.014548339449447755,CALL WALL + VOL SENSITIVE
2026-05-28T15:58:19 ET,2026-05-28T15:55:00 ET,2026-05-28,Thu,1558ET,AGGREGATE,30324.0,735.53,30516.9,NEGATIVE,NEUTRAL,20.16,0.758,10.32,15.3,15.29,18.79,31217.99,757.0,893.9900000000016,2.9481268961878433,886444.73,886444.73,16351742.18,-329565.09,668697.23,6.625736,1505.16,225,0.5592427974923639,CALL WALL + VOL SENSITIVE
2026-05-28T15:58:19 ET,2026-05-28T15:55:00 ET,2026-05-28,Thu,1558ET,AGGREGATE,30324.0,735.53,30516.9,NEGATIVE,NEUTRAL,20.16,0.758,10.32,15.3,15.29,18.79,31250.38,758.0,926.380000000001,3.0549399815327827,129760.73,129760.73,1398801.65,-392110.54,41968.9,0.044434,49.59,308,0.16208115140891285,CALL WALL + VOL SENSITIVE
2026-05-28T15:58:19 ET,2026-05-28T15:55:00 ET,2026-05-28,Thu,1558ET,AGGREGATE,30324.0,735.53,30516.9,NEGATIVE,NEUTRAL,20.16,0.758,10.32,15.3,15.29,18.79,31258.45,758.0,934.4500000000007,3.08155256562459,73159.98,73159.98,937743.34,-111832.6,32719.79,0.100339,47.35,60,0.054095878720017344,CALL WALL + VOL SENSITIVE
2026-05-28T15:58:19 ET,2026-05-28T15:55:00 ET,2026-05-28,Thu,1558ET,AGGREGATE,30324.0,735.53,30516.9,NEGATIVE,NEUTRAL,20.16,0.758,10.32,15.3,15.29,18.79,31259.23,758.0,935.2299999999996,3.08412478564833,13777.09,13777.09,264647.07,-5349.64,10142.25,0.087855,23.5,4,0.008637493902217429,CALL WALL + VOL SENSITIVE
2026-05-28T15:58:19 ET,2026-05-28T15:55:00 ET,2026-05-28,Thu,1558ET,AGGREGATE,30324.0,735.53,30516.9,NEGATIVE,NEUTRAL,20.16,0.758,10.32,15.3,15.29,18.79,31291.61,759.0,967.6100000000006,3.190904893813483,30262.2,30262.2,323258.57,-95453.72,10393.91,0.011292,12.18,70,0.0372094334403632,CALL WALL + VOL SENSITIVE
2026-05-28T15:58:19 ET,2026-05-28T15:55:00 ET,2026-05-28,Thu,1558ET,AGGREGATE,30324.0,735.53,30516.9,NEGATIVE,NEUTRAL,20.16,0.758,10.32,15.3,15.29,18.79,31299.69,759.0,975.6899999999987,3.217550455085077,55395.58,55395.58,725814.0,-88338.5,24851.98,0.065327,36.61,53,0.043640125691359846,CALL WALL + VOL SENSITIVE
2026-05-28T15:58:19 ET,2026-05-28T15:55:00 ET,2026-05-28,Thu,1558ET,AGGREGATE,30324.0,735.53,30516.9,NEGATIVE,NEUTRAL,20.16,0.758,10.32,15.3,15.29,18.79,31300.47,759.0,976.4700000000012,3.2201226751088288,93090.34,93090.34,1857679.18,-37682.68,66988.82,0.505919,159.61,31,0.0641116008732927,CALL WALL + VOL SENSITIVE
2026-05-28T15:58:19 ET,2026-05-28T15:55:00 ET,2026-05-28,Thu,1558ET,AGGREGATE,30324.0,735.53,30516.9,NEGATIVE,NEUTRAL,20.16,0.758,10.32,15.3,15.29,18.79,31332.83,760.0,1008.8300000000017,3.3268368289143972,167447.08,167447.08,1770241.75,-550320.13,61099.12,0.068745,70.99,374,0.20593165834948404,CALL WALL + VOL SENSITIVE
2026-05-28T15:58:19 ET,2026-05-28T15:55:00 ET,2026-05-28,Thu,1558ET,AGGREGATE,30324.0,735.53,30516.9,NEGATIVE,NEUTRAL,20.16,0.758,10.32,15.3,15.29,18.79,31340.93,760.0,1016.9300000000003,3.353548344545575,4343087.43,4352126.109999999,58031332.940000005,-7227538.83,1595541.62,3.62701,2937.98,4815,3.6946990573631737,CALL WALL + VOL SENSITIVE
2026-05-28T15:58:19 ET,2026-05-28T15:55:00 ET,2026-05-28,Thu,1558ET,AGGREGATE,30324.0,735.53,30516.9,NEGATIVE,NEUTRAL,20.16,0.758,10.32,15.3,15.29,18.79,31341.71,760.0,1017.7099999999991,3.3561205645693146,2142002.89,2142002.89,44307577.98,-902369.02,1509172.09,9.914719,3692.75,820,1.5574437832895704,CALL WALL + VOL SENSITIVE
2026-05-28T15:58:19 ET,2026-05-28T15:55:00 ET,2026-05-28,Thu,1558ET,AGGREGATE,30324.0,735.53,30516.9,NEGATIVE,NEUTRAL,20.16,0.758,10.32,15.3,15.29,18.79,31374.06,761.0,1050.0600000000013,3.462801741195097,933.94,933.94,9761.86,-3192.88,362.11,0.000425,0.42,2,0.0006527986615729533,CALL WALL + VOL SENSITIVE
2026-05-28T15:58:19 ET,2026-05-28T15:55:00 ET,2026-05-28,Thu,1558ET,AGGREGATE,30324.0,735.53,30516.9,NEGATIVE,NEUTRAL,20.16,0.758,10.32,15.3,15.29,18.79,31382.17,761.0,1058.1699999999983,3.489546234006062,788.83,788.83,10725.57,-1362.02,358.58,0.000711,0.54,1,0.000231535483576325,CALL WALL + VOL SENSITIVE
2026-05-28T15:58:19 ET,2026-05-28T15:55:00 ET,2026-05-28,Thu,1558ET,AGGREGATE,30324.0,735.53,30516.9,NEGATIVE,NEUTRAL,20.16,0.758,10.32,15.3,15.29,18.79,31382.94,761.0,1058.9399999999987,3.4920854768500154,2268.23,2268.23,48533.3,-992.87,1567.13,0.00894,3.93,1,0.0012466396528320336,CALL WALL + VOL SENSITIVE
2026-05-28T15:58:19 ET,2026-05-28T15:55:00 ET,2026-05-28,Thu,1558ET,AGGREGATE,30324.0,735.53,30516.9,NEGATIVE,NEUTRAL,20.16,0.758,10.32,15.3,15.29,18.79,31415.29,762.0,1091.2900000000009,3.5987666534757974,73934.64,73934.64,763395.86,-262528.41,30461.21,0.037482,34.69,151,0.08806125609166773,CALL WALL + VOL SENSITIVE
2026-05-28T15:58:19 ET,2026-05-28T15:55:00 ET,2026-05-28,Thu,1558ET,AGGREGATE,30324.0,735.53,30516.9,NEGATIVE,NEUTRAL,20.16,0.758,10.32,15.3,15.29,18.79,31423.41,762.0,1099.4099999999999,3.6255441234665606,694.91,694.91,9595.45,-1245.61,318.97,0.000557,0.49,1,0.00018685313683916967,CALL WALL + VOL SENSITIVE
2026-05-28T15:58:19 ET,2026-05-28T15:55:00 ET,2026-05-28,Thu,1558ET,AGGREGATE,30324.0,735.53,30516.9,NEGATIVE,NEUTRAL,20.16,0.758,10.32,15.3,15.29,18.79,31424.18,762.0,1100.1800000000003,3.6280833663105136,11801.38,11801.38,260702.4,-5359.79,8007.72,0.039612,20.59,6,0.00895813850244351,CALL WALL + VOL SENSITIVE
2026-05-28T15:58:19 ET,2026-05-28T15:55:00 ET,2026-05-28,Thu,1558ET,AGGREGATE,30324.0,735.53,30516.9,NEGATIVE,NEUTRAL,20.16,0.758,10.32,15.3,15.29,18.79,31464.64,763.0,1140.6399999999994,3.761509035747261,2471.86,2471.86,34599.34,-4593.38,1147.88,0.001784,1.78,4,0.002047564785067576,CALL WALL + VOL SENSITIVE
2026-05-28T15:58:19 ET,2026-05-28T15:55:00 ET,2026-05-28,Thu,1558ET,AGGREGATE,30324.0,735.53,30516.9,NEGATIVE,NEUTRAL,20.16,0.758,10.32,15.3,15.29,18.79,31465.42,763.0,1141.4199999999983,3.7640812557710004,18744.65,18744.65,426743.42,-8820.91,12509.75,0.053613,32.92,11,0.015261650827310184,CALL WALL + VOL SENSITIVE
2026-05-28T15:58:19 ET,2026-05-28T15:55:00 ET,2026-05-28,Thu,1558ET,AGGREGATE,30324.0,735.53,30516.9,NEGATIVE,NEUTRAL,20.16,0.758,10.32,15.3,15.29,18.79,31497.74,764.0,1173.7400000000016,3.8706635008574115,279509.1,279509.1,2810585.66,-1066240.26,129958.04,0.177597,144.7,514,0.3233354981303864,CALL WALL + VOL SENSITIVE
2026-05-28T15:58:19 ET,2026-05-28T15:55:00 ET,2026-05-28,Thu,1558ET,AGGREGATE,30324.0,735.53,30516.9,NEGATIVE,NEUTRAL,20.16,0.758,10.32,15.3,15.29,18.79,31505.88,764.0,1181.880000000001,3.8975069252077597,70451.74,70451.74,997938.08,-135547.69,33156.65,0.046259,52.04,127,0.07591457283068831,CALL WALL + VOL SENSITIVE
2026-05-28T15:58:19 ET,2026-05-28T15:55:00 ET,2026-05-28,Thu,1558ET,AGGREGATE,30324.0,735.53,30516.9,NEGATIVE,NEUTRAL,20.16,0.758,10.32,15.3,15.29,18.79,31538.97,765.0,1214.9700000000012,4.006628413138112,591332.38,591332.38,5863338.6,-2333682.26,291923.14,0.421584,321.22,1029,0.6734260054430766,CALL WALL + VOL SENSITIVE
2026-05-28T15:58:19 ET,2026-05-28T15:55:00 ET,2026-05-28,Thu,1558ET,AGGREGATE,30324.0,735.53,30516.9,NEGATIVE,NEUTRAL,20.16,0.758,10.32,15.3,15.29,18.79,31547.12,765.0,1223.119999999999,4.033504814668246,682065.89,682065.89,9761748.68,-1357052.52,325844.83,0.411901,515.76,1357,0.7805950568719258,CALL WALL + VOL SENSITIVE
2026-05-28T15:58:19 ET,2026-05-28T15:55:00 ET,2026-05-28,Thu,1558ET,AGGREGATE,30324.0,735.53,30516.9,NEGATIVE,NEUTRAL,20.16,0.758,10.32,15.3,15.29,18.79,31547.9,765.0,1223.9000000000015,4.036077034691997,493236.44,493236.44,11867086.95,-248273.29,319775.98,1.027659,878.59,386,0.45778666686705805,CALL WALL + VOL SENSITIVE
2026-05-28T15:58:19 ET,2026-05-28T15:55:00 ET,2026-05-28,Thu,1558ET,AGGREGATE,30324.0,735.53,30516.9,NEGATIVE,NEUTRAL,20.16,0.758,10.32,15.3,15.29,18.79,31580.2,766.0,1256.2000000000007,4.1425933254188125,106953.71,106953.71,1045327.47,-436177.02,56034.83,0.085574,60.92,176,0.1195052040322483,CALL WALL + VOL SENSITIVE
2026-05-28T15:58:19 ET,2026-05-28T15:55:00 ET,2026-05-28,Thu,1558ET,AGGREGATE,30324.0,735.53,30516.9,NEGATIVE,NEUTRAL,20.16,0.758,10.32,15.3,15.29,18.79,31588.36,766.0,1264.3600000000006,4.169502704128745,6893.61,6893.61,99543.01,-14167.7,3347.97,0.00387,5.34,15,0.007825796707829466,CALL WALL + VOL SENSITIVE
2026-05-28T15:58:19 ET,2026-05-28T15:55:00 ET,2026-05-28,Thu,1558ET,AGGREGATE,30324.0,735.53,30516.9,NEGATIVE,NEUTRAL,20.16,0.758,10.32,15.3,15.29,18.79,31589.14,766.0,1265.1399999999994,4.172074924152485,6641.41,6641.41,163891.34,-3451.62,4252.42,0.011838,11.92,6,0.0060205098560286805,CALL WALL + VOL SENSITIVE
2026-05-28T15:58:19 ET,2026-05-28T15:55:00 ET,2026-05-28,Thu,1558ET,AGGREGATE,30324.0,735.53,30516.9,NEGATIVE,NEUTRAL,20.16,0.758,10.32,15.3,15.29,18.79,31629.6,767.0,1305.5999999999985,4.305500593589231,5511.2,5511.2,80185.16,-11687.56,2724.73,0.002905,4.37,13,0.006483167861159174,CALL WALL + VOL SENSITIVE
2026-05-28T15:58:19 ET,2026-05-28T15:55:00 ET,2026-05-28,Thu,1558ET,AGGREGATE,30324.0,735.53,30516.9,NEGATIVE,NEUTRAL,20.16,0.758,10.32,15.3,15.29,18.79,31670.84,768.0,1346.8400000000001,4.44149848304973,15776.58,15776.58,230998.92,-34489.56,7950.18,0.007886,12.82,40,0.02035077939894972,CALL WALL + VOL SENSITIVE
2026-05-28T15:58:19 ET,2026-05-28T15:55:00 ET,2026-05-28,Thu,1558ET,AGGREGATE,30324.0,735.53,30516.9,NEGATIVE,NEUTRAL,20.16,0.758,10.32,15.3,15.29,18.79,31671.62,768.0,1347.619999999999,4.44407070307347,1665.59,1665.59,43060.33,-920.02,1044.16,0.002187,3.04,2,0.001337915098464059,CALL WALL + VOL SENSITIVE
2026-05-28T15:58:19 ET,2026-05-28T15:55:00 ET,2026-05-28,Thu,1558ET,AGGREGATE,30324.0,735.53,30516.9,NEGATIVE,NEUTRAL,20.16,0.758,10.32,15.3,15.29,18.79,31703.88,769.0,1379.880000000001,4.550455085081127,6452.58,6452.58,60301.12,-28861.18,4026.75,0.007255,4.22,9,0.006469348222318974,CALL WALL + VOL SENSITIVE
2026-05-28T15:58:19 ET,2026-05-28T15:55:00 ET,2026-05-28,Thu,1558ET,AGGREGATE,30324.0,735.53,30516.9,NEGATIVE,NEUTRAL,20.16,0.758,10.32,15.3,15.29,18.79,31712.07,769.0,1388.0699999999997,4.5774633953304305,14798.31,14798.31,217803.49,-33318.22,7609.56,0.00708,12.32,40,0.019853139656734936,CALL WALL + VOL SENSITIVE
2026-05-28T15:58:19 ET,2026-05-28T15:55:00 ET,2026-05-28,Thu,1558ET,AGGREGATE,30324.0,735.53,30516.9,NEGATIVE,NEUTRAL,20.16,0.758,10.32,15.3,15.29,18.79,31745.11,770.0,1421.1100000000006,4.686419997361828,563138.18,563138.18,5182907.76,-2592807.7,372032.26,0.706705,384.7,745,0.5997668337856049,CALL WALL + VOL SENSITIVE
2026-05-28T15:58:19 ET,2026-05-28T15:55:00 ET,2026-05-28,Thu,1558ET,AGGREGATE,30324.0,735.53,30516.9,NEGATIVE,NEUTRAL,20.16,0.758,10.32,15.3,15.29,18.79,31753.31,770.0,1429.3100000000013,4.713461284790929,2938787.43,2939486.89,43433054.04,-6810160.58,1470500.1099999999,1.293404,2509.07,8405,4.186257763177309,CALL WALL + VOL SENSITIVE
2026-05-28T15:58:19 ET,2026-05-28T15:55:00 ET,2026-05-28,Thu,1558ET,AGGREGATE,30324.0,735.53,30516.9,NEGATIVE,NEUTRAL,20.16,0.758,10.32,15.3,15.29,18.79,31754.1,770.0,1430.0999999999985,4.716066481994455,306946.01,306946.01,8271714.66,-179546.09,189306.95,0.300079,569.62,487,0.37693473147555595,CALL WALL + VOL SENSITIVE
2026-05-28T15:58:19 ET,2026-05-28T15:55:00 ET,2026-05-28,Thu,1558ET,AGGREGATE,30324.0,735.53,30516.9,NEGATIVE,NEUTRAL,20.16,0.758,10.32,15.3,15.29,18.79,31794.55,771.0,1470.5499999999993,4.8494591742514155,199835.59,199835.59,2962803.74,-476011.59,107327.19,0.089901,174.85,600,0.2934005304172504,CALL WALL + VOL SENSITIVE
2026-05-28T15:58:19 ET,2026-05-28T15:55:00 ET,2026-05-28,Thu,1558ET,AGGREGATE,30324.0,735.53,30516.9,NEGATIVE,NEUTRAL,20.16,0.758,10.32,15.3,15.29,18.79,31835.79,772.0,1511.7900000000009,4.985457063711914,319.4,319.4,4746.26,-781.63,175.55,0.000141,0.29,1,0.0,CALL WALL + VOL SENSITIVE
2026-05-28T15:58:19 ET,2026-05-28T15:55:00 ET,2026-05-28,Thu,1558ET,AGGREGATE,30324.0,735.53,30516.9,NEGATIVE,NEUTRAL,20.16,0.758,10.32,15.3,15.29,18.79,31877.03,773.0,1553.0299999999988,5.121454953172401,4316.28,4316.28,64232.77,-10843.72,2429.64,0.001884,3.97,14,0.006205734250892047,CALL WALL + VOL SENSITIVE
2026-05-28T15:58:19 ET,2026-05-28T15:55:00 ET,2026-05-28,Thu,1558ET,AGGREGATE,30324.0,735.53,30516.9,NEGATIVE,NEUTRAL,20.16,0.758,10.32,15.3,15.29,18.79,31877.81,773.0,1553.8100000000013,5.124027173196152,4219.19,4219.19,119997.87,-2673.55,2560.24,0.002717,8.05,10,0.005788084770066502,CALL WALL + VOL SENSITIVE
2026-05-28T15:58:19 ET,2026-05-28T15:55:00 ET,2026-05-28,Thu,1558ET,AGGREGATE,30324.0,735.53,30516.9,NEGATIVE,NEUTRAL,20.16,0.758,10.32,15.3,15.29,18.79,31951.25,775.0,1627.25,5.366211581585543,321005.32,321005.32,2735421.96,-1688612.38,278838.92,0.671459,270.7,335,0.33034411416754267,CALL WALL + VOL SENSITIVE
2026-05-28T15:58:19 ET,2026-05-28T15:55:00 ET,2026-05-28,Thu,1558ET,AGGREGATE,30324.0,735.53,30516.9,NEGATIVE,NEUTRAL,20.16,0.758,10.32,15.3,15.29,18.79,31959.5,775.0,1635.5,5.3934177549136,164063.67,164063.67,2443114.34,-433504.5,97067.52,0.071394,158.64,561,0.26360625331807924,CALL WALL + VOL SENSITIVE
2026-05-28T15:58:19 ET,2026-05-28T15:55:00 ET,2026-05-28,Thu,1558ET,AGGREGATE,30324.0,735.53,30516.9,NEGATIVE,NEUTRAL,20.16,0.758,10.32,15.3,15.29,18.79,31960.29,775.0,1636.2900000000009,5.3960229521171375,154891.52,154891.52,4543949.6,-103165.2,93448.43,0.076962,301.59,473,0.26270720970195965,CALL WALL + VOL SENSITIVE
2026-05-28T15:58:19 ET,2026-05-28T15:55:00 ET,2026-05-28,Thu,1558ET,AGGREGATE,30324.0,735.53,30516.9,NEGATIVE,NEUTRAL,20.16,0.758,10.32,15.3,15.29,18.79,32157.38,780.0,1833.380000000001,6.045970188629472,152293.42,152293.42,1203043.85,-900928.7,170612.12,0.49467,155.85,132,0.15560085748944646,CALL WALL + VOL SENSITIVE
2026-05-28T15:58:19 ET,2026-05-28T15:55:00 ET,2026-05-28,Thu,1558ET,AGGREGATE,30324.0,735.53,30516.9,NEGATIVE,NEUTRAL,20.16,0.758,10.32,15.3,15.29,18.79,32165.69,780.0,1841.6899999999987,6.07337422503627,1010829.49,1018643.75,14917984.61,-3021569.47,-340711.80000000005,-0.23913999999999996,1116.36,3650,1.7074180458235702,CALL WALL + VOL SENSITIVE
2026-05-28T15:58:19 ET,2026-05-28T15:55:00 ET,2026-05-28,Thu,1558ET,AGGREGATE,30324.0,735.53,30516.9,NEGATIVE,NEUTRAL,20.16,0.758,10.32,15.3,15.29,18.79,32166.49,780.0,1842.4900000000016,6.076012399419607,31212.37,31212.37,974976.32,-23305.66,18852.46,0.008757,64.14,169,0.07446874290397865,CALL WALL + VOL SENSITIVE
2026-05-28T15:58:19 ET,2026-05-28T15:55:00 ET,2026-05-28,Thu,1558ET,AGGREGATE,30324.0,735.53,30516.9,NEGATIVE,NEUTRAL,20.16,0.758,10.32,15.3,15.29,18.79,32363.52,785.0,2039.5200000000004,6.725761772853186,322823.7,322823.7,2371072.15,-2121300.41,457717.74,1.521851,394.77,244,0.3349313996089326,CALL WALL + VOL SENSITIVE
2026-05-28T15:58:19 ET,2026-05-28T15:55:00 ET,2026-05-28,Thu,1558ET,AGGREGATE,30324.0,735.53,30516.9,NEGATIVE,NEUTRAL,20.16,0.758,10.32,15.3,15.29,18.79,32372.68,785.0,2048.6800000000003,6.755968869542278,7700.0,7700.0,251669.86,-6366.76,4745.32,0.001372,16.78,67,0.025279489143072716,CALL WALL + VOL SENSITIVE
2026-05-28T15:58:19 ET,2026-05-28T15:55:00 ET,2026-05-28,Thu,1558ET,AGGREGATE,30324.0,735.53,30516.9,NEGATIVE,NEUTRAL,20.16,0.758,10.32,15.3,15.29,18.79,32569.66,790.0,2245.66,7.4055533570769025,436906.73,436906.73,2994759.32,-3157639.7,770405.74,2.819589,629.79,300,0.4653918498540674,CALL WALL + VOL SENSITIVE
2026-05-28T15:58:19 ET,2026-05-28T15:55:00 ET,2026-05-28,Thu,1558ET,AGGREGATE,30324.0,735.53,30516.9,NEGATIVE,NEUTRAL,20.16,0.758,10.32,15.3,15.29,18.79,32578.88,790.0,2254.880000000001,7.435958316844747,107549.62,107549.62,3627260.51,-97501.96,68671.74,0.013688,249.4,1357,0.47837103561433464,CALL WALL + VOL SENSITIVE
2026-05-28T15:58:19 ET,2026-05-28T15:55:00 ET,2026-05-28,Thu,1558ET,AGGREGATE,30324.0,735.53,30516.9,NEGATIVE,NEUTRAL,20.16,0.758,10.32,15.3,15.29,18.79,32775.79,795.0,2451.790000000001,8.08531196412083,3103.13,3103.13,19929.09,-24468.8,6697.61,0.026115,5.21,2,,
2026-05-28T15:58:19 ET,2026-05-28T15:55:00 ET,2026-05-28,Thu,1558ET,AGGREGATE,30324.0,735.53,30516.9,NEGATIVE,NEUTRAL,20.16,0.758,10.32,15.3,15.29,18.79,32785.07,795.0,2461.0699999999997,8.115914786967418,7298.32,7298.32,251180.72,-7195.17,4887.61,0.000741,18.06,121,,
2026-05-28T15:58:19 ET,2026-05-28T15:55:00 ET,2026-05-28,Thu,1558ET,AGGREGATE,30324.0,735.53,30516.9,NEGATIVE,NEUTRAL,20.16,0.758,10.32,15.3,15.29,18.79,32981.93,800.0,2657.9300000000003,8.765103548344547,185313.55,185313.55,1119512.73,-1583670.62,482621.67,1.954407,358.49,115,,
2026-05-28T15:58:19 ET,2026-05-28T15:55:00 ET,2026-05-28,Thu,1558ET,AGGREGATE,30324.0,735.53,30516.9,NEGATIVE,NEUTRAL,20.16,0.758,10.32,15.3,15.29,18.79,32991.27,800.0,2667.269999999997,8.795904234269875,5969.74,5969.74,207795.98,-6356.19,4233.53,0.000534,15.79,119,,
