timestamp,intended_timestamp,snapshot_date,snapshot_weekday,session_label,expiry,nq_price,qqq_price,gamma_flip,gamma_regime,vol_regime,iv,rv_iv_ratio,hv5,hv10,hv21,hv63,strike_futures,strike_etf,dist_nq,dist_pct,net_gex,abs_gex,net_vex,net_charmex,net_dex,net_dag,net_vegaex,total_oi,score,type
2026-05-27T06:52:55 ET,2026-05-27T06:50:00 ET,2026-05-27,Wed,0652ET,2026-05-29,30219.75,730.28,30162.1,NEAR_FLIP,NEUTRAL,27.16,0.591,14.35,16.4,16.05,19.12,27228.73,658.0,-2991.0200000000004,-9.89756698847608,-268927.47,573256.49,4113286.2299999995,1471604.5999999999,16735037.799999999,26.687369,2120.72,923,,
2026-05-27T06:52:55 ET,2026-05-27T06:50:00 ET,2026-05-27,Wed,0652ET,2026-05-29,30219.75,730.28,30162.1,NEAR_FLIP,NEUTRAL,27.16,0.591,14.35,16.4,16.05,19.12,27270.11,659.0,-2949.6399999999994,-9.760636669727576,-191207.36,629154.22,2924600.42,1591774.3900000001,24089042.81,39.031324,2294.0499999999997,997,,
2026-05-27T06:52:55 ET,2026-05-27T06:50:00 ET,2026-05-27,Wed,0652ET,2026-05-27,30219.75,730.28,30162.1,NEAR_FLIP,NEUTRAL,27.16,0.591,14.35,16.4,16.05,19.12,27311.49,660.0,-2908.2599999999984,-9.623706350979074,-4901104.53,4997038.649999999,25210729.57,49266781.14,-16148408.36,-58.49593,13139.509999999998,3542,,
2026-05-27T06:52:55 ET,2026-05-27T06:50:00 ET,2026-05-27,Wed,0652ET,2026-05-28,30219.75,730.28,30162.1,NEAR_FLIP,NEUTRAL,27.16,0.591,14.35,16.4,16.05,19.12,27311.49,660.0,-2908.2599999999984,-9.623706350979074,-1739664.84,1809591.6199999999,16350143.16,9002599.120000001,-1783513.0099999998,-4.327327999999999,5263.99,1915,,
2026-05-27T06:52:55 ET,2026-05-27T06:50:00 ET,2026-05-27,Wed,0652ET,2026-05-29,30219.75,730.28,30162.1,NEAR_FLIP,NEUTRAL,27.16,0.591,14.35,16.4,16.05,19.12,27311.49,660.0,-2908.2599999999984,-9.623706350979074,-8932759.09,13462985.309999999,136608694.9,33562983.42,231380649.32999998,381.21853100000004,48382.37,20981,,
2026-05-27T06:52:55 ET,2026-05-27T06:50:00 ET,2026-05-27,Wed,0652ET,2026-05-29,30219.75,730.28,30162.1,NEAR_FLIP,NEUTRAL,27.16,0.591,14.35,16.4,16.05,19.12,27352.87,661.0,-2866.880000000001,-9.486776032230582,-191331.53000000003,749000.87,2925024.92,1839527.87,29734207.05,49.854808,2652.9,1147,,
2026-05-27T06:52:55 ET,2026-05-27T06:50:00 ET,2026-05-27,Wed,0652ET,2026-05-29,30219.75,730.28,30162.1,NEAR_FLIP,NEUTRAL,27.16,0.591,14.35,16.4,16.05,19.12,27394.25,662.0,-2825.5,-9.349845713482077,-686380.4000000001,1485827.32,10487564.82,3594220.8200000003,41055528.42,70.11139299999999,5186.7,2234,,
2026-05-27T06:52:55 ET,2026-05-27T06:50:00 ET,2026-05-27,Wed,0652ET,2026-05-29,30219.75,730.28,30162.1,NEAR_FLIP,NEUTRAL,27.16,0.591,14.35,16.4,16.05,19.12,27435.63,663.0,-2784.119999999999,-9.212915394733573,-293571.61,681384.47,4482329.029999999,1623102.03,19603995.080000002,34.127347,2344.19,1005,,
2026-05-27T06:52:55 ET,2026-05-27T06:50:00 ET,2026-05-27,Wed,0652ET,2026-05-29,30219.75,730.28,30162.1,NEAR_FLIP,NEUTRAL,27.16,0.591,14.35,16.4,16.05,19.12,27477.01,664.0,-2742.7400000000016,-9.07598507598508,-311291.08,558940.44,4748385.11,1310805.6099999999,12034608.209999999,21.375580000000003,1895.12,808,,
2026-05-27T06:52:55 ET,2026-05-27T06:50:00 ET,2026-05-27,Wed,0652ET,2026-05-27,30219.75,730.28,30162.1,NEAR_FLIP,NEUTRAL,27.16,0.591,14.35,16.4,16.05,19.12,27518.4,665.0,-2701.3499999999985,-8.939021666294389,-2088880.9,2179321.28,11257787.540000001,19959135.02,-4758623.51,-17.823121999999998,5081.21,1494,,
2026-05-27T06:52:55 ET,2026-05-27T06:50:00 ET,2026-05-27,Wed,0652ET,2026-05-28,30219.75,730.28,30162.1,NEAR_FLIP,NEUTRAL,27.16,0.591,14.35,16.4,16.05,19.12,27518.4,665.0,-2701.3499999999985,-8.939021666294389,-277406.72,351904.64,2660793.45,1622657.6400000001,1992427.1500000004,5.014698,929.9000000000001,359,,
2026-05-27T06:52:55 ET,2026-05-27T06:50:00 ET,2026-05-27,Wed,0652ET,2026-05-29,30219.75,730.28,30162.1,NEAR_FLIP,NEUTRAL,27.16,0.591,14.35,16.4,16.05,19.12,27518.4,665.0,-2701.3499999999985,-8.939021666294389,-6291644.83,8518375.63,95860381.35000001,19662909.080000002,99493588.72,180.471398,28463.83,12058,,
2026-05-27T06:52:55 ET,2026-05-27T06:50:00 ET,2026-05-27,Wed,0652ET,2026-05-29,30219.75,730.28,30162.1,NEAR_FLIP,NEUTRAL,27.16,0.591,14.35,16.4,16.05,19.12,27559.78,666.0,-2659.970000000001,-8.802091347545897,-805184.55,1040601.73,12250912.69,2363685.65,10023283.14,18.584991000000002,3426.74,1441,,
2026-05-27T06:52:55 ET,2026-05-27T06:50:00 ET,2026-05-27,Wed,0652ET,2026-05-29,30219.75,730.28,30162.1,NEAR_FLIP,NEUTRAL,27.16,0.591,14.35,16.4,16.05,19.12,27601.16,667.0,-2618.59,-8.665161028797392,-1997976.62,2441314.62,30350084.310000002,5455516.24,17554857.62,33.305259,7922.76,3304,,
2026-05-27T06:52:55 ET,2026-05-27T06:50:00 ET,2026-05-27,Wed,0652ET,2026-05-29,30219.75,730.28,30162.1,NEAR_FLIP,NEUTRAL,27.16,0.591,14.35,16.4,16.05,19.12,27642.54,668.0,-2577.209999999999,-8.52823071004889,-210391.44999999995,921787.01,3189983.2,2025997.79,32700587.819999997,63.543428,2948.05,1218,,
2026-05-27T06:52:55 ET,2026-05-27T06:50:00 ET,2026-05-27,Wed,0652ET,2026-05-29,30219.75,730.28,30162.1,NEAR_FLIP,NEUTRAL,27.16,0.591,14.35,16.4,16.05,19.12,27683.92,669.0,-2535.8300000000017,-8.391300391300396,-543938.26,852764.8400000001,8229827.069999998,1842976.27,13050618.34,26.001264,2687.72,1099,,
2026-05-27T06:52:55 ET,2026-05-27T06:50:00 ET,2026-05-27,Wed,0652ET,2026-05-27,30219.75,730.28,30162.1,NEAR_FLIP,NEUTRAL,27.16,0.591,14.35,16.4,16.05,19.12,27725.3,670.0,-2494.4500000000007,-8.254370072551893,-1692730.01,1819232.97,9547957.54,15378710.1,-1970387.1599999997,-7.619118999999998,3741.2799999999997,1208,,
2026-05-27T06:52:55 ET,2026-05-27T06:50:00 ET,2026-05-27,Wed,0652ET,2026-05-28,30219.75,730.28,30162.1,NEAR_FLIP,NEUTRAL,27.16,0.591,14.35,16.4,16.05,19.12,27725.3,670.0,-2494.4500000000007,-8.254370072551893,-529459.4900000001,611865.63,5162535.65,2599144.1,1699735.53,4.4955490000000005,1465.6100000000001,594,,
2026-05-27T06:52:55 ET,2026-05-27T06:50:00 ET,2026-05-27,Wed,0652ET,2026-05-29,30219.75,730.28,30162.1,NEAR_FLIP,NEUTRAL,27.16,0.591,14.35,16.4,16.05,19.12,27725.3,670.0,-2494.4500000000007,-8.254370072551893,-5484130.24,6975023.619999999,82778040.6,14818365.14,56385025.84,115.30185800000001,21664.48,8758,,
2026-05-27T06:52:55 ET,2026-05-27T06:50:00 ET,2026-05-27,Wed,0652ET,2026-05-29,30219.75,730.28,30162.1,NEAR_FLIP,NEUTRAL,27.16,0.591,14.35,16.4,16.05,19.12,27766.68,671.0,-2453.0699999999997,-8.117439753803389,-375608.52,771675.02,5654443.03,1611132.8399999999,16364942.44,34.384999,2362.02,943,,
2026-05-27T06:52:55 ET,2026-05-27T06:50:00 ET,2026-05-27,Wed,0652ET,2026-05-29,30219.75,730.28,30162.1,NEAR_FLIP,NEUTRAL,27.16,0.591,14.35,16.4,16.05,19.12,27808.06,672.0,-2411.6899999999987,-7.980509435054885,-2375452.75,2754245.71,35655257.35,5649576.8,11820140.47,25.547228999999998,8308.06,3272,,
2026-05-27T06:52:55 ET,2026-05-27T06:50:00 ET,2026-05-27,Wed,0652ET,2026-05-29,30219.75,730.28,30162.1,NEAR_FLIP,NEUTRAL,27.16,0.591,14.35,16.4,16.05,19.12,27849.44,673.0,-2370.3100000000013,-7.843579116306393,-2526048.69,2959481.89,37793073.56,5962315.28,13361383.93,29.739618,8797.52,3414,,
2026-05-27T06:52:55 ET,2026-05-27T06:50:00 ET,2026-05-27,Wed,0652ET,2026-05-29,30219.75,730.28,30162.1,NEAR_FLIP,NEUTRAL,27.16,0.591,14.35,16.4,16.05,19.12,27890.82,674.0,-2328.9300000000003,-7.7066487975578895,-567539.3899999999,1118097.27,8461061.74,2211719.12,20664713.27,47.422391,3275.47,1251,,
2026-05-27T06:52:55 ET,2026-05-27T06:50:00 ET,2026-05-27,Wed,0652ET,2026-05-27,30219.75,730.28,30162.1,NEAR_FLIP,NEUTRAL,27.16,0.591,14.35,16.4,16.05,19.12,27932.21,675.0,-2287.540000000001,-7.569685387867208,-10767296.21,10960152.59,63452977.330000006,84891963.74000001,-21410451.42,-85.500752,19770.23,7047,,
2026-05-27T06:52:55 ET,2026-05-27T06:50:00 ET,2026-05-27,Wed,0652ET,2026-05-28,30219.75,730.28,30162.1,NEAR_FLIP,NEUTRAL,27.16,0.591,14.35,16.4,16.05,19.12,27932.21,675.0,-2287.540000000001,-7.569685387867208,-932594.4299999999,974484.01,9196936.97,3786507.66,-361003.68999999994,-1.0217999999999998,2111.77,884,,
2026-05-27T06:52:55 ET,2026-05-27T06:50:00 ET,2026-05-27,Wed,0652ET,2026-05-29,30219.75,730.28,30162.1,NEAR_FLIP,NEUTRAL,27.16,0.591,14.35,16.4,16.05,19.12,27932.21,675.0,-2287.540000000001,-7.569685387867208,-4111077.7,11879316.96,61052322.349999994,23064990.96,288249920.09000003,682.8282449999999,34295.7,12876,,
2026-05-27T06:52:55 ET,2026-05-27T06:50:00 ET,2026-05-27,Wed,0652ET,2026-05-27,30219.75,730.28,30162.1,NEAR_FLIP,NEUTRAL,27.16,0.591,14.35,16.4,16.05,19.12,27973.59,676.0,-2246.16,-7.432755069118705,-2351856.19,2370645.9899999998,13977621.88,18025666.509999998,-4995359.9799999995,-20.0835,4162.7,1514,,
2026-05-27T06:52:55 ET,2026-05-27T06:50:00 ET,2026-05-27,Wed,0652ET,2026-05-28,30219.75,730.28,30162.1,NEAR_FLIP,NEUTRAL,27.16,0.591,14.35,16.4,16.05,19.12,27973.59,676.0,-2246.16,-7.432755069118705,-358553.24,378721.86,3541323.08,1444193.2000000002,-8161.290000000037,-0.023479999999999945,804.27,338,,
2026-05-27T06:52:55 ET,2026-05-27T06:50:00 ET,2026-05-27,Wed,0652ET,2026-05-29,30219.75,730.28,30162.1,NEAR_FLIP,NEUTRAL,27.16,0.591,14.35,16.4,16.05,19.12,27973.59,676.0,-2246.16,-7.432755069118705,-1621927.69,2293201.69,23985503.52,4368886.0600000005,22041448.91,53.963374,6524.51,2405,,
2026-05-27T06:52:55 ET,2026-05-27T06:50:00 ET,2026-05-27,Wed,0652ET,2026-05-27,30219.75,730.28,30162.1,NEAR_FLIP,NEUTRAL,27.16,0.591,14.35,16.4,16.05,19.12,28014.97,677.0,-2204.779999999999,-7.295824750370201,-862449.31,1105259.53,5168697.83,8247249.1,3170204.59,12.834096999999998,1888.79,701,,
2026-05-27T06:52:55 ET,2026-05-27T06:50:00 ET,2026-05-27,Wed,0652ET,2026-05-28,30219.75,730.28,30162.1,NEAR_FLIP,NEUTRAL,27.16,0.591,14.35,16.4,16.05,19.12,28014.97,677.0,-2204.779999999999,-7.295824750370201,-318085.2,354568.10000000003,3145539.55,1326461.43,558350.7000000001,1.6344739999999998,737.84,311,,
2026-05-27T06:52:55 ET,2026-05-27T06:50:00 ET,2026-05-27,Wed,0652ET,2026-05-29,30219.75,730.28,30162.1,NEAR_FLIP,NEUTRAL,27.16,0.591,14.35,16.4,16.05,19.12,28014.97,677.0,-2204.779999999999,-7.295824750370201,-1302434.8699999999,2593029.4299999997,19173042.43,4845653.99,43662219.54,110.616439,7270.69,2628,,
2026-05-27T06:52:55 ET,2026-05-27T06:50:00 ET,2026-05-27,Wed,0652ET,2026-05-27,30219.75,730.28,30162.1,NEAR_FLIP,NEUTRAL,27.16,0.591,14.35,16.4,16.05,19.12,28056.35,678.0,-2163.4000000000015,-7.158894431621709,-782876.49,817812.1499999999,4730519.42,5986303.18,-953839.7,-3.88914,1359.81,515,,
2026-05-27T06:52:55 ET,2026-05-27T06:50:00 ET,2026-05-27,Wed,0652ET,2026-05-28,30219.75,730.28,30162.1,NEAR_FLIP,NEUTRAL,27.16,0.591,14.35,16.4,16.05,19.12,28056.35,678.0,-2163.4000000000015,-7.158894431621709,-400658.88,407626.86,3965862.3200000003,1495517.27,-467911.82000000007,-1.395249,831.15,351,,
2026-05-27T06:52:55 ET,2026-05-27T06:50:00 ET,2026-05-27,Wed,0652ET,2026-05-29,30219.75,730.28,30162.1,NEAR_FLIP,NEUTRAL,27.16,0.591,14.35,16.4,16.05,19.12,28056.35,678.0,-2163.4000000000015,-7.158894431621709,272957.91000000015,3331722.19,-3998420.3099999987,6104841.37,123539098.41,324.280347,9206.76,3259,,
2026-05-27T06:52:55 ET,2026-05-27T06:50:00 ET,2026-05-27,Wed,0652ET,2026-05-27,30219.75,730.28,30162.1,NEAR_FLIP,NEUTRAL,27.16,0.591,14.35,16.4,16.05,19.12,28097.73,679.0,-2122.0200000000004,-7.0219641128732055,-513529.96,545525.6,3128146.4,3915749.4099999997,-404271.31000000006,-1.660602,882.37,341,,
2026-05-27T06:52:55 ET,2026-05-27T06:50:00 ET,2026-05-27,Wed,0652ET,2026-05-28,30219.75,730.28,30162.1,NEAR_FLIP,NEUTRAL,27.16,0.591,14.35,16.4,16.05,19.12,28097.73,679.0,-2122.0200000000004,-7.0219641128732055,-262925.75,312668.44999999995,2604181.7300000004,1124563.75,1017364.7,3.093774,624.6500000000001,264,,
2026-05-27T06:52:55 ET,2026-05-27T06:50:00 ET,2026-05-27,Wed,0652ET,2026-05-29,30219.75,730.28,30162.1,NEAR_FLIP,NEUTRAL,27.16,0.591,14.35,16.4,16.05,19.12,28097.73,679.0,-2122.0200000000004,-7.0219641128732055,-2551750.99,2999314.9699999997,37181060.85,5386745.630000001,10768143.08,29.323463000000004,8168.4,2828,,
2026-05-27T06:52:55 ET,2026-05-27T06:50:00 ET,2026-05-27,Wed,0652ET,2026-05-27,30219.75,730.28,30162.1,NEAR_FLIP,NEUTRAL,27.16,0.591,14.35,16.4,16.05,19.12,28139.11,680.0,-2080.6399999999994,-6.885033794124701,-1945891.6600000001,3116328.58,11947514.49,21926319.78,20236746.43,83.769101,4902.0599999999995,1933,,
2026-05-27T06:52:55 ET,2026-05-27T06:50:00 ET,2026-05-27,Wed,0652ET,2026-05-28,30219.75,730.28,30162.1,NEAR_FLIP,NEUTRAL,27.16,0.591,14.35,16.4,16.05,19.12,28139.11,680.0,-2080.6399999999994,-6.885033794124701,-7573961.470000001,7883546.99,75040026.69,27785901.38,-3405496.4000000004,-10.574330000000003,15430.4,6519,,
2026-05-27T06:52:55 ET,2026-05-27T06:50:00 ET,2026-05-27,Wed,0652ET,2026-05-29,30219.75,730.28,30162.1,NEAR_FLIP,NEUTRAL,27.16,0.591,14.35,16.4,16.05,19.12,28139.11,680.0,-2080.6399999999994,-6.885033794124701,-24678147.17,38841640.93,357529795.59999996,68349056.9,409932167.16999996,1159.6002740000001,104255.48999999999,35256,,
2026-05-27T06:52:55 ET,2026-05-27T06:50:00 ET,2026-05-27,Wed,0652ET,2026-05-27,30219.75,730.28,30162.1,NEAR_FLIP,NEUTRAL,27.16,0.591,14.35,16.4,16.05,19.12,28180.49,681.0,-2039.2599999999984,-6.7481034753761975,-1240072.1,1308332.96,7673069.96,9019555.57,-1014566.73,-4.233844,2001.03,805,,
2026-05-27T06:52:55 ET,2026-05-27T06:50:00 ET,2026-05-27,Wed,0652ET,2026-05-28,30219.75,730.28,30162.1,NEAR_FLIP,NEUTRAL,27.16,0.591,14.35,16.4,16.05,19.12,28180.49,681.0,-2039.2599999999984,-6.7481034753761975,-431510.64,443874.83999999997,4275050.7299999995,1532466.28,-338546.51,-1.074772,851.14,359,,
2026-05-27T06:52:55 ET,2026-05-27T06:50:00 ET,2026-05-27,Wed,0652ET,2026-05-29,30219.75,730.28,30162.1,NEAR_FLIP,NEUTRAL,27.16,0.591,14.35,16.4,16.05,19.12,28180.49,681.0,-2039.2599999999984,-6.7481034753761975,-2739910.67,3555810.4699999997,39452076.88,6128146.45,20604984.39,60.626276999999995,9406.689999999999,3103,,
2026-05-27T06:52:55 ET,2026-05-27T06:50:00 ET,2026-05-27,Wed,0652ET,2026-05-27,30219.75,730.28,30162.1,NEAR_FLIP,NEUTRAL,27.16,0.591,14.35,16.4,16.05,19.12,28221.87,682.0,-1997.880000000001,-6.611173156627706,-2643960.0,2702969.6399999997,16483874.7,18250175.33,-3778837.2299999995,-15.904150000000001,4018.5899999999997,1649,,
2026-05-27T06:52:55 ET,2026-05-27T06:50:00 ET,2026-05-27,Wed,0652ET,2026-05-28,30219.75,730.28,30162.1,NEAR_FLIP,NEUTRAL,27.16,0.591,14.35,16.4,16.05,19.12,28221.87,682.0,-1997.880000000001,-6.611173156627706,-353175.0,363301.88,3497510.42,1228127.07,-272441.54,-0.885504,682.45,287,,
2026-05-27T06:52:55 ET,2026-05-27T06:50:00 ET,2026-05-27,Wed,0652ET,2026-05-29,30219.75,730.28,30162.1,NEAR_FLIP,NEUTRAL,27.16,0.591,14.35,16.4,16.05,19.12,28221.87,682.0,-1997.880000000001,-6.611173156627706,-8256689.699999999,9512260.32,118108839.75999999,16048988.350000001,24122135.220000003,73.92186800000002,24802.190000000002,7970,,
2026-05-27T06:52:55 ET,2026-05-27T06:50:00 ET,2026-05-27,Wed,0652ET,2026-05-27,30219.75,730.28,30162.1,NEAR_FLIP,NEUTRAL,27.16,0.591,14.35,16.4,16.05,19.12,28263.25,683.0,-1956.5,-6.474242837879202,-965935.27,1005631.23,6066611.35,6647080.07,-956816.37,-4.063456,1452.99,608,,
2026-05-27T06:52:55 ET,2026-05-27T06:50:00 ET,2026-05-27,Wed,0652ET,2026-05-28,30219.75,730.28,30162.1,NEAR_FLIP,NEUTRAL,27.16,0.591,14.35,16.4,16.05,19.12,28263.25,683.0,-1956.5,-6.474242837879202,-303700.53,324466.37,3005135.06,1073496.82,89881.28000000003,0.2995239999999999,597.07,250,,
2026-05-27T06:52:55 ET,2026-05-27T06:50:00 ET,2026-05-27,Wed,0652ET,2026-05-29,30219.75,730.28,30162.1,NEAR_FLIP,NEUTRAL,27.16,0.591,14.35,16.4,16.05,19.12,28263.25,683.0,-1956.5,-6.474242837879202,-3644568.32,4386427.18,51768532.11,7241998.88,15232460.48,48.682947,11272.980000000001,3524,,
2026-05-27T06:52:55 ET,2026-05-27T06:50:00 ET,2026-05-27,Wed,0652ET,2026-05-27,30219.75,730.28,30162.1,NEAR_FLIP,NEUTRAL,27.16,0.591,14.35,16.4,16.05,19.12,28304.64,684.0,-1915.1100000000006,-6.337279428188521,-1345965.24,1372684.16,8513913.370000001,8878272.079999998,-1836131.9200000002,-7.872895,1927.01,822,,
2026-05-27T06:52:55 ET,2026-05-27T06:50:00 ET,2026-05-27,Wed,0652ET,2026-05-28,30219.75,730.28,30162.1,NEAR_FLIP,NEUTRAL,27.16,0.591,14.35,16.4,16.05,19.12,28304.64,684.0,-1915.1100000000006,-6.337279428188521,-621032.3899999999,629028.51,6137651.88,2035911.7300000002,-720771.4600000001,-2.466367,1133.8400000000001,472,,
2026-05-27T06:52:55 ET,2026-05-27T06:50:00 ET,2026-05-27,Wed,0652ET,2026-05-29,30219.75,730.28,30162.1,NEAR_FLIP,NEUTRAL,27.16,0.591,14.35,16.4,16.05,19.12,28304.64,684.0,-1915.1100000000006,-6.337279428188521,-794237.64,1613173.3399999999,11197072.43,2605038.93,20623350.779999997,68.83356500000001,4086.44,1241,,
2026-05-27T06:52:55 ET,2026-05-27T06:50:00 ET,2026-05-27,Wed,0652ET,2026-05-27,30219.75,730.28,30162.1,NEAR_FLIP,NEUTRAL,27.16,0.591,14.35,16.4,16.05,19.12,28346.02,685.0,-1873.7299999999996,-6.200349109440017,-3308450.1999999997,3807838.9,21072302.4,24087573.2,4314420.72,18.689655000000002,5192.5199999999995,2257,,
2026-05-27T06:52:55 ET,2026-05-27T06:50:00 ET,2026-05-27,Wed,0652ET,2026-05-28,30219.75,730.28,30162.1,NEAR_FLIP,NEUTRAL,27.16,0.591,14.35,16.4,16.05,19.12,28346.02,685.0,-1873.7299999999996,-6.200349109440017,-1034807.15,1108819.85,10210019.05,3509140.33,346562.6599999999,1.2196240000000005,1957.76,809,,
2026-05-27T06:52:55 ET,2026-05-27T06:50:00 ET,2026-05-27,Wed,0652ET,2026-05-29,30219.75,730.28,30162.1,NEAR_FLIP,NEUTRAL,27.16,0.591,14.35,16.4,16.05,19.12,28346.02,685.0,-1873.7299999999996,-6.200349109440017,-9243560.029999997,37898596.129999995,129273218.37000003,59832251.84,714257904.86,2492.9707799999996,94632.29000000001,27880,,
2026-05-27T06:52:55 ET,2026-05-27T06:50:00 ET,2026-05-27,Wed,0652ET,2026-05-27,30219.75,730.28,30162.1,NEAR_FLIP,NEUTRAL,27.16,0.591,14.35,16.4,16.05,19.12,28387.4,686.0,-1832.3499999999985,-6.063418790691514,-972285.19,1115569.33,6233878.84,6898421.0200000005,1227318.6,5.375363999999999,1477.35,654,,
2026-05-27T06:52:55 ET,2026-05-27T06:50:00 ET,2026-05-27,Wed,0652ET,2026-05-28,30219.75,730.28,30162.1,NEAR_FLIP,NEUTRAL,27.16,0.591,14.35,16.4,16.05,19.12,28387.4,686.0,-1832.3499999999985,-6.063418790691514,-240028.05000000002,245675.77,2363232.9,759867.12,-207282.49,-0.7514630000000001,424.87,174,,
2026-05-27T06:52:55 ET,2026-05-27T06:50:00 ET,2026-05-27,Wed,0652ET,2026-05-29,30219.75,730.28,30162.1,NEAR_FLIP,NEUTRAL,27.16,0.591,14.35,16.4,16.05,19.12,28387.4,686.0,-1832.3499999999985,-6.063418790691514,-13200982.36,13605239.32,183046423.42,20988508.86,-9380089.129999999,-34.282928,33488.24,9558,,
2026-05-27T06:52:55 ET,2026-05-27T06:50:00 ET,2026-05-27,Wed,0652ET,2026-05-27,30219.75,730.28,30162.1,NEAR_FLIP,NEUTRAL,27.16,0.591,14.35,16.4,16.05,19.12,28428.78,687.0,-1790.9700000000012,-5.9264884719430215,-5644229.7700000005,5658038.29,36418463.61,34184564.61,-8731917.540000001,-38.698875,7275.0,3278,,
2026-05-27T06:52:55 ET,2026-05-27T06:50:00 ET,2026-05-27,Wed,0652ET,2026-05-28,30219.75,730.28,30162.1,NEAR_FLIP,NEUTRAL,27.16,0.591,14.35,16.4,16.05,19.12,28428.78,687.0,-1790.9700000000012,-5.9264884719430215,-268088.98,370079.33999999997,2632613.37,1118099.54,2033523.45,7.607501999999999,626.89,254,,
2026-05-27T06:52:55 ET,2026-05-27T06:50:00 ET,2026-05-27,Wed,0652ET,2026-05-29,30219.75,730.28,30162.1,NEAR_FLIP,NEUTRAL,27.16,0.591,14.35,16.4,16.05,19.12,28428.78,687.0,-1790.9700000000012,-5.9264884719430215,-568669.4899999999,2028403.77,7813755.499999998,3056097.57,32788383.05,125.65701299999999,4921.860000000001,1359,,
2026-05-27T06:52:55 ET,2026-05-27T06:50:00 ET,2026-05-27,Wed,0652ET,2026-05-27,30219.75,730.28,30162.1,NEAR_FLIP,NEUTRAL,27.16,0.591,14.35,16.4,16.05,19.12,28470.16,688.0,-1749.5900000000001,-5.789558153194517,-1620644.2899999998,1645120.03,10520117.38,9705879.549999999,-2026056.4700000002,-9.094761,2053.27,941,,
2026-05-27T06:52:55 ET,2026-05-27T06:50:00 ET,2026-05-27,Wed,0652ET,2026-05-28,30219.75,730.28,30162.1,NEAR_FLIP,NEUTRAL,27.16,0.591,14.35,16.4,16.05,19.12,28470.16,688.0,-1749.5900000000001,-5.789558153194517,-457889.86,469939.6,4482353.01,1386124.3900000001,-359332.93999999994,-1.3896850000000003,779.7,312,,
2026-05-27T06:52:55 ET,2026-05-27T06:50:00 ET,2026-05-27,Wed,0652ET,2026-05-29,30219.75,730.28,30162.1,NEAR_FLIP,NEUTRAL,27.16,0.591,14.35,16.4,16.05,19.12,28470.16,688.0,-1749.5900000000001,-5.789558153194517,-6345460.01,7596059.43,86348563.82000001,11171261.03,18272422.8,73.526391,18170.809999999998,4847,,
2026-05-27T06:52:55 ET,2026-05-27T06:50:00 ET,2026-05-27,Wed,0652ET,2026-05-27,30219.75,730.28,30162.1,NEAR_FLIP,NEUTRAL,27.16,0.591,14.35,16.4,16.05,19.12,28511.54,689.0,-1708.2099999999991,-5.6526278344460135,-1910915.39,2077544.3699999999,12475033.31,11962220.25,333875.70999999996,1.5196349999999992,2516.41,1172,,
2026-05-27T06:52:55 ET,2026-05-27T06:50:00 ET,2026-05-27,Wed,0652ET,2026-05-28,30219.75,730.28,30162.1,NEAR_FLIP,NEUTRAL,27.16,0.591,14.35,16.4,16.05,19.12,28511.54,689.0,-1708.2099999999991,-5.6526278344460135,-2776786.13,2786146.09,27082193.75,8018472.25,-3574814.18,-14.318835,4527.66,1786,,
2026-05-27T06:52:55 ET,2026-05-27T06:50:00 ET,2026-05-27,Wed,0652ET,2026-05-29,30219.75,730.28,30162.1,NEAR_FLIP,NEUTRAL,27.16,0.591,14.35,16.4,16.05,19.12,28511.54,689.0,-1708.2099999999991,-5.6526278344460135,-1296733.78,3573844.42,17465033.169999998,5127466.03,45384199.449999996,192.00500499999998,8428.59,2169,,
2026-05-27T06:52:55 ET,2026-05-27T06:50:00 ET,2026-05-27,Wed,0652ET,2026-05-27,30219.75,730.28,30162.1,NEAR_FLIP,NEUTRAL,27.16,0.591,14.35,16.4,16.05,19.12,28552.92,690.0,-1666.8300000000017,-5.515697515697521,-9843365.41,10401216.11,64602493.15,58412926.28,-3681338.08,-17.009586999999996,12223.679999999998,5780,,
2026-05-27T06:52:55 ET,2026-05-27T06:50:00 ET,2026-05-27,Wed,0652ET,2026-05-28,30219.75,730.28,30162.1,NEAR_FLIP,NEUTRAL,27.16,0.591,14.35,16.4,16.05,19.12,28552.92,690.0,-1666.8300000000017,-5.515697515697521,-1257815.26,1484448.64,12215164.760000002,4166021.47,3125537.1,12.99129,2362.75,917,,
2026-05-27T06:52:55 ET,2026-05-27T06:50:00 ET,2026-05-27,Wed,0652ET,2026-05-29,30219.75,730.28,30162.1,NEAR_FLIP,NEUTRAL,27.16,0.591,14.35,16.4,16.05,19.12,28552.92,690.0,-1666.8300000000017,-5.515697515697521,-15237137.399999999,33811735.22,202987550.72000003,47296386.519999996,343245203.40999997,1528.7881679999998,78622.0,19492,,
2026-05-27T06:52:55 ET,2026-05-27T06:50:00 ET,2026-05-27,Wed,0652ET,2026-05-27,30219.75,730.28,30162.1,NEAR_FLIP,NEUTRAL,27.16,0.591,14.35,16.4,16.05,19.12,28594.3,691.0,-1625.4500000000007,-5.378767196949018,-1699355.4300000002,1867644.67,11207757.82,10223717.68,754482.0800000001,3.5436370000000004,2129.13,1021,,
2026-05-27T06:52:55 ET,2026-05-27T06:50:00 ET,2026-05-27,Wed,0652ET,2026-05-28,30219.75,730.28,30162.1,NEAR_FLIP,NEUTRAL,27.16,0.591,14.35,16.4,16.05,19.12,28594.3,691.0,-1625.4500000000007,-5.378767196949018,-329907.79,444365.59,3188195.17,1215327.6199999999,1898345.0900000003,8.204336,692.75,264,,
2026-05-27T06:52:55 ET,2026-05-27T06:50:00 ET,2026-05-27,Wed,0652ET,2026-05-29,30219.75,730.28,30162.1,NEAR_FLIP,NEUTRAL,27.16,0.591,14.35,16.4,16.05,19.12,28594.3,691.0,-1625.4500000000007,-5.378767196949018,-358400.04000000004,2029714.5,4719410.640000001,2766404.7,30523865.58,143.312241,4653.67,1110,,
2026-05-27T06:52:55 ET,2026-05-27T06:50:00 ET,2026-05-27,Wed,0652ET,2026-05-27,30219.75,730.28,30162.1,NEAR_FLIP,NEUTRAL,27.16,0.591,14.35,16.4,16.05,19.12,28635.68,692.0,-1584.0699999999997,-5.241836878200513,-2579133.19,2735557.15,17086164.82,14586891.5,-622737.5,-2.9775610000000015,3024.47,1469,,
2026-05-27T06:52:55 ET,2026-05-27T06:50:00 ET,2026-05-27,Wed,0652ET,2026-05-28,30219.75,730.28,30162.1,NEAR_FLIP,NEUTRAL,27.16,0.591,14.35,16.4,16.05,19.12,28635.68,692.0,-1584.0699999999997,-5.241836878200513,-471763.37,706768.17,4533756.33,1882524.46,3978290.8899999997,17.914317,1079.21,403,,
2026-05-27T06:52:55 ET,2026-05-27T06:50:00 ET,2026-05-27,Wed,0652ET,2026-05-29,30219.75,730.28,30162.1,NEAR_FLIP,NEUTRAL,27.16,0.591,14.35,16.4,16.05,19.12,28635.68,692.0,-1584.0699999999997,-5.241836878200513,-17976477.24,20350437.62,233813010.51000002,27007693.79,16485733.779999997,81.69743499999998,46009.39,10544,,
2026-05-27T06:52:55 ET,2026-05-27T06:50:00 ET,2026-05-27,Wed,0652ET,2026-05-27,30219.75,730.28,30162.1,NEAR_FLIP,NEUTRAL,27.16,0.591,14.35,16.4,16.05,19.12,28677.06,693.0,-1542.6899999999987,-5.10490655945201,-3769231.97,3955319.9899999998,25069750.13,20530459.55,-1582133.12,-7.713778000000001,4240.26,2083,,
2026-05-27T06:52:55 ET,2026-05-27T06:50:00 ET,2026-05-27,Wed,0652ET,2026-05-28,30219.75,730.28,30162.1,NEAR_FLIP,NEUTRAL,27.16,0.591,14.35,16.4,16.05,19.12,28677.06,693.0,-1542.6899999999987,-5.10490655945201,-249038.81,1135323.97,2378351.4300000006,2943019.49,16226962.03,76.295183,1698.03,620,,
2026-05-27T06:52:55 ET,2026-05-27T06:50:00 ET,2026-05-27,Wed,0652ET,2026-05-29,30219.75,730.28,30162.1,NEAR_FLIP,NEUTRAL,27.16,0.591,14.35,16.4,16.05,19.12,28677.06,693.0,-1542.6899999999987,-5.10490655945201,-1346205.1999999997,4071250.86,17281984.91,5257412.1,43122080.05,225.83893,9077.01,1996,,
2026-05-27T06:52:55 ET,2026-05-27T06:50:00 ET,2026-05-27,Wed,0652ET,2026-05-27,30219.75,730.28,30162.1,NEAR_FLIP,NEUTRAL,27.16,0.591,14.35,16.4,16.05,19.12,28718.45,694.0,-1501.2999999999993,-4.96794314976133,-6878394.33,6952105.27,45907266.62,35100643.09,-7387236.119999999,-36.792738,7225.12,3584,,
2026-05-27T06:52:55 ET,2026-05-27T06:50:00 ET,2026-05-27,Wed,0652ET,2026-05-28,30219.75,730.28,30162.1,NEAR_FLIP,NEUTRAL,27.16,0.591,14.35,16.4,16.05,19.12,28718.45,694.0,-1501.2999999999993,-4.96794314976133,-329577.39999999997,827775.8,3125468.5599999996,2086788.3,8455660.61,41.601434,1212.69,432,,
2026-05-27T06:52:55 ET,2026-05-27T06:50:00 ET,2026-05-27,Wed,0652ET,2026-05-29,30219.75,730.28,30162.1,NEAR_FLIP,NEUTRAL,27.16,0.591,14.35,16.4,16.05,19.12,28718.45,694.0,-1501.2999999999993,-4.96794314976133,2158.2099999999627,4301310.47,-27324.359999999404,5400776.46,66852683.51,370.462384,9457.81,1993,,
2026-05-27T06:52:55 ET,2026-05-27T06:50:00 ET,2026-05-27,Wed,0652ET,2026-05-27,30219.75,730.28,30162.1,NEAR_FLIP,NEUTRAL,27.16,0.591,14.35,16.4,16.05,19.12,28759.83,695.0,-1459.9199999999983,-4.831012831012825,-10699909.51,11541765.450000001,71617915.36,56639157.120000005,1386187.210000001,7.066845000000001,11626.14,5813,,
2026-05-27T06:52:55 ET,2026-05-27T06:50:00 ET,2026-05-27,Wed,0652ET,2026-05-28,30219.75,730.28,30162.1,NEAR_FLIP,NEUTRAL,27.16,0.591,14.35,16.4,16.05,19.12,28759.83,695.0,-1459.9199999999983,-4.831012831012825,-4061274.2800000003,4700307.04,38213877.39,11514608.88,5804602.48,29.950238000000002,6745.1900000000005,2339,,
2026-05-27T06:52:55 ET,2026-05-27T06:50:00 ET,2026-05-27,Wed,0652ET,2026-05-29,30219.75,730.28,30162.1,NEAR_FLIP,NEUTRAL,27.16,0.591,14.35,16.4,16.05,19.12,28759.83,695.0,-1459.9199999999983,-4.831012831012825,-36582713.03,92248977.42999999,456397329.19000006,112535901.08,761743825.67,4471.667539,200059.82,40349,,
2026-05-27T06:52:55 ET,2026-05-27T06:50:00 ET,2026-05-27,Wed,0652ET,2026-05-27,30219.75,730.28,30162.1,NEAR_FLIP,NEUTRAL,27.16,0.591,14.35,16.4,16.05,19.12,28801.21,696.0,-1418.5400000000009,-4.694082512264333,-2523594.73,2763937.0900000003,16929160.26,13172360.27,1041646.96,5.4475419999999986,2698.0299999999997,1357,,
2026-05-27T06:52:55 ET,2026-05-27T06:50:00 ET,2026-05-27,Wed,0652ET,2026-05-28,30219.75,730.28,30162.1,NEAR_FLIP,NEUTRAL,27.16,0.591,14.35,16.4,16.05,19.12,28801.21,696.0,-1418.5400000000009,-4.694082512264333,-17252956.59,17417713.029999997,160935826.27,41430205.32,-18365623.32,-99.605943,24485.460000000003,8246,,
2026-05-27T06:52:55 ET,2026-05-27T06:50:00 ET,2026-05-27,Wed,0652ET,2026-05-29,30219.75,730.28,30162.1,NEAR_FLIP,NEUTRAL,27.16,0.591,14.35,16.4,16.05,19.12,28801.21,696.0,-1418.5400000000009,-4.694082512264333,-12089395.73,14732284.09,148490255.19,17446851.169999998,19528281.860000003,121.576079,31514.719999999998,6076,,
2026-05-27T06:52:55 ET,2026-05-27T06:50:00 ET,2026-05-27,Wed,0652ET,2026-05-27,30219.75,730.28,30162.1,NEAR_FLIP,NEUTRAL,27.16,0.591,14.35,16.4,16.05,19.12,28842.59,697.0,-1377.1599999999999,-4.5571521935158295,-11911078.14,12845198.219999999,80028179.14999999,59400698.92,1585806.8499999996,8.528054000000012,12148.94,6133,,
2026-05-27T06:52:55 ET,2026-05-27T06:50:00 ET,2026-05-27,Wed,0652ET,2026-05-28,30219.75,730.28,30162.1,NEAR_FLIP,NEUTRAL,27.16,0.591,14.35,16.4,16.05,19.12,28842.59,697.0,-1377.1599999999999,-4.5571521935158295,-600846.1599999999,1028114.54,5551205.890000001,2372439.67,5775394.1,32.999924,1415.9,462,,
2026-05-27T06:52:55 ET,2026-05-27T06:50:00 ET,2026-05-27,Wed,0652ET,2026-05-29,30219.75,730.28,30162.1,NEAR_FLIP,NEUTRAL,27.16,0.591,14.35,16.4,16.05,19.12,28842.59,697.0,-1377.1599999999999,-4.5571521935158295,-4183055.3999999994,8183343.46,50536595.70999999,9399769.49,45507037.54,300.781136,17268.629999999997,3179,,
2026-05-27T06:52:55 ET,2026-05-27T06:50:00 ET,2026-05-27,Wed,0652ET,2026-05-27,30219.75,730.28,30162.1,NEAR_FLIP,NEUTRAL,27.16,0.591,14.35,16.4,16.05,19.12,28883.97,698.0,-1335.7799999999988,-4.420221874767325,-1854893.63,2139929.67,12472716.379999999,9593284.05,2448169.68,13.573728000000001,1960.6799999999998,991,,
2026-05-27T06:52:55 ET,2026-05-27T06:50:00 ET,2026-05-27,Wed,0652ET,2026-05-28,30219.75,730.28,30162.1,NEAR_FLIP,NEUTRAL,27.16,0.591,14.35,16.4,16.05,19.12,28883.97,698.0,-1335.7799999999988,-4.420221874767325,-324295.9,578092.7,2964679.3899999997,1292946.9300000002,3257800.43,19.657062999999997,780.0,246,,
2026-05-27T06:52:55 ET,2026-05-27T06:50:00 ET,2026-05-27,Wed,0652ET,2026-05-29,30219.75,730.28,30162.1,NEAR_FLIP,NEUTRAL,27.16,0.591,14.35,16.4,16.05,19.12,28883.97,698.0,-1335.7799999999988,-4.420221874767325,-1036823.5299999998,4341527.529999999,12308480.080000002,4832447.82,38157081.32,268.023306,9038.439999999999,1587,,
2026-05-27T06:52:55 ET,2026-05-27T06:50:00 ET,2026-05-27,Wed,0652ET,2026-05-27,30219.75,730.28,30162.1,NEAR_FLIP,NEUTRAL,27.16,0.591,14.35,16.4,16.05,19.12,28925.35,699.0,-1294.4000000000015,-4.283291556018833,-2976133.3000000003,3288705.44,20011894.61,14278639.110000001,1580421.69,9.059975000000001,2918.6299999999997,1473,,
2026-05-27T06:52:55 ET,2026-05-27T06:50:00 ET,2026-05-27,Wed,0652ET,2026-05-28,30219.75,730.28,30162.1,NEAR_FLIP,NEUTRAL,27.16,0.591,14.35,16.4,16.05,19.12,28925.35,699.0,-1294.4000000000015,-4.283291556018833,-1094449.3199999998,1348162.56,9889905.48,2919656.4099999997,2144509.46,13.696283000000001,1782.27,542,,
2026-05-27T06:52:55 ET,2026-05-27T06:50:00 ET,2026-05-27,Wed,0652ET,2026-05-29,30219.75,730.28,30162.1,NEAR_FLIP,NEUTRAL,27.16,0.591,14.35,16.4,16.05,19.12,28925.35,699.0,-1294.4000000000015,-4.283291556018833,3055537.2300000004,8718466.23,-35605394.78999999,9394553.08,135793211.14000002,1014.6309779999999,17908.47,2996,,
2026-05-27T06:52:55 ET,2026-05-27T06:50:00 ET,2026-05-27,Wed,0652ET,2026-05-27,30219.75,730.28,30162.1,NEAR_FLIP,NEUTRAL,27.16,0.591,14.35,16.4,16.05,19.12,28966.73,700.0,-1253.0200000000004,-4.146361237270329,-29678874.12,31244210.7,199382490.28,131242710.67,-7840860.520000003,-46.618312,26854.15,13493,,
2026-05-27T06:52:55 ET,2026-05-27T06:50:00 ET,2026-05-27,Wed,0652ET,2026-05-28,30219.75,730.28,30162.1,NEAR_FLIP,NEUTRAL,27.16,0.591,14.35,16.4,16.05,19.12,28966.73,700.0,-1253.0200000000004,-4.146361237270329,-3306692.52,4663148.98,29503020.679999996,9768417.6,13364687.78,90.559358,6040.72,1767,,
2026-05-27T06:52:55 ET,2026-05-27T06:50:00 ET,2026-05-27,Wed,0652ET,2026-05-29,30219.75,730.28,30162.1,NEAR_FLIP,NEUTRAL,27.16,0.591,14.35,16.4,16.05,19.12,28966.73,700.0,-1253.0200000000004,-4.146361237270329,-28704505.349999994,128322925.75,327958682.31999993,133720170.89,998310427.04,7941.490673,260096.71000000002,41419,,
2026-05-27T06:52:55 ET,2026-05-27T06:50:00 ET,2026-05-27,Wed,0652ET,2026-05-27,30219.75,730.28,30162.1,NEAR_FLIP,NEUTRAL,27.16,0.591,14.35,16.4,16.05,19.12,29008.11,701.0,-1211.6399999999994,-4.009430918521826,-13918001.82,14804744.32,93323942.47,60099396.739999995,-1511098.0899999999,-9.349193,12322.02,6144,,
2026-05-27T06:52:55 ET,2026-05-27T06:50:00 ET,2026-05-27,Wed,0652ET,2026-05-28,30219.75,730.28,30162.1,NEAR_FLIP,NEUTRAL,27.16,0.591,14.35,16.4,16.05,19.12,29008.11,701.0,-1211.6399999999994,-4.009430918521826,-1338676.36,1782095.36,11778918.6,3607033.13,3725541.4000000004,26.845924999999998,2262.36,635,,
2026-05-27T06:52:55 ET,2026-05-27T06:50:00 ET,2026-05-27,Wed,0652ET,2026-05-29,30219.75,730.28,30162.1,NEAR_FLIP,NEUTRAL,27.16,0.591,14.35,16.4,16.05,19.12,29008.11,701.0,-1211.6399999999994,-4.009430918521826,4519091.449999999,10764614.49,-50563979.68,10835828.42,154305640.61,1307.860019,21532.239999999998,3261,,
2026-05-27T06:52:55 ET,2026-05-27T06:50:00 ET,2026-05-27,Wed,0652ET,2026-05-27,30219.75,730.28,30162.1,NEAR_FLIP,NEUTRAL,27.16,0.591,14.35,16.4,16.05,19.12,29049.49,702.0,-1170.2599999999984,-3.8725005997733217,-5991802.71,9082073.07,40057330.910000004,35588067.16,35938718.129999995,232.21617700000002,7319.2,3609,,
2026-05-27T06:52:55 ET,2026-05-27T06:50:00 ET,2026-05-27,Wed,0652ET,2026-05-28,30219.75,730.28,30162.1,NEAR_FLIP,NEUTRAL,27.16,0.591,14.35,16.4,16.05,19.12,29049.49,702.0,-1170.2599999999984,-3.8725005997733217,-1899542.7799999998,2551669.28,16461852.19,4984287.930000001,5061426.3,38.875864,3174.8799999999997,853,,
2026-05-27T06:52:55 ET,2026-05-27T06:50:00 ET,2026-05-27,Wed,0652ET,2026-05-29,30219.75,730.28,30162.1,NEAR_FLIP,NEUTRAL,27.16,0.591,14.35,16.4,16.05,19.12,29049.49,702.0,-1170.2599999999984,-3.8725005997733217,2681894.7199999997,15626788.14,-29349316.379999995,15176950.68,168495500.04000002,1522.6736779999999,30851.090000000004,4440,,
2026-05-27T06:52:55 ET,2026-05-27T06:50:00 ET,2026-05-27,Wed,0652ET,2026-05-27,30219.75,730.28,30162.1,NEAR_FLIP,NEUTRAL,27.16,0.591,14.35,16.4,16.05,19.12,29090.88,703.0,-1128.869999999999,-3.735537190082641,-4693461.680000001,5669617.28,31247281.37,21417721.45,8113220.98,54.95945499999999,4423.82,2149,,
2026-05-27T06:52:55 ET,2026-05-27T06:50:00 ET,2026-05-27,Wed,0652ET,2026-05-28,30219.75,730.28,30162.1,NEAR_FLIP,NEUTRAL,27.16,0.591,14.35,16.4,16.05,19.12,29090.88,703.0,-1128.869999999999,-3.735537190082641,-1604288.7100000002,1987784.03,13674530.81,3742446.1100000003,2142672.63,17.581925000000002,2424.3700000000003,622,,
2026-05-27T06:52:55 ET,2026-05-27T06:50:00 ET,2026-05-27,Wed,0652ET,2026-05-29,30219.75,730.28,30162.1,NEAR_FLIP,NEUTRAL,27.16,0.591,14.35,16.4,16.05,19.12,29090.88,703.0,-1128.869999999999,-3.735537190082641,-3214039.99,12540763.53,34354219.79000001,11736328.3,73446385.67,708.075749,24439.22,3340,,
2026-05-27T06:52:55 ET,2026-05-27T06:50:00 ET,2026-05-27,Wed,0652ET,2026-05-27,30219.75,730.28,30162.1,NEAR_FLIP,NEUTRAL,27.16,0.591,14.35,16.4,16.05,19.12,29132.26,704.0,-1087.4900000000016,-3.5986068713341495,-7434750.91,8129068.33,49228356.81,29564424.65,1605754.9799999995,11.450623,6140.85,2927,,
2026-05-27T06:52:55 ET,2026-05-27T06:50:00 ET,2026-05-27,Wed,0652ET,2026-05-28,30219.75,730.28,30162.1,NEAR_FLIP,NEUTRAL,27.16,0.591,14.35,16.4,16.05,19.12,29132.26,704.0,-1087.4900000000016,-3.5986068713341495,-1047038.34,1491858.56,8764896.89,2703512.05,3078838.52,27.049538000000002,1783.8,436,,
2026-05-27T06:52:55 ET,2026-05-27T06:50:00 ET,2026-05-27,Wed,0652ET,2026-05-29,30219.75,730.28,30162.1,NEAR_FLIP,NEUTRAL,27.16,0.591,14.35,16.4,16.05,19.12,29132.26,704.0,-1087.4900000000016,-3.5986068713341495,-17773192.31,33618784.73,185280797.89999998,30274981.17,97973078.73,1008.1156369999999,64678.94,8389,,
2026-05-27T06:52:55 ET,2026-05-27T06:50:00 ET,2026-05-27,Wed,0652ET,2026-05-27,30219.75,730.28,30162.1,NEAR_FLIP,NEUTRAL,27.16,0.591,14.35,16.4,16.05,19.12,29173.64,705.0,-1046.1100000000006,-3.4616765525856454,-44544511.84,48543827.94,292922108.18,169720836.89000002,6016983.939999998,45.36482699999999,35502.12,16532,,
2026-05-27T06:52:55 ET,2026-05-27T06:50:00 ET,2026-05-27,Wed,0652ET,2026-05-28,30219.75,730.28,30162.1,NEAR_FLIP,NEUTRAL,27.16,0.591,14.35,16.4,16.05,19.12,29173.64,705.0,-1046.1100000000006,-3.4616765525856454,-888469.4400000004,5771380.04,7292621.02,10052059.46,42151396.87,397.347864,6766.38,1572,,
2026-05-27T06:52:55 ET,2026-05-27T06:50:00 ET,2026-05-27,Wed,0652ET,2026-05-29,30219.75,730.28,30162.1,NEAR_FLIP,NEUTRAL,27.16,0.591,14.35,16.4,16.05,19.12,29173.64,705.0,-1046.1100000000006,-3.4616765525856454,-119800927.31,234599987.25,1216122728.4499998,202990829.28,654522190.5899999,7190.743769999999,445639.85,54829,,
2026-05-27T06:52:55 ET,2026-05-27T06:50:00 ET,2026-05-27,Wed,0652ET,2026-05-27,30219.75,730.28,30162.1,NEAR_FLIP,NEUTRAL,27.16,0.591,14.35,16.4,16.05,19.12,29215.02,706.0,-1004.7299999999996,-3.3247462338371414,-10342062.66,11477319.239999998,67435749.0,38514672.36,3222378.3000000007,25.80482599999999,8126.349999999999,3680,,
2026-05-27T06:52:55 ET,2026-05-27T06:50:00 ET,2026-05-27,Wed,0652ET,2026-05-28,30219.75,730.28,30162.1,NEAR_FLIP,NEUTRAL,27.16,0.591,14.35,16.4,16.05,19.12,29215.02,706.0,-1004.7299999999996,-3.3247462338371414,-5016922.36,5790578.36,40307039.809999995,9677886.75,755925.7399999993,7.661305000000006,6657.8,1467,,
2026-05-27T06:52:55 ET,2026-05-27T06:50:00 ET,2026-05-27,Wed,0652ET,2026-05-29,30219.75,730.28,30162.1,NEAR_FLIP,NEUTRAL,27.16,0.591,14.35,16.4,16.05,19.12,29215.02,706.0,-1004.7299999999996,-3.3247462338371414,-3509298.659999999,13534560.739999998,34630033.54,11234122.59,61257952.620000005,718.709471,25388.41,2962,,
2026-05-27T06:52:55 ET,2026-05-27T06:50:00 ET,2026-05-27,Wed,0652ET,2026-05-27,30219.75,730.28,30162.1,NEAR_FLIP,NEUTRAL,27.16,0.591,14.35,16.4,16.05,19.12,29256.4,707.0,-963.3499999999985,-3.1878159150886374,-15121985.700000001,16866190.080000002,97602810.59,54230262.58,4701557.41,40.182745999999995,11561.71,5067,,
2026-05-27T06:52:55 ET,2026-05-27T06:50:00 ET,2026-05-27,Wed,0652ET,2026-05-28,30219.75,730.28,30162.1,NEAR_FLIP,NEUTRAL,27.16,0.591,14.35,16.4,16.05,19.12,29256.4,707.0,-963.3499999999985,-3.1878159150886374,-505972.52,2674426.14,3971499.2699999996,4281760.71,15677170.530000001,171.150994,3016.15,629,,
2026-05-27T06:52:55 ET,2026-05-27T06:50:00 ET,2026-05-27,Wed,0652ET,2026-05-29,30219.75,730.28,30162.1,NEAR_FLIP,NEUTRAL,27.16,0.591,14.35,16.4,16.05,19.12,29256.4,707.0,-963.3499999999985,-3.1878159150886374,-3543014.2699999996,11722204.25,33925367.60999999,9317321.51,44769095.39,560.97871,21716.95,2402,,
2026-05-27T06:52:55 ET,2026-05-27T06:50:00 ET,2026-05-27,Wed,0652ET,2026-05-27,30219.75,730.28,30162.1,NEAR_FLIP,NEUTRAL,27.16,0.591,14.35,16.4,16.05,19.12,29297.78,708.0,-921.9700000000012,-3.0508855963401458,-8272559.999999999,11735824.219999999,52750900.349999994,36088285.96,25610548.53,234.78186700000003,7789.32,3287,,
2026-05-27T06:52:55 ET,2026-05-27T06:50:00 ET,2026-05-27,Wed,0652ET,2026-05-28,30219.75,730.28,30162.1,NEAR_FLIP,NEUTRAL,27.16,0.591,14.35,16.4,16.05,19.12,29297.78,708.0,-921.9700000000012,-3.0508855963401458,-2697754.4,4964235.140000001,20645438.82,7599079.529999999,12585037.34,148.255691,5492.58,1082,,
2026-05-27T06:52:55 ET,2026-05-27T06:50:00 ET,2026-05-27,Wed,0652ET,2026-05-29,30219.75,730.28,30162.1,NEAR_FLIP,NEUTRAL,27.16,0.591,14.35,16.4,16.05,19.12,29297.78,708.0,-921.9700000000012,-3.0508855963401458,-234529.68999999948,13628780.43,2174730.309999995,10353759.79,74604610.28,998.3498270000001,24940.79,2615,,
2026-05-27T06:52:55 ET,2026-05-27T06:50:00 ET,2026-05-27,Wed,0652ET,2026-05-27,30219.75,730.28,30162.1,NEAR_FLIP,NEUTRAL,27.16,0.591,14.35,16.4,16.05,19.12,29339.16,709.0,-880.5900000000001,-2.9139552775916417,-46121036.099999994,50701958.64,289935725.53999996,148805795.14,2001719.5600000024,19.785225000000025,32586.5,13171,,
2026-05-27T06:52:55 ET,2026-05-27T06:50:00 ET,2026-05-27,Wed,0652ET,2026-05-28,30219.75,730.28,30162.1,NEAR_FLIP,NEUTRAL,27.16,0.591,14.35,16.4,16.05,19.12,29339.16,709.0,-880.5900000000001,-2.9139552775916417,-2697414.99,4492385.99,20081356.01,6561614.390000001,8288634.030000001,105.527005,4877.52,906,,
2026-05-27T06:52:55 ET,2026-05-27T06:50:00 ET,2026-05-27,Wed,0652ET,2026-05-29,30219.75,730.28,30162.1,NEAR_FLIP,NEUTRAL,27.16,0.591,14.35,16.4,16.05,19.12,29339.16,709.0,-880.5900000000001,-2.9139552775916417,3361052.34,21301503.88,-30116182.39,15434973.440000001,131517217.52999999,1879.112268,38511.94,3828,,
2026-05-27T06:52:55 ET,2026-05-27T06:50:00 ET,2026-05-27,Wed,0652ET,2026-05-27,30219.75,730.28,30162.1,NEAR_FLIP,NEUTRAL,27.16,0.591,14.35,16.4,16.05,19.12,29380.54,710.0,-839.2099999999991,-2.7770249588431377,-16493754.379999999,25689867.38,101978699.67999999,71800693.64,59897435.650000006,641.7010029999999,15990.66,6157,,
2026-05-27T06:52:55 ET,2026-05-27T06:50:00 ET,2026-05-27,Wed,0652ET,2026-05-28,30219.75,730.28,30162.1,NEAR_FLIP,NEUTRAL,27.16,0.591,14.35,16.4,16.05,19.12,29380.54,710.0,-839.2099999999991,-2.7770249588431377,-6085180.82,10979082.86,43962279.01,15266738.94,21247792.08,292.75614600000006,11700.07,2046,,
2026-05-27T06:52:55 ET,2026-05-27T06:50:00 ET,2026-05-27,Wed,0652ET,2026-05-29,30219.75,730.28,30162.1,NEAR_FLIP,NEUTRAL,27.16,0.591,14.35,16.4,16.05,19.12,29380.54,710.0,-839.2099999999991,-2.7770249588431377,-83308327.0,197755568.82,719622856.9799999,136359532.28,419581538.0500001,6398.405585999999,353278.08,33297,,
2026-05-27T06:52:55 ET,2026-05-27T06:50:00 ET,2026-05-27,Wed,0652ET,2026-05-27,30219.75,730.28,30162.1,NEAR_FLIP,NEUTRAL,27.16,0.591,14.35,16.4,16.05,19.12,29421.92,711.0,-797.8300000000017,-2.6400946400946457,-8270510.659999999,11253168.719999999,50161221.55,29877495.54,15103211.55,176.31964900000003,6785.07,2475,,
2026-05-27T06:52:55 ET,2026-05-27T06:50:00 ET,2026-05-27,Wed,0652ET,2026-05-28,30219.75,730.28,30162.1,NEAR_FLIP,NEUTRAL,27.16,0.591,14.35,16.4,16.05,19.12,29421.92,711.0,-797.8300000000017,-2.6400946400946457,744158.96,6302096.2,-5203160.650000002,8322112.47,37321925.29,557.123611,6593.54,1084,,
2026-05-27T06:52:55 ET,2026-05-27T06:50:00 ET,2026-05-27,Wed,0652ET,2026-05-29,30219.75,730.28,30162.1,NEAR_FLIP,NEUTRAL,27.16,0.591,14.35,16.4,16.05,19.12,29421.92,711.0,-797.8300000000017,-2.6400946400946457,15515089.39,46367880.47,-128866076.21000001,30348659.0,289367514.89000005,4707.030917,81861.91,7319,,
2026-05-27T06:52:55 ET,2026-05-27T06:50:00 ET,2026-05-27,Wed,0652ET,2026-05-27,30219.75,730.28,30162.1,NEAR_FLIP,NEUTRAL,27.16,0.591,14.35,16.4,16.05,19.12,29463.3,712.0,-756.4500000000007,-2.5031643213461416,-6943597.609999999,10280907.79,41189991.7,25859504.7,16509968.39,211.154233,6006.0599999999995,2064,,
2026-05-27T06:52:55 ET,2026-05-27T06:50:00 ET,2026-05-27,Wed,0652ET,2026-05-28,30219.75,730.28,30162.1,NEAR_FLIP,NEUTRAL,27.16,0.591,14.35,16.4,16.05,19.12,29463.3,712.0,-756.4500000000007,-2.5031643213461416,-3473511.1300000004,7999792.43,23435714.14,10004638.76,17382725.97,281.36285399999997,8219.44,1269,,
2026-05-27T06:52:55 ET,2026-05-27T06:50:00 ET,2026-05-27,Wed,0652ET,2026-05-29,30219.75,730.28,30162.1,NEAR_FLIP,NEUTRAL,27.16,0.591,14.35,16.4,16.05,19.12,29463.3,712.0,-756.4500000000007,-2.5031643213461416,4477113.3,20589318.919999998,-35654290.050000004,12756016.14,105303542.57,1825.825707,35930.21,3049,,
2026-05-27T06:52:55 ET,2026-05-27T06:50:00 ET,2026-05-27,Wed,0652ET,2026-05-27,30219.75,730.28,30162.1,NEAR_FLIP,NEUTRAL,27.16,0.591,14.35,16.4,16.05,19.12,29504.69,713.0,-715.0600000000013,-2.3662009116554614,-5946297.029999999,11025882.87,34387224.07,26194178.3,25399732.36,357.74884299999997,6242.77,2010,,
2026-05-27T06:52:55 ET,2026-05-27T06:50:00 ET,2026-05-27,Wed,0652ET,2026-05-28,30219.75,730.28,30162.1,NEAR_FLIP,NEUTRAL,27.16,0.591,14.35,16.4,16.05,19.12,29504.69,713.0,-715.0600000000013,-2.3662009116554614,-2092830.84,5266273.66,13580802.000000002,6218280.47,11093997.38,194.81955000000002,5315.26,770,,
2026-05-27T06:52:55 ET,2026-05-27T06:50:00 ET,2026-05-27,Wed,0652ET,2026-05-29,30219.75,730.28,30162.1,NEAR_FLIP,NEUTRAL,27.16,0.591,14.35,16.4,16.05,19.12,29504.69,713.0,-715.0600000000013,-2.3662009116554614,5299869.820000001,19969794.44,-40340085.809999995,11674635.61,98600355.7,1820.572489,34452.76,2777,,
2026-05-27T06:52:55 ET,2026-05-27T06:50:00 ET,2026-05-27,Wed,0652ET,2026-05-27,30219.75,730.28,30162.1,NEAR_FLIP,NEUTRAL,27.16,0.591,14.35,16.4,16.05,19.12,29546.07,714.0,-673.6800000000003,-2.2292705929069574,-14596047.93,21056195.61,81982743.22,47086858.44,22968445.02,358.06691200000006,11558.48,3468,,
2026-05-27T06:52:55 ET,2026-05-27T06:50:00 ET,2026-05-27,Wed,0652ET,2026-05-28,30219.75,730.28,30162.1,NEAR_FLIP,NEUTRAL,27.16,0.591,14.35,16.4,16.05,19.12,29546.07,714.0,-673.6800000000003,-2.2292705929069574,-4794341.210000001,7852032.51,29813491.860000003,8723743.209999999,6257441.7700000005,119.240837,7787.450000000001,1058,,
2026-05-27T06:52:55 ET,2026-05-27T06:50:00 ET,2026-05-27,Wed,0652ET,2026-05-29,30219.75,730.28,30162.1,NEAR_FLIP,NEUTRAL,27.16,0.591,14.35,16.4,16.05,19.12,29546.07,714.0,-673.6800000000003,-2.2292705929069574,-22657054.47,40143221.410000004,164249923.77999997,22067821.23,22887167.61,449.512966,68482.16,5248,,
2026-05-27T06:52:55 ET,2026-05-27T06:50:00 ET,2026-05-27,Wed,0652ET,2026-05-27,30219.75,730.28,30162.1,NEAR_FLIP,NEUTRAL,27.16,0.591,14.35,16.4,16.05,19.12,29587.45,715.0,-632.2999999999993,-2.0923402741584534,-35522573.370000005,46893037.83,192979744.0,98331936.03999999,26420811.849999998,458.051233,24966.71,6945,,
2026-05-27T06:52:55 ET,2026-05-27T06:50:00 ET,2026-05-27,Wed,0652ET,2026-05-28,30219.75,730.28,30162.1,NEAR_FLIP,NEUTRAL,27.16,0.591,14.35,16.4,16.05,19.12,29587.45,715.0,-632.2999999999993,-2.0923402741584534,-5153326.5,19824202.86,30583163.689999998,20643764.17,44131326.4,912.402454,19326.15,2462,,
2026-05-27T06:52:55 ET,2026-05-27T06:50:00 ET,2026-05-27,Wed,0652ET,2026-05-29,30219.75,730.28,30162.1,NEAR_FLIP,NEUTRAL,27.16,0.591,14.35,16.4,16.05,19.12,29587.45,715.0,-632.2999999999993,-2.0923402741584534,-28992225.82,122306889.9,199388538.16000003,62973719.92,231819608.52,4836.583173,206355.55,15052,,
2026-05-27T06:52:55 ET,2026-05-27T06:50:00 ET,2026-05-27,Wed,0652ET,2026-05-27,30219.75,730.28,30162.1,NEAR_FLIP,NEUTRAL,27.16,0.591,14.35,16.4,16.05,19.12,29628.83,716.0,-590.9199999999983,-1.9554099554099498,-11371833.71,22592847.35,59469265.56,44231886.910000004,37528603.169999994,726.646754,11672.39,2996,,
2026-05-27T06:52:55 ET,2026-05-27T06:50:00 ET,2026-05-27,Wed,0652ET,2026-05-28,30219.75,730.28,30162.1,NEAR_FLIP,NEUTRAL,27.16,0.591,14.35,16.4,16.05,19.12,29628.83,716.0,-590.9199999999983,-1.9554099554099498,-1379521.98,4837058.0600000005,7777183.420000002,4700398.43,8929962.65,200.19487599999997,4636.81,554,,
2026-05-27T06:52:55 ET,2026-05-27T06:50:00 ET,2026-05-27,Wed,0652ET,2026-05-29,30219.75,730.28,30162.1,NEAR_FLIP,NEUTRAL,27.16,0.591,14.35,16.4,16.05,19.12,29628.83,716.0,-590.9199999999983,-1.9554099554099498,2456204.789999999,15624909.79,-15953814.339999996,7501232.3,52237383.29,1155.9336529999998,26077.78,1813,,
2026-05-27T06:52:55 ET,2026-05-27T06:50:00 ET,2026-05-27,Wed,0652ET,2026-05-27,30219.75,730.28,30162.1,NEAR_FLIP,NEUTRAL,27.16,0.591,14.35,16.4,16.05,19.12,29670.21,717.0,-549.5400000000009,-1.818479636661458,-31733297.08,41724974.519999996,158879503.65,75888316.65,12186956.670000002,264.51358100000004,20929.21,4936,,
2026-05-27T06:52:55 ET,2026-05-27T06:50:00 ET,2026-05-27,Wed,0652ET,2026-05-28,30219.75,730.28,30162.1,NEAR_FLIP,NEUTRAL,27.16,0.591,14.35,16.4,16.05,19.12,29670.21,717.0,-549.5400000000009,-1.818479636661458,2033468.2599999998,9221542.1,-10832775.68,8320000.62,32760514.11,795.5755469999999,8695.45,975,,
2026-05-27T06:52:55 ET,2026-05-27T06:50:00 ET,2026-05-27,Wed,0652ET,2026-05-29,30219.75,730.28,30162.1,NEAR_FLIP,NEUTRAL,27.16,0.591,14.35,16.4,16.05,19.12,29670.21,717.0,-549.5400000000009,-1.818479636661458,-4571401.449999999,20119641.11,27901341.439999998,8959751.0,30249236.1,708.6924840000001,33224.02,2205,,
2026-05-27T06:52:55 ET,2026-05-27T06:50:00 ET,2026-05-27,Wed,0652ET,2026-05-27,30219.75,730.28,30162.1,NEAR_FLIP,NEUTRAL,27.16,0.591,14.35,16.4,16.05,19.12,29711.59,718.0,-508.15999999999985,-1.681549317912954,-71275812.97,82185764.07,339513845.09000003,138065349.13,-19198532.089999996,-468.4688510000001,40048.32000000001,8648,,
2026-05-27T06:52:55 ET,2026-05-27T06:50:00 ET,2026-05-27,Wed,0652ET,2026-05-28,30219.75,730.28,30162.1,NEAR_FLIP,NEUTRAL,27.16,0.591,14.35,16.4,16.05,19.12,29711.59,718.0,-508.15999999999985,-1.681549317912954,-757040.3300000001,8777575.65,3787893.719999999,7310013.24,18281276.68,480.203802,8144.85,858,,
2026-05-27T06:52:55 ET,2026-05-27T06:50:00 ET,2026-05-27,Wed,0652ET,2026-05-29,30219.75,730.28,30162.1,NEAR_FLIP,NEUTRAL,27.16,0.591,14.35,16.4,16.05,19.12,29711.59,718.0,-508.15999999999985,-1.681549317912954,-7973329.76,29627620.740000002,45462484.72,12165360.08,33968060.45,840.885271,48417.4,3073,,
2026-05-27T06:52:55 ET,2026-05-27T06:50:00 ET,2026-05-27,Wed,0652ET,2026-05-27,30219.75,730.28,30162.1,NEAR_FLIP,NEUTRAL,27.16,0.591,14.35,16.4,16.05,19.12,29752.97,719.0,-466.77999999999884,-1.54461899916445,-30895682.4,46546925.54,138994452.76,71738843.33,18562275.87,510.22821,22049.78,4348,,
2026-05-27T06:52:55 ET,2026-05-27T06:50:00 ET,2026-05-27,Wed,0652ET,2026-05-28,30219.75,730.28,30162.1,NEAR_FLIP,NEUTRAL,27.16,0.591,14.35,16.4,16.05,19.12,29752.97,719.0,-466.77999999999884,-1.54461899916445,1877457.63,10800903.309999999,-8761255.27,8246039.220000001,28942513.53,820.709097,9866.630000000001,978,,
2026-05-27T06:52:55 ET,2026-05-27T06:50:00 ET,2026-05-27,Wed,0652ET,2026-05-29,30219.75,730.28,30162.1,NEAR_FLIP,NEUTRAL,27.16,0.591,14.35,16.4,16.05,19.12,29752.97,719.0,-466.77999999999884,-1.54461899916445,-1961753.1100000031,43046758.769999996,10378662.019999996,16182872.52,76241762.46,1989.810639,69632.9,4235,,
2026-05-27T06:52:55 ET,2026-05-27T06:50:00 ET,2026-05-27,Wed,0652ET,2026-05-27,30219.75,730.28,30162.1,NEAR_FLIP,NEUTRAL,27.16,0.591,14.35,16.4,16.05,19.12,29794.35,720.0,-425.40000000000146,-1.4076886804159578,-39841810.379999995,86937461.42,167832700.04000002,121944438.69999999,76752203.53999999,2378.571287,40065.85,7203,,
2026-05-27T06:52:55 ET,2026-05-27T06:50:00 ET,2026-05-27,Wed,0652ET,2026-05-28,30219.75,730.28,30162.1,NEAR_FLIP,NEUTRAL,27.16,0.591,14.35,16.4,16.05,19.12,29794.35,720.0,-425.40000000000146,-1.4076886804159578,-1926587.040000001,25449976.92,8315724.120000005,17667219.72,40977242.989999995,1251.26165,22897.309999999998,2140,,
2026-05-27T06:52:55 ET,2026-05-27T06:50:00 ET,2026-05-27,Wed,0652ET,2026-05-29,30219.75,730.28,30162.1,NEAR_FLIP,NEUTRAL,27.16,0.591,14.35,16.4,16.05,19.12,29794.35,720.0,-425.40000000000146,-1.4076886804159578,-1624843.4300000072,217985574.13,7912383.350000024,74400350.78,369107186.81999993,10130.997588999999,349116.68000000005,20392,,
2026-05-27T06:52:55 ET,2026-05-27T06:50:00 ET,2026-05-27,Wed,0652ET,2026-05-27,30219.75,730.28,30162.1,NEAR_FLIP,NEUTRAL,27.16,0.591,14.35,16.4,16.05,19.12,29835.73,721.0,-384.02000000000044,-1.270758361667454,-43075714.4,61655261.559999995,168161853.68,77949431.05,2536481.8200000003,88.58250499999986,27666.52,4533,,
2026-05-27T06:52:55 ET,2026-05-27T06:50:00 ET,2026-05-27,Wed,0652ET,2026-05-28,30219.75,730.28,30162.1,NEAR_FLIP,NEUTRAL,27.16,0.591,14.35,16.4,16.05,19.12,29835.73,721.0,-384.02000000000044,-1.270758361667454,-2157713.080000001,14720965.52,8529254.120000001,9200789.85,17404163.580000002,570.547654,13050.26,1153,,
2026-05-27T06:52:55 ET,2026-05-27T06:50:00 ET,2026-05-27,Wed,0652ET,2026-05-29,30219.75,730.28,30162.1,NEAR_FLIP,NEUTRAL,27.16,0.591,14.35,16.4,16.05,19.12,29835.73,721.0,-384.02000000000044,-1.270758361667454,11009937.350000001,61866429.99,-48876798.21000001,18975876.52,129647124.73,3732.226812,98122.62,5518,,
2026-05-27T06:52:55 ET,2026-05-27T06:50:00 ET,2026-05-27,Wed,0652ET,2026-05-27,30219.75,730.28,30162.1,NEAR_FLIP,NEUTRAL,27.16,0.591,14.35,16.4,16.05,19.12,29877.11,722.0,-342.6399999999994,-1.13382804291895,-15236222.390000002,38702452.45,54434613.3,43580797.65,25664105.290000003,1008.0356049999999,16925.4,2530,,
2026-05-27T06:52:55 ET,2026-05-27T06:50:00 ET,2026-05-27,Wed,0652ET,2026-05-28,30219.75,730.28,30162.1,NEAR_FLIP,NEUTRAL,27.16,0.591,14.35,16.4,16.05,19.12,29877.11,722.0,-342.6399999999994,-1.13382804291895,-1871094.2199999997,12196256.54,6692119.169999998,6780078.05,11825188.069999998,414.681755,10658.64,893,,
2026-05-27T06:52:55 ET,2026-05-27T06:50:00 ET,2026-05-27,Wed,0652ET,2026-05-29,30219.75,730.28,30162.1,NEAR_FLIP,NEUTRAL,27.16,0.591,14.35,16.4,16.05,19.12,29877.11,722.0,-342.6399999999994,-1.13382804291895,-4736748.040000001,27013533.42,18945988.509999998,7352576.48,21052304.45,633.76805,42439.66,2304,,
2026-05-27T06:52:55 ET,2026-05-27T06:50:00 ET,2026-05-27,Wed,0652ET,2026-05-27,30219.75,730.28,30162.1,NEAR_FLIP,NEUTRAL,27.16,0.591,14.35,16.4,16.05,19.12,29918.5,723.0,-301.25,-0.9968646332282696,-32620956.799999997,57133814.5,105003739.17000002,56446850.89,6188251.869999997,272.36899500000004,24375.04,3333,,
2026-05-27T06:52:55 ET,2026-05-27T06:50:00 ET,2026-05-27,Wed,0652ET,2026-05-28,30219.75,730.28,30162.1,NEAR_FLIP,NEUTRAL,27.16,0.591,14.35,16.4,16.05,19.12,29918.5,723.0,-301.25,-0.9968646332282696,-5135699.460000001,15901755.0,16370244.120000001,7742567.44,5801184.74,216.70721500000002,13706.57,1093,,
2026-05-27T06:52:55 ET,2026-05-27T06:50:00 ET,2026-05-27,Wed,0652ET,2026-05-29,30219.75,730.28,30162.1,NEAR_FLIP,NEUTRAL,27.16,0.591,14.35,16.4,16.05,19.12,29918.5,723.0,-301.25,-0.9968646332282696,8592017.340000002,38022426.68,-30511760.509999998,9037257.95,69228959.55000001,2172.498092,59185.43,3111,,
2026-05-27T06:52:55 ET,2026-05-27T06:50:00 ET,2026-05-27,Wed,0652ET,2026-05-27,30219.75,730.28,30162.1,NEAR_FLIP,NEUTRAL,27.16,0.591,14.35,16.4,16.05,19.12,29959.88,724.0,-259.869999999999,-0.8599343144797658,3075535.900000006,83650756.14,-8742386.760000005,71108685.68,96088478.94,4713.006338,34853.5,4379,,
2026-05-27T06:52:55 ET,2026-05-27T06:50:00 ET,2026-05-27,Wed,0652ET,2026-05-28,30219.75,730.28,30162.1,NEAR_FLIP,NEUTRAL,27.16,0.591,14.35,16.4,16.05,19.12,29959.88,724.0,-259.869999999999,-0.8599343144797658,26760750.67,38051165.37,-74558009.36,15904220.77,100885813.89,3995.403944,32365.7,2467,,
2026-05-27T06:52:55 ET,2026-05-27T06:50:00 ET,2026-05-27,Wed,0652ET,2026-05-29,30219.75,730.28,30162.1,NEAR_FLIP,NEUTRAL,27.16,0.591,14.35,16.4,16.05,19.12,29959.88,724.0,-259.869999999999,-0.8599343144797658,3288449.5200000014,31145045.08,-10173500.069999993,6329500.13,39836807.349999994,1298.6966499999999,48046.22,2453,,
2026-05-27T06:52:55 ET,2026-05-27T06:50:00 ET,2026-05-27,Wed,0652ET,2026-05-27,30219.75,730.28,30162.1,NEAR_FLIP,NEUTRAL,27.16,0.591,14.35,16.4,16.05,19.12,30001.26,725.0,-218.4900000000016,-0.7230039957312737,-38157112.24,164798159.16,93256581.04000002,117388802.64,75890255.42999999,4116.9495719999995,67137.3,7800,,
2026-05-27T06:52:55 ET,2026-05-27T06:50:00 ET,2026-05-27,Wed,0652ET,2026-05-28,30219.75,730.28,30162.1,NEAR_FLIP,NEUTRAL,27.16,0.591,14.35,16.4,16.05,19.12,30001.26,725.0,-218.4900000000016,-0.7230039957312737,-29877647.060000002,47703396.2,70888303.78999999,16654320.350000001,-28396682.619999997,-1185.8687459999999,40062.06,2933,,
2026-05-27T06:52:55 ET,2026-05-27T06:50:00 ET,2026-05-27,Wed,0652ET,2026-05-29,30219.75,730.28,30162.1,NEAR_FLIP,NEUTRAL,27.16,0.591,14.35,16.4,16.05,19.12,30001.26,725.0,-218.4900000000016,-0.7230039957312737,5243516.849999994,144728949.93,-13777957.700000018,24432265.85,132315786.26999998,4464.709569,221327.08000000002,11013,,
2026-05-27T06:52:55 ET,2026-05-27T06:50:00 ET,2026-05-27,Wed,0652ET,2026-05-27,30219.75,730.28,30162.1,NEAR_FLIP,NEUTRAL,27.16,0.591,14.35,16.4,16.05,19.12,30042.64,726.0,-177.11000000000058,-0.5860736769827698,-62232827.400000006,111528447.46000001,125952114.11000001,64099235.87,-23775379.339999996,-1412.8236769999999,44481.57,4819,,
2026-05-27T06:52:55 ET,2026-05-27T06:50:00 ET,2026-05-27,Wed,0652ET,2026-05-28,30219.75,730.28,30162.1,NEAR_FLIP,NEUTRAL,27.16,0.591,14.35,16.4,16.05,19.12,30042.64,726.0,-177.11000000000058,-0.5860736769827698,-1363864.8299999982,36278804.57,2656195.7399999946,10171097.7,20539515.630000003,899.0903189999999,30098.6,2128,,
2026-05-27T06:52:55 ET,2026-05-27T06:50:00 ET,2026-05-27,Wed,0652ET,2026-05-29,30219.75,730.28,30162.1,NEAR_FLIP,NEUTRAL,27.16,0.591,14.35,16.4,16.05,19.12,30042.64,726.0,-177.11000000000058,-0.5860736769827698,-3834411.26,26705387.240000002,8256118.169999998,3590391.86,7261122.8500000015,252.60841800000003,40495.16,1971,,
2026-05-27T06:52:55 ET,2026-05-27T06:50:00 ET,2026-05-27,Wed,0652ET,2026-05-27,30219.75,730.28,30162.1,NEAR_FLIP,NEUTRAL,27.16,0.591,14.35,16.4,16.05,19.12,30084.02,727.0,-135.72999999999956,-0.4491433582342659,-37880494.06,166804450.72,59966698.27000001,72945989.62,27160682.78,1747.1745960000007,65218.39,6658,,
2026-05-27T06:52:55 ET,2026-05-27T06:50:00 ET,2026-05-27,Wed,0652ET,2026-05-28,30219.75,730.28,30162.1,NEAR_FLIP,NEUTRAL,27.16,0.591,14.35,16.4,16.05,19.12,30084.02,727.0,-135.72999999999956,-0.4491433582342659,-4509307.530000001,23647234.73,6815336.389999999,5005651.04,2358898.6900000013,107.52692000000002,19392.510000000002,1332,,
2026-05-27T06:52:55 ET,2026-05-27T06:50:00 ET,2026-05-27,Wed,0652ET,2026-05-29,30219.75,730.28,30162.1,NEAR_FLIP,NEUTRAL,27.16,0.591,14.35,16.4,16.05,19.12,30084.02,727.0,-135.72999999999956,-0.4491433582342659,-31009032.659999996,61614627.92,51804588.94999999,6168740.16,-49963601.02,-1784.693578,92668.48000000001,4429,,
2026-05-27T06:52:55 ET,2026-05-27T06:50:00 ET,2026-05-27,Wed,0652ET,2026-05-27,30219.75,730.28,30162.1,NEAR_FLIP,NEUTRAL,27.16,0.591,14.35,16.4,16.05,19.12,30125.4,728.0,-94.34999999999854,-0.31221303948576196,-10349705.89,169419604.20999998,11619422.74000001,50835950.75,42831412.359999985,2941.1096659999994,65030.240000000005,6335,,
2026-05-27T06:52:55 ET,2026-05-27T06:50:00 ET,2026-05-27,Wed,0652ET,2026-05-28,30219.75,730.28,30162.1,NEAR_FLIP,NEUTRAL,27.16,0.591,14.35,16.4,16.05,19.12,30125.4,728.0,-94.34999999999854,-0.31221303948576196,-367116.30000000075,57527124.92,390876.7400000021,8231284.5600000005,19099050.310000002,900.154857,46660.130000000005,3134,,
2026-05-27T06:52:55 ET,2026-05-27T06:50:00 ET,2026-05-27,Wed,0652ET,2026-05-29,30219.75,730.28,30162.1,NEAR_FLIP,NEUTRAL,27.16,0.591,14.35,16.4,16.05,19.12,30125.4,728.0,-94.34999999999854,-0.31221303948576196,-72658293.63,120841166.77000001,85759762.53,7955556.52,-142325297.24,-5197.125096,180313.63,8497,,
2026-05-27T06:52:55 ET,2026-05-27T06:50:00 ET,2026-05-27,Wed,0652ET,2026-05-27,30219.75,730.28,30162.1,NEAR_FLIP,NEUTRAL,27.16,0.591,14.35,16.4,16.05,19.12,30166.78,729.0,-52.970000000001164,-0.17528272073727003,-24045956.42,150736684.74,15491657.270000003,24565579.59,-2611660.9899999946,-188.37222700000075,56887.380000000005,5366,,
2026-05-27T06:52:55 ET,2026-05-27T06:50:00 ET,2026-05-27,Wed,0652ET,2026-05-28,30219.75,730.28,30162.1,NEAR_FLIP,NEUTRAL,27.16,0.591,14.35,16.4,16.05,19.12,30166.78,729.0,-52.970000000001164,-0.17528272073727003,36480946.41,62735174.25,-22186926.11,4678448.58,83455085.99,4035.7203449999997,50358.31,3331,,
2026-05-27T06:52:55 ET,2026-05-27T06:50:00 ET,2026-05-27,Wed,0652ET,2026-05-29,30219.75,730.28,30162.1,NEAR_FLIP,NEUTRAL,27.16,0.591,14.35,16.4,16.05,19.12,30166.78,729.0,-52.970000000001164,-0.17528272073727003,-1678760.3800000027,46802681.54,1145845.7200000007,1478710.84,6314838.630000003,234.65226900000016,69306.47,3234,,
2026-05-27T06:52:55 ET,2026-05-27T06:50:00 ET,2026-05-27,Wed,0652ET,2026-05-27,30219.75,730.28,30162.1,NEAR_FLIP,NEUTRAL,27.16,0.591,14.35,16.4,16.05,19.12,30208.16,730.0,-11.590000000000146,-0.038352401988766105,-99072593.0,500752699.52,14814237.14,13043151.03,-99456454.10999998,-7399.786333,186103.45,17281,,
2026-05-27T06:52:55 ET,2026-05-27T06:50:00 ET,2026-05-27,Wed,0652ET,2026-05-28,30219.75,730.28,30162.1,NEAR_FLIP,NEUTRAL,27.16,0.591,14.35,16.4,16.05,19.12,30208.16,730.0,-11.590000000000146,-0.038352401988766105,-10062369.900000006,154117174.04,1433600.58,947529.76,-9238537.360000014,-454.6487210000005,122510.29999999999,8041,,
2026-05-27T06:52:55 ET,2026-05-27T06:50:00 ET,2026-05-27,Wed,0652ET,2026-05-29,30219.75,730.28,30162.1,NEAR_FLIP,NEUTRAL,27.16,0.591,14.35,16.4,16.05,19.12,30208.16,730.0,-11.590000000000146,-0.038352401988766105,173474761.52,305530151.98,-30825762.79,-795191.06,458810979.59000003,17266.206244,449130.93,20846,,
2026-05-27T06:52:55 ET,2026-05-27T06:50:00 ET,2026-05-27,Wed,0652ET,2026-05-27,30219.75,730.28,30162.1,NEAR_FLIP,NEUTRAL,27.16,0.591,14.35,16.4,16.05,19.12,30249.54,731.0,29.790000000000873,0.09857791675973783,49052039.800000004,133911482.6,17630860.64,-14825245.54,49528033.91,3726.3572250000007,49091.1,4570,,
2026-05-27T06:52:55 ET,2026-05-27T06:50:00 ET,2026-05-27,Wed,0652ET,2026-05-28,30219.75,730.28,30162.1,NEAR_FLIP,NEUTRAL,27.16,0.591,14.35,16.4,16.05,19.12,30249.54,731.0,29.790000000000873,0.09857791675973783,2301060.37,12665500.350000001,763092.3400000003,-787718.94,3423675.4800000004,169.98297399999996,9976.720000000001,655,,
2026-05-27T06:52:55 ET,2026-05-27T06:50:00 ET,2026-05-27,Wed,0652ET,2026-05-29,30219.75,730.28,30162.1,NEAR_FLIP,NEUTRAL,27.16,0.591,14.35,16.4,16.05,19.12,30249.54,731.0,29.790000000000873,0.09857791675973783,41708952.56,58841525.14,13926016.399999999,-2162833.45,100169307.80999999,3798.665419,85890.95999999999,3984,,
2026-05-27T06:52:55 ET,2026-05-27T06:50:00 ET,2026-05-27,Wed,0652ET,2026-05-27,30219.75,730.28,30162.1,NEAR_FLIP,NEUTRAL,27.16,0.591,14.35,16.4,16.05,19.12,30290.93,732.0,71.18000000000029,0.2355413264504183,94495001.34,179824741.64000002,83184384.21,-44470420.13,78122650.5,5817.903376,65138.2,6200,,
2026-05-27T06:52:55 ET,2026-05-27T06:50:00 ET,2026-05-27,Wed,0652ET,2026-05-28,30219.75,730.28,30162.1,NEAR_FLIP,NEUTRAL,27.16,0.591,14.35,16.4,16.05,19.12,30290.93,732.0,71.18000000000029,0.2355413264504183,1720526.9700000007,20820309.490000002,1399271.2599999998,-2716050.0300000003,-1142884.2900000028,-56.72905100000003,16262.41,1077,,
2026-05-27T06:52:55 ET,2026-05-27T06:50:00 ET,2026-05-27,Wed,0652ET,2026-05-29,30219.75,730.28,30162.1,NEAR_FLIP,NEUTRAL,27.16,0.591,14.35,16.4,16.05,19.12,30290.93,732.0,71.18000000000029,0.2355413264504183,26873592.14,35816649.8,22890745.59,-2538263.59,59553895.349999994,2264.076229,51930.700000000004,2419,,
2026-05-27T06:52:55 ET,2026-05-27T06:50:00 ET,2026-05-27,Wed,0652ET,2026-05-27,30219.75,730.28,30162.1,NEAR_FLIP,NEUTRAL,27.16,0.591,14.35,16.4,16.05,19.12,30332.31,733.0,112.56000000000131,0.37247164519892223,71743725.25,109804950.38999999,101195964.5,-42134446.53,51952423.89,3744.2140449999997,39371.490000000005,3912,,
2026-05-27T06:52:55 ET,2026-05-27T06:50:00 ET,2026-05-27,Wed,0652ET,2026-05-28,30219.75,730.28,30162.1,NEAR_FLIP,NEUTRAL,27.16,0.591,14.35,16.4,16.05,19.12,30332.31,733.0,112.56000000000131,0.37247164519892223,3752384.43,10299912.370000001,4884099.21,-2045825.89,3524300.8,173.24312300000003,7982.870000000001,538,,
2026-05-27T06:52:55 ET,2026-05-27T06:50:00 ET,2026-05-27,Wed,0652ET,2026-05-29,30219.75,730.28,30162.1,NEAR_FLIP,NEUTRAL,27.16,0.591,14.35,16.4,16.05,19.12,30332.31,733.0,112.56000000000131,0.37247164519892223,9759122.649999999,16580173.59,13424739.619999997,-1739868.87,18717466.32,709.5584179999998,23885.660000000003,1123,,
2026-05-27T06:52:55 ET,2026-05-27T06:50:00 ET,2026-05-27,Wed,0652ET,2026-05-27,30219.75,730.28,30162.1,NEAR_FLIP,NEUTRAL,27.16,0.591,14.35,16.4,16.05,19.12,30373.69,734.0,153.9399999999987,0.5094019639474142,61967489.46000001,95989896.94,120669358.91000001,-49912407.97,33156533.470000003,2259.320873,34131.24,3617,,
2026-05-27T06:52:55 ET,2026-05-27T06:50:00 ET,2026-05-27,Wed,0652ET,2026-05-28,30219.75,730.28,30162.1,NEAR_FLIP,NEUTRAL,27.16,0.591,14.35,16.4,16.05,19.12,30373.69,734.0,153.9399999999987,0.5094019639474142,6909308.109999999,13405559.75,12406595.740000002,-3575462.81,6727649.609999999,324.32608899999997,10316.67,714,,
2026-05-27T06:52:55 ET,2026-05-27T06:50:00 ET,2026-05-27,Wed,0652ET,2026-05-29,30219.75,730.28,30162.1,NEAR_FLIP,NEUTRAL,27.16,0.591,14.35,16.4,16.05,19.12,30373.69,734.0,153.9399999999987,0.5094019639474142,9838876.08,11888641.92,18742023.85,-1652073.3599999999,18959936.58,712.762557,17022.55,812,,
2026-05-27T06:52:55 ET,2026-05-27T06:50:00 ET,2026-05-27,Wed,0652ET,2026-05-27,30219.75,730.28,30162.1,NEAR_FLIP,NEUTRAL,27.16,0.591,14.35,16.4,16.05,19.12,30415.07,735.0,195.3199999999997,0.6463322826959181,94133419.77,122562153.67,234176322.37,-80408505.29,50332816.29,3167.2514229999997,43297.200000000004,5001,,
2026-05-27T06:52:55 ET,2026-05-27T06:50:00 ET,2026-05-27,Wed,0652ET,2026-05-28,30219.75,730.28,30162.1,NEAR_FLIP,NEUTRAL,27.16,0.591,14.35,16.4,16.05,19.12,30415.07,735.0,195.3199999999997,0.6463322826959181,86152566.42999999,92095379.95,197668015.04999998,-30826172.69,112015112.23,5243.0367240000005,70425.09999999999,5052,,
2026-05-27T06:52:55 ET,2026-05-27T06:50:00 ET,2026-05-27,Wed,0652ET,2026-05-29,30219.75,730.28,30162.1,NEAR_FLIP,NEUTRAL,27.16,0.591,14.35,16.4,16.05,19.12,30415.07,735.0,195.3199999999997,0.6463322826959181,87100604.55,113636475.79,212455051.16,-19652878.92,150261780.63,5570.16621,161767.63999999998,7871,,
2026-05-27T06:52:55 ET,2026-05-27T06:50:00 ET,2026-05-27,Wed,0652ET,2026-05-27,30219.75,730.28,30162.1,NEAR_FLIP,NEUTRAL,27.16,0.591,14.35,16.4,16.05,19.12,30456.45,736.0,236.70000000000073,0.7832626014444221,61443180.20999999,67722368.11,186091848.82999998,-53634982.67,36450371.5,2069.278177,23814.16,3063,,
2026-05-27T06:52:55 ET,2026-05-27T06:50:00 ET,2026-05-27,Wed,0652ET,2026-05-28,30219.75,730.28,30162.1,NEAR_FLIP,NEUTRAL,27.16,0.591,14.35,16.4,16.05,19.12,30456.45,736.0,236.70000000000073,0.7832626014444221,11213050.08,14506883.540000001,31361129.53,-5841067.48,11372177.33,511.586635,11030.88,828,,
2026-05-27T06:52:55 ET,2026-05-27T06:50:00 ET,2026-05-27,Wed,0652ET,2026-05-29,30219.75,730.28,30162.1,NEAR_FLIP,NEUTRAL,27.16,0.591,14.35,16.4,16.05,19.12,30456.45,736.0,236.70000000000073,0.7832626014444221,7983053.33,11436714.69,23773710.32,-2366087.86,11789647.540000001,428.47208,16191.83,808,,
2026-05-27T06:52:55 ET,2026-05-27T06:50:00 ET,2026-05-27,Wed,0652ET,2026-05-27,30219.75,730.28,30162.1,NEAR_FLIP,NEUTRAL,27.16,0.591,14.35,16.4,16.05,19.12,30497.83,737.0,278.08000000000175,0.9201929201929259,45026948.35,46782004.809999995,160616306.15,-43401367.480000004,26490506.39,1326.388112,16406.36,2399,,
2026-05-27T06:52:55 ET,2026-05-27T06:50:00 ET,2026-05-27,Wed,0652ET,2026-05-28,30219.75,730.28,30162.1,NEAR_FLIP,NEUTRAL,27.16,0.591,14.35,16.4,16.05,19.12,30497.83,737.0,278.08000000000175,0.9201929201929259,23667202.54,25867252.36,78146826.48,-12169974.66,25648576.5,1097.624088,19572.55,1552,,
2026-05-27T06:52:55 ET,2026-05-27T06:50:00 ET,2026-05-27,Wed,0652ET,2026-05-29,30219.75,730.28,30162.1,NEAR_FLIP,NEUTRAL,27.16,0.591,14.35,16.4,16.05,19.12,30497.83,737.0,278.08000000000175,0.9201929201929259,9574054.42,11477828.94,33709217.81,-2763662.86,14645414.44,518.764043,16166.5,832,,
2026-05-27T06:52:55 ET,2026-05-27T06:50:00 ET,2026-05-27,Wed,0652ET,2026-05-27,30219.75,730.28,30162.1,NEAR_FLIP,NEUTRAL,27.16,0.591,14.35,16.4,16.05,19.12,30539.21,738.0,319.4599999999991,1.0571232389414178,44899785.919999994,45775222.32,184084402.96,-48673832.29,25114778.299999997,1085.631367,16040.89,2719,,
2026-05-27T06:52:55 ET,2026-05-27T06:50:00 ET,2026-05-27,Wed,0652ET,2026-05-28,30219.75,730.28,30162.1,NEAR_FLIP,NEUTRAL,27.16,0.591,14.35,16.4,16.05,19.12,30539.21,738.0,319.4599999999991,1.0571232389414178,4864977.67,7062064.35,18528167.85,-3801022.44,2704632.6400000006,108.98311600000002,5321.19,450,,
2026-05-27T06:52:55 ET,2026-05-27T06:50:00 ET,2026-05-27,Wed,0652ET,2026-05-29,30219.75,730.28,30162.1,NEAR_FLIP,NEUTRAL,27.16,0.591,14.35,16.4,16.05,19.12,30539.21,738.0,319.4599999999991,1.0571232389414178,27706988.23,28428733.23,112692414.42,-7807597.9399999995,44297190.28,1520.190373,39849.049999999996,2127,,
2026-05-27T06:52:55 ET,2026-05-27T06:50:00 ET,2026-05-27,Wed,0652ET,2026-05-27,30219.75,730.28,30162.1,NEAR_FLIP,NEUTRAL,27.16,0.591,14.35,16.4,16.05,19.12,30580.59,739.0,360.84000000000015,1.1940535576899218,53568655.58,54623212.78,247699906.12,-65479171.79,27393328.23,1002.339861,19163.39,3833,,
2026-05-27T06:52:55 ET,2026-05-27T06:50:00 ET,2026-05-27,Wed,0652ET,2026-05-28,30219.75,730.28,30162.1,NEAR_FLIP,NEUTRAL,27.16,0.591,14.35,16.4,16.05,19.12,30580.59,739.0,360.84000000000015,1.1940535576899218,9068902.81,9068902.81,39136373.61,-5494850.42,9460061.71,355.294764,6809.77,620,,
2026-05-27T06:52:55 ET,2026-05-27T06:50:00 ET,2026-05-27,Wed,0652ET,2026-05-29,30219.75,730.28,30162.1,NEAR_FLIP,NEUTRAL,27.16,0.591,14.35,16.4,16.05,19.12,30580.59,739.0,360.84000000000015,1.1940535576899218,11970313.77,12047541.61,55263292.04,-3716062.57,18417417.23,608.671675,16811.530000000002,936,,
2026-05-27T06:52:55 ET,2026-05-27T06:50:00 ET,2026-05-27,Wed,0652ET,2026-05-27,30219.75,730.28,30162.1,NEAR_FLIP,NEUTRAL,27.16,0.591,14.35,16.4,16.05,19.12,30621.97,740.0,402.22000000000116,1.3309838764384259,57343417.0,60116951.44,294539377.88,-80195808.05,22591134.97,687.523479,21155.13,5072,,
2026-05-27T06:52:55 ET,2026-05-27T06:50:00 ET,2026-05-27,Wed,0652ET,2026-05-28,30219.75,730.28,30162.1,NEAR_FLIP,NEUTRAL,27.16,0.591,14.35,16.4,16.05,19.12,30621.97,740.0,402.22000000000116,1.3309838764384259,19112996.38,19463941.220000003,92156621.96,-13108686.47,18241369.29,632.2003599999999,14575.8,1442,,
2026-05-27T06:52:55 ET,2026-05-27T06:50:00 ET,2026-05-27,Wed,0652ET,2026-05-29,30219.75,730.28,30162.1,NEAR_FLIP,NEUTRAL,27.16,0.591,14.35,16.4,16.05,19.12,30621.97,740.0,402.22000000000116,1.3309838764384259,179874015.1,183841099.54,929690363.53,-62914045.53,258954662.81,8191.644337,255473.08000000002,14922,,
2026-05-27T06:52:55 ET,2026-05-27T06:50:00 ET,2026-05-27,Wed,0652ET,2026-05-27,30219.75,730.28,30162.1,NEAR_FLIP,NEUTRAL,27.16,0.591,14.35,16.4,16.05,19.12,30663.35,741.0,443.59999999999854,1.4679141951869177,32160322.14,32490470.380000003,181205951.8,-47731270.67,14682016.940000001,366.05602799999997,11489.849999999999,3346,,
2026-05-27T06:52:55 ET,2026-05-27T06:50:00 ET,2026-05-27,Wed,0652ET,2026-05-28,30219.75,730.28,30162.1,NEAR_FLIP,NEUTRAL,27.16,0.591,14.35,16.4,16.05,19.12,30663.35,741.0,443.59999999999854,1.4679141951869177,9399272.47,9448612.49,50060692.98,-7001305.18,8685040.11,275.06977700000004,7061.849999999999,766,,
2026-05-27T06:52:55 ET,2026-05-27T06:50:00 ET,2026-05-27,Wed,0652ET,2026-05-29,30219.75,730.28,30162.1,NEAR_FLIP,NEUTRAL,27.16,0.591,14.35,16.4,16.05,19.12,30663.35,741.0,443.59999999999854,1.4679141951869177,9013359.139999999,9083684.44,51577579.86,-3414985.1399999997,12533338.98,377.188897,12574.92,775,,
2026-05-27T06:52:55 ET,2026-05-27T06:50:00 ET,2026-05-27,Wed,0652ET,2026-05-27,30219.75,730.28,30162.1,NEAR_FLIP,NEUTRAL,27.16,0.591,14.35,16.4,16.05,19.12,30704.74,742.0,484.9900000000016,1.60487760487761,13239294.120000001,13647865.8,80965822.55,-21891302.939999998,4471765.99,90.21438,4859.169999999999,1737,,
2026-05-27T06:52:55 ET,2026-05-27T06:50:00 ET,2026-05-27,Wed,0652ET,2026-05-28,30219.75,730.28,30162.1,NEAR_FLIP,NEUTRAL,27.16,0.591,14.35,16.4,16.05,19.12,30704.74,742.0,484.9900000000016,1.60487760487761,5002782.96,5002782.96,29152950.86,-4044280.8,4445289.57,127.457526,3734.53,448,,
2026-05-27T06:52:55 ET,2026-05-27T06:50:00 ET,2026-05-27,Wed,0652ET,2026-05-29,30219.75,730.28,30162.1,NEAR_FLIP,NEUTRAL,27.16,0.591,14.35,16.4,16.05,19.12,30704.74,742.0,484.9900000000016,1.60487760487761,12545986.979999999,12723315.42,78757287.85,-5211880.31,16471189.63,468.72179900000003,17552.190000000002,1148,,
2026-05-27T06:52:55 ET,2026-05-27T06:50:00 ET,2026-05-27,Wed,0652ET,2026-05-27,30219.75,730.28,30162.1,NEAR_FLIP,NEUTRAL,27.16,0.591,14.35,16.4,16.05,19.12,30746.12,743.0,526.369999999999,1.7418079236261022,11462066.520000001,11537640.58,75391415.95,-20061295.89,4723066.180000001,76.374318,4143.19,1832,,
2026-05-27T06:52:55 ET,2026-05-27T06:50:00 ET,2026-05-27,Wed,0652ET,2026-05-28,30219.75,730.28,30162.1,NEAR_FLIP,NEUTRAL,27.16,0.591,14.35,16.4,16.05,19.12,30746.12,743.0,526.369999999999,1.7418079236261022,2424647.33,2424647.33,15334773.24,-2123364.47,2054106.04,52.843047,1809.14,242,,
2026-05-27T06:52:55 ET,2026-05-27T06:50:00 ET,2026-05-27,Wed,0652ET,2026-05-29,30219.75,730.28,30162.1,NEAR_FLIP,NEUTRAL,27.16,0.591,14.35,16.4,16.05,19.12,30746.12,743.0,526.369999999999,1.7418079236261022,7718624.0,7801955.98,52744576.21,-3458412.98,9709288.34,259.68140600000004,10729.3,749,,
2026-05-27T06:52:55 ET,2026-05-27T06:50:00 ET,2026-05-27,Wed,0652ET,2026-05-27,30219.75,730.28,30162.1,NEAR_FLIP,NEUTRAL,27.16,0.591,14.35,16.4,16.05,19.12,30787.5,744.0,567.75,1.8787382423746062,9915745.809999999,9955870.23,69590476.22,-18650993.17,4001654.1600000006,51.533547999999996,3612.23,1985,,
2026-05-27T06:52:55 ET,2026-05-27T06:50:00 ET,2026-05-27,Wed,0652ET,2026-05-28,30219.75,730.28,30162.1,NEAR_FLIP,NEUTRAL,27.16,0.591,14.35,16.4,16.05,19.12,30787.5,744.0,567.75,1.8787382423746062,11819502.49,11819502.49,80567511.21,-11145719.4,9573883.5,219.116756,8821.55,1326,,
2026-05-27T06:52:55 ET,2026-05-27T06:50:00 ET,2026-05-27,Wed,0652ET,2026-05-29,30219.75,730.28,30162.1,NEAR_FLIP,NEUTRAL,27.16,0.591,14.35,16.4,16.05,19.12,30787.5,744.0,567.75,1.8787382423746062,10665545.770000001,10801784.49,78813693.66000001,-5151109.930000001,12750814.31,318.597402,14813.24,1110,,
2026-05-27T06:52:55 ET,2026-05-27T06:50:00 ET,2026-05-27,Wed,0652ET,2026-05-27,30219.75,730.28,30162.1,NEAR_FLIP,NEUTRAL,27.16,0.591,14.35,16.4,16.05,19.12,30828.88,745.0,609.130000000001,2.01566856112311,23764548.68,23796393.979999997,176713688.54,-47778434.29,9659035.85,98.72355800000001,8738.09,5978,,
2026-05-27T06:52:55 ET,2026-05-27T06:50:00 ET,2026-05-27,Wed,0652ET,2026-05-28,30219.75,730.28,30162.1,NEAR_FLIP,NEUTRAL,27.16,0.591,14.35,16.4,16.05,19.12,30828.88,745.0,609.130000000001,2.01566856112311,6899996.93,6931467.83,50384669.57,-7001916.29,5237130.149999999,105.797267,5178.650000000001,881,,
2026-05-27T06:52:55 ET,2026-05-27T06:50:00 ET,2026-05-27,Wed,0652ET,2026-05-29,30219.75,730.28,30162.1,NEAR_FLIP,NEUTRAL,27.16,0.591,14.35,16.4,16.05,19.12,30828.88,745.0,609.130000000001,2.01566856112311,40623145.98,41183465.24,322764734.97,-21021459.74,46237115.269999996,1072.917595,56339.6,4557,,
2026-05-27T06:52:55 ET,2026-05-27T06:50:00 ET,2026-05-27,Wed,0652ET,2026-05-27,30219.75,730.28,30162.1,NEAR_FLIP,NEUTRAL,27.16,0.591,14.35,16.4,16.05,19.12,30870.26,746.0,650.5099999999984,2.152598879871602,2112510.85,2112510.85,16540233.21,-4525157.57,861242.5,6.982807,786.35,669,,
2026-05-27T06:52:55 ET,2026-05-27T06:50:00 ET,2026-05-27,Wed,0652ET,2026-05-28,30219.75,730.28,30162.1,NEAR_FLIP,NEUTRAL,27.16,0.591,14.35,16.4,16.05,19.12,30870.26,746.0,650.5099999999984,2.152598879871602,2364743.3000000003,2378531.9,18398701.47,-2562275.03,1702952.87,30.145625,1780.19,345,,
2026-05-27T06:52:55 ET,2026-05-27T06:50:00 ET,2026-05-27,Wed,0652ET,2026-05-29,30219.75,730.28,30162.1,NEAR_FLIP,NEUTRAL,27.16,0.591,14.35,16.4,16.05,19.12,30870.26,746.0,650.5099999999984,2.152598879871602,3387700.95,3387700.95,28796061.93,-1842743.64,3832648.09,82.112591,4624.7,406,,
2026-05-27T06:52:55 ET,2026-05-27T06:50:00 ET,2026-05-27,Wed,0652ET,2026-05-27,30219.75,730.28,30162.1,NEAR_FLIP,NEUTRAL,27.16,0.591,14.35,16.4,16.05,19.12,30911.64,747.0,691.8899999999994,2.2895291986201056,3459574.0100000002,3494722.07,28361827.419999998,-7954649.68,884991.4200000002,5.704849999999999,1320.71,1392,,
2026-05-27T06:52:55 ET,2026-05-27T06:50:00 ET,2026-05-27,Wed,0652ET,2026-05-28,30219.75,730.28,30162.1,NEAR_FLIP,NEUTRAL,27.16,0.591,14.35,16.4,16.05,19.12,30911.64,747.0,691.8899999999994,2.2895291986201056,2886837.0799999996,2898840.56,23817493.009999998,-3317014.12,2013555.4200000002,31.029342,2175.02,483,,
2026-05-27T06:52:55 ET,2026-05-27T06:50:00 ET,2026-05-27,Wed,0652ET,2026-05-29,30219.75,730.28,30162.1,NEAR_FLIP,NEUTRAL,27.16,0.591,14.35,16.4,16.05,19.12,30911.64,747.0,691.8899999999994,2.2895291986201056,13274871.979999999,13290192.08,120183958.93,-7674100.180000001,14392626.270000001,283.076362,18111.21,1735,,
2026-05-27T06:52:55 ET,2026-05-27T06:50:00 ET,2026-05-27,Wed,0652ET,2026-05-29,30219.75,730.28,30162.1,NEAR_FLIP,NEUTRAL,27.16,0.591,14.35,16.4,16.05,19.12,30953.02,748.0,733.2700000000004,2.4264595173686097,5909118.14,5909118.14,56755344.98,-3609636.54,6197017.51,111.270609,8041.34,845,,
2026-05-27T06:52:55 ET,2026-05-27T06:50:00 ET,2026-05-27,Wed,0652ET,2026-05-29,30219.75,730.28,30162.1,NEAR_FLIP,NEUTRAL,27.16,0.591,14.35,16.4,16.05,19.12,30994.4,749.0,774.6500000000015,2.5633898361171137,16331507.799999999,16344207.26,165817792.57999998,-10529754.940000001,16466012.43,268.457497,22218.260000000002,2574,,
2026-05-27T06:52:55 ET,2026-05-27T06:50:00 ET,2026-05-27,Wed,0652ET,2026-05-27,30219.75,730.28,30162.1,NEAR_FLIP,NEUTRAL,27.16,0.591,14.35,16.4,16.05,19.12,31035.78,750.0,816.0299999999988,2.7003201548656057,4454462.86,4454462.86,40743206.91,-11927202.42,1722467.22,5.794276,1776.62,3400,,
2026-05-27T06:52:55 ET,2026-05-27T06:50:00 ET,2026-05-27,Wed,0652ET,2026-05-28,30219.75,730.28,30162.1,NEAR_FLIP,NEUTRAL,27.16,0.591,14.35,16.4,16.05,19.12,31035.78,750.0,816.0299999999988,2.7003201548656057,8357042.890000001,8364713.43,80236673.05,-11248690.26,5405401.529999999,53.229838,6350.44,2181,,
2026-05-27T06:52:55 ET,2026-05-27T06:50:00 ET,2026-05-27,Wed,0652ET,2026-05-29,30219.75,730.28,30162.1,NEAR_FLIP,NEUTRAL,27.16,0.591,14.35,16.4,16.05,19.12,31035.78,750.0,816.0299999999988,2.7003201548656057,70709163.49,71580983.14999999,756484725.35,-48503242.54,64443091.63,949.054648,97237.9,12480,,
2026-05-27T06:52:55 ET,2026-05-27T06:50:00 ET,2026-05-27,Wed,0652ET,2026-05-27,30219.75,730.28,30162.1,NEAR_FLIP,NEUTRAL,27.16,0.591,14.35,16.4,16.05,19.12,31242.69,755.0,1022.9399999999987,3.3850048395502896,788748.19,788748.19,8055967.44,-2637186.91,312021.91,0.444069,352.17,1423,,
2026-05-27T06:52:55 ET,2026-05-27T06:50:00 ET,2026-05-27,Wed,0652ET,2026-05-28,30219.75,730.28,30162.1,NEAR_FLIP,NEUTRAL,27.16,0.591,14.35,16.4,16.05,19.12,31242.69,755.0,1022.9399999999987,3.3850048395502896,4582207.32,4582207.32,53198857.66,-7686042.81,2689796.95,11.852631,3596.14,2670,,
2026-05-27T06:52:55 ET,2026-05-27T06:50:00 ET,2026-05-27,Wed,0652ET,2026-05-29,30219.75,730.28,30162.1,NEAR_FLIP,NEUTRAL,27.16,0.591,14.35,16.4,16.05,19.12,31242.69,755.0,1022.9399999999987,3.3850048395502896,13018349.97,13024781.97,173887479.57000002,-10989358.93,10883358.28,89.869049,17722.210000000003,4050,,
2026-05-27T06:52:55 ET,2026-05-27T06:50:00 ET,2026-05-27,Wed,0652ET,2026-05-27,30219.75,730.28,30162.1,NEAR_FLIP,NEUTRAL,27.16,0.591,14.35,16.4,16.05,19.12,31449.59,760.0,1229.8400000000001,4.069656433292797,280825.45,280825.45,3011622.22,-1124927.41,121826.8,0.103467,143.17,849,,
2026-05-27T06:52:55 ET,2026-05-27T06:50:00 ET,2026-05-27,Wed,0652ET,2026-05-28,30219.75,730.28,30162.1,NEAR_FLIP,NEUTRAL,27.16,0.591,14.35,16.4,16.05,19.12,31449.59,760.0,1229.8400000000001,4.069656433292797,193696.43,193696.43,2568638.7,-388936.96,107366.4,0.214448,159.54,249,,
2026-05-27T06:52:55 ET,2026-05-27T06:50:00 ET,2026-05-27,Wed,0652ET,2026-05-29,30219.75,730.28,30162.1,NEAR_FLIP,NEUTRAL,27.16,0.591,14.35,16.4,16.05,19.12,31449.59,760.0,1229.8400000000001,4.069656433292797,9469668.709999999,9486131.97,150150319.65,-9569895.030000001,6728539.850000001,28.442549,13038.16,5762,,
2026-05-27T06:52:55 ET,2026-05-27T06:50:00 ET,2026-05-27,Wed,0652ET,2026-05-27,30219.75,730.28,30162.1,NEAR_FLIP,NEUTRAL,27.16,0.591,14.35,16.4,16.05,19.12,31656.5,765.0,1436.75,4.754341117977481,252899.61,252899.61,2737223.87,-1179696.96,125747.72,0.086133,148.84,948,,
2026-05-27T06:52:55 ET,2026-05-27T06:50:00 ET,2026-05-27,Wed,0652ET,2026-05-28,30219.75,730.28,30162.1,NEAR_FLIP,NEUTRAL,27.16,0.591,14.35,16.4,16.05,19.12,31656.5,765.0,1436.75,4.754341117977481,182472.05,182472.05,2651712.72,-426372.64,99729.07,0.098994,159.77,472,,
2026-05-27T06:52:55 ET,2026-05-27T06:50:00 ET,2026-05-27,Wed,0652ET,2026-05-29,30219.75,730.28,30162.1,NEAR_FLIP,NEUTRAL,27.16,0.591,14.35,16.4,16.05,19.12,31656.5,765.0,1436.75,4.754341117977481,986049.86,986049.86,17887856.8,-1156561.67,675315.84,1.388927,1380.06,1231,,
2026-05-27T06:52:55 ET,2026-05-27T06:50:00 ET,2026-05-27,Wed,0652ET,2026-05-27,30219.75,730.28,30162.1,NEAR_FLIP,NEUTRAL,27.16,0.591,14.35,16.4,16.05,19.12,31863.41,770.0,1643.6599999999999,5.439025802662166,113366.46,113366.46,1207592.8,-603166.68,66288.56,0.045083,77.36,428,,
2026-05-27T06:52:55 ET,2026-05-27T06:50:00 ET,2026-05-27,Wed,0652ET,2026-05-28,30219.75,730.28,30162.1,NEAR_FLIP,NEUTRAL,27.16,0.591,14.35,16.4,16.05,19.12,31863.41,770.0,1643.6599999999999,5.439025802662166,105779.3,105779.3,1632982.32,-281738.03,59019.84,0.033465,99.46,479,,
2026-05-27T06:52:55 ET,2026-05-27T06:50:00 ET,2026-05-27,Wed,0652ET,2026-05-29,30219.75,730.28,30162.1,NEAR_FLIP,NEUTRAL,27.16,0.591,14.35,16.4,16.05,19.12,31863.41,770.0,1643.6599999999999,5.439025802662166,3212988.9,3213761.44,64814242.18,-4293667.78,1997248.98,1.980862,4614.43,8320,,
2026-05-27T06:52:55 ET,2026-05-27T06:50:00 ET,2026-05-27,Wed,0652ET,2026-05-27,30219.75,730.28,30162.1,NEAR_FLIP,NEUTRAL,27.16,0.591,14.35,16.4,16.05,19.12,32070.31,775.0,1850.5600000000013,6.123677396404673,30526.79,30526.79,315063.19,-182354.67,21265.89,0.016183,24.14,103,,
2026-05-27T06:52:55 ET,2026-05-27T06:50:00 ET,2026-05-27,Wed,0652ET,2026-05-28,30219.75,730.28,30162.1,NEAR_FLIP,NEUTRAL,27.16,0.591,14.35,16.4,16.05,19.12,32070.31,775.0,1850.5600000000013,6.123677396404673,49329.73,49329.73,790138.89,-147419.68,28871.28,0.010916,50.19,335,,
2026-05-27T06:52:55 ET,2026-05-27T06:50:00 ET,2026-05-27,Wed,0652ET,2026-05-29,30219.75,730.28,30162.1,NEAR_FLIP,NEUTRAL,27.16,0.591,14.35,16.4,16.05,19.12,32070.31,775.0,1850.5600000000013,6.123677396404673,121047.15,121047.15,2654225.32,-181347.09,75093.82,0.036988,179.51,631,,
2026-05-27T06:52:55 ET,2026-05-27T06:50:00 ET,2026-05-27,Wed,0652ET,2026-05-27,30219.75,730.28,30162.1,NEAR_FLIP,NEUTRAL,27.16,0.591,14.35,16.4,16.05,19.12,32277.22,780.0,2057.470000000001,6.808362081089357,12969.39,12969.39,128480.16,-85913.7,10814.53,0.009733,11.85,37,,
2026-05-27T06:52:55 ET,2026-05-27T06:50:00 ET,2026-05-27,Wed,0652ET,2026-05-28,30219.75,730.28,30162.1,NEAR_FLIP,NEUTRAL,27.16,0.591,14.35,16.4,16.05,19.12,32277.22,780.0,2057.470000000001,6.808362081089357,15005.43,15005.43,244950.71,-49693.97,9403.98,0.002745,16.61,132,,
2026-05-27T06:52:55 ET,2026-05-27T06:50:00 ET,2026-05-27,Wed,0652ET,2026-05-29,30219.75,730.28,30162.1,NEAR_FLIP,NEUTRAL,27.16,0.591,14.35,16.4,16.05,19.12,32277.22,780.0,2057.470000000001,6.808362081089357,366555.42,369389.08,8576111.36,-612936.13,-797129.97,-0.207134,569.17,3650,,
2026-05-27T06:52:55 ET,2026-05-27T06:50:00 ET,2026-05-27,Wed,0652ET,2026-05-27,30219.75,730.28,30162.1,NEAR_FLIP,NEUTRAL,27.16,0.591,14.35,16.4,16.05,19.12,32484.12,785.0,2264.369999999999,7.493013674831853,39997.56,39997.56,378303.93,-290909.06,39899.82,0.043133,42.05,95,,
2026-05-27T06:52:55 ET,2026-05-27T06:50:00 ET,2026-05-27,Wed,0652ET,2026-05-28,30219.75,730.28,30162.1,NEAR_FLIP,NEUTRAL,27.16,0.591,14.35,16.4,16.05,19.12,32484.12,785.0,2264.369999999999,7.493013674831853,24058.49,24058.49,394859.1,-87413.29,16391.61,0.004184,29.07,242,,
2026-05-27T06:52:55 ET,2026-05-27T06:50:00 ET,2026-05-27,Wed,0652ET,2026-05-27,30219.75,730.28,30162.1,NEAR_FLIP,NEUTRAL,27.16,0.591,14.35,16.4,16.05,19.12,32691.03,790.0,2471.279999999999,8.177698359516537,11553.62,11553.62,104054.2,-91510.85,13736.99,0.017718,13.89,23,,
2026-05-27T06:52:55 ET,2026-05-27T06:50:00 ET,2026-05-27,Wed,0652ET,2026-05-28,30219.75,730.28,30162.1,NEAR_FLIP,NEUTRAL,27.16,0.591,14.35,16.4,16.05,19.12,32691.03,790.0,2471.279999999999,8.177698359516537,28768.1,28768.1,469885.33,-113732.95,21539.24,0.005303,38.01,300,,
2026-05-27T06:52:55 ET,2026-05-27T06:50:00 ET,2026-05-27,Wed,0652ET,2026-05-27,30219.75,730.28,30162.1,NEAR_FLIP,NEUTRAL,27.16,0.591,14.35,16.4,16.05,19.12,32897.93,795.0,2678.1800000000003,8.862349953259045,2944.74,2944.74,25229.63,-25227.3,4150.04,0.006276,4.03,5,,
2026-05-27T06:52:55 ET,2026-05-27T06:50:00 ET,2026-05-27,Wed,0652ET,2026-05-28,30219.75,730.28,30162.1,NEAR_FLIP,NEUTRAL,27.16,0.591,14.35,16.4,16.05,19.12,32897.93,795.0,2678.1800000000003,8.862349953259045,198.78,198.78,3206.57,-849.18,164.75,4.2e-05,0.29,2,,
2026-05-27T06:52:55 ET,2026-05-27T06:50:00 ET,2026-05-27,Wed,0652ET,2026-05-27,30219.75,730.28,30162.1,NEAR_FLIP,NEUTRAL,27.16,0.591,14.35,16.4,16.05,19.12,33104.84,800.0,2885.0899999999965,9.547034637943717,204751.37,204751.37,1669105.2,-1886341.13,339819.6,0.589609,316.49,303,,
2026-05-27T06:52:55 ET,2026-05-27T06:50:00 ET,2026-05-27,Wed,0652ET,2026-05-28,30219.75,730.28,30162.1,NEAR_FLIP,NEUTRAL,27.16,0.591,14.35,16.4,16.05,19.12,33104.84,800.0,2885.0899999999965,9.547034637943717,12443.79,12443.79,197139.62,-57108.19,11469.28,0.003187,19.69,115,,
2026-05-27T06:52:55 ET,2026-05-27T06:50:00 ET,2026-05-27,Wed,0652ET,AGGREGATE,30219.75,730.28,30162.1,NEAR_FLIP,NEUTRAL,27.16,0.591,14.35,16.4,16.05,19.12,27228.73,658.0,-2991.0200000000004,-9.89756698847608,-268927.47,573256.49,4113286.2299999995,1471604.5999999999,16735037.799999999,26.687369,2120.72,923,,
2026-05-27T06:52:55 ET,2026-05-27T06:50:00 ET,2026-05-27,Wed,0652ET,AGGREGATE,30219.75,730.28,30162.1,NEAR_FLIP,NEUTRAL,27.16,0.591,14.35,16.4,16.05,19.12,27270.11,659.0,-2949.6399999999994,-9.760636669727576,-191207.36,629154.22,2924600.42,1591774.3900000001,24089042.81,39.031324,2294.0499999999997,997,,
2026-05-27T06:52:55 ET,2026-05-27T06:50:00 ET,2026-05-27,Wed,0652ET,AGGREGATE,30219.75,730.28,30162.1,NEAR_FLIP,NEUTRAL,27.16,0.591,14.35,16.4,16.05,19.12,27311.49,660.0,-2908.2599999999984,-9.623706350979074,-15573528.46,20269615.58,178169567.63,91832363.68,213448727.95999998,318.39527300000003,66785.87,26438,,
2026-05-27T06:52:55 ET,2026-05-27T06:50:00 ET,2026-05-27,Wed,0652ET,AGGREGATE,30219.75,730.28,30162.1,NEAR_FLIP,NEUTRAL,27.16,0.591,14.35,16.4,16.05,19.12,27352.87,661.0,-2866.880000000001,-9.486776032230582,-191331.53000000003,749000.87,2925024.92,1839527.87,29734207.05,49.854808,2652.9,1147,,
2026-05-27T06:52:55 ET,2026-05-27T06:50:00 ET,2026-05-27,Wed,0652ET,AGGREGATE,30219.75,730.28,30162.1,NEAR_FLIP,NEUTRAL,27.16,0.591,14.35,16.4,16.05,19.12,27394.25,662.0,-2825.5,-9.349845713482077,-686380.4000000001,1485827.32,10487564.82,3594220.8200000003,41055528.42,70.11139299999999,5186.7,2234,,
2026-05-27T06:52:55 ET,2026-05-27T06:50:00 ET,2026-05-27,Wed,0652ET,AGGREGATE,30219.75,730.28,30162.1,NEAR_FLIP,NEUTRAL,27.16,0.591,14.35,16.4,16.05,19.12,27435.63,663.0,-2784.119999999999,-9.212915394733573,-293571.61,681384.47,4482329.029999999,1623102.03,19603995.080000002,34.127347,2344.19,1005,,
2026-05-27T06:52:55 ET,2026-05-27T06:50:00 ET,2026-05-27,Wed,0652ET,AGGREGATE,30219.75,730.28,30162.1,NEAR_FLIP,NEUTRAL,27.16,0.591,14.35,16.4,16.05,19.12,27477.01,664.0,-2742.7400000000016,-9.07598507598508,-311291.08,558940.44,4748385.11,1310805.6099999999,12034608.209999999,21.375580000000003,1895.12,808,,
2026-05-27T06:52:55 ET,2026-05-27T06:50:00 ET,2026-05-27,Wed,0652ET,AGGREGATE,30219.75,730.28,30162.1,NEAR_FLIP,NEUTRAL,27.16,0.591,14.35,16.4,16.05,19.12,27518.4,665.0,-2701.3499999999985,-8.939021666294389,-8657932.450000001,11049601.55,109778962.34,41244701.74,96727392.36,167.662974,34474.94,13911,,
2026-05-27T06:52:55 ET,2026-05-27T06:50:00 ET,2026-05-27,Wed,0652ET,AGGREGATE,30219.75,730.28,30162.1,NEAR_FLIP,NEUTRAL,27.16,0.591,14.35,16.4,16.05,19.12,27559.78,666.0,-2659.970000000001,-8.802091347545897,-805184.55,1040601.73,12250912.69,2363685.65,10023283.14,18.584991000000002,3426.74,1441,,
2026-05-27T06:52:55 ET,2026-05-27T06:50:00 ET,2026-05-27,Wed,0652ET,AGGREGATE,30219.75,730.28,30162.1,NEAR_FLIP,NEUTRAL,27.16,0.591,14.35,16.4,16.05,19.12,27601.16,667.0,-2618.59,-8.665161028797392,-1997976.62,2441314.62,30350084.310000002,5455516.24,17554857.62,33.305259,7922.76,3304,,
2026-05-27T06:52:55 ET,2026-05-27T06:50:00 ET,2026-05-27,Wed,0652ET,AGGREGATE,30219.75,730.28,30162.1,NEAR_FLIP,NEUTRAL,27.16,0.591,14.35,16.4,16.05,19.12,27642.54,668.0,-2577.209999999999,-8.52823071004889,-210391.44999999995,921787.01,3189983.2,2025997.79,32700587.819999997,63.543428,2948.05,1218,,
2026-05-27T06:52:55 ET,2026-05-27T06:50:00 ET,2026-05-27,Wed,0652ET,AGGREGATE,30219.75,730.28,30162.1,NEAR_FLIP,NEUTRAL,27.16,0.591,14.35,16.4,16.05,19.12,27683.92,669.0,-2535.8300000000017,-8.391300391300396,-543938.26,852764.8400000001,8229827.069999998,1842976.27,13050618.34,26.001264,2687.72,1099,,
2026-05-27T06:52:55 ET,2026-05-27T06:50:00 ET,2026-05-27,Wed,0652ET,AGGREGATE,30219.75,730.28,30162.1,NEAR_FLIP,NEUTRAL,27.16,0.591,14.35,16.4,16.05,19.12,27725.3,670.0,-2494.4500000000007,-8.254370072551893,-7706319.74,9406122.219999999,97488533.78999999,32796219.34,56114374.21,112.17828800000001,26871.37,10560,,
2026-05-27T06:52:55 ET,2026-05-27T06:50:00 ET,2026-05-27,Wed,0652ET,AGGREGATE,30219.75,730.28,30162.1,NEAR_FLIP,NEUTRAL,27.16,0.591,14.35,16.4,16.05,19.12,27766.68,671.0,-2453.0699999999997,-8.117439753803389,-375608.52,771675.02,5654443.03,1611132.8399999999,16364942.44,34.384999,2362.02,943,,
2026-05-27T06:52:55 ET,2026-05-27T06:50:00 ET,2026-05-27,Wed,0652ET,AGGREGATE,30219.75,730.28,30162.1,NEAR_FLIP,NEUTRAL,27.16,0.591,14.35,16.4,16.05,19.12,27808.06,672.0,-2411.6899999999987,-7.980509435054885,-2375452.75,2754245.71,35655257.35,5649576.8,11820140.47,25.547228999999998,8308.06,3272,1.7525885564115353,PUT WALL + VOL SENSITIVE
2026-05-27T06:52:55 ET,2026-05-27T06:50:00 ET,2026-05-27,Wed,0652ET,AGGREGATE,30219.75,730.28,30162.1,NEAR_FLIP,NEUTRAL,27.16,0.591,14.35,16.4,16.05,19.12,27849.44,673.0,-2370.3100000000013,-7.843579116306393,-2526048.69,2959481.89,37793073.56,5962315.28,13361383.93,29.739618,8797.52,3414,1.8547189641873654,PUT WALL + VOL SENSITIVE
2026-05-27T06:52:55 ET,2026-05-27T06:50:00 ET,2026-05-27,Wed,0652ET,AGGREGATE,30219.75,730.28,30162.1,NEAR_FLIP,NEUTRAL,27.16,0.591,14.35,16.4,16.05,19.12,27890.82,674.0,-2328.9300000000003,-7.7066487975578895,-567539.3899999999,1118097.27,8461061.74,2211719.12,20664713.27,47.422391,3275.47,1251,0.4969630432118512,PUT WALL + VOL SENSITIVE
2026-05-27T06:52:55 ET,2026-05-27T06:50:00 ET,2026-05-27,Wed,0652ET,AGGREGATE,30219.75,730.28,30162.1,NEAR_FLIP,NEUTRAL,27.16,0.591,14.35,16.4,16.05,19.12,27932.21,675.0,-2287.540000000001,-7.569685387867208,-15810968.34,23813953.56,133702236.65,111743462.36000001,266478464.98000002,596.3056929999999,56177.7,20807,13.365490353096842,PUT WALL + VOL SENSITIVE
2026-05-27T06:52:55 ET,2026-05-27T06:50:00 ET,2026-05-27,Wed,0652ET,AGGREGATE,30219.75,730.28,30162.1,NEAR_FLIP,NEUTRAL,27.16,0.591,14.35,16.4,16.05,19.12,27973.59,676.0,-2246.16,-7.432755069118705,-4332337.12,5042569.539999999,41504448.480000004,23838745.77,17037927.64,33.856394,11491.48,4257,3.0178837117456525,PUT WALL + VOL SENSITIVE
2026-05-27T06:52:55 ET,2026-05-27T06:50:00 ET,2026-05-27,Wed,0652ET,AGGREGATE,30219.75,730.28,30162.1,NEAR_FLIP,NEUTRAL,27.16,0.591,14.35,16.4,16.05,19.12,28014.97,677.0,-2204.779999999999,-7.295824750370201,-2482969.38,4052857.06,27487279.810000002,14419364.52,47390774.83,125.08501,9897.32,3640,2.105807398273899,PUT WALL + VOL SENSITIVE
2026-05-27T06:52:55 ET,2026-05-27T06:50:00 ET,2026-05-27,Wed,0652ET,AGGREGATE,30219.75,730.28,30162.1,NEAR_FLIP,NEUTRAL,27.16,0.591,14.35,16.4,16.05,19.12,28056.35,678.0,-2163.4000000000015,-7.158894431621709,-910577.4599999997,4557161.2,4697961.430000003,13586661.82,122117346.89,318.99595800000003,11397.720000000001,4125,1.7028006775921052,PUT WALL + VOL SENSITIVE
2026-05-27T06:52:55 ET,2026-05-27T06:50:00 ET,2026-05-27,Wed,0652ET,AGGREGATE,30219.75,730.28,30162.1,NEAR_FLIP,NEUTRAL,27.16,0.591,14.35,16.4,16.05,19.12,28097.73,679.0,-2122.0200000000004,-7.0219641128732055,-3328206.7,3857509.02,42913388.98,10427058.79,11381236.47,30.756635000000003,9675.42,3433,2.225133161798418,PUT WALL + VOL SENSITIVE
2026-05-27T06:52:55 ET,2026-05-27T06:50:00 ET,2026-05-27,Wed,0652ET,AGGREGATE,30219.75,730.28,30162.1,NEAR_FLIP,NEUTRAL,27.16,0.591,14.35,16.4,16.05,19.12,28139.11,680.0,-2080.6399999999994,-6.885033794124701,-34198000.300000004,49841516.5,444517336.78,118061278.06,426763417.1999999,1232.795045,124587.95,43708,26.74379580516286,PUT WALL + VOL SENSITIVE
2026-05-27T06:52:55 ET,2026-05-27T06:50:00 ET,2026-05-27,Wed,0652ET,AGGREGATE,30219.75,730.28,30162.1,NEAR_FLIP,NEUTRAL,27.16,0.591,14.35,16.4,16.05,19.12,28180.49,681.0,-2039.2599999999984,-6.7481034753761975,-4411493.41,5308018.27,51400197.57,16680168.3,19251871.15,55.317660999999994,12258.86,4267,2.9467873274499192,PUT WALL + VOL SENSITIVE
2026-05-27T06:52:55 ET,2026-05-27T06:50:00 ET,2026-05-27,Wed,0652ET,AGGREGATE,30219.75,730.28,30162.1,NEAR_FLIP,NEUTRAL,27.16,0.591,14.35,16.4,16.05,19.12,28221.87,682.0,-1997.880000000001,-6.611173156627706,-11253824.7,12578531.84,138090224.88,35527290.75,20070856.450000003,57.13221400000001,29503.230000000003,9906,7.273217069964759,PUT WALL + VOL SENSITIVE
2026-05-27T06:52:55 ET,2026-05-27T06:50:00 ET,2026-05-27,Wed,0652ET,AGGREGATE,30219.75,730.28,30162.1,NEAR_FLIP,NEUTRAL,27.16,0.591,14.35,16.4,16.05,19.12,28263.25,683.0,-1956.5,-6.474242837879202,-4914204.12,5716524.78,60840278.519999996,14962575.77,14365525.39,44.919015,13323.04,4382,3.130316658464823,PUT WALL + VOL SENSITIVE
2026-05-27T06:52:55 ET,2026-05-27T06:50:00 ET,2026-05-27,Wed,0652ET,AGGREGATE,30219.75,730.28,30162.1,NEAR_FLIP,NEUTRAL,27.16,0.591,14.35,16.4,16.05,19.12,28304.64,684.0,-1915.1100000000006,-6.337279428188521,-2761235.27,3614886.01,25848637.68,13519222.739999998,18066447.4,58.494303,7147.29,2535,1.797583448069404,PUT WALL + VOL SENSITIVE
2026-05-27T06:52:55 ET,2026-05-27T06:50:00 ET,2026-05-27,Wed,0652ET,AGGREGATE,30219.75,730.28,30162.1,NEAR_FLIP,NEUTRAL,27.16,0.591,14.35,16.4,16.05,19.12,28346.02,685.0,-1873.7299999999996,-6.200349109440017,-13586817.379999997,42815254.879999995,160555539.82000002,87428965.37,718918888.24,2512.8800589999996,101782.57,30946,16.10741590239159,PUT WALL + VOL SENSITIVE
2026-05-27T06:52:55 ET,2026-05-27T06:50:00 ET,2026-05-27,Wed,0652ET,AGGREGATE,30219.75,730.28,30162.1,NEAR_FLIP,NEUTRAL,27.16,0.591,14.35,16.4,16.05,19.12,28387.4,686.0,-1832.3499999999985,-6.063418790691514,-14413295.6,14966484.42,191643535.16,28646797.0,-8360053.02,-29.659027000000002,35390.46,10386,8.450442670055324,PUT WALL + VOL SENSITIVE
2026-05-27T06:52:55 ET,2026-05-27T06:50:00 ET,2026-05-27,Wed,0652ET,AGGREGATE,30219.75,730.28,30162.1,NEAR_FLIP,NEUTRAL,27.16,0.591,14.35,16.4,16.05,19.12,28428.78,687.0,-1790.9700000000012,-5.9264884719430215,-6480988.24,8056521.4,46864832.48,38358761.72,26089988.96,94.56563999999999,12823.75,4891,4.118128673754853,PUT WALL + VOL SENSITIVE
2026-05-27T06:52:55 ET,2026-05-27T06:50:00 ET,2026-05-27,Wed,0652ET,AGGREGATE,30219.75,730.28,30162.1,NEAR_FLIP,NEUTRAL,27.16,0.591,14.35,16.4,16.05,19.12,28470.16,688.0,-1749.5900000000001,-5.789558153194517,-8423994.16,9711119.059999999,101351034.21000001,22263264.97,15887033.39,63.041945,21003.78,6100,4.9532216551072805,PUT WALL + VOL SENSITIVE
2026-05-27T06:52:55 ET,2026-05-27T06:50:00 ET,2026-05-27,Wed,0652ET,AGGREGATE,30219.75,730.28,30162.1,NEAR_FLIP,NEUTRAL,27.16,0.591,14.35,16.4,16.05,19.12,28511.54,689.0,-1708.2099999999991,-5.6526278344460135,-5984435.3,8437534.879999999,57022260.23,25108158.53,42143260.98,179.20580499999997,15472.66,5127,3.8358644353912954,PUT WALL + VOL SENSITIVE
2026-05-27T06:52:55 ET,2026-05-27T06:50:00 ET,2026-05-27,Wed,0652ET,AGGREGATE,30219.75,730.28,30162.1,NEAR_FLIP,NEUTRAL,27.16,0.591,14.35,16.4,16.05,19.12,28552.92,690.0,-1666.8300000000017,-5.515697515697521,-26338318.07,45697399.97,279805208.63,109875334.27,342689402.42999995,1524.7698709999997,93208.43,26189,19.027801439903858,PUT WALL + VOL SENSITIVE
2026-05-27T06:52:55 ET,2026-05-27T06:50:00 ET,2026-05-27,Wed,0652ET,AGGREGATE,30219.75,730.28,30162.1,NEAR_FLIP,NEUTRAL,27.16,0.591,14.35,16.4,16.05,19.12,28594.3,691.0,-1625.4500000000007,-5.378767196949018,-2387663.26,4341724.76,19115363.630000003,14205450.0,33176692.75,155.060214,7475.55,2395,1.6955318196592937,PUT WALL + VOL SENSITIVE
2026-05-27T06:52:55 ET,2026-05-27T06:50:00 ET,2026-05-27,Wed,0652ET,AGGREGATE,30219.75,730.28,30162.1,NEAR_FLIP,NEUTRAL,27.16,0.591,14.35,16.4,16.05,19.12,28635.68,692.0,-1584.0699999999997,-5.241836878200513,-21027373.8,23792762.939999998,255432931.66,43477109.75,19841287.169999998,96.63419099999999,50113.07000000001,12416,11.469797972623308,PUT WALL + VOL SENSITIVE
2026-05-27T06:52:55 ET,2026-05-27T06:50:00 ET,2026-05-27,Wed,0652ET,AGGREGATE,30219.75,730.28,30162.1,NEAR_FLIP,NEUTRAL,27.16,0.591,14.35,16.4,16.05,19.12,28677.06,693.0,-1542.6899999999987,-5.10490655945201,-5364475.98,9161894.82,44730086.47,28730891.14,57766908.95999999,294.42033499999997,15015.3,4699,3.67064166595567,PUT WALL + VOL SENSITIVE
2026-05-27T06:52:55 ET,2026-05-27T06:50:00 ET,2026-05-27,Wed,0652ET,AGGREGATE,30219.75,730.28,30162.1,NEAR_FLIP,NEUTRAL,27.16,0.591,14.35,16.4,16.05,19.12,28718.45,694.0,-1501.2999999999993,-4.96794314976133,-7205813.52,12081191.54,49005410.81999999,42588207.85,67921108.0,375.27108,17895.62,6009,4.842141106368861,PUT WALL + VOL SENSITIVE
2026-05-27T06:52:55 ET,2026-05-27T06:50:00 ET,2026-05-27,Wed,0652ET,AGGREGATE,30219.75,730.28,30162.1,NEAR_FLIP,NEUTRAL,27.16,0.591,14.35,16.4,16.05,19.12,28759.83,695.0,-1459.9199999999983,-4.831012831012825,-51343896.81999999,108491049.92,566229121.94,180689667.08,768934615.36,4508.684622,218431.15,48501,36.83517208657487,PUT WALL + VOL SENSITIVE
2026-05-27T06:52:55 ET,2026-05-27T06:50:00 ET,2026-05-27,Wed,0652ET,AGGREGATE,30219.75,730.28,30162.1,NEAR_FLIP,NEUTRAL,27.16,0.591,14.35,16.4,16.05,19.12,28801.21,696.0,-1418.5400000000009,-4.694082512264333,-31865947.049999997,34913934.21,326355241.72,72049416.75999999,2204305.5000000037,27.417677999999995,58698.21,15679,15.823042499855191,PUT WALL + VOL SENSITIVE
2026-05-27T06:52:55 ET,2026-05-27T06:50:00 ET,2026-05-27,Wed,0652ET,AGGREGATE,30219.75,730.28,30162.1,NEAR_FLIP,NEUTRAL,27.16,0.591,14.35,16.4,16.05,19.12,28842.59,697.0,-1377.1599999999999,-4.5571521935158295,-16694979.7,22056656.22,136115980.75,71172908.08,52868238.49,342.309114,30833.47,9774,9.463074910988599,PUT WALL + VOL SENSITIVE
2026-05-27T06:52:55 ET,2026-05-27T06:50:00 ET,2026-05-27,Wed,0652ET,AGGREGATE,30219.75,730.28,30162.1,NEAR_FLIP,NEUTRAL,27.16,0.591,14.35,16.4,16.05,19.12,28883.97,698.0,-1335.7799999999988,-4.420221874767325,-3216013.0599999996,7059549.899999999,27745875.85,15718678.8,43863051.43,301.254097,11779.119999999999,2824,2.206710228294963,PUT WALL + VOL SENSITIVE
2026-05-27T06:52:55 ET,2026-05-27T06:50:00 ET,2026-05-27,Wed,0652ET,AGGREGATE,30219.75,730.28,30162.1,NEAR_FLIP,NEUTRAL,27.16,0.591,14.35,16.4,16.05,19.12,28925.35,699.0,-1294.4000000000015,-4.283291556018833,-1015045.3899999997,13355334.23,-5703594.699999992,26592848.6,139518142.29000002,1037.3872359999998,22609.37,5011,2.9410082135743525,PUT WALL + VOL SENSITIVE
2026-05-27T06:52:55 ET,2026-05-27T06:50:00 ET,2026-05-27,Wed,0652ET,AGGREGATE,30219.75,730.28,30162.1,NEAR_FLIP,NEUTRAL,27.16,0.591,14.35,16.4,16.05,19.12,28966.73,700.0,-1253.0200000000004,-4.146361237270329,-61690071.989999995,164230285.43,556844193.28,274731299.15999997,1003834254.3,7985.431719,292991.58,56679,45.765926816874256,PUT WALL + VOL SENSITIVE
2026-05-27T06:52:55 ET,2026-05-27T06:50:00 ET,2026-05-27,Wed,0652ET,AGGREGATE,30219.75,730.28,30162.1,NEAR_FLIP,NEUTRAL,27.16,0.591,14.35,16.4,16.05,19.12,29008.11,701.0,-1211.6399999999994,-4.009430918521826,-10737586.73,27351454.17,54538881.38999999,74542258.28999999,156520083.92000002,1325.356751,36116.62,10040,8.133101148767302,PUT WALL + VOL SENSITIVE
2026-05-27T06:52:55 ET,2026-05-27T06:50:00 ET,2026-05-27,Wed,0652ET,AGGREGATE,30219.75,730.28,30162.1,NEAR_FLIP,NEUTRAL,27.16,0.591,14.35,16.4,16.05,19.12,29049.49,702.0,-1170.2599999999984,-3.8725005997733217,-5209450.7700000005,27260530.49,27169866.720000006,55749305.77,209495644.47000003,1793.7657189999998,41345.170000000006,8902,6.328421185575229,PUT WALL + VOL SENSITIVE
2026-05-27T06:52:55 ET,2026-05-27T06:50:00 ET,2026-05-27,Wed,0652ET,AGGREGATE,30219.75,730.28,30162.1,NEAR_FLIP,NEUTRAL,27.16,0.591,14.35,16.4,16.05,19.12,29090.88,703.0,-1128.869999999999,-3.735537190082641,-9511790.38,20198164.84,79276031.97,36896495.86,83702279.28,780.617129,31287.41,6111,5.765171050320621,PUT WALL + VOL SENSITIVE
2026-05-27T06:52:55 ET,2026-05-27T06:50:00 ET,2026-05-27,Wed,0652ET,AGGREGATE,30219.75,730.28,30162.1,NEAR_FLIP,NEUTRAL,27.16,0.591,14.35,16.4,16.05,19.12,29132.26,704.0,-1087.4900000000016,-3.5986068713341495,-26254981.56,43239711.62,243274051.6,62542917.870000005,102657672.23,1046.6157979999998,72603.59,11752,13.161151345824623,PUT WALL + VOL SENSITIVE
2026-05-27T06:52:55 ET,2026-05-27T06:50:00 ET,2026-05-27,Wed,0652ET,AGGREGATE,30219.75,730.28,30162.1,NEAR_FLIP,NEUTRAL,27.16,0.591,14.35,16.4,16.05,19.12,29173.64,705.0,-1046.1100000000006,-3.4616765525856454,-165233908.59,288915195.23,1516337457.6499999,382763725.63,702690571.3999999,7633.456461,487908.35,72933,83.23183003981937,PUT WALL + VOL SENSITIVE
2026-05-27T06:52:55 ET,2026-05-27T06:50:00 ET,2026-05-27,Wed,0652ET,AGGREGATE,30219.75,730.28,30162.1,NEAR_FLIP,NEUTRAL,27.16,0.591,14.35,16.4,16.05,19.12,29215.02,706.0,-1004.7299999999996,-3.3247462338371414,-18868283.68,30802458.339999996,142372822.35,59426681.7,65236256.66000001,752.175602,40172.56,8109,9.327196947964032,PUT WALL + VOL SENSITIVE
2026-05-27T06:52:55 ET,2026-05-27T06:50:00 ET,2026-05-27,Wed,0652ET,AGGREGATE,30219.75,730.28,30162.1,NEAR_FLIP,NEUTRAL,27.16,0.591,14.35,16.4,16.05,19.12,29256.4,707.0,-963.3499999999985,-3.1878159150886374,-19170972.490000002,31262820.47,135499677.47,67829344.8,65147823.33,772.31245,36294.81,8098,9.578195085818002,PUT WALL + VOL SENSITIVE
2026-05-27T06:52:55 ET,2026-05-27T06:50:00 ET,2026-05-27,Wed,0652ET,AGGREGATE,30219.75,730.28,30162.1,NEAR_FLIP,NEUTRAL,27.16,0.591,14.35,16.4,16.05,19.12,29297.78,708.0,-921.9700000000012,-3.0508855963401458,-11204844.09,30328839.79,75571069.47999999,54041125.28,112800196.15,1381.387385,38222.69,6984,7.182034721505201,PUT WALL + VOL SENSITIVE
2026-05-27T06:52:55 ET,2026-05-27T06:50:00 ET,2026-05-27,Wed,0652ET,AGGREGATE,30219.75,730.28,30162.1,NEAR_FLIP,NEUTRAL,27.16,0.591,14.35,16.4,16.05,19.12,29339.16,709.0,-880.5900000000001,-2.9139552775916417,-45457398.74999999,76495848.51,279900899.15999997,170802382.97,141807571.12,2004.424498,75975.96,17905,22.33966814909651,PUT WALL + VOL SENSITIVE
2026-05-27T06:52:55 ET,2026-05-27T06:50:00 ET,2026-05-27,Wed,0652ET,AGGREGATE,30219.75,730.28,30162.1,NEAR_FLIP,NEUTRAL,27.16,0.591,14.35,16.4,16.05,19.12,29380.54,710.0,-839.2099999999991,-2.7770249588431377,-105887262.2,234424519.06,865563835.6699998,223426964.85999998,500726765.7800001,7332.862734999999,380968.81,41500,51.14452098824924,PUT WALL + VOL SENSITIVE
2026-05-27T06:52:55 ET,2026-05-27T06:50:00 ET,2026-05-27,Wed,0652ET,AGGREGATE,30219.75,730.28,30162.1,NEAR_FLIP,NEUTRAL,27.16,0.591,14.35,16.4,16.05,19.12,29421.92,711.0,-797.8300000000017,-2.6400946400946457,7988737.690000001,63923145.39,-83908015.31000003,68548267.01,341792651.73,5440.474177,95240.52,10878,11.228152448305421,CALL WALL + VOL SENSITIVE
2026-05-27T06:52:55 ET,2026-05-27T06:50:00 ET,2026-05-27,Wed,0652ET,AGGREGATE,30219.75,730.28,30162.1,NEAR_FLIP,NEUTRAL,27.16,0.591,14.35,16.4,16.05,19.12,29463.3,712.0,-756.4500000000007,-2.5031643213461416,-5939995.44,38870019.14,28971415.79,48620159.6,139196236.93,2318.342794,50155.71,6382,6.024030064923501,PUT WALL + VOL SENSITIVE
2026-05-27T06:52:55 ET,2026-05-27T06:50:00 ET,2026-05-27,Wed,0652ET,AGGREGATE,30219.75,730.28,30162.1,NEAR_FLIP,NEUTRAL,27.16,0.591,14.35,16.4,16.05,19.12,29504.69,713.0,-715.0600000000013,-2.3662009116554614,-2739258.049999998,36261950.97,7627940.260000005,44087094.38,135094085.44,2373.140882,46010.79,5557,4.937475797332939,PUT WALL + VOL SENSITIVE
2026-05-27T06:52:55 ET,2026-05-27T06:50:00 ET,2026-05-27,Wed,0652ET,AGGREGATE,30219.75,730.28,30162.1,NEAR_FLIP,NEUTRAL,27.16,0.591,14.35,16.4,16.05,19.12,29546.07,714.0,-673.6800000000003,-2.2292705929069574,-42047443.61,69051449.53,276046158.86,77878422.88,52113054.39999999,926.8207150000001,87828.09,9774,15.764245367367593,PUT WALL + VOL SENSITIVE
2026-05-27T06:52:55 ET,2026-05-27T06:50:00 ET,2026-05-27,Wed,0652ET,AGGREGATE,30219.75,730.28,30162.1,NEAR_FLIP,NEUTRAL,27.16,0.591,14.35,16.4,16.05,19.12,29587.45,715.0,-632.2999999999993,-2.0923402741584534,-69668125.69,189024130.59,422951445.85,181949420.13,302371746.77,6207.03686,250648.40999999997,24459,32.67823096741005,PUT WALL + VOL SENSITIVE
2026-05-27T06:52:55 ET,2026-05-27T06:50:00 ET,2026-05-27,Wed,0652ET,AGGREGATE,30219.75,730.28,30162.1,NEAR_FLIP,NEUTRAL,27.16,0.591,14.35,16.4,16.05,19.12,29628.83,716.0,-590.9199999999983,-1.9554099554099498,-10295150.900000002,43054815.2,51292634.64000001,56433517.64,98695949.11,2082.775283,42386.979999999996,5363,6.8852011802019595,PUT WALL + VOL SENSITIVE
2026-05-27T06:52:55 ET,2026-05-27T06:50:00 ET,2026-05-27,Wed,0652ET,AGGREGATE,30219.75,730.28,30162.1,NEAR_FLIP,NEUTRAL,27.16,0.591,14.35,16.4,16.05,19.12,29670.21,717.0,-549.5400000000009,-1.818479636661458,-34271230.269999996,71066157.72999999,175948069.41,93168068.27,75196706.88,1768.7816120000002,62848.67999999999,8116,13.843516583357108,PUT WALL + VOL SENSITIVE
2026-05-27T06:52:55 ET,2026-05-27T06:50:00 ET,2026-05-27,Wed,0652ET,AGGREGATE,30219.75,730.28,30162.1,NEAR_FLIP,NEUTRAL,27.16,0.591,14.35,16.4,16.05,19.12,29711.59,718.0,-508.15999999999985,-1.681549317912954,-80006183.06,120590960.46,388764223.53000003,157540722.45000002,33050805.040000003,852.6202219999999,96610.57,12579,26.042031660097358,PUT WALL + VOL SENSITIVE
2026-05-27T06:52:55 ET,2026-05-27T06:50:00 ET,2026-05-27,Wed,0652ET,AGGREGATE,30219.75,730.28,30162.1,NEAR_FLIP,NEUTRAL,27.16,0.591,14.35,16.4,16.05,19.12,29752.97,719.0,-466.77999999999884,-1.54461899916445,-30979977.880000003,100394587.62,140611859.51000002,96167755.07,123746551.86,3320.7479460000004,101549.31,9561,14.323041155465727,PUT WALL + VOL SENSITIVE
2026-05-27T06:52:55 ET,2026-05-27T06:50:00 ET,2026-05-27,Wed,0652ET,AGGREGATE,30219.75,730.28,30162.1,NEAR_FLIP,NEUTRAL,27.16,0.591,14.35,16.4,16.05,19.12,29794.35,720.0,-425.40000000000146,-1.4076886804159578,-43393240.85000001,330373012.46999997,184060807.51,214012009.2,486836633.3499999,13760.830525999998,412079.84,29735,32.87048846307879,PUT WALL + VOL SENSITIVE
2026-05-27T06:52:55 ET,2026-05-27T06:50:00 ET,2026-05-27,Wed,0652ET,AGGREGATE,30219.75,730.28,30162.1,NEAR_FLIP,NEUTRAL,27.16,0.591,14.35,16.4,16.05,19.12,29835.73,721.0,-384.02000000000044,-1.270758361667454,-34223490.13,138242657.07,127814309.58999997,106126097.42,149587770.13,4391.356971,138839.4,11204,15.97078760786323,PUT WALL + VOL SENSITIVE
2026-05-27T06:52:55 ET,2026-05-27T06:50:00 ET,2026-05-27,Wed,0652ET,AGGREGATE,30219.75,730.28,30162.1,NEAR_FLIP,NEUTRAL,27.16,0.591,14.35,16.4,16.05,19.12,29877.11,722.0,-342.6399999999994,-1.13382804291895,-21844064.650000002,77912242.41,80072720.97999999,57713452.18,58541597.81,2056.48541,70023.7,5727,8.905996289870298,PUT WALL + VOL SENSITIVE
2026-05-27T06:52:55 ET,2026-05-27T06:50:00 ET,2026-05-27,Wed,0652ET,AGGREGATE,30219.75,730.28,30162.1,NEAR_FLIP,NEUTRAL,27.16,0.591,14.35,16.4,16.05,19.12,29918.5,723.0,-301.25,-0.9968646332282696,-29164638.919999994,111057996.18,90862222.78000003,73226676.28,81218396.16,2661.574302,97267.04000000001,7537,11.396989258771427,PUT WALL + VOL SENSITIVE
2026-05-27T06:52:55 ET,2026-05-27T06:50:00 ET,2026-05-27,Wed,0652ET,AGGREGATE,30219.75,730.28,30162.1,NEAR_FLIP,NEUTRAL,27.16,0.591,14.35,16.4,16.05,19.12,29959.88,724.0,-259.869999999999,-0.8599343144797658,33124736.090000004,152846966.59,-93473896.19,93342406.58,236811100.17999998,10007.106932,115265.42,9299,18.326606011858257,CALL WALL + VOL SENSITIVE
2026-05-27T06:52:55 ET,2026-05-27T06:50:00 ET,2026-05-27,Wed,0652ET,AGGREGATE,30219.75,730.28,30162.1,NEAR_FLIP,NEUTRAL,27.16,0.591,14.35,16.4,16.05,19.12,30001.26,725.0,-218.4900000000016,-0.7230039957312737,-62791242.45,357230505.29,150366927.13,158475388.84,179809359.07999998,7395.790394999999,328526.44,21746,26.18794517660038,PUT WALL + VOL SENSITIVE
2026-05-27T06:52:55 ET,2026-05-27T06:50:00 ET,2026-05-27,Wed,0652ET,AGGREGATE,30219.75,730.28,30162.1,NEAR_FLIP,NEUTRAL,27.16,0.591,14.35,16.4,16.05,19.12,30042.64,726.0,-177.11000000000058,-0.5860736769827698,-67431103.49000001,174512639.27,136864428.02,77860725.42999999,4025259.140000008,-261.1249399999999,115075.33,8918,15.577706484701515,PUT WALL + VOL SENSITIVE
2026-05-27T06:52:55 ET,2026-05-27T06:50:00 ET,2026-05-27,Wed,0652ET,AGGREGATE,30219.75,730.28,30162.1,NEAR_FLIP,NEUTRAL,27.16,0.591,14.35,16.4,16.05,19.12,30084.02,727.0,-135.72999999999956,-0.4491433582342659,-73398834.25,252066313.37,118586623.61,84120380.82,-20444019.550000012,70.00793800000065,177279.38,12419,16.786629099904392,PUT WALL
2026-05-27T06:52:55 ET,2026-05-27T06:50:00 ET,2026-05-27,Wed,0652ET,AGGREGATE,30219.75,730.28,30162.1,NEAR_FLIP,NEUTRAL,27.16,0.591,14.35,16.4,16.05,19.12,30125.4,728.0,-94.34999999999854,-0.31221303948576196,-83375115.82000001,347787895.9,97770062.01,67022791.83,-80394834.57000002,-1355.8605730000008,292004.0,17966,18.991456685146265,PUT WALL
2026-05-27T06:52:55 ET,2026-05-27T06:50:00 ET,2026-05-27,Wed,0652ET,AGGREGATE,30219.75,730.28,30162.1,NEAR_FLIP,NEUTRAL,27.16,0.591,14.35,16.4,16.05,19.12,30166.78,729.0,-52.970000000001164,-0.17528272073727003,10756229.609999992,260274540.53,-5549423.119999995,30722739.01,87158263.63,4082.000386999999,176552.16,11931,7.873841371984305,CALL WALL
2026-05-27T06:52:55 ET,2026-05-27T06:50:00 ET,2026-05-27,Wed,0652ET,AGGREGATE,30219.75,730.28,30162.1,NEAR_FLIP,NEUTRAL,27.16,0.591,14.35,16.4,16.05,19.12,30208.16,730.0,-11.590000000000146,-0.038352401988766105,64339798.62,960400025.54,-14577925.069999998,13195489.729999999,350115988.12,9411.77119,757744.6799999999,46168,24.653810501063624,CALL WALL
2026-05-27T06:52:55 ET,2026-05-27T06:50:00 ET,2026-05-27,Wed,0652ET,AGGREGATE,30219.75,730.28,30162.1,NEAR_FLIP,NEUTRAL,27.16,0.591,14.35,16.4,16.05,19.12,30249.54,731.0,29.790000000000873,0.09857791675973783,93062052.73,205418508.09,32319969.38,-17775797.93,153121017.2,7695.005618,144958.78,9209,19.734924677882688,CALL WALL
2026-05-27T06:52:55 ET,2026-05-27T06:50:00 ET,2026-05-27,Wed,0652ET,AGGREGATE,30219.75,730.28,30162.1,NEAR_FLIP,NEUTRAL,27.16,0.591,14.35,16.4,16.05,19.12,30290.93,732.0,71.18000000000029,0.2355413264504183,123089120.45,236461700.93,107474401.05999999,-49724733.75,136533661.56,8025.250554,133331.31,9696,26.307928101024974,CALL WALL
2026-05-27T06:52:55 ET,2026-05-27T06:50:00 ET,2026-05-27,Wed,0652ET,AGGREGATE,30219.75,730.28,30162.1,NEAR_FLIP,NEUTRAL,27.16,0.591,14.35,16.4,16.05,19.12,30332.31,733.0,112.56000000000131,0.37247164519892223,85255232.33,136685036.35,119504803.33,-45920141.29,74194191.01,4627.0155859999995,71240.02,5573,18.569398404180447,CALL WALL
2026-05-27T06:52:55 ET,2026-05-27T06:50:00 ET,2026-05-27,Wed,0652ET,AGGREGATE,30219.75,730.28,30162.1,NEAR_FLIP,NEUTRAL,27.16,0.591,14.35,16.4,16.05,19.12,30373.69,734.0,153.9399999999987,0.5094019639474142,78715673.65,121284098.61,151817978.5,-55139944.13999999,58844119.66,3296.4095190000003,61470.46,5143,17.704618038700374,CALL WALL
2026-05-27T06:52:55 ET,2026-05-27T06:50:00 ET,2026-05-27,Wed,0652ET,AGGREGATE,30219.75,730.28,30162.1,NEAR_FLIP,NEUTRAL,27.16,0.591,14.35,16.4,16.05,19.12,30415.07,735.0,195.3199999999997,0.6463322826959181,267386590.75,328294009.41,644299388.58,-130887556.9,312609709.15,13980.454357,275489.94,17924,62.64254654975456,CALL WALL + VOL SENSITIVE
2026-05-27T06:52:55 ET,2026-05-27T06:50:00 ET,2026-05-27,Wed,0652ET,AGGREGATE,30219.75,730.28,30162.1,NEAR_FLIP,NEUTRAL,27.16,0.591,14.35,16.4,16.05,19.12,30456.45,736.0,236.70000000000073,0.7832626014444221,80639283.61999999,93665966.34,241226688.68,-61842138.01,59612196.37,3009.336892,51036.87,4699,19.552537903126375,CALL WALL + VOL SENSITIVE
2026-05-27T06:52:55 ET,2026-05-27T06:50:00 ET,2026-05-27,Wed,0652ET,AGGREGATE,30219.75,730.28,30162.1,NEAR_FLIP,NEUTRAL,27.16,0.591,14.35,16.4,16.05,19.12,30497.83,737.0,278.08000000000175,0.9201929201929259,78268205.31,84127086.11,272472350.44,-58335005.0,66784497.33,2942.7762430000002,52145.41,4783,19.678139685613157,CALL WALL + VOL SENSITIVE
2026-05-27T06:52:55 ET,2026-05-27T06:50:00 ET,2026-05-27,Wed,0652ET,AGGREGATE,30219.75,730.28,30162.1,NEAR_FLIP,NEUTRAL,27.16,0.591,14.35,16.4,16.05,19.12,30539.21,738.0,319.4599999999991,1.0571232389414178,77471751.82,81266019.9,315304985.23,-60282452.67,72116601.22,2714.804856,61211.13,5296,20.39345730682319,CALL WALL + VOL SENSITIVE
2026-05-27T06:52:55 ET,2026-05-27T06:50:00 ET,2026-05-27,Wed,0652ET,AGGREGATE,30219.75,730.28,30162.1,NEAR_FLIP,NEUTRAL,27.16,0.591,14.35,16.4,16.05,19.12,30580.59,739.0,360.84000000000015,1.1940535576899218,74607872.16,75739657.2,342099571.77,-74690084.78,55270807.17,1966.3063,42784.69,5389,20.594663354698344,CALL WALL + VOL SENSITIVE
2026-05-27T06:52:55 ET,2026-05-27T06:50:00 ET,2026-05-27,Wed,0652ET,AGGREGATE,30219.75,730.28,30162.1,NEAR_FLIP,NEUTRAL,27.16,0.591,14.35,16.4,16.05,19.12,30621.97,740.0,402.22000000000116,1.3309838764384259,256330428.48,263421992.2,1316386363.3700001,-156218540.05,299787167.07,9511.368176,291204.01,21436,72.25849797811227,CALL WALL + VOL SENSITIVE
2026-05-27T06:52:55 ET,2026-05-27T06:50:00 ET,2026-05-27,Wed,0652ET,AGGREGATE,30219.75,730.28,30162.1,NEAR_FLIP,NEUTRAL,27.16,0.591,14.35,16.4,16.05,19.12,30663.35,741.0,443.59999999999854,1.4679141951869177,50572953.75,51022767.31,282844224.64,-58147560.99,35900396.03,1018.314702,31126.62,4887,15.192077454669125,CALL WALL + VOL SENSITIVE
2026-05-27T06:52:55 ET,2026-05-27T06:50:00 ET,2026-05-27,Wed,0652ET,AGGREGATE,30219.75,730.28,30162.1,NEAR_FLIP,NEUTRAL,27.16,0.591,14.35,16.4,16.05,19.12,30704.74,742.0,484.9900000000016,1.60487760487761,30788064.060000002,31373964.18,188876061.26,-31147464.049999997,25388245.19,686.3937050000001,26145.890000000003,3333,9.470001578358197,CALL WALL + VOL SENSITIVE
2026-05-27T06:52:55 ET,2026-05-27T06:50:00 ET,2026-05-27,Wed,0652ET,AGGREGATE,30219.75,730.28,30162.1,NEAR_FLIP,NEUTRAL,27.16,0.591,14.35,16.4,16.05,19.12,30746.12,743.0,526.369999999999,1.7418079236261022,21605337.85,21764243.89,143470765.4,-25643073.34,16486460.56,388.898771,16681.63,2823,6.99782160378786,CALL WALL + VOL SENSITIVE
2026-05-27T06:52:55 ET,2026-05-27T06:50:00 ET,2026-05-27,Wed,0652ET,AGGREGATE,30219.75,730.28,30162.1,NEAR_FLIP,NEUTRAL,27.16,0.591,14.35,16.4,16.05,19.12,30787.5,744.0,567.75,1.8787382423746062,32400794.07,32577157.21,228971681.09,-34947822.5,26326351.97,589.247706,27247.019999999997,4421,10.708216466124652,CALL WALL + VOL SENSITIVE
2026-05-27T06:52:55 ET,2026-05-27T06:50:00 ET,2026-05-27,Wed,0652ET,AGGREGATE,30219.75,730.28,30162.1,NEAR_FLIP,NEUTRAL,27.16,0.591,14.35,16.4,16.05,19.12,30828.88,745.0,609.130000000001,2.01566856112311,71287691.59,71911327.05,549863093.08,-75801810.32000001,61133281.269999996,1277.43842,70256.34,11416,24.83183197776335,CALL WALL + VOL SENSITIVE
2026-05-27T06:52:55 ET,2026-05-27T06:50:00 ET,2026-05-27,Wed,0652ET,AGGREGATE,30219.75,730.28,30162.1,NEAR_FLIP,NEUTRAL,27.16,0.591,14.35,16.4,16.05,19.12,30870.26,746.0,650.5099999999984,2.152598879871602,7864955.100000001,7878743.7,63734996.61,-8930176.24,6396843.46,119.24102299999998,7191.24,1420,2.7415266205357662,CALL WALL + VOL SENSITIVE
2026-05-27T06:52:55 ET,2026-05-27T06:50:00 ET,2026-05-27,Wed,0652ET,AGGREGATE,30219.75,730.28,30162.1,NEAR_FLIP,NEUTRAL,27.16,0.591,14.35,16.4,16.05,19.12,30911.64,747.0,691.8899999999994,2.2895291986201056,19621283.07,19683754.709999997,172363279.36,-18945763.98,17291173.11,319.810554,21606.94,3610,7.144583489886642,CALL WALL + VOL SENSITIVE
2026-05-27T06:52:55 ET,2026-05-27T06:50:00 ET,2026-05-27,Wed,0652ET,AGGREGATE,30219.75,730.28,30162.1,NEAR_FLIP,NEUTRAL,27.16,0.591,14.35,16.4,16.05,19.12,30953.02,748.0,733.2700000000004,2.4264595173686097,5909118.14,5909118.14,56755344.98,-3609636.54,6197017.51,111.270609,8041.34,845,2.0452327082161585,CALL WALL + VOL SENSITIVE
2026-05-27T06:52:55 ET,2026-05-27T06:50:00 ET,2026-05-27,Wed,0652ET,AGGREGATE,30219.75,730.28,30162.1,NEAR_FLIP,NEUTRAL,27.16,0.591,14.35,16.4,16.05,19.12,30994.4,749.0,774.6500000000015,2.5633898361171137,16331507.799999999,16344207.26,165817792.57999998,-10529754.940000001,16466012.43,268.457497,22218.260000000002,2574,6.048919348967876,CALL WALL + VOL SENSITIVE
2026-05-27T06:52:55 ET,2026-05-27T06:50:00 ET,2026-05-27,Wed,0652ET,AGGREGATE,30219.75,730.28,30162.1,NEAR_FLIP,NEUTRAL,27.16,0.591,14.35,16.4,16.05,19.12,31035.78,750.0,816.0299999999988,2.7003201548656057,83520669.24,84400159.44,877464605.3100001,-71679135.22,71570960.38000001,1008.0787620000001,105364.95999999999,18061,33.36723291282597,CALL WALL + VOL SENSITIVE
2026-05-27T06:52:55 ET,2026-05-27T06:50:00 ET,2026-05-27,Wed,0652ET,AGGREGATE,30219.75,730.28,30162.1,NEAR_FLIP,NEUTRAL,27.16,0.591,14.35,16.4,16.05,19.12,31242.69,755.0,1022.9399999999987,3.3850048395502896,18389305.48,18395737.48,235142304.67000002,-21312588.650000002,13885177.139999999,102.165749,21670.520000000004,8143,9.030737176621496,CALL WALL + VOL SENSITIVE
2026-05-27T06:52:55 ET,2026-05-27T06:50:00 ET,2026-05-27,Wed,0652ET,AGGREGATE,30219.75,730.28,30162.1,NEAR_FLIP,NEUTRAL,27.16,0.591,14.35,16.4,16.05,19.12,31449.59,760.0,1229.8400000000001,4.069656433292797,9944190.59,9960653.850000001,155730580.57,-11083759.4,6957733.050000001,28.760464,13340.869999999999,6860,5.833826954076397,CALL WALL + VOL SENSITIVE
2026-05-27T06:52:55 ET,2026-05-27T06:50:00 ET,2026-05-27,Wed,0652ET,AGGREGATE,30219.75,730.28,30162.1,NEAR_FLIP,NEUTRAL,27.16,0.591,14.35,16.4,16.05,19.12,31656.5,765.0,1436.75,4.754341117977481,1421421.52,1421421.52,23276793.39,-2762631.27,900792.63,1.574054,1688.67,2651,1.1509859525240584,CALL WALL + VOL SENSITIVE
2026-05-27T06:52:55 ET,2026-05-27T06:50:00 ET,2026-05-27,Wed,0652ET,AGGREGATE,30219.75,730.28,30162.1,NEAR_FLIP,NEUTRAL,27.16,0.591,14.35,16.4,16.05,19.12,31863.41,770.0,1643.6599999999999,5.439025802662166,3432134.6599999997,3432907.1999999997,67654817.3,-5178572.49,2122557.38,2.0594099999999997,4791.25,9227,3.6654329632091516,CALL WALL + VOL SENSITIVE
2026-05-27T06:52:55 ET,2026-05-27T06:50:00 ET,2026-05-27,Wed,0652ET,AGGREGATE,30219.75,730.28,30162.1,NEAR_FLIP,NEUTRAL,27.16,0.591,14.35,16.4,16.05,19.12,32070.31,775.0,1850.5600000000013,6.123677396404673,200903.66999999998,200903.66999999998,3759427.4,-511121.44,125230.99,0.064087,253.83999999999997,1069,0.22802192542057584,CALL WALL + VOL SENSITIVE
2026-05-27T06:52:55 ET,2026-05-27T06:50:00 ET,2026-05-27,Wed,0652ET,AGGREGATE,30219.75,730.28,30162.1,NEAR_FLIP,NEUTRAL,27.16,0.591,14.35,16.4,16.05,19.12,32277.22,780.0,2057.470000000001,6.808362081089357,394530.24,397363.9,8949542.229999999,-748543.7999999999,-776911.46,-0.194656,597.63,3819,0.9247072961063665,CALL WALL + VOL SENSITIVE
2026-05-27T06:52:55 ET,2026-05-27T06:50:00 ET,2026-05-27,Wed,0652ET,AGGREGATE,30219.75,730.28,30162.1,NEAR_FLIP,NEUTRAL,27.16,0.591,14.35,16.4,16.05,19.12,32484.12,785.0,2264.369999999999,7.493013674831853,64056.05,64056.05,773163.03,-378322.35,56291.43,0.047317,71.12,337,0.0,CALL WALL + VOL SENSITIVE
2026-05-27T06:52:55 ET,2026-05-27T06:50:00 ET,2026-05-27,Wed,0652ET,AGGREGATE,30219.75,730.28,30162.1,NEAR_FLIP,NEUTRAL,27.16,0.591,14.35,16.4,16.05,19.12,32691.03,790.0,2471.279999999999,8.177698359516537,40321.72,40321.72,573939.53,-205243.8,35276.23,0.023021,51.9,323,,
2026-05-27T06:52:55 ET,2026-05-27T06:50:00 ET,2026-05-27,Wed,0652ET,AGGREGATE,30219.75,730.28,30162.1,NEAR_FLIP,NEUTRAL,27.16,0.591,14.35,16.4,16.05,19.12,32897.93,795.0,2678.1800000000003,8.862349953259045,3143.52,3143.52,28436.2,-26076.48,4314.79,0.006318000000000001,4.32,7,,
2026-05-27T06:52:55 ET,2026-05-27T06:50:00 ET,2026-05-27,Wed,0652ET,AGGREGATE,30219.75,730.28,30162.1,NEAR_FLIP,NEUTRAL,27.16,0.591,14.35,16.4,16.05,19.12,33104.84,800.0,2885.0899999999965,9.547034637943717,217195.16,217195.16,1866244.8199999998,-1943449.3199999998,351288.88,0.5927960000000001,336.18,418,,
2026-05-27T10:16:37 ET,2026-05-27T10:15:00 ET,2026-05-27,Wed,1016ET,2026-05-29,30069.75,728.99,30075.6,NEAR_FLIP,NEUTRAL,25.81,0.625,12.34,15.53,16.12,19.0,27070.9,656.0,-2998.8499999999985,-9.972979489353914,-398306.51,630445.3099999999,6469537.2700000005,1633511.05,15894254.71,20.377428,2216.61,1271,,
2026-05-27T10:16:37 ET,2026-05-27T10:15:00 ET,2026-05-27,Wed,1016ET,2026-05-29,30069.75,728.99,30075.6,NEAR_FLIP,NEUTRAL,25.81,0.625,12.34,15.53,16.12,19.0,27112.17,657.0,-2957.5800000000017,-9.835731923278383,-182895.36000000002,550695.92,2973051.84,1406370.64,25674588.520000003,33.343573000000006,1907.04,1096,,
2026-05-27T10:16:37 ET,2026-05-27T10:15:00 ET,2026-05-27,Wed,1016ET,2026-05-29,30069.75,728.99,30075.6,NEAR_FLIP,NEUTRAL,25.81,0.625,12.34,15.53,16.12,19.0,27153.44,658.0,-2916.3100000000013,-9.69848435720284,-220580.31,470197.76999999996,3587840.8899999997,1183301.0,17016090.2,22.405053,1603.71,923,,
2026-05-27T10:16:37 ET,2026-05-27T10:15:00 ET,2026-05-27,Wed,1016ET,2026-05-29,30069.75,728.99,30075.6,NEAR_FLIP,NEUTRAL,25.81,0.625,12.34,15.53,16.12,19.0,27194.7,659.0,-2875.0499999999993,-9.561270047140397,-156636.5,515401.28,2548857.16,1277903.16,24382048.35,32.578256999999994,1731.33,997,,
2026-05-27T10:16:37 ET,2026-05-27T10:15:00 ET,2026-05-27,Wed,1016ET,2026-05-27,30069.75,728.99,30075.6,NEAR_FLIP,NEUTRAL,25.81,0.625,12.34,15.53,16.12,19.0,27224.02,660.0,-2845.7299999999996,-9.463763416722784,-3574616.86,3644586.3400000003,23028656.27,35631478.25,-6863189.880000001,-18.228922,7587.81,3542,,
2026-05-27T10:16:37 ET,2026-05-27T10:15:00 ET,2026-05-27,Wed,1016ET,2026-05-28,30069.75,728.99,30075.6,NEAR_FLIP,NEUTRAL,25.81,0.625,12.34,15.53,16.12,19.0,27235.6,660.0,-2834.1500000000015,-9.42525295354967,-1211673.99,1260377.89,13094128.25,6158382.279999999,276478.54000000004,0.47030800000000017,3131.8500000000004,1915,,
2026-05-27T10:16:37 ET,2026-05-27T10:15:00 ET,2026-05-27,Wed,1016ET,2026-05-29,30069.75,728.99,30075.6,NEAR_FLIP,NEUTRAL,25.81,0.625,12.34,15.53,16.12,19.0,27235.97,660.0,-2833.779999999999,-9.424022481064853,-7309745.04,11016863.780000001,118975380.03,26906470.61,238213574.07000002,323.29994600000003,36447.98,20981,,
2026-05-27T10:16:37 ET,2026-05-27T10:15:00 ET,2026-05-27,Wed,1016ET,2026-05-29,30069.75,728.99,30075.6,NEAR_FLIP,NEUTRAL,25.81,0.625,12.34,15.53,16.12,19.0,27277.24,661.0,-2792.5099999999984,-9.28677491498931,-156425.37,612354.61,2546110.14,1472834.44,30073512.23,41.498372,1995.24,1147,,
2026-05-27T10:16:37 ET,2026-05-27T10:15:00 ET,2026-05-27,Wed,1016ET,2026-05-29,30069.75,728.99,30075.6,NEAR_FLIP,NEUTRAL,25.81,0.625,12.34,15.53,16.12,19.0,27318.5,662.0,-2751.25,-9.149560604926878,-560750.8400000001,1213873.42,9125658.89,2874614.6199999996,41760594.48,58.64949,3895.27,2234,,
2026-05-27T10:16:37 ET,2026-05-27T10:15:00 ET,2026-05-27,Wed,1016ET,2026-05-29,30069.75,728.99,30075.6,NEAR_FLIP,NEUTRAL,25.81,0.625,12.34,15.53,16.12,19.0,27359.77,663.0,-2709.9799999999996,-9.012313038851335,-239711.25000000003,556373.67,3899531.74,1296965.18,19922021.11,28.506325,1758.3200000000002,1005,,
2026-05-27T10:16:37 ET,2026-05-27T10:15:00 ET,2026-05-27,Wed,1016ET,2026-05-29,30069.75,728.99,30075.6,NEAR_FLIP,NEUTRAL,25.81,0.625,12.34,15.53,16.12,19.0,27401.04,664.0,-2668.709999999999,-8.875065472775793,-254097.15999999997,456245.58,4130999.53,1046678.09,12301345.84,17.953422999999997,1420.02,808,,
2026-05-27T10:16:37 ET,2026-05-27T10:15:00 ET,2026-05-27,Wed,1016ET,2026-05-27,30069.75,728.99,30075.6,NEAR_FLIP,NEUTRAL,25.81,0.625,12.34,15.53,16.12,19.0,27430.26,665.0,-2639.4900000000016,-8.77789140248922,-1428647.28,1490502.1199999999,9697733.76,13500510.540000001,-987481.75,-2.543,2728.8399999999997,1494,,
2026-05-27T10:16:37 ET,2026-05-27T10:15:00 ET,2026-05-27,Wed,1016ET,2026-05-28,30069.75,728.99,30075.6,NEAR_FLIP,NEUTRAL,25.81,0.625,12.34,15.53,16.12,19.0,27441.93,665.0,-2627.8199999999997,-8.739081635198163,-188083.63,238593.72999999998,2078843.85,1078211.7,2360949.17,4.055465,536.24,359,,
2026-05-27T10:16:37 ET,2026-05-27T10:15:00 ET,2026-05-27,Wed,1016ET,2026-05-29,30069.75,728.99,30075.6,NEAR_FLIP,NEUTRAL,25.81,0.625,12.34,15.53,16.12,19.0,27442.3,665.0,-2627.4500000000007,-8.73785116271336,-5135116.84,6952530.74,83413114.78999999,15692933.69,103695415.27000001,154.537729,21310.92,12058,,
2026-05-27T10:16:37 ET,2026-05-27T10:15:00 ET,2026-05-27,Wed,1016ET,2026-05-29,30069.75,728.99,30075.6,NEAR_FLIP,NEUTRAL,25.81,0.625,12.34,15.53,16.12,19.0,27483.57,666.0,-2586.1800000000003,-8.600603596637818,-657254.34,849420.18,10664469.719999999,1885911.32,10535166.180000002,16.051193,2564.1600000000003,1441,,
2026-05-27T10:16:37 ET,2026-05-27T10:15:00 ET,2026-05-27,Wed,1016ET,2026-05-29,30069.75,728.99,30075.6,NEAR_FLIP,NEUTRAL,25.81,0.625,12.34,15.53,16.12,19.0,27524.84,667.0,-2544.91,-8.463356030562275,-1631488.3,1993504.9400000002,26436269.54,4352519.4,18754090.580000002,29.246951999999997,5926.53,3304,,
2026-05-27T10:16:37 ET,2026-05-27T10:15:00 ET,2026-05-27,Wed,1016ET,2026-05-29,30069.75,728.99,30075.6,NEAR_FLIP,NEUTRAL,25.81,0.625,12.34,15.53,16.12,19.0,27566.1,668.0,-2503.6500000000015,-8.326141720499843,-171903.82999999996,753161.39,2780968.3899999997,1616663.86,33090133.259999998,52.886717000000004,2205.13,1218,,
2026-05-27T10:16:37 ET,2026-05-27T10:15:00 ET,2026-05-27,Wed,1016ET,2026-05-29,30069.75,728.99,30075.6,NEAR_FLIP,NEUTRAL,25.81,0.625,12.34,15.53,16.12,19.0,27607.37,669.0,-2462.380000000001,-8.1888941544243,-444819.70999999996,697370.69,7182369.720000001,1471239.59,13443399.5,22.048672,2010.83,1099,,
2026-05-27T10:16:37 ET,2026-05-27T10:15:00 ET,2026-05-27,Wed,1016ET,2026-05-27,30069.75,728.99,30075.6,NEAR_FLIP,NEUTRAL,25.81,0.625,12.34,15.53,16.12,19.0,27636.5,670.0,-2433.25,-8.09201938825564,-1075914.1500000001,1156320.55,7691089.960000001,9640789.04,934668.45,2.309426,1850.6999999999998,1208,,
2026-05-27T10:16:37 ET,2026-05-27T10:15:00 ET,2026-05-27,Wed,1016ET,2026-05-28,30069.75,728.99,30075.6,NEAR_FLIP,NEUTRAL,25.81,0.625,12.34,15.53,16.12,19.0,27648.26,670.0,-2421.4900000000016,-8.05291031684667,-351014.53,405647.15,3950996.37,1684664.64,2296152.39,4.052771,822.9699999999999,594,,
2026-05-27T10:16:37 ET,2026-05-27T10:15:00 ET,2026-05-27,Wed,1016ET,2026-05-29,30069.75,728.99,30075.6,NEAR_FLIP,NEUTRAL,25.81,0.625,12.34,15.53,16.12,19.0,27648.64,670.0,-2421.1100000000006,-8.051646588348758,-4489901.76,5710508.220000001,72338178.81,11837451.04,59662170.99000001,100.54864,16216.460000000001,8758,,
2026-05-27T10:16:37 ET,2026-05-27T10:15:00 ET,2026-05-27,Wed,1016ET,2026-05-29,30069.75,728.99,30075.6,NEAR_FLIP,NEUTRAL,25.81,0.625,12.34,15.53,16.12,19.0,27689.9,671.0,-2379.8499999999985,-7.914432278286313,-307950.89,632674.71,4949114.55,1288246.84,16699870.930000002,28.959378,1769.4399999999998,943,,
2026-05-27T10:16:37 ET,2026-05-27T10:15:00 ET,2026-05-27,Wed,1016ET,2026-05-29,30069.75,728.99,30075.6,NEAR_FLIP,NEUTRAL,25.81,0.625,12.34,15.53,16.12,19.0,27731.17,672.0,-2338.5800000000017,-7.777184712210783,-1950905.04,2261999.04,31265119.2,4522860.58,13098750.77,23.405414,6230.59,3272,,
2026-05-27T10:16:37 ET,2026-05-27T10:15:00 ET,2026-05-27,Wed,1016ET,2026-05-29,30069.75,728.99,30075.6,NEAR_FLIP,NEUTRAL,25.81,0.625,12.34,15.53,16.12,19.0,27772.44,673.0,-2297.3100000000013,-7.63993714613524,-2078769.07,2435455.59,33209682.220000003,4780413.17,14712219.059999999,27.127028000000003,6607.009999999999,3414,,
2026-05-27T10:16:37 ET,2026-05-27T10:15:00 ET,2026-05-27,Wed,1016ET,2026-05-29,30069.75,728.99,30075.6,NEAR_FLIP,NEUTRAL,25.81,0.625,12.34,15.53,16.12,19.0,27813.7,674.0,-2256.0499999999993,-7.502722836072795,-468134.42000000004,922261.68,7452703.860000001,1776483.23,21132235.68,40.267033,2464.2,1251,,
2026-05-27T10:16:37 ET,2026-05-27T10:15:00 ET,2026-05-27,Wed,1016ET,2026-05-27,30069.75,728.99,30075.6,NEAR_FLIP,NEUTRAL,25.81,0.625,12.34,15.53,16.12,19.0,27842.74,675.0,-2227.0099999999984,-7.406147374022059,-6305367.76,6418305.16,47403018.839999996,48887553.970000006,-5386238.91,-12.663011000000001,8924.970000000001,7047,,
2026-05-27T10:16:37 ET,2026-05-27T10:15:00 ET,2026-05-27,Wed,1016ET,2026-05-28,30069.75,728.99,30075.6,NEAR_FLIP,NEUTRAL,25.81,0.625,12.34,15.53,16.12,19.0,27854.59,675.0,-2215.16,-7.366738998495165,-609149.51,636510.8300000001,6942858.74,2411318.91,516942.1000000001,0.9620219999999999,1163.69,884,,
2026-05-27T10:16:37 ET,2026-05-27T10:15:00 ET,2026-05-27,Wed,1016ET,2026-05-29,30069.75,728.99,30075.6,NEAR_FLIP,NEUTRAL,25.81,0.625,12.34,15.53,16.12,19.0,27854.97,675.0,-2214.779999999999,-7.365475269997253,-3400004.6700000004,9824609.55,53920172.809999995,18565045.54,292973948.19000006,577.7908590000001,25855.08,12876,,
2026-05-27T10:16:37 ET,2026-05-27T10:15:00 ET,2026-05-27,Wed,1016ET,2026-05-27,30069.75,728.99,30075.6,NEAR_FLIP,NEUTRAL,25.81,0.625,12.34,15.53,16.12,19.0,27883.99,676.0,-2185.7599999999984,-7.268966319972725,-1353629.26,1364443.8800000001,10276865.389999999,10196239.84,-1594428.71,-3.709114,1843.32,1514,,
2026-05-27T10:16:37 ET,2026-05-27T10:15:00 ET,2026-05-27,Wed,1016ET,2026-05-28,30069.75,728.99,30075.6,NEAR_FLIP,NEUTRAL,25.81,0.625,12.34,15.53,16.12,19.0,27895.85,676.0,-2173.9000000000015,-7.229524688432733,-233792.08000000002,246942.88,2669108.63,917534.41,326557.24,0.6166360000000001,442.09,338,,
2026-05-27T10:16:37 ET,2026-05-27T10:15:00 ET,2026-05-27,Wed,1016ET,2026-05-29,30069.75,728.99,30075.6,NEAR_FLIP,NEUTRAL,25.81,0.625,12.34,15.53,16.12,19.0,27896.24,676.0,-2173.5099999999984,-7.22822770392171,-1345387.81,1902209.1099999999,21246353.81,3525000.94,23009254.3,47.038456000000004,4930.71,2405,,
2026-05-27T10:16:37 ET,2026-05-27T10:15:00 ET,2026-05-27,Wed,1016ET,2026-05-27,30069.75,728.99,30075.6,NEAR_FLIP,NEUTRAL,25.81,0.625,12.34,15.53,16.12,19.0,27925.24,677.0,-2144.5099999999984,-7.131785265923389,-487749.64999999997,625068.57,3739163.8499999996,4580982.85,4715339.9799999995,10.853204000000002,820.19,701,,
2026-05-27T10:16:37 ET,2026-05-27T10:15:00 ET,2026-05-27,Wed,1016ET,2026-05-28,30069.75,728.99,30075.6,NEAR_FLIP,NEUTRAL,25.81,0.625,12.34,15.53,16.12,19.0,27937.12,677.0,-2132.630000000001,-7.092277122357189,-207146.84999999998,230905.63,2368090.74,841158.74,864656.4600000001,1.659233,404.78,311,,
2026-05-27T10:16:37 ET,2026-05-27T10:15:00 ET,2026-05-27,Wed,1016ET,2026-05-29,30069.75,728.99,30075.6,NEAR_FLIP,NEUTRAL,25.81,0.625,12.34,15.53,16.12,19.0,27937.5,677.0,-2132.25,-7.091013393859277,-1083953.21,2158052.29,17038915.35,3920340.81,44694088.05,94.862379,5509.95,2628,,
2026-05-27T10:16:37 ET,2026-05-27T10:15:00 ET,2026-05-27,Wed,1016ET,2026-05-27,30069.75,728.99,30075.6,NEAR_FLIP,NEUTRAL,25.81,0.625,12.34,15.53,16.12,19.0,27966.49,678.0,-2103.2599999999984,-6.994604211874054,-434944.16,454353.44,3366456.46,3264417.93,172438.4900000001,0.392695,578.93,515,,
2026-05-27T10:16:37 ET,2026-05-27T10:15:00 ET,2026-05-27,Wed,1016ET,2026-05-28,30069.75,728.99,30075.6,NEAR_FLIP,NEUTRAL,25.81,0.625,12.34,15.53,16.12,19.0,27978.39,678.0,-2091.3600000000006,-6.955029556281647,-260734.11,265268.61,2983697.16,947068.44,-120064.09,-0.23452100000000003,455.33,351,,
2026-05-27T10:16:37 ET,2026-05-27T10:15:00 ET,2026-05-27,Wed,1016ET,2026-05-29,30069.75,728.99,30075.6,NEAR_FLIP,NEUTRAL,25.81,0.625,12.34,15.53,16.12,19.0,27978.77,678.0,-2090.9799999999996,-6.9537658277837355,228001.72999999998,2782987.43,-3566035.280000001,4954141.140000001,124688311.67,275.20730699999996,6999.16,3259,,
2026-05-27T10:16:37 ET,2026-05-27T10:15:00 ET,2026-05-27,Wed,1016ET,2026-05-27,30069.75,728.99,30075.6,NEAR_FLIP,NEUTRAL,25.81,0.625,12.34,15.53,16.12,19.0,28007.74,679.0,-2062.0099999999984,-6.8574231578247185,-280221.21,297680.47000000003,2189482.3200000003,2095903.24,331328.9,0.7466049999999999,368.22,341,,
2026-05-27T10:16:37 ET,2026-05-27T10:15:00 ET,2026-05-27,Wed,1016ET,2026-05-28,30069.75,728.99,30075.6,NEAR_FLIP,NEUTRAL,25.81,0.625,12.34,15.53,16.12,19.0,28019.65,679.0,-2050.0999999999985,-6.817815246219203,-171076.41999999998,203442.24,1958973.7799999998,711568.39,1275982.52,2.541391,341.90999999999997,264,,
2026-05-27T10:16:37 ET,2026-05-27T10:15:00 ET,2026-05-27,Wed,1016ET,2026-05-29,30069.75,728.99,30075.6,NEAR_FLIP,NEUTRAL,25.81,0.625,12.34,15.53,16.12,19.0,28020.04,679.0,-2049.709999999999,-6.816518261708191,-2140034.83,2515385.91,33288775.869999997,4386163.53,11998319.68,27.583728999999998,6231.7,2828,,
2026-05-27T10:16:37 ET,2026-05-27T10:15:00 ET,2026-05-27,Wed,1016ET,2026-05-27,30069.75,728.99,30075.6,NEAR_FLIP,NEUTRAL,25.81,0.625,12.34,15.53,16.12,19.0,28048.99,680.0,-2020.7599999999984,-6.720242103775384,-1042762.0099999999,1669974.29,8223535.889999999,11517572.280000001,24311571.189999998,54.215847000000004,2004.83,1933,,
2026-05-27T10:16:37 ET,2026-05-27T10:15:00 ET,2026-05-27,Wed,1016ET,2026-05-28,30069.75,728.99,30075.6,NEAR_FLIP,NEUTRAL,25.81,0.625,12.34,15.53,16.12,19.0,28060.92,680.0,-2008.8300000000017,-6.680567680143672,-4930336.8,5131864.22,56471851.32,17577284.12,3047650.630000001,6.200815,8444.439999999999,6519,,
2026-05-27T10:16:37 ET,2026-05-27T10:15:00 ET,2026-05-27,Wed,1016ET,2026-05-29,30069.75,728.99,30075.6,NEAR_FLIP,NEUTRAL,25.81,0.625,12.34,15.53,16.12,19.0,28061.3,680.0,-2008.4500000000007,-6.6793039516457595,-20786894.16,32717086.62,321440705.28999996,55859709.45,424923497.17,1019.2005859999999,79847.70999999999,35256,,
2026-05-27T10:16:37 ET,2026-05-27T10:15:00 ET,2026-05-27,Wed,1016ET,2026-05-27,30069.75,728.99,30075.6,NEAR_FLIP,NEUTRAL,25.81,0.625,12.34,15.53,16.12,19.0,28090.23,681.0,-1979.5200000000004,-6.583094305739158,-652532.96,688452.2,5193177.63,4649106.33,676185.5599999999,1.492723,801.9499999999999,805,,
2026-05-27T10:16:37 ET,2026-05-27T10:15:00 ET,2026-05-27,Wed,1016ET,2026-05-28,30069.75,728.99,30075.6,NEAR_FLIP,NEUTRAL,25.81,0.625,12.34,15.53,16.12,19.0,28102.18,681.0,-1967.5699999999997,-6.543353370081227,-281203.58999999997,289260.99,3220467.21,969798.0399999999,17689.190000000002,0.03683800000000004,466.01,359,,
2026-05-27T10:16:37 ET,2026-05-27T10:15:00 ET,2026-05-27,Wed,1016ET,2026-05-29,30069.75,728.99,30075.6,NEAR_FLIP,NEUTRAL,25.81,0.625,12.34,15.53,16.12,19.0,28102.57,681.0,-1967.1800000000003,-6.542056385570216,-2318804.77,3009306.23,35629146.08,5028606.22,21982432.95,55.102043,7235.38,3103,,
2026-05-27T10:16:37 ET,2026-05-27T10:15:00 ET,2026-05-27,Wed,1016ET,2026-05-27,30069.75,728.99,30075.6,NEAR_FLIP,NEUTRAL,25.81,0.625,12.34,15.53,16.12,19.0,28131.48,682.0,-1938.2700000000004,-6.445913251689822,-1366096.98,1396586.44,10969470.49,9230276.790000001,-358901.65000000014,-0.7846179999999996,1578.13,1649,,
2026-05-27T10:16:37 ET,2026-05-27T10:15:00 ET,2026-05-27,Wed,1016ET,2026-05-28,30069.75,728.99,30075.6,NEAR_FLIP,NEUTRAL,25.81,0.625,12.34,15.53,16.12,19.0,28143.45,682.0,-1926.2999999999993,-6.4061058040056835,-230564.15000000002,237175.31,2639049.4499999997,778003.59,13014.23999999999,0.02779700000000007,374.09,287,,
2026-05-27T10:16:37 ET,2026-05-27T10:15:00 ET,2026-05-27,Wed,1016ET,2026-05-29,30069.75,728.99,30075.6,NEAR_FLIP,NEUTRAL,25.81,0.625,12.34,15.53,16.12,19.0,28143.84,682.0,-1925.9099999999999,-6.404808819494674,-7023311.8100000005,8091326.27,107176403.47999999,13227067.459999999,27786775.740000002,72.913322,19166.55,7970,,
2026-05-27T10:16:37 ET,2026-05-27T10:15:00 ET,2026-05-27,Wed,1016ET,2026-05-27,30069.75,728.99,30075.6,NEAR_FLIP,NEUTRAL,25.81,0.625,12.34,15.53,16.12,19.0,28172.73,683.0,-1897.0200000000004,-6.308732197640488,-490067.76999999996,510207.55,3969544.46,3298706.23,286458.77,0.620498,559.13,608,,
2026-05-27T10:16:37 ET,2026-05-27T10:15:00 ET,2026-05-27,Wed,1016ET,2026-05-28,30069.75,728.99,30075.6,NEAR_FLIP,NEUTRAL,25.81,0.625,12.34,15.53,16.12,19.0,28184.72,683.0,-1885.0299999999988,-6.268858237930141,-198762.18,212352.76,2272747.6900000004,681221.45,338612.97000000003,0.74338,327.92,250,,
2026-05-27T10:16:37 ET,2026-05-27T10:15:00 ET,2026-05-27,Wed,1016ET,2026-05-29,30069.75,728.99,30075.6,NEAR_FLIP,NEUTRAL,25.81,0.625,12.34,15.53,16.12,19.0,28185.1,683.0,-1884.6500000000015,-6.267594509432242,-3117083.53,3751571.85,47216903.83,5996760.5200000005,16871400.490000002,46.423281,8755.720000000001,3524,,
2026-05-27T10:16:37 ET,2026-05-27T10:15:00 ET,2026-05-27,Wed,1016ET,2026-05-27,30069.75,728.99,30075.6,NEAR_FLIP,NEUTRAL,25.81,0.625,12.34,15.53,16.12,19.0,28213.98,684.0,-1855.7700000000004,-6.171551143591152,-670603.63,683915.87,5478073.93,4323538.75,-176746.81999999995,-0.37959200000000015,726.69,822,,
2026-05-27T10:16:37 ET,2026-05-27T10:15:00 ET,2026-05-27,Wed,1016ET,2026-05-28,30069.75,728.99,30075.6,NEAR_FLIP,NEUTRAL,25.81,0.625,12.34,15.53,16.12,19.0,28225.98,684.0,-1843.7700000000004,-6.131643927867709,-407774.47000000003,413024.79,4655768.32,1295130.39,-247285.75999999998,-0.559271,624.4300000000001,472,,
2026-05-27T10:16:37 ET,2026-05-27T10:15:00 ET,2026-05-27,Wed,1016ET,2026-05-29,30069.75,728.99,30075.6,NEAR_FLIP,NEUTRAL,25.81,0.625,12.34,15.53,16.12,19.0,28226.37,684.0,-1843.380000000001,-6.1303469433567,-683246.37,1387739.37,10267938.43,2167998.04,21177177.77,61.20847199999999,3191.3,1241,,
2026-05-27T10:16:37 ET,2026-05-27T10:15:00 ET,2026-05-27,Wed,1016ET,2026-05-27,30069.75,728.99,30075.6,NEAR_FLIP,NEUTRAL,25.81,0.625,12.34,15.53,16.12,19.0,28255.23,685.0,-1814.5200000000004,-6.034370089541817,-1619047.28,1863431.78,13334760.48,11512535.07,8793964.120000001,18.741395,1919.3,2257,,
2026-05-27T10:16:37 ET,2026-05-27T10:15:00 ET,2026-05-27,Wed,1016ET,2026-05-28,30069.75,728.99,30075.6,NEAR_FLIP,NEUTRAL,25.81,0.625,12.34,15.53,16.12,19.0,28267.25,685.0,-1802.5,-5.994396361792167,-682230.46,731025.76,7773842.680000001,2239526.5700000003,1158723.2400000002,2.7061589999999995,1082.04,809,,
2026-05-27T10:16:37 ET,2026-05-27T10:15:00 ET,2026-05-27,Wed,1016ET,2026-05-29,30069.75,728.99,30075.6,NEAR_FLIP,NEUTRAL,25.81,0.625,12.34,15.53,16.12,19.0,28267.64,685.0,-1802.1100000000006,-5.9930993772811565,-8001071.459999999,32804393.019999996,119224214.16999999,50062075.83,726381933.4,2209.0808049999996,74336.55,27880,,
2026-05-27T10:16:37 ET,2026-05-27T10:15:00 ET,2026-05-27,Wed,1016ET,2026-05-27,30069.75,728.99,30075.6,NEAR_FLIP,NEUTRAL,25.81,0.625,12.34,15.53,16.12,19.0,28296.48,686.0,-1773.2700000000004,-5.897189035492482,-467467.75,536357.73,3880747.9699999997,3236710.55,2508461.39,5.310305,535.38,654,,
2026-05-27T10:16:37 ET,2026-05-27T10:15:00 ET,2026-05-27,Wed,1016ET,2026-05-28,30069.75,728.99,30075.6,NEAR_FLIP,NEUTRAL,25.81,0.625,12.34,15.53,16.12,19.0,28308.51,686.0,-1761.2400000000016,-5.857182051729734,-159024.74,162766.5,1807459.61,486904.48,-30934.089999999997,-0.074789,235.87,174,,
2026-05-27T10:16:37 ET,2026-05-27T10:15:00 ET,2026-05-27,Wed,1016ET,2026-05-29,30069.75,728.99,30075.6,NEAR_FLIP,NEUTRAL,25.81,0.625,12.34,15.53,16.12,19.0,28308.9,686.0,-1760.8499999999985,-5.855885067218711,-11501465.08,11853677.299999999,169832669.83,17661347.59,-4581776.359999999,-14.686804000000002,26470.670000000002,9558,,
2026-05-27T10:16:37 ET,2026-05-27T10:15:00 ET,2026-05-27,Wed,1016ET,2026-05-27,30069.75,728.99,30075.6,NEAR_FLIP,NEUTRAL,25.81,0.625,12.34,15.53,16.12,19.0,28337.73,687.0,-1732.0200000000004,-5.760007981443146,-2667179.6,2673704.82,22310823.95,15751255.120000001,-2365869.89,-4.981162,2585.8199999999997,3278,,
2026-05-27T10:16:37 ET,2026-05-27T10:15:00 ET,2026-05-27,Wed,1016ET,2026-05-28,30069.75,728.99,30075.6,NEAR_FLIP,NEUTRAL,25.81,0.625,12.34,15.53,16.12,19.0,28349.78,687.0,-1719.9700000000012,-5.719934485654191,-178646.33000000002,246609.61,2024178.26,719949.5700000001,2287631.36,5.740526999999999,349.89,254,,
2026-05-27T10:16:37 ET,2026-05-27T10:15:00 ET,2026-05-27,Wed,1016ET,2026-05-29,30069.75,728.99,30075.6,NEAR_FLIP,NEUTRAL,25.81,0.625,12.34,15.53,16.12,19.0,28350.17,687.0,-1719.5800000000017,-5.718637501143181,-498882.8899999999,1779479.89,7295361.4,2587108.76,33406990.27,113.062429,3916.33,1359,,
2026-05-27T10:16:37 ET,2026-05-27T10:15:00 ET,2026-05-27,Wed,1016ET,2026-05-27,30069.75,728.99,30075.6,NEAR_FLIP,NEUTRAL,25.81,0.625,12.34,15.53,16.12,19.0,28378.97,688.0,-1690.7799999999988,-5.6228601834069085,-753083.89,764457.33,6345320.7,4393964.95,-221804.76,-0.465125,716.1800000000001,941,,
2026-05-27T10:16:37 ET,2026-05-27T10:15:00 ET,2026-05-27,Wed,1016ET,2026-05-28,30069.75,728.99,30075.6,NEAR_FLIP,NEUTRAL,25.81,0.625,12.34,15.53,16.12,19.0,28391.05,688.0,-1678.7000000000007,-5.582686919578649,-307174.82,315258.36000000004,3467584.7399999998,897673.68,-38396.52000000002,-0.100275,437.94,312,,
2026-05-27T10:16:37 ET,2026-05-27T10:15:00 ET,2026-05-27,Wed,1016ET,2026-05-29,30069.75,728.99,30075.6,NEAR_FLIP,NEUTRAL,25.81,0.625,12.34,15.53,16.12,19.0,28391.44,688.0,-1678.3100000000013,-5.581389935067639,-5607174.79,6712268.7700000005,81149716.11,9516711.790000001,20737301.8,74.225973,14560.17,4847,,
2026-05-27T10:16:37 ET,2026-05-27T10:15:00 ET,2026-05-27,Wed,1016ET,2026-05-27,30069.75,728.99,30075.6,NEAR_FLIP,NEUTRAL,25.81,0.625,12.34,15.53,16.12,19.0,28420.22,689.0,-1649.5299999999988,-5.485679129357573,-873738.6900000001,949927.41,7412598.51,5323931.88,2549665.67,5.334348,861.8699999999999,1172,,
2026-05-27T10:16:37 ET,2026-05-27T10:15:00 ET,2026-05-27,Wed,1016ET,2026-05-28,30069.75,728.99,30075.6,NEAR_FLIP,NEUTRAL,25.81,0.625,12.34,15.53,16.12,19.0,28432.31,689.0,-1637.4399999999987,-5.445472609516204,-1877102.75,1883430.0699999998,21097737.48,5227512.25,-1717794.75,-4.681972,2561.8300000000004,1786,,
2026-05-27T10:16:37 ET,2026-05-27T10:15:00 ET,2026-05-27,Wed,1016ET,2026-05-29,30069.75,728.99,30075.6,NEAR_FLIP,NEUTRAL,25.81,0.625,12.34,15.53,16.12,19.0,28432.7,689.0,-1637.0499999999993,-5.444175625005194,-1154570.69,3182037.89,16525627.73,4396947.3,46423207.7,176.030642,6803.79,2169,,
2026-05-27T10:16:37 ET,2026-05-27T10:15:00 ET,2026-05-27,Wed,1016ET,2026-05-27,30069.75,728.99,30075.6,NEAR_FLIP,NEUTRAL,25.81,0.625,12.34,15.53,16.12,19.0,28461.47,690.0,-1608.2799999999988,-5.348498075308237,-4432091.989999999,4683270.87,37843496.3,25577265.580000002,7134597.699999999,14.921972,4114.35,5780,,
2026-05-27T10:16:37 ET,2026-05-27T10:15:00 ET,2026-05-27,Wed,1016ET,2026-05-28,30069.75,728.99,30075.6,NEAR_FLIP,NEUTRAL,25.81,0.625,12.34,15.53,16.12,19.0,28473.58,690.0,-1596.1699999999983,-5.308225043440661,-857646.92,1012177.9,9591014.64,2736632.2100000004,4077661.7600000002,11.632904,1348.1100000000001,917,,
2026-05-27T10:16:37 ET,2026-05-27T10:15:00 ET,2026-05-27,Wed,1016ET,2026-05-29,30069.75,728.99,30075.6,NEAR_FLIP,NEUTRAL,25.81,0.625,12.34,15.53,16.12,19.0,28473.97,690.0,-1595.7799999999988,-5.3069280589296515,-13674236.25,30343603.47,193427897.96999997,40837581.47,352881517.48999995,1419.864808,63959.0,19492,,
2026-05-27T10:16:37 ET,2026-05-27T10:15:00 ET,2026-05-27,Wed,1016ET,2026-05-27,30069.75,728.99,30075.6,NEAR_FLIP,NEUTRAL,25.81,0.625,12.34,15.53,16.12,19.0,28502.72,691.0,-1567.0299999999988,-5.211317021258902,-754198.99,828888.23,6478259.42,4408323.91,2642900.23,5.538425,704.96,1021,,
2026-05-27T10:16:37 ET,2026-05-27T10:15:00 ET,2026-05-27,Wed,1016ET,2026-05-28,30069.75,728.99,30075.6,NEAR_FLIP,NEUTRAL,25.81,0.625,12.34,15.53,16.12,19.0,28514.84,691.0,-1554.9099999999999,-5.171010733378228,-227126.2,305925.08,2525307.48,805182.6900000001,2173316.5100000002,6.5091399999999995,399.0,264,,
2026-05-27T10:16:37 ET,2026-05-27T10:15:00 ET,2026-05-27,Wed,1016ET,2026-05-29,30069.75,728.99,30075.6,NEAR_FLIP,NEUTRAL,25.81,0.625,12.34,15.53,16.12,19.0,28515.24,691.0,-1554.5099999999984,-5.169680492854109,-324289.42999999993,1836537.05,4529962.67,2405710.04,31056894.689999998,132.813456,3816.51,1110,,
2026-05-27T10:16:37 ET,2026-05-27T10:15:00 ET,2026-05-27,Wed,1016ET,2026-05-27,30069.75,728.99,30075.6,NEAR_FLIP,NEUTRAL,25.81,0.625,12.34,15.53,16.12,19.0,28543.97,692.0,-1525.7799999999988,-5.074135967209567,-1129539.6400000001,1198046.02,9755280.61,6200381.29,2071833.7100000002,4.36156,986.22,1469,,
2026-05-27T10:16:37 ET,2026-05-27T10:15:00 ET,2026-05-27,Wed,1016ET,2026-05-28,30069.75,728.99,30075.6,NEAR_FLIP,NEUTRAL,25.81,0.625,12.34,15.53,16.12,19.0,28556.11,692.0,-1513.6399999999994,-5.033763167302686,-328268.29000000004,491792.27,3626013.3800000004,1259130.4400000002,4400787.75,13.880225000000001,628.1500000000001,403,,
2026-05-27T10:16:37 ET,2026-05-27T10:15:00 ET,2026-05-27,Wed,1016ET,2026-05-29,30069.75,728.99,30075.6,NEAR_FLIP,NEUTRAL,25.81,0.625,12.34,15.53,16.12,19.0,28556.5,692.0,-1513.25,-5.032466182791676,-16404466.079999998,18570827.82,226109522.54,23659921.78,22226512.430000003,101.182294,38051.82,10544,,
2026-05-27T10:16:37 ET,2026-05-27T10:15:00 ET,2026-05-27,Wed,1016ET,2026-05-27,30069.75,728.99,30075.6,NEAR_FLIP,NEUTRAL,25.81,0.625,12.34,15.53,16.12,19.0,28585.22,693.0,-1484.5299999999988,-4.936954913160232,-1631102.03,1711629.99,14155950.08,8613910.05,2208285.4000000004,4.6839379999999995,1363.55,2083,,
2026-05-27T10:16:37 ET,2026-05-27T10:15:00 ET,2026-05-27,Wed,1016ET,2026-05-28,30069.75,728.99,30075.6,NEAR_FLIP,NEUTRAL,25.81,0.625,12.34,15.53,16.12,19.0,28597.38,693.0,-1472.369999999999,-4.896515601227144,-175330.22999999998,799299.59,1922432.9500000002,1989212.1800000002,16863393.669999998,56.189133,999.89,620,,
2026-05-27T10:16:37 ET,2026-05-27T10:15:00 ET,2026-05-27,Wed,1016ET,2026-05-29,30069.75,728.99,30075.6,NEAR_FLIP,NEUTRAL,25.81,0.625,12.34,15.53,16.12,19.0,28597.77,693.0,-1471.9799999999996,-4.895218616716133,-1239312.31,3747980.85,16840776.509999998,4640750.32,44133260.58,214.19541600000002,7572.99,1996,,
2026-05-27T10:16:37 ET,2026-05-27T10:15:00 ET,2026-05-27,Wed,1016ET,2026-05-27,30069.75,728.99,30075.6,NEAR_FLIP,NEUTRAL,25.81,0.625,12.34,15.53,16.12,19.0,28626.46,694.0,-1443.2900000000009,-4.799807115124007,-2945662.33,2977228.9299999997,25673773.91,14558226.78,-903062.2499999998,-1.93641,2294.92,3584,,
2026-05-27T10:16:37 ET,2026-05-27T10:15:00 ET,2026-05-27,Wed,1016ET,2026-05-28,30069.75,728.99,30075.6,NEAR_FLIP,NEUTRAL,25.81,0.625,12.34,15.53,16.12,19.0,28638.64,694.0,-1431.1100000000006,-4.759301291164711,-235013.48,590266.42,2555629.7399999993,1426777.7000000002,8911813.82,31.471677,723.26,432,,
2026-05-27T10:16:37 ET,2026-05-27T10:15:00 ET,2026-05-27,Wed,1016ET,2026-05-29,30069.75,728.99,30075.6,NEAR_FLIP,NEUTRAL,25.81,0.625,12.34,15.53,16.12,19.0,28639.04,694.0,-1430.7099999999991,-4.757971050640591,2004.8599999998696,3995689.96,-26834.85000000149,4804441.0600000005,67820568.08,351.44165799999996,7962.3,1993,,
2026-05-27T10:16:37 ET,2026-05-27T10:15:00 ET,2026-05-27,Wed,1016ET,2026-05-27,30069.75,728.99,30075.6,NEAR_FLIP,NEUTRAL,25.81,0.625,12.34,15.53,16.12,19.0,28667.71,695.0,-1402.0400000000009,-4.662626061074671,-4542663.51,4900074.77,39734576.01,23261918.51,11820592.65,25.720352000000002,3654.19,5813,,
2026-05-27T10:16:37 ET,2026-05-27T10:15:00 ET,2026-05-27,Wed,1016ET,2026-05-28,30069.75,728.99,30075.6,NEAR_FLIP,NEUTRAL,25.81,0.625,12.34,15.53,16.12,19.0,28679.91,695.0,-1389.8400000000001,-4.6220537250891685,-2936340.2199999997,3398367.04,31638334.73,7971667.96,8399396.25,31.541154000000006,4079.05,2339,,
2026-05-27T10:16:37 ET,2026-05-27T10:15:00 ET,2026-05-27,Wed,1016ET,2026-05-29,30069.75,728.99,30075.6,NEAR_FLIP,NEUTRAL,25.81,0.625,12.34,15.53,16.12,19.0,28680.3,695.0,-1389.4500000000007,-4.620756740578158,-34299431.53,86491329.47,451773874.32000005,100905488.64,782810623.25,4337.143972999999,170000.31,40349,,
2026-05-27T10:16:37 ET,2026-05-27T10:15:00 ET,2026-05-27,Wed,1016ET,2026-05-27,30069.75,728.99,30075.6,NEAR_FLIP,NEUTRAL,25.81,0.625,12.34,15.53,16.12,19.0,28708.96,696.0,-1360.7900000000009,-4.525445007025335,-1064286.76,1165647.4000000001,9335570.19,5367550.21,3466472.8699999996,7.686178,840.8900000000001,1357,,
2026-05-27T10:16:37 ET,2026-05-27T10:15:00 ET,2026-05-27,Wed,1016ET,2026-05-28,30069.75,728.99,30075.6,NEAR_FLIP,NEUTRAL,25.81,0.625,12.34,15.53,16.12,19.0,28721.18,696.0,-1348.5699999999997,-4.484806159013625,-12661313.020000001,12782221.74,135036705.54999998,29071527.22,-8992849.5,-36.0288,15031.27,8246,,
2026-05-27T10:16:37 ET,2026-05-27T10:15:00 ET,2026-05-27,Wed,1016ET,2026-05-29,30069.75,728.99,30075.6,NEAR_FLIP,NEUTRAL,25.81,0.625,12.34,15.53,16.12,19.0,28721.57,696.0,-1348.1800000000003,-4.483509174502616,-11442525.75,13944000.489999998,148162157.55,15769908.280000001,22926469.120000005,135.992241,27036.559999999998,6076,,
2026-05-27T10:16:37 ET,2026-05-27T10:15:00 ET,2026-05-27,Wed,1016ET,2026-05-27,30069.75,728.99,30075.6,NEAR_FLIP,NEUTRAL,25.81,0.625,12.34,15.53,16.12,19.0,28750.21,697.0,-1319.5400000000009,-4.388263952976,-5001342.51,5393570.17,43957545.95999999,24068423.2,12526363.370000001,28.435682,3763.4700000000003,6133,,
2026-05-27T10:16:37 ET,2026-05-27T10:15:00 ET,2026-05-27,Wed,1016ET,2026-05-28,30069.75,728.99,30075.6,NEAR_FLIP,NEUTRAL,25.81,0.625,12.34,15.53,16.12,19.0,28762.44,697.0,-1307.3100000000013,-4.347591848951192,-448030.73000000004,766630.3500000001,4724769.45,1688954.04,6293839.91,26.992877,883.3499999999999,462,,
2026-05-27T10:16:37 ET,2026-05-27T10:15:00 ET,2026-05-27,Wed,1016ET,2026-05-29,30069.75,728.99,30075.6,NEAR_FLIP,NEUTRAL,25.81,0.625,12.34,15.53,16.12,19.0,28762.84,697.0,-1306.9099999999999,-4.346261608427073,-3997513.3200000003,7820366.0600000005,50830187.44,8565491.39,47209680.16,300.175293,14960.2,3179,,
2026-05-27T10:16:37 ET,2026-05-27T10:15:00 ET,2026-05-27,Wed,1016ET,2026-05-27,30069.75,728.99,30075.6,NEAR_FLIP,NEUTRAL,25.81,0.625,12.34,15.53,16.12,19.0,28791.46,698.0,-1278.2900000000009,-4.251082898926665,-777425.82,896890.5599999999,6840301.23,3874752.6700000004,4211799.84,9.839404,605.29,991,,
2026-05-27T10:16:37 ET,2026-05-27T10:15:00 ET,2026-05-27,Wed,1016ET,2026-05-28,30069.75,728.99,30075.6,NEAR_FLIP,NEUTRAL,25.81,0.625,12.34,15.53,16.12,19.0,28803.71,698.0,-1266.0400000000009,-4.210344282875651,-245960.27000000002,438450.91000000003,2561763.2199999997,934726.1,3537994.67,16.297932,495.1,246,,
2026-05-27T10:16:37 ET,2026-05-27T10:15:00 ET,2026-05-27,Wed,1016ET,2026-05-29,30069.75,728.99,30075.6,NEAR_FLIP,NEUTRAL,25.81,0.625,12.34,15.53,16.12,19.0,28804.1,698.0,-1265.6500000000015,-4.2090472983646405,-1000548.0899999999,4189630.09,12479365.3,4439573.0200000005,38970730.730000004,265.9161,7908.51,1587,,
2026-05-27T10:16:37 ET,2026-05-27T10:15:00 ET,2026-05-27,Wed,1016ET,2026-05-27,30069.75,728.99,30075.6,NEAR_FLIP,NEUTRAL,25.81,0.625,12.34,15.53,16.12,19.0,28832.71,699.0,-1237.0400000000009,-4.113901844877329,-1248619.07,1379756.8499999999,10987049.72,5764786.0200000005,4210803.01,10.181225000000001,900.5699999999999,1473,,
2026-05-27T10:16:37 ET,2026-05-27T10:15:00 ET,2026-05-27,Wed,1016ET,2026-05-28,30069.75,728.99,30075.6,NEAR_FLIP,NEUTRAL,25.81,0.625,12.34,15.53,16.12,19.0,28844.97,699.0,-1224.7799999999988,-4.073129972813206,-845152.1100000001,1041073.73,8683129.74,2145401.23,2783093.59,13.816545,1152.26,542,,
2026-05-27T10:16:37 ET,2026-05-27T10:15:00 ET,2026-05-27,Wed,1016ET,2026-05-29,30069.75,728.99,30075.6,NEAR_FLIP,NEUTRAL,25.81,0.625,12.34,15.53,16.12,19.0,28845.37,699.0,-1224.380000000001,-4.071799732289097,2977824.6900000004,8496726.45,-36387421.35,8701311.29,137176372.21,1005.533333,15828.669999999998,2996,,
2026-05-27T10:16:37 ET,2026-05-27T10:15:00 ET,2026-05-27,Wed,1016ET,2026-05-27,30069.75,728.99,30075.6,NEAR_FLIP,NEUTRAL,25.81,0.625,12.34,15.53,16.12,19.0,28873.96,700.0,-1195.7900000000009,-3.9767207908279945,-12503308.139999999,13162763.26,109908924.93,53127065.14,16400585.780000001,41.298397,8308.92,13493,,
2026-05-27T10:16:37 ET,2026-05-27T10:15:00 ET,2026-05-27,Wed,1016ET,2026-05-28,30069.75,728.99,30075.6,NEAR_FLIP,NEUTRAL,25.81,0.625,12.34,15.53,16.12,19.0,28886.24,700.0,-1183.5099999999984,-3.9358824067376634,-2602361.41,3669890.3499999996,26339292.310000002,7302031.29,15466050.529999997,83.020513,3982.0099999999998,1767,,
2026-05-27T10:16:37 ET,2026-05-27T10:15:00 ET,2026-05-27,Wed,1016ET,2026-05-29,30069.75,728.99,30075.6,NEAR_FLIP,NEUTRAL,25.81,0.625,12.34,15.53,16.12,19.0,28886.64,700.0,-1183.1100000000006,-3.9345521662135554,-28252971.129999995,126304350.91,337795863.38,124857139.55,1019069373.8599999,8032.112508,232248.65000000002,41419,,
2026-05-27T10:16:37 ET,2026-05-27T10:15:00 ET,2026-05-27,Wed,1016ET,2026-05-27,30069.75,728.99,30075.6,NEAR_FLIP,NEUTRAL,25.81,0.625,12.34,15.53,16.12,19.0,28915.2,701.0,-1154.5499999999993,-3.839572992791757,-5908098.92,6284515.199999999,51818731.25,24474091.22,9601426.0,25.350796000000003,3836.73,6144,,
2026-05-27T10:16:37 ET,2026-05-27T10:15:00 ET,2026-05-27,Wed,1016ET,2026-05-28,30069.75,728.99,30075.6,NEAR_FLIP,NEUTRAL,25.81,0.625,12.34,15.53,16.12,19.0,28927.51,701.0,-1142.2400000000016,-3.798634840662132,-1074680.97,1430654.97,10700318.57,2745069.62,4494861.319999999,26.173809,1522.12,635,,
2026-05-27T10:16:37 ET,2026-05-27T10:15:00 ET,2026-05-27,Wed,1016ET,2026-05-29,30069.75,728.99,30075.6,NEAR_FLIP,NEUTRAL,25.81,0.625,12.34,15.53,16.12,19.0,28927.9,701.0,-1141.8499999999985,-3.79733785615111,4492343.66,10700900.42,-52481207.36999999,10198482.219999999,155737382.42,1320.899349,19425.35,3261,,
2026-05-27T10:16:37 ET,2026-05-27T10:15:00 ET,2026-05-27,Wed,1016ET,2026-05-27,30069.75,728.99,30075.6,NEAR_FLIP,NEUTRAL,25.81,0.625,12.34,15.53,16.12,19.0,28956.45,702.0,-1113.2999999999993,-3.702391938742421,-2572444.31,3899181.65,22482108.72,14632359.53,42465590.739999995,118.429267,2302.39,3609,,
2026-05-27T10:16:37 ET,2026-05-27T10:15:00 ET,2026-05-27,Wed,1016ET,2026-05-28,30069.75,728.99,30075.6,NEAR_FLIP,NEUTRAL,25.81,0.625,12.34,15.53,16.12,19.0,28968.77,702.0,-1100.9799999999996,-3.661420530599688,-1556861.02,2091342.44,15226040.65,3864525.4,6109834.9399999995,38.716407,2182.2,853,,
2026-05-27T10:16:37 ET,2026-05-27T10:15:00 ET,2026-05-27,Wed,1016ET,2026-05-29,30069.75,728.99,30075.6,NEAR_FLIP,NEUTRAL,25.81,0.625,12.34,15.53,16.12,19.0,28969.17,702.0,-1100.5800000000017,-3.6600902900755803,2692505.25,15688613.25,-30689438.239999995,14395863.18,170468806.27,1556.8753339999998,28120.38,4440,,
2026-05-27T10:16:37 ET,2026-05-27T10:15:00 ET,2026-05-27,Wed,1016ET,2026-05-27,30069.75,728.99,30075.6,NEAR_FLIP,NEUTRAL,25.81,0.625,12.34,15.53,16.12,19.0,28997.7,703.0,-1072.0499999999993,-3.565210884693086,-2046214.7,2471790.56,17793303.299999997,8925993.45,12073582.22,35.846494,1411.8,2149,,
2026-05-27T10:16:37 ET,2026-05-27T10:15:00 ET,2026-05-27,Wed,1016ET,2026-05-28,30069.75,728.99,30075.6,NEAR_FLIP,NEUTRAL,25.81,0.625,12.34,15.53,16.12,19.0,29010.04,703.0,-1059.7099999999991,-3.524172964524145,-1343419.5699999998,1664555.73,12884192.6,2958029.18,2920597.58,20.200826,1703.8400000000001,622,,
2026-05-27T10:16:37 ET,2026-05-27T10:15:00 ET,2026-05-27,Wed,1016ET,2026-05-29,30069.75,728.99,30075.6,NEAR_FLIP,NEUTRAL,25.81,0.625,12.34,15.53,16.12,19.0,29010.44,703.0,-1059.3100000000013,-3.5228427240000375,-3258539.95,12714396.55,36180261.08,11216556.83,74980728.97,737.745,22505.989999999998,3340,,
2026-05-27T10:16:37 ET,2026-05-27T10:15:00 ET,2026-05-27,Wed,1016ET,2026-05-27,30069.75,728.99,30075.6,NEAR_FLIP,NEUTRAL,25.81,0.625,12.34,15.53,16.12,19.0,29038.95,704.0,-1030.7999999999993,-3.4280298306437507,-3305722.6799999997,3614437.92,28555062.43,12541237.819999998,7103054.839999999,22.641151,1997.17,2927,,
2026-05-27T10:16:37 ET,2026-05-27T10:15:00 ET,2026-05-27,Wed,1016ET,2026-05-28,30069.75,728.99,30075.6,NEAR_FLIP,NEUTRAL,25.81,0.625,12.34,15.53,16.12,19.0,29051.3,704.0,-1018.4500000000007,-3.3869586544617123,-896417.4100000001,1277248.33,8415816.96,2179433.53,3626677.32,27.459159000000003,1282.85,436,,
2026-05-27T10:16:37 ET,2026-05-27T10:15:00 ET,2026-05-27,Wed,1016ET,2026-05-29,30069.75,728.99,30075.6,NEAR_FLIP,NEUTRAL,25.81,0.625,12.34,15.53,16.12,19.0,29051.7,704.0,-1018.0499999999993,-3.3856284139375927,-18194315.59,34415358.17,196455438.84,29143987.36,101799967.92999999,1079.436432,60172.97,8389,,
2026-05-27T10:16:37 ET,2026-05-27T10:15:00 ET,2026-05-27,Wed,1016ET,2026-05-27,30069.75,728.99,30075.6,NEAR_FLIP,NEUTRAL,25.81,0.625,12.34,15.53,16.12,19.0,29080.2,705.0,-989.5499999999993,-3.2908487765944154,-20291706.48,22113545.919999998,173808467.89000002,73605544.64,37668351.81,130.060343,11822.95,16532,,
2026-05-27T10:16:37 ET,2026-05-27T10:15:00 ET,2026-05-27,Wed,1016ET,2026-05-28,30069.75,728.99,30075.6,NEAR_FLIP,NEUTRAL,25.81,0.625,12.34,15.53,16.12,19.0,29092.57,705.0,-977.1800000000003,-3.2497110883861695,-778127.7600000002,5054615.0600000005,7137512.34,8267914.040000001,44074839.39,366.282133,4982.82,1572,,
2026-05-27T10:16:37 ET,2026-05-27T10:15:00 ET,2026-05-27,Wed,1016ET,2026-05-29,30069.75,728.99,30075.6,NEAR_FLIP,NEUTRAL,25.81,0.625,12.34,15.53,16.12,19.0,29092.97,705.0,-976.7799999999988,-3.24838084786205,-123807549.98000002,242445950.12,1297661065.45,196747768.16000003,677725333.1700001,7745.788954999999,418788.75,54829,,
2026-05-27T10:16:37 ET,2026-05-27T10:15:00 ET,2026-05-27,Wed,1016ET,2026-05-27,30069.75,728.99,30075.6,NEAR_FLIP,NEUTRAL,25.81,0.625,12.34,15.53,16.12,19.0,29121.45,706.0,-948.2999999999993,-3.15366772254508,-4849888.54,5382264.72,41111475.440000005,17155670.93,10423062.559999999,39.350283999999995,2785.0200000000004,3680,,
2026-05-27T10:16:37 ET,2026-05-27T10:15:00 ET,2026-05-27,Wed,1016ET,2026-05-28,30069.75,728.99,30075.6,NEAR_FLIP,NEUTRAL,25.81,0.625,12.34,15.53,16.12,19.0,29133.84,706.0,-935.9099999999999,-3.1124635223106276,-4496700.2,5190133.12,40216060.3,8123411.1,2643720.9300000006,24.174274000000004,5023.200000000001,1467,,
2026-05-27T10:16:37 ET,2026-05-27T10:15:00 ET,2026-05-27,Wed,1016ET,2026-05-29,30069.75,728.99,30075.6,NEAR_FLIP,NEUTRAL,25.81,0.625,12.34,15.53,16.12,19.0,29134.24,706.0,-935.5099999999984,-3.1111332817865076,-3660309.1799999997,14116973.7,37167174.55,10958110.4,62336661.64000001,767.904872,24095.72,2962,,
2026-05-27T10:16:37 ET,2026-05-27T10:15:00 ET,2026-05-27,Wed,1016ET,2026-05-27,30069.75,728.99,30075.6,NEAR_FLIP,NEUTRAL,25.81,0.625,12.34,15.53,16.12,19.0,29162.7,707.0,-907.0499999999993,-3.016486668495745,-7336368.869999999,8182562.41,61410686.65,24928302.14,14871027.350000001,61.989007,4098.94,5067,,
2026-05-27T10:16:37 ET,2026-05-27T10:15:00 ET,2026-05-27,Wed,1016ET,2026-05-28,30069.75,728.99,30075.6,NEAR_FLIP,NEUTRAL,25.81,0.625,12.34,15.53,16.12,19.0,29175.1,707.0,-894.6500000000015,-2.9752492122481944,-464255.97,2453924.41,4039187.7799999993,3667871.86,16452634.89,165.895822,2332.46,629,,
2026-05-27T10:16:37 ET,2026-05-27T10:15:00 ET,2026-05-27,Wed,1016ET,2026-05-29,30069.75,728.99,30075.6,NEAR_FLIP,NEUTRAL,25.81,0.625,12.34,15.53,16.12,19.0,29175.5,707.0,-894.25,-2.973918971724075,-3728632.1099999994,12336328.25,36600599.14,9141278.5,45539578.0,604.518013,20811.03,2402,,
2026-05-27T10:16:37 ET,2026-05-27T10:15:00 ET,2026-05-27,Wed,1016ET,2026-05-27,30069.75,728.99,30075.6,NEAR_FLIP,NEUTRAL,25.81,0.625,12.34,15.53,16.12,19.0,29203.94,708.0,-865.8100000000013,-2.8793388704595193,-4173023.64,5920038.28,34410877.22,17202101.79,32358133.900000002,150.433155,2871.96,3287,,
2026-05-27T10:16:37 ET,2026-05-27T10:15:00 ET,2026-05-27,Wed,1016ET,2026-05-28,30069.75,728.99,30075.6,NEAR_FLIP,NEUTRAL,25.81,0.625,12.34,15.53,16.12,19.0,29216.37,708.0,-853.380000000001,-2.838001646172652,-2534338.4400000004,4663527.54,21397599.189999998,6642319.91,13941351.010000002,155.303627,4354.7300000000005,1082,,
2026-05-27T10:16:37 ET,2026-05-27T10:15:00 ET,2026-05-27,Wed,1016ET,2026-05-29,30069.75,728.99,30075.6,NEAR_FLIP,NEUTRAL,25.81,0.625,12.34,15.53,16.12,19.0,29216.77,708.0,-852.9799999999996,-2.8366714056485325,-248941.08999999985,14466243.19,2356779.8100000024,10210517.440000001,75237310.41,1075.782962,24124.949999999997,2615,,
2026-05-27T10:16:37 ET,2026-05-27T10:15:00 ET,2026-05-27,Wed,1016ET,2026-05-27,30069.75,728.99,30075.6,NEAR_FLIP,NEUTRAL,25.81,0.625,12.34,15.53,16.12,19.0,29245.19,709.0,-824.5600000000013,-2.742157816410184,-24313490.740000002,26728402.18,196974482.12,73907384.98,30079520.980000004,157.56525299999998,12562.52,13171,,
2026-05-27T10:16:37 ET,2026-05-27T10:15:00 ET,2026-05-27,Wed,1016ET,2026-05-28,30069.75,728.99,30075.6,NEAR_FLIP,NEUTRAL,25.81,0.625,12.34,15.53,16.12,19.0,29257.63,709.0,-812.119999999999,-2.700787336110207,-2594325.1399999997,4320695.92,21199288.26,5850276.959999999,9412524.62,116.01685300000001,3965.06,906,,
2026-05-27T10:16:37 ET,2026-05-27T10:15:00 ET,2026-05-27,Wed,1016ET,2026-05-29,30069.75,728.99,30075.6,NEAR_FLIP,NEUTRAL,25.81,0.625,12.34,15.53,16.12,19.0,29258.04,709.0,-811.7099999999991,-2.69942383957299,3596771.869999999,22795435.009999998,-32757584.17,15288271.93,132137696.49000001,2033.8083129999998,37588.850000000006,3828,,
2026-05-27T10:16:37 ET,2026-05-27T10:15:00 ET,2026-05-27,Wed,1016ET,2026-05-27,30069.75,728.99,30075.6,NEAR_FLIP,NEUTRAL,25.81,0.625,12.34,15.53,16.12,19.0,29286.44,710.0,-783.3100000000013,-2.6049767623608484,-9132063.41,14223656.57,72469397.64,37332384.46,73366263.32,437.495703,6479.98,6157,,
2026-05-27T10:16:37 ET,2026-05-27T10:15:00 ET,2026-05-27,Wed,1016ET,2026-05-28,30069.75,728.99,30075.6,NEAR_FLIP,NEUTRAL,25.81,0.625,12.34,15.53,16.12,19.0,29298.9,710.0,-770.8499999999985,-2.5635397700346645,-5990545.73,10808339.11,47236470.61,13875719.31,23717146.0,323.82115,9751.380000000001,2046,,
2026-05-27T10:16:37 ET,2026-05-27T10:15:00 ET,2026-05-27,Wed,1016ET,2026-05-29,30069.75,728.99,30075.6,NEAR_FLIP,NEUTRAL,25.81,0.625,12.34,15.53,16.12,19.0,29299.3,710.0,-770.4500000000007,-2.562209529510557,-89836971.66,213253129.34,784901436.0799999,135537720.62,423981182.5,7018.4986340000005,347782.49,33297,,
2026-05-27T10:16:37 ET,2026-05-27T10:15:00 ET,2026-05-27,Wed,1016ET,2026-05-27,30069.75,728.99,30075.6,NEAR_FLIP,NEUTRAL,25.81,0.625,12.34,15.53,16.12,19.0,29327.69,711.0,-742.0600000000013,-2.467795708311513,-4832380.5,6575119.16,37439212.57,16335046.930000002,20728851.799999997,142.147412,2905.11,2475,,
2026-05-27T10:16:37 ET,2026-05-27T10:15:00 ET,2026-05-27,Wed,1016ET,2026-05-28,30069.75,728.99,30075.6,NEAR_FLIP,NEUTRAL,25.81,0.625,12.34,15.53,16.12,19.0,29340.17,711.0,-729.5800000000017,-2.426292203959134,749531.7799999998,6347597.24,-5684609.989999998,7703871.39,38523275.36,583.032463,5632.49,1084,,
2026-05-27T10:16:37 ET,2026-05-27T10:15:00 ET,2026-05-27,Wed,1016ET,2026-05-29,30069.75,728.99,30075.6,NEAR_FLIP,NEUTRAL,25.81,0.625,12.34,15.53,16.12,19.0,29340.57,711.0,-729.1800000000003,-2.4249619634350146,16850535.689999998,50358950.89,-140797111.06,30241319.900000002,289243570.30999994,5143.940918,81244.54000000001,7319,,
2026-05-27T10:16:37 ET,2026-05-27T10:15:00 ET,2026-05-27,Wed,1016ET,2026-05-27,30069.75,728.99,30075.6,NEAR_FLIP,NEUTRAL,25.81,0.625,12.34,15.53,16.12,19.0,29368.94,712.0,-700.8100000000013,-2.330614654262178,-4300583.9,6367579.02,32408513.99,14927130.84,21367233.869999997,170.156382,2730.2599999999998,2064,,
2026-05-27T10:16:37 ET,2026-05-27T10:15:00 ET,2026-05-27,Wed,1016ET,2026-05-28,30069.75,728.99,30075.6,NEAR_FLIP,NEUTRAL,25.81,0.625,12.34,15.53,16.12,19.0,29381.43,712.0,-688.3199999999997,-2.289077893896689,-3577239.39,8238687.449999999,26000978.57,9421946.27,18765403.47,314.879047,7193.09,1269,,
2026-05-27T10:16:37 ET,2026-05-27T10:15:00 ET,2026-05-27,Wed,1016ET,2026-05-29,30069.75,728.99,30075.6,NEAR_FLIP,NEUTRAL,25.81,0.625,12.34,15.53,16.12,19.0,29381.84,712.0,-687.9099999999999,-2.2877143973594722,4894265.720000001,22507716.72,-38976222.150000006,12728167.11,104973784.75999999,2002.913541,35930.36,3049,,
2026-05-27T10:16:37 ET,2026-05-27T10:15:00 ET,2026-05-27,Wed,1016ET,2026-05-27,30069.75,728.99,30075.6,NEAR_FLIP,NEUTRAL,25.81,0.625,12.34,15.53,16.12,19.0,29410.19,713.0,-659.5600000000013,-2.1934336002128427,-3919491.24,7267691.32,28609911.549999997,16019957.959999999,30285517.32,282.66413,3026.2400000000002,2010,,
2026-05-27T10:16:37 ET,2026-05-27T10:15:00 ET,2026-05-27,Wed,1016ET,2026-05-28,30069.75,728.99,30075.6,NEAR_FLIP,NEUTRAL,25.81,0.625,12.34,15.53,16.12,19.0,29422.7,713.0,-647.0499999999993,-2.1518303278211466,-2201893.0199999996,5540711.2,15276355.16,5948854.109999999,11865954.82,220.68201,4761.91,770,,
2026-05-27T10:16:37 ET,2026-05-27T10:15:00 ET,2026-05-27,Wed,1016ET,2026-05-29,30069.75,728.99,30075.6,NEAR_FLIP,NEUTRAL,25.81,0.625,12.34,15.53,16.12,19.0,29423.1,713.0,-646.6500000000015,-2.1505000872970395,5827684.5600000005,21958588.92,-44063525.01,11649761.940000001,97973422.58999999,2002.369215,34694.259999999995,2777,,
2026-05-27T10:16:37 ET,2026-05-27T10:15:00 ET,2026-05-27,Wed,1016ET,2026-05-27,30069.75,728.99,30075.6,NEAR_FLIP,NEUTRAL,25.81,0.625,12.34,15.53,16.12,19.0,29451.43,714.0,-618.3199999999997,-2.056285802176605,-10273194.63,14820066.13,72294647.24,30595537.880000003,31723740.319999997,349.93769399999996,5997.62,3468,,
2026-05-27T10:16:37 ET,2026-05-27T10:15:00 ET,2026-05-27,Wed,1016ET,2026-05-28,30069.75,728.99,30075.6,NEAR_FLIP,NEUTRAL,25.81,0.625,12.34,15.53,16.12,19.0,29463.96,714.0,-605.7900000000009,-2.014616017758714,-5147577.100000001,8430551.96,33934735.6,8462490.67,7221101.6,148.71790199999998,7135.610000000001,1058,,
2026-05-27T10:16:37 ET,2026-05-27T10:15:00 ET,2026-05-27,Wed,1016ET,2026-05-29,30069.75,728.99,30075.6,NEAR_FLIP,NEUTRAL,25.81,0.625,12.34,15.53,16.12,19.0,29464.37,714.0,-605.380000000001,-2.0132525212214967,-25041581.66,44368069.06,178997932.67000002,21989169.77,21384585.959999993,467.2882690000001,69400.23999999999,5248,,
2026-05-27T10:16:37 ET,2026-05-27T10:15:00 ET,2026-05-27,Wed,1016ET,2026-05-27,30069.75,728.99,30075.6,NEAR_FLIP,NEUTRAL,25.81,0.625,12.34,15.53,16.12,19.0,29492.68,715.0,-577.0699999999997,-1.9191047481272698,-26764239.53,35331238.07,180615954.96,68006636.86,44506366.870000005,584.445525,13908.849999999999,6945,,
2026-05-27T10:16:37 ET,2026-05-27T10:15:00 ET,2026-05-27,Wed,1016ET,2026-05-28,30069.75,728.99,30075.6,NEAR_FLIP,NEUTRAL,25.81,0.625,12.34,15.53,16.12,19.0,29505.23,715.0,-564.5200000000004,-1.8773684516831715,-5638998.040000001,21692520.560000002,35143095.830000006,20260817.259999998,45967590.55,1046.798665,18090.72,2462,,
2026-05-27T10:16:37 ET,2026-05-27T10:15:00 ET,2026-05-27,Wed,1016ET,2026-05-29,30069.75,728.99,30075.6,NEAR_FLIP,NEUTRAL,25.81,0.625,12.34,15.53,16.12,19.0,29505.64,715.0,-564.1100000000006,-1.8760049551459541,-32183196.740000002,135768351.28,216421746.65000004,62552084.82,224986950.39,5245.283845,210302.02000000002,15052,,
2026-05-27T10:16:37 ET,2026-05-27T10:15:00 ET,2026-05-27,Wed,1016ET,2026-05-27,30069.75,728.99,30075.6,NEAR_FLIP,NEUTRAL,25.81,0.625,12.34,15.53,16.12,19.0,29533.93,716.0,-535.8199999999997,-1.7819236940779346,-9185961.280000001,18250092.84,59086459.04000001,32583012.59,45454818.83,714.724201,6995.570000000001,2996,,
2026-05-27T10:16:37 ET,2026-05-27T10:15:00 ET,2026-05-27,Wed,1016ET,2026-05-28,30069.75,728.99,30075.6,NEAR_FLIP,NEUTRAL,25.81,0.625,12.34,15.53,16.12,19.0,29546.5,716.0,-523.25,-1.7401208856076287,-1536069.9500000002,5385966.79,8997247.5,4655079.26,9250919.01,232.44929599999998,4427.94,554,,
2026-05-27T10:16:37 ET,2026-05-27T10:15:00 ET,2026-05-27,Wed,1016ET,2026-05-29,30069.75,728.99,30075.6,NEAR_FLIP,NEUTRAL,25.81,0.625,12.34,15.53,16.12,19.0,29546.9,716.0,-522.8499999999985,-1.7387906450835093,2736152.9899999993,17405773.21,-17213708.9,7412926.43,51075417.739999995,1267.403129,26706.25,1813,,
2026-05-27T10:16:37 ET,2026-05-27T10:15:00 ET,2026-05-27,Wed,1016ET,2026-05-27,30069.75,728.99,30075.6,NEAR_FLIP,NEUTRAL,25.81,0.625,12.34,15.53,16.12,19.0,29575.18,717.0,-494.5699999999997,-1.6447426400285994,-27492392.67,36148761.37,167380456.57,59503089.95999999,25467021.48,481.42840599999994,13506.369999999999,4936,,
2026-05-27T10:16:37 ET,2026-05-27T10:15:00 ET,2026-05-27,Wed,1016ET,2026-05-28,30069.75,728.99,30075.6,NEAR_FLIP,NEUTRAL,25.81,0.625,12.34,15.53,16.12,19.0,29587.76,717.0,-481.9900000000016,-1.6029065755451959,2299937.89,10429950.93,-12576227.729999997,8288489.9399999995,33087812.060000002,914.818947,8457.51,975,,
2026-05-27T10:16:37 ET,2026-05-27T10:15:00 ET,2026-05-27,Wed,1016ET,2026-05-29,30069.75,728.99,30075.6,NEAR_FLIP,NEUTRAL,25.81,0.625,12.34,15.53,16.12,19.0,29588.17,717.0,-481.58000000000175,-1.601543079007979,-5105882.67,22471998.590000004,29858263.880000003,8788690.01,28531751.4,751.5690159999999,34163.3,2205,,
2026-05-27T10:16:37 ET,2026-05-27T10:15:00 ET,2026-05-27,Wed,1016ET,2026-05-27,30069.75,728.99,30075.6,NEAR_FLIP,NEUTRAL,25.81,0.625,12.34,15.53,16.12,19.0,29616.43,718.0,-453.3199999999997,-1.507561585979264,-66165338.25,76293046.03,378207534.95000005,114968415.77,3979300.960000001,90.61734799999999,27817.670000000002,8648,,
2026-05-27T10:16:37 ET,2026-05-27T10:15:00 ET,2026-05-27,Wed,1016ET,2026-05-28,30069.75,728.99,30075.6,NEAR_FLIP,NEUTRAL,25.81,0.625,12.34,15.53,16.12,19.0,29629.03,718.0,-440.72000000000116,-1.4656590094696536,-868012.5499999998,10064253.530000001,4396227.289999999,7298109.78,18384094.310000002,557.347389,8053.86,858,,
2026-05-27T10:16:37 ET,2026-05-27T10:15:00 ET,2026-05-27,Wed,1016ET,2026-05-29,30069.75,728.99,30075.6,NEAR_FLIP,NEUTRAL,25.81,0.625,12.34,15.53,16.12,19.0,29629.44,718.0,-440.3100000000013,-1.4642955129324364,-8920822.099999998,33148351.02,48125510.67000001,11812255.83,31025461.83,865.0176219999998,49946.53,3073,,
2026-05-27T10:16:37 ET,2026-05-27T10:15:00 ET,2026-05-27,Wed,1016ET,2026-05-27,30069.75,728.99,30075.6,NEAR_FLIP,NEUTRAL,25.81,0.625,12.34,15.53,16.12,19.0,29657.68,719.0,-412.0699999999997,-1.3703805319299287,-30657424.560000002,46187970.2,162968985.38,63183882.24,29800261.0,817.136663,16455.07,4348,,
2026-05-27T10:16:37 ET,2026-05-27T10:15:00 ET,2026-05-27,Wed,1016ET,2026-05-28,30069.75,728.99,30075.6,NEAR_FLIP,NEUTRAL,25.81,0.625,12.34,15.53,16.12,19.0,29670.29,719.0,-399.4599999999991,-1.3284446994072088,2177439.5,12526681.4,-10119801.769999996,8213845.54,28766272.57,952.2921819999999,9898.52,978,,
2026-05-27T10:16:37 ET,2026-05-27T10:15:00 ET,2026-05-27,Wed,1016ET,2026-05-29,30069.75,728.99,30075.6,NEAR_FLIP,NEUTRAL,25.81,0.625,12.34,15.53,16.12,19.0,29670.7,719.0,-399.0499999999993,-1.3270812028699916,-2196513.9099999964,48198116.25,10833734.469999999,15502395.850000001,71288215.6,2097.01591,71999.33,4235,,
2026-05-27T10:16:37 ET,2026-05-27T10:15:00 ET,2026-05-27,Wed,1016ET,2026-05-27,30069.75,728.99,30075.6,NEAR_FLIP,NEUTRAL,25.81,0.625,12.34,15.53,16.12,19.0,29698.93,720.0,-370.8199999999997,-1.2331994778805933,-42093388.3,91850553.14,205739156.73000002,112901336.11,94043766.9,3095.520361,32016.469999999998,7203,,
2026-05-27T10:16:37 ET,2026-05-27T10:15:00 ET,2026-05-27,Wed,1016ET,2026-05-28,30069.75,728.99,30075.6,NEAR_FLIP,NEUTRAL,25.81,0.625,12.34,15.53,16.12,19.0,29711.56,720.0,-358.1899999999987,-1.1911971333316662,-2254706.9800000004,29784400.88,9508326.770000003,17464109.93,39952777.66,1437.1811900000002,23253.78,2140,,
2026-05-27T10:16:37 ET,2026-05-27T10:15:00 ET,2026-05-27,Wed,1016ET,2026-05-29,30069.75,728.99,30075.6,NEAR_FLIP,NEUTRAL,25.81,0.625,12.34,15.53,16.12,19.0,29711.97,720.0,-357.77999999999884,-1.1898336367944489,-1818828.100000009,244010149.42000002,8113081.590000033,70025218.43,341018056.05,10547.092965,361488.2,20392,,
2026-05-27T10:16:37 ET,2026-05-27T10:15:00 ET,2026-05-27,Wed,1016ET,2026-05-27,30069.75,728.99,30075.6,NEAR_FLIP,NEUTRAL,25.81,0.625,12.34,15.53,16.12,19.0,29740.17,721.0,-329.58000000000175,-1.0960516798443678,-48188087.15,68972718.35,213587323.73000002,75219562.65,12198896.039999995,479.1234659999998,23556.809999999998,4533,,
2026-05-27T10:16:37 ET,2026-05-27T10:15:00 ET,2026-05-27,Wed,1016ET,2026-05-28,30069.75,728.99,30075.6,NEAR_FLIP,NEUTRAL,25.81,0.625,12.34,15.53,16.12,19.0,29752.83,721.0,-316.91999999999825,-1.0539495672561237,-2541571.34,17339832.84,9591406.25,8966085.64,16447630.4,639.3054239999999,13384.06,1153,,
2026-05-27T10:16:37 ET,2026-05-27T10:15:00 ET,2026-05-27,Wed,1016ET,2026-05-29,30069.75,728.99,30075.6,NEAR_FLIP,NEUTRAL,25.81,0.625,12.34,15.53,16.12,19.0,29753.24,721.0,-316.5099999999984,-1.0525860707189065,12308630.720000003,69163975.9,-48990378.870000005,17454085.869999997,120786363.94999999,3913.122951,101645.87,5518,,
2026-05-27T10:16:37 ET,2026-05-27T10:15:00 ET,2026-05-27,Wed,1016ET,2026-05-27,30069.75,728.99,30075.6,NEAR_FLIP,NEUTRAL,25.81,0.625,12.34,15.53,16.12,19.0,29781.42,722.0,-288.33000000000175,-0.9588706257950323,-17919471.44,45518336.08,70797452.76,43339243.42,29936465.84,1390.2780699999998,15255.96,2530,,
2026-05-27T10:16:37 ET,2026-05-27T10:15:00 ET,2026-05-27,Wed,1016ET,2026-05-28,30069.75,728.99,30075.6,NEAR_FLIP,NEUTRAL,25.81,0.625,12.34,15.53,16.12,19.0,29794.09,722.0,-275.65999999999985,-0.9167352571936908,-2212225.3000000007,14419833.58,7340794.0299999975,6458589.48,10735189.830000002,448.03090100000003,11010.76,893,,
2026-05-27T10:16:37 ET,2026-05-27T10:15:00 ET,2026-05-27,Wed,1016ET,2026-05-29,30069.75,728.99,30075.6,NEAR_FLIP,NEUTRAL,25.81,0.625,12.34,15.53,16.12,19.0,29794.5,722.0,-275.25,-0.9153717606564736,-5283180.859999999,30129823.54,18444920.75,6561768.3,16911919.459999997,571.629122,43940.86,2304,,
2026-05-27T10:16:37 ET,2026-05-27T10:15:00 ET,2026-05-27,Wed,1016ET,2026-05-27,30069.75,728.99,30075.6,NEAR_FLIP,NEUTRAL,25.81,0.625,12.34,15.53,16.12,19.0,29822.67,723.0,-247.08000000000175,-0.8216895717456971,-39989073.839999996,70038666.89999999,137745033.45999998,57001507.07,9913944.66,537.7548489999999,23073.27,3333,,
2026-05-27T10:16:37 ET,2026-05-27T10:15:00 ET,2026-05-27,Wed,1016ET,2026-05-28,30069.75,728.99,30075.6,NEAR_FLIP,NEUTRAL,25.81,0.625,12.34,15.53,16.12,19.0,29835.36,723.0,-234.38999999999942,-0.7794876911181483,-6077514.190000001,18817912.23,17328172.0,7128203.45,4021415.130000001,178.94502799999998,14224.18,1093,,
2026-05-27T10:16:37 ET,2026-05-27T10:15:00 ET,2026-05-27,Wed,1016ET,2026-05-29,30069.75,728.99,30075.6,NEAR_FLIP,NEUTRAL,25.81,0.625,12.34,15.53,16.12,19.0,29835.77,723.0,-233.97999999999956,-0.7781241945809312,9550825.94,42265461.56,-28597535.310000002,7745229.63,62843771.85000001,2206.760386,61187.27,3111,,
2026-05-27T10:16:37 ET,2026-05-27T10:15:00 ET,2026-05-27,Wed,1016ET,2026-05-27,30069.75,728.99,30075.6,NEAR_FLIP,NEUTRAL,25.81,0.625,12.34,15.53,16.12,19.0,29863.92,724.0,-205.83000000000175,-0.6845085176963618,3890753.8999999985,105823672.97999999,-11342469.639999986,71511589.94999999,97519471.28,6083.233844,34325.18,4379,,
2026-05-27T10:16:37 ET,2026-05-27T10:15:00 ET,2026-05-27,Wed,1016ET,2026-05-28,30069.75,728.99,30075.6,NEAR_FLIP,NEUTRAL,25.81,0.625,12.34,15.53,16.12,19.0,29876.62,724.0,-193.13000000000102,-0.6422733810557155,31604565.269999996,44938595.11,-75006481.39,13921440.49,95572095.86999999,4499.568864,33648.53,2467,,
2026-05-27T10:16:37 ET,2026-05-27T10:15:00 ET,2026-05-27,Wed,1016ET,2026-05-29,30069.75,728.99,30075.6,NEAR_FLIP,NEUTRAL,25.81,0.625,12.34,15.53,16.12,19.0,29877.03,724.0,-192.72000000000116,-0.6409098845184984,3639203.1899999995,34467047.95,-9059973.459999993,5127472.04,34278347.27,1244.897932,49548.09,2453,,
2026-05-27T10:16:37 ET,2026-05-27T10:15:00 ET,2026-05-27,Wed,1016ET,2026-05-27,30069.75,728.99,30075.6,NEAR_FLIP,NEUTRAL,25.81,0.625,12.34,15.53,16.12,19.0,29905.17,725.0,-164.58000000000175,-0.5473274636470264,-49265798.34,212775873.22,116515150.63000003,114439289.19999999,71430200.91000001,5029.733074,68074.58,7800,,
2026-05-27T10:16:37 ET,2026-05-27T10:15:00 ET,2026-05-27,Wed,1016ET,2026-05-28,30069.75,728.99,30075.6,NEAR_FLIP,NEUTRAL,25.81,0.625,12.34,15.53,16.12,19.0,29917.89,725.0,-151.86000000000058,-0.5050258149801731,-35110527.15,56058343.01,66195999.99000001,13502431.69,-35739035.870000005,-1765.470548,41608.06,2933,,
2026-05-27T10:16:37 ET,2026-05-27T10:15:00 ET,2026-05-27,Wed,1016ET,2026-05-29,30069.75,728.99,30075.6,NEAR_FLIP,NEUTRAL,25.81,0.625,12.34,15.53,16.12,19.0,29918.3,725.0,-151.45000000000073,-0.5036623184429558,5770962.829999998,159287252.31,-11412562.850000024,18209810.7,105002887.25999999,3925.4003220000004,227456.18,11013,,
2026-05-27T10:16:37 ET,2026-05-27T10:15:00 ET,2026-05-27,Wed,1016ET,2026-05-27,30069.75,728.99,30075.6,NEAR_FLIP,NEUTRAL,25.81,0.625,12.34,15.53,16.12,19.0,29946.42,726.0,-123.33000000000175,-0.4101464095976912,-81037703.16,145228966.72,145581797.46,58104859.21,-31504825.14,-2450.8045730000003,45914.75,4819,,
2026-05-27T10:16:37 ET,2026-05-27T10:15:00 ET,2026-05-27,Wed,1016ET,2026-05-28,30069.75,728.99,30075.6,NEAR_FLIP,NEUTRAL,25.81,0.625,12.34,15.53,16.12,19.0,29959.16,726.0,-110.59000000000015,-0.36777824890463057,-1590069.960000001,42295860.88,2207532.66,7276002.75,14141404.32,726.454195,31140.97,2128,,
2026-05-27T10:16:37 ET,2026-05-27T10:15:00 ET,2026-05-27,Wed,1016ET,2026-05-29,30069.75,728.99,30075.6,NEAR_FLIP,NEUTRAL,25.81,0.625,12.34,15.53,16.12,19.0,29959.57,726.0,-110.18000000000029,-0.3664147523674134,-4192590.7799999993,29199987.4,6116173.870000001,2333670.85,1983349.2800000012,75.94559300000014,41432.600000000006,1971,,
2026-05-27T10:16:37 ET,2026-05-27T10:15:00 ET,2026-05-27,Wed,1016ET,2026-05-27,30069.75,728.99,30075.6,NEAR_FLIP,NEUTRAL,25.81,0.625,12.34,15.53,16.12,19.0,29987.67,727.0,-82.08000000000175,-0.2729653555483559,-49140173.39,216385763.49,59578199.56999999,56804986.16,8750819.74000001,734.1231490000009,67732.03,6658,,
2026-05-27T10:16:37 ET,2026-05-27T10:15:00 ET,2026-05-27,Wed,1016ET,2026-05-28,30069.75,728.99,30075.6,NEAR_FLIP,NEUTRAL,25.81,0.625,12.34,15.53,16.12,19.0,30000.42,727.0,-69.33000000000175,-0.23056393884219772,-5200475.16,27271783.12,4592679.83,2816503.13,-2219583.210000001,-117.45464400000014,19932.31,1332,,
2026-05-27T10:16:37 ET,2026-05-27T10:15:00 ET,2026-05-27,Wed,1016ET,2026-05-29,30069.75,728.99,30075.6,NEAR_FLIP,NEUTRAL,25.81,0.625,12.34,15.53,16.12,19.0,30000.83,727.0,-68.91999999999825,-0.22920044230496844,-33650283.47,66862766.03,31418939.650000006,3046501.19,-62582739.129999995,-2441.9713100000004,94305.66,4429,,
2026-05-27T10:16:37 ET,2026-05-27T10:15:00 ET,2026-05-27,Wed,1016ET,2026-05-27,30069.75,728.99,30075.6,NEAR_FLIP,NEUTRAL,25.81,0.625,12.34,15.53,16.12,19.0,30028.91,728.0,-40.840000000000146,-0.13581755751211816,-13211745.559999987,216269788.42000002,8138714.799999997,27059031.880000003,17940860.799999997,1580.9851839999992,67155.2,6335,,
2026-05-27T10:16:37 ET,2026-05-27T10:15:00 ET,2026-05-27,Wed,1016ET,2026-05-28,30069.75,728.99,30075.6,NEAR_FLIP,NEUTRAL,25.81,0.625,12.34,15.53,16.12,19.0,30041.69,728.0,-28.06000000000131,-0.09331637276665522,-417637.62000000104,65443815.019999996,154854.30000000075,2265066.55,6979668.430000007,376.69847200000004,47516.149999999994,3134,,
2026-05-27T10:16:37 ET,2026-05-27T10:15:00 ET,2026-05-27,Wed,1016ET,2026-05-29,30069.75,728.99,30075.6,NEAR_FLIP,NEUTRAL,25.81,0.625,12.34,15.53,16.12,19.0,30042.1,728.0,-27.650000000001455,-0.09195287622943807,-78176510.55,130018753.21,31484707.86,1462736.72,-168036235.91000003,-6645.851834000001,182350.4,8497,,
2026-05-27T10:16:37 ET,2026-05-27T10:15:00 ET,2026-05-27,Wed,1016ET,2026-05-27,30069.75,728.99,30075.6,NEAR_FLIP,NEUTRAL,25.81,0.625,12.34,15.53,16.12,19.0,30070.16,729.0,0.4099999999998545,0.0013634965372171517,-29850058.74000001,187120812.16,319446.10999999987,-2265897.06,-29448167.769999996,-2650.7269370000004,57755.509999999995,5366,,
2026-05-27T10:16:37 ET,2026-05-27T10:15:00 ET,2026-05-27,Wed,1016ET,2026-05-28,30069.75,728.99,30075.6,NEAR_FLIP,NEUTRAL,25.81,0.625,12.34,15.53,16.12,19.0,30082.96,729.0,13.209999999999127,0.04393119330888726,40828193.83,70211003.43,6027230.57,-2384872.73,69177024.58999999,3768.615905,50679.229999999996,3331,,
2026-05-27T10:16:37 ET,2026-05-27T10:15:00 ET,2026-05-27,Wed,1016ET,2026-05-29,30069.75,728.99,30075.6,NEAR_FLIP,NEUTRAL,25.81,0.625,12.34,15.53,16.12,19.0,30083.37,729.0,13.619999999998981,0.045294689846104415,-1789221.3099999987,49882255.989999995,-238908.7799999998,-1148273.23,-4150304.5700000003,-165.46013300000004,69590.41,3234,,
2026-05-27T10:16:37 ET,2026-05-27T10:15:00 ET,2026-05-27,Wed,1016ET,2026-05-27,30069.75,728.99,30075.6,NEAR_FLIP,NEUTRAL,25.81,0.625,12.34,15.53,16.12,19.0,30111.41,730.0,41.659999999999854,0.13854455058655246,-118302240.19999999,597947064.3399999,-70975438.66999999,-89190907.22,-201608881.66000003,-18006.894320000003,183824.39,17281,,
2026-05-27T10:16:37 ET,2026-05-27T10:15:00 ET,2026-05-27,Wed,1016ET,2026-05-28,30069.75,728.99,30075.6,NEAR_FLIP,NEUTRAL,25.81,0.625,12.34,15.53,16.12,19.0,30124.22,730.0,54.470000000001164,0.1811455033713322,-11051196.379999995,169262228.84,-7415151.880000003,-17342434.75,-45827448.620000005,-2493.245957,121552.85,8041,,
2026-05-27T10:16:37 ET,2026-05-27T10:15:00 ET,2026-05-27,Wed,1016ET,2026-05-29,30069.75,728.99,30075.6,NEAR_FLIP,NEUTRAL,25.81,0.625,12.34,15.53,16.12,19.0,30124.63,730.0,54.88000000000102,0.18250899990854935,182984365.87,322278818.09,123434494.84,-18449231.310000002,387407164.13,15480.465209000002,447398.81,20846,,
2026-05-27T10:16:37 ET,2026-05-27T10:15:00 ET,2026-05-27,Wed,1016ET,2026-05-27,30069.75,728.99,30075.6,NEAR_FLIP,NEUTRAL,25.81,0.625,12.34,15.53,16.12,19.0,30152.66,731.0,82.90999999999985,0.27572560463588774,55808234.59,152355813.65,67651945.99000001,-43580021.339999996,19297778.85,1660.6780410000001,46747.340000000004,4570,,
2026-05-27T10:16:37 ET,2026-05-27T10:15:00 ET,2026-05-27,Wed,1016ET,2026-05-28,30069.75,728.99,30075.6,NEAR_FLIP,NEUTRAL,25.81,0.625,12.34,15.53,16.12,19.0,30165.49,731.0,95.7400000000016,0.3183930694468747,2474401.67,13619605.81,2964635.67,-2327107.41,268692.2199999988,14.440019000000007,9738.26,655,,
2026-05-27T10:16:37 ET,2026-05-27T10:15:00 ET,2026-05-27,Wed,1016ET,2026-05-29,30069.75,728.99,30075.6,NEAR_FLIP,NEUTRAL,25.81,0.625,12.34,15.53,16.12,19.0,30165.9,731.0,96.15000000000146,0.31975656598409186,43506716.14,61377746.84,53069866.79,-5611729.8,86025702.07,3425.525215,84818.90000000001,3984,,
2026-05-27T10:16:37 ET,2026-05-27T10:15:00 ET,2026-05-27,Wed,1016ET,2026-05-27,30069.75,728.99,30075.6,NEAR_FLIP,NEUTRAL,25.81,0.625,12.34,15.53,16.12,19.0,30193.91,732.0,124.15999999999985,0.4129066586852231,101646110.85,193433360.10999998,185235505.97000003,-81773420.73,34759271.47,2799.2754749999995,59357.61,6200,,
2026-05-27T10:16:37 ET,2026-05-27T10:15:00 ET,2026-05-27,Wed,1016ET,2026-05-28,30069.75,728.99,30075.6,NEAR_FLIP,NEUTRAL,25.81,0.625,12.34,15.53,16.12,19.0,30206.75,732.0,137.0,0.4556073795093075,1807903.6899999995,21877665.950000003,3123782.6999999993,-5232787.26,-6503340.92,-341.43753000000004,15587.09,1077,,
2026-05-27T10:16:37 ET,2026-05-27T10:15:00 ET,2026-05-27,Wed,1016ET,2026-05-29,30069.75,728.99,30075.6,NEAR_FLIP,NEUTRAL,25.81,0.625,12.34,15.53,16.12,19.0,30207.17,732.0,137.41999999999825,0.4570041320596222,27700171.77,36918300.55,48992859.9,-4635807.47,50756651.2,2002.1938569999998,50804.53,2419,,
2026-05-27T10:16:37 ET,2026-05-27T10:15:00 ET,2026-05-27,Wed,1016ET,2026-05-27,30069.75,728.99,30075.6,NEAR_FLIP,NEUTRAL,25.81,0.625,12.34,15.53,16.12,19.0,30235.16,733.0,165.40999999999985,0.5500877127345584,72553733.84,111044681.84,176061358.95000002,-62105163.37,24353249.990000002,1784.3955529999998,34148.85,3912,,
2026-05-27T10:16:37 ET,2026-05-27T10:15:00 ET,2026-05-27,Wed,1016ET,2026-05-28,30069.75,728.99,30075.6,NEAR_FLIP,NEUTRAL,25.81,0.625,12.34,15.53,16.12,19.0,30248.02,733.0,178.27000000000044,0.5928549455848501,3846525.53,10558320.07,8689058.9,-3245812.46,789205.1399999997,40.03058200000004,7501.41,538,,
2026-05-27T10:16:37 ET,2026-05-27T10:15:00 ET,2026-05-27,Wed,1016ET,2026-05-29,30069.75,728.99,30075.6,NEAR_FLIP,NEUTRAL,25.81,0.625,12.34,15.53,16.12,19.0,30248.43,733.0,178.6800000000003,0.5942184421220672,9933798.270000001,16876937.150000002,23052333.35,-2694676.04,14590817.069999998,566.7621260000001,23136.370000000003,1123,,
2026-05-27T10:16:37 ET,2026-05-27T10:15:00 ET,2026-05-27,Wed,1016ET,2026-05-27,30069.75,728.99,30075.6,NEAR_FLIP,NEUTRAL,25.81,0.625,12.34,15.53,16.12,19.0,30276.41,734.0,206.65999999999985,0.6872687667838937,58721859.970000006,90962298.71000001,177424491.11,-63277232.46,8523418.849999994,553.3017400000003,28089.86,3617,,
2026-05-27T10:16:37 ET,2026-05-27T10:15:00 ET,2026-05-27,Wed,1016ET,2026-05-28,30069.75,728.99,30075.6,NEAR_FLIP,NEUTRAL,25.81,0.625,12.34,15.53,16.12,19.0,30289.29,734.0,219.54000000000087,0.7301025116603925,6900359.16,13388196.84,19253052.87,-5028141.73,3090712.210000001,149.78623200000004,9492.76,714,,
2026-05-27T10:16:37 ET,2026-05-27T10:15:00 ET,2026-05-27,Wed,1016ET,2026-05-29,30069.75,728.99,30075.6,NEAR_FLIP,NEUTRAL,25.81,0.625,12.34,15.53,16.12,19.0,30289.7,734.0,219.95000000000073,0.7314660081976097,9884570.889999999,11943856.49,28417513.779999997,-2313762.77,15946469.62,606.2621119999999,16317.36,812,,
2026-05-27T10:16:37 ET,2026-05-27T10:15:00 ET,2026-05-27,Wed,1016ET,2026-05-27,30069.75,728.99,30075.6,NEAR_FLIP,NEUTRAL,25.81,0.625,12.34,15.53,16.12,19.0,30317.65,735.0,247.90000000000146,0.8244165648201314,83515849.63,108738027.59,300935665.70000005,-90451832.22,18684958.58,1048.7018240000002,33786.39,5001,,
2026-05-27T10:16:37 ET,2026-05-27T10:15:00 ET,2026-05-27,Wed,1016ET,2026-05-28,30069.75,728.99,30075.6,NEAR_FLIP,NEUTRAL,25.81,0.625,12.34,15.53,16.12,19.0,30330.55,735.0,260.7999999999993,0.8673168217228253,83748022.27,89524970.07000001,278064452.91,-39715732.8,86547142.93,3963.903099,63398.04,5052,,
2026-05-27T10:16:37 ET,2026-05-27T10:15:00 ET,2026-05-27,Wed,1016ET,2026-05-29,30069.75,728.99,30075.6,NEAR_FLIP,NEUTRAL,25.81,0.625,12.34,15.53,16.12,19.0,30330.97,735.0,261.22000000000116,0.8687135742731521,86327061.12,112627266.38,296195681.32,-25648678.279999997,121222964.37,4483.383221,153396.91,7871,,
2026-05-27T10:16:37 ET,2026-05-27T10:15:00 ET,2026-05-27,Wed,1016ET,2026-05-27,30069.75,728.99,30075.6,NEAR_FLIP,NEUTRAL,25.81,0.625,12.34,15.53,16.12,19.0,30358.9,736.0,289.15000000000146,0.9615976188694667,51118516.13,56342574.63,213119975.15,-54531274.550000004,19075427.73,905.731066,17648.67,3063,,
2026-05-27T10:16:37 ET,2026-05-27T10:15:00 ET,2026-05-27,Wed,1016ET,2026-05-28,30069.75,728.99,30075.6,NEAR_FLIP,NEUTRAL,25.81,0.625,12.34,15.53,16.12,19.0,30371.82,736.0,302.0699999999997,1.0045643877983679,10603940.100000001,13718847.5,40803901.39,-7018620.11,7344715.659999999,314.522508,9710.68,828,,
2026-05-27T10:16:37 ET,2026-05-27T10:15:00 ET,2026-05-27,Wed,1016ET,2026-05-29,30069.75,728.99,30075.6,NEAR_FLIP,NEUTRAL,25.81,0.625,12.34,15.53,16.12,19.0,30372.23,736.0,302.47999999999956,1.005927884335585,7803030.07,11178809.05,31121770.909999996,-2925476.7700000005,8854018.15,316.61531399999996,15184.52,808,,
2026-05-27T10:16:37 ET,2026-05-27T10:15:00 ET,2026-05-27,Wed,1016ET,2026-05-27,30069.75,728.99,30075.6,NEAR_FLIP,NEUTRAL,25.81,0.625,12.34,15.53,16.12,19.0,30400.15,737.0,330.40000000000146,1.098778672918802,35265926.53,36640518.730000004,166311981.92000002,-40440197.6,14701721.200000001,579.608619,11592.33,2399,,
2026-05-27T10:16:37 ET,2026-05-27T10:15:00 ET,2026-05-27,Wed,1016ET,2026-05-28,30069.75,728.99,30075.6,NEAR_FLIP,NEUTRAL,25.81,0.625,12.34,15.53,16.12,19.0,30413.08,737.0,343.33000000000175,1.1417786978608129,21770906.75,23794681.189999998,95185827.18,-13788917.81,18442627.68,730.803171,16848.09,1552,,
2026-05-27T10:16:37 ET,2026-05-27T10:15:00 ET,2026-05-27,Wed,1016ET,2026-05-29,30069.75,728.99,30075.6,NEAR_FLIP,NEUTRAL,25.81,0.625,12.34,15.53,16.12,19.0,30413.5,737.0,343.75,1.1431754504111273,9227119.7,11061907.2,41949298.64,-3270158.5,11682521.02,401.467679,14991.11,832,,
2026-05-27T10:16:37 ET,2026-05-27T10:15:00 ET,2026-05-27,Wed,1016ET,2026-05-27,30069.75,728.99,30075.6,NEAR_FLIP,NEUTRAL,25.81,0.625,12.34,15.53,16.12,19.0,30441.4,738.0,371.65000000000146,1.2359597269681373,33305279.509999998,33954651.29,174559495.5,-42082785.269999996,13891835.48,447.800925,10870.08,2719,,
2026-05-27T10:16:37 ET,2026-05-27T10:15:00 ET,2026-05-27,Wed,1016ET,2026-05-28,30069.75,728.99,30075.6,NEAR_FLIP,NEUTRAL,25.81,0.625,12.34,15.53,16.12,19.0,30454.35,738.0,384.59999999999854,1.2790262639363432,4354410.28,6320918.14,21299761.6,-4091545.73,753320.2199999997,27.348703,4480.5,450,,
2026-05-27T10:16:37 ET,2026-05-27T10:15:00 ET,2026-05-27,Wed,1016ET,2026-05-29,30069.75,728.99,30075.6,NEAR_FLIP,NEUTRAL,25.81,0.625,12.34,15.53,16.12,19.0,30454.77,738.0,385.02000000000044,1.28042301648667,26326825.580000002,27012618.44,134374757.69,-8900809.1,36939186.44,1212.533795,36537.14,2127,,
2026-05-27T10:16:37 ET,2026-05-27T10:15:00 ET,2026-05-27,Wed,1016ET,2026-05-27,30069.75,728.99,30075.6,NEAR_FLIP,NEUTRAL,25.81,0.625,12.34,15.53,16.12,19.0,30482.65,739.0,412.90000000000146,1.3731407810174725,37926617.62,38673244.300000004,217801874.67,-53171628.41,14469322.299999999,376.838499,12549.56,3833,,
2026-05-27T10:16:37 ET,2026-05-27T10:15:00 ET,2026-05-27,Wed,1016ET,2026-05-28,30069.75,728.99,30075.6,NEAR_FLIP,NEUTRAL,25.81,0.625,12.34,15.53,16.12,19.0,30495.62,739.0,425.869999999999,1.4162738300118856,7903842.04,7903842.04,42719994.54,-5651439.66,6961488.58,229.3708,5612.97,620,,
2026-05-27T10:16:37 ET,2026-05-27T10:15:00 ET,2026-05-27,Wed,1016ET,2026-05-29,30069.75,728.99,30075.6,NEAR_FLIP,NEUTRAL,25.81,0.625,12.34,15.53,16.12,19.0,30496.03,739.0,426.27999999999884,1.4176373265491027,11214353.29,11286703.95,63486341.2,-4100969.2399999998,15309391.33,477.151772,15242.82,936,,
2026-05-27T10:16:37 ET,2026-05-27T10:15:00 ET,2026-05-27,Wed,1016ET,2026-05-27,30069.75,728.99,30075.6,NEAR_FLIP,NEUTRAL,25.81,0.625,12.34,15.53,16.12,19.0,30523.9,740.0,454.15000000000146,1.5103218350668077,39107812.26,40999343.48,243200091.4,-61918837.830000006,8971218.239999998,187.19074300000003,13508.400000000001,5072,,
2026-05-27T10:16:37 ET,2026-05-27T10:15:00 ET,2026-05-27,Wed,1016ET,2026-05-28,30069.75,728.99,30075.6,NEAR_FLIP,NEUTRAL,25.81,0.625,12.34,15.53,16.12,19.0,30536.88,740.0,467.130000000001,1.5534881400743306,16238373.25,16536535.469999999,95990094.10000001,-12942515.379999999,12950471.61,383.843598,11774.4,1442,,
2026-05-27T10:16:37 ET,2026-05-27T10:15:00 ET,2026-05-27,Wed,1016ET,2026-05-29,30069.75,728.99,30075.6,NEAR_FLIP,NEUTRAL,25.81,0.625,12.34,15.53,16.12,19.0,30537.3,740.0,467.5499999999993,1.5548848926246452,166179262.45,169844311.93,1033114909.78,-67452336.36,211869370.62,6233.033758,229110.94,14922,,
2026-05-27T10:16:37 ET,2026-05-27T10:15:00 ET,2026-05-27,Wed,1016ET,2026-05-27,30069.75,728.99,30075.6,NEAR_FLIP,NEUTRAL,25.81,0.625,12.34,15.53,16.12,19.0,30565.14,741.0,495.3899999999994,1.6474696331030336,21342622.85,21561719.83,142307555.89,-35478064.75,7670689.6,127.59309099999999,7224.5,3346,,
2026-05-27T10:16:37 ET,2026-05-27T10:15:00 ET,2026-05-27,Wed,1016ET,2026-05-28,30069.75,728.99,30075.6,NEAR_FLIP,NEUTRAL,25.81,0.625,12.34,15.53,16.12,19.0,30578.15,741.0,508.40000000000146,1.6907357061498731,7796594.76,7837521.76,49972251.51,-6663579.72,6159899.399999999,162.89699000000002,5599.37,766,,
2026-05-27T10:16:37 ET,2026-05-27T10:15:00 ET,2026-05-27,Wed,1016ET,2026-05-29,30069.75,728.99,30075.6,NEAR_FLIP,NEUTRAL,25.81,0.625,12.34,15.53,16.12,19.0,30578.57,741.0,508.8199999999997,1.692132458700188,8214399.920000001,8278491.46,55616175.23,-3567174.61,10229138.639999999,282.420292,11158.57,775,,
2026-05-27T10:16:37 ET,2026-05-27T10:15:00 ET,2026-05-27,Wed,1016ET,2026-05-27,30069.75,728.99,30075.6,NEAR_FLIP,NEUTRAL,25.81,0.625,12.34,15.53,16.12,19.0,30606.39,742.0,536.6399999999994,1.7846506871523689,8641098.979999999,8907767.92,61255584.81,-15859689.01,1690602.8100000003,22.379272,3039.76,1737,,
2026-05-27T10:16:37 ET,2026-05-27T10:15:00 ET,2026-05-27,Wed,1016ET,2026-05-28,30069.75,728.99,30075.6,NEAR_FLIP,NEUTRAL,25.81,0.625,12.34,15.53,16.12,19.0,30619.41,742.0,549.6599999999999,1.827950016212306,4059258.94,4059258.94,28002782.07,-3725119.26,3136326.79,73.44792,2912.03,448,,
2026-05-27T10:16:37 ET,2026-05-27T10:15:00 ET,2026-05-27,Wed,1016ET,2026-05-29,30069.75,728.99,30075.6,NEAR_FLIP,NEUTRAL,25.81,0.625,12.34,15.53,16.12,19.0,30619.83,742.0,550.0800000000017,1.8293467687626328,11284374.61,11443871.07,82620126.57000001,-5316924.08,13286431.76,342.33142,15419.12,1148,,
2026-05-27T10:16:37 ET,2026-05-27T10:15:00 ET,2026-05-27,Wed,1016ET,2026-05-27,30069.75,728.99,30075.6,NEAR_FLIP,NEUTRAL,25.81,0.625,12.34,15.53,16.12,19.0,30647.64,743.0,577.8899999999994,1.921831741201704,7437321.91,7486359.1899999995,55641354.63,-14338507.78,2515756.0700000003,26.536828,2605.52,1832,,
2026-05-27T10:16:37 ET,2026-05-27T10:15:00 ET,2026-05-27,Wed,1016ET,2026-05-28,30069.75,728.99,30075.6,NEAR_FLIP,NEUTRAL,25.81,0.625,12.34,15.53,16.12,19.0,30660.68,743.0,590.9300000000003,1.9651975822878482,1928778.13,1928778.13,14229266.69,-1899982.23,1435539.57,29.571376,1390.39,242,,
2026-05-27T10:16:37 ET,2026-05-27T10:15:00 ET,2026-05-27,Wed,1016ET,2026-05-29,30069.75,728.99,30075.6,NEAR_FLIP,NEUTRAL,25.81,0.625,12.34,15.53,16.12,19.0,30661.1,743.0,591.3499999999985,1.9665943348381631,6855839.12,6929856.28,53951723.14,-3453000.51,7787832.07,186.237151,9336.95,749,,
2026-05-27T10:16:37 ET,2026-05-27T10:15:00 ET,2026-05-27,Wed,1016ET,2026-05-27,30069.75,728.99,30075.6,NEAR_FLIP,NEUTRAL,25.81,0.625,12.34,15.53,16.12,19.0,30688.89,744.0,619.1399999999994,2.0590127952510393,6463603.680000001,6489758.88,50706849.9,-13303831.8,2230520.8400000003,18.823901,2306.62,1985,,
2026-05-27T10:16:37 ET,2026-05-27T10:15:00 ET,2026-05-27,Wed,1016ET,2026-05-28,30069.75,728.99,30075.6,NEAR_FLIP,NEUTRAL,25.81,0.625,12.34,15.53,16.12,19.0,30701.95,744.0,632.2000000000007,2.1024451483633912,9241365.54,9241365.54,72499971.95,-9725363.17,6645376.98,119.70208,6698.96,1326,,
2026-05-27T10:16:37 ET,2026-05-27T10:15:00 ET,2026-05-27,Wed,1016ET,2026-05-29,30069.75,728.99,30075.6,NEAR_FLIP,NEUTRAL,25.81,0.625,12.34,15.53,16.12,19.0,30702.37,744.0,632.619999999999,2.1038419009137055,9362199.67,9481789.81,78767997.8,-5043426.52,10142324.69,223.929952,12779.98,1110,,
2026-05-27T10:16:37 ET,2026-05-27T10:15:00 ET,2026-05-27,Wed,1016ET,2026-05-27,30069.75,728.99,30075.6,NEAR_FLIP,NEUTRAL,25.81,0.625,12.34,15.53,16.12,19.0,30730.14,745.0,660.3899999999994,2.1961938493003745,15716165.63,15737225.81,128553883.71,-34377986.25,5763978.58,39.167866000000004,5719.04,5978,,
2026-05-27T10:16:37 ET,2026-05-27T10:15:00 ET,2026-05-27,Wed,1016ET,2026-05-28,30069.75,728.99,30075.6,NEAR_FLIP,NEUTRAL,25.81,0.625,12.34,15.53,16.12,19.0,30743.21,745.0,673.4599999999991,2.2396594584258236,5317477.430000001,5341730.47,44140944.76,-5980561.84,3576174.37,56.042074,3896.5,881,,
2026-05-27T10:16:37 ET,2026-05-27T10:15:00 ET,2026-05-27,Wed,1016ET,2026-05-29,30069.75,728.99,30075.6,NEAR_FLIP,NEUTRAL,25.81,0.625,12.34,15.53,16.12,19.0,30743.63,745.0,673.880000000001,2.2410562109761503,35271904.07,35758413.089999996,315785649.3,-20221109.18,36517900.81,740.648836,48232.66,4557,,
2026-05-27T10:16:37 ET,2026-05-27T10:15:00 ET,2026-05-27,Wed,1016ET,2026-05-27,30069.75,728.99,30075.6,NEAR_FLIP,NEUTRAL,25.81,0.625,12.34,15.53,16.12,19.0,30771.39,746.0,701.6399999999994,2.3333749033497098,1430083.72,1430083.72,12135552.64,-3316177.53,547368.55,3.020303,531.97,669,,
2026-05-27T10:16:37 ET,2026-05-27T10:15:00 ET,2026-05-27,Wed,1016ET,2026-05-28,30069.75,728.99,30075.6,NEAR_FLIP,NEUTRAL,25.81,0.625,12.34,15.53,16.12,19.0,30784.48,746.0,714.7299999999996,2.3769070245013664,1801643.2899999998,1812148.49,15754375.64,-2150530.32,1153964.68,15.665947,1331.08,345,,
2026-05-27T10:16:37 ET,2026-05-27T10:15:00 ET,2026-05-27,Wed,1016ET,2026-05-29,30069.75,728.99,30075.6,NEAR_FLIP,NEUTRAL,25.81,0.625,12.34,15.53,16.12,19.0,30784.9,746.0,715.1500000000015,2.378303777051693,2912502.15,2912502.15,27631882.7,-1744694.22,3053603.35,56.618737,3932.92,406,,
2026-05-27T10:16:37 ET,2026-05-27T10:15:00 ET,2026-05-27,Wed,1016ET,2026-05-27,30069.75,728.99,30075.6,NEAR_FLIP,NEUTRAL,25.81,0.625,12.34,15.53,16.12,19.0,30812.64,747.0,742.8899999999994,2.4705559573990454,2416152.47,2440699.73,21175352.459999997,-5987231.92,422886.62000000005,1.913967,930.29,1392,,
2026-05-27T10:16:37 ET,2026-05-27T10:15:00 ET,2026-05-27,Wed,1016ET,2026-05-28,30069.75,728.99,30075.6,NEAR_FLIP,NEUTRAL,25.81,0.625,12.34,15.53,16.12,19.0,30825.74,747.0,755.9900000000016,2.514121334563811,2181291.61,2190361.43,20012296.8,-2746241.11,1371837.06,16.079059,1621.1899999999998,483,,
2026-05-27T10:16:37 ET,2026-05-27T10:15:00 ET,2026-05-27,Wed,1016ET,2026-05-29,30069.75,728.99,30075.6,NEAR_FLIP,NEUTRAL,25.81,0.625,12.34,15.53,16.12,19.0,30826.17,747.0,756.4199999999983,2.5155513431272234,11313561.629999999,11326618.25,113318434.05,-7164519.29,11427253.620000001,192.819069,15317.83,1735,,
2026-05-27T10:16:37 ET,2026-05-27T10:15:00 ET,2026-05-27,Wed,1016ET,2026-05-29,30069.75,728.99,30075.6,NEAR_FLIP,NEUTRAL,25.81,0.625,12.34,15.53,16.12,19.0,30867.43,748.0,797.6800000000003,2.652765653189668,4998681.16,4998681.16,52680198.23,-3329114.79,4922688.94,75.267667,6772.68,845,,
2026-05-27T10:16:37 ET,2026-05-27T10:15:00 ET,2026-05-27,Wed,1016ET,2026-05-29,30069.75,728.99,30075.6,NEAR_FLIP,NEUTRAL,25.81,0.625,12.34,15.53,16.12,19.0,30908.7,749.0,838.9500000000007,2.7900132192652105,13731862.77,13742540.73,151802821.45,-9611772.879999999,13074347.34,180.42048200000002,18661.17,2574,,
2026-05-27T10:16:37 ET,2026-05-27T10:15:00 ET,2026-05-27,Wed,1016ET,2026-05-27,30069.75,728.99,30075.6,NEAR_FLIP,NEUTRAL,25.81,0.625,12.34,15.53,16.12,19.0,30936.38,750.0,866.630000000001,2.8820658635339536,3534411.78,3534411.78,33361643.46,-10089971.84,1377056.41,3.695092,1456.87,3400,,
2026-05-27T10:16:37 ET,2026-05-27T10:15:00 ET,2026-05-27,Wed,1016ET,2026-05-28,30069.75,728.99,30075.6,NEAR_FLIP,NEUTRAL,25.81,0.625,12.34,15.53,16.12,19.0,30949.54,750.0,879.7900000000009,2.925830776777329,6283626.21,6289393.649999999,65221803.989999995,-9147667.45,3821583.19,28.48301,4780.87,2181,,
2026-05-27T10:16:37 ET,2026-05-27T10:15:00 ET,2026-05-27,Wed,1016ET,2026-05-29,30069.75,728.99,30075.6,NEAR_FLIP,NEUTRAL,25.81,0.625,12.34,15.53,16.12,19.0,30949.97,750.0,880.2200000000012,2.9272607853407533,59183808.18,59913524.18,684375301.2,-43904322.77,50228412.91,623.25686,81568.20999999999,12480,,
2026-05-27T10:16:37 ET,2026-05-27T10:15:00 ET,2026-05-27,Wed,1016ET,2026-05-27,30069.75,728.99,30075.6,NEAR_FLIP,NEUTRAL,25.81,0.625,12.34,15.53,16.12,19.0,31142.62,755.0,1072.869999999999,3.5679378777675206,804699.53,804699.53,8128729.62,-2833578.89,342259.17,0.499596,382.67,1423,,
2026-05-27T10:16:37 ET,2026-05-27T10:15:00 ET,2026-05-27,Wed,1016ET,2026-05-28,30069.75,728.99,30075.6,NEAR_FLIP,NEUTRAL,25.81,0.625,12.34,15.53,16.12,19.0,31155.87,755.0,1086.119999999999,3.6120020951288216,3644462.83,3644462.83,44039247.82,-6513786.78,2123870.02,7.492723,2929.69,2670,,
2026-05-27T10:16:37 ET,2026-05-27T10:15:00 ET,2026-05-27,Wed,1016ET,2026-05-29,30069.75,728.99,30075.6,NEAR_FLIP,NEUTRAL,25.81,0.625,12.34,15.53,16.12,19.0,31156.3,755.0,1086.5499999999993,3.6134321036922463,10927954.47,10933353.65,152810255.02,-9829798.209999999,8992718.56,62.74754,15158.51,4050,,
2026-05-27T10:16:37 ET,2026-05-27T10:15:00 ET,2026-05-27,Wed,1016ET,2026-05-27,30069.75,728.99,30075.6,NEAR_FLIP,NEUTRAL,25.81,0.625,12.34,15.53,16.12,19.0,31348.87,760.0,1279.119999999999,4.253843148014197,351487.26,351487.26,3629409.09,-1470717.99,170852.18,0.182582,194.43,849,,
2026-05-27T10:16:37 ET,2026-05-27T10:15:00 ET,2026-05-27,Wed,1016ET,2026-05-28,30069.75,728.99,30075.6,NEAR_FLIP,NEUTRAL,25.81,0.625,12.34,15.53,16.12,19.0,31362.2,760.0,1292.4500000000007,4.2981734134803276,173503.54,173503.54,2324583.8,-367515.64,99641.48,0.179448,149.28,249,,
2026-05-27T10:16:37 ET,2026-05-27T10:15:00 ET,2026-05-27,Wed,1016ET,2026-05-29,30069.75,728.99,30075.6,NEAR_FLIP,NEUTRAL,25.81,0.625,12.34,15.53,16.12,19.0,31362.63,760.0,1292.880000000001,4.299603422043752,8359708.89,8374242.45,135111708.47,-8912880.459999999,6028343.98,22.645277,11921.960000000001,5762,,
2026-05-27T10:16:37 ET,2026-05-27T10:15:00 ET,2026-05-27,Wed,1016ET,2026-05-27,30069.75,728.99,30075.6,NEAR_FLIP,NEUTRAL,25.81,0.625,12.34,15.53,16.12,19.0,31555.11,765.0,1485.3600000000006,4.939715162247776,356018.12,356018.12,3652881.33,-1724557.85,202941.37,0.19673,229.56,948,,
2026-05-27T10:16:37 ET,2026-05-27T10:15:00 ET,2026-05-27,Wed,1016ET,2026-05-28,30069.75,728.99,30075.6,NEAR_FLIP,NEUTRAL,25.81,0.625,12.34,15.53,16.12,19.0,31568.53,765.0,1498.7799999999988,4.98434473183182,189931.0,189931.0,2724182.62,-464799.02,111427.46,0.115887,176.51,472,,
2026-05-27T10:16:37 ET,2026-05-27T10:15:00 ET,2026-05-27,Wed,1016ET,2026-05-29,30069.75,728.99,30075.6,NEAR_FLIP,NEUTRAL,25.81,0.625,12.34,15.53,16.12,19.0,31568.97,765.0,1499.2200000000012,4.985807996408354,960060.58,960060.58,17345850.37,-1179511.73,694401.87,1.399777,1413.97,1231,,
2026-05-27T10:16:37 ET,2026-05-27T10:15:00 ET,2026-05-27,Wed,1016ET,2026-05-27,30069.75,728.99,30075.6,NEAR_FLIP,NEUTRAL,25.81,0.625,12.34,15.53,16.12,19.0,31761.35,770.0,1691.5999999999985,5.625587176481343,166248.79,166248.79,1665679.63,-914509.29,112551.03,0.112849,124.71,428,,
2026-05-27T10:16:37 ET,2026-05-27T10:15:00 ET,2026-05-27,Wed,1016ET,2026-05-28,30069.75,728.99,30075.6,NEAR_FLIP,NEUTRAL,25.81,0.625,12.34,15.53,16.12,19.0,31774.86,770.0,1705.1100000000006,5.670516050183326,128009.95,128009.95,1915501.44,-355147.18,78854.69,0.054466,129.37,479,,
2026-05-27T10:16:37 ET,2026-05-27T10:15:00 ET,2026-05-27,Wed,1016ET,2026-05-29,30069.75,728.99,30075.6,NEAR_FLIP,NEUTRAL,25.81,0.625,12.34,15.53,16.12,19.0,31775.3,770.0,1705.5499999999993,5.671979314759847,3592844.12,3593708.0,70722037.86,-5001956.01,2451662.6700000004,2.7370799999999997,5511.45,8320,,
2026-05-27T10:16:37 ET,2026-05-27T10:15:00 ET,2026-05-27,Wed,1016ET,2026-05-27,30069.75,728.99,30075.6,NEAR_FLIP,NEUTRAL,25.81,0.625,12.34,15.53,16.12,19.0,31967.59,775.0,1897.8400000000001,6.311459190714921,44329.19,44329.19,429158.51,-272851.39,35799.22,0.039771,38.52,103,,
2026-05-27T10:16:37 ET,2026-05-27T10:15:00 ET,2026-05-27,Wed,1016ET,2026-05-28,30069.75,728.99,30075.6,NEAR_FLIP,NEUTRAL,25.81,0.625,12.34,15.53,16.12,19.0,31981.19,775.0,1911.4399999999987,6.3566873685348195,67952.79,67952.79,1040670.96,-210639.88,44858.53,0.023518,75.01,335,,
2026-05-27T10:16:37 ET,2026-05-27T10:15:00 ET,2026-05-27,Wed,1016ET,2026-05-29,30069.75,728.99,30075.6,NEAR_FLIP,NEUTRAL,25.81,0.625,12.34,15.53,16.12,19.0,31981.63,775.0,1911.880000000001,6.358150633111352,159926.6,159926.6,3360543.08,-248557.25,111437.54,0.073001,256.84,631,,
2026-05-27T10:16:37 ET,2026-05-27T10:15:00 ET,2026-05-27,Wed,1016ET,2026-05-27,30069.75,728.99,30075.6,NEAR_FLIP,NEUTRAL,25.81,0.625,12.34,15.53,16.12,19.0,32173.84,780.0,2104.09,6.997364460961599,18151.6,18151.6,168761.97,-123561.81,17473.33,0.022127,18.17,37,,
2026-05-27T10:16:37 ET,2026-05-27T10:15:00 ET,2026-05-27,Wed,1016ET,2026-05-28,30069.75,728.99,30075.6,NEAR_FLIP,NEUTRAL,25.81,0.625,12.34,15.53,16.12,19.0,32187.52,780.0,2117.7700000000004,7.0428586868863245,22790.72,22790.72,352142.32,-78025.38,16362.78,0.007302,27.55,132,,
2026-05-27T10:16:37 ET,2026-05-27T10:15:00 ET,2026-05-27,Wed,1016ET,2026-05-29,30069.75,728.99,30075.6,NEAR_FLIP,NEUTRAL,25.81,0.625,12.34,15.53,16.12,19.0,32187.97,780.0,2118.220000000001,7.044355207475955,580254.9700000001,584740.65,12804624.84,-1003178.9800000001,-608762.94,-0.252073,987.9499999999999,3650,,
2026-05-27T10:16:37 ET,2026-05-27T10:15:00 ET,2026-05-27,Wed,1016ET,2026-05-27,30069.75,728.99,30075.6,NEAR_FLIP,NEUTRAL,25.81,0.625,12.34,15.53,16.12,19.0,32380.08,785.0,2310.3300000000017,7.6832364751951765,53372.6,53372.6,474979.22,-398028.36,61013.24,0.088482,61.15,95,,
2026-05-27T10:16:37 ET,2026-05-27T10:15:00 ET,2026-05-27,Wed,1016ET,2026-05-28,30069.75,728.99,30075.6,NEAR_FLIP,NEUTRAL,25.81,0.625,12.34,15.53,16.12,19.0,32393.85,785.0,2324.0999999999985,7.729030005237818,38950.93,38950.93,600763.43,-145900.31,30729.06,0.012783,51.63,242,,
2026-05-27T10:16:37 ET,2026-05-27T10:15:00 ET,2026-05-27,Wed,1016ET,2026-05-27,30069.75,728.99,30075.6,NEAR_FLIP,NEUTRAL,25.81,0.625,12.34,15.53,16.12,19.0,32586.32,790.0,2516.5699999999997,8.369108489428744,14679.83,14679.83,124862.29,-119002.68,19819.68,0.032653,19.13,23,,
2026-05-27T10:16:37 ET,2026-05-27T10:15:00 ET,2026-05-27,Wed,1016ET,2026-05-28,30069.75,728.99,30075.6,NEAR_FLIP,NEUTRAL,25.81,0.625,12.34,15.53,16.12,19.0,32600.18,790.0,2530.4300000000003,8.415201323589322,48167.1,48167.1,735745.93,-195869.23,42042.25,0.017446,70.01,300,,
2026-05-27T10:16:37 ET,2026-05-27T10:15:00 ET,2026-05-27,Wed,1016ET,2026-05-27,30069.75,728.99,30075.6,NEAR_FLIP,NEUTRAL,25.81,0.625,12.34,15.53,16.12,19.0,32792.56,795.0,2722.8099999999977,9.05498050366231,3575.17,3575.17,29055.62,-31299.48,5664.81,0.010456,5.27,5,,
2026-05-27T10:16:37 ET,2026-05-27T10:15:00 ET,2026-05-27,Wed,1016ET,2026-05-28,30069.75,728.99,30075.6,NEAR_FLIP,NEUTRAL,25.81,0.625,12.34,15.53,16.12,19.0,32806.51,795.0,2736.760000000002,9.101372641940827,335.9,335.9,5051.9,-1473.2,325.75,0.000141,0.53,2,,
2026-05-27T10:16:37 ET,2026-05-27T10:15:00 ET,2026-05-27,Wed,1016ET,2026-05-27,30069.75,728.99,30075.6,NEAR_FLIP,NEUTRAL,25.81,0.625,12.34,15.53,16.12,19.0,32998.81,800.0,2929.0599999999977,9.740885773908987,238853.89,238853.89,1855613.08,-2245811.56,441184.76,0.897729,395.39,303,,
2026-05-27T10:16:37 ET,2026-05-27T10:15:00 ET,2026-05-27,Wed,1016ET,2026-05-28,30069.75,728.99,30075.6,NEAR_FLIP,NEUTRAL,25.81,0.625,12.34,15.53,16.12,19.0,33012.85,800.0,2943.0999999999985,9.787577216305419,20844.16,20844.16,307357.28,-98047.19,22508.7,0.010545,36.32,115,,
2026-05-27T10:16:37 ET,2026-05-27T10:15:00 ET,2026-05-27,Wed,1016ET,AGGREGATE,30069.75,728.99,30075.6,NEAR_FLIP,NEUTRAL,25.81,0.625,12.34,15.53,16.12,19.0,27070.9,656.0,-2998.8499999999985,-9.972979489353914,-398306.51,630445.3099999999,6469537.2700000005,1633511.05,15894254.71,20.377428,2216.61,1271,,
2026-05-27T10:16:37 ET,2026-05-27T10:15:00 ET,2026-05-27,Wed,1016ET,AGGREGATE,30069.75,728.99,30075.6,NEAR_FLIP,NEUTRAL,25.81,0.625,12.34,15.53,16.12,19.0,27112.17,657.0,-2957.5800000000017,-9.835731923278383,-182895.36000000002,550695.92,2973051.84,1406370.64,25674588.520000003,33.343573000000006,1907.04,1096,,
2026-05-27T10:16:37 ET,2026-05-27T10:15:00 ET,2026-05-27,Wed,1016ET,AGGREGATE,30069.75,728.99,30075.6,NEAR_FLIP,NEUTRAL,25.81,0.625,12.34,15.53,16.12,19.0,27153.44,658.0,-2916.3100000000013,-9.69848435720284,-220580.31,470197.76999999996,3587840.8899999997,1183301.0,17016090.2,22.405053,1603.71,923,,
2026-05-27T10:16:37 ET,2026-05-27T10:15:00 ET,2026-05-27,Wed,1016ET,AGGREGATE,30069.75,728.99,30075.6,NEAR_FLIP,NEUTRAL,25.81,0.625,12.34,15.53,16.12,19.0,27194.7,659.0,-2875.0499999999993,-9.561270047140397,-156636.5,515401.28,2548857.16,1277903.16,24382048.35,32.578256999999994,1731.33,997,,
2026-05-27T10:16:37 ET,2026-05-27T10:15:00 ET,2026-05-27,Wed,1016ET,AGGREGATE,30069.75,728.99,30075.6,NEAR_FLIP,NEUTRAL,25.81,0.625,12.34,15.53,16.12,19.0,27224.02,660.0,-2845.7299999999996,-9.463763416722784,-3574616.86,3644586.3400000003,23028656.27,35631478.25,-6863189.880000001,-18.228922,7587.81,3542,,
2026-05-27T10:16:37 ET,2026-05-27T10:15:00 ET,2026-05-27,Wed,1016ET,AGGREGATE,30069.75,728.99,30075.6,NEAR_FLIP,NEUTRAL,25.81,0.625,12.34,15.53,16.12,19.0,27235.6,660.0,-2834.1500000000015,-9.42525295354967,-1211673.99,1260377.89,13094128.25,6158382.279999999,276478.54000000004,0.47030800000000017,3131.8500000000004,1915,,
2026-05-27T10:16:37 ET,2026-05-27T10:15:00 ET,2026-05-27,Wed,1016ET,AGGREGATE,30069.75,728.99,30075.6,NEAR_FLIP,NEUTRAL,25.81,0.625,12.34,15.53,16.12,19.0,27235.97,660.0,-2833.779999999999,-9.424022481064853,-7309745.04,11016863.780000001,118975380.03,26906470.61,238213574.07000002,323.29994600000003,36447.98,20981,,
2026-05-27T10:16:37 ET,2026-05-27T10:15:00 ET,2026-05-27,Wed,1016ET,AGGREGATE,30069.75,728.99,30075.6,NEAR_FLIP,NEUTRAL,25.81,0.625,12.34,15.53,16.12,19.0,27277.24,661.0,-2792.5099999999984,-9.28677491498931,-156425.37,612354.61,2546110.14,1472834.44,30073512.23,41.498372,1995.24,1147,,
2026-05-27T10:16:37 ET,2026-05-27T10:15:00 ET,2026-05-27,Wed,1016ET,AGGREGATE,30069.75,728.99,30075.6,NEAR_FLIP,NEUTRAL,25.81,0.625,12.34,15.53,16.12,19.0,27318.5,662.0,-2751.25,-9.149560604926878,-560750.8400000001,1213873.42,9125658.89,2874614.6199999996,41760594.48,58.64949,3895.27,2234,,
2026-05-27T10:16:37 ET,2026-05-27T10:15:00 ET,2026-05-27,Wed,1016ET,AGGREGATE,30069.75,728.99,30075.6,NEAR_FLIP,NEUTRAL,25.81,0.625,12.34,15.53,16.12,19.0,27359.77,663.0,-2709.9799999999996,-9.012313038851335,-239711.25000000003,556373.67,3899531.74,1296965.18,19922021.11,28.506325,1758.3200000000002,1005,,
2026-05-27T10:16:37 ET,2026-05-27T10:15:00 ET,2026-05-27,Wed,1016ET,AGGREGATE,30069.75,728.99,30075.6,NEAR_FLIP,NEUTRAL,25.81,0.625,12.34,15.53,16.12,19.0,27401.04,664.0,-2668.709999999999,-8.875065472775793,-254097.15999999997,456245.58,4130999.53,1046678.09,12301345.84,17.953422999999997,1420.02,808,,
2026-05-27T10:16:37 ET,2026-05-27T10:15:00 ET,2026-05-27,Wed,1016ET,AGGREGATE,30069.75,728.99,30075.6,NEAR_FLIP,NEUTRAL,25.81,0.625,12.34,15.53,16.12,19.0,27430.26,665.0,-2639.4900000000016,-8.77789140248922,-1428647.28,1490502.1199999999,9697733.76,13500510.540000001,-987481.75,-2.543,2728.8399999999997,1494,,
2026-05-27T10:16:37 ET,2026-05-27T10:15:00 ET,2026-05-27,Wed,1016ET,AGGREGATE,30069.75,728.99,30075.6,NEAR_FLIP,NEUTRAL,25.81,0.625,12.34,15.53,16.12,19.0,27441.93,665.0,-2627.8199999999997,-8.739081635198163,-188083.63,238593.72999999998,2078843.85,1078211.7,2360949.17,4.055465,536.24,359,,
2026-05-27T10:16:37 ET,2026-05-27T10:15:00 ET,2026-05-27,Wed,1016ET,AGGREGATE,30069.75,728.99,30075.6,NEAR_FLIP,NEUTRAL,25.81,0.625,12.34,15.53,16.12,19.0,27442.3,665.0,-2627.4500000000007,-8.73785116271336,-5135116.84,6952530.74,83413114.78999999,15692933.69,103695415.27000001,154.537729,21310.92,12058,,
2026-05-27T10:16:37 ET,2026-05-27T10:15:00 ET,2026-05-27,Wed,1016ET,AGGREGATE,30069.75,728.99,30075.6,NEAR_FLIP,NEUTRAL,25.81,0.625,12.34,15.53,16.12,19.0,27483.57,666.0,-2586.1800000000003,-8.600603596637818,-657254.34,849420.18,10664469.719999999,1885911.32,10535166.180000002,16.051193,2564.1600000000003,1441,,
2026-05-27T10:16:37 ET,2026-05-27T10:15:00 ET,2026-05-27,Wed,1016ET,AGGREGATE,30069.75,728.99,30075.6,NEAR_FLIP,NEUTRAL,25.81,0.625,12.34,15.53,16.12,19.0,27524.84,667.0,-2544.91,-8.463356030562275,-1631488.3,1993504.9400000002,26436269.54,4352519.4,18754090.580000002,29.246951999999997,5926.53,3304,,
2026-05-27T10:16:37 ET,2026-05-27T10:15:00 ET,2026-05-27,Wed,1016ET,AGGREGATE,30069.75,728.99,30075.6,NEAR_FLIP,NEUTRAL,25.81,0.625,12.34,15.53,16.12,19.0,27566.1,668.0,-2503.6500000000015,-8.326141720499843,-171903.82999999996,753161.39,2780968.3899999997,1616663.86,33090133.259999998,52.886717000000004,2205.13,1218,,
2026-05-27T10:16:37 ET,2026-05-27T10:15:00 ET,2026-05-27,Wed,1016ET,AGGREGATE,30069.75,728.99,30075.6,NEAR_FLIP,NEUTRAL,25.81,0.625,12.34,15.53,16.12,19.0,27607.37,669.0,-2462.380000000001,-8.1888941544243,-444819.70999999996,697370.69,7182369.720000001,1471239.59,13443399.5,22.048672,2010.83,1099,,
2026-05-27T10:16:37 ET,2026-05-27T10:15:00 ET,2026-05-27,Wed,1016ET,AGGREGATE,30069.75,728.99,30075.6,NEAR_FLIP,NEUTRAL,25.81,0.625,12.34,15.53,16.12,19.0,27636.5,670.0,-2433.25,-8.09201938825564,-1075914.1500000001,1156320.55,7691089.960000001,9640789.04,934668.45,2.309426,1850.6999999999998,1208,,
2026-05-27T10:16:37 ET,2026-05-27T10:15:00 ET,2026-05-27,Wed,1016ET,AGGREGATE,30069.75,728.99,30075.6,NEAR_FLIP,NEUTRAL,25.81,0.625,12.34,15.53,16.12,19.0,27648.26,670.0,-2421.4900000000016,-8.05291031684667,-351014.53,405647.15,3950996.37,1684664.64,2296152.39,4.052771,822.9699999999999,594,,
2026-05-27T10:16:37 ET,2026-05-27T10:15:00 ET,2026-05-27,Wed,1016ET,AGGREGATE,30069.75,728.99,30075.6,NEAR_FLIP,NEUTRAL,25.81,0.625,12.34,15.53,16.12,19.0,27648.64,670.0,-2421.1100000000006,-8.051646588348758,-4489901.76,5710508.220000001,72338178.81,11837451.04,59662170.99000001,100.54864,16216.460000000001,8758,,
2026-05-27T10:16:37 ET,2026-05-27T10:15:00 ET,2026-05-27,Wed,1016ET,AGGREGATE,30069.75,728.99,30075.6,NEAR_FLIP,NEUTRAL,25.81,0.625,12.34,15.53,16.12,19.0,27689.9,671.0,-2379.8499999999985,-7.914432278286313,-307950.89,632674.71,4949114.55,1288246.84,16699870.930000002,28.959378,1769.4399999999998,943,0.5161263618778775,PUT WALL + VOL SENSITIVE
2026-05-27T10:16:37 ET,2026-05-27T10:15:00 ET,2026-05-27,Wed,1016ET,AGGREGATE,30069.75,728.99,30075.6,NEAR_FLIP,NEUTRAL,25.81,0.625,12.34,15.53,16.12,19.0,27731.17,672.0,-2338.5800000000017,-7.777184712210783,-1950905.04,2261999.04,31265119.2,4522860.58,13098750.77,23.405414,6230.59,3272,2.2524988991296824,PUT WALL + VOL SENSITIVE
2026-05-27T10:16:37 ET,2026-05-27T10:15:00 ET,2026-05-27,Wed,1016ET,AGGREGATE,30069.75,728.99,30075.6,NEAR_FLIP,NEUTRAL,25.81,0.625,12.34,15.53,16.12,19.0,27772.44,673.0,-2297.3100000000013,-7.63993714613524,-2078769.07,2435455.59,33209682.220000003,4780413.17,14712219.059999999,27.127028000000003,6607.009999999999,3414,2.377403641290209,PUT WALL + VOL SENSITIVE
2026-05-27T10:16:37 ET,2026-05-27T10:15:00 ET,2026-05-27,Wed,1016ET,AGGREGATE,30069.75,728.99,30075.6,NEAR_FLIP,NEUTRAL,25.81,0.625,12.34,15.53,16.12,19.0,27813.7,674.0,-2256.0499999999993,-7.502722836072795,-468134.42000000004,922261.68,7452703.860000001,1776483.23,21132235.68,40.267033,2464.2,1251,0.7259973616901549,PUT WALL + VOL SENSITIVE
2026-05-27T10:16:37 ET,2026-05-27T10:15:00 ET,2026-05-27,Wed,1016ET,AGGREGATE,30069.75,728.99,30075.6,NEAR_FLIP,NEUTRAL,25.81,0.625,12.34,15.53,16.12,19.0,27842.74,675.0,-2227.0099999999984,-7.406147374022059,-6305367.76,6418305.16,47403018.839999996,48887553.970000006,-5386238.91,-12.663011000000001,8924.970000000001,7047,7.7734105768914405,PUT WALL + VOL SENSITIVE
2026-05-27T10:16:37 ET,2026-05-27T10:15:00 ET,2026-05-27,Wed,1016ET,AGGREGATE,30069.75,728.99,30075.6,NEAR_FLIP,NEUTRAL,25.81,0.625,12.34,15.53,16.12,19.0,27854.59,675.0,-2215.16,-7.366738998495165,-609149.51,636510.8300000001,6942858.74,2411318.91,516942.1000000001,0.9620219999999999,1163.69,884,0.6657770910214428,PUT WALL + VOL SENSITIVE
2026-05-27T10:16:37 ET,2026-05-27T10:15:00 ET,2026-05-27,Wed,1016ET,AGGREGATE,30069.75,728.99,30075.6,NEAR_FLIP,NEUTRAL,25.81,0.625,12.34,15.53,16.12,19.0,27854.97,675.0,-2214.779999999999,-7.365475269997253,-3400004.6700000004,9824609.55,53920172.809999995,18565045.54,292973948.19000006,577.7908590000001,25855.08,12876,7.0028498246134525,PUT WALL + VOL SENSITIVE
2026-05-27T10:16:37 ET,2026-05-27T10:15:00 ET,2026-05-27,Wed,1016ET,AGGREGATE,30069.75,728.99,30075.6,NEAR_FLIP,NEUTRAL,25.81,0.625,12.34,15.53,16.12,19.0,27883.99,676.0,-2185.7599999999984,-7.268966319972725,-1353629.26,1364443.8800000001,10276865.389999999,10196239.84,-1594428.71,-3.709114,1843.32,1514,1.635664064914242,PUT WALL + VOL SENSITIVE
2026-05-27T10:16:37 ET,2026-05-27T10:15:00 ET,2026-05-27,Wed,1016ET,AGGREGATE,30069.75,728.99,30075.6,NEAR_FLIP,NEUTRAL,25.81,0.625,12.34,15.53,16.12,19.0,27895.85,676.0,-2173.9000000000015,-7.229524688432733,-233792.08000000002,246942.88,2669108.63,917534.41,326557.24,0.6166360000000001,442.09,338,0.2443195518835638,PUT WALL + VOL SENSITIVE
2026-05-27T10:16:37 ET,2026-05-27T10:15:00 ET,2026-05-27,Wed,1016ET,AGGREGATE,30069.75,728.99,30075.6,NEAR_FLIP,NEUTRAL,25.81,0.625,12.34,15.53,16.12,19.0,27896.24,676.0,-2173.5099999999984,-7.22822770392171,-1345387.81,1902209.1099999999,21246353.81,3525000.94,23009254.3,47.038456000000004,4930.71,2405,1.6300892214897296,PUT WALL + VOL SENSITIVE
2026-05-27T10:16:37 ET,2026-05-27T10:15:00 ET,2026-05-27,Wed,1016ET,AGGREGATE,30069.75,728.99,30075.6,NEAR_FLIP,NEUTRAL,25.81,0.625,12.34,15.53,16.12,19.0,27925.24,677.0,-2144.5099999999984,-7.131785265923389,-487749.64999999997,625068.57,3739163.8499999996,4580982.85,4715339.9799999995,10.853204000000002,820.19,701,0.6962928925907471,PUT WALL + VOL SENSITIVE
2026-05-27T10:16:37 ET,2026-05-27T10:15:00 ET,2026-05-27,Wed,1016ET,AGGREGATE,30069.75,728.99,30075.6,NEAR_FLIP,NEUTRAL,25.81,0.625,12.34,15.53,16.12,19.0,27937.12,677.0,-2132.630000000001,-7.092277122357189,-207146.84999999998,230905.63,2368090.74,841158.74,864656.4600000001,1.659233,404.78,311,0.22052678220026745,PUT WALL + VOL SENSITIVE
2026-05-27T10:16:37 ET,2026-05-27T10:15:00 ET,2026-05-27,Wed,1016ET,AGGREGATE,30069.75,728.99,30075.6,NEAR_FLIP,NEUTRAL,25.81,0.625,12.34,15.53,16.12,19.0,27937.5,677.0,-2132.25,-7.091013393859277,-1083953.21,2158052.29,17038915.35,3920340.81,44694088.05,94.862379,5509.95,2628,1.6113428191462247,PUT WALL + VOL SENSITIVE
2026-05-27T10:16:37 ET,2026-05-27T10:15:00 ET,2026-05-27,Wed,1016ET,AGGREGATE,30069.75,728.99,30075.6,NEAR_FLIP,NEUTRAL,25.81,0.625,12.34,15.53,16.12,19.0,27966.49,678.0,-2103.2599999999984,-6.994604211874054,-434944.16,454353.44,3366456.46,3264417.93,172438.4900000001,0.392695,578.93,515,0.5218726650641375,PUT WALL + VOL SENSITIVE
2026-05-27T10:16:37 ET,2026-05-27T10:15:00 ET,2026-05-27,Wed,1016ET,AGGREGATE,30069.75,728.99,30075.6,NEAR_FLIP,NEUTRAL,25.81,0.625,12.34,15.53,16.12,19.0,27978.39,678.0,-2091.3600000000006,-6.955029556281647,-260734.11,265268.61,2983697.16,947068.44,-120064.09,-0.23452100000000003,455.33,351,0.2614185558420338,PUT WALL + VOL SENSITIVE
2026-05-27T10:16:37 ET,2026-05-27T10:15:00 ET,2026-05-27,Wed,1016ET,AGGREGATE,30069.75,728.99,30075.6,NEAR_FLIP,NEUTRAL,25.81,0.625,12.34,15.53,16.12,19.0,27978.77,678.0,-2090.9799999999996,-6.9537658277837355,228001.72999999998,2782987.43,-3566035.280000001,4954141.140000001,124688311.67,275.20730699999996,6999.16,3259,1.5226851052606767,CALL WALL + VOL SENSITIVE
2026-05-27T10:16:37 ET,2026-05-27T10:15:00 ET,2026-05-27,Wed,1016ET,AGGREGATE,30069.75,728.99,30075.6,NEAR_FLIP,NEUTRAL,25.81,0.625,12.34,15.53,16.12,19.0,28007.74,679.0,-2062.0099999999984,-6.8574231578247185,-280221.21,297680.47000000003,2189482.3200000003,2095903.24,331328.9,0.7466049999999999,368.22,341,0.33285749100494744,PUT WALL + VOL SENSITIVE
2026-05-27T10:16:37 ET,2026-05-27T10:15:00 ET,2026-05-27,Wed,1016ET,AGGREGATE,30069.75,728.99,30075.6,NEAR_FLIP,NEUTRAL,25.81,0.625,12.34,15.53,16.12,19.0,28019.65,679.0,-2050.0999999999985,-6.817815246219203,-171076.41999999998,203442.24,1958973.7799999998,711568.39,1275982.52,2.541391,341.90999999999997,264,0.183130164935445,PUT WALL + VOL SENSITIVE
2026-05-27T10:16:37 ET,2026-05-27T10:15:00 ET,2026-05-27,Wed,1016ET,AGGREGATE,30069.75,728.99,30075.6,NEAR_FLIP,NEUTRAL,25.81,0.625,12.34,15.53,16.12,19.0,28020.04,679.0,-2049.709999999999,-6.816518261708191,-2140034.83,2515385.91,33288775.869999997,4386163.53,11998319.68,27.583728999999998,6231.7,2828,2.1995838024468006,PUT WALL + VOL SENSITIVE
2026-05-27T10:16:37 ET,2026-05-27T10:15:00 ET,2026-05-27,Wed,1016ET,AGGREGATE,30069.75,728.99,30075.6,NEAR_FLIP,NEUTRAL,25.81,0.625,12.34,15.53,16.12,19.0,28048.99,680.0,-2020.7599999999984,-6.720242103775384,-1042762.0099999999,1669974.29,8223535.889999999,11517572.280000001,24311571.189999998,54.215847000000004,2004.83,1933,1.7805264438960675,PUT WALL + VOL SENSITIVE
2026-05-27T10:16:37 ET,2026-05-27T10:15:00 ET,2026-05-27,Wed,1016ET,AGGREGATE,30069.75,728.99,30075.6,NEAR_FLIP,NEUTRAL,25.81,0.625,12.34,15.53,16.12,19.0,28060.92,680.0,-2008.8300000000017,-6.680567680143672,-4930336.8,5131864.22,56471851.32,17577284.12,3047650.630000001,6.200815,8444.439999999999,6519,5.192460175540705,PUT WALL + VOL SENSITIVE
2026-05-27T10:16:37 ET,2026-05-27T10:15:00 ET,2026-05-27,Wed,1016ET,AGGREGATE,30069.75,728.99,30075.6,NEAR_FLIP,NEUTRAL,25.81,0.625,12.34,15.53,16.12,19.0,28061.3,680.0,-2008.4500000000007,-6.6793039516457595,-20786894.16,32717086.62,321440705.28999996,55859709.45,424923497.17,1019.2005859999999,79847.70999999999,35256,25.032363347422322,PUT WALL + VOL SENSITIVE
2026-05-27T10:16:37 ET,2026-05-27T10:15:00 ET,2026-05-27,Wed,1016ET,AGGREGATE,30069.75,728.99,30075.6,NEAR_FLIP,NEUTRAL,25.81,0.625,12.34,15.53,16.12,19.0,28090.23,681.0,-1979.5200000000004,-6.583094305739158,-652532.96,688452.2,5193177.63,4649106.33,676185.5599999999,1.492723,801.9499999999999,805,0.784953362427476,PUT WALL + VOL SENSITIVE
2026-05-27T10:16:37 ET,2026-05-27T10:15:00 ET,2026-05-27,Wed,1016ET,AGGREGATE,30069.75,728.99,30075.6,NEAR_FLIP,NEUTRAL,25.81,0.625,12.34,15.53,16.12,19.0,28102.18,681.0,-1967.5699999999997,-6.543353370081227,-281203.58999999997,289260.99,3220467.21,969798.0399999999,17689.190000000002,0.03683800000000004,466.01,359,0.2739211288254163,PUT WALL + VOL SENSITIVE
2026-05-27T10:16:37 ET,2026-05-27T10:15:00 ET,2026-05-27,Wed,1016ET,AGGREGATE,30069.75,728.99,30075.6,NEAR_FLIP,NEUTRAL,25.81,0.625,12.34,15.53,16.12,19.0,28102.57,681.0,-1967.1800000000003,-6.542056385570216,-2318804.77,3009306.23,35629146.08,5028606.22,21982432.95,55.102043,7235.38,3103,2.4209129257786364,PUT WALL + VOL SENSITIVE
2026-05-27T10:16:37 ET,2026-05-27T10:15:00 ET,2026-05-27,Wed,1016ET,AGGREGATE,30069.75,728.99,30075.6,NEAR_FLIP,NEUTRAL,25.81,0.625,12.34,15.53,16.12,19.0,28131.48,682.0,-1938.2700000000004,-6.445913251689822,-1366096.98,1396586.44,10969470.49,9230276.790000001,-358901.65000000014,-0.7846179999999996,1578.13,1649,1.6144491240469208,PUT WALL + VOL SENSITIVE
2026-05-27T10:16:37 ET,2026-05-27T10:15:00 ET,2026-05-27,Wed,1016ET,AGGREGATE,30069.75,728.99,30075.6,NEAR_FLIP,NEUTRAL,25.81,0.625,12.34,15.53,16.12,19.0,28143.45,682.0,-1926.2999999999993,-6.4061058040056835,-230564.15000000002,237175.31,2639049.4499999997,778003.59,13014.23999999999,0.02779700000000007,374.09,287,0.21817552721144487,PUT WALL + VOL SENSITIVE
2026-05-27T10:16:37 ET,2026-05-27T10:15:00 ET,2026-05-27,Wed,1016ET,AGGREGATE,30069.75,728.99,30075.6,NEAR_FLIP,NEUTRAL,25.81,0.625,12.34,15.53,16.12,19.0,28143.84,682.0,-1925.9099999999999,-6.404808819494674,-7023311.8100000005,8091326.27,107176403.47999999,13227067.459999999,27786775.740000002,72.913322,19166.55,7970,6.7550561062522805,PUT WALL + VOL SENSITIVE
2026-05-27T10:16:37 ET,2026-05-27T10:15:00 ET,2026-05-27,Wed,1016ET,AGGREGATE,30069.75,728.99,30075.6,NEAR_FLIP,NEUTRAL,25.81,0.625,12.34,15.53,16.12,19.0,28172.73,683.0,-1897.0200000000004,-6.308732197640488,-490067.76999999996,510207.55,3969544.46,3298706.23,286458.77,0.620498,559.13,608,0.5727275633756502,PUT WALL + VOL SENSITIVE
2026-05-27T10:16:37 ET,2026-05-27T10:15:00 ET,2026-05-27,Wed,1016ET,AGGREGATE,30069.75,728.99,30075.6,NEAR_FLIP,NEUTRAL,25.81,0.625,12.34,15.53,16.12,19.0,28184.72,683.0,-1885.0299999999988,-6.268858237930141,-198762.18,212352.76,2272747.6900000004,681221.45,338612.97000000003,0.74338,327.92,250,0.1875966356856153,PUT WALL + VOL SENSITIVE
2026-05-27T10:16:37 ET,2026-05-27T10:15:00 ET,2026-05-27,Wed,1016ET,AGGREGATE,30069.75,728.99,30075.6,NEAR_FLIP,NEUTRAL,25.81,0.625,12.34,15.53,16.12,19.0,28185.1,683.0,-1884.6500000000015,-6.267594509432242,-3117083.53,3751571.85,47216903.83,5996760.5200000005,16871400.490000002,46.423281,8755.720000000001,3524,2.99482909233889,PUT WALL + VOL SENSITIVE
2026-05-27T10:16:37 ET,2026-05-27T10:15:00 ET,2026-05-27,Wed,1016ET,AGGREGATE,30069.75,728.99,30075.6,NEAR_FLIP,NEUTRAL,25.81,0.625,12.34,15.53,16.12,19.0,28213.98,684.0,-1855.7700000000004,-6.171551143591152,-670603.63,683915.87,5478073.93,4323538.75,-176746.81999999995,-0.37959200000000015,726.69,822,0.7734657381031054,PUT WALL + VOL SENSITIVE
2026-05-27T10:16:37 ET,2026-05-27T10:15:00 ET,2026-05-27,Wed,1016ET,AGGREGATE,30069.75,728.99,30075.6,NEAR_FLIP,NEUTRAL,25.81,0.625,12.34,15.53,16.12,19.0,28225.98,684.0,-1843.7700000000004,-6.131643927867709,-407774.47000000003,413024.79,4655768.32,1295130.39,-247285.75999999998,-0.559271,624.4300000000001,472,0.3830648126648333,PUT WALL + VOL SENSITIVE
2026-05-27T10:16:37 ET,2026-05-27T10:15:00 ET,2026-05-27,Wed,1016ET,AGGREGATE,30069.75,728.99,30075.6,NEAR_FLIP,NEUTRAL,25.81,0.625,12.34,15.53,16.12,19.0,28226.37,684.0,-1843.380000000001,-6.1303469433567,-683246.37,1387739.37,10267938.43,2167998.04,21177177.77,61.20847199999999,3191.3,1241,0.8631154503830165,PUT WALL + VOL SENSITIVE
2026-05-27T10:16:37 ET,2026-05-27T10:15:00 ET,2026-05-27,Wed,1016ET,AGGREGATE,30069.75,728.99,30075.6,NEAR_FLIP,NEUTRAL,25.81,0.625,12.34,15.53,16.12,19.0,28255.23,685.0,-1814.5200000000004,-6.034370089541817,-1619047.28,1863431.78,13334760.48,11512535.07,8793964.120000001,18.741395,1919.3,2257,2.0602103736251647,PUT WALL + VOL SENSITIVE
2026-05-27T10:16:37 ET,2026-05-27T10:15:00 ET,2026-05-27,Wed,1016ET,AGGREGATE,30069.75,728.99,30075.6,NEAR_FLIP,NEUTRAL,25.81,0.625,12.34,15.53,16.12,19.0,28267.25,685.0,-1802.5,-5.994396361792167,-682230.46,731025.76,7773842.680000001,2239526.5700000003,1158723.2400000002,2.7061589999999995,1082.04,809,0.6638220510922948,PUT WALL + VOL SENSITIVE
2026-05-27T10:16:37 ET,2026-05-27T10:15:00 ET,2026-05-27,Wed,1016ET,AGGREGATE,30069.75,728.99,30075.6,NEAR_FLIP,NEUTRAL,25.81,0.625,12.34,15.53,16.12,19.0,28267.64,685.0,-1802.1100000000006,-5.9930993772811565,-8001071.459999999,32804393.019999996,119224214.16999999,50062075.83,726381933.4,2209.0808049999996,74336.55,27880,16.63233624330294,PUT WALL + VOL SENSITIVE
2026-05-27T10:16:37 ET,2026-05-27T10:15:00 ET,2026-05-27,Wed,1016ET,AGGREGATE,30069.75,728.99,30075.6,NEAR_FLIP,NEUTRAL,25.81,0.625,12.34,15.53,16.12,19.0,28296.48,686.0,-1773.2700000000004,-5.897189035492482,-467467.75,536357.73,3880747.9699999997,3236710.55,2508461.39,5.310305,535.38,654,0.5773283607538282,PUT WALL + VOL SENSITIVE
2026-05-27T10:16:37 ET,2026-05-27T10:15:00 ET,2026-05-27,Wed,1016ET,AGGREGATE,30069.75,728.99,30075.6,NEAR_FLIP,NEUTRAL,25.81,0.625,12.34,15.53,16.12,19.0,28308.51,686.0,-1761.2400000000016,-5.857182051729734,-159024.74,162766.5,1807459.61,486904.48,-30934.089999999997,-0.074789,235.87,174,0.13460967379869998,PUT WALL + VOL SENSITIVE
2026-05-27T10:16:37 ET,2026-05-27T10:15:00 ET,2026-05-27,Wed,1016ET,AGGREGATE,30069.75,728.99,30075.6,NEAR_FLIP,NEUTRAL,25.81,0.625,12.34,15.53,16.12,19.0,28308.9,686.0,-1760.8499999999985,-5.855885067218711,-11501465.08,11853677.299999999,169832669.83,17661347.59,-4581776.359999999,-14.686804000000002,26470.670000000002,9558,9.630778411721778,PUT WALL + VOL SENSITIVE
2026-05-27T10:16:37 ET,2026-05-27T10:15:00 ET,2026-05-27,Wed,1016ET,AGGREGATE,30069.75,728.99,30075.6,NEAR_FLIP,NEUTRAL,25.81,0.625,12.34,15.53,16.12,19.0,28337.73,687.0,-1732.0200000000004,-5.760007981443146,-2667179.6,2673704.82,22310823.95,15751255.120000001,-2365869.89,-4.981162,2585.8199999999997,3278,3.032348184488375,PUT WALL + VOL SENSITIVE
2026-05-27T10:16:37 ET,2026-05-27T10:15:00 ET,2026-05-27,Wed,1016ET,AGGREGATE,30069.75,728.99,30075.6,NEAR_FLIP,NEUTRAL,25.81,0.625,12.34,15.53,16.12,19.0,28349.78,687.0,-1719.9700000000012,-5.719934485654191,-178646.33000000002,246609.61,2024178.26,719949.5700000001,2287631.36,5.740526999999999,349.89,254,0.18553918189175853,PUT WALL + VOL SENSITIVE
2026-05-27T10:16:37 ET,2026-05-27T10:15:00 ET,2026-05-27,Wed,1016ET,AGGREGATE,30069.75,728.99,30075.6,NEAR_FLIP,NEUTRAL,25.81,0.625,12.34,15.53,16.12,19.0,28350.17,687.0,-1719.5800000000017,-5.718637501143181,-498882.8899999999,1779479.89,7295361.4,2587108.76,33406990.27,113.062429,3916.33,1359,0.8597987516175946,PUT WALL + VOL SENSITIVE
2026-05-27T10:16:37 ET,2026-05-27T10:15:00 ET,2026-05-27,Wed,1016ET,AGGREGATE,30069.75,728.99,30075.6,NEAR_FLIP,NEUTRAL,25.81,0.625,12.34,15.53,16.12,19.0,28378.97,688.0,-1690.7799999999988,-5.6228601834069085,-753083.89,764457.33,6345320.7,4393964.95,-221804.76,-0.465125,716.1800000000001,941,0.8445997766078059,PUT WALL + VOL SENSITIVE
2026-05-27T10:16:37 ET,2026-05-27T10:15:00 ET,2026-05-27,Wed,1016ET,AGGREGATE,30069.75,728.99,30075.6,NEAR_FLIP,NEUTRAL,25.81,0.625,12.34,15.53,16.12,19.0,28391.05,688.0,-1678.7000000000007,-5.582686919578649,-307174.82,315258.36000000004,3467584.7399999998,897673.68,-38396.52000000002,-0.100275,437.94,312,0.2654626819674099,PUT WALL + VOL SENSITIVE
2026-05-27T10:16:37 ET,2026-05-27T10:15:00 ET,2026-05-27,Wed,1016ET,AGGREGATE,30069.75,728.99,30075.6,NEAR_FLIP,NEUTRAL,25.81,0.625,12.34,15.53,16.12,19.0,28391.44,688.0,-1678.3100000000013,-5.581389935067639,-5607174.79,6712268.7700000005,81149716.11,9516711.790000001,20737301.8,74.225973,14560.17,4847,4.808584497418645,PUT WALL + VOL SENSITIVE
2026-05-27T10:16:37 ET,2026-05-27T10:15:00 ET,2026-05-27,Wed,1016ET,AGGREGATE,30069.75,728.99,30075.6,NEAR_FLIP,NEUTRAL,25.81,0.625,12.34,15.53,16.12,19.0,28420.22,689.0,-1649.5299999999988,-5.485679129357573,-873738.6900000001,949927.41,7412598.51,5323931.88,2549665.67,5.334348,861.8699999999999,1172,1.0256011690150464,PUT WALL + VOL SENSITIVE
2026-05-27T10:16:37 ET,2026-05-27T10:15:00 ET,2026-05-27,Wed,1016ET,AGGREGATE,30069.75,728.99,30075.6,NEAR_FLIP,NEUTRAL,25.81,0.625,12.34,15.53,16.12,19.0,28432.31,689.0,-1637.4399999999987,-5.445472609516204,-1877102.75,1883430.0699999998,21097737.48,5227512.25,-1717794.75,-4.681972,2561.8300000000004,1786,1.6567379585349762,PUT WALL + VOL SENSITIVE
2026-05-27T10:16:37 ET,2026-05-27T10:15:00 ET,2026-05-27,Wed,1016ET,AGGREGATE,30069.75,728.99,30075.6,NEAR_FLIP,NEUTRAL,25.81,0.625,12.34,15.53,16.12,19.0,28432.7,689.0,-1637.0499999999993,-5.444175625005194,-1154570.69,3182037.89,16525627.73,4396947.3,46423207.7,176.030642,6803.79,2169,1.5683868164416452,PUT WALL + VOL SENSITIVE
2026-05-27T10:16:37 ET,2026-05-27T10:15:00 ET,2026-05-27,Wed,1016ET,AGGREGATE,30069.75,728.99,30075.6,NEAR_FLIP,NEUTRAL,25.81,0.625,12.34,15.53,16.12,19.0,28461.47,690.0,-1608.2799999999988,-5.348498075308237,-4432091.989999999,4683270.87,37843496.3,25577265.580000002,7134597.699999999,14.921972,4114.35,5780,5.116060613451975,PUT WALL + VOL SENSITIVE
2026-05-27T10:16:37 ET,2026-05-27T10:15:00 ET,2026-05-27,Wed,1016ET,AGGREGATE,30069.75,728.99,30075.6,NEAR_FLIP,NEUTRAL,25.81,0.625,12.34,15.53,16.12,19.0,28473.58,690.0,-1596.1699999999983,-5.308225043440661,-857646.92,1012177.9,9591014.64,2736632.2100000004,4077661.7600000002,11.632904,1348.1100000000001,917,0.8061473788874859,PUT WALL + VOL SENSITIVE
2026-05-27T10:16:37 ET,2026-05-27T10:15:00 ET,2026-05-27,Wed,1016ET,AGGREGATE,30069.75,728.99,30075.6,NEAR_FLIP,NEUTRAL,25.81,0.625,12.34,15.53,16.12,19.0,28473.97,690.0,-1595.7799999999988,-5.3069280589296515,-13674236.25,30343603.47,193427897.96999997,40837581.47,352881517.48999995,1419.864808,63959.0,19492,15.787449287165426,PUT WALL + VOL SENSITIVE
2026-05-27T10:16:37 ET,2026-05-27T10:15:00 ET,2026-05-27,Wed,1016ET,AGGREGATE,30069.75,728.99,30075.6,NEAR_FLIP,NEUTRAL,25.81,0.625,12.34,15.53,16.12,19.0,28502.72,691.0,-1567.0299999999988,-5.211317021258902,-754198.99,828888.23,6478259.42,4408323.91,2642900.23,5.538425,704.96,1021,0.8734768885178483,PUT WALL + VOL SENSITIVE
2026-05-27T10:16:37 ET,2026-05-27T10:15:00 ET,2026-05-27,Wed,1016ET,AGGREGATE,30069.75,728.99,30075.6,NEAR_FLIP,NEUTRAL,25.81,0.625,12.34,15.53,16.12,19.0,28514.84,691.0,-1554.9099999999999,-5.171010733378228,-227126.2,305925.08,2525307.48,805182.6900000001,2173316.5100000002,6.5091399999999995,399.0,264,0.2144957833386365,PUT WALL + VOL SENSITIVE
2026-05-27T10:16:37 ET,2026-05-27T10:15:00 ET,2026-05-27,Wed,1016ET,AGGREGATE,30069.75,728.99,30075.6,NEAR_FLIP,NEUTRAL,25.81,0.625,12.34,15.53,16.12,19.0,28515.24,691.0,-1554.5099999999984,-5.169680492854109,-324289.42999999993,1836537.05,4529962.67,2405710.04,31056894.689999998,132.813456,3816.51,1110,0.6985612110019074,PUT WALL + VOL SENSITIVE
2026-05-27T10:16:37 ET,2026-05-27T10:15:00 ET,2026-05-27,Wed,1016ET,AGGREGATE,30069.75,728.99,30075.6,NEAR_FLIP,NEUTRAL,25.81,0.625,12.34,15.53,16.12,19.0,28543.97,692.0,-1525.7799999999988,-5.074135967209567,-1129539.6400000001,1198046.02,9755280.61,6200381.29,2071833.7100000002,4.36156,986.22,1469,1.2684995114067557,PUT WALL + VOL SENSITIVE
2026-05-27T10:16:37 ET,2026-05-27T10:15:00 ET,2026-05-27,Wed,1016ET,AGGREGATE,30069.75,728.99,30075.6,NEAR_FLIP,NEUTRAL,25.81,0.625,12.34,15.53,16.12,19.0,28556.11,692.0,-1513.6399999999994,-5.033763167302686,-328268.29000000004,491792.27,3626013.3800000004,1259130.4400000002,4400787.75,13.880225000000001,628.1500000000001,403,0.33270334394253115,PUT WALL + VOL SENSITIVE
2026-05-27T10:16:37 ET,2026-05-27T10:15:00 ET,2026-05-27,Wed,1016ET,AGGREGATE,30069.75,728.99,30075.6,NEAR_FLIP,NEUTRAL,25.81,0.625,12.34,15.53,16.12,19.0,28556.5,692.0,-1513.25,-5.032466182791676,-16404466.079999998,18570827.82,226109522.54,23659921.78,22226512.430000003,101.182294,38051.82,10544,12.478018913782288,PUT WALL + VOL SENSITIVE
2026-05-27T10:16:37 ET,2026-05-27T10:15:00 ET,2026-05-27,Wed,1016ET,AGGREGATE,30069.75,728.99,30075.6,NEAR_FLIP,NEUTRAL,25.81,0.625,12.34,15.53,16.12,19.0,28585.22,693.0,-1484.5299999999988,-4.936954913160232,-1631102.03,1711629.99,14155950.08,8613910.05,2208285.4000000004,4.6839379999999995,1363.55,2083,1.8035184040731098,PUT WALL + VOL SENSITIVE
2026-05-27T10:16:37 ET,2026-05-27T10:15:00 ET,2026-05-27,Wed,1016ET,AGGREGATE,30069.75,728.99,30075.6,NEAR_FLIP,NEUTRAL,25.81,0.625,12.34,15.53,16.12,19.0,28597.38,693.0,-1472.369999999999,-4.896515601227144,-175330.22999999998,799299.59,1922432.9500000002,1989212.1800000002,16863393.669999998,56.189133,999.89,620,0.4077838727920997,PUT WALL + VOL SENSITIVE
2026-05-27T10:16:37 ET,2026-05-27T10:15:00 ET,2026-05-27,Wed,1016ET,AGGREGATE,30069.75,728.99,30075.6,NEAR_FLIP,NEUTRAL,25.81,0.625,12.34,15.53,16.12,19.0,28597.77,693.0,-1471.9799999999996,-4.895218616716133,-1239312.31,3747980.85,16840776.509999998,4640750.32,44133260.58,214.19541600000002,7572.99,1996,1.5824351157541465,PUT WALL + VOL SENSITIVE
2026-05-27T10:16:37 ET,2026-05-27T10:15:00 ET,2026-05-27,Wed,1016ET,AGGREGATE,30069.75,728.99,30075.6,NEAR_FLIP,NEUTRAL,25.81,0.625,12.34,15.53,16.12,19.0,28626.46,694.0,-1443.2900000000009,-4.799807115124007,-2945662.33,2977228.9299999997,25673773.91,14558226.78,-903062.2499999998,-1.93641,2294.92,3584,3.1447023436554944,PUT WALL + VOL SENSITIVE
2026-05-27T10:16:37 ET,2026-05-27T10:15:00 ET,2026-05-27,Wed,1016ET,AGGREGATE,30069.75,728.99,30075.6,NEAR_FLIP,NEUTRAL,25.81,0.625,12.34,15.53,16.12,19.0,28638.64,694.0,-1431.1100000000006,-4.759301291164711,-235013.48,590266.42,2555629.7399999993,1426777.7000000002,8911813.82,31.471677,723.26,432,0.3237933333517097,PUT WALL + VOL SENSITIVE
2026-05-27T10:16:37 ET,2026-05-27T10:15:00 ET,2026-05-27,Wed,1016ET,AGGREGATE,30069.75,728.99,30075.6,NEAR_FLIP,NEUTRAL,25.81,0.625,12.34,15.53,16.12,19.0,28639.04,694.0,-1430.7099999999991,-4.757971050640591,2004.8599999998696,3995689.96,-26834.85000000149,4804441.0600000005,67820568.08,351.44165799999996,7962.3,1993,1.0911299609417646,CALL WALL + VOL SENSITIVE
2026-05-27T10:16:37 ET,2026-05-27T10:15:00 ET,2026-05-27,Wed,1016ET,AGGREGATE,30069.75,728.99,30075.6,NEAR_FLIP,NEUTRAL,25.81,0.625,12.34,15.53,16.12,19.0,28667.71,695.0,-1402.0400000000009,-4.662626061074671,-4542663.51,4900074.77,39734576.01,23261918.51,11820592.65,25.720352000000002,3654.19,5813,5.014642058903988,PUT WALL + VOL SENSITIVE
2026-05-27T10:16:37 ET,2026-05-27T10:15:00 ET,2026-05-27,Wed,1016ET,AGGREGATE,30069.75,728.99,30075.6,NEAR_FLIP,NEUTRAL,25.81,0.625,12.34,15.53,16.12,19.0,28679.91,695.0,-1389.8400000000001,-4.6220537250891685,-2936340.2199999997,3398367.04,31638334.73,7971667.96,8399396.25,31.541154000000006,4079.05,2339,2.445023331719602,PUT WALL + VOL SENSITIVE
2026-05-27T10:16:37 ET,2026-05-27T10:15:00 ET,2026-05-27,Wed,1016ET,AGGREGATE,30069.75,728.99,30075.6,NEAR_FLIP,NEUTRAL,25.81,0.625,12.34,15.53,16.12,19.0,28680.3,695.0,-1389.4500000000007,-4.620756740578158,-34299431.53,86491329.47,451773874.32000005,100905488.64,782810623.25,4337.143972999999,170000.31,40349,36.88024406189954,PUT WALL + VOL SENSITIVE
2026-05-27T10:16:37 ET,2026-05-27T10:15:00 ET,2026-05-27,Wed,1016ET,AGGREGATE,30069.75,728.99,30075.6,NEAR_FLIP,NEUTRAL,25.81,0.625,12.34,15.53,16.12,19.0,28708.96,696.0,-1360.7900000000009,-4.525445007025335,-1064286.76,1165647.4000000001,9335570.19,5367550.21,3466472.8699999996,7.686178,840.8900000000001,1357,1.1556965461472457,PUT WALL + VOL SENSITIVE
2026-05-27T10:16:37 ET,2026-05-27T10:15:00 ET,2026-05-27,Wed,1016ET,AGGREGATE,30069.75,728.99,30075.6,NEAR_FLIP,NEUTRAL,25.81,0.625,12.34,15.53,16.12,19.0,28721.18,696.0,-1348.5699999999997,-4.484806159013625,-12661313.020000001,12782221.74,135036705.54999998,29071527.22,-8992849.5,-36.0288,15031.27,8246,9.605724942691829,PUT WALL + VOL SENSITIVE
2026-05-27T10:16:37 ET,2026-05-27T10:15:00 ET,2026-05-27,Wed,1016ET,AGGREGATE,30069.75,728.99,30075.6,NEAR_FLIP,NEUTRAL,25.81,0.625,12.34,15.53,16.12,19.0,28721.57,696.0,-1348.1800000000003,-4.483509174502616,-11442525.75,13944000.489999998,148162157.55,15769908.280000001,22926469.120000005,135.992241,27036.559999999998,6076,8.122735363562276,PUT WALL + VOL SENSITIVE
2026-05-27T10:16:37 ET,2026-05-27T10:15:00 ET,2026-05-27,Wed,1016ET,AGGREGATE,30069.75,728.99,30075.6,NEAR_FLIP,NEUTRAL,25.81,0.625,12.34,15.53,16.12,19.0,28750.21,697.0,-1319.5400000000009,-4.388263952976,-5001342.51,5393570.17,43957545.95999999,24068423.2,12526363.370000001,28.435682,3763.4700000000003,6133,5.336602133343014,PUT WALL + VOL SENSITIVE
2026-05-27T10:16:37 ET,2026-05-27T10:15:00 ET,2026-05-27,Wed,1016ET,AGGREGATE,30069.75,728.99,30075.6,NEAR_FLIP,NEUTRAL,25.81,0.625,12.34,15.53,16.12,19.0,28762.44,697.0,-1307.3100000000013,-4.347591848951192,-448030.73000000004,766630.3500000001,4724769.45,1688954.04,6293839.91,26.992877,883.3499999999999,462,0.43357274626111647,PUT WALL + VOL SENSITIVE
2026-05-27T10:16:37 ET,2026-05-27T10:15:00 ET,2026-05-27,Wed,1016ET,AGGREGATE,30069.75,728.99,30075.6,NEAR_FLIP,NEUTRAL,25.81,0.625,12.34,15.53,16.12,19.0,28762.84,697.0,-1306.9099999999999,-4.346261608427073,-3997513.3200000003,7820366.0600000005,50830187.44,8565491.39,47209680.16,300.175293,14960.2,3179,3.4691537389247884,PUT WALL + VOL SENSITIVE
2026-05-27T10:16:37 ET,2026-05-27T10:15:00 ET,2026-05-27,Wed,1016ET,AGGREGATE,30069.75,728.99,30075.6,NEAR_FLIP,NEUTRAL,25.81,0.625,12.34,15.53,16.12,19.0,28791.46,698.0,-1278.2900000000009,-4.251082898926665,-777425.82,896890.5599999999,6840301.23,3874752.6700000004,4211799.84,9.839404,605.29,991,0.838831008462351,PUT WALL + VOL SENSITIVE
2026-05-27T10:16:37 ET,2026-05-27T10:15:00 ET,2026-05-27,Wed,1016ET,AGGREGATE,30069.75,728.99,30075.6,NEAR_FLIP,NEUTRAL,25.81,0.625,12.34,15.53,16.12,19.0,28803.71,698.0,-1266.0400000000009,-4.210344282875651,-245960.27000000002,438450.91000000003,2561763.2199999997,934726.1,3537994.67,16.297932,495.1,246,0.22896480839306407,PUT WALL + VOL SENSITIVE
2026-05-27T10:16:37 ET,2026-05-27T10:15:00 ET,2026-05-27,Wed,1016ET,AGGREGATE,30069.75,728.99,30075.6,NEAR_FLIP,NEUTRAL,25.81,0.625,12.34,15.53,16.12,19.0,28804.1,698.0,-1265.6500000000015,-4.2090472983646405,-1000548.0899999999,4189630.09,12479365.3,4439573.0200000005,38970730.730000004,265.9161,7908.51,1587,1.3479806524441202,PUT WALL + VOL SENSITIVE
2026-05-27T10:16:37 ET,2026-05-27T10:15:00 ET,2026-05-27,Wed,1016ET,AGGREGATE,30069.75,728.99,30075.6,NEAR_FLIP,NEUTRAL,25.81,0.625,12.34,15.53,16.12,19.0,28832.71,699.0,-1237.0400000000009,-4.113901844877329,-1248619.07,1379756.8499999999,10987049.72,5764786.0200000005,4210803.01,10.181225000000001,900.5699999999999,1473,1.287007044106819,PUT WALL + VOL SENSITIVE
2026-05-27T10:16:37 ET,2026-05-27T10:15:00 ET,2026-05-27,Wed,1016ET,AGGREGATE,30069.75,728.99,30075.6,NEAR_FLIP,NEUTRAL,25.81,0.625,12.34,15.53,16.12,19.0,28844.97,699.0,-1224.7799999999988,-4.073129972813206,-845152.1100000001,1041073.73,8683129.74,2145401.23,2783093.59,13.816545,1152.26,542,0.6378307034757489,PUT WALL + VOL SENSITIVE
2026-05-27T10:16:37 ET,2026-05-27T10:15:00 ET,2026-05-27,Wed,1016ET,AGGREGATE,30069.75,728.99,30075.6,NEAR_FLIP,NEUTRAL,25.81,0.625,12.34,15.53,16.12,19.0,28845.37,699.0,-1224.380000000001,-4.071799732289097,2977824.6900000004,8496726.45,-36387421.35,8701311.29,137176372.21,1005.533333,15828.669999999998,2996,3.3311643778670414,CALL WALL + VOL SENSITIVE
2026-05-27T10:16:37 ET,2026-05-27T10:15:00 ET,2026-05-27,Wed,1016ET,AGGREGATE,30069.75,728.99,30075.6,NEAR_FLIP,NEUTRAL,25.81,0.625,12.34,15.53,16.12,19.0,28873.96,700.0,-1195.7900000000009,-3.9767207908279945,-12503308.139999999,13162763.26,109908924.93,53127065.14,16400585.780000001,41.298397,8308.92,13493,12.30996704606943,PUT WALL + VOL SENSITIVE
2026-05-27T10:16:37 ET,2026-05-27T10:15:00 ET,2026-05-27,Wed,1016ET,AGGREGATE,30069.75,728.99,30075.6,NEAR_FLIP,NEUTRAL,25.81,0.625,12.34,15.53,16.12,19.0,28886.24,700.0,-1183.5099999999984,-3.9358824067376634,-2602361.41,3669890.3499999996,26339292.310000002,7302031.29,15466050.529999997,83.020513,3982.0099999999998,1767,2.093199051393127,PUT WALL + VOL SENSITIVE
2026-05-27T10:16:37 ET,2026-05-27T10:15:00 ET,2026-05-27,Wed,1016ET,AGGREGATE,30069.75,728.99,30075.6,NEAR_FLIP,NEUTRAL,25.81,0.625,12.34,15.53,16.12,19.0,28886.64,700.0,-1183.1100000000006,-3.9345521662135554,-28252971.129999995,126304350.91,337795863.38,124857139.55,1019069373.8599999,8032.112508,232248.65000000002,41419,37.53514435760976,PUT WALL + VOL SENSITIVE
2026-05-27T10:16:37 ET,2026-05-27T10:15:00 ET,2026-05-27,Wed,1016ET,AGGREGATE,30069.75,728.99,30075.6,NEAR_FLIP,NEUTRAL,25.81,0.625,12.34,15.53,16.12,19.0,28915.2,701.0,-1154.5499999999993,-3.839572992791757,-5908098.92,6284515.199999999,51818731.25,24474091.22,9601426.0,25.350796000000003,3836.73,6144,5.697040958759212,PUT WALL + VOL SENSITIVE
2026-05-27T10:16:37 ET,2026-05-27T10:15:00 ET,2026-05-27,Wed,1016ET,AGGREGATE,30069.75,728.99,30075.6,NEAR_FLIP,NEUTRAL,25.81,0.625,12.34,15.53,16.12,19.0,28927.51,701.0,-1142.2400000000016,-3.798634840662132,-1074680.97,1430654.97,10700318.57,2745069.62,4494861.319999999,26.173809,1522.12,635,0.7995562672023377,PUT WALL + VOL SENSITIVE
2026-05-27T10:16:37 ET,2026-05-27T10:15:00 ET,2026-05-27,Wed,1016ET,AGGREGATE,30069.75,728.99,30075.6,NEAR_FLIP,NEUTRAL,25.81,0.625,12.34,15.53,16.12,19.0,28927.9,701.0,-1141.8499999999985,-3.79733785615111,4492343.66,10700900.42,-52481207.36999999,10198482.219999999,155737382.42,1320.899349,19425.35,3261,4.305163818738119,CALL WALL + VOL SENSITIVE
2026-05-27T10:16:37 ET,2026-05-27T10:15:00 ET,2026-05-27,Wed,1016ET,AGGREGATE,30069.75,728.99,30075.6,NEAR_FLIP,NEUTRAL,25.81,0.625,12.34,15.53,16.12,19.0,28956.45,702.0,-1113.2999999999993,-3.702391938742421,-2572444.31,3899181.65,22482108.72,14632359.53,42465590.739999995,118.429267,2302.39,3609,3.087756668593979,PUT WALL + VOL SENSITIVE
2026-05-27T10:16:37 ET,2026-05-27T10:15:00 ET,2026-05-27,Wed,1016ET,AGGREGATE,30069.75,728.99,30075.6,NEAR_FLIP,NEUTRAL,25.81,0.625,12.34,15.53,16.12,19.0,28968.77,702.0,-1100.9799999999996,-3.661420530599688,-1556861.02,2091342.44,15226040.65,3864525.4,6109834.9399999995,38.716407,2182.2,853,1.1335614128026212,PUT WALL + VOL SENSITIVE
2026-05-27T10:16:37 ET,2026-05-27T10:15:00 ET,2026-05-27,Wed,1016ET,AGGREGATE,30069.75,728.99,30075.6,NEAR_FLIP,NEUTRAL,25.81,0.625,12.34,15.53,16.12,19.0,28969.17,702.0,-1100.5800000000017,-3.6600902900755803,2692505.25,15688613.25,-30689438.239999995,14395863.18,170468806.27,1556.8753339999998,28120.38,4440,4.294138689997749,CALL WALL + VOL SENSITIVE
2026-05-27T10:16:37 ET,2026-05-27T10:15:00 ET,2026-05-27,Wed,1016ET,AGGREGATE,30069.75,728.99,30075.6,NEAR_FLIP,NEUTRAL,25.81,0.625,12.34,15.53,16.12,19.0,28997.7,703.0,-1072.0499999999993,-3.565210884693086,-2046214.7,2471790.56,17793303.299999997,8925993.45,12073582.22,35.846494,1411.8,2149,2.013776071617335,PUT WALL + VOL SENSITIVE
2026-05-27T10:16:37 ET,2026-05-27T10:15:00 ET,2026-05-27,Wed,1016ET,AGGREGATE,30069.75,728.99,30075.6,NEAR_FLIP,NEUTRAL,25.81,0.625,12.34,15.53,16.12,19.0,29010.04,703.0,-1059.7099999999991,-3.524172964524145,-1343419.5699999998,1664555.73,12884192.6,2958029.18,2920597.58,20.200826,1703.8400000000001,622,0.9030428374068452,PUT WALL + VOL SENSITIVE
2026-05-27T10:16:37 ET,2026-05-27T10:15:00 ET,2026-05-27,Wed,1016ET,AGGREGATE,30069.75,728.99,30075.6,NEAR_FLIP,NEUTRAL,25.81,0.625,12.34,15.53,16.12,19.0,29010.44,703.0,-1059.3100000000013,-3.5228427240000375,-3258539.95,12714396.55,36180261.08,11216556.83,74980728.97,737.745,22505.989999999998,3340,3.5130835796976534,PUT WALL + VOL SENSITIVE
2026-05-27T10:16:37 ET,2026-05-27T10:15:00 ET,2026-05-27,Wed,1016ET,AGGREGATE,30069.75,728.99,30075.6,NEAR_FLIP,NEUTRAL,25.81,0.625,12.34,15.53,16.12,19.0,29038.95,704.0,-1030.7999999999993,-3.4280298306437507,-3305722.6799999997,3614437.92,28555062.43,12541237.819999998,7103054.839999999,22.641151,1997.17,2927,2.94764192504124,PUT WALL + VOL SENSITIVE
2026-05-27T10:16:37 ET,2026-05-27T10:15:00 ET,2026-05-27,Wed,1016ET,AGGREGATE,30069.75,728.99,30075.6,NEAR_FLIP,NEUTRAL,25.81,0.625,12.34,15.53,16.12,19.0,29051.3,704.0,-1018.4500000000007,-3.3869586544617123,-896417.4100000001,1277248.33,8415816.96,2179433.53,3626677.32,27.459159000000003,1282.85,436,0.6221811285290244,PUT WALL + VOL SENSITIVE
2026-05-27T10:16:37 ET,2026-05-27T10:15:00 ET,2026-05-27,Wed,1016ET,AGGREGATE,30069.75,728.99,30075.6,NEAR_FLIP,NEUTRAL,25.81,0.625,12.34,15.53,16.12,19.0,29051.7,704.0,-1018.0499999999993,-3.3856284139375927,-18194315.59,34415358.17,196455438.84,29143987.36,101799967.92999999,1079.436432,60172.97,8389,12.52273836495419,PUT WALL + VOL SENSITIVE
2026-05-27T10:16:37 ET,2026-05-27T10:15:00 ET,2026-05-27,Wed,1016ET,AGGREGATE,30069.75,728.99,30075.6,NEAR_FLIP,NEUTRAL,25.81,0.625,12.34,15.53,16.12,19.0,29080.2,705.0,-989.5499999999993,-3.2908487765944154,-20291706.48,22113545.919999998,173808467.89000002,73605544.64,37668351.81,130.060343,11822.95,16532,17.493962433590305,PUT WALL + VOL SENSITIVE
2026-05-27T10:16:37 ET,2026-05-27T10:15:00 ET,2026-05-27,Wed,1016ET,AGGREGATE,30069.75,728.99,30075.6,NEAR_FLIP,NEUTRAL,25.81,0.625,12.34,15.53,16.12,19.0,29092.57,705.0,-977.1800000000003,-3.2497110883861695,-778127.7600000002,5054615.0600000005,7137512.34,8267914.040000001,44074839.39,366.282133,4982.82,1572,1.5374373614078336,PUT WALL + VOL SENSITIVE
2026-05-27T10:16:37 ET,2026-05-27T10:15:00 ET,2026-05-27,Wed,1016ET,AGGREGATE,30069.75,728.99,30075.6,NEAR_FLIP,NEUTRAL,25.81,0.625,12.34,15.53,16.12,19.0,29092.97,705.0,-976.7799999999988,-3.24838084786205,-123807549.98000002,242445950.12,1297661065.45,196747768.16000003,677725333.1700001,7745.788954999999,418788.75,54829,83.95271017709372,PUT WALL + VOL SENSITIVE
2026-05-27T10:16:37 ET,2026-05-27T10:15:00 ET,2026-05-27,Wed,1016ET,AGGREGATE,30069.75,728.99,30075.6,NEAR_FLIP,NEUTRAL,25.81,0.625,12.34,15.53,16.12,19.0,29121.45,706.0,-948.2999999999993,-3.15366772254508,-4849888.54,5382264.72,41111475.440000005,17155670.93,10423062.559999999,39.350283999999995,2785.0200000000004,3680,4.055990224394956,PUT WALL + VOL SENSITIVE
2026-05-27T10:16:37 ET,2026-05-27T10:15:00 ET,2026-05-27,Wed,1016ET,AGGREGATE,30069.75,728.99,30075.6,NEAR_FLIP,NEUTRAL,25.81,0.625,12.34,15.53,16.12,19.0,29133.84,706.0,-935.9099999999999,-3.1124635223106276,-4496700.2,5190133.12,40216060.3,8123411.1,2643720.9300000006,24.174274000000004,5023.200000000001,1467,2.6717486269090926,PUT WALL + VOL SENSITIVE
2026-05-27T10:16:37 ET,2026-05-27T10:15:00 ET,2026-05-27,Wed,1016ET,AGGREGATE,30069.75,728.99,30075.6,NEAR_FLIP,NEUTRAL,25.81,0.625,12.34,15.53,16.12,19.0,29134.24,706.0,-935.5099999999984,-3.1111332817865076,-3660309.1799999997,14116973.7,37167174.55,10958110.4,62336661.64000001,767.904872,24095.72,2962,3.4981955407083065,PUT WALL + VOL SENSITIVE
2026-05-27T10:16:37 ET,2026-05-27T10:15:00 ET,2026-05-27,Wed,1016ET,AGGREGATE,30069.75,728.99,30075.6,NEAR_FLIP,NEUTRAL,25.81,0.625,12.34,15.53,16.12,19.0,29162.7,707.0,-907.0499999999993,-3.016486668495745,-7336368.869999999,8182562.41,61410686.65,24928302.14,14871027.350000001,61.989007,4098.94,5067,5.91393690038644,PUT WALL + VOL SENSITIVE
2026-05-27T10:16:37 ET,2026-05-27T10:15:00 ET,2026-05-27,Wed,1016ET,AGGREGATE,30069.75,728.99,30075.6,NEAR_FLIP,NEUTRAL,25.81,0.625,12.34,15.53,16.12,19.0,29175.1,707.0,-894.6500000000015,-2.9752492122481944,-464255.97,2453924.41,4039187.7799999993,3667871.86,16452634.89,165.895822,2332.46,629,0.6954061154125589,PUT WALL + VOL SENSITIVE
2026-05-27T10:16:37 ET,2026-05-27T10:15:00 ET,2026-05-27,Wed,1016ET,AGGREGATE,30069.75,728.99,30075.6,NEAR_FLIP,NEUTRAL,25.81,0.625,12.34,15.53,16.12,19.0,29175.5,707.0,-894.25,-2.973918971724075,-3728632.1099999994,12336328.25,36600599.14,9141278.5,45539578.0,604.518013,20811.03,2402,3.115305890726421,PUT WALL + VOL SENSITIVE
2026-05-27T10:16:37 ET,2026-05-27T10:15:00 ET,2026-05-27,Wed,1016ET,AGGREGATE,30069.75,728.99,30075.6,NEAR_FLIP,NEUTRAL,25.81,0.625,12.34,15.53,16.12,19.0,29203.94,708.0,-865.8100000000013,-2.8793388704595193,-4173023.64,5920038.28,34410877.22,17202101.79,32358133.900000002,150.433155,2871.96,3287,3.7506779170108904,PUT WALL + VOL SENSITIVE
2026-05-27T10:16:37 ET,2026-05-27T10:15:00 ET,2026-05-27,Wed,1016ET,AGGREGATE,30069.75,728.99,30075.6,NEAR_FLIP,NEUTRAL,25.81,0.625,12.34,15.53,16.12,19.0,29216.37,708.0,-853.380000000001,-2.838001646172652,-2534338.4400000004,4663527.54,21397599.189999998,6642319.91,13941351.010000002,155.303627,4354.7300000000005,1082,1.7769710298119394,PUT WALL + VOL SENSITIVE
2026-05-27T10:16:37 ET,2026-05-27T10:15:00 ET,2026-05-27,Wed,1016ET,AGGREGATE,30069.75,728.99,30075.6,NEAR_FLIP,NEUTRAL,25.81,0.625,12.34,15.53,16.12,19.0,29216.77,708.0,-852.9799999999996,-2.8366714056485325,-248941.08999999985,14466243.19,2356779.8100000024,10210517.440000001,75237310.41,1075.782962,24124.949999999997,2615,2.169448820486407,PUT WALL + VOL SENSITIVE
2026-05-27T10:16:37 ET,2026-05-27T10:15:00 ET,2026-05-27,Wed,1016ET,AGGREGATE,30069.75,728.99,30075.6,NEAR_FLIP,NEUTRAL,25.81,0.625,12.34,15.53,16.12,19.0,29245.19,709.0,-824.5600000000013,-2.742157816410184,-24313490.740000002,26728402.18,196974482.12,73907384.98,30079520.980000004,157.56525299999998,12562.52,13171,17.8153429754875,PUT WALL + VOL SENSITIVE
2026-05-27T10:16:37 ET,2026-05-27T10:15:00 ET,2026-05-27,Wed,1016ET,AGGREGATE,30069.75,728.99,30075.6,NEAR_FLIP,NEUTRAL,25.81,0.625,12.34,15.53,16.12,19.0,29257.63,709.0,-812.119999999999,-2.700787336110207,-2594325.1399999997,4320695.92,21199288.26,5850276.959999999,9412524.62,116.01685300000001,3965.06,906,1.6527734541441723,PUT WALL + VOL SENSITIVE
2026-05-27T10:16:37 ET,2026-05-27T10:15:00 ET,2026-05-27,Wed,1016ET,AGGREGATE,30069.75,728.99,30075.6,NEAR_FLIP,NEUTRAL,25.81,0.625,12.34,15.53,16.12,19.0,29258.04,709.0,-811.7099999999991,-2.69942383957299,3596771.869999999,22795435.009999998,-32757584.17,15288271.93,132137696.49000001,2033.8083129999998,37588.850000000006,3828,4.662285679716445,CALL WALL + VOL SENSITIVE
2026-05-27T10:16:37 ET,2026-05-27T10:15:00 ET,2026-05-27,Wed,1016ET,AGGREGATE,30069.75,728.99,30075.6,NEAR_FLIP,NEUTRAL,25.81,0.625,12.34,15.53,16.12,19.0,29286.44,710.0,-783.3100000000013,-2.6049767623608484,-9132063.41,14223656.57,72469397.64,37332384.46,73366263.32,437.495703,6479.98,6157,7.919585818303967,PUT WALL + VOL SENSITIVE
2026-05-27T10:16:37 ET,2026-05-27T10:15:00 ET,2026-05-27,Wed,1016ET,AGGREGATE,30069.75,728.99,30075.6,NEAR_FLIP,NEUTRAL,25.81,0.625,12.34,15.53,16.12,19.0,29298.9,710.0,-770.8499999999985,-2.5635397700346645,-5990545.73,10808339.11,47236470.61,13875719.31,23717146.0,323.82115,9751.380000000001,2046,3.848121079042982,PUT WALL + VOL SENSITIVE
2026-05-27T10:16:37 ET,2026-05-27T10:15:00 ET,2026-05-27,Wed,1016ET,AGGREGATE,30069.75,728.99,30075.6,NEAR_FLIP,NEUTRAL,25.81,0.625,12.34,15.53,16.12,19.0,29299.3,710.0,-770.4500000000007,-2.562209529510557,-89836971.66,213253129.34,784901436.0799999,135537720.62,423981182.5,7018.4986340000005,347782.49,33297,55.98069700069902,PUT WALL + VOL SENSITIVE
2026-05-27T10:16:37 ET,2026-05-27T10:15:00 ET,2026-05-27,Wed,1016ET,AGGREGATE,30069.75,728.99,30075.6,NEAR_FLIP,NEUTRAL,25.81,0.625,12.34,15.53,16.12,19.0,29327.69,711.0,-742.0600000000013,-2.467795708311513,-4832380.5,6575119.16,37439212.57,16335046.930000002,20728851.799999997,142.147412,2905.11,2475,3.6383040817313006,PUT WALL + VOL SENSITIVE
2026-05-27T10:16:37 ET,2026-05-27T10:15:00 ET,2026-05-27,Wed,1016ET,AGGREGATE,30069.75,728.99,30075.6,NEAR_FLIP,NEUTRAL,25.81,0.625,12.34,15.53,16.12,19.0,29340.17,711.0,-729.5800000000017,-2.426292203959134,749531.7799999998,6347597.24,-5684609.989999998,7703871.39,38523275.36,583.032463,5632.49,1084,1.444841276022615,CALL WALL + VOL SENSITIVE
2026-05-27T10:16:37 ET,2026-05-27T10:15:00 ET,2026-05-27,Wed,1016ET,AGGREGATE,30069.75,728.99,30075.6,NEAR_FLIP,NEUTRAL,25.81,0.625,12.34,15.53,16.12,19.0,29340.57,711.0,-729.1800000000003,-2.4249619634350146,16850535.689999998,50358950.89,-140797111.06,30241319.900000002,289243570.30999994,5143.940918,81244.54000000001,7319,13.134719473325152,CALL WALL + VOL SENSITIVE
2026-05-27T10:16:37 ET,2026-05-27T10:15:00 ET,2026-05-27,Wed,1016ET,AGGREGATE,30069.75,728.99,30075.6,NEAR_FLIP,NEUTRAL,25.81,0.625,12.34,15.53,16.12,19.0,29368.94,712.0,-700.8100000000013,-2.330614654262178,-4300583.9,6367579.02,32408513.99,14927130.84,21367233.869999997,170.156382,2730.2599999999998,2064,3.232408721610178,PUT WALL + VOL SENSITIVE
2026-05-27T10:16:37 ET,2026-05-27T10:15:00 ET,2026-05-27,Wed,1016ET,AGGREGATE,30069.75,728.99,30075.6,NEAR_FLIP,NEUTRAL,25.81,0.625,12.34,15.53,16.12,19.0,29381.43,712.0,-688.3199999999997,-2.289077893896689,-3577239.39,8238687.449999999,26000978.57,9421946.27,18765403.47,314.879047,7193.09,1269,2.410499069951408,PUT WALL + VOL SENSITIVE
2026-05-27T10:16:37 ET,2026-05-27T10:15:00 ET,2026-05-27,Wed,1016ET,AGGREGATE,30069.75,728.99,30075.6,NEAR_FLIP,NEUTRAL,25.81,0.625,12.34,15.53,16.12,19.0,29381.84,712.0,-687.9099999999999,-2.2877143973594722,4894265.720000001,22507716.72,-38976222.150000006,12728167.11,104973784.75999999,2002.913541,35930.36,3049,4.5976983717841176,CALL WALL + VOL SENSITIVE
2026-05-27T10:16:37 ET,2026-05-27T10:15:00 ET,2026-05-27,Wed,1016ET,AGGREGATE,30069.75,728.99,30075.6,NEAR_FLIP,NEUTRAL,25.81,0.625,12.34,15.53,16.12,19.0,29410.19,713.0,-659.5600000000013,-2.1934336002128427,-3919491.24,7267691.32,28609911.549999997,16019957.959999999,30285517.32,282.66413,3026.2400000000002,2010,3.2148450653955294,PUT WALL + VOL SENSITIVE
2026-05-27T10:16:37 ET,2026-05-27T10:15:00 ET,2026-05-27,Wed,1016ET,AGGREGATE,30069.75,728.99,30075.6,NEAR_FLIP,NEUTRAL,25.81,0.625,12.34,15.53,16.12,19.0,29422.7,713.0,-647.0499999999993,-2.1518303278211466,-2201893.0199999996,5540711.2,15276355.16,5948854.109999999,11865954.82,220.68201,4761.91,770,1.4847532187655004,PUT WALL + VOL SENSITIVE
2026-05-27T10:16:37 ET,2026-05-27T10:15:00 ET,2026-05-27,Wed,1016ET,AGGREGATE,30069.75,728.99,30075.6,NEAR_FLIP,NEUTRAL,25.81,0.625,12.34,15.53,16.12,19.0,29423.1,713.0,-646.6500000000015,-2.1505000872970395,5827684.5600000005,21958588.92,-44063525.01,11649761.940000001,97973422.58999999,2002.369215,34694.259999999995,2777,4.7136916616582605,CALL WALL + VOL SENSITIVE
2026-05-27T10:16:37 ET,2026-05-27T10:15:00 ET,2026-05-27,Wed,1016ET,AGGREGATE,30069.75,728.99,30075.6,NEAR_FLIP,NEUTRAL,25.81,0.625,12.34,15.53,16.12,19.0,29451.43,714.0,-618.3199999999997,-2.056285802176605,-10273194.63,14820066.13,72294647.24,30595537.880000003,31723740.319999997,349.93769399999996,5997.62,3468,6.816784816596392,PUT WALL + VOL SENSITIVE
2026-05-27T10:16:37 ET,2026-05-27T10:15:00 ET,2026-05-27,Wed,1016ET,AGGREGATE,30069.75,728.99,30075.6,NEAR_FLIP,NEUTRAL,25.81,0.625,12.34,15.53,16.12,19.0,29463.96,714.0,-605.7900000000009,-2.014616017758714,-5147577.100000001,8430551.96,33934735.6,8462490.67,7221101.6,148.71790199999998,7135.610000000001,1058,2.6330945522647538,PUT WALL + VOL SENSITIVE
2026-05-27T10:16:37 ET,2026-05-27T10:15:00 ET,2026-05-27,Wed,1016ET,AGGREGATE,30069.75,728.99,30075.6,NEAR_FLIP,NEUTRAL,25.81,0.625,12.34,15.53,16.12,19.0,29464.37,714.0,-605.380000000001,-2.0132525212214967,-25041581.66,44368069.06,178997932.67000002,21989169.77,21384585.959999993,467.2882690000001,69400.23999999999,5248,11.597958149201231,PUT WALL + VOL SENSITIVE
2026-05-27T10:16:37 ET,2026-05-27T10:15:00 ET,2026-05-27,Wed,1016ET,AGGREGATE,30069.75,728.99,30075.6,NEAR_FLIP,NEUTRAL,25.81,0.625,12.34,15.53,16.12,19.0,29492.68,715.0,-577.0699999999997,-1.9191047481272698,-26764239.53,35331238.07,180615954.96,68006636.86,44506366.870000005,584.445525,13908.849999999999,6945,15.973519731405055,PUT WALL + VOL SENSITIVE
2026-05-27T10:16:37 ET,2026-05-27T10:15:00 ET,2026-05-27,Wed,1016ET,AGGREGATE,30069.75,728.99,30075.6,NEAR_FLIP,NEUTRAL,25.81,0.625,12.34,15.53,16.12,19.0,29505.23,715.0,-564.5200000000004,-1.8773684516831715,-5638998.040000001,21692520.560000002,35143095.830000006,20260817.259999998,45967590.55,1046.798665,18090.72,2462,4.528071941050136,PUT WALL + VOL SENSITIVE
2026-05-27T10:16:37 ET,2026-05-27T10:15:00 ET,2026-05-27,Wed,1016ET,AGGREGATE,30069.75,728.99,30075.6,NEAR_FLIP,NEUTRAL,25.81,0.625,12.34,15.53,16.12,19.0,29505.64,715.0,-564.1100000000006,-1.8760049551459541,-32183196.740000002,135768351.28,216421746.65000004,62552084.82,224986950.39,5245.283845,210302.02000000002,15052,22.085534944603644,PUT WALL + VOL SENSITIVE
2026-05-27T10:16:37 ET,2026-05-27T10:15:00 ET,2026-05-27,Wed,1016ET,AGGREGATE,30069.75,728.99,30075.6,NEAR_FLIP,NEUTRAL,25.81,0.625,12.34,15.53,16.12,19.0,29533.93,716.0,-535.8199999999997,-1.7819236940779346,-9185961.280000001,18250092.84,59086459.04000001,32583012.59,45454818.83,714.724201,6995.570000000001,2996,6.566596874405235,PUT WALL + VOL SENSITIVE
2026-05-27T10:16:37 ET,2026-05-27T10:15:00 ET,2026-05-27,Wed,1016ET,AGGREGATE,30069.75,728.99,30075.6,NEAR_FLIP,NEUTRAL,25.81,0.625,12.34,15.53,16.12,19.0,29546.5,716.0,-523.25,-1.7401208856076287,-1536069.9500000002,5385966.79,8997247.5,4655079.26,9250919.01,232.44929599999998,4427.94,554,1.0815509943461674,PUT WALL + VOL SENSITIVE
2026-05-27T10:16:37 ET,2026-05-27T10:15:00 ET,2026-05-27,Wed,1016ET,AGGREGATE,30069.75,728.99,30075.6,NEAR_FLIP,NEUTRAL,25.81,0.625,12.34,15.53,16.12,19.0,29546.9,716.0,-522.8499999999985,-1.7387906450835093,2736152.9899999993,17405773.21,-17213708.9,7412926.43,51075417.739999995,1267.403129,26706.25,1813,2.598476922502076,CALL WALL + VOL SENSITIVE
2026-05-27T10:16:37 ET,2026-05-27T10:15:00 ET,2026-05-27,Wed,1016ET,AGGREGATE,30069.75,728.99,30075.6,NEAR_FLIP,NEUTRAL,25.81,0.625,12.34,15.53,16.12,19.0,29575.18,717.0,-494.5699999999997,-1.6447426400285994,-27492392.67,36148761.37,167380456.57,59503089.95999999,25467021.48,481.42840599999994,13506.369999999999,4936,14.559502970901905,PUT WALL + VOL SENSITIVE
2026-05-27T10:16:37 ET,2026-05-27T10:15:00 ET,2026-05-27,Wed,1016ET,AGGREGATE,30069.75,728.99,30075.6,NEAR_FLIP,NEUTRAL,25.81,0.625,12.34,15.53,16.12,19.0,29587.76,717.0,-481.9900000000016,-1.6029065755451959,2299937.89,10429950.93,-12576227.729999997,8288489.9399999995,33087812.060000002,914.818947,8457.51,975,2.0636861930070647,CALL WALL + VOL SENSITIVE
2026-05-27T10:16:37 ET,2026-05-27T10:15:00 ET,2026-05-27,Wed,1016ET,AGGREGATE,30069.75,728.99,30075.6,NEAR_FLIP,NEUTRAL,25.81,0.625,12.34,15.53,16.12,19.0,29588.17,717.0,-481.58000000000175,-1.601543079007979,-5105882.67,22471998.590000004,29858263.880000003,8788690.01,28531751.4,751.5690159999999,34163.3,2205,3.2115161243375505,PUT WALL + VOL SENSITIVE
2026-05-27T10:16:37 ET,2026-05-27T10:15:00 ET,2026-05-27,Wed,1016ET,AGGREGATE,30069.75,728.99,30075.6,NEAR_FLIP,NEUTRAL,25.81,0.625,12.34,15.53,16.12,19.0,29616.43,718.0,-453.3199999999997,-1.507561585979264,-66165338.25,76293046.03,378207534.95000005,114968415.77,3979300.960000001,90.61734799999999,27817.670000000002,8648,30.901319312256803,PUT WALL + VOL SENSITIVE
2026-05-27T10:16:37 ET,2026-05-27T10:15:00 ET,2026-05-27,Wed,1016ET,AGGREGATE,30069.75,728.99,30075.6,NEAR_FLIP,NEUTRAL,25.81,0.625,12.34,15.53,16.12,19.0,29629.03,718.0,-440.72000000000116,-1.4656590094696536,-868012.5499999998,10064253.530000001,4396227.289999999,7298109.78,18384094.310000002,557.347389,8053.86,858,1.3306790396977175,PUT WALL + VOL SENSITIVE
2026-05-27T10:16:37 ET,2026-05-27T10:15:00 ET,2026-05-27,Wed,1016ET,AGGREGATE,30069.75,728.99,30075.6,NEAR_FLIP,NEUTRAL,25.81,0.625,12.34,15.53,16.12,19.0,29629.44,718.0,-440.3100000000013,-1.4642955129324364,-8920822.099999998,33148351.02,48125510.67000001,11812255.83,31025461.83,865.0176219999998,49946.53,3073,4.8040755418303345,PUT WALL + VOL SENSITIVE
2026-05-27T10:16:37 ET,2026-05-27T10:15:00 ET,2026-05-27,Wed,1016ET,AGGREGATE,30069.75,728.99,30075.6,NEAR_FLIP,NEUTRAL,25.81,0.625,12.34,15.53,16.12,19.0,29657.68,719.0,-412.0699999999997,-1.3703805319299287,-30657424.560000002,46187970.2,162968985.38,63183882.24,29800261.0,817.136663,16455.07,4348,15.32400984457231,PUT WALL + VOL SENSITIVE
2026-05-27T10:16:37 ET,2026-05-27T10:15:00 ET,2026-05-27,Wed,1016ET,AGGREGATE,30069.75,728.99,30075.6,NEAR_FLIP,NEUTRAL,25.81,0.625,12.34,15.53,16.12,19.0,29670.29,719.0,-399.4599999999991,-1.3284446994072088,2177439.5,12526681.4,-10119801.769999996,8213845.54,28766272.57,952.2921819999999,9898.52,978,2.0051982119408422,CALL WALL + VOL SENSITIVE
2026-05-27T10:16:37 ET,2026-05-27T10:15:00 ET,2026-05-27,Wed,1016ET,AGGREGATE,30069.75,728.99,30075.6,NEAR_FLIP,NEUTRAL,25.81,0.625,12.34,15.53,16.12,19.0,29670.7,719.0,-399.0499999999993,-1.3270812028699916,-2196513.9099999964,48198116.25,10833734.469999999,15502395.850000001,71288215.6,2097.01591,71999.33,4235,4.107195840812405,PUT WALL + VOL SENSITIVE
2026-05-27T10:16:37 ET,2026-05-27T10:15:00 ET,2026-05-27,Wed,1016ET,AGGREGATE,30069.75,728.99,30075.6,NEAR_FLIP,NEUTRAL,25.81,0.625,12.34,15.53,16.12,19.0,29698.93,720.0,-370.8199999999997,-1.2331994778805933,-42093388.3,91850553.14,205739156.73000002,112901336.11,94043766.9,3095.520361,32016.469999999998,7203,24.08564384552541,PUT WALL + VOL SENSITIVE
2026-05-27T10:16:37 ET,2026-05-27T10:15:00 ET,2026-05-27,Wed,1016ET,AGGREGATE,30069.75,728.99,30075.6,NEAR_FLIP,NEUTRAL,25.81,0.625,12.34,15.53,16.12,19.0,29711.56,720.0,-358.1899999999987,-1.1911971333316662,-2254706.9800000004,29784400.88,9508326.770000003,17464109.93,39952777.66,1437.1811900000002,23253.78,2140,3.298426016193029,PUT WALL + VOL SENSITIVE
2026-05-27T10:16:37 ET,2026-05-27T10:15:00 ET,2026-05-27,Wed,1016ET,AGGREGATE,30069.75,728.99,30075.6,NEAR_FLIP,NEUTRAL,25.81,0.625,12.34,15.53,16.12,19.0,29711.97,720.0,-357.77999999999884,-1.1898336367944489,-1818828.100000009,244010149.42000002,8113081.590000033,70025218.43,341018056.05,10547.092965,361488.2,20392,17.256769854319014,PUT WALL + VOL SENSITIVE
2026-05-27T10:16:37 ET,2026-05-27T10:15:00 ET,2026-05-27,Wed,1016ET,AGGREGATE,30069.75,728.99,30075.6,NEAR_FLIP,NEUTRAL,25.81,0.625,12.34,15.53,16.12,19.0,29740.17,721.0,-329.58000000000175,-1.0960516798443678,-48188087.15,68972718.35,213587323.73000002,75219562.65,12198896.039999995,479.1234659999998,23556.809999999998,4533,20.262899255869442,PUT WALL + VOL SENSITIVE
2026-05-27T10:16:37 ET,2026-05-27T10:15:00 ET,2026-05-27,Wed,1016ET,AGGREGATE,30069.75,728.99,30075.6,NEAR_FLIP,NEUTRAL,25.81,0.625,12.34,15.53,16.12,19.0,29752.83,721.0,-316.91999999999825,-1.0539495672561237,-2541571.34,17339832.84,9591406.25,8966085.64,16447630.4,639.3054239999999,13384.06,1153,1.9889428744817224,PUT WALL + VOL SENSITIVE
2026-05-27T10:16:37 ET,2026-05-27T10:15:00 ET,2026-05-27,Wed,1016ET,AGGREGATE,30069.75,728.99,30075.6,NEAR_FLIP,NEUTRAL,25.81,0.625,12.34,15.53,16.12,19.0,29753.24,721.0,-316.5099999999984,-1.0525860707189065,12308630.720000003,69163975.9,-48990378.870000005,17454085.869999997,120786363.94999999,3913.122951,101645.87,5518,8.207594298281787,CALL WALL + VOL SENSITIVE
2026-05-27T10:16:37 ET,2026-05-27T10:15:00 ET,2026-05-27,Wed,1016ET,AGGREGATE,30069.75,728.99,30075.6,NEAR_FLIP,NEUTRAL,25.81,0.625,12.34,15.53,16.12,19.0,29781.42,722.0,-288.33000000000175,-0.9588706257950323,-17919471.44,45518336.08,70797452.76,43339243.42,29936465.84,1390.2780699999998,15255.96,2530,9.414580365439255,PUT WALL + VOL SENSITIVE
2026-05-27T10:16:37 ET,2026-05-27T10:15:00 ET,2026-05-27,Wed,1016ET,AGGREGATE,30069.75,728.99,30075.6,NEAR_FLIP,NEUTRAL,25.81,0.625,12.34,15.53,16.12,19.0,29794.09,722.0,-275.65999999999985,-0.9167352571936908,-2212225.3000000007,14419833.58,7340794.0299999975,6458589.48,10735189.830000002,448.03090100000003,11010.76,893,1.514135685901875,PUT WALL + VOL SENSITIVE
2026-05-27T10:16:37 ET,2026-05-27T10:15:00 ET,2026-05-27,Wed,1016ET,AGGREGATE,30069.75,728.99,30075.6,NEAR_FLIP,NEUTRAL,25.81,0.625,12.34,15.53,16.12,19.0,29794.5,722.0,-275.25,-0.9153717606564736,-5283180.859999999,30129823.54,18444920.75,6561768.3,16911919.459999997,571.629122,43940.86,2304,2.753574866483595,PUT WALL + VOL SENSITIVE
2026-05-27T10:16:37 ET,2026-05-27T10:15:00 ET,2026-05-27,Wed,1016ET,AGGREGATE,30069.75,728.99,30075.6,NEAR_FLIP,NEUTRAL,25.81,0.625,12.34,15.53,16.12,19.0,29822.67,723.0,-247.08000000000175,-0.8216895717456971,-39989073.839999996,70038666.89999999,137745033.45999998,57001507.07,9913944.66,537.7548489999999,23073.27,3333,15.507103845792594,PUT WALL + VOL SENSITIVE
2026-05-27T10:16:37 ET,2026-05-27T10:15:00 ET,2026-05-27,Wed,1016ET,AGGREGATE,30069.75,728.99,30075.6,NEAR_FLIP,NEUTRAL,25.81,0.625,12.34,15.53,16.12,19.0,29835.36,723.0,-234.38999999999942,-0.7794876911181483,-6077514.190000001,18817912.23,17328172.0,7128203.45,4021415.130000001,178.94502799999998,14224.18,1093,2.3619922841027132,PUT WALL + VOL SENSITIVE
2026-05-27T10:16:37 ET,2026-05-27T10:15:00 ET,2026-05-27,Wed,1016ET,AGGREGATE,30069.75,728.99,30075.6,NEAR_FLIP,NEUTRAL,25.81,0.625,12.34,15.53,16.12,19.0,29835.77,723.0,-233.97999999999956,-0.7781241945809312,9550825.94,42265461.56,-28597535.310000002,7745229.63,62843771.85000001,2206.760386,61187.27,3111,4.938219872191878,CALL WALL + VOL SENSITIVE
2026-05-27T10:16:37 ET,2026-05-27T10:15:00 ET,2026-05-27,Wed,1016ET,AGGREGATE,30069.75,728.99,30075.6,NEAR_FLIP,NEUTRAL,25.81,0.625,12.34,15.53,16.12,19.0,29863.92,724.0,-205.83000000000175,-0.6845085176963618,3890753.8999999985,105823672.97999999,-11342469.639999986,71511589.94999999,97519471.28,6083.233844,34325.18,4379,10.939423499656503,CALL WALL + VOL SENSITIVE
2026-05-27T10:16:37 ET,2026-05-27T10:15:00 ET,2026-05-27,Wed,1016ET,AGGREGATE,30069.75,728.99,30075.6,NEAR_FLIP,NEUTRAL,25.81,0.625,12.34,15.53,16.12,19.0,29876.62,724.0,-193.13000000000102,-0.6422733810557155,31604565.269999996,44938595.11,-75006481.39,13921440.49,95572095.86999999,4499.568864,33648.53,2467,11.364434626047446,CALL WALL + VOL SENSITIVE
2026-05-27T10:16:37 ET,2026-05-27T10:15:00 ET,2026-05-27,Wed,1016ET,AGGREGATE,30069.75,728.99,30075.6,NEAR_FLIP,NEUTRAL,25.81,0.625,12.34,15.53,16.12,19.0,29877.03,724.0,-192.72000000000116,-0.6409098845184984,3639203.1899999995,34467047.95,-9059973.459999993,5127472.04,34278347.27,1244.897932,49548.09,2453,2.568861829844967,CALL WALL + VOL SENSITIVE
2026-05-27T10:16:37 ET,2026-05-27T10:15:00 ET,2026-05-27,Wed,1016ET,AGGREGATE,30069.75,728.99,30075.6,NEAR_FLIP,NEUTRAL,25.81,0.625,12.34,15.53,16.12,19.0,29905.17,725.0,-164.58000000000175,-0.5473274636470264,-49265798.34,212775873.22,116515150.63000003,114439289.19999999,71430200.91000001,5029.733074,68074.58,7800,24.769592801021034,PUT WALL + VOL SENSITIVE
2026-05-27T10:16:37 ET,2026-05-27T10:15:00 ET,2026-05-27,Wed,1016ET,AGGREGATE,30069.75,728.99,30075.6,NEAR_FLIP,NEUTRAL,25.81,0.625,12.34,15.53,16.12,19.0,29917.89,725.0,-151.86000000000058,-0.5050258149801731,-35110527.15,56058343.01,66195999.99000001,13502431.69,-35739035.870000005,-1765.470548,41608.06,2933,10.364700919574963,PUT WALL
2026-05-27T10:16:37 ET,2026-05-27T10:15:00 ET,2026-05-27,Wed,1016ET,AGGREGATE,30069.75,728.99,30075.6,NEAR_FLIP,NEUTRAL,25.81,0.625,12.34,15.53,16.12,19.0,29918.3,725.0,-151.45000000000073,-0.5036623184429558,5770962.829999998,159287252.31,-11412562.850000024,18209810.7,105002887.25999999,3925.4003220000004,227456.18,11013,7.822224132991473,CALL WALL
2026-05-27T10:16:37 ET,2026-05-27T10:15:00 ET,2026-05-27,Wed,1016ET,AGGREGATE,30069.75,728.99,30075.6,NEAR_FLIP,NEUTRAL,25.81,0.625,12.34,15.53,16.12,19.0,29946.42,726.0,-123.33000000000175,-0.4101464095976912,-81037703.16,145228966.72,145581797.46,58104859.21,-31504825.14,-2450.8045730000003,45914.75,4819,24.408160530943857,PUT WALL
2026-05-27T10:16:37 ET,2026-05-27T10:15:00 ET,2026-05-27,Wed,1016ET,AGGREGATE,30069.75,728.99,30075.6,NEAR_FLIP,NEUTRAL,25.81,0.625,12.34,15.53,16.12,19.0,29959.16,726.0,-110.59000000000015,-0.36777824890463057,-1590069.960000001,42295860.88,2207532.66,7276002.75,14141404.32,726.454195,31140.97,2128,1.8496302397446749,PUT WALL
2026-05-27T10:16:37 ET,2026-05-27T10:15:00 ET,2026-05-27,Wed,1016ET,AGGREGATE,30069.75,728.99,30075.6,NEAR_FLIP,NEUTRAL,25.81,0.625,12.34,15.53,16.12,19.0,29959.57,726.0,-110.18000000000029,-0.3664147523674134,-4192590.7799999993,29199987.4,6116173.870000001,2333670.85,1983349.2800000012,75.94559300000014,41432.600000000006,1971,1.607911522099676,PUT WALL
2026-05-27T10:16:37 ET,2026-05-27T10:15:00 ET,2026-05-27,Wed,1016ET,AGGREGATE,30069.75,728.99,30075.6,NEAR_FLIP,NEUTRAL,25.81,0.625,12.34,15.53,16.12,19.0,29987.67,727.0,-82.08000000000175,-0.2729653555483559,-49140173.39,216385763.49,59578199.56999999,56804986.16,8750819.74000001,734.1231490000009,67732.03,6658,16.425111347462234,PUT WALL
2026-05-27T10:16:37 ET,2026-05-27T10:15:00 ET,2026-05-27,Wed,1016ET,AGGREGATE,30069.75,728.99,30075.6,NEAR_FLIP,NEUTRAL,25.81,0.625,12.34,15.53,16.12,19.0,30000.42,727.0,-69.33000000000175,-0.23056393884219772,-5200475.16,27271783.12,4592679.83,2816503.13,-2219583.210000001,-117.45464400000014,19932.31,1332,1.6362401287985155,PUT WALL
2026-05-27T10:16:37 ET,2026-05-27T10:15:00 ET,2026-05-27,Wed,1016ET,AGGREGATE,30069.75,728.99,30075.6,NEAR_FLIP,NEUTRAL,25.81,0.625,12.34,15.53,16.12,19.0,30000.83,727.0,-68.91999999999825,-0.22920044230496844,-33650283.47,66862766.03,31418939.650000006,3046501.19,-62582739.129999995,-2441.9713100000004,94305.66,4429,9.346688259701141,PUT WALL
2026-05-27T10:16:37 ET,2026-05-27T10:15:00 ET,2026-05-27,Wed,1016ET,AGGREGATE,30069.75,728.99,30075.6,NEAR_FLIP,NEUTRAL,25.81,0.625,12.34,15.53,16.12,19.0,30028.91,728.0,-40.840000000000146,-0.13581755751211816,-13211745.559999987,216269788.42000002,8138714.799999997,27059031.880000003,17940860.799999997,1580.9851839999992,67155.2,6335,7.145141748659449,PUT WALL
2026-05-27T10:16:37 ET,2026-05-27T10:15:00 ET,2026-05-27,Wed,1016ET,AGGREGATE,30069.75,728.99,30075.6,NEAR_FLIP,NEUTRAL,25.81,0.625,12.34,15.53,16.12,19.0,30041.69,728.0,-28.06000000000131,-0.09331637276665522,-417637.62000000104,65443815.019999996,154854.30000000075,2265066.55,6979668.430000007,376.69847200000004,47516.149999999994,3134,1.2992895266974873,PUT WALL
2026-05-27T10:16:37 ET,2026-05-27T10:15:00 ET,2026-05-27,Wed,1016ET,AGGREGATE,30069.75,728.99,30075.6,NEAR_FLIP,NEUTRAL,25.81,0.625,12.34,15.53,16.12,19.0,30042.1,728.0,-27.650000000001455,-0.09195287622943807,-78176510.55,130018753.21,31484707.86,1462736.72,-168036235.91000003,-6645.851834000001,182350.4,8497,20.462333316963978,PUT WALL
2026-05-27T10:16:37 ET,2026-05-27T10:15:00 ET,2026-05-27,Wed,1016ET,AGGREGATE,30069.75,728.99,30075.6,NEAR_FLIP,NEUTRAL,25.81,0.625,12.34,15.53,16.12,19.0,30070.16,729.0,0.4099999999998545,0.0013634965372171517,-29850058.74000001,187120812.16,319446.10999999987,-2265897.06,-29448167.769999996,-2650.7269370000004,57755.509999999995,5366,8.323957450801593,PUT WALL
2026-05-27T10:16:37 ET,2026-05-27T10:15:00 ET,2026-05-27,Wed,1016ET,AGGREGATE,30069.75,728.99,30075.6,NEAR_FLIP,NEUTRAL,25.81,0.625,12.34,15.53,16.12,19.0,30082.96,729.0,13.209999999999127,0.04393119330888726,40828193.83,70211003.43,6027230.57,-2384872.73,69177024.58999999,3768.615905,50679.229999999996,3331,10.43975671799778,CALL WALL
2026-05-27T10:16:37 ET,2026-05-27T10:15:00 ET,2026-05-27,Wed,1016ET,AGGREGATE,30069.75,728.99,30075.6,NEAR_FLIP,NEUTRAL,25.81,0.625,12.34,15.53,16.12,19.0,30083.37,729.0,13.619999999998981,0.045294689846104415,-1789221.3099999987,49882255.989999995,-238908.7799999998,-1148273.23,-4150304.5700000003,-165.46013300000004,69590.41,3234,1.3658548137412931,PUT WALL
2026-05-27T10:16:37 ET,2026-05-27T10:15:00 ET,2026-05-27,Wed,1016ET,AGGREGATE,30069.75,728.99,30075.6,NEAR_FLIP,NEUTRAL,25.81,0.625,12.34,15.53,16.12,19.0,30111.41,730.0,41.659999999999854,0.13854455058655246,-118302240.19999999,597947064.3399999,-70975438.66999999,-89190907.22,-201608881.66000003,-18006.894320000003,183824.39,17281,43.73668489055246,PUT WALL
2026-05-27T10:16:37 ET,2026-05-27T10:15:00 ET,2026-05-27,Wed,1016ET,AGGREGATE,30069.75,728.99,30075.6,NEAR_FLIP,NEUTRAL,25.81,0.625,12.34,15.53,16.12,19.0,30124.22,730.0,54.470000000001164,0.1811455033713322,-11051196.379999995,169262228.84,-7415151.880000003,-17342434.75,-45827448.620000005,-2493.245957,121552.85,8041,6.984263421965592,PUT WALL
2026-05-27T10:16:37 ET,2026-05-27T10:15:00 ET,2026-05-27,Wed,1016ET,AGGREGATE,30069.75,728.99,30075.6,NEAR_FLIP,NEUTRAL,25.81,0.625,12.34,15.53,16.12,19.0,30124.63,730.0,54.88000000000102,0.18250899990854935,182984365.87,322278818.09,123434494.84,-18449231.310000002,387407164.13,15480.465209000002,447398.81,20846,50.35771971150178,CALL WALL
2026-05-27T10:16:37 ET,2026-05-27T10:15:00 ET,2026-05-27,Wed,1016ET,AGGREGATE,30069.75,728.99,30075.6,NEAR_FLIP,NEUTRAL,25.81,0.625,12.34,15.53,16.12,19.0,30152.66,731.0,82.90999999999985,0.27572560463588774,55808234.59,152355813.65,67651945.99000001,-43580021.339999996,19297778.85,1660.6780410000001,46747.340000000004,4570,16.699708200479073,CALL WALL
2026-05-27T10:16:37 ET,2026-05-27T10:15:00 ET,2026-05-27,Wed,1016ET,AGGREGATE,30069.75,728.99,30075.6,NEAR_FLIP,NEUTRAL,25.81,0.625,12.34,15.53,16.12,19.0,30165.49,731.0,95.7400000000016,0.3183930694468747,2474401.67,13619605.81,2964635.67,-2327107.41,268692.2199999988,14.440019000000007,9738.26,655,0.8445022923914808,CALL WALL
2026-05-27T10:16:37 ET,2026-05-27T10:15:00 ET,2026-05-27,Wed,1016ET,AGGREGATE,30069.75,728.99,30075.6,NEAR_FLIP,NEUTRAL,25.81,0.625,12.34,15.53,16.12,19.0,30165.9,731.0,96.15000000000146,0.31975656598409186,43506716.14,61377746.84,53069866.79,-5611729.8,86025702.07,3425.525215,84818.90000000001,3984,12.157596920503881,CALL WALL
2026-05-27T10:16:37 ET,2026-05-27T10:15:00 ET,2026-05-27,Wed,1016ET,AGGREGATE,30069.75,728.99,30075.6,NEAR_FLIP,NEUTRAL,25.81,0.625,12.34,15.53,16.12,19.0,30193.91,732.0,124.15999999999985,0.4129066586852231,101646110.85,193433360.10999998,185235505.97000003,-81773420.73,34759271.47,2799.2754749999995,59357.61,6200,31.244588962009225,CALL WALL
2026-05-27T10:16:37 ET,2026-05-27T10:15:00 ET,2026-05-27,Wed,1016ET,AGGREGATE,30069.75,728.99,30075.6,NEAR_FLIP,NEUTRAL,25.81,0.625,12.34,15.53,16.12,19.0,30206.75,732.0,137.0,0.4556073795093075,1807903.6899999995,21877665.950000003,3123782.6999999993,-5232787.26,-6503340.92,-341.43753000000004,15587.09,1077,1.2501187949578958,CALL WALL
2026-05-27T10:16:37 ET,2026-05-27T10:15:00 ET,2026-05-27,Wed,1016ET,AGGREGATE,30069.75,728.99,30075.6,NEAR_FLIP,NEUTRAL,25.81,0.625,12.34,15.53,16.12,19.0,30207.17,732.0,137.41999999999825,0.4570041320596222,27700171.77,36918300.55,48992859.9,-4635807.47,50756651.2,2002.1938569999998,50804.53,2419,8.012062768266167,CALL WALL
2026-05-27T10:16:37 ET,2026-05-27T10:15:00 ET,2026-05-27,Wed,1016ET,AGGREGATE,30069.75,728.99,30075.6,NEAR_FLIP,NEUTRAL,25.81,0.625,12.34,15.53,16.12,19.0,30235.16,733.0,165.40999999999985,0.5500877127345584,72553733.84,111044681.84,176061358.95000002,-62105163.37,24353249.990000002,1784.3955529999998,34148.85,3912,23.268876492939675,CALL WALL + VOL SENSITIVE
2026-05-27T10:16:37 ET,2026-05-27T10:15:00 ET,2026-05-27,Wed,1016ET,AGGREGATE,30069.75,728.99,30075.6,NEAR_FLIP,NEUTRAL,25.81,0.625,12.34,15.53,16.12,19.0,30248.02,733.0,178.27000000000044,0.5928549455848501,3846525.53,10558320.07,8689058.9,-3245812.46,789205.1399999997,40.03058200000004,7501.41,538,1.2602306491470068,CALL WALL + VOL SENSITIVE
2026-05-27T10:16:37 ET,2026-05-27T10:15:00 ET,2026-05-27,Wed,1016ET,AGGREGATE,30069.75,728.99,30075.6,NEAR_FLIP,NEUTRAL,25.81,0.625,12.34,15.53,16.12,19.0,30248.43,733.0,178.6800000000003,0.5942184421220672,9933798.270000001,16876937.150000002,23052333.35,-2694676.04,14590817.069999998,566.7621260000001,23136.370000000003,1123,3.045333900270621,CALL WALL + VOL SENSITIVE
2026-05-27T10:16:37 ET,2026-05-27T10:15:00 ET,2026-05-27,Wed,1016ET,AGGREGATE,30069.75,728.99,30075.6,NEAR_FLIP,NEUTRAL,25.81,0.625,12.34,15.53,16.12,19.0,30276.41,734.0,206.65999999999985,0.6872687667838937,58721859.970000006,90962298.71000001,177424491.11,-63277232.46,8523418.849999994,553.3017400000003,28089.86,3617,20.204322621410668,CALL WALL + VOL SENSITIVE
2026-05-27T10:16:37 ET,2026-05-27T10:15:00 ET,2026-05-27,Wed,1016ET,AGGREGATE,30069.75,728.99,30075.6,NEAR_FLIP,NEUTRAL,25.81,0.625,12.34,15.53,16.12,19.0,30289.29,734.0,219.54000000000087,0.7301025116603925,6900359.16,13388196.84,19253052.87,-5028141.73,3090712.210000001,149.78623200000004,9492.76,714,2.2673053197127295,CALL WALL + VOL SENSITIVE
2026-05-27T10:16:37 ET,2026-05-27T10:15:00 ET,2026-05-27,Wed,1016ET,AGGREGATE,30069.75,728.99,30075.6,NEAR_FLIP,NEUTRAL,25.81,0.625,12.34,15.53,16.12,19.0,30289.7,734.0,219.95000000000073,0.7314660081976097,9884570.889999999,11943856.49,28417513.779999997,-2313762.77,15946469.62,606.2621119999999,16317.36,812,3.0602370389413935,CALL WALL + VOL SENSITIVE
2026-05-27T10:16:37 ET,2026-05-27T10:15:00 ET,2026-05-27,Wed,1016ET,AGGREGATE,30069.75,728.99,30075.6,NEAR_FLIP,NEUTRAL,25.81,0.625,12.34,15.53,16.12,19.0,30317.65,735.0,247.90000000000146,0.8244165648201314,83515849.63,108738027.59,300935665.70000005,-90451832.22,18684958.58,1048.7018240000002,33786.39,5001,29.93200324781527,CALL WALL + VOL SENSITIVE
2026-05-27T10:16:37 ET,2026-05-27T10:15:00 ET,2026-05-27,Wed,1016ET,AGGREGATE,30069.75,728.99,30075.6,NEAR_FLIP,NEUTRAL,25.81,0.625,12.34,15.53,16.12,19.0,30330.55,735.0,260.7999999999993,0.8673168217228253,83748022.27,89524970.07000001,278064452.91,-39715732.8,86547142.93,3963.903099,63398.04,5052,27.242353579480564,CALL WALL + VOL SENSITIVE
2026-05-27T10:16:37 ET,2026-05-27T10:15:00 ET,2026-05-27,Wed,1016ET,AGGREGATE,30069.75,728.99,30075.6,NEAR_FLIP,NEUTRAL,25.81,0.625,12.34,15.53,16.12,19.0,30330.97,735.0,261.22000000000116,0.8687135742731521,86327061.12,112627266.38,296195681.32,-25648678.279999997,121222964.37,4483.383221,153396.91,7871,28.071939541443285,CALL WALL + VOL SENSITIVE
2026-05-27T10:16:37 ET,2026-05-27T10:15:00 ET,2026-05-27,Wed,1016ET,AGGREGATE,30069.75,728.99,30075.6,NEAR_FLIP,NEUTRAL,25.81,0.625,12.34,15.53,16.12,19.0,30358.9,736.0,289.15000000000146,0.9615976188694667,51118516.13,56342574.63,213119975.15,-54531274.550000004,19075427.73,905.731066,17648.67,3063,19.021876036613214,CALL WALL + VOL SENSITIVE
2026-05-27T10:16:37 ET,2026-05-27T10:15:00 ET,2026-05-27,Wed,1016ET,AGGREGATE,30069.75,728.99,30075.6,NEAR_FLIP,NEUTRAL,25.81,0.625,12.34,15.53,16.12,19.0,30371.82,736.0,302.0699999999997,1.0045643877983679,10603940.100000001,13718847.5,40803901.39,-7018620.11,7344715.659999999,314.522508,9710.68,828,3.6545146909734476,CALL WALL + VOL SENSITIVE
2026-05-27T10:16:37 ET,2026-05-27T10:15:00 ET,2026-05-27,Wed,1016ET,AGGREGATE,30069.75,728.99,30075.6,NEAR_FLIP,NEUTRAL,25.81,0.625,12.34,15.53,16.12,19.0,30372.23,736.0,302.47999999999956,1.005927884335585,7803030.07,11178809.05,31121770.909999996,-2925476.7700000005,8854018.15,316.61531399999996,15184.52,808,2.639275428833153,CALL WALL + VOL SENSITIVE
2026-05-27T10:16:37 ET,2026-05-27T10:15:00 ET,2026-05-27,Wed,1016ET,AGGREGATE,30069.75,728.99,30075.6,NEAR_FLIP,NEUTRAL,25.81,0.625,12.34,15.53,16.12,19.0,30400.15,737.0,330.40000000000146,1.098778672918802,35265926.53,36640518.730000004,166311981.92000002,-40440197.6,14701721.200000001,579.608619,11592.33,2399,13.801946541606668,CALL WALL + VOL SENSITIVE
2026-05-27T10:16:37 ET,2026-05-27T10:15:00 ET,2026-05-27,Wed,1016ET,AGGREGATE,30069.75,728.99,30075.6,NEAR_FLIP,NEUTRAL,25.81,0.625,12.34,15.53,16.12,19.0,30413.08,737.0,343.33000000000175,1.1417786978608129,21770906.75,23794681.189999998,95185827.18,-13788917.81,18442627.68,730.803171,16848.09,1552,7.726588276049452,CALL WALL + VOL SENSITIVE
2026-05-27T10:16:37 ET,2026-05-27T10:15:00 ET,2026-05-27,Wed,1016ET,AGGREGATE,30069.75,728.99,30075.6,NEAR_FLIP,NEUTRAL,25.81,0.625,12.34,15.53,16.12,19.0,30413.5,737.0,343.75,1.1431754504111273,9227119.7,11061907.2,41949298.64,-3270158.5,11682521.02,401.467679,14991.11,832,3.2019353810870053,CALL WALL + VOL SENSITIVE
2026-05-27T10:16:37 ET,2026-05-27T10:15:00 ET,2026-05-27,Wed,1016ET,AGGREGATE,30069.75,728.99,30075.6,NEAR_FLIP,NEUTRAL,25.81,0.625,12.34,15.53,16.12,19.0,30441.4,738.0,371.65000000000146,1.2359597269681373,33305279.509999998,33954651.29,174559495.5,-42082785.269999996,13891835.48,447.800925,10870.08,2719,13.776716416774079,CALL WALL + VOL SENSITIVE
2026-05-27T10:16:37 ET,2026-05-27T10:15:00 ET,2026-05-27,Wed,1016ET,AGGREGATE,30069.75,728.99,30075.6,NEAR_FLIP,NEUTRAL,25.81,0.625,12.34,15.53,16.12,19.0,30454.35,738.0,384.59999999999854,1.2790262639363432,4354410.28,6320918.14,21299761.6,-4091545.73,753320.2199999997,27.348703,4480.5,450,1.6545301550438047,CALL WALL + VOL SENSITIVE
2026-05-27T10:16:37 ET,2026-05-27T10:15:00 ET,2026-05-27,Wed,1016ET,AGGREGATE,30069.75,728.99,30075.6,NEAR_FLIP,NEUTRAL,25.81,0.625,12.34,15.53,16.12,19.0,30454.77,738.0,385.02000000000044,1.28042301648667,26326825.580000002,27012618.44,134374757.69,-8900809.1,36939186.44,1212.533795,36537.14,2127,9.42105984088491,CALL WALL + VOL SENSITIVE
2026-05-27T10:16:37 ET,2026-05-27T10:15:00 ET,2026-05-27,Wed,1016ET,AGGREGATE,30069.75,728.99,30075.6,NEAR_FLIP,NEUTRAL,25.81,0.625,12.34,15.53,16.12,19.0,30482.65,739.0,412.90000000000146,1.3731407810174725,37926617.62,38673244.300000004,217801874.67,-53171628.41,14469322.299999999,376.838499,12549.56,3833,16.629278532158153,CALL WALL + VOL SENSITIVE
2026-05-27T10:16:37 ET,2026-05-27T10:15:00 ET,2026-05-27,Wed,1016ET,AGGREGATE,30069.75,728.99,30075.6,NEAR_FLIP,NEUTRAL,25.81,0.625,12.34,15.53,16.12,19.0,30495.62,739.0,425.869999999999,1.4162738300118856,7903842.04,7903842.04,42719994.54,-5651439.66,6961488.58,229.3708,5612.97,620,3.0151599469217922,CALL WALL + VOL SENSITIVE
2026-05-27T10:16:37 ET,2026-05-27T10:15:00 ET,2026-05-27,Wed,1016ET,AGGREGATE,30069.75,728.99,30075.6,NEAR_FLIP,NEUTRAL,25.81,0.625,12.34,15.53,16.12,19.0,30496.03,739.0,426.27999999999884,1.4176373265491027,11214353.29,11286703.95,63486341.2,-4100969.2399999998,15309391.33,477.151772,15242.82,936,4.14805162479322,CALL WALL + VOL SENSITIVE
2026-05-27T10:16:37 ET,2026-05-27T10:15:00 ET,2026-05-27,Wed,1016ET,AGGREGATE,30069.75,728.99,30075.6,NEAR_FLIP,NEUTRAL,25.81,0.625,12.34,15.53,16.12,19.0,30523.9,740.0,454.15000000000146,1.5103218350668077,39107812.26,40999343.48,243200091.4,-61918837.830000006,8971218.239999998,187.19074300000003,13508.400000000001,5072,18.28490387197208,CALL WALL + VOL SENSITIVE
2026-05-27T10:16:37 ET,2026-05-27T10:15:00 ET,2026-05-27,Wed,1016ET,AGGREGATE,30069.75,728.99,30075.6,NEAR_FLIP,NEUTRAL,25.81,0.625,12.34,15.53,16.12,19.0,30536.88,740.0,467.130000000001,1.5534881400743306,16238373.25,16536535.469999999,95990094.10000001,-12942515.379999999,12950471.61,383.843598,11774.4,1442,6.4890611305584125,CALL WALL + VOL SENSITIVE
2026-05-27T10:16:37 ET,2026-05-27T10:15:00 ET,2026-05-27,Wed,1016ET,AGGREGATE,30069.75,728.99,30075.6,NEAR_FLIP,NEUTRAL,25.81,0.625,12.34,15.53,16.12,19.0,30537.3,740.0,467.5499999999993,1.5548848926246452,166179262.45,169844311.93,1033114909.78,-67452336.36,211869370.62,6233.033758,229110.94,14922,64.0278766391805,CALL WALL + VOL SENSITIVE
2026-05-27T10:16:37 ET,2026-05-27T10:15:00 ET,2026-05-27,Wed,1016ET,AGGREGATE,30069.75,728.99,30075.6,NEAR_FLIP,NEUTRAL,25.81,0.625,12.34,15.53,16.12,19.0,30565.14,741.0,495.3899999999994,1.6474696331030336,21342622.85,21561719.83,142307555.89,-35478064.75,7670689.6,127.59309099999999,7224.5,3346,10.478842430778977,CALL WALL + VOL SENSITIVE
2026-05-27T10:16:37 ET,2026-05-27T10:15:00 ET,2026-05-27,Wed,1016ET,AGGREGATE,30069.75,728.99,30075.6,NEAR_FLIP,NEUTRAL,25.81,0.625,12.34,15.53,16.12,19.0,30578.15,741.0,508.40000000000146,1.6907357061498731,7796594.76,7837521.76,49972251.51,-6663579.72,6159899.399999999,162.89699000000002,5599.37,766,3.2331412375657593,CALL WALL + VOL SENSITIVE
2026-05-27T10:16:37 ET,2026-05-27T10:15:00 ET,2026-05-27,Wed,1016ET,AGGREGATE,30069.75,728.99,30075.6,NEAR_FLIP,NEUTRAL,25.81,0.625,12.34,15.53,16.12,19.0,30578.57,741.0,508.8199999999997,1.692132458700188,8214399.920000001,8278491.46,55616175.23,-3567174.61,10229138.639999999,282.420292,11158.57,775,3.260667667351706,CALL WALL + VOL SENSITIVE
2026-05-27T10:16:37 ET,2026-05-27T10:15:00 ET,2026-05-27,Wed,1016ET,AGGREGATE,30069.75,728.99,30075.6,NEAR_FLIP,NEUTRAL,25.81,0.625,12.34,15.53,16.12,19.0,30606.39,742.0,536.6399999999994,1.7846506871523689,8641098.979999999,8907767.92,61255584.81,-15859689.01,1690602.8100000003,22.379272,3039.76,1737,4.513472184008094,CALL WALL + VOL SENSITIVE
2026-05-27T10:16:37 ET,2026-05-27T10:15:00 ET,2026-05-27,Wed,1016ET,AGGREGATE,30069.75,728.99,30075.6,NEAR_FLIP,NEUTRAL,25.81,0.625,12.34,15.53,16.12,19.0,30619.41,742.0,549.6599999999999,1.827950016212306,4059258.94,4059258.94,28002782.07,-3725119.26,3136326.79,73.44792,2912.03,448,1.7446559882082318,CALL WALL + VOL SENSITIVE
2026-05-27T10:16:37 ET,2026-05-27T10:15:00 ET,2026-05-27,Wed,1016ET,AGGREGATE,30069.75,728.99,30075.6,NEAR_FLIP,NEUTRAL,25.81,0.625,12.34,15.53,16.12,19.0,30619.83,742.0,550.0800000000017,1.8293467687626328,11284374.61,11443871.07,82620126.57000001,-5316924.08,13286431.76,342.33142,15419.12,1148,4.649067597866744,CALL WALL + VOL SENSITIVE
2026-05-27T10:16:37 ET,2026-05-27T10:15:00 ET,2026-05-27,Wed,1016ET,AGGREGATE,30069.75,728.99,30075.6,NEAR_FLIP,NEUTRAL,25.81,0.625,12.34,15.53,16.12,19.0,30647.64,743.0,577.8899999999994,1.921831741201704,7437321.91,7486359.1899999995,55641354.63,-14338507.78,2515756.0700000003,26.536828,2605.52,1832,4.094108851307269,CALL WALL + VOL SENSITIVE
2026-05-27T10:16:37 ET,2026-05-27T10:15:00 ET,2026-05-27,Wed,1016ET,AGGREGATE,30069.75,728.99,30075.6,NEAR_FLIP,NEUTRAL,25.81,0.625,12.34,15.53,16.12,19.0,30660.68,743.0,590.9300000000003,1.9651975822878482,1928778.13,1928778.13,14229266.69,-1899982.23,1435539.57,29.571376,1390.39,242,0.8549109805306422,CALL WALL + VOL SENSITIVE
2026-05-27T10:16:37 ET,2026-05-27T10:15:00 ET,2026-05-27,Wed,1016ET,AGGREGATE,30069.75,728.99,30075.6,NEAR_FLIP,NEUTRAL,25.81,0.625,12.34,15.53,16.12,19.0,30661.1,743.0,591.3499999999985,1.9665943348381631,6855839.12,6929856.28,53951723.14,-3453000.51,7787832.07,186.237151,9336.95,749,2.917926599766367,CALL WALL + VOL SENSITIVE
2026-05-27T10:16:37 ET,2026-05-27T10:15:00 ET,2026-05-27,Wed,1016ET,AGGREGATE,30069.75,728.99,30075.6,NEAR_FLIP,NEUTRAL,25.81,0.625,12.34,15.53,16.12,19.0,30688.89,744.0,619.1399999999994,2.0590127952510393,6463603.680000001,6489758.88,50706849.9,-13303831.8,2230520.8400000003,18.823901,2306.62,1985,3.776036988548893,CALL WALL + VOL SENSITIVE
2026-05-27T10:16:37 ET,2026-05-27T10:15:00 ET,2026-05-27,Wed,1016ET,AGGREGATE,30069.75,728.99,30075.6,NEAR_FLIP,NEUTRAL,25.81,0.625,12.34,15.53,16.12,19.0,30701.95,744.0,632.2000000000007,2.1024451483633912,9241365.54,9241365.54,72499971.95,-9725363.17,6645376.98,119.70208,6698.96,1326,4.334741416988313,CALL WALL + VOL SENSITIVE
2026-05-27T10:16:37 ET,2026-05-27T10:15:00 ET,2026-05-27,Wed,1016ET,AGGREGATE,30069.75,728.99,30075.6,NEAR_FLIP,NEUTRAL,25.81,0.625,12.34,15.53,16.12,19.0,30702.37,744.0,632.619999999999,2.1038419009137055,9362199.67,9481789.81,78767997.8,-5043426.52,10142324.69,223.929952,12779.98,1110,4.132780912444225,CALL WALL + VOL SENSITIVE
2026-05-27T10:16:37 ET,2026-05-27T10:15:00 ET,2026-05-27,Wed,1016ET,AGGREGATE,30069.75,728.99,30075.6,NEAR_FLIP,NEUTRAL,25.81,0.625,12.34,15.53,16.12,19.0,30730.14,745.0,660.3899999999994,2.1961938493003745,15716165.63,15737225.81,128553883.71,-34377986.25,5763978.58,39.167866000000004,5719.04,5978,9.785647032614975,CALL WALL + VOL SENSITIVE
2026-05-27T10:16:37 ET,2026-05-27T10:15:00 ET,2026-05-27,Wed,1016ET,AGGREGATE,30069.75,728.99,30075.6,NEAR_FLIP,NEUTRAL,25.81,0.625,12.34,15.53,16.12,19.0,30743.21,745.0,673.4599999999991,2.2396594584258236,5317477.430000001,5341730.47,44140944.76,-5980561.84,3576174.37,56.042074,3896.5,881,2.59381402675159,CALL WALL + VOL SENSITIVE
2026-05-27T10:16:37 ET,2026-05-27T10:15:00 ET,2026-05-27,Wed,1016ET,AGGREGATE,30069.75,728.99,30075.6,NEAR_FLIP,NEUTRAL,25.81,0.625,12.34,15.53,16.12,19.0,30743.63,745.0,673.880000000001,2.2410562109761503,35271904.07,35758413.089999996,315785649.3,-20221109.18,36517900.81,740.648836,48232.66,4557,16.166396712323007,CALL WALL + VOL SENSITIVE
2026-05-27T10:16:37 ET,2026-05-27T10:15:00 ET,2026-05-27,Wed,1016ET,AGGREGATE,30069.75,728.99,30075.6,NEAR_FLIP,NEUTRAL,25.81,0.625,12.34,15.53,16.12,19.0,30771.39,746.0,701.6399999999994,2.3333749033497098,1430083.72,1430083.72,12135552.64,-3316177.53,547368.55,3.020303,531.97,669,0.9326864645534666,CALL WALL + VOL SENSITIVE
2026-05-27T10:16:37 ET,2026-05-27T10:15:00 ET,2026-05-27,Wed,1016ET,AGGREGATE,30069.75,728.99,30075.6,NEAR_FLIP,NEUTRAL,25.81,0.625,12.34,15.53,16.12,19.0,30784.48,746.0,714.7299999999996,2.3769070245013664,1801643.2899999998,1812148.49,15754375.64,-2150530.32,1153964.68,15.665947,1331.08,345,0.905170561124099,CALL WALL + VOL SENSITIVE
2026-05-27T10:16:37 ET,2026-05-27T10:15:00 ET,2026-05-27,Wed,1016ET,AGGREGATE,30069.75,728.99,30075.6,NEAR_FLIP,NEUTRAL,25.81,0.625,12.34,15.53,16.12,19.0,30784.9,746.0,715.1500000000015,2.378303777051693,2912502.15,2912502.15,27631882.7,-1744694.22,3053603.35,56.618737,3932.92,406,1.3642167104051863,CALL WALL + VOL SENSITIVE
2026-05-27T10:16:37 ET,2026-05-27T10:15:00 ET,2026-05-27,Wed,1016ET,AGGREGATE,30069.75,728.99,30075.6,NEAR_FLIP,NEUTRAL,25.81,0.625,12.34,15.53,16.12,19.0,30812.64,747.0,742.8899999999994,2.4705559573990454,2416152.47,2440699.73,21175352.459999997,-5987231.92,422886.62000000005,1.913967,930.29,1392,1.7012260204876746,CALL WALL + VOL SENSITIVE
2026-05-27T10:16:37 ET,2026-05-27T10:15:00 ET,2026-05-27,Wed,1016ET,AGGREGATE,30069.75,728.99,30075.6,NEAR_FLIP,NEUTRAL,25.81,0.625,12.34,15.53,16.12,19.0,30825.74,747.0,755.9900000000016,2.514121334563811,2181291.61,2190361.43,20012296.8,-2746241.11,1371837.06,16.079059,1621.1899999999998,483,1.1468833365376427,CALL WALL + VOL SENSITIVE
2026-05-27T10:16:37 ET,2026-05-27T10:15:00 ET,2026-05-27,Wed,1016ET,AGGREGATE,30069.75,728.99,30075.6,NEAR_FLIP,NEUTRAL,25.81,0.625,12.34,15.53,16.12,19.0,30826.17,747.0,756.4199999999983,2.5155513431272234,11313561.629999999,11326618.25,113318434.05,-7164519.29,11427253.620000001,192.819069,15317.83,1735,5.535155664153797,CALL WALL + VOL SENSITIVE
2026-05-27T10:16:37 ET,2026-05-27T10:15:00 ET,2026-05-27,Wed,1016ET,AGGREGATE,30069.75,728.99,30075.6,NEAR_FLIP,NEUTRAL,25.81,0.625,12.34,15.53,16.12,19.0,30867.43,748.0,797.6800000000003,2.652765653189668,4998681.16,4998681.16,52680198.23,-3329114.79,4922688.94,75.267667,6772.68,845,2.520916053277126,CALL WALL + VOL SENSITIVE
2026-05-27T10:16:37 ET,2026-05-27T10:15:00 ET,2026-05-27,Wed,1016ET,AGGREGATE,30069.75,728.99,30075.6,NEAR_FLIP,NEUTRAL,25.81,0.625,12.34,15.53,16.12,19.0,30908.7,749.0,838.9500000000007,2.7900132192652105,13731862.77,13742540.73,151802821.45,-9611772.879999999,13074347.34,180.42048200000002,18661.17,2574,7.19792780878683,CALL WALL + VOL SENSITIVE
2026-05-27T10:16:37 ET,2026-05-27T10:15:00 ET,2026-05-27,Wed,1016ET,AGGREGATE,30069.75,728.99,30075.6,NEAR_FLIP,NEUTRAL,25.81,0.625,12.34,15.53,16.12,19.0,30936.38,750.0,866.630000000001,2.8820658635339536,3534411.78,3534411.78,33361643.46,-10089971.84,1377056.41,3.695092,1456.87,3400,3.0233603380128904,CALL WALL + VOL SENSITIVE
2026-05-27T10:16:37 ET,2026-05-27T10:15:00 ET,2026-05-27,Wed,1016ET,AGGREGATE,30069.75,728.99,30075.6,NEAR_FLIP,NEUTRAL,25.81,0.625,12.34,15.53,16.12,19.0,30949.54,750.0,879.7900000000009,2.925830776777329,6283626.21,6289393.649999999,65221803.989999995,-9147667.45,3821583.19,28.48301,4780.87,2181,3.7997931926553776,CALL WALL + VOL SENSITIVE
2026-05-27T10:16:37 ET,2026-05-27T10:15:00 ET,2026-05-27,Wed,1016ET,AGGREGATE,30069.75,728.99,30075.6,NEAR_FLIP,NEUTRAL,25.81,0.625,12.34,15.53,16.12,19.0,30949.97,750.0,880.2200000000012,2.9272607853407533,59183808.18,59913524.18,684375301.2,-43904322.77,50228412.91,623.25686,81568.20999999999,12480,32.2115907820279,CALL WALL + VOL SENSITIVE
2026-05-27T10:16:37 ET,2026-05-27T10:15:00 ET,2026-05-27,Wed,1016ET,AGGREGATE,30069.75,728.99,30075.6,NEAR_FLIP,NEUTRAL,25.81,0.625,12.34,15.53,16.12,19.0,31142.62,755.0,1072.869999999999,3.5679378777675206,804699.53,804699.53,8128729.62,-2833578.89,342259.17,0.499596,382.67,1423,0.9050703255004691,CALL WALL + VOL SENSITIVE
2026-05-27T10:16:37 ET,2026-05-27T10:15:00 ET,2026-05-27,Wed,1016ET,AGGREGATE,30069.75,728.99,30075.6,NEAR_FLIP,NEUTRAL,25.81,0.625,12.34,15.53,16.12,19.0,31155.87,755.0,1086.119999999999,3.6120020951288216,3644462.83,3644462.83,44039247.82,-6513786.78,2123870.02,7.492723,2929.69,2670,2.8025112315847345,CALL WALL + VOL SENSITIVE
2026-05-27T10:16:37 ET,2026-05-27T10:15:00 ET,2026-05-27,Wed,1016ET,AGGREGATE,30069.75,728.99,30075.6,NEAR_FLIP,NEUTRAL,25.81,0.625,12.34,15.53,16.12,19.0,31156.3,755.0,1086.5499999999993,3.6134321036922463,10927954.47,10933353.65,152810255.02,-9829798.209999999,8992718.56,62.74754,15158.51,4050,7.0846712934445275,CALL WALL + VOL SENSITIVE
2026-05-27T10:16:37 ET,2026-05-27T10:15:00 ET,2026-05-27,Wed,1016ET,AGGREGATE,30069.75,728.99,30075.6,NEAR_FLIP,NEUTRAL,25.81,0.625,12.34,15.53,16.12,19.0,31348.87,760.0,1279.119999999999,4.253843148014197,351487.26,351487.26,3629409.09,-1470717.99,170852.18,0.182582,194.43,849,0.46746616119460305,CALL WALL + VOL SENSITIVE
2026-05-27T10:16:37 ET,2026-05-27T10:15:00 ET,2026-05-27,Wed,1016ET,AGGREGATE,30069.75,728.99,30075.6,NEAR_FLIP,NEUTRAL,25.81,0.625,12.34,15.53,16.12,19.0,31362.2,760.0,1292.4500000000007,4.2981734134803276,173503.54,173503.54,2324583.8,-367515.64,99641.48,0.179448,149.28,249,0.15978462568652854,CALL WALL + VOL SENSITIVE
2026-05-27T10:16:37 ET,2026-05-27T10:15:00 ET,2026-05-27,Wed,1016ET,AGGREGATE,30069.75,728.99,30075.6,NEAR_FLIP,NEUTRAL,25.81,0.625,12.34,15.53,16.12,19.0,31362.63,760.0,1292.880000000001,4.299603422043752,8359708.89,8374242.45,135111708.47,-8912880.459999999,6028343.98,22.645277,11921.960000000001,5762,6.630119169139388,CALL WALL + VOL SENSITIVE
2026-05-27T10:16:37 ET,2026-05-27T10:15:00 ET,2026-05-27,Wed,1016ET,AGGREGATE,30069.75,728.99,30075.6,NEAR_FLIP,NEUTRAL,25.81,0.625,12.34,15.53,16.12,19.0,31555.11,765.0,1485.3600000000006,4.939715162247776,356018.12,356018.12,3652881.33,-1724557.85,202941.37,0.19673,229.56,948,0.5152357149127327,CALL WALL + VOL SENSITIVE
2026-05-27T10:16:37 ET,2026-05-27T10:15:00 ET,2026-05-27,Wed,1016ET,AGGREGATE,30069.75,728.99,30075.6,NEAR_FLIP,NEUTRAL,25.81,0.625,12.34,15.53,16.12,19.0,31568.53,765.0,1498.7799999999988,4.98434473183182,189931.0,189931.0,2724182.62,-464799.02,111427.46,0.115887,176.51,472,0.23971346187678114,CALL WALL + VOL SENSITIVE
2026-05-27T10:16:37 ET,2026-05-27T10:15:00 ET,2026-05-27,Wed,1016ET,AGGREGATE,30069.75,728.99,30075.6,NEAR_FLIP,NEUTRAL,25.81,0.625,12.34,15.53,16.12,19.0,31568.97,765.0,1499.2200000000012,4.985807996408354,960060.58,960060.58,17345850.37,-1179511.73,694401.87,1.399777,1413.97,1231,0.9529062391275229,CALL WALL + VOL SENSITIVE
2026-05-27T10:16:37 ET,2026-05-27T10:15:00 ET,2026-05-27,Wed,1016ET,AGGREGATE,30069.75,728.99,30075.6,NEAR_FLIP,NEUTRAL,25.81,0.625,12.34,15.53,16.12,19.0,31761.35,770.0,1691.5999999999985,5.625587176481343,166248.79,166248.79,1665679.63,-914509.29,112551.03,0.112849,124.71,428,0.23498397848765307,CALL WALL + VOL SENSITIVE
2026-05-27T10:16:37 ET,2026-05-27T10:15:00 ET,2026-05-27,Wed,1016ET,AGGREGATE,30069.75,728.99,30075.6,NEAR_FLIP,NEUTRAL,25.81,0.625,12.34,15.53,16.12,19.0,31774.86,770.0,1705.1100000000006,5.670516050183326,128009.95,128009.95,1915501.44,-355147.18,78854.69,0.054466,129.37,479,0.204954273333177,CALL WALL + VOL SENSITIVE
2026-05-27T10:16:37 ET,2026-05-27T10:15:00 ET,2026-05-27,Wed,1016ET,AGGREGATE,30069.75,728.99,30075.6,NEAR_FLIP,NEUTRAL,25.81,0.625,12.34,15.53,16.12,19.0,31775.3,770.0,1705.5499999999993,5.671979314759847,3592844.12,3593708.0,70722037.86,-5001956.01,2451662.6700000004,2.7370799999999997,5511.45,8320,4.798048470683635,CALL WALL + VOL SENSITIVE
2026-05-27T10:16:37 ET,2026-05-27T10:15:00 ET,2026-05-27,Wed,1016ET,AGGREGATE,30069.75,728.99,30075.6,NEAR_FLIP,NEUTRAL,25.81,0.625,12.34,15.53,16.12,19.0,31967.59,775.0,1897.8400000000001,6.311459190714921,44329.19,44329.19,429158.51,-272851.39,35799.22,0.039771,38.52,103,0.04902866123894662,CALL WALL + VOL SENSITIVE
2026-05-27T10:16:37 ET,2026-05-27T10:15:00 ET,2026-05-27,Wed,1016ET,AGGREGATE,30069.75,728.99,30075.6,NEAR_FLIP,NEUTRAL,25.81,0.625,12.34,15.53,16.12,19.0,31981.19,775.0,1911.4399999999987,6.3566873685348195,67952.79,67952.79,1040670.96,-210639.88,44858.53,0.023518,75.01,335,0.12511403635496346,CALL WALL + VOL SENSITIVE
2026-05-27T10:16:37 ET,2026-05-27T10:15:00 ET,2026-05-27,Wed,1016ET,AGGREGATE,30069.75,728.99,30075.6,NEAR_FLIP,NEUTRAL,25.81,0.625,12.34,15.53,16.12,19.0,31981.63,775.0,1911.880000000001,6.358150633111352,159926.6,159926.6,3360543.08,-248557.25,111437.54,0.073001,256.84,631,0.27520917620753094,CALL WALL + VOL SENSITIVE
2026-05-27T10:16:37 ET,2026-05-27T10:15:00 ET,2026-05-27,Wed,1016ET,AGGREGATE,30069.75,728.99,30075.6,NEAR_FLIP,NEUTRAL,25.81,0.625,12.34,15.53,16.12,19.0,32173.84,780.0,2104.09,6.997364460961599,18151.6,18151.6,168761.97,-123561.81,17473.33,0.022127,18.17,37,0.009367506974963075,CALL WALL + VOL SENSITIVE
2026-05-27T10:16:37 ET,2026-05-27T10:15:00 ET,2026-05-27,Wed,1016ET,AGGREGATE,30069.75,728.99,30075.6,NEAR_FLIP,NEUTRAL,25.81,0.625,12.34,15.53,16.12,19.0,32187.52,780.0,2117.7700000000004,7.0428586868863245,22790.72,22790.72,352142.32,-78025.38,16362.78,0.007302,27.55,132,0.03666187910501257,CALL WALL + VOL SENSITIVE
2026-05-27T10:16:37 ET,2026-05-27T10:15:00 ET,2026-05-27,Wed,1016ET,AGGREGATE,30069.75,728.99,30075.6,NEAR_FLIP,NEUTRAL,25.81,0.625,12.34,15.53,16.12,19.0,32187.97,780.0,2118.220000000001,7.044355207475955,580254.9700000001,584740.65,12804624.84,-1003178.9800000001,-608762.94,-0.252073,987.9499999999999,3650,1.4366418521308604,CALL WALL + VOL SENSITIVE
2026-05-27T10:16:37 ET,2026-05-27T10:15:00 ET,2026-05-27,Wed,1016ET,AGGREGATE,30069.75,728.99,30075.6,NEAR_FLIP,NEUTRAL,25.81,0.625,12.34,15.53,16.12,19.0,32380.08,785.0,2310.3300000000017,7.6832364751951765,53372.6,53372.6,474979.22,-398028.36,61013.24,0.088482,61.15,95,0.05898307911828003,CALL WALL + VOL SENSITIVE
2026-05-27T10:16:37 ET,2026-05-27T10:15:00 ET,2026-05-27,Wed,1016ET,AGGREGATE,30069.75,728.99,30075.6,NEAR_FLIP,NEUTRAL,25.81,0.625,12.34,15.53,16.12,19.0,32393.85,785.0,2324.0999999999985,7.729030005237818,38950.93,38950.93,600763.43,-145900.31,30729.06,0.012783,51.63,242,0.08014640910044478,CALL WALL + VOL SENSITIVE
2026-05-27T10:16:37 ET,2026-05-27T10:15:00 ET,2026-05-27,Wed,1016ET,AGGREGATE,30069.75,728.99,30075.6,NEAR_FLIP,NEUTRAL,25.81,0.625,12.34,15.53,16.12,19.0,32586.32,790.0,2516.5699999999997,8.369108489428744,14679.83,14679.83,124862.29,-119002.68,19819.68,0.032653,19.13,23,,
2026-05-27T10:16:37 ET,2026-05-27T10:15:00 ET,2026-05-27,Wed,1016ET,AGGREGATE,30069.75,728.99,30075.6,NEAR_FLIP,NEUTRAL,25.81,0.625,12.34,15.53,16.12,19.0,32600.18,790.0,2530.4300000000003,8.415201323589322,48167.1,48167.1,735745.93,-195869.23,42042.25,0.017446,70.01,300,,
2026-05-27T10:16:37 ET,2026-05-27T10:15:00 ET,2026-05-27,Wed,1016ET,AGGREGATE,30069.75,728.99,30075.6,NEAR_FLIP,NEUTRAL,25.81,0.625,12.34,15.53,16.12,19.0,32792.56,795.0,2722.8099999999977,9.05498050366231,3575.17,3575.17,29055.62,-31299.48,5664.81,0.010456,5.27,5,,
2026-05-27T10:16:37 ET,2026-05-27T10:15:00 ET,2026-05-27,Wed,1016ET,AGGREGATE,30069.75,728.99,30075.6,NEAR_FLIP,NEUTRAL,25.81,0.625,12.34,15.53,16.12,19.0,32806.51,795.0,2736.760000000002,9.101372641940827,335.9,335.9,5051.9,-1473.2,325.75,0.000141,0.53,2,,
2026-05-27T10:16:37 ET,2026-05-27T10:15:00 ET,2026-05-27,Wed,1016ET,AGGREGATE,30069.75,728.99,30075.6,NEAR_FLIP,NEUTRAL,25.81,0.625,12.34,15.53,16.12,19.0,32998.81,800.0,2929.0599999999977,9.740885773908987,238853.89,238853.89,1855613.08,-2245811.56,441184.76,0.897729,395.39,303,,
2026-05-27T10:16:37 ET,2026-05-27T10:15:00 ET,2026-05-27,Wed,1016ET,AGGREGATE,30069.75,728.99,30075.6,NEAR_FLIP,NEUTRAL,25.81,0.625,12.34,15.53,16.12,19.0,33012.85,800.0,2943.0999999999985,9.787577216305419,20844.16,20844.16,307357.28,-98047.19,22508.7,0.010545,36.32,115,,
