timestamp,intended_timestamp,snapshot_date,snapshot_weekday,session_label,expiry,nq_price,qqq_price,gamma_flip,gamma_regime,vol_regime,iv,rv_iv_ratio,hv5,hv10,hv21,hv63,strike_futures,strike_etf,dist_nq,dist_pct,net_gex,abs_gex,net_vex,net_charmex,net_dex,net_dag,net_vegaex,total_oi,score,type
2026-05-25T07:06:32 ET,2026-05-25T07:05:00 ET,2026-05-25,Mon,0706ET,2026-05-26,29558.75,717.54,29424.9,NEAR_FLIP,NEUTRAL,24.4,0.663,12.68,14.31,16.18,18.96,26776.47,650.0,-2782.279999999999,-9.412711971920325,-814063.57,941852.61,8247807.609999999,4588546.22,3797953.1100000003,8.109421000000001,2489.0,1194,,
2026-05-25T07:06:32 ET,2026-05-25T07:05:00 ET,2026-05-25,Mon,0706ET,2026-05-27,29558.75,717.54,29424.9,NEAR_FLIP,NEUTRAL,24.4,0.663,12.68,14.31,16.18,18.96,26776.47,650.0,-2782.279999999999,-9.412711971920325,-359948.33,405296.14999999997,5348206.23,986644.2,1479808.17,2.838203,1464.1100000000001,572,,
2026-05-25T07:06:32 ET,2026-05-25T07:05:00 ET,2026-05-25,Mon,0706ET,2026-05-26,29558.75,717.54,29424.9,NEAR_FLIP,NEUTRAL,24.4,0.663,12.68,14.31,16.18,18.96,26982.44,655.0,-2576.3100000000013,-8.715896308199776,-1114933.64,1223942.24,11580624.07,5508525.29,2558287.46,5.550510000000001,2915.3300000000004,1527,,
2026-05-25T07:06:32 ET,2026-05-25T07:05:00 ET,2026-05-25,Mon,0706ET,2026-05-27,29558.75,717.54,29424.9,NEAR_FLIP,NEUTRAL,24.4,0.663,12.68,14.31,16.18,18.96,26982.44,655.0,-2576.3100000000013,-8.715896308199776,-235625.22,291332.14,3531316.56,654800.71,2120132.22,4.320182,963.81,387,,
2026-05-25T07:06:32 ET,2026-05-25T07:05:00 ET,2026-05-25,Mon,0706ET,2026-05-26,29558.75,717.54,29424.9,NEAR_FLIP,NEUTRAL,24.4,0.663,12.68,14.31,16.18,18.96,27188.41,660.0,-2370.34,-8.019080644479216,-1575046.82,1646076.72,16705520.600000001,6798860.61,317522.4199999999,0.7098699999999996,3524.77,1993,,
2026-05-25T07:06:32 ET,2026-05-25T07:05:00 ET,2026-05-25,Mon,0706ET,2026-05-27,29558.75,717.54,29424.9,NEAR_FLIP,NEUTRAL,24.4,0.663,12.68,14.31,16.18,18.96,27188.41,660.0,-2370.34,-8.019080644479216,-484662.23,535420.77,7285899.3100000005,1103802.16,1325939.11,2.9383450000000004,1620.6599999999999,654,,
2026-05-25T07:06:32 ET,2026-05-25T07:05:00 ET,2026-05-25,Mon,0706ET,2026-05-26,29558.75,717.54,29424.9,NEAR_FLIP,NEUTRAL,24.4,0.663,12.68,14.31,16.18,18.96,27394.39,665.0,-2164.3600000000006,-7.322231149828733,-1328548.0899999999,1446795.83,14312591.709999999,5441644.94,2719296.7700000005,6.399884999999999,2778.43,1664,,
2026-05-25T07:06:32 ET,2026-05-25T07:05:00 ET,2026-05-25,Mon,0706ET,2026-05-27,29558.75,717.54,29424.9,NEAR_FLIP,NEUTRAL,24.4,0.663,12.68,14.31,16.18,18.96,27394.39,665.0,-2164.3600000000006,-7.322231149828733,-370481.33,434673.64999999997,5547199.510000001,815580.15,1841595.0999999999,4.571311,1203.11,474,,
2026-05-25T07:06:32 ET,2026-05-25T07:05:00 ET,2026-05-25,Mon,0706ET,2026-05-26,29558.75,717.54,29424.9,NEAR_FLIP,NEUTRAL,24.4,0.663,12.68,14.31,16.18,18.96,27600.36,670.0,-1958.3899999999994,-6.625415486108173,-7867544.510000001,8130016.29,85475748.87,27587848.48,-836064.2599999998,-2.136678,13973.51,8611,,
2026-05-25T07:06:32 ET,2026-05-25T07:05:00 ET,2026-05-25,Mon,0706ET,2026-05-27,29558.75,717.54,29424.9,NEAR_FLIP,NEUTRAL,24.4,0.663,12.68,14.31,16.18,18.96,27600.36,670.0,-1958.3899999999994,-6.625415486108173,-918064.1499999999,1056519.29,13568508.79,1787530.47,3159376.17,9.10812,2673.64,992,,
2026-05-25T07:06:32 ET,2026-05-25T07:05:00 ET,2026-05-25,Mon,0706ET,2026-05-26,29558.75,717.54,29424.9,NEAR_FLIP,NEUTRAL,24.4,0.663,12.68,14.31,16.18,18.96,27641.55,671.0,-1917.2000000000007,-6.4860658857360365,-107046.94,205414.40000000002,1163714.82,681963.83,3392430.85,8.855720999999999,345.24,213,,
2026-05-25T07:06:32 ET,2026-05-25T07:05:00 ET,2026-05-25,Mon,0706ET,2026-05-26,29558.75,717.54,29424.9,NEAR_FLIP,NEUTRAL,24.4,0.663,12.68,14.31,16.18,18.96,27682.75,672.0,-1876.0,-6.346682454433966,-365137.32,515139.68,3970262.96,1672459.23,4798458.56,12.81793,846.58,522,,
2026-05-25T07:06:32 ET,2026-05-25T07:05:00 ET,2026-05-25,Mon,0706ET,2026-05-26,29558.75,717.54,29424.9,NEAR_FLIP,NEUTRAL,24.4,0.663,12.68,14.31,16.18,18.96,27723.94,673.0,-1834.8100000000013,-6.20733285406183,-478581.62,563572.86,5202601.8100000005,1788412.69,2312894.6799999997,6.334501,905.5699999999999,557,,
2026-05-25T07:06:32 ET,2026-05-25T07:05:00 ET,2026-05-25,Mon,0706ET,2026-05-26,29558.75,717.54,29424.9,NEAR_FLIP,NEUTRAL,24.4,0.663,12.68,14.31,16.18,18.96,27765.14,674.0,-1793.6100000000006,-6.06794942275976,-355506.01999999996,426191.42,3861995.1099999994,1321256.1500000001,1921103.8899999997,5.405468,669.55,410,,
2026-05-25T07:06:32 ET,2026-05-25T07:05:00 ET,2026-05-25,Mon,0706ET,2026-05-26,29558.75,717.54,29424.9,NEAR_FLIP,NEUTRAL,24.4,0.663,12.68,14.31,16.18,18.96,27806.33,675.0,-1752.4199999999983,-5.9285998223876115,-823015.7,949304.2,8930149.979999999,2873555.75,3103007.67,8.989309,1458.09,887,,
2026-05-25T07:06:32 ET,2026-05-25T07:05:00 ET,2026-05-25,Mon,0706ET,2026-05-27,29558.75,717.54,29424.9,NEAR_FLIP,NEUTRAL,24.4,0.663,12.68,14.31,16.18,18.96,27806.33,675.0,-1752.4199999999983,-5.9285998223876115,-3610447.1199999996,3847959.56,52064146.48,5804327.1899999995,1491825.2799999993,5.212524999999999,8907.01,2981,,
2026-05-25T07:06:32 ET,2026-05-25T07:05:00 ET,2026-05-25,Mon,0706ET,2026-05-26,29558.75,717.54,29424.9,NEAR_FLIP,NEUTRAL,24.4,0.663,12.68,14.31,16.18,18.96,27847.53,676.0,-1711.2200000000012,-5.789216391085554,-511338.73999999993,537844.4199999999,5538815.87,1588762.8299999998,233921.3899999999,0.6992929999999999,807.64,487,,
2026-05-25T07:06:32 ET,2026-05-25T07:05:00 ET,2026-05-25,Mon,0706ET,2026-05-27,29558.75,717.54,29424.9,NEAR_FLIP,NEUTRAL,24.4,0.663,12.68,14.31,16.18,18.96,27847.53,676.0,-1711.2200000000012,-5.789216391085554,-322407.53,338595.35,4618682.96,498355.76,-13412.23000000004,-0.04897499999999999,770.0,251,,
2026-05-25T07:06:32 ET,2026-05-25T07:05:00 ET,2026-05-25,Mon,0706ET,2026-05-26,29558.75,717.54,29424.9,NEAR_FLIP,NEUTRAL,24.4,0.663,12.68,14.31,16.18,18.96,27888.72,677.0,-1670.0299999999988,-5.649866790713406,-150793.61,244468.43,1629692.1,704300.26,2662702.56,8.233668,358.89,214,,
2026-05-25T07:06:32 ET,2026-05-25T07:05:00 ET,2026-05-25,Mon,0706ET,2026-05-27,29558.75,717.54,29424.9,NEAR_FLIP,NEUTRAL,24.4,0.663,12.68,14.31,16.18,18.96,27888.72,677.0,-1670.0299999999988,-5.649866790713406,-450594.01999999996,668122.1599999999,6408539.41,958947.36,4659692.279999999,17.81614,1492.76,473,,
2026-05-25T07:06:32 ET,2026-05-25T07:05:00 ET,2026-05-25,Mon,0706ET,2026-05-26,29558.75,717.54,29424.9,NEAR_FLIP,NEUTRAL,24.4,0.663,12.68,14.31,16.18,18.96,27929.92,678.0,-1628.8300000000017,-5.510483359411348,-272460.75999999995,300891.44,2936173.4499999997,844907.87,524290.3599999999,1.6811620000000003,431.82,254,,
2026-05-25T07:06:32 ET,2026-05-25T07:05:00 ET,2026-05-25,Mon,0706ET,2026-05-27,29558.75,717.54,29424.9,NEAR_FLIP,NEUTRAL,24.4,0.663,12.68,14.31,16.18,18.96,27929.92,678.0,-1628.8300000000017,-5.510483359411348,-577972.1,613539.62,8155510.63,858207.61,75596.66000000003,0.3032539999999999,1346.8799999999999,414,,
2026-05-25T07:06:32 ET,2026-05-25T07:05:00 ET,2026-05-25,Mon,0706ET,2026-05-26,29558.75,717.54,29424.9,NEAR_FLIP,NEUTRAL,24.4,0.663,12.68,14.31,16.18,18.96,27971.11,679.0,-1587.6399999999994,-5.3711337590392,-300516.92,401510.32,3227195.69,1098193.35,2501356.06,8.339044,563.33,326,,
2026-05-25T07:06:32 ET,2026-05-25T07:05:00 ET,2026-05-25,Mon,0706ET,2026-05-27,29558.75,717.54,29424.9,NEAR_FLIP,NEUTRAL,24.4,0.663,12.68,14.31,16.18,18.96,27971.11,679.0,-1587.6399999999994,-5.3711337590392,-324057.42,355216.77999999997,4533465.890000001,483916.82,267817.32999999996,1.129429,766.24,228,,
2026-05-25T07:06:32 ET,2026-05-25T07:05:00 ET,2026-05-25,Mon,0706ET,2026-05-26,29558.75,717.54,29424.9,NEAR_FLIP,NEUTRAL,24.4,0.663,12.68,14.31,16.18,18.96,28012.31,680.0,-1546.4399999999987,-5.23175032773713,-3409037.43,3714630.9899999998,36456221.8,9889714.08,4540756.79,15.781821000000003,5094.99,2893,,
2026-05-25T07:06:32 ET,2026-05-25T07:05:00 ET,2026-05-25,Mon,0706ET,2026-05-27,29558.75,717.54,29424.9,NEAR_FLIP,NEUTRAL,24.4,0.663,12.68,14.31,16.18,18.96,28012.31,680.0,-1546.4399999999987,-5.23175032773713,-1908663.77,2164684.01,26453166.119999997,2870125.69,2884897.93,12.815685,4588.6,1319,,
2026-05-25T07:06:32 ET,2026-05-25T07:05:00 ET,2026-05-25,Mon,0706ET,2026-05-26,29558.75,717.54,29424.9,NEAR_FLIP,NEUTRAL,24.4,0.663,12.68,14.31,16.18,18.96,28053.5,681.0,-1505.25,-5.092400727364994,-306071.8,322180.84,3257103.9400000004,834336.31,90211.47999999998,0.32780200000000015,432.01,240,,
2026-05-25T07:06:32 ET,2026-05-25T07:05:00 ET,2026-05-25,Mon,0706ET,2026-05-27,29558.75,717.54,29424.9,NEAR_FLIP,NEUTRAL,24.4,0.663,12.68,14.31,16.18,18.96,28053.5,681.0,-1505.25,-5.092400727364994,-925037.71,1001258.05,12691245.08,1291121.46,336571.47,1.578182,2085.85,578,,
2026-05-25T07:06:32 ET,2026-05-25T07:05:00 ET,2026-05-25,Mon,0706ET,2026-05-26,29558.75,717.54,29424.9,NEAR_FLIP,NEUTRAL,24.4,0.663,12.68,14.31,16.18,18.96,28094.7,682.0,-1464.0499999999993,-4.9530172960629235,-1889040.81,2015727.6099999999,19988552.19,5073606.3100000005,1138089.2300000002,4.336375,2642.48,1432,,
2026-05-25T07:06:32 ET,2026-05-25T07:05:00 ET,2026-05-25,Mon,0706ET,2026-05-27,29558.75,717.54,29424.9,NEAR_FLIP,NEUTRAL,24.4,0.663,12.68,14.31,16.18,18.96,28094.7,682.0,-1464.0499999999993,-4.9530172960629235,-2610826.25,2669455.33,35428731.339999996,3345233.1799999997,-2132804.41,-10.577324,5465.740000000001,1457,,
2026-05-25T07:06:32 ET,2026-05-25T07:05:00 ET,2026-05-25,Mon,0706ET,2026-05-26,29558.75,717.54,29424.9,NEAR_FLIP,NEUTRAL,24.4,0.663,12.68,14.31,16.18,18.96,28135.89,683.0,-1422.8600000000006,-4.813667695690787,-1982404.9,2044586.38,20840300.92,4997872.79,-577093.48,-2.3127020000000007,2620.49,1381,,
2026-05-25T07:06:32 ET,2026-05-25T07:05:00 ET,2026-05-25,Mon,0706ET,2026-05-27,29558.75,717.54,29424.9,NEAR_FLIP,NEUTRAL,24.4,0.663,12.68,14.31,16.18,18.96,28135.89,683.0,-1422.8600000000006,-4.813667695690787,-619398.73,658232.51,8306059.13,800967.0599999999,-84564.30000000005,-0.44445599999999974,1324.77,339,,
2026-05-25T07:06:32 ET,2026-05-25T07:05:00 ET,2026-05-25,Mon,0706ET,2026-05-26,29558.75,717.54,29424.9,NEAR_FLIP,NEUTRAL,24.4,0.663,12.68,14.31,16.18,18.96,28177.08,684.0,-1381.6699999999983,-4.67431809531864,-1738571.99,1816674.95,18142226.37,4309061.0,-26862.929999999935,-0.11358300000000021,2276.53,1163,,
2026-05-25T07:06:32 ET,2026-05-25T07:05:00 ET,2026-05-25,Mon,0706ET,2026-05-27,29558.75,717.54,29424.9,NEAR_FLIP,NEUTRAL,24.4,0.663,12.68,14.31,16.18,18.96,28177.08,684.0,-1381.6699999999983,-4.67431809531864,-628866.39,657732.39,8325697.640000001,776505.16,-292970.99,-1.6351010000000001,1301.34,319,,
2026-05-25T07:06:32 ET,2026-05-25T07:05:00 ET,2026-05-25,Mon,0706ET,2026-05-26,29558.75,717.54,29424.9,NEAR_FLIP,NEUTRAL,24.4,0.663,12.68,14.31,16.18,18.96,28218.28,685.0,-1340.4700000000012,-4.534934664016581,-11549108.8,12012065.2,119514304.74,27622138.79,-1800978.3800000008,-8.060317999999995,14718.269999999999,7265,,
2026-05-25T07:06:32 ET,2026-05-25T07:05:00 ET,2026-05-25,Mon,0706ET,2026-05-27,29558.75,717.54,29424.9,NEAR_FLIP,NEUTRAL,24.4,0.663,12.68,14.31,16.18,18.96,28218.28,685.0,-1340.4700000000012,-4.534934664016581,-1239465.36,1980950.84,16184486.43,2266909.3200000003,9748139.43,57.885439,3853.39,903,,
2026-05-25T07:06:32 ET,2026-05-25T07:05:00 ET,2026-05-25,Mon,0706ET,2026-05-26,29558.75,717.54,29424.9,NEAR_FLIP,NEUTRAL,24.4,0.663,12.68,14.31,16.18,18.96,28259.47,686.0,-1299.2799999999988,-4.395585063644433,-1248435.3299999998,1269505.97,12798775.719999999,2827435.27,-802482.28,-3.8141130000000003,1521.07,723,,
2026-05-25T07:06:32 ET,2026-05-25T07:05:00 ET,2026-05-25,Mon,0706ET,2026-05-27,29558.75,717.54,29424.9,NEAR_FLIP,NEUTRAL,24.4,0.663,12.68,14.31,16.18,18.96,28259.47,686.0,-1299.2799999999988,-4.395585063644433,-568262.61,783407.3099999999,7310595.010000001,868148.77,2365995.54,14.976778,1498.45,335,,
2026-05-25T07:06:32 ET,2026-05-25T07:05:00 ET,2026-05-25,Mon,0706ET,2026-05-26,29558.75,717.54,29424.9,NEAR_FLIP,NEUTRAL,24.4,0.663,12.68,14.31,16.18,18.96,28300.67,687.0,-1258.0800000000017,-4.256201632342375,-1275998.23,1339611.0499999998,12945189.620000001,2886770.1999999997,-62629.419999999925,-0.3171799999999996,1569.67,716,,
2026-05-25T07:06:32 ET,2026-05-25T07:05:00 ET,2026-05-25,Mon,0706ET,2026-05-27,29558.75,717.54,29424.9,NEAR_FLIP,NEUTRAL,24.4,0.663,12.68,14.31,16.18,18.96,28300.67,687.0,-1258.0800000000017,-4.256201632342375,-781715.89,801695.85,9896877.5,859440.4500000001,-664352.31,-4.491224000000001,1508.02,321,,
2026-05-25T07:06:32 ET,2026-05-25T07:05:00 ET,2026-05-25,Mon,0706ET,2026-05-26,29558.75,717.54,29424.9,NEAR_FLIP,NEUTRAL,24.4,0.663,12.68,14.31,16.18,18.96,28341.86,688.0,-1216.8899999999994,-4.116852031970226,-1248223.42,1372245.62,12516884.45,2858042.42,928315.72,5.026492999999999,1572.61,686,,
2026-05-25T07:06:32 ET,2026-05-25T07:05:00 ET,2026-05-25,Mon,0706ET,2026-05-27,29558.75,717.54,29424.9,NEAR_FLIP,NEUTRAL,24.4,0.663,12.68,14.31,16.18,18.96,28341.86,688.0,-1216.8899999999994,-4.116852031970226,-975289.9400000001,1012698.32,12136739.82,1049081.98,-694103.1799999999,-5.020263999999999,1873.6299999999999,379,,
2026-05-25T07:06:32 ET,2026-05-25T07:05:00 ET,2026-05-25,Mon,0706ET,2026-05-26,29558.75,717.54,29424.9,NEAR_FLIP,NEUTRAL,24.4,0.663,12.68,14.31,16.18,18.96,28383.06,689.0,-1175.6899999999987,-3.977468600668156,-1761876.4,1783336.52,17441177.0,3585655.82,-1304600.64,-7.578296,1999.08,831,,
2026-05-25T07:06:32 ET,2026-05-25T07:05:00 ET,2026-05-25,Mon,0706ET,2026-05-27,29558.75,717.54,29424.9,NEAR_FLIP,NEUTRAL,24.4,0.663,12.68,14.31,16.18,18.96,28383.06,689.0,-1175.6899999999987,-3.977468600668156,-2388256.4600000004,2645981.98,29174643.34,2645634.5999999996,114073.77000000002,0.8842239999999997,4815.75,924,,
2026-05-25T07:06:32 ET,2026-05-25T07:05:00 ET,2026-05-25,Mon,0706ET,2026-05-26,29558.75,717.54,29424.9,NEAR_FLIP,NEUTRAL,24.4,0.663,12.68,14.31,16.18,18.96,28424.25,690.0,-1134.5,-3.8381190002960204,-9337613.25,9610210.57,91125732.30000001,18630552.45,-4628160.6,-28.940740999999996,10538.98,4160,,
2026-05-25T07:06:32 ET,2026-05-25T07:05:00 ET,2026-05-25,Mon,0706ET,2026-05-27,29558.75,717.54,29424.9,NEAR_FLIP,NEUTRAL,24.4,0.663,12.68,14.31,16.18,18.96,28424.25,690.0,-1134.5,-3.8381190002960204,-9676493.27,10531024.77,115876792.32000001,10150350.24,-2391819.6500000004,-19.900929000000005,18857.91,3426,,
2026-05-25T07:06:32 ET,2026-05-25T07:05:00 ET,2026-05-25,Mon,0706ET,2026-05-26,29558.75,717.54,29424.9,NEAR_FLIP,NEUTRAL,24.4,0.663,12.68,14.31,16.18,18.96,28465.45,691.0,-1093.2999999999993,-3.6987355689939503,-688697.0,833423.1799999999,6616064.28,1555732.23,1320243.6099999999,8.91733,894.27,334,,
2026-05-25T07:06:32 ET,2026-05-25T07:05:00 ET,2026-05-25,Mon,0706ET,2026-05-27,29558.75,717.54,29424.9,NEAR_FLIP,NEUTRAL,24.4,0.663,12.68,14.31,16.18,18.96,28465.45,691.0,-1093.2999999999993,-3.6987355689939503,-426270.45999999996,763321.52,4996563.91,708269.0499999999,2764496.46,24.727101,1345.1000000000001,231,,
2026-05-25T07:06:32 ET,2026-05-25T07:05:00 ET,2026-05-25,Mon,0706ET,2026-05-26,29558.75,717.54,29424.9,NEAR_FLIP,NEUTRAL,24.4,0.663,12.68,14.31,16.18,18.96,28506.64,692.0,-1052.1100000000006,-3.5593859686218146,-951899.15,1005984.33,8987496.8,1805556.27,-192265.34999999998,-1.4073789999999997,1056.3300000000002,372,,
2026-05-25T07:06:32 ET,2026-05-25T07:05:00 ET,2026-05-25,Mon,0706ET,2026-05-27,29558.75,717.54,29424.9,NEAR_FLIP,NEUTRAL,24.4,0.663,12.68,14.31,16.18,18.96,28506.64,692.0,-1052.1100000000006,-3.5593859686218146,-480206.00999999995,693630.9099999999,5500816.17,618681.24,1339693.23,12.899142000000001,1203.03,195,,
2026-05-25T07:06:32 ET,2026-05-25T07:05:00 ET,2026-05-25,Mon,0706ET,2026-05-26,29558.75,717.54,29424.9,NEAR_FLIP,NEUTRAL,24.4,0.663,12.68,14.31,16.18,18.96,28547.84,693.0,-1010.9099999999999,-3.420002537319744,-2219922.91,2425743.5700000003,20564332.580000002,4179642.3800000004,334555.94999999995,2.6626949999999994,2493.13,825,,
2026-05-25T07:06:32 ET,2026-05-25T07:05:00 ET,2026-05-25,Mon,0706ET,2026-05-27,29558.75,717.54,29424.9,NEAR_FLIP,NEUTRAL,24.4,0.663,12.68,14.31,16.18,18.96,28547.84,693.0,-1010.9099999999999,-3.420002537319744,-532877.6100000001,908575.49,5955144.39,777792.11,2450294.66,25.426854,1551.32,237,,
2026-05-25T07:06:32 ET,2026-05-25T07:05:00 ET,2026-05-25,Mon,0706ET,2026-05-26,29558.75,717.54,29424.9,NEAR_FLIP,NEUTRAL,24.4,0.663,12.68,14.31,16.18,18.96,28589.03,694.0,-969.7200000000012,-3.2806529369476083,-2158296.41,2305817.41,19579681.200000003,3807684.1799999997,-405728.1200000001,-3.5220280000000006,2320.1,719,,
2026-05-25T07:06:32 ET,2026-05-25T07:05:00 ET,2026-05-25,Mon,0706ET,2026-05-27,29558.75,717.54,29424.9,NEAR_FLIP,NEUTRAL,24.4,0.663,12.68,14.31,16.18,18.96,28589.03,694.0,-969.7200000000012,-3.2806529369476083,-3015130.63,3172297.9299999997,32811676.41,2601951.24,-2364776.78,-26.474660999999998,5333.3,767,,
2026-05-25T07:06:32 ET,2026-05-25T07:05:00 ET,2026-05-25,Mon,0706ET,2026-05-26,29558.75,717.54,29424.9,NEAR_FLIP,NEUTRAL,24.4,0.663,12.68,14.31,16.18,18.96,28630.22,695.0,-928.5299999999988,-3.14130333657546,-4897579.4799999995,6476312.12,43422158.620000005,10230784.21,10397861.89,98.74196599999999,6381.02,1846,,
2026-05-25T07:06:32 ET,2026-05-25T07:05:00 ET,2026-05-25,Mon,0706ET,2026-05-27,29558.75,717.54,29424.9,NEAR_FLIP,NEUTRAL,24.4,0.663,12.68,14.31,16.18,18.96,28630.22,695.0,-928.5299999999988,-3.14130333657546,-6426444.77,8382513.43,67963497.5,6575300.26,5830795.15,70.48544100000001,13879.5,1877,,
2026-05-25T07:06:32 ET,2026-05-25T07:05:00 ET,2026-05-25,Mon,0706ET,2026-05-26,29558.75,717.54,29424.9,NEAR_FLIP,NEUTRAL,24.4,0.663,12.68,14.31,16.18,18.96,28671.42,696.0,-887.3300000000017,-3.001919905273402,-1993588.86,3525342.46,17236074.69,5316897.01,11161018.33,116.27097400000001,3402.15,916,,
2026-05-25T07:06:32 ET,2026-05-25T07:05:00 ET,2026-05-25,Mon,0706ET,2026-05-27,29558.75,717.54,29424.9,NEAR_FLIP,NEUTRAL,24.4,0.663,12.68,14.31,16.18,18.96,28671.42,696.0,-887.3300000000017,-3.001919905273402,-1027771.2300000001,1355885.9900000002,10539833.61,1015079.1599999999,833617.02,10.887923999999998,2211.58,281,,
2026-05-25T07:06:32 ET,2026-05-25T07:05:00 ET,2026-05-25,Mon,0706ET,2026-05-26,29558.75,717.54,29424.9,NEAR_FLIP,NEUTRAL,24.4,0.663,12.68,14.31,16.18,18.96,28712.61,697.0,-846.1399999999994,-2.862570304901254,-2230650.48,2797836.7399999998,18760916.25,4019782.02,2336779.33,26.773199,2645.3599999999997,661,,
2026-05-25T07:06:32 ET,2026-05-25T07:05:00 ET,2026-05-25,Mon,0706ET,2026-05-27,29558.75,717.54,29424.9,NEAR_FLIP,NEUTRAL,24.4,0.663,12.68,14.31,16.18,18.96,28712.61,697.0,-846.1399999999994,-2.862570304901254,166897.8700000001,2169672.25,-1655711.2200000007,1546822.83,13487468.149999999,190.41137400000002,3487.07,416,,
2026-05-25T07:06:32 ET,2026-05-25T07:05:00 ET,2026-05-25,Mon,0706ET,2026-05-26,29558.75,717.54,29424.9,NEAR_FLIP,NEUTRAL,24.4,0.663,12.68,14.31,16.18,18.96,28753.81,698.0,-804.9399999999987,-2.7231868735991838,-4973632.0,5869445.640000001,40584464.3,8014049.819999999,1703697.8199999994,21.516452,5438.73,1258,,
2026-05-25T07:06:32 ET,2026-05-25T07:05:00 ET,2026-05-25,Mon,0706ET,2026-05-27,29558.75,717.54,29424.9,NEAR_FLIP,NEUTRAL,24.4,0.663,12.68,14.31,16.18,18.96,28753.81,698.0,-804.9399999999987,-2.7231868735991838,-1465980.96,2198971.44,14032181.86,1489265.45,2023964.6800000002,30.890118,3483.25,390,,
2026-05-25T07:06:32 ET,2026-05-25T07:05:00 ET,2026-05-25,Mon,0706ET,2026-05-26,29558.75,717.54,29424.9,NEAR_FLIP,NEUTRAL,24.4,0.663,12.68,14.31,16.18,18.96,28795.0,699.0,-763.75,-2.583837273227048,-1566461.06,1988993.3199999998,12365035.21,2573971.16,1181039.26,16.472973999999997,1806.8000000000002,386,,
2026-05-25T07:06:32 ET,2026-05-25T07:05:00 ET,2026-05-25,Mon,0706ET,2026-05-27,29558.75,717.54,29424.9,NEAR_FLIP,NEUTRAL,24.4,0.663,12.68,14.31,16.18,18.96,28795.0,699.0,-763.75,-2.583837273227048,-1627329.07,2444041.0300000003,14986138.44,1568158.24,1846587.7200000007,30.464616999999997,3816.73,401,,
2026-05-25T07:06:32 ET,2026-05-25T07:05:00 ET,2026-05-25,Mon,0706ET,2026-05-26,29558.75,717.54,29424.9,NEAR_FLIP,NEUTRAL,24.4,0.663,12.68,14.31,16.18,18.96,28836.2,700.0,-722.5499999999993,-2.4444538419249775,-13069071.090000002,29757357.25,99471769.46999998,36390748.21,78589374.30000001,1212.456449,26509.37,5221,,
2026-05-25T07:06:32 ET,2026-05-25T07:05:00 ET,2026-05-25,Mon,0706ET,2026-05-27,29558.75,717.54,29424.9,NEAR_FLIP,NEUTRAL,24.4,0.663,12.68,14.31,16.18,18.96,28836.2,700.0,-722.5499999999993,-2.4444538419249775,-12196793.91,17399529.97,107721424.64999999,10544784.02,7037292.469999999,125.45037300000001,26795.47,2642,,
2026-05-25T07:06:32 ET,2026-05-25T07:05:00 ET,2026-05-25,Mon,0706ET,2026-05-26,29558.75,717.54,29424.9,NEAR_FLIP,NEUTRAL,24.4,0.663,12.68,14.31,16.18,18.96,28877.39,701.0,-681.3600000000006,-2.3051042415528418,-1388451.7399999998,3256550.44,10153050.780000001,3750928.5300000003,7705053.94,131.627139,2846.1,516,,
2026-05-25T07:06:32 ET,2026-05-25T07:05:00 ET,2026-05-25,Mon,0706ET,2026-05-27,29558.75,717.54,29424.9,NEAR_FLIP,NEUTRAL,24.4,0.663,12.68,14.31,16.18,18.96,28877.39,701.0,-681.3600000000006,-2.3051042415528418,-1073796.9100000001,3548507.67,9063448.4,2024407.29,8085954.36,155.646063,5390.63,499,,
2026-05-25T07:06:32 ET,2026-05-25T07:05:00 ET,2026-05-25,Mon,0706ET,2026-05-26,29558.75,717.54,29424.9,NEAR_FLIP,NEUTRAL,24.4,0.663,12.68,14.31,16.18,18.96,28918.59,702.0,-640.1599999999999,-2.1657208102507712,-15082816.47,18872749.95,105536770.82,20397496.95,2403424.25,45.49088499999999,16187.830000000002,2699,,
2026-05-25T07:06:32 ET,2026-05-25T07:05:00 ET,2026-05-25,Mon,0706ET,2026-05-27,29558.75,717.54,29424.9,NEAR_FLIP,NEUTRAL,24.4,0.663,12.68,14.31,16.18,18.96,28918.59,702.0,-640.1599999999999,-2.1657208102507712,2991651.8500000006,6428216.03,-24037606.729999997,3439070.67,35973869.160000004,746.9563909999999,9635.81,838,,
2026-05-25T07:06:32 ET,2026-05-25T07:05:00 ET,2026-05-25,Mon,0706ET,2026-05-26,29558.75,717.54,29424.9,NEAR_FLIP,NEUTRAL,24.4,0.663,12.68,14.31,16.18,18.96,28959.78,703.0,-598.9700000000012,-2.0263712098786355,-1495307.7600000002,6112942.1,9966232.41,6173203.859999999,15799250.89,331.33813599999996,5148.11,789,,
2026-05-25T07:06:32 ET,2026-05-25T07:05:00 ET,2026-05-25,Mon,0706ET,2026-05-27,29558.75,717.54,29424.9,NEAR_FLIP,NEUTRAL,24.4,0.663,12.68,14.31,16.18,18.96,28959.78,703.0,-598.9700000000012,-2.0263712098786355,-5800950.8,8924539.7,44174213.16,4458170.87,2157899.33,48.267510999999985,13204.69,1080,,
2026-05-25T07:06:32 ET,2026-05-25T07:05:00 ET,2026-05-25,Mon,0706ET,2026-05-26,29558.75,717.54,29424.9,NEAR_FLIP,NEUTRAL,24.4,0.663,12.68,14.31,16.18,18.96,29000.98,704.0,-557.7700000000004,-1.886987778576565,-4753102.3,15271700.52,30020205.26,14340311.11,29837800.64,692.940357,12633.5,1780,,
2026-05-25T07:06:32 ET,2026-05-25T07:05:00 ET,2026-05-25,Mon,0706ET,2026-05-27,29558.75,717.54,29424.9,NEAR_FLIP,NEUTRAL,24.4,0.663,12.68,14.31,16.18,18.96,29000.98,704.0,-557.7700000000004,-1.886987778576565,-5634149.76,8104644.4399999995,40458578.86,3761602.29,-570395.0600000005,-13.720709,11840.41,912,,
2026-05-25T07:06:32 ET,2026-05-25T07:05:00 ET,2026-05-25,Mon,0706ET,2026-05-26,29558.75,717.54,29424.9,NEAR_FLIP,NEUTRAL,24.4,0.663,12.68,14.31,16.18,18.96,29042.17,705.0,-516.5800000000017,-1.7476381782044292,-8046812.059999999,41847218.34,47877145.16,36333982.75,88362828.01,2269.65195,34021.13,4410,,
2026-05-25T07:06:32 ET,2026-05-25T07:05:00 ET,2026-05-25,Mon,0706ET,2026-05-27,29558.75,717.54,29424.9,NEAR_FLIP,NEUTRAL,24.4,0.663,12.68,14.31,16.18,18.96,29042.17,705.0,-516.5800000000017,-1.7476381782044292,-1707150.5499999998,14963794.45,11494093.269999996,6415902.3100000005,30006309.65,774.6277090000001,21593.17,1569,,
2026-05-25T07:06:32 ET,2026-05-25T07:05:00 ET,2026-05-25,Mon,0706ET,2026-05-26,29558.75,717.54,29424.9,NEAR_FLIP,NEUTRAL,24.4,0.663,12.68,14.31,16.18,18.96,29083.36,706.0,-475.3899999999994,-1.608288577832281,-1717870.6499999994,15314188.39,9562936.579999998,12214318.34,31846134.450000003,902.952673,12241.68,1462,,
2026-05-25T07:06:32 ET,2026-05-25T07:05:00 ET,2026-05-25,Mon,0706ET,2026-05-27,29558.75,717.54,29424.9,NEAR_FLIP,NEUTRAL,24.4,0.663,12.68,14.31,16.18,18.96,29083.36,706.0,-475.3899999999994,-1.608288577832281,-1398806.85,5197026.93,8771981.39,2044709.35,6292738.18,173.915583,7410.17,509,,
2026-05-25T07:06:32 ET,2026-05-25T07:05:00 ET,2026-05-25,Mon,0706ET,2026-05-26,29558.75,717.54,29424.9,NEAR_FLIP,NEUTRAL,24.4,0.663,12.68,14.31,16.18,18.96,29124.56,707.0,-434.1899999999987,-1.4689051465302108,-6261730.909999999,16132894.169999998,32352706.1,11728583.05,14835909.940000001,463.09533999999996,12686.9,1399,,
2026-05-25T07:06:32 ET,2026-05-25T07:05:00 ET,2026-05-25,Mon,0706ET,2026-05-27,29558.75,717.54,29424.9,NEAR_FLIP,NEUTRAL,24.4,0.663,12.68,14.31,16.18,18.96,29124.56,707.0,-434.1899999999987,-1.4689051465302108,-1057299.67,6703497.93,6127674.159999998,2400917.77,9260683.92,273.23169500000006,9447.92,615,,
2026-05-25T07:06:32 ET,2026-05-25T07:05:00 ET,2026-05-25,Mon,0706ET,2026-05-26,29558.75,717.54,29424.9,NEAR_FLIP,NEUTRAL,24.4,0.663,12.68,14.31,16.18,18.96,29165.75,708.0,-393.0,-1.329555546158075,-2100068.290000001,18166855.810000002,9975299.050000004,11926580.86,27202985.4,931.5443769999999,14062.470000000001,1436,,
2026-05-25T07:06:32 ET,2026-05-25T07:05:00 ET,2026-05-25,Mon,0706ET,2026-05-27,29558.75,717.54,29424.9,NEAR_FLIP,NEUTRAL,24.4,0.663,12.68,14.31,16.18,18.96,29165.75,708.0,-393.0,-1.329555546158075,-1670236.17,13593866.63,8863645.89,4389782.5,17460116.990000002,548.1812709999999,18945.57,1172,,
2026-05-25T07:06:32 ET,2026-05-25T07:05:00 ET,2026-05-25,Mon,0706ET,2026-05-26,29558.75,717.54,29424.9,NEAR_FLIP,NEUTRAL,24.4,0.663,12.68,14.31,16.18,18.96,29206.95,709.0,-351.7999999999993,-1.1901721148560047,-4809019.27,17190861.97,20759362.749999996,10075467.809999999,14234843.559999999,532.4656829999999,13106.099999999999,1244,,
2026-05-25T07:06:32 ET,2026-05-25T07:05:00 ET,2026-05-25,Mon,0706ET,2026-05-27,29558.75,717.54,29424.9,NEAR_FLIP,NEUTRAL,24.4,0.663,12.68,14.31,16.18,18.96,29206.95,709.0,-351.7999999999993,-1.1901721148560047,-6849939.719999999,22984806.68,32914481.71,6613481.619999999,13255912.869999997,441.2684189999999,31689.010000000002,1869,,
2026-05-25T07:06:32 ET,2026-05-25T07:05:00 ET,2026-05-25,Mon,0706ET,2026-05-26,29558.75,717.54,29424.9,NEAR_FLIP,NEUTRAL,24.4,0.663,12.68,14.31,16.18,18.96,29248.14,710.0,-310.6100000000006,-1.050822514483869,-56237884.349999994,95972314.78999999,217494038.99,49500102.72,-8552213.840000004,-347.6300849999998,72107.85,6391,,
2026-05-25T07:06:32 ET,2026-05-25T07:05:00 ET,2026-05-25,Mon,0706ET,2026-05-27,29558.75,717.54,29424.9,NEAR_FLIP,NEUTRAL,24.4,0.663,12.68,14.31,16.18,18.96,29248.14,710.0,-310.6100000000006,-1.050822514483869,-2025938.5300000012,31298152.91,8692764.600000001,7905473.65,33330175.139999997,1171.6581359999998,42704.0,2410,,
2026-05-25T07:06:32 ET,2026-05-25T07:05:00 ET,2026-05-25,Mon,0706ET,2026-05-26,29558.75,717.54,29424.9,NEAR_FLIP,NEUTRAL,24.4,0.663,12.68,14.31,16.18,18.96,29289.34,711.0,-269.40999999999985,-0.9114390831817984,-1735513.0200000014,25805618.92,5904829.160000004,11497528.469999999,24325792.18,1068.0036649999997,19120.11,1591,,
2026-05-25T07:06:32 ET,2026-05-25T07:05:00 ET,2026-05-25,Mon,0706ET,2026-05-27,29558.75,717.54,29424.9,NEAR_FLIP,NEUTRAL,24.4,0.663,12.68,14.31,16.18,18.96,29289.34,711.0,-269.40999999999985,-0.9114390831817984,-4041524.4799999995,12179188.64,15213239.38,2648771.07,2234001.629999999,82.56550499999997,16452.59,892,,
2026-05-25T07:06:32 ET,2026-05-25T07:05:00 ET,2026-05-25,Mon,0706ET,2026-05-26,29558.75,717.54,29424.9,NEAR_FLIP,NEUTRAL,24.4,0.663,12.68,14.31,16.18,18.96,29330.53,712.0,-228.22000000000116,-0.7720894828096627,-8559715.040000001,28567179.060000002,25013114.590000004,10724144.34,7847658.32,369.569346,20886.86,1642,,
2026-05-25T07:06:32 ET,2026-05-25T07:05:00 ET,2026-05-25,Mon,0706ET,2026-05-27,29558.75,717.54,29424.9,NEAR_FLIP,NEUTRAL,24.4,0.663,12.68,14.31,16.18,18.96,29330.53,712.0,-228.22000000000116,-0.7720894828096627,2857243.8099999996,8714593.629999999,-9217636.700000001,1589760.13,14837193.23,573.760583,11660.529999999999,610,,
2026-05-25T07:06:32 ET,2026-05-25T07:05:00 ET,2026-05-25,Mon,0706ET,2026-05-26,29558.75,717.54,29424.9,NEAR_FLIP,NEUTRAL,24.4,0.663,12.68,14.31,16.18,18.96,29371.73,713.0,-187.02000000000044,-0.6327060515075923,3758734.3000000007,29718071.68,-9124554.330000002,9074316.74,28418706.65,1424.3330429999996,21456.440000000002,1605,,
2026-05-25T07:06:32 ET,2026-05-25T07:05:00 ET,2026-05-25,Mon,0706ET,2026-05-27,29558.75,717.54,29424.9,NEAR_FLIP,NEUTRAL,24.4,0.663,12.68,14.31,16.18,18.96,29371.73,713.0,-187.02000000000044,-0.6327060515075923,4238109.91,10989344.65,-11344372.57,1619949.83,18064856.53,727.149189,14571.09,739,,
2026-05-25T07:06:32 ET,2026-05-25T07:05:00 ET,2026-05-25,Mon,0706ET,2026-05-26,29558.75,717.54,29424.9,NEAR_FLIP,NEUTRAL,24.4,0.663,12.68,14.31,16.18,18.96,29412.92,714.0,-145.83000000000175,-0.4933564511354565,-18109383.53,46396748.53,34755998.870000005,10920926.2,-8012912.840000004,-423.71711100000016,33103.05,2375,,
2026-05-25T07:06:32 ET,2026-05-25T07:05:00 ET,2026-05-25,Mon,0706ET,2026-05-27,29558.75,717.54,29424.9,NEAR_FLIP,NEUTRAL,24.4,0.663,12.68,14.31,16.18,18.96,29412.92,714.0,-145.83000000000175,-0.4933564511354565,538755.4299999997,16239627.91,-1140494.9700000007,1826001.91,10289463.69,428.724205,21347.35,1055,,
2026-05-25T07:06:32 ET,2026-05-25T07:05:00 ET,2026-05-25,Mon,0706ET,2026-05-26,29558.75,717.54,29424.9,NEAR_FLIP,NEUTRAL,24.4,0.663,12.68,14.31,16.18,18.96,29454.12,715.0,-104.63000000000102,-0.35397301983338614,36789434.260000005,78356186.86,-51433544.39,12968303.28,95076414.34,5254.153646000001,55286.619999999995,3838,,
2026-05-25T07:06:32 ET,2026-05-25T07:05:00 ET,2026-05-25,Mon,0706ET,2026-05-27,29558.75,717.54,29424.9,NEAR_FLIP,NEUTRAL,24.4,0.663,12.68,14.31,16.18,18.96,29454.12,715.0,-104.63000000000102,-0.35397301983338614,6145894.640000001,20528555.3,-9508701.629999999,1591281.4500000002,22256362.299999997,954.2654920000001,26765.63,1296,,
2026-05-25T07:06:32 ET,2026-05-25T07:05:00 ET,2026-05-25,Mon,0706ET,2026-05-26,29558.75,717.54,29424.9,NEAR_FLIP,NEUTRAL,24.4,0.663,12.68,14.31,16.18,18.96,29495.31,716.0,-63.43999999999869,-0.214623419461238,7158747.499999998,40355063.3,-6192356.080000002,3862645.49,21880704.509999998,1250.720587,28180.18,1911,,
2026-05-25T07:06:32 ET,2026-05-25T07:05:00 ET,2026-05-25,Mon,0706ET,2026-05-27,29558.75,717.54,29424.9,NEAR_FLIP,NEUTRAL,24.4,0.663,12.68,14.31,16.18,18.96,29495.31,716.0,-63.43999999999869,-0.214623419461238,3596052.0,7516072.640000001,-3481747.57,320441.17000000004,9926967.02,435.262467,9724.529999999999,464,,
2026-05-25T07:06:32 ET,2026-05-25T07:05:00 ET,2026-05-25,Mon,0706ET,2026-05-26,29558.75,717.54,29424.9,NEAR_FLIP,NEUTRAL,24.4,0.663,12.68,14.31,16.18,18.96,29536.5,717.0,-22.25,-0.07527381908910222,11730461.25,27803137.43,-3767256.0700000003,723360.5900000001,22225917.54,1299.680519,19230.07,1287,,
2026-05-25T07:06:32 ET,2026-05-25T07:05:00 ET,2026-05-25,Mon,0706ET,2026-05-27,29558.75,717.54,29424.9,NEAR_FLIP,NEUTRAL,24.4,0.663,12.68,14.31,16.18,18.96,29536.5,717.0,-22.25,-0.07527381908910222,3538244.81,9001953.09,-1347356.5900000003,70187.61,8789933.99,391.55852500000003,11563.369999999999,547,,
2026-05-25T07:06:32 ET,2026-05-25T07:05:00 ET,2026-05-25,Mon,0706ET,2026-05-26,29558.75,717.54,29424.9,NEAR_FLIP,NEUTRAL,24.4,0.663,12.68,14.31,16.18,18.96,29577.7,718.0,18.950000000000728,0.06410961221296817,3276493.95,18741545.35,761296.4100000001,-817006.0,4613118.000000002,272.75600699999995,12849.45,858,,
2026-05-25T07:06:32 ET,2026-05-25T07:05:00 ET,2026-05-25,Mon,0706ET,2026-05-27,29558.75,717.54,29424.9,NEAR_FLIP,NEUTRAL,24.4,0.663,12.68,14.31,16.18,18.96,29577.7,718.0,18.950000000000728,0.06410961221296817,1909676.49,5430123.59,409245.11,-146592.13,4016213.6599999997,180.52627599999997,6928.55,327,,
2026-05-25T07:06:32 ET,2026-05-25T07:05:00 ET,2026-05-25,Mon,0706ET,2026-05-26,29558.75,717.54,29424.9,NEAR_FLIP,NEUTRAL,24.4,0.663,12.68,14.31,16.18,18.96,29618.89,719.0,60.13999999999942,0.20345921258510397,16210202.52,26202494.24,12875047.9,-2963899.07,21901810.560000002,1293.425135,17822.66,1201,,
2026-05-25T07:06:32 ET,2026-05-25T07:05:00 ET,2026-05-25,Mon,0706ET,2026-05-27,29558.75,717.54,29424.9,NEAR_FLIP,NEUTRAL,24.4,0.663,12.68,14.31,16.18,18.96,29618.89,719.0,60.13999999999942,0.20345921258510397,449228.7000000002,9167593.18,366685.8799999999,-566052.94,-498270.8499999996,-22.440414000000033,11624.99,551,,
2026-05-25T07:06:32 ET,2026-05-25T07:05:00 ET,2026-05-25,Mon,0706ET,2026-05-26,29558.75,717.54,29424.9,NEAR_FLIP,NEUTRAL,24.4,0.663,12.68,14.31,16.18,18.96,29660.09,720.0,101.34000000000015,0.34284264388717434,7379906.159999996,99682522.58,10060564.169999994,-18196879.759999998,-20191835.909999996,-1175.9644120000003,67323.36,4633,,
2026-05-25T07:06:32 ET,2026-05-25T07:05:00 ET,2026-05-25,Mon,0706ET,2026-05-27,29558.75,717.54,29424.9,NEAR_FLIP,NEUTRAL,24.4,0.663,12.68,14.31,16.18,18.96,29660.09,720.0,101.34000000000015,0.34284264388717434,25734369.04,33611899.36,36651015.690000005,-3241860.89,45645163.32,2044.746849,42379.58,2031,,
2026-05-25T07:06:32 ET,2026-05-25T07:05:00 ET,2026-05-25,Mon,0706ET,2026-05-26,29558.75,717.54,29424.9,NEAR_FLIP,NEUTRAL,24.4,0.663,12.68,14.31,16.18,18.96,29701.28,721.0,142.52999999999884,0.4821922442593101,12398128.37,16335371.85,24026326.87,-4114765.45,13425561.610000001,761.0768909999999,10963.900000000001,780,,
2026-05-25T07:06:32 ET,2026-05-25T07:05:00 ET,2026-05-25,Mon,0706ET,2026-05-27,29558.75,717.54,29424.9,NEAR_FLIP,NEUTRAL,24.4,0.663,12.68,14.31,16.18,18.96,29701.28,721.0,142.52999999999884,0.4821922442593101,7515934.32,10620341.98,15311809.44,-1392439.08,11750730.329999998,519.6987300000001,13321.51,650,,
2026-05-25T07:06:32 ET,2026-05-25T07:05:00 ET,2026-05-25,Mon,0706ET,2026-05-26,29558.75,717.54,29424.9,NEAR_FLIP,NEUTRAL,24.4,0.663,12.68,14.31,16.18,18.96,29742.48,722.0,183.72999999999956,0.6215756755613805,58857855.06,65053418.739999995,148132622.31,-20891849.29,63175266.85999999,3439.844779,43428.38,3234,,
2026-05-25T07:06:32 ET,2026-05-25T07:05:00 ET,2026-05-25,Mon,0706ET,2026-05-27,29558.75,717.54,29424.9,NEAR_FLIP,NEUTRAL,24.4,0.663,12.68,14.31,16.18,18.96,29742.48,722.0,183.72999999999956,0.6215756755613805,3906270.8899999997,6371704.149999999,10369001.27,-1055965.69,4935116.109999999,213.86098199999998,7955.179999999999,398,,
2026-05-25T07:06:32 ET,2026-05-25T07:05:00 ET,2026-05-25,Mon,0706ET,2026-05-26,29558.75,717.54,29424.9,NEAR_FLIP,NEUTRAL,24.4,0.663,12.68,14.31,16.18,18.96,29783.67,723.0,224.91999999999825,0.7609252759335163,16680339.98,29681473.540000003,51682233.44,-11585181.99,6948969.41,358.574083,19725.99,1557,,
2026-05-25T07:06:32 ET,2026-05-25T07:05:00 ET,2026-05-25,Mon,0706ET,2026-05-27,29558.75,717.54,29424.9,NEAR_FLIP,NEUTRAL,24.4,0.663,12.68,14.31,16.18,18.96,29783.67,723.0,224.91999999999825,0.7609252759335163,2319386.19,5743983.27,7595663.569999999,-1150521.15,982101.2300000004,41.38135500000001,7141.93,369,,
2026-05-25T07:06:32 ET,2026-05-25T07:05:00 ET,2026-05-25,Mon,0706ET,2026-05-26,29558.75,717.54,29424.9,NEAR_FLIP,NEUTRAL,24.4,0.663,12.68,14.31,16.18,18.96,29824.87,724.0,266.119999999999,0.9003087072355868,44065043.70999999,56543009.17,162211241.59,-25975662.159999996,30625551.490000002,1477.7171309999999,37442.799999999996,3172,,
2026-05-25T07:06:32 ET,2026-05-25T07:05:00 ET,2026-05-25,Mon,0706ET,2026-05-27,29558.75,717.54,29424.9,NEAR_FLIP,NEUTRAL,24.4,0.663,12.68,14.31,16.18,18.96,29824.87,724.0,266.119999999999,0.9003087072355868,29107357.88,33282716.74,113445783.04,-7815755.24,38539315.730000004,1566.80397,41234.62,2216,,
2026-05-25T07:06:32 ET,2026-05-25T07:05:00 ET,2026-05-25,Mon,0706ET,2026-05-26,29558.75,717.54,29424.9,NEAR_FLIP,NEUTRAL,24.4,0.663,12.68,14.31,16.18,18.96,29866.06,725.0,307.3100000000013,1.0396583076077348,47982584.480000004,60582742.08,204577517.06,-32011197.150000002,28356957.18,1262.607853,40009.479999999996,3683,,
2026-05-25T07:06:32 ET,2026-05-25T07:05:00 ET,2026-05-25,Mon,0706ET,2026-05-27,29558.75,717.54,29424.9,NEAR_FLIP,NEUTRAL,24.4,0.663,12.68,14.31,16.18,18.96,29866.06,725.0,307.3100000000013,1.0396583076077348,14595749.409999998,27739113.89,65992659.059999995,-7470545.210000001,5440590.329999998,211.771754,34261.75,1929,,
2026-05-25T07:06:32 ET,2026-05-25T07:05:00 ET,2026-05-25,Mon,0706ET,2026-05-26,29558.75,717.54,29424.9,NEAR_FLIP,NEUTRAL,24.4,0.663,12.68,14.31,16.18,18.96,29907.26,726.0,348.5099999999984,1.179041738909793,59936.45999999996,10938403.579999998,290333.6099999994,-6533417.55,-16583687.159999998,-672.6262790000001,7210.79,730,,
2026-05-25T07:06:32 ET,2026-05-25T07:05:00 ET,2026-05-25,Mon,0706ET,2026-05-27,29558.75,717.54,29424.9,NEAR_FLIP,NEUTRAL,24.4,0.663,12.68,14.31,16.18,18.96,29907.26,726.0,348.5099999999984,1.179041738909793,-806110.3599999999,5998007.6,-4147801.5599999987,-1821930.99,-10031515.41,-370.997247,7389.799999999999,439,,
2026-05-25T07:06:32 ET,2026-05-25T07:05:00 ET,2026-05-25,Mon,0706ET,2026-05-26,29558.75,717.54,29424.9,NEAR_FLIP,NEUTRAL,24.4,0.663,12.68,14.31,16.18,18.96,29948.45,727.0,389.7000000000007,1.3183913392819409,4690992.92,11727482.32,25429615.55,-7811765.4399999995,-9168297.36,-334.53062,7723.9400000000005,870,,
2026-05-25T07:06:32 ET,2026-05-25T07:05:00 ET,2026-05-25,Mon,0706ET,2026-05-27,29558.75,717.54,29424.9,NEAR_FLIP,NEUTRAL,24.4,0.663,12.68,14.31,16.18,18.96,29948.45,727.0,389.7000000000007,1.3183913392819409,-2125796.09,7459611.75,-12263187.670000002,-2522497.31,-17435307.810000002,-608.035492,9172.44,579,,
2026-05-25T07:06:32 ET,2026-05-25T07:05:00 ET,2026-05-25,Mon,0706ET,2026-05-26,29558.75,717.54,29424.9,NEAR_FLIP,NEUTRAL,24.4,0.663,12.68,14.31,16.18,18.96,29989.65,728.0,430.90000000000146,1.4577747705840114,11743049.61,17398885.75,70373701.02000001,-12785329.12,-3520318.6100000013,-114.18221,11459.13,1452,,
2026-05-25T07:06:32 ET,2026-05-25T07:05:00 ET,2026-05-25,Mon,0706ET,2026-05-27,29558.75,717.54,29424.9,NEAR_FLIP,NEUTRAL,24.4,0.663,12.68,14.31,16.18,18.96,29989.65,728.0,430.90000000000146,1.4577747705840114,-2303254.44,6933881.16,-14718360.719999999,-2582928.89,-19288462.77,-629.604491,8513.81,575,,
2026-05-25T07:06:32 ET,2026-05-25T07:05:00 ET,2026-05-25,Mon,0706ET,2026-05-26,29558.75,717.54,29424.9,NEAR_FLIP,NEUTRAL,24.4,0.663,12.68,14.31,16.18,18.96,30030.84,729.0,472.09000000000015,1.5971243709561471,2928064.99,7646673.3100000005,19202429.619999997,-6143928.36,-10476596.72,-298.688013,5040.65,726,,
2026-05-25T07:06:32 ET,2026-05-25T07:05:00 ET,2026-05-25,Mon,0706ET,2026-05-27,29558.75,717.54,29424.9,NEAR_FLIP,NEUTRAL,24.4,0.663,12.68,14.31,16.18,18.96,30030.84,729.0,472.09000000000015,1.5971243709561471,-1232623.89,4728793.49,-8639368.54,-1923764.8800000001,-13753834.37,-417.179865,5801.139999999999,422,,
2026-05-25T07:06:32 ET,2026-05-25T07:05:00 ET,2026-05-25,Mon,0706ET,2026-05-26,29558.75,717.54,29424.9,NEAR_FLIP,NEUTRAL,24.4,0.663,12.68,14.31,16.18,18.96,30072.03,730.0,513.2799999999988,1.7364739713282829,5707713.380000001,11791054.76,40611936.620000005,-10282171.059999999,-15600672.81,-386.88250299999993,7786.42,1287,,
2026-05-25T07:06:32 ET,2026-05-25T07:05:00 ET,2026-05-25,Mon,0706ET,2026-05-27,29558.75,717.54,29424.9,NEAR_FLIP,NEUTRAL,24.4,0.663,12.68,14.31,16.18,18.96,30072.03,730.0,513.2799999999988,1.7364739713282829,10515957.620000001,14424543.64,80171456.82000001,-6362479.75,1998188.17,55.927565000000016,17689.48,1395,,
2026-05-25T07:06:32 ET,2026-05-25T07:05:00 ET,2026-05-25,Mon,0706ET,2026-05-26,29558.75,717.54,29424.9,NEAR_FLIP,NEUTRAL,24.4,0.663,12.68,14.31,16.18,18.96,30113.23,731.0,554.4799999999996,1.8758574026303532,1357644.71,5083274.37,10403659.190000001,-4780814.22,-13544994.59,-289.399763,3365.75,644,,
2026-05-25T07:06:32 ET,2026-05-25T07:05:00 ET,2026-05-25,Mon,0706ET,2026-05-27,29558.75,717.54,29424.9,NEAR_FLIP,NEUTRAL,24.4,0.663,12.68,14.31,16.18,18.96,30113.23,731.0,554.4799999999996,1.8758574026303532,-995149.9199999999,5563361.92,-8193922.030000001,-2644330.2,-19073711.32,-489.323495,6823.9400000000005,587,,
2026-05-25T07:06:32 ET,2026-05-25T07:05:00 ET,2026-05-25,Mon,0706ET,2026-05-26,29558.75,717.54,29424.9,NEAR_FLIP,NEUTRAL,24.4,0.663,12.68,14.31,16.18,18.96,30154.42,732.0,595.6699999999983,2.015207003002489,242724.90000000014,2535126.76,1990335.8899999987,-2557638.57,-10576622.05,-193.028071,1684.48,376,,
2026-05-25T07:06:32 ET,2026-05-25T07:05:00 ET,2026-05-25,Mon,0706ET,2026-05-27,29558.75,717.54,29424.9,NEAR_FLIP,NEUTRAL,24.4,0.663,12.68,14.31,16.18,18.96,30154.42,732.0,595.6699999999983,2.015207003002489,-1467368.02,4954524.9399999995,-12968834.799999999,-2524295.5100000002,-21769823.25,-508.635515,6081.61,574,,
2026-05-25T07:06:32 ET,2026-05-25T07:05:00 ET,2026-05-25,Mon,0706ET,2026-05-26,29558.75,717.54,29424.9,NEAR_FLIP,NEUTRAL,24.4,0.663,12.68,14.31,16.18,18.96,30195.62,733.0,636.869999999999,2.1545904343045597,1943438.99,1943438.99,16956213.99,-2093423.53,1196654.75,18.514949,1297.01,340,,
2026-05-25T07:06:32 ET,2026-05-25T07:05:00 ET,2026-05-25,Mon,0706ET,2026-05-27,29558.75,717.54,29424.9,NEAR_FLIP,NEUTRAL,24.4,0.663,12.68,14.31,16.18,18.96,30195.62,733.0,636.869999999999,2.1545904343045597,539143.19,3852139.03,5087228.370000001,-2094143.6099999999,-11526575.86,-243.790624,4734.4400000000005,493,,
2026-05-25T07:06:32 ET,2026-05-25T07:05:00 ET,2026-05-25,Mon,0706ET,2026-05-26,29558.75,717.54,29424.9,NEAR_FLIP,NEUTRAL,24.4,0.663,12.68,14.31,16.18,18.96,30236.81,734.0,678.0600000000013,2.2939400346767074,8584758.95,8623277.21,79293168.77,-9876962.23,4840952.88,63.09127,5785.11,1791,,
2026-05-25T07:06:32 ET,2026-05-25T07:05:00 ET,2026-05-25,Mon,0706ET,2026-05-27,29558.75,717.54,29424.9,NEAR_FLIP,NEUTRAL,24.4,0.663,12.68,14.31,16.18,18.96,30236.81,734.0,678.0600000000013,2.2939400346767074,-400901.74,3790983.12,-4019344.9899999984,-2190153.1,-17883135.490000002,-340.461809,4667.66,539,,
2026-05-25T07:06:32 ET,2026-05-25T07:05:00 ET,2026-05-25,Mon,0706ET,2026-05-26,29558.75,717.54,29424.9,NEAR_FLIP,NEUTRAL,24.4,0.663,12.68,14.31,16.18,18.96,30278.01,735.0,719.2599999999984,2.433323465978766,2715036.41,2795720.99,26427781.88,-3392627.94,893130.56,9.752976999999998,1886.95,693,,
2026-05-25T07:06:32 ET,2026-05-25T07:05:00 ET,2026-05-25,Mon,0706ET,2026-05-27,29558.75,717.54,29424.9,NEAR_FLIP,NEUTRAL,24.4,0.663,12.68,14.31,16.18,18.96,30278.01,735.0,719.2599999999984,2.433323465978766,2090906.6,5063520.800000001,22178824.85,-3097759.83,-12414204.69,-211.62993699999998,6248.98,804,,
2026-05-25T07:06:32 ET,2026-05-25T07:05:00 ET,2026-05-25,Mon,0706ET,2026-05-26,29558.75,717.54,29424.9,NEAR_FLIP,NEUTRAL,24.4,0.663,12.68,14.31,16.18,18.96,30319.2,736.0,760.4500000000007,2.5726730663509136,743941.47,743941.47,7600065.02,-953395.0,416495.55,3.795059,505.57,221,,
2026-05-25T07:06:32 ET,2026-05-25T07:05:00 ET,2026-05-25,Mon,0706ET,2026-05-27,29558.75,717.54,29424.9,NEAR_FLIP,NEUTRAL,24.4,0.663,12.68,14.31,16.18,18.96,30319.2,736.0,760.4500000000007,2.5726730663509136,1487287.56,1487287.56,16627099.53,-960475.59,1286300.5,19.541287,1840.71,265,,
2026-05-25T07:06:32 ET,2026-05-25T07:05:00 ET,2026-05-25,Mon,0706ET,2026-05-26,29558.75,717.54,29424.9,NEAR_FLIP,NEUTRAL,24.4,0.663,12.68,14.31,16.18,18.96,30360.4,737.0,801.6500000000015,2.712056497652984,764542.28,764542.28,8166765.94,-1031749.26,417161.47,3.162312,523.56,273,,
2026-05-25T07:06:32 ET,2026-05-25T07:05:00 ET,2026-05-25,Mon,0706ET,2026-05-27,29558.75,717.54,29424.9,NEAR_FLIP,NEUTRAL,24.4,0.663,12.68,14.31,16.18,18.96,30360.4,737.0,801.6500000000015,2.712056497652984,995987.34,995987.34,11694461.03,-677030.33,836287.05,11.273035,1236.8,200,,
2026-05-25T07:06:32 ET,2026-05-25T07:05:00 ET,2026-05-25,Mon,0706ET,2026-05-26,29558.75,717.54,29424.9,NEAR_FLIP,NEUTRAL,24.4,0.663,12.68,14.31,16.18,18.96,30401.59,738.0,842.8400000000001,2.85140609802512,1613972.39,1613972.39,17965098.32,-2287593.57,860707.42,5.418185,1114.58,694,,
2026-05-25T07:06:32 ET,2026-05-25T07:05:00 ET,2026-05-25,Mon,0706ET,2026-05-27,29558.75,717.54,29424.9,NEAR_FLIP,NEUTRAL,24.4,0.663,12.68,14.31,16.18,18.96,30401.59,738.0,842.8400000000001,2.85140609802512,1853163.3299999998,1861966.95,22780610.14,-1328855.17,1449054.74,17.265455,2321.1099999999997,423,,
2026-05-25T07:06:32 ET,2026-05-25T07:05:00 ET,2026-05-25,Mon,0706ET,2026-05-26,29558.75,717.54,29424.9,NEAR_FLIP,NEUTRAL,24.4,0.663,12.68,14.31,16.18,18.96,30442.79,739.0,884.0400000000009,2.9907895293271904,225794.2,225794.2,2610756.39,-335339.08,118007.04,0.616448,157.36,117,,
2026-05-25T07:06:32 ET,2026-05-25T07:05:00 ET,2026-05-25,Mon,0706ET,2026-05-27,29558.75,717.54,29424.9,NEAR_FLIP,NEUTRAL,24.4,0.663,12.68,14.31,16.18,18.96,30442.79,739.0,884.0400000000009,2.9907895293271904,360638.29,360638.29,4627900.15,-269601.28,287079.21,3.013369,451.53,93,,
2026-05-25T07:06:32 ET,2026-05-25T07:05:00 ET,2026-05-25,Mon,0706ET,2026-05-26,29558.75,717.54,29424.9,NEAR_FLIP,NEUTRAL,24.4,0.663,12.68,14.31,16.18,18.96,30483.98,740.0,925.2299999999996,3.130139129699326,1044544.2,1044544.2,12509541.04,-1622025.94,536401.58,2.326114,735.19,652,,
2026-05-25T07:06:32 ET,2026-05-25T07:05:00 ET,2026-05-25,Mon,0706ET,2026-05-27,29558.75,717.54,29424.9,NEAR_FLIP,NEUTRAL,24.4,0.663,12.68,14.31,16.18,18.96,30483.98,740.0,925.2299999999996,3.130139129699326,2534479.69,2541292.81,33860742.94,-1985787.67,1903472.58,17.551901,3197.25,746,,
2026-05-25T07:06:32 ET,2026-05-25T07:05:00 ET,2026-05-25,Mon,0706ET,2026-05-26,29558.75,717.54,29424.9,NEAR_FLIP,NEUTRAL,24.4,0.663,12.68,14.31,16.18,18.96,30525.17,741.0,966.4199999999983,3.269488730071462,484776.72,484776.72,5997246.25,-785567.92,245221.85,0.884018,344.83,364,,
2026-05-25T07:06:32 ET,2026-05-25T07:05:00 ET,2026-05-25,Mon,0706ET,2026-05-27,29558.75,717.54,29424.9,NEAR_FLIP,NEUTRAL,24.4,0.663,12.68,14.31,16.18,18.96,30525.17,741.0,966.4199999999983,3.269488730071462,2197416.65,2197416.65,30488641.77,-1791351.84,1670669.24,13.501646,2779.37,736,,
2026-05-25T07:06:32 ET,2026-05-25T07:05:00 ET,2026-05-25,Mon,0706ET,2026-05-26,29558.75,717.54,29424.9,NEAR_FLIP,NEUTRAL,24.4,0.663,12.68,14.31,16.18,18.96,30566.37,742.0,1007.619999999999,3.408872161373532,220842.77,220842.77,2815186.23,-372784.68,110304.97,0.33135,158.86,199,,
2026-05-25T07:06:32 ET,2026-05-25T07:05:00 ET,2026-05-25,Mon,0706ET,2026-05-27,29558.75,717.54,29424.9,NEAR_FLIP,NEUTRAL,24.4,0.663,12.68,14.31,16.18,18.96,30566.37,742.0,1007.619999999999,3.408872161373532,130598.14,130598.14,1877501.62,-110873.39,97295.51,0.687894,166.15,50,,
2026-05-25T07:06:32 ET,2026-05-25T07:05:00 ET,2026-05-25,Mon,0706ET,2026-05-26,29558.75,717.54,29424.9,NEAR_FLIP,NEUTRAL,24.4,0.663,12.68,14.31,16.18,18.96,30607.56,743.0,1048.8100000000013,3.5482217617456806,227302.21,227302.21,2978755.8,-399020.61,112358.31,0.282166,165.46,245,,
2026-05-25T07:06:32 ET,2026-05-25T07:05:00 ET,2026-05-25,Mon,0706ET,2026-05-27,29558.75,717.54,29424.9,NEAR_FLIP,NEUTRAL,24.4,0.663,12.68,14.31,16.18,18.96,30607.56,743.0,1048.8100000000013,3.5482217617456806,650396.14,650396.14,9667345.93,-574093.37,475610.75,2.937964,832.62,285,,
2026-05-25T07:06:32 ET,2026-05-25T07:05:00 ET,2026-05-25,Mon,0706ET,2026-05-26,29558.75,717.54,29424.9,NEAR_FLIP,NEUTRAL,24.4,0.663,12.68,14.31,16.18,18.96,30648.76,744.0,1090.0099999999984,3.6876051930477383,33487.83,33487.83,450180.92,-61042.78,16418.33,0.034611,24.68,43,,
2026-05-25T07:06:32 ET,2026-05-25T07:05:00 ET,2026-05-25,Mon,0706ET,2026-05-27,29558.75,717.54,29424.9,NEAR_FLIP,NEUTRAL,24.4,0.663,12.68,14.31,16.18,18.96,30648.76,744.0,1090.0099999999984,3.6876051930477383,272941.79,272941.79,4186151.73,-250112.35,196236.57,1.058257,351.76,137,,
2026-05-25T07:06:32 ET,2026-05-25T07:05:00 ET,2026-05-25,Mon,0706ET,2026-05-26,29558.75,717.54,29424.9,NEAR_FLIP,NEUTRAL,24.4,0.663,12.68,14.31,16.18,18.96,30689.95,745.0,1131.2000000000007,3.8269547934198864,131378.24,131378.24,1808072.53,-248321.3,64019.54,0.113833,98.11,200,,
2026-05-25T07:06:32 ET,2026-05-25T07:05:00 ET,2026-05-25,Mon,0706ET,2026-05-27,29558.75,717.54,29424.9,NEAR_FLIP,NEUTRAL,24.4,0.663,12.68,14.31,16.18,18.96,30689.95,745.0,1131.2000000000007,3.8269547934198864,982371.87,982371.87,15517485.92,-933245.36,695534.3,3.273465,1275.14,565,,
2026-05-25T07:06:32 ET,2026-05-25T07:05:00 ET,2026-05-25,Mon,0706ET,2026-05-26,29558.75,717.54,29424.9,NEAR_FLIP,NEUTRAL,24.4,0.663,12.68,14.31,16.18,18.96,30731.15,746.0,1172.4000000000015,3.966338224721957,33426.99,33426.99,470069.68,-65427.82,16221.76,0.024463,25.3,60,,
2026-05-25T07:06:32 ET,2026-05-25T07:05:00 ET,2026-05-25,Mon,0706ET,2026-05-27,29558.75,717.54,29424.9,NEAR_FLIP,NEUTRAL,24.4,0.663,12.68,14.31,16.18,18.96,30731.15,746.0,1172.4000000000015,3.966338224721957,295941.92,295941.92,4806039.12,-291084.07,206660.1,0.848966,387.06,195,,
2026-05-25T07:06:32 ET,2026-05-25T07:05:00 ET,2026-05-25,Mon,0706ET,2026-05-26,29558.75,717.54,29424.9,NEAR_FLIP,NEUTRAL,24.4,0.663,12.68,14.31,16.18,18.96,30772.34,747.0,1213.5900000000001,4.105687825094092,28521.64,28521.64,409113.76,-57741.03,13810.49,0.01777,21.9,60,,
2026-05-25T07:06:32 ET,2026-05-25T07:05:00 ET,2026-05-25,Mon,0706ET,2026-05-27,29558.75,717.54,29424.9,NEAR_FLIP,NEUTRAL,24.4,0.663,12.68,14.31,16.18,18.96,30772.34,747.0,1213.5900000000001,4.105687825094092,67600.48,67600.48,1126798.47,-68758.99,46629.48,0.167302,89.12,51,,
2026-05-25T07:06:32 ET,2026-05-25T07:05:00 ET,2026-05-25,Mon,0706ET,2026-05-26,29558.75,717.54,29424.9,NEAR_FLIP,NEUTRAL,24.4,0.663,12.68,14.31,16.18,18.96,30895.93,750.0,1337.1800000000003,4.5238042880703695,364141.73,364141.73,5490481.92,-810352.37,176985.9,0.147339,292.57,1184,,
2026-05-25T07:06:32 ET,2026-05-25T07:05:00 ET,2026-05-25,Mon,0706ET,2026-05-27,29558.75,717.54,29424.9,NEAR_FLIP,NEUTRAL,24.4,0.663,12.68,14.31,16.18,18.96,30895.93,750.0,1337.1800000000003,4.5238042880703695,330205.67,330205.67,5898046.08,-369022.11,221402.7,0.533403,446.94,371,,
2026-05-25T07:06:32 ET,2026-05-25T07:05:00 ET,2026-05-25,Mon,0706ET,2026-05-26,29558.75,717.54,29424.9,NEAR_FLIP,NEUTRAL,24.4,0.663,12.68,14.31,16.18,18.96,31101.9,755.0,1543.1500000000015,5.22061995179093,33043.0,34081.0,527287.56,-87202.27,-198092.09,-0.09276300000000001,29.77,197,,
2026-05-25T07:06:32 ET,2026-05-25T07:05:00 ET,2026-05-25,Mon,0706ET,2026-05-27,29558.75,717.54,29424.9,NEAR_FLIP,NEUTRAL,24.4,0.663,12.68,14.31,16.18,18.96,31101.9,755.0,1543.1500000000015,5.22061995179093,139376.96,139376.96,2723083.04,-178975.94,91448.67,0.118969,198.51,290,,
2026-05-25T07:06:32 ET,2026-05-25T07:05:00 ET,2026-05-25,Mon,0706ET,2026-05-26,29558.75,717.54,29424.9,NEAR_FLIP,NEUTRAL,24.4,0.663,12.68,14.31,16.18,18.96,31307.87,760.0,1749.119999999999,5.917435615511478,42262.98,42262.98,695873.1,-122144.4,22714.07,0.007238,40.44,359,,
2026-05-25T07:06:32 ET,2026-05-25T07:05:00 ET,2026-05-25,Mon,0706ET,2026-05-27,29558.75,717.54,29424.9,NEAR_FLIP,NEUTRAL,24.4,0.663,12.68,14.31,16.18,18.96,31307.87,760.0,1749.119999999999,5.917435615511478,58919.69,58919.69,1227410.98,-85416.17,38868.88,0.029803,88.97,208,,
2026-05-25T07:06:32 ET,2026-05-25T07:05:00 ET,2026-05-25,Mon,0706ET,2026-05-26,29558.75,717.54,29424.9,NEAR_FLIP,NEUTRAL,24.4,0.663,12.68,14.31,16.18,18.96,31513.84,765.0,1955.0900000000001,6.614251279232039,19919.33,19919.33,332150.08,-64135.06,11660.68,0.002994,20.98,210,,
2026-05-25T07:06:32 ET,2026-05-25T07:05:00 ET,2026-05-25,Mon,0706ET,2026-05-27,29558.75,717.54,29424.9,NEAR_FLIP,NEUTRAL,24.4,0.663,12.68,14.31,16.18,18.96,31513.84,765.0,1955.0900000000001,6.614251279232039,109729.09,109729.09,2389258.01,-177141.68,74398.46,0.037327,176.71,592,,
2026-05-25T07:06:32 ET,2026-05-25T07:05:00 ET,2026-05-25,Mon,0706ET,2026-05-26,29558.75,717.54,29424.9,NEAR_FLIP,NEUTRAL,24.4,0.663,12.68,14.31,16.18,18.96,31719.82,770.0,2161.0699999999997,7.311100773882521,10843.84,10843.84,180628.08,-38470.46,7015.16,0.001661,12.6,124,,
2026-05-25T07:06:32 ET,2026-05-25T07:05:00 ET,2026-05-25,Mon,0706ET,2026-05-27,29558.75,717.54,29424.9,NEAR_FLIP,NEUTRAL,24.4,0.663,12.68,14.31,16.18,18.96,31719.82,770.0,2161.0699999999997,7.311100773882521,57780.47,57780.47,1294618.53,-102739.18,40975.3,0.014973,99.68,428,,
2026-05-25T07:06:32 ET,2026-05-25T07:05:00 ET,2026-05-25,Mon,0706ET,2026-05-26,29558.75,717.54,29424.9,NEAR_FLIP,NEUTRAL,24.4,0.663,12.68,14.31,16.18,18.96,31925.79,775.0,2367.040000000001,8.00791643760308,37200.59,37200.59,612864.04,-144115.56,26852.05,0.006469,47.75,418,,
2026-05-25T07:06:32 ET,2026-05-25T07:05:00 ET,2026-05-25,Mon,0706ET,2026-05-27,29558.75,717.54,29424.9,NEAR_FLIP,NEUTRAL,24.4,0.663,12.68,14.31,16.18,18.96,31925.79,775.0,2367.040000000001,8.00791643760308,11081.06,11081.06,252357.54,-21507.9,8332.07,0.00245,20.54,102,,
2026-05-25T07:06:32 ET,2026-05-25T07:05:00 ET,2026-05-25,Mon,0706ET,2026-05-26,29558.75,717.54,29424.9,NEAR_FLIP,NEUTRAL,24.4,0.663,12.68,14.31,16.18,18.96,32131.76,780.0,2573.0099999999984,8.70473210132363,2227.52,2227.52,36035.35,-9353.04,1804.61,0.000473,3.16,23,,
2026-05-25T07:06:32 ET,2026-05-25T07:05:00 ET,2026-05-25,Mon,0706ET,2026-05-27,29558.75,717.54,29424.9,NEAR_FLIP,NEUTRAL,24.4,0.663,12.68,14.31,16.18,18.96,32131.76,780.0,2573.0099999999984,8.70473210132363,3622.41,3622.41,83043.23,-7617.88,2918.31,0.000753,7.23,38,,
2026-05-25T07:06:32 ET,2026-05-25T07:05:00 ET,2026-05-25,Mon,0706ET,2026-05-26,29558.75,717.54,29424.9,NEAR_FLIP,NEUTRAL,24.4,0.663,12.68,14.31,16.18,18.96,32337.74,785.0,2778.9900000000016,9.401581595974125,2966.63,2966.63,46886.25,-13416.0,2705.98,0.000805,4.64,27,,
2026-05-25T07:06:32 ET,2026-05-25T07:05:00 ET,2026-05-25,Mon,0706ET,2026-05-27,29558.75,717.54,29424.9,NEAR_FLIP,NEUTRAL,24.4,0.663,12.68,14.31,16.18,18.96,32337.74,785.0,2778.9900000000016,9.401581595974125,7633.92,7633.92,174835.82,-17284.8,6640.8,0.001614,16.44,85,,
2026-05-25T07:06:32 ET,2026-05-25T07:05:00 ET,2026-05-25,Mon,0706ET,AGGREGATE,29558.75,717.54,29424.9,NEAR_FLIP,NEUTRAL,24.4,0.663,12.68,14.31,16.18,18.96,26776.47,650.0,-2782.279999999999,-9.412711971920325,-1174011.9,1347148.76,13596013.84,5575190.42,5277761.28,10.947624000000001,3953.11,1766,,
2026-05-25T07:06:32 ET,2026-05-25T07:05:00 ET,2026-05-25,Mon,0706ET,AGGREGATE,29558.75,717.54,29424.9,NEAR_FLIP,NEUTRAL,24.4,0.663,12.68,14.31,16.18,18.96,26982.44,655.0,-2576.3100000000013,-8.715896308199776,-1350558.8599999999,1515274.38,15111940.63,6163326.0,4678419.68,9.870692000000002,3879.1400000000003,1914,,
2026-05-25T07:06:32 ET,2026-05-25T07:05:00 ET,2026-05-25,Mon,0706ET,AGGREGATE,29558.75,717.54,29424.9,NEAR_FLIP,NEUTRAL,24.4,0.663,12.68,14.31,16.18,18.96,27188.41,660.0,-2370.34,-8.019080644479216,-2059709.05,2181497.49,23991419.910000004,7902662.7700000005,1643461.53,3.648215,5145.43,2647,,
2026-05-25T07:06:32 ET,2026-05-25T07:05:00 ET,2026-05-25,Mon,0706ET,AGGREGATE,29558.75,717.54,29424.9,NEAR_FLIP,NEUTRAL,24.4,0.663,12.68,14.31,16.18,18.96,27394.39,665.0,-2164.3600000000006,-7.322231149828733,-1699029.42,1881469.48,19859791.22,6257225.090000001,4560891.87,10.971195999999999,3981.54,2138,7.447171279404412,PUT WALL + VOL SENSITIVE
2026-05-25T07:06:32 ET,2026-05-25T07:05:00 ET,2026-05-25,Mon,0706ET,AGGREGATE,29558.75,717.54,29424.9,NEAR_FLIP,NEUTRAL,24.4,0.663,12.68,14.31,16.18,18.96,27600.36,670.0,-1958.3899999999994,-6.625415486108173,-8785608.66,9186535.58,99044257.66,29375378.95,2323311.91,6.971442,16647.15,9603,36.47092521007258,PUT WALL + VOL SENSITIVE
2026-05-25T07:06:32 ET,2026-05-25T07:05:00 ET,2026-05-25,Mon,0706ET,AGGREGATE,29558.75,717.54,29424.9,NEAR_FLIP,NEUTRAL,24.4,0.663,12.68,14.31,16.18,18.96,27641.55,671.0,-1917.2000000000007,-6.4860658857360365,-107046.94,205414.40000000002,1163714.82,681963.83,3392430.85,8.855720999999999,345.24,213,0.3377237800084779,PUT WALL + VOL SENSITIVE
2026-05-25T07:06:32 ET,2026-05-25T07:05:00 ET,2026-05-25,Mon,0706ET,AGGREGATE,29558.75,717.54,29424.9,NEAR_FLIP,NEUTRAL,24.4,0.663,12.68,14.31,16.18,18.96,27682.75,672.0,-1876.0,-6.346682454433966,-365137.32,515139.68,3970262.96,1672459.23,4798458.56,12.81793,846.58,522,1.4910584438556034,PUT WALL + VOL SENSITIVE
2026-05-25T07:06:32 ET,2026-05-25T07:05:00 ET,2026-05-25,Mon,0706ET,AGGREGATE,29558.75,717.54,29424.9,NEAR_FLIP,NEUTRAL,24.4,0.663,12.68,14.31,16.18,18.96,27723.94,673.0,-1834.8100000000013,-6.20733285406183,-478581.62,563572.86,5202601.8100000005,1788412.69,2312894.6799999997,6.334501,905.5699999999999,557,1.7416551315585997,PUT WALL + VOL SENSITIVE
2026-05-25T07:06:32 ET,2026-05-25T07:05:00 ET,2026-05-25,Mon,0706ET,AGGREGATE,29558.75,717.54,29424.9,NEAR_FLIP,NEUTRAL,24.4,0.663,12.68,14.31,16.18,18.96,27765.14,674.0,-1793.6100000000006,-6.06794942275976,-355506.01999999996,426191.42,3861995.1099999994,1321256.1500000001,1921103.8899999997,5.405468,669.55,410,1.1948964163802152,PUT WALL + VOL SENSITIVE
2026-05-25T07:06:32 ET,2026-05-25T07:05:00 ET,2026-05-25,Mon,0706ET,AGGREGATE,29558.75,717.54,29424.9,NEAR_FLIP,NEUTRAL,24.4,0.663,12.68,14.31,16.18,18.96,27806.33,675.0,-1752.4199999999983,-5.9285998223876115,-4433462.82,4797263.76,60994296.45999999,8677882.94,4594832.949999999,14.201833999999998,10365.1,3868,16.213093423843993,PUT WALL + VOL SENSITIVE
2026-05-25T07:06:32 ET,2026-05-25T07:05:00 ET,2026-05-25,Mon,0706ET,AGGREGATE,29558.75,717.54,29424.9,NEAR_FLIP,NEUTRAL,24.4,0.663,12.68,14.31,16.18,18.96,27847.53,676.0,-1711.2200000000012,-5.789216391085554,-833746.27,876439.7699999999,10157498.83,2087118.5899999999,220509.15999999986,0.650318,1577.6399999999999,738,2.757651150291971,PUT WALL + VOL SENSITIVE
2026-05-25T07:06:32 ET,2026-05-25T07:05:00 ET,2026-05-25,Mon,0706ET,AGGREGATE,29558.75,717.54,29424.9,NEAR_FLIP,NEUTRAL,24.4,0.663,12.68,14.31,16.18,18.96,27888.72,677.0,-1670.0299999999988,-5.649866790713406,-601387.6299999999,912590.59,8038231.510000001,1663247.62,7322394.84,26.049808000000002,1851.65,687,2.2890773466694987,PUT WALL + VOL SENSITIVE
2026-05-25T07:06:32 ET,2026-05-25T07:05:00 ET,2026-05-25,Mon,0706ET,AGGREGATE,29558.75,717.54,29424.9,NEAR_FLIP,NEUTRAL,24.4,0.663,12.68,14.31,16.18,18.96,27929.92,678.0,-1628.8300000000017,-5.510483359411348,-850432.8599999999,914431.06,11091684.08,1703115.48,599887.0199999999,1.9844160000000004,1778.6999999999998,668,2.651216348194895,PUT WALL + VOL SENSITIVE
2026-05-25T07:06:32 ET,2026-05-25T07:05:00 ET,2026-05-25,Mon,0706ET,AGGREGATE,29558.75,717.54,29424.9,NEAR_FLIP,NEUTRAL,24.4,0.663,12.68,14.31,16.18,18.96,27971.11,679.0,-1587.6399999999994,-5.3711337590392,-624574.34,756727.1,7760661.58,1582110.17,2769173.39,9.468473,1329.5700000000002,554,2.0127803525939942,PUT WALL + VOL SENSITIVE
2026-05-25T07:06:32 ET,2026-05-25T07:05:00 ET,2026-05-25,Mon,0706ET,AGGREGATE,29558.75,717.54,29424.9,NEAR_FLIP,NEUTRAL,24.4,0.663,12.68,14.31,16.18,18.96,28012.31,680.0,-1546.4399999999987,-5.23175032773713,-5317701.2,5879315.0,62909387.919999994,12759839.77,7425654.720000001,28.597506000000003,9683.59,4212,18.431274054845243,PUT WALL + VOL SENSITIVE
2026-05-25T07:06:32 ET,2026-05-25T07:05:00 ET,2026-05-25,Mon,0706ET,AGGREGATE,29558.75,717.54,29424.9,NEAR_FLIP,NEUTRAL,24.4,0.663,12.68,14.31,16.18,18.96,28053.5,681.0,-1505.25,-5.092400727364994,-1231109.51,1323438.8900000001,15948349.02,2125457.77,426782.94999999995,1.9059840000000001,2517.86,818,3.660777589298561,PUT WALL + VOL SENSITIVE
2026-05-25T07:06:32 ET,2026-05-25T07:05:00 ET,2026-05-25,Mon,0706ET,AGGREGATE,29558.75,717.54,29424.9,NEAR_FLIP,NEUTRAL,24.4,0.663,12.68,14.31,16.18,18.96,28094.7,682.0,-1464.0499999999993,-4.9530172960629235,-4499867.0600000005,4685182.9399999995,55417283.53,8418839.49,-994715.1799999997,-6.2409490000000005,8108.22,2889,14.045519089649353,PUT WALL + VOL SENSITIVE
2026-05-25T07:06:32 ET,2026-05-25T07:05:00 ET,2026-05-25,Mon,0706ET,AGGREGATE,29558.75,717.54,29424.9,NEAR_FLIP,NEUTRAL,24.4,0.663,12.68,14.31,16.18,18.96,28135.89,683.0,-1422.8600000000006,-4.813667695690787,-2601803.63,2702818.8899999997,29146360.050000004,5798839.85,-661657.78,-2.7571580000000004,3945.2599999999998,1720,7.995806351843925,PUT WALL + VOL SENSITIVE
2026-05-25T07:06:32 ET,2026-05-25T07:05:00 ET,2026-05-25,Mon,0706ET,AGGREGATE,29558.75,717.54,29424.9,NEAR_FLIP,NEUTRAL,24.4,0.663,12.68,14.31,16.18,18.96,28177.08,684.0,-1381.6699999999983,-4.67431809531864,-2367438.38,2474407.34,26467924.01,5085566.16,-319833.9199999999,-1.7486840000000003,3577.87,1482,7.055480218731967,PUT WALL + VOL SENSITIVE
2026-05-25T07:06:32 ET,2026-05-25T07:05:00 ET,2026-05-25,Mon,0706ET,AGGREGATE,29558.75,717.54,29424.9,NEAR_FLIP,NEUTRAL,24.4,0.663,12.68,14.31,16.18,18.96,28218.28,685.0,-1340.4700000000012,-4.534934664016581,-12788574.16,13993016.04,135698791.17,29889048.11,7947161.05,49.825121,18571.66,8168,39.89798945084011,PUT WALL + VOL SENSITIVE
2026-05-25T07:06:32 ET,2026-05-25T07:05:00 ET,2026-05-25,Mon,0706ET,AGGREGATE,29558.75,717.54,29424.9,NEAR_FLIP,NEUTRAL,24.4,0.663,12.68,14.31,16.18,18.96,28259.47,686.0,-1299.2799999999988,-4.395585063644433,-1816697.94,2052913.2799999998,20109370.729999997,3695584.04,1563513.2599999998,11.162665,3019.52,1058,5.146913817077743,PUT WALL + VOL SENSITIVE
2026-05-25T07:06:32 ET,2026-05-25T07:05:00 ET,2026-05-25,Mon,0706ET,AGGREGATE,29558.75,717.54,29424.9,NEAR_FLIP,NEUTRAL,24.4,0.663,12.68,14.31,16.18,18.96,28300.67,687.0,-1258.0800000000017,-4.256201632342375,-2057714.12,2141306.9,22842067.12,3746210.65,-726981.73,-4.8084039999999995,3077.69,1037,5.501003664944144,PUT WALL + VOL SENSITIVE
2026-05-25T07:06:32 ET,2026-05-25T07:05:00 ET,2026-05-25,Mon,0706ET,AGGREGATE,29558.75,717.54,29424.9,NEAR_FLIP,NEUTRAL,24.4,0.663,12.68,14.31,16.18,18.96,28341.86,688.0,-1216.8899999999994,-4.116852031970226,-2223513.36,2384943.94,24653624.27,3907124.4,234212.54000000004,0.006228999999999374,3446.24,1065,5.83702178765012,PUT WALL + VOL SENSITIVE
2026-05-25T07:06:32 ET,2026-05-25T07:05:00 ET,2026-05-25,Mon,0706ET,AGGREGATE,29558.75,717.54,29424.9,NEAR_FLIP,NEUTRAL,24.4,0.663,12.68,14.31,16.18,18.96,28383.06,689.0,-1175.6899999999987,-3.977468600668156,-4150132.8600000003,4429318.5,46615820.339999996,6231290.42,-1190526.8699999999,-6.694072000000002,6814.83,1755,10.630453833935206,PUT WALL + VOL SENSITIVE
2026-05-25T07:06:32 ET,2026-05-25T07:05:00 ET,2026-05-25,Mon,0706ET,AGGREGATE,29558.75,717.54,29424.9,NEAR_FLIP,NEUTRAL,24.4,0.663,12.68,14.31,16.18,18.96,28424.25,690.0,-1134.5,-3.8381190002960204,-19014106.52,20141235.34,207002524.62,28780902.689999998,-7019980.25,-48.84167,29396.89,7586,48.68503139501033,PUT WALL + VOL SENSITIVE
2026-05-25T07:06:32 ET,2026-05-25T07:05:00 ET,2026-05-25,Mon,0706ET,AGGREGATE,29558.75,717.54,29424.9,NEAR_FLIP,NEUTRAL,24.4,0.663,12.68,14.31,16.18,18.96,28465.45,691.0,-1093.2999999999993,-3.6987355689939503,-1114967.46,1596744.7,11612628.19,2264001.28,4084740.0700000003,33.644431000000004,2239.37,565,2.855260672308482,PUT WALL + VOL SENSITIVE
2026-05-25T07:06:32 ET,2026-05-25T07:05:00 ET,2026-05-25,Mon,0706ET,AGGREGATE,29558.75,717.54,29424.9,NEAR_FLIP,NEUTRAL,24.4,0.663,12.68,14.31,16.18,18.96,28506.64,692.0,-1052.1100000000006,-3.5593859686218146,-1432105.1600000001,1699615.2399999998,14488312.97,2424237.51,1147427.88,11.491763000000002,2259.36,567,3.2968609045618047,PUT WALL + VOL SENSITIVE
2026-05-25T07:06:32 ET,2026-05-25T07:05:00 ET,2026-05-25,Mon,0706ET,AGGREGATE,29558.75,717.54,29424.9,NEAR_FLIP,NEUTRAL,24.4,0.663,12.68,14.31,16.18,18.96,28547.84,693.0,-1010.9099999999999,-3.420002537319744,-2752800.5200000005,3334319.0600000005,26519476.970000003,4957434.49,2784850.6100000003,28.089548999999998,4044.45,1062,6.574581307176406,PUT WALL + VOL SENSITIVE
2026-05-25T07:06:32 ET,2026-05-25T07:05:00 ET,2026-05-25,Mon,0706ET,AGGREGATE,29558.75,717.54,29424.9,NEAR_FLIP,NEUTRAL,24.4,0.663,12.68,14.31,16.18,18.96,28589.03,694.0,-969.7200000000012,-3.2806529369476083,-5173427.04,5478115.34,52391357.61,6409635.42,-2770504.9,-29.996688999999996,7653.4,1486,11.326667911303897,PUT WALL + VOL SENSITIVE
2026-05-25T07:06:32 ET,2026-05-25T07:05:00 ET,2026-05-25,Mon,0706ET,AGGREGATE,29558.75,717.54,29424.9,NEAR_FLIP,NEUTRAL,24.4,0.663,12.68,14.31,16.18,18.96,28630.22,695.0,-928.5299999999988,-3.14130333657546,-11324024.25,14858825.55,111385656.12,16806084.47,16228657.040000001,169.227407,20260.52,3723,26.5186939571399,PUT WALL + VOL SENSITIVE
2026-05-25T07:06:32 ET,2026-05-25T07:05:00 ET,2026-05-25,Mon,0706ET,AGGREGATE,29558.75,717.54,29424.9,NEAR_FLIP,NEUTRAL,24.4,0.663,12.68,14.31,16.18,18.96,28671.42,696.0,-887.3300000000017,-3.001919905273402,-3021360.0900000003,4881228.45,27775908.3,6331976.17,11994635.350000001,127.15889800000001,5613.73,1197,7.553172025852861,PUT WALL + VOL SENSITIVE
2026-05-25T07:06:32 ET,2026-05-25T07:05:00 ET,2026-05-25,Mon,0706ET,AGGREGATE,29558.75,717.54,29424.9,NEAR_FLIP,NEUTRAL,24.4,0.663,12.68,14.31,16.18,18.96,28712.61,697.0,-846.1399999999994,-2.862570304901254,-2063752.6099999999,4967508.99,17105205.03,5566604.85,15824247.479999999,217.184573,6132.43,1077,5.8004580441278835,PUT WALL + VOL SENSITIVE
2026-05-25T07:06:32 ET,2026-05-25T07:05:00 ET,2026-05-25,Mon,0706ET,AGGREGATE,29558.75,717.54,29424.9,NEAR_FLIP,NEUTRAL,24.4,0.663,12.68,14.31,16.18,18.96,28753.81,698.0,-804.9399999999987,-2.7231868735991838,-6439612.96,8068417.08,54616646.16,9503315.27,3727662.4999999995,52.40657,8921.98,1648,13.210174176340638,PUT WALL + VOL SENSITIVE
2026-05-25T07:06:32 ET,2026-05-25T07:05:00 ET,2026-05-25,Mon,0706ET,AGGREGATE,29558.75,717.54,29424.9,NEAR_FLIP,NEUTRAL,24.4,0.663,12.68,14.31,16.18,18.96,28795.0,699.0,-763.75,-2.583837273227048,-3193790.13,4433034.35,27351173.65,4142129.4000000004,3027626.9800000004,46.93759099999999,5623.530000000001,787,6.234729329812028,PUT WALL + VOL SENSITIVE
2026-05-25T07:06:32 ET,2026-05-25T07:05:00 ET,2026-05-25,Mon,0706ET,AGGREGATE,29558.75,717.54,29424.9,NEAR_FLIP,NEUTRAL,24.4,0.663,12.68,14.31,16.18,18.96,28836.2,700.0,-722.5499999999993,-2.4444538419249775,-25265865.0,47156887.22,207193194.11999997,46935532.230000004,85626666.77000001,1337.9068220000001,53304.84,7863,58.70940120967638,PUT WALL + VOL SENSITIVE
2026-05-25T07:06:32 ET,2026-05-25T07:05:00 ET,2026-05-25,Mon,0706ET,AGGREGATE,29558.75,717.54,29424.9,NEAR_FLIP,NEUTRAL,24.4,0.663,12.68,14.31,16.18,18.96,28877.39,701.0,-681.3600000000006,-2.3051042415528418,-2462248.65,6805058.109999999,19216499.18,5775335.82,15791008.3,287.273202,8236.73,1015,6.259835525496875,PUT WALL + VOL SENSITIVE
2026-05-25T07:06:32 ET,2026-05-25T07:05:00 ET,2026-05-25,Mon,0706ET,AGGREGATE,29558.75,717.54,29424.9,NEAR_FLIP,NEUTRAL,24.4,0.663,12.68,14.31,16.18,18.96,28918.59,702.0,-640.1599999999999,-2.1657208102507712,-12091164.620000001,25300965.98,81499164.09,23836567.62,38377293.410000004,792.4472759999999,25823.640000000003,3537,26.356904323475298,PUT WALL + VOL SENSITIVE
2026-05-25T07:06:32 ET,2026-05-25T07:05:00 ET,2026-05-25,Mon,0706ET,AGGREGATE,29558.75,717.54,29424.9,NEAR_FLIP,NEUTRAL,24.4,0.663,12.68,14.31,16.18,18.96,28959.78,703.0,-598.9700000000012,-2.0263712098786355,-7296258.5600000005,15037481.8,54140445.56999999,10631374.73,17957150.22,379.605647,18352.800000000003,1869,14.708259776460636,PUT WALL + VOL SENSITIVE
2026-05-25T07:06:32 ET,2026-05-25T07:05:00 ET,2026-05-25,Mon,0706ET,AGGREGATE,29558.75,717.54,29424.9,NEAR_FLIP,NEUTRAL,24.4,0.663,12.68,14.31,16.18,18.96,29000.98,704.0,-557.7700000000004,-1.886987778576565,-10387252.059999999,23376344.96,70478784.12,18101913.4,29267405.580000002,679.219648,24473.91,2692,21.467418246869627,PUT WALL + VOL SENSITIVE
2026-05-25T07:06:32 ET,2026-05-25T07:05:00 ET,2026-05-25,Mon,0706ET,AGGREGATE,29558.75,717.54,29424.9,NEAR_FLIP,NEUTRAL,24.4,0.663,12.68,14.31,16.18,18.96,29042.17,705.0,-516.5800000000017,-1.7476381782044292,-9753962.61,56811012.79,59371238.42999999,42749885.06,118369137.66000001,3044.2796590000003,55614.299999999996,5979,35.51569187726905,PUT WALL + VOL SENSITIVE
2026-05-25T07:06:32 ET,2026-05-25T07:05:00 ET,2026-05-25,Mon,0706ET,AGGREGATE,29558.75,717.54,29424.9,NEAR_FLIP,NEUTRAL,24.4,0.663,12.68,14.31,16.18,18.96,29083.36,706.0,-475.3899999999994,-1.608288577832281,-3116677.4999999995,20511215.32,18334917.97,14259027.69,38138872.63,1076.868256,19651.85,1971,11.46060807849994,PUT WALL + VOL SENSITIVE
2026-05-25T07:06:32 ET,2026-05-25T07:05:00 ET,2026-05-25,Mon,0706ET,AGGREGATE,29558.75,717.54,29424.9,NEAR_FLIP,NEUTRAL,24.4,0.663,12.68,14.31,16.18,18.96,29124.56,707.0,-434.1899999999987,-1.4689051465302108,-7319030.579999999,22836392.099999998,38480380.26,14129500.82,24096593.86,736.327035,22134.82,2014,14.840597294852268,PUT WALL + VOL SENSITIVE
2026-05-25T07:06:32 ET,2026-05-25T07:05:00 ET,2026-05-25,Mon,0706ET,AGGREGATE,29558.75,717.54,29424.9,NEAR_FLIP,NEUTRAL,24.4,0.663,12.68,14.31,16.18,18.96,29165.75,708.0,-393.0,-1.329555546158075,-3770304.460000001,31760722.44,18838944.940000005,16316363.36,44663102.39,1479.7256479999999,33008.04,2608,13.99242952973879,PUT WALL + VOL SENSITIVE
2026-05-25T07:06:32 ET,2026-05-25T07:05:00 ET,2026-05-25,Mon,0706ET,AGGREGATE,29558.75,717.54,29424.9,NEAR_FLIP,NEUTRAL,24.4,0.663,12.68,14.31,16.18,18.96,29206.95,709.0,-351.7999999999993,-1.1901721148560047,-11658958.989999998,40175668.65,53673844.45999999,16688949.43,27490756.43,973.7341019999998,44795.11,3113,21.079536346549517,PUT WALL + VOL SENSITIVE
2026-05-25T07:06:32 ET,2026-05-25T07:05:00 ET,2026-05-25,Mon,0706ET,AGGREGATE,29558.75,717.54,29424.9,NEAR_FLIP,NEUTRAL,24.4,0.663,12.68,14.31,16.18,18.96,29248.14,710.0,-310.6100000000006,-1.050822514483869,-58263822.879999995,127270467.69999999,226186803.59,57405576.37,24777961.299999993,824.028051,114811.85,8801,78.48762765604884,PUT WALL + VOL SENSITIVE
2026-05-25T07:06:32 ET,2026-05-25T07:05:00 ET,2026-05-25,Mon,0706ET,AGGREGATE,29558.75,717.54,29424.9,NEAR_FLIP,NEUTRAL,24.4,0.663,12.68,14.31,16.18,18.96,29289.34,711.0,-269.40999999999985,-0.9114390831817984,-5777037.500000001,37984807.56,21118068.540000007,14146299.54,26559793.809999995,1150.5691699999998,35572.7,2483,13.807329192609103,PUT WALL + VOL SENSITIVE
2026-05-25T07:06:32 ET,2026-05-25T07:05:00 ET,2026-05-25,Mon,0706ET,AGGREGATE,29558.75,717.54,29424.9,NEAR_FLIP,NEUTRAL,24.4,0.663,12.68,14.31,16.18,18.96,29330.53,712.0,-228.22000000000116,-0.7720894828096627,-5702471.230000001,37281772.69,15795477.890000002,12313904.47,22684851.55,943.329929,32547.39,2252,12.053044199548406,PUT WALL + VOL SENSITIVE
2026-05-25T07:06:32 ET,2026-05-25T07:05:00 ET,2026-05-25,Mon,0706ET,AGGREGATE,29558.75,717.54,29424.9,NEAR_FLIP,NEUTRAL,24.4,0.663,12.68,14.31,16.18,18.96,29371.73,713.0,-187.02000000000044,-0.6327060515075923,7996844.210000001,40707416.33,-20468926.900000002,10694266.57,46483563.18000001,2151.482232,36027.53,2344,15.20132334515744,CALL WALL + VOL SENSITIVE
2026-05-25T07:06:32 ET,2026-05-25T07:05:00 ET,2026-05-25,Mon,0706ET,AGGREGATE,29558.75,717.54,29424.9,NEAR_FLIP,NEUTRAL,24.4,0.663,12.68,14.31,16.18,18.96,29412.92,714.0,-145.83000000000175,-0.4933564511354565,-17570628.1,62636376.44,33615503.900000006,12746928.11,2276550.849999996,5.0070939999998245,54450.4,3430,19.529483321453828,PUT WALL
2026-05-25T07:06:32 ET,2026-05-25T07:05:00 ET,2026-05-25,Mon,0706ET,AGGREGATE,29558.75,717.54,29424.9,NEAR_FLIP,NEUTRAL,24.4,0.663,12.68,14.31,16.18,18.96,29454.12,715.0,-104.63000000000102,-0.35397301983338614,42935328.900000006,98884742.16,-60942246.02,14559584.73,117332776.64,6208.419138,82052.25,5134,46.57939710584969,CALL WALL
2026-05-25T07:06:32 ET,2026-05-25T07:05:00 ET,2026-05-25,Mon,0706ET,AGGREGATE,29558.75,717.54,29424.9,NEAR_FLIP,NEUTRAL,24.4,0.663,12.68,14.31,16.18,18.96,29495.31,716.0,-63.43999999999869,-0.214623419461238,10754799.499999998,47871135.94,-9674103.650000002,4183086.66,31807671.529999997,1685.983054,37904.71,2375,12.901516577304822,CALL WALL
2026-05-25T07:06:32 ET,2026-05-25T07:05:00 ET,2026-05-25,Mon,0706ET,AGGREGATE,29558.75,717.54,29424.9,NEAR_FLIP,NEUTRAL,24.4,0.663,12.68,14.31,16.18,18.96,29536.5,717.0,-22.25,-0.07527381908910222,15268706.06,36805090.52,-5114612.66,793548.2000000001,31015851.53,1691.239044,30793.44,1834,12.678207964102883,CALL WALL
2026-05-25T07:06:32 ET,2026-05-25T07:05:00 ET,2026-05-25,Mon,0706ET,AGGREGATE,29558.75,717.54,29424.9,NEAR_FLIP,NEUTRAL,24.4,0.663,12.68,14.31,16.18,18.96,29577.7,718.0,18.950000000000728,0.06410961221296817,5186170.44,24171668.94,1170541.52,-963598.13,8629331.660000002,453.2822829999999,19778.0,1185,4.887353796090503,CALL WALL
2026-05-25T07:06:32 ET,2026-05-25T07:05:00 ET,2026-05-25,Mon,0706ET,AGGREGATE,29558.75,717.54,29424.9,NEAR_FLIP,NEUTRAL,24.4,0.663,12.68,14.31,16.18,18.96,29618.89,719.0,60.13999999999942,0.20345921258510397,16659431.219999999,35370087.42,13241733.780000001,-3529952.01,21403539.71,1270.984721,29447.65,1752,14.0260955526921,CALL WALL
2026-05-25T07:06:32 ET,2026-05-25T07:05:00 ET,2026-05-25,Mon,0706ET,AGGREGATE,29558.75,717.54,29424.9,NEAR_FLIP,NEUTRAL,24.4,0.663,12.68,14.31,16.18,18.96,29660.09,720.0,101.34000000000015,0.34284264388717434,33114275.199999996,133294421.94,46711579.86,-21438740.65,25453327.410000004,868.7824369999998,109702.94,6664,36.44743666472347,CALL WALL
2026-05-25T07:06:32 ET,2026-05-25T07:05:00 ET,2026-05-25,Mon,0706ET,AGGREGATE,29558.75,717.54,29424.9,NEAR_FLIP,NEUTRAL,24.4,0.663,12.68,14.31,16.18,18.96,29701.28,721.0,142.52999999999884,0.4821922442593101,19914062.689999998,26955713.83,39338136.31,-5507204.53,25176291.94,1280.775621,24285.410000000003,1430,18.137466283505045,CALL WALL
2026-05-25T07:06:32 ET,2026-05-25T07:05:00 ET,2026-05-25,Mon,0706ET,AGGREGATE,29558.75,717.54,29424.9,NEAR_FLIP,NEUTRAL,24.4,0.663,12.68,14.31,16.18,18.96,29742.48,722.0,183.72999999999956,0.6215756755613805,62764125.949999996,71425122.89,158501623.58,-21947814.98,68110382.97,3653.705761,51383.56,3632,60.65708644343582,CALL WALL + VOL SENSITIVE
2026-05-25T07:06:32 ET,2026-05-25T07:05:00 ET,2026-05-25,Mon,0706ET,AGGREGATE,29558.75,717.54,29424.9,NEAR_FLIP,NEUTRAL,24.4,0.663,12.68,14.31,16.18,18.96,29783.67,723.0,224.91999999999825,0.7609252759335163,18999726.17,35425456.81,59277897.00999999,-12735703.14,7931070.640000001,399.95543799999996,26867.920000000002,1926,21.02924174734313,CALL WALL + VOL SENSITIVE
2026-05-25T07:06:32 ET,2026-05-25T07:05:00 ET,2026-05-25,Mon,0706ET,AGGREGATE,29558.75,717.54,29424.9,NEAR_FLIP,NEUTRAL,24.4,0.663,12.68,14.31,16.18,18.96,29824.87,724.0,266.119999999999,0.9003087072355868,73172401.58999999,89825725.91,275657024.63,-33791417.4,69164867.22,3044.5211010000003,78677.42,5388,82.05900625712185,CALL WALL + VOL SENSITIVE
2026-05-25T07:06:32 ET,2026-05-25T07:05:00 ET,2026-05-25,Mon,0706ET,AGGREGATE,29558.75,717.54,29424.9,NEAR_FLIP,NEUTRAL,24.4,0.663,12.68,14.31,16.18,18.96,29866.06,725.0,307.3100000000013,1.0396583076077348,62578333.89,88321855.97,270570176.12,-39481742.36,33797547.51,1474.3796069999999,74271.23,5612,76.217819938791,CALL WALL + VOL SENSITIVE
2026-05-25T07:06:32 ET,2026-05-25T07:05:00 ET,2026-05-25,Mon,0706ET,AGGREGATE,29558.75,717.54,29424.9,NEAR_FLIP,NEUTRAL,24.4,0.663,12.68,14.31,16.18,18.96,29907.26,726.0,348.5099999999984,1.179041738909793,-746173.8999999999,16936411.18,-3857467.9499999993,-8355348.54,-26615202.57,-1043.6235259999999,14600.59,1169,6.079208481062261,PUT WALL + VOL SENSITIVE
2026-05-25T07:06:32 ET,2026-05-25T07:05:00 ET,2026-05-25,Mon,0706ET,AGGREGATE,29558.75,717.54,29424.9,NEAR_FLIP,NEUTRAL,24.4,0.663,12.68,14.31,16.18,18.96,29948.45,727.0,389.7000000000007,1.3183913392819409,2565196.83,19187094.07,13166427.879999999,-10334262.75,-26603605.17,-942.566112,16896.38,1449,8.622959938200509,CALL WALL + VOL SENSITIVE
2026-05-25T07:06:32 ET,2026-05-25T07:05:00 ET,2026-05-25,Mon,0706ET,AGGREGATE,29558.75,717.54,29424.9,NEAR_FLIP,NEUTRAL,24.4,0.663,12.68,14.31,16.18,18.96,29989.65,728.0,430.90000000000146,1.4577747705840114,9439795.17,24332766.91,55655340.30000001,-15368258.01,-22808781.380000003,-743.786701,19972.94,2027,17.87783847254689,CALL WALL + VOL SENSITIVE
2026-05-25T07:06:32 ET,2026-05-25T07:05:00 ET,2026-05-25,Mon,0706ET,AGGREGATE,29558.75,717.54,29424.9,NEAR_FLIP,NEUTRAL,24.4,0.663,12.68,14.31,16.18,18.96,30030.84,729.0,472.09000000000015,1.5971243709561471,1695441.1000000006,12375466.8,10563061.079999998,-8067693.24,-24230431.09,-715.867878,10841.789999999999,1148,6.542308916727692,CALL WALL + VOL SENSITIVE
2026-05-25T07:06:32 ET,2026-05-25T07:05:00 ET,2026-05-25,Mon,0706ET,AGGREGATE,29558.75,717.54,29424.9,NEAR_FLIP,NEUTRAL,24.4,0.663,12.68,14.31,16.18,18.96,30072.03,730.0,513.2799999999988,1.7364739713282829,16223671.000000002,26215598.400000002,120783393.44000001,-16644650.81,-13602484.64,-330.9549379999999,25475.9,2682,28.195214433402338,CALL WALL + VOL SENSITIVE
2026-05-25T07:06:32 ET,2026-05-25T07:05:00 ET,2026-05-25,Mon,0706ET,AGGREGATE,29558.75,717.54,29424.9,NEAR_FLIP,NEUTRAL,24.4,0.663,12.68,14.31,16.18,18.96,30113.23,731.0,554.4799999999996,1.8758574026303532,362494.79000000004,10646636.29,2209737.16,-7425144.42,-32618705.91,-778.723258,10189.69,1231,5.170880329724388,CALL WALL + VOL SENSITIVE
2026-05-25T07:06:32 ET,2026-05-25T07:05:00 ET,2026-05-25,Mon,0706ET,AGGREGATE,29558.75,717.54,29424.9,NEAR_FLIP,NEUTRAL,24.4,0.663,12.68,14.31,16.18,18.96,30154.42,732.0,595.6699999999983,2.015207003002489,-1224643.1199999999,7489651.7,-10978498.91,-5081934.08,-32346445.3,-701.663586,7766.09,950,5.260929859713929,PUT WALL + VOL SENSITIVE
2026-05-25T07:06:32 ET,2026-05-25T07:05:00 ET,2026-05-25,Mon,0706ET,AGGREGATE,29558.75,717.54,29424.9,NEAR_FLIP,NEUTRAL,24.4,0.663,12.68,14.31,16.18,18.96,30195.62,733.0,636.869999999999,2.1545904343045597,2482582.18,5795578.02,22043442.36,-4187567.1399999997,-10329921.11,-225.275675,6031.450000000001,833,5.753832519496247,CALL WALL + VOL SENSITIVE
2026-05-25T07:06:32 ET,2026-05-25T07:05:00 ET,2026-05-25,Mon,0706ET,AGGREGATE,29558.75,717.54,29424.9,NEAR_FLIP,NEUTRAL,24.4,0.663,12.68,14.31,16.18,18.96,30236.81,734.0,678.0600000000013,2.2939400346767074,8183857.21,12414260.33,75273823.78,-12067115.33,-13042182.610000001,-277.370539,10452.77,2330,18.192347830808977,CALL WALL + VOL SENSITIVE
2026-05-25T07:06:32 ET,2026-05-25T07:05:00 ET,2026-05-25,Mon,0706ET,AGGREGATE,29558.75,717.54,29424.9,NEAR_FLIP,NEUTRAL,24.4,0.663,12.68,14.31,16.18,18.96,30278.01,735.0,719.2599999999984,2.433323465978766,4805943.01,7859241.790000001,48606606.73,-6490387.77,-11521074.129999999,-201.87696,8135.929999999999,1497,11.095120633818532,CALL WALL + VOL SENSITIVE
2026-05-25T07:06:32 ET,2026-05-25T07:05:00 ET,2026-05-25,Mon,0706ET,AGGREGATE,29558.75,717.54,29424.9,NEAR_FLIP,NEUTRAL,24.4,0.663,12.68,14.31,16.18,18.96,30319.2,736.0,760.4500000000007,2.5726730663509136,2231229.0300000003,2231229.0300000003,24227164.549999997,-1913870.5899999999,1702796.05,23.336346,2346.28,486,4.397510087268502,CALL WALL + VOL SENSITIVE
2026-05-25T07:06:32 ET,2026-05-25T07:05:00 ET,2026-05-25,Mon,0706ET,AGGREGATE,29558.75,717.54,29424.9,NEAR_FLIP,NEUTRAL,24.4,0.663,12.68,14.31,16.18,18.96,30360.4,737.0,801.6500000000015,2.712056497652984,1760529.62,1760529.62,19861226.97,-1708779.5899999999,1253448.52,14.435347,1760.36,473,3.6575276491185047,CALL WALL + VOL SENSITIVE
2026-05-25T07:06:32 ET,2026-05-25T07:05:00 ET,2026-05-25,Mon,0706ET,AGGREGATE,29558.75,717.54,29424.9,NEAR_FLIP,NEUTRAL,24.4,0.663,12.68,14.31,16.18,18.96,30401.59,738.0,842.8400000000001,2.85140609802512,3467135.7199999997,3475939.34,40745708.46,-3616448.7399999998,2309762.1599999997,22.68364,3435.6899999999996,1117,8.065469111794702,CALL WALL + VOL SENSITIVE
2026-05-25T07:06:32 ET,2026-05-25T07:05:00 ET,2026-05-25,Mon,0706ET,AGGREGATE,29558.75,717.54,29424.9,NEAR_FLIP,NEUTRAL,24.4,0.663,12.68,14.31,16.18,18.96,30442.79,739.0,884.0400000000009,2.9907895293271904,586432.49,586432.49,7238656.540000001,-604940.3600000001,405086.25,3.629817,608.89,210,1.133919498267479,CALL WALL + VOL SENSITIVE
2026-05-25T07:06:32 ET,2026-05-25T07:05:00 ET,2026-05-25,Mon,0706ET,AGGREGATE,29558.75,717.54,29424.9,NEAR_FLIP,NEUTRAL,24.4,0.663,12.68,14.31,16.18,18.96,30483.98,740.0,925.2299999999996,3.130139129699326,3579023.89,3585837.0100000002,46370283.98,-3607813.61,2439874.16,19.878015,3932.44,1398,9.12546528480057,CALL WALL + VOL SENSITIVE
2026-05-25T07:06:32 ET,2026-05-25T07:05:00 ET,2026-05-25,Mon,0706ET,AGGREGATE,29558.75,717.54,29424.9,NEAR_FLIP,NEUTRAL,24.4,0.663,12.68,14.31,16.18,18.96,30525.17,741.0,966.4199999999983,3.269488730071462,2682193.37,2682193.37,36485888.019999996,-2576919.7600000002,1915891.09,14.385663999999998,3124.2,1100,6.974887622365723,CALL WALL + VOL SENSITIVE
2026-05-25T07:06:32 ET,2026-05-25T07:05:00 ET,2026-05-25,Mon,0706ET,AGGREGATE,29558.75,717.54,29424.9,NEAR_FLIP,NEUTRAL,24.4,0.663,12.68,14.31,16.18,18.96,30566.37,742.0,1007.619999999999,3.408872161373532,351440.91,351440.91,4692687.85,-483658.07,207600.47999999998,1.019244,325.01,249,0.7970163742720545,CALL WALL + VOL SENSITIVE
2026-05-25T07:06:32 ET,2026-05-25T07:05:00 ET,2026-05-25,Mon,0706ET,AGGREGATE,29558.75,717.54,29424.9,NEAR_FLIP,NEUTRAL,24.4,0.663,12.68,14.31,16.18,18.96,30607.56,743.0,1048.8100000000013,3.5482217617456806,877698.35,877698.35,12646101.73,-973113.98,587969.06,3.22013,998.08,530,2.414453832327067,CALL WALL + VOL SENSITIVE
2026-05-25T07:06:32 ET,2026-05-25T07:05:00 ET,2026-05-25,Mon,0706ET,AGGREGATE,29558.75,717.54,29424.9,NEAR_FLIP,NEUTRAL,24.4,0.663,12.68,14.31,16.18,18.96,30648.76,744.0,1090.0099999999984,3.6876051930477383,306429.62,306429.62,4636332.65,-311155.13,212654.90000000002,1.092868,376.44,180,0.6174698949272828,CALL WALL + VOL SENSITIVE
2026-05-25T07:06:32 ET,2026-05-25T07:05:00 ET,2026-05-25,Mon,0706ET,AGGREGATE,29558.75,717.54,29424.9,NEAR_FLIP,NEUTRAL,24.4,0.663,12.68,14.31,16.18,18.96,30689.95,745.0,1131.2000000000007,3.8269547934198864,1113750.1099999999,1113750.1099999999,17325558.45,-1181566.66,759553.8400000001,3.387298,1373.25,765,3.421338269956224,CALL WALL + VOL SENSITIVE
2026-05-25T07:06:32 ET,2026-05-25T07:05:00 ET,2026-05-25,Mon,0706ET,AGGREGATE,29558.75,717.54,29424.9,NEAR_FLIP,NEUTRAL,24.4,0.663,12.68,14.31,16.18,18.96,30731.15,746.0,1172.4000000000015,3.966338224721957,329368.91,329368.91,5276108.8,-356511.89,222881.86000000002,0.873429,412.36,255,0.8228175279770482,CALL WALL + VOL SENSITIVE
2026-05-25T07:06:32 ET,2026-05-25T07:05:00 ET,2026-05-25,Mon,0706ET,AGGREGATE,29558.75,717.54,29424.9,NEAR_FLIP,NEUTRAL,24.4,0.663,12.68,14.31,16.18,18.96,30772.34,747.0,1213.5900000000001,4.105687825094092,96122.12,96122.12,1535912.23,-126500.02,60439.97,0.18507200000000001,111.02000000000001,111,0.05029120566382971,CALL WALL + VOL SENSITIVE
2026-05-25T07:06:32 ET,2026-05-25T07:05:00 ET,2026-05-25,Mon,0706ET,AGGREGATE,29558.75,717.54,29424.9,NEAR_FLIP,NEUTRAL,24.4,0.663,12.68,14.31,16.18,18.96,30895.93,750.0,1337.1800000000003,4.5238042880703695,694347.3999999999,694347.3999999999,11388528.0,-1179374.48,398388.6,0.680742,739.51,1555,3.8756241459494216,CALL WALL + VOL SENSITIVE
2026-05-25T07:06:32 ET,2026-05-25T07:05:00 ET,2026-05-25,Mon,0706ET,AGGREGATE,29558.75,717.54,29424.9,NEAR_FLIP,NEUTRAL,24.4,0.663,12.68,14.31,16.18,18.96,31101.9,755.0,1543.1500000000015,5.22061995179093,172419.96,173457.96,3250370.6,-266178.21,-106643.42,0.026205999999999993,228.28,487,0.8890816333268005,CALL WALL + VOL SENSITIVE
2026-05-25T07:06:32 ET,2026-05-25T07:05:00 ET,2026-05-25,Mon,0706ET,AGGREGATE,29558.75,717.54,29424.9,NEAR_FLIP,NEUTRAL,24.4,0.663,12.68,14.31,16.18,18.96,31307.87,760.0,1749.119999999999,5.917435615511478,101182.67000000001,101182.67000000001,1923284.08,-207560.57,61582.95,0.037041,129.41,567,0.8336168642530519,CALL WALL + VOL SENSITIVE
2026-05-25T07:06:32 ET,2026-05-25T07:05:00 ET,2026-05-25,Mon,0706ET,AGGREGATE,29558.75,717.54,29424.9,NEAR_FLIP,NEUTRAL,24.4,0.663,12.68,14.31,16.18,18.96,31513.84,765.0,1955.0900000000001,6.614251279232039,129648.42,129648.42,2721408.09,-241276.74,86059.14000000001,0.040320999999999996,197.69,802,1.3076909183570318,CALL WALL + VOL SENSITIVE
2026-05-25T07:06:32 ET,2026-05-25T07:05:00 ET,2026-05-25,Mon,0706ET,AGGREGATE,29558.75,717.54,29424.9,NEAR_FLIP,NEUTRAL,24.4,0.663,12.68,14.31,16.18,18.96,31719.82,770.0,2161.0699999999997,7.311100773882521,68624.31,68624.31,1475246.61,-141209.63999999998,47990.46000000001,0.016634,112.28,552,0.7325496588690006,CALL WALL + VOL SENSITIVE
2026-05-25T07:06:32 ET,2026-05-25T07:05:00 ET,2026-05-25,Mon,0706ET,AGGREGATE,29558.75,717.54,29424.9,NEAR_FLIP,NEUTRAL,24.4,0.663,12.68,14.31,16.18,18.96,31925.79,775.0,2367.040000000001,8.00791643760308,48281.649999999994,48281.649999999994,865221.5800000001,-165623.46,35184.119999999995,0.008919,68.28999999999999,520,,
2026-05-25T07:06:32 ET,2026-05-25T07:05:00 ET,2026-05-25,Mon,0706ET,AGGREGATE,29558.75,717.54,29424.9,NEAR_FLIP,NEUTRAL,24.4,0.663,12.68,14.31,16.18,18.96,32131.76,780.0,2573.0099999999984,8.70473210132363,5849.93,5849.93,119078.57999999999,-16970.920000000002,4722.92,0.001226,10.39,61,,
2026-05-25T07:06:32 ET,2026-05-25T07:05:00 ET,2026-05-25,Mon,0706ET,AGGREGATE,29558.75,717.54,29424.9,NEAR_FLIP,NEUTRAL,24.4,0.663,12.68,14.31,16.18,18.96,32337.74,785.0,2778.9900000000016,9.401581595974125,10600.55,10600.55,221722.07,-30700.8,9346.78,0.002419,21.080000000000002,112,,
2026-05-25T10:16:45 ET,2026-05-25T10:15:00 ET,2026-05-25,Mon,1016ET,2026-05-26,29558.75,717.54,29424.9,NEAR_FLIP,NEUTRAL,24.4,0.663,12.68,14.31,16.18,18.96,26776.47,650.0,-2782.279999999999,-9.412711971920325,-814063.57,941852.61,8247807.609999999,4588546.22,3797953.1100000003,8.109421000000001,2489.0,1194,,
2026-05-25T10:16:45 ET,2026-05-25T10:15:00 ET,2026-05-25,Mon,1016ET,2026-05-27,29558.75,717.54,29424.9,NEAR_FLIP,NEUTRAL,24.4,0.663,12.68,14.31,16.18,18.96,26776.47,650.0,-2782.279999999999,-9.412711971920325,-359948.33,405296.14999999997,5348206.23,986644.2,1479808.17,2.838203,1464.1100000000001,572,,
2026-05-25T10:16:45 ET,2026-05-25T10:15:00 ET,2026-05-25,Mon,1016ET,2026-05-26,29558.75,717.54,29424.9,NEAR_FLIP,NEUTRAL,24.4,0.663,12.68,14.31,16.18,18.96,26982.44,655.0,-2576.3100000000013,-8.715896308199776,-1114933.64,1223942.24,11580624.07,5508525.29,2558287.46,5.550510000000001,2915.3300000000004,1527,,
2026-05-25T10:16:45 ET,2026-05-25T10:15:00 ET,2026-05-25,Mon,1016ET,2026-05-27,29558.75,717.54,29424.9,NEAR_FLIP,NEUTRAL,24.4,0.663,12.68,14.31,16.18,18.96,26982.44,655.0,-2576.3100000000013,-8.715896308199776,-235625.22,291332.14,3531316.56,654800.71,2120132.22,4.320182,963.81,387,,
2026-05-25T10:16:45 ET,2026-05-25T10:15:00 ET,2026-05-25,Mon,1016ET,2026-05-26,29558.75,717.54,29424.9,NEAR_FLIP,NEUTRAL,24.4,0.663,12.68,14.31,16.18,18.96,27188.41,660.0,-2370.34,-8.019080644479216,-1575046.82,1646076.72,16705520.600000001,6798860.61,317522.4199999999,0.7098699999999996,3524.77,1993,,
2026-05-25T10:16:45 ET,2026-05-25T10:15:00 ET,2026-05-25,Mon,1016ET,2026-05-27,29558.75,717.54,29424.9,NEAR_FLIP,NEUTRAL,24.4,0.663,12.68,14.31,16.18,18.96,27188.41,660.0,-2370.34,-8.019080644479216,-484662.23,535420.77,7285899.3100000005,1103802.16,1325939.11,2.9383450000000004,1620.6599999999999,654,,
2026-05-25T10:16:45 ET,2026-05-25T10:15:00 ET,2026-05-25,Mon,1016ET,2026-05-26,29558.75,717.54,29424.9,NEAR_FLIP,NEUTRAL,24.4,0.663,12.68,14.31,16.18,18.96,27394.39,665.0,-2164.3600000000006,-7.322231149828733,-1328548.0899999999,1446795.83,14312591.709999999,5441644.94,2719296.7700000005,6.399884999999999,2778.43,1664,,
2026-05-25T10:16:45 ET,2026-05-25T10:15:00 ET,2026-05-25,Mon,1016ET,2026-05-27,29558.75,717.54,29424.9,NEAR_FLIP,NEUTRAL,24.4,0.663,12.68,14.31,16.18,18.96,27394.39,665.0,-2164.3600000000006,-7.322231149828733,-370481.33,434673.64999999997,5547199.510000001,815580.15,1841595.0999999999,4.571311,1203.11,474,,
2026-05-25T10:16:45 ET,2026-05-25T10:15:00 ET,2026-05-25,Mon,1016ET,2026-05-26,29558.75,717.54,29424.9,NEAR_FLIP,NEUTRAL,24.4,0.663,12.68,14.31,16.18,18.96,27600.36,670.0,-1958.3899999999994,-6.625415486108173,-7867544.510000001,8130016.29,85475748.87,27587848.48,-836064.2599999998,-2.136678,13973.51,8611,,
2026-05-25T10:16:45 ET,2026-05-25T10:15:00 ET,2026-05-25,Mon,1016ET,2026-05-27,29558.75,717.54,29424.9,NEAR_FLIP,NEUTRAL,24.4,0.663,12.68,14.31,16.18,18.96,27600.36,670.0,-1958.3899999999994,-6.625415486108173,-918064.1499999999,1056519.29,13568508.79,1787530.47,3159376.17,9.10812,2673.64,992,,
2026-05-25T10:16:45 ET,2026-05-25T10:15:00 ET,2026-05-25,Mon,1016ET,2026-05-26,29558.75,717.54,29424.9,NEAR_FLIP,NEUTRAL,24.4,0.663,12.68,14.31,16.18,18.96,27641.55,671.0,-1917.2000000000007,-6.4860658857360365,-107046.94,205414.40000000002,1163714.82,681963.83,3392430.85,8.855720999999999,345.24,213,,
2026-05-25T10:16:45 ET,2026-05-25T10:15:00 ET,2026-05-25,Mon,1016ET,2026-05-26,29558.75,717.54,29424.9,NEAR_FLIP,NEUTRAL,24.4,0.663,12.68,14.31,16.18,18.96,27682.75,672.0,-1876.0,-6.346682454433966,-365137.32,515139.68,3970262.96,1672459.23,4798458.56,12.81793,846.58,522,,
2026-05-25T10:16:45 ET,2026-05-25T10:15:00 ET,2026-05-25,Mon,1016ET,2026-05-26,29558.75,717.54,29424.9,NEAR_FLIP,NEUTRAL,24.4,0.663,12.68,14.31,16.18,18.96,27723.94,673.0,-1834.8100000000013,-6.20733285406183,-478581.62,563572.86,5202601.8100000005,1788412.69,2312894.6799999997,6.334501,905.5699999999999,557,,
2026-05-25T10:16:45 ET,2026-05-25T10:15:00 ET,2026-05-25,Mon,1016ET,2026-05-26,29558.75,717.54,29424.9,NEAR_FLIP,NEUTRAL,24.4,0.663,12.68,14.31,16.18,18.96,27765.14,674.0,-1793.6100000000006,-6.06794942275976,-355506.01999999996,426191.42,3861995.1099999994,1321256.1500000001,1921103.8899999997,5.405468,669.55,410,,
2026-05-25T10:16:45 ET,2026-05-25T10:15:00 ET,2026-05-25,Mon,1016ET,2026-05-26,29558.75,717.54,29424.9,NEAR_FLIP,NEUTRAL,24.4,0.663,12.68,14.31,16.18,18.96,27806.33,675.0,-1752.4199999999983,-5.9285998223876115,-823015.7,949304.2,8930149.979999999,2873555.75,3103007.67,8.989309,1458.09,887,,
2026-05-25T10:16:45 ET,2026-05-25T10:15:00 ET,2026-05-25,Mon,1016ET,2026-05-27,29558.75,717.54,29424.9,NEAR_FLIP,NEUTRAL,24.4,0.663,12.68,14.31,16.18,18.96,27806.33,675.0,-1752.4199999999983,-5.9285998223876115,-3610447.1199999996,3847959.56,52064146.48,5804327.1899999995,1491825.2799999993,5.212524999999999,8907.01,2981,,
2026-05-25T10:16:45 ET,2026-05-25T10:15:00 ET,2026-05-25,Mon,1016ET,2026-05-26,29558.75,717.54,29424.9,NEAR_FLIP,NEUTRAL,24.4,0.663,12.68,14.31,16.18,18.96,27847.53,676.0,-1711.2200000000012,-5.789216391085554,-511338.73999999993,537844.4199999999,5538815.87,1588762.8299999998,233921.3899999999,0.6992929999999999,807.64,487,,
2026-05-25T10:16:45 ET,2026-05-25T10:15:00 ET,2026-05-25,Mon,1016ET,2026-05-27,29558.75,717.54,29424.9,NEAR_FLIP,NEUTRAL,24.4,0.663,12.68,14.31,16.18,18.96,27847.53,676.0,-1711.2200000000012,-5.789216391085554,-322407.53,338595.35,4618682.96,498355.76,-13412.23000000004,-0.04897499999999999,770.0,251,,
2026-05-25T10:16:45 ET,2026-05-25T10:15:00 ET,2026-05-25,Mon,1016ET,2026-05-26,29558.75,717.54,29424.9,NEAR_FLIP,NEUTRAL,24.4,0.663,12.68,14.31,16.18,18.96,27888.72,677.0,-1670.0299999999988,-5.649866790713406,-150793.61,244468.43,1629692.1,704300.26,2662702.56,8.233668,358.89,214,,
2026-05-25T10:16:45 ET,2026-05-25T10:15:00 ET,2026-05-25,Mon,1016ET,2026-05-27,29558.75,717.54,29424.9,NEAR_FLIP,NEUTRAL,24.4,0.663,12.68,14.31,16.18,18.96,27888.72,677.0,-1670.0299999999988,-5.649866790713406,-450594.01999999996,668122.1599999999,6408539.41,958947.36,4659692.279999999,17.81614,1492.76,473,,
2026-05-25T10:16:45 ET,2026-05-25T10:15:00 ET,2026-05-25,Mon,1016ET,2026-05-26,29558.75,717.54,29424.9,NEAR_FLIP,NEUTRAL,24.4,0.663,12.68,14.31,16.18,18.96,27929.92,678.0,-1628.8300000000017,-5.510483359411348,-272460.75999999995,300891.44,2936173.4499999997,844907.87,524290.3599999999,1.6811620000000003,431.82,254,,
2026-05-25T10:16:45 ET,2026-05-25T10:15:00 ET,2026-05-25,Mon,1016ET,2026-05-27,29558.75,717.54,29424.9,NEAR_FLIP,NEUTRAL,24.4,0.663,12.68,14.31,16.18,18.96,27929.92,678.0,-1628.8300000000017,-5.510483359411348,-577972.1,613539.62,8155510.63,858207.61,75596.66000000003,0.3032539999999999,1346.8799999999999,414,,
2026-05-25T10:16:45 ET,2026-05-25T10:15:00 ET,2026-05-25,Mon,1016ET,2026-05-26,29558.75,717.54,29424.9,NEAR_FLIP,NEUTRAL,24.4,0.663,12.68,14.31,16.18,18.96,27971.11,679.0,-1587.6399999999994,-5.3711337590392,-300516.92,401510.32,3227195.69,1098193.35,2501356.06,8.339044,563.33,326,,
2026-05-25T10:16:45 ET,2026-05-25T10:15:00 ET,2026-05-25,Mon,1016ET,2026-05-27,29558.75,717.54,29424.9,NEAR_FLIP,NEUTRAL,24.4,0.663,12.68,14.31,16.18,18.96,27971.11,679.0,-1587.6399999999994,-5.3711337590392,-324057.42,355216.77999999997,4533465.890000001,483916.82,267817.32999999996,1.129429,766.24,228,,
2026-05-25T10:16:45 ET,2026-05-25T10:15:00 ET,2026-05-25,Mon,1016ET,2026-05-26,29558.75,717.54,29424.9,NEAR_FLIP,NEUTRAL,24.4,0.663,12.68,14.31,16.18,18.96,28012.31,680.0,-1546.4399999999987,-5.23175032773713,-3409037.43,3714630.9899999998,36456221.8,9889714.08,4540756.79,15.781821000000003,5094.99,2893,,
2026-05-25T10:16:45 ET,2026-05-25T10:15:00 ET,2026-05-25,Mon,1016ET,2026-05-27,29558.75,717.54,29424.9,NEAR_FLIP,NEUTRAL,24.4,0.663,12.68,14.31,16.18,18.96,28012.31,680.0,-1546.4399999999987,-5.23175032773713,-1908663.77,2164684.01,26453166.119999997,2870125.69,2884897.93,12.815685,4588.6,1319,,
2026-05-25T10:16:45 ET,2026-05-25T10:15:00 ET,2026-05-25,Mon,1016ET,2026-05-26,29558.75,717.54,29424.9,NEAR_FLIP,NEUTRAL,24.4,0.663,12.68,14.31,16.18,18.96,28053.5,681.0,-1505.25,-5.092400727364994,-306071.8,322180.84,3257103.9400000004,834336.31,90211.47999999998,0.32780200000000015,432.01,240,,
2026-05-25T10:16:45 ET,2026-05-25T10:15:00 ET,2026-05-25,Mon,1016ET,2026-05-27,29558.75,717.54,29424.9,NEAR_FLIP,NEUTRAL,24.4,0.663,12.68,14.31,16.18,18.96,28053.5,681.0,-1505.25,-5.092400727364994,-925037.71,1001258.05,12691245.08,1291121.46,336571.47,1.578182,2085.85,578,,
2026-05-25T10:16:45 ET,2026-05-25T10:15:00 ET,2026-05-25,Mon,1016ET,2026-05-26,29558.75,717.54,29424.9,NEAR_FLIP,NEUTRAL,24.4,0.663,12.68,14.31,16.18,18.96,28094.7,682.0,-1464.0499999999993,-4.9530172960629235,-1889040.81,2015727.6099999999,19988552.19,5073606.3100000005,1138089.2300000002,4.336375,2642.48,1432,,
2026-05-25T10:16:45 ET,2026-05-25T10:15:00 ET,2026-05-25,Mon,1016ET,2026-05-27,29558.75,717.54,29424.9,NEAR_FLIP,NEUTRAL,24.4,0.663,12.68,14.31,16.18,18.96,28094.7,682.0,-1464.0499999999993,-4.9530172960629235,-2610826.25,2669455.33,35428731.339999996,3345233.1799999997,-2132804.41,-10.577324,5465.740000000001,1457,,
2026-05-25T10:16:45 ET,2026-05-25T10:15:00 ET,2026-05-25,Mon,1016ET,2026-05-26,29558.75,717.54,29424.9,NEAR_FLIP,NEUTRAL,24.4,0.663,12.68,14.31,16.18,18.96,28135.89,683.0,-1422.8600000000006,-4.813667695690787,-1982404.9,2044586.38,20840300.92,4997872.79,-577093.48,-2.3127020000000007,2620.49,1381,,
2026-05-25T10:16:45 ET,2026-05-25T10:15:00 ET,2026-05-25,Mon,1016ET,2026-05-27,29558.75,717.54,29424.9,NEAR_FLIP,NEUTRAL,24.4,0.663,12.68,14.31,16.18,18.96,28135.89,683.0,-1422.8600000000006,-4.813667695690787,-619398.73,658232.51,8306059.13,800967.0599999999,-84564.30000000005,-0.44445599999999974,1324.77,339,,
2026-05-25T10:16:45 ET,2026-05-25T10:15:00 ET,2026-05-25,Mon,1016ET,2026-05-26,29558.75,717.54,29424.9,NEAR_FLIP,NEUTRAL,24.4,0.663,12.68,14.31,16.18,18.96,28177.08,684.0,-1381.6699999999983,-4.67431809531864,-1738571.99,1816674.95,18142226.37,4309061.0,-26862.929999999935,-0.11358300000000021,2276.53,1163,,
2026-05-25T10:16:45 ET,2026-05-25T10:15:00 ET,2026-05-25,Mon,1016ET,2026-05-27,29558.75,717.54,29424.9,NEAR_FLIP,NEUTRAL,24.4,0.663,12.68,14.31,16.18,18.96,28177.08,684.0,-1381.6699999999983,-4.67431809531864,-628866.39,657732.39,8325697.640000001,776505.16,-292970.99,-1.6351010000000001,1301.34,319,,
2026-05-25T10:16:45 ET,2026-05-25T10:15:00 ET,2026-05-25,Mon,1016ET,2026-05-26,29558.75,717.54,29424.9,NEAR_FLIP,NEUTRAL,24.4,0.663,12.68,14.31,16.18,18.96,28218.28,685.0,-1340.4700000000012,-4.534934664016581,-11549108.8,12012065.2,119514304.74,27622138.79,-1800978.3800000008,-8.060317999999995,14718.269999999999,7265,,
2026-05-25T10:16:45 ET,2026-05-25T10:15:00 ET,2026-05-25,Mon,1016ET,2026-05-27,29558.75,717.54,29424.9,NEAR_FLIP,NEUTRAL,24.4,0.663,12.68,14.31,16.18,18.96,28218.28,685.0,-1340.4700000000012,-4.534934664016581,-1239465.36,1980950.84,16184486.43,2266909.3200000003,9748139.43,57.885439,3853.39,903,,
2026-05-25T10:16:45 ET,2026-05-25T10:15:00 ET,2026-05-25,Mon,1016ET,2026-05-26,29558.75,717.54,29424.9,NEAR_FLIP,NEUTRAL,24.4,0.663,12.68,14.31,16.18,18.96,28259.47,686.0,-1299.2799999999988,-4.395585063644433,-1248435.3299999998,1269505.97,12798775.719999999,2827435.27,-802482.28,-3.8141130000000003,1521.07,723,,
2026-05-25T10:16:45 ET,2026-05-25T10:15:00 ET,2026-05-25,Mon,1016ET,2026-05-27,29558.75,717.54,29424.9,NEAR_FLIP,NEUTRAL,24.4,0.663,12.68,14.31,16.18,18.96,28259.47,686.0,-1299.2799999999988,-4.395585063644433,-568262.61,783407.3099999999,7310595.010000001,868148.77,2365995.54,14.976778,1498.45,335,,
2026-05-25T10:16:45 ET,2026-05-25T10:15:00 ET,2026-05-25,Mon,1016ET,2026-05-26,29558.75,717.54,29424.9,NEAR_FLIP,NEUTRAL,24.4,0.663,12.68,14.31,16.18,18.96,28300.67,687.0,-1258.0800000000017,-4.256201632342375,-1275998.23,1339611.0499999998,12945189.620000001,2886770.1999999997,-62629.419999999925,-0.3171799999999996,1569.67,716,,
2026-05-25T10:16:45 ET,2026-05-25T10:15:00 ET,2026-05-25,Mon,1016ET,2026-05-27,29558.75,717.54,29424.9,NEAR_FLIP,NEUTRAL,24.4,0.663,12.68,14.31,16.18,18.96,28300.67,687.0,-1258.0800000000017,-4.256201632342375,-781715.89,801695.85,9896877.5,859440.4500000001,-664352.31,-4.491224000000001,1508.02,321,,
2026-05-25T10:16:45 ET,2026-05-25T10:15:00 ET,2026-05-25,Mon,1016ET,2026-05-26,29558.75,717.54,29424.9,NEAR_FLIP,NEUTRAL,24.4,0.663,12.68,14.31,16.18,18.96,28341.86,688.0,-1216.8899999999994,-4.116852031970226,-1248223.42,1372245.62,12516884.45,2858042.42,928315.72,5.026492999999999,1572.61,686,,
2026-05-25T10:16:45 ET,2026-05-25T10:15:00 ET,2026-05-25,Mon,1016ET,2026-05-27,29558.75,717.54,29424.9,NEAR_FLIP,NEUTRAL,24.4,0.663,12.68,14.31,16.18,18.96,28341.86,688.0,-1216.8899999999994,-4.116852031970226,-975289.9400000001,1012698.32,12136739.82,1049081.98,-694103.1799999999,-5.020263999999999,1873.6299999999999,379,,
2026-05-25T10:16:45 ET,2026-05-25T10:15:00 ET,2026-05-25,Mon,1016ET,2026-05-26,29558.75,717.54,29424.9,NEAR_FLIP,NEUTRAL,24.4,0.663,12.68,14.31,16.18,18.96,28383.06,689.0,-1175.6899999999987,-3.977468600668156,-1761876.4,1783336.52,17441177.0,3585655.82,-1304600.64,-7.578296,1999.08,831,,
2026-05-25T10:16:45 ET,2026-05-25T10:15:00 ET,2026-05-25,Mon,1016ET,2026-05-27,29558.75,717.54,29424.9,NEAR_FLIP,NEUTRAL,24.4,0.663,12.68,14.31,16.18,18.96,28383.06,689.0,-1175.6899999999987,-3.977468600668156,-2388256.4600000004,2645981.98,29174643.34,2645634.5999999996,114073.77000000002,0.8842239999999997,4815.75,924,,
2026-05-25T10:16:45 ET,2026-05-25T10:15:00 ET,2026-05-25,Mon,1016ET,2026-05-26,29558.75,717.54,29424.9,NEAR_FLIP,NEUTRAL,24.4,0.663,12.68,14.31,16.18,18.96,28424.25,690.0,-1134.5,-3.8381190002960204,-9337613.25,9610210.57,91125732.30000001,18630552.45,-4628160.6,-28.940740999999996,10538.98,4160,,
2026-05-25T10:16:45 ET,2026-05-25T10:15:00 ET,2026-05-25,Mon,1016ET,2026-05-27,29558.75,717.54,29424.9,NEAR_FLIP,NEUTRAL,24.4,0.663,12.68,14.31,16.18,18.96,28424.25,690.0,-1134.5,-3.8381190002960204,-9676493.27,10531024.77,115876792.32000001,10150350.24,-2391819.6500000004,-19.900929000000005,18857.91,3426,,
2026-05-25T10:16:45 ET,2026-05-25T10:15:00 ET,2026-05-25,Mon,1016ET,2026-05-26,29558.75,717.54,29424.9,NEAR_FLIP,NEUTRAL,24.4,0.663,12.68,14.31,16.18,18.96,28465.45,691.0,-1093.2999999999993,-3.6987355689939503,-688697.0,833423.1799999999,6616064.28,1555732.23,1320243.6099999999,8.91733,894.27,334,,
2026-05-25T10:16:45 ET,2026-05-25T10:15:00 ET,2026-05-25,Mon,1016ET,2026-05-27,29558.75,717.54,29424.9,NEAR_FLIP,NEUTRAL,24.4,0.663,12.68,14.31,16.18,18.96,28465.45,691.0,-1093.2999999999993,-3.6987355689939503,-426270.45999999996,763321.52,4996563.91,708269.0499999999,2764496.46,24.727101,1345.1000000000001,231,,
2026-05-25T10:16:45 ET,2026-05-25T10:15:00 ET,2026-05-25,Mon,1016ET,2026-05-26,29558.75,717.54,29424.9,NEAR_FLIP,NEUTRAL,24.4,0.663,12.68,14.31,16.18,18.96,28506.64,692.0,-1052.1100000000006,-3.5593859686218146,-951899.15,1005984.33,8987496.8,1805556.27,-192265.34999999998,-1.4073789999999997,1056.3300000000002,372,,
2026-05-25T10:16:45 ET,2026-05-25T10:15:00 ET,2026-05-25,Mon,1016ET,2026-05-27,29558.75,717.54,29424.9,NEAR_FLIP,NEUTRAL,24.4,0.663,12.68,14.31,16.18,18.96,28506.64,692.0,-1052.1100000000006,-3.5593859686218146,-480206.00999999995,693630.9099999999,5500816.17,618681.24,1339693.23,12.899142000000001,1203.03,195,,
2026-05-25T10:16:45 ET,2026-05-25T10:15:00 ET,2026-05-25,Mon,1016ET,2026-05-26,29558.75,717.54,29424.9,NEAR_FLIP,NEUTRAL,24.4,0.663,12.68,14.31,16.18,18.96,28547.84,693.0,-1010.9099999999999,-3.420002537319744,-2219922.91,2425743.5700000003,20564332.580000002,4179642.3800000004,334555.94999999995,2.6626949999999994,2493.13,825,,
2026-05-25T10:16:45 ET,2026-05-25T10:15:00 ET,2026-05-25,Mon,1016ET,2026-05-27,29558.75,717.54,29424.9,NEAR_FLIP,NEUTRAL,24.4,0.663,12.68,14.31,16.18,18.96,28547.84,693.0,-1010.9099999999999,-3.420002537319744,-532877.6100000001,908575.49,5955144.39,777792.11,2450294.66,25.426854,1551.32,237,,
2026-05-25T10:16:45 ET,2026-05-25T10:15:00 ET,2026-05-25,Mon,1016ET,2026-05-26,29558.75,717.54,29424.9,NEAR_FLIP,NEUTRAL,24.4,0.663,12.68,14.31,16.18,18.96,28589.03,694.0,-969.7200000000012,-3.2806529369476083,-2158296.41,2305817.41,19579681.200000003,3807684.1799999997,-405728.1200000001,-3.5220280000000006,2320.1,719,,
2026-05-25T10:16:45 ET,2026-05-25T10:15:00 ET,2026-05-25,Mon,1016ET,2026-05-27,29558.75,717.54,29424.9,NEAR_FLIP,NEUTRAL,24.4,0.663,12.68,14.31,16.18,18.96,28589.03,694.0,-969.7200000000012,-3.2806529369476083,-3015130.63,3172297.9299999997,32811676.41,2601951.24,-2364776.78,-26.474660999999998,5333.3,767,,
2026-05-25T10:16:45 ET,2026-05-25T10:15:00 ET,2026-05-25,Mon,1016ET,2026-05-26,29558.75,717.54,29424.9,NEAR_FLIP,NEUTRAL,24.4,0.663,12.68,14.31,16.18,18.96,28630.22,695.0,-928.5299999999988,-3.14130333657546,-4897579.4799999995,6476312.12,43422158.620000005,10230784.21,10397861.89,98.74196599999999,6381.02,1846,,
2026-05-25T10:16:45 ET,2026-05-25T10:15:00 ET,2026-05-25,Mon,1016ET,2026-05-27,29558.75,717.54,29424.9,NEAR_FLIP,NEUTRAL,24.4,0.663,12.68,14.31,16.18,18.96,28630.22,695.0,-928.5299999999988,-3.14130333657546,-6426444.77,8382513.43,67963497.5,6575300.26,5830795.15,70.48544100000001,13879.5,1877,,
2026-05-25T10:16:45 ET,2026-05-25T10:15:00 ET,2026-05-25,Mon,1016ET,2026-05-26,29558.75,717.54,29424.9,NEAR_FLIP,NEUTRAL,24.4,0.663,12.68,14.31,16.18,18.96,28671.42,696.0,-887.3300000000017,-3.001919905273402,-1993588.86,3525342.46,17236074.69,5316897.01,11161018.33,116.27097400000001,3402.15,916,,
2026-05-25T10:16:45 ET,2026-05-25T10:15:00 ET,2026-05-25,Mon,1016ET,2026-05-27,29558.75,717.54,29424.9,NEAR_FLIP,NEUTRAL,24.4,0.663,12.68,14.31,16.18,18.96,28671.42,696.0,-887.3300000000017,-3.001919905273402,-1027771.2300000001,1355885.9900000002,10539833.61,1015079.1599999999,833617.02,10.887923999999998,2211.58,281,,
2026-05-25T10:16:45 ET,2026-05-25T10:15:00 ET,2026-05-25,Mon,1016ET,2026-05-26,29558.75,717.54,29424.9,NEAR_FLIP,NEUTRAL,24.4,0.663,12.68,14.31,16.18,18.96,28712.61,697.0,-846.1399999999994,-2.862570304901254,-2230650.48,2797836.7399999998,18760916.25,4019782.02,2336779.33,26.773199,2645.3599999999997,661,,
2026-05-25T10:16:45 ET,2026-05-25T10:15:00 ET,2026-05-25,Mon,1016ET,2026-05-27,29558.75,717.54,29424.9,NEAR_FLIP,NEUTRAL,24.4,0.663,12.68,14.31,16.18,18.96,28712.61,697.0,-846.1399999999994,-2.862570304901254,166897.8700000001,2169672.25,-1655711.2200000007,1546822.83,13487468.149999999,190.41137400000002,3487.07,416,,
2026-05-25T10:16:45 ET,2026-05-25T10:15:00 ET,2026-05-25,Mon,1016ET,2026-05-26,29558.75,717.54,29424.9,NEAR_FLIP,NEUTRAL,24.4,0.663,12.68,14.31,16.18,18.96,28753.81,698.0,-804.9399999999987,-2.7231868735991838,-4973632.0,5869445.640000001,40584464.3,8014049.819999999,1703697.8199999994,21.516452,5438.73,1258,,
2026-05-25T10:16:45 ET,2026-05-25T10:15:00 ET,2026-05-25,Mon,1016ET,2026-05-27,29558.75,717.54,29424.9,NEAR_FLIP,NEUTRAL,24.4,0.663,12.68,14.31,16.18,18.96,28753.81,698.0,-804.9399999999987,-2.7231868735991838,-1465980.96,2198971.44,14032181.86,1489265.45,2023964.6800000002,30.890118,3483.25,390,,
2026-05-25T10:16:45 ET,2026-05-25T10:15:00 ET,2026-05-25,Mon,1016ET,2026-05-26,29558.75,717.54,29424.9,NEAR_FLIP,NEUTRAL,24.4,0.663,12.68,14.31,16.18,18.96,28795.0,699.0,-763.75,-2.583837273227048,-1566461.06,1988993.3199999998,12365035.21,2573971.16,1181039.26,16.472973999999997,1806.8000000000002,386,,
2026-05-25T10:16:45 ET,2026-05-25T10:15:00 ET,2026-05-25,Mon,1016ET,2026-05-27,29558.75,717.54,29424.9,NEAR_FLIP,NEUTRAL,24.4,0.663,12.68,14.31,16.18,18.96,28795.0,699.0,-763.75,-2.583837273227048,-1627329.07,2444041.0300000003,14986138.44,1568158.24,1846587.7200000007,30.464616999999997,3816.73,401,,
2026-05-25T10:16:45 ET,2026-05-25T10:15:00 ET,2026-05-25,Mon,1016ET,2026-05-26,29558.75,717.54,29424.9,NEAR_FLIP,NEUTRAL,24.4,0.663,12.68,14.31,16.18,18.96,28836.2,700.0,-722.5499999999993,-2.4444538419249775,-13069071.090000002,29757357.25,99471769.46999998,36390748.21,78589374.30000001,1212.456449,26509.37,5221,,
2026-05-25T10:16:45 ET,2026-05-25T10:15:00 ET,2026-05-25,Mon,1016ET,2026-05-27,29558.75,717.54,29424.9,NEAR_FLIP,NEUTRAL,24.4,0.663,12.68,14.31,16.18,18.96,28836.2,700.0,-722.5499999999993,-2.4444538419249775,-12196793.91,17399529.97,107721424.64999999,10544784.02,7037292.469999999,125.45037300000001,26795.47,2642,,
2026-05-25T10:16:45 ET,2026-05-25T10:15:00 ET,2026-05-25,Mon,1016ET,2026-05-26,29558.75,717.54,29424.9,NEAR_FLIP,NEUTRAL,24.4,0.663,12.68,14.31,16.18,18.96,28877.39,701.0,-681.3600000000006,-2.3051042415528418,-1388451.7399999998,3256550.44,10153050.780000001,3750928.5300000003,7705053.94,131.627139,2846.1,516,,
2026-05-25T10:16:45 ET,2026-05-25T10:15:00 ET,2026-05-25,Mon,1016ET,2026-05-27,29558.75,717.54,29424.9,NEAR_FLIP,NEUTRAL,24.4,0.663,12.68,14.31,16.18,18.96,28877.39,701.0,-681.3600000000006,-2.3051042415528418,-1073796.9100000001,3548507.67,9063448.4,2024407.29,8085954.36,155.646063,5390.63,499,,
2026-05-25T10:16:45 ET,2026-05-25T10:15:00 ET,2026-05-25,Mon,1016ET,2026-05-26,29558.75,717.54,29424.9,NEAR_FLIP,NEUTRAL,24.4,0.663,12.68,14.31,16.18,18.96,28918.59,702.0,-640.1599999999999,-2.1657208102507712,-15082816.47,18872749.95,105536770.82,20397496.95,2403424.25,45.49088499999999,16187.830000000002,2699,,
2026-05-25T10:16:45 ET,2026-05-25T10:15:00 ET,2026-05-25,Mon,1016ET,2026-05-27,29558.75,717.54,29424.9,NEAR_FLIP,NEUTRAL,24.4,0.663,12.68,14.31,16.18,18.96,28918.59,702.0,-640.1599999999999,-2.1657208102507712,2991651.8500000006,6428216.03,-24037606.729999997,3439070.67,35973869.160000004,746.9563909999999,9635.81,838,,
2026-05-25T10:16:45 ET,2026-05-25T10:15:00 ET,2026-05-25,Mon,1016ET,2026-05-26,29558.75,717.54,29424.9,NEAR_FLIP,NEUTRAL,24.4,0.663,12.68,14.31,16.18,18.96,28959.78,703.0,-598.9700000000012,-2.0263712098786355,-1495307.7600000002,6112942.1,9966232.41,6173203.859999999,15799250.89,331.33813599999996,5148.11,789,,
2026-05-25T10:16:45 ET,2026-05-25T10:15:00 ET,2026-05-25,Mon,1016ET,2026-05-27,29558.75,717.54,29424.9,NEAR_FLIP,NEUTRAL,24.4,0.663,12.68,14.31,16.18,18.96,28959.78,703.0,-598.9700000000012,-2.0263712098786355,-5800950.8,8924539.7,44174213.16,4458170.87,2157899.33,48.267510999999985,13204.69,1080,,
2026-05-25T10:16:45 ET,2026-05-25T10:15:00 ET,2026-05-25,Mon,1016ET,2026-05-26,29558.75,717.54,29424.9,NEAR_FLIP,NEUTRAL,24.4,0.663,12.68,14.31,16.18,18.96,29000.98,704.0,-557.7700000000004,-1.886987778576565,-4753102.3,15271700.52,30020205.26,14340311.11,29837800.64,692.940357,12633.5,1780,,
2026-05-25T10:16:45 ET,2026-05-25T10:15:00 ET,2026-05-25,Mon,1016ET,2026-05-27,29558.75,717.54,29424.9,NEAR_FLIP,NEUTRAL,24.4,0.663,12.68,14.31,16.18,18.96,29000.98,704.0,-557.7700000000004,-1.886987778576565,-5634149.76,8104644.4399999995,40458578.86,3761602.29,-570395.0600000005,-13.720709,11840.41,912,,
2026-05-25T10:16:45 ET,2026-05-25T10:15:00 ET,2026-05-25,Mon,1016ET,2026-05-26,29558.75,717.54,29424.9,NEAR_FLIP,NEUTRAL,24.4,0.663,12.68,14.31,16.18,18.96,29042.17,705.0,-516.5800000000017,-1.7476381782044292,-8046812.059999999,41847218.34,47877145.16,36333982.75,88362828.01,2269.65195,34021.13,4410,,
2026-05-25T10:16:45 ET,2026-05-25T10:15:00 ET,2026-05-25,Mon,1016ET,2026-05-27,29558.75,717.54,29424.9,NEAR_FLIP,NEUTRAL,24.4,0.663,12.68,14.31,16.18,18.96,29042.17,705.0,-516.5800000000017,-1.7476381782044292,-1707150.5499999998,14963794.45,11494093.269999996,6415902.3100000005,30006309.65,774.6277090000001,21593.17,1569,,
2026-05-25T10:16:45 ET,2026-05-25T10:15:00 ET,2026-05-25,Mon,1016ET,2026-05-26,29558.75,717.54,29424.9,NEAR_FLIP,NEUTRAL,24.4,0.663,12.68,14.31,16.18,18.96,29083.36,706.0,-475.3899999999994,-1.608288577832281,-1717870.6499999994,15314188.39,9562936.579999998,12214318.34,31846134.450000003,902.952673,12241.68,1462,,
2026-05-25T10:16:45 ET,2026-05-25T10:15:00 ET,2026-05-25,Mon,1016ET,2026-05-27,29558.75,717.54,29424.9,NEAR_FLIP,NEUTRAL,24.4,0.663,12.68,14.31,16.18,18.96,29083.36,706.0,-475.3899999999994,-1.608288577832281,-1398806.85,5197026.93,8771981.39,2044709.35,6292738.18,173.915583,7410.17,509,,
2026-05-25T10:16:45 ET,2026-05-25T10:15:00 ET,2026-05-25,Mon,1016ET,2026-05-26,29558.75,717.54,29424.9,NEAR_FLIP,NEUTRAL,24.4,0.663,12.68,14.31,16.18,18.96,29124.56,707.0,-434.1899999999987,-1.4689051465302108,-6261730.909999999,16132894.169999998,32352706.1,11728583.05,14835909.940000001,463.09533999999996,12686.9,1399,,
2026-05-25T10:16:45 ET,2026-05-25T10:15:00 ET,2026-05-25,Mon,1016ET,2026-05-27,29558.75,717.54,29424.9,NEAR_FLIP,NEUTRAL,24.4,0.663,12.68,14.31,16.18,18.96,29124.56,707.0,-434.1899999999987,-1.4689051465302108,-1057299.67,6703497.93,6127674.159999998,2400917.77,9260683.92,273.23169500000006,9447.92,615,,
2026-05-25T10:16:45 ET,2026-05-25T10:15:00 ET,2026-05-25,Mon,1016ET,2026-05-26,29558.75,717.54,29424.9,NEAR_FLIP,NEUTRAL,24.4,0.663,12.68,14.31,16.18,18.96,29165.75,708.0,-393.0,-1.329555546158075,-2100068.290000001,18166855.810000002,9975299.050000004,11926580.86,27202985.4,931.5443769999999,14062.470000000001,1436,,
2026-05-25T10:16:45 ET,2026-05-25T10:15:00 ET,2026-05-25,Mon,1016ET,2026-05-27,29558.75,717.54,29424.9,NEAR_FLIP,NEUTRAL,24.4,0.663,12.68,14.31,16.18,18.96,29165.75,708.0,-393.0,-1.329555546158075,-1670236.17,13593866.63,8863645.89,4389782.5,17460116.990000002,548.1812709999999,18945.57,1172,,
2026-05-25T10:16:45 ET,2026-05-25T10:15:00 ET,2026-05-25,Mon,1016ET,2026-05-26,29558.75,717.54,29424.9,NEAR_FLIP,NEUTRAL,24.4,0.663,12.68,14.31,16.18,18.96,29206.95,709.0,-351.7999999999993,-1.1901721148560047,-4809019.27,17190861.97,20759362.749999996,10075467.809999999,14234843.559999999,532.4656829999999,13106.099999999999,1244,,
2026-05-25T10:16:45 ET,2026-05-25T10:15:00 ET,2026-05-25,Mon,1016ET,2026-05-27,29558.75,717.54,29424.9,NEAR_FLIP,NEUTRAL,24.4,0.663,12.68,14.31,16.18,18.96,29206.95,709.0,-351.7999999999993,-1.1901721148560047,-6849939.719999999,22984806.68,32914481.71,6613481.619999999,13255912.869999997,441.2684189999999,31689.010000000002,1869,,
2026-05-25T10:16:45 ET,2026-05-25T10:15:00 ET,2026-05-25,Mon,1016ET,2026-05-26,29558.75,717.54,29424.9,NEAR_FLIP,NEUTRAL,24.4,0.663,12.68,14.31,16.18,18.96,29248.14,710.0,-310.6100000000006,-1.050822514483869,-56237884.349999994,95972314.78999999,217494038.99,49500102.72,-8552213.840000004,-347.6300849999998,72107.85,6391,,
2026-05-25T10:16:45 ET,2026-05-25T10:15:00 ET,2026-05-25,Mon,1016ET,2026-05-27,29558.75,717.54,29424.9,NEAR_FLIP,NEUTRAL,24.4,0.663,12.68,14.31,16.18,18.96,29248.14,710.0,-310.6100000000006,-1.050822514483869,-2025938.5300000012,31298152.91,8692764.600000001,7905473.65,33330175.139999997,1171.6581359999998,42704.0,2410,,
2026-05-25T10:16:45 ET,2026-05-25T10:15:00 ET,2026-05-25,Mon,1016ET,2026-05-26,29558.75,717.54,29424.9,NEAR_FLIP,NEUTRAL,24.4,0.663,12.68,14.31,16.18,18.96,29289.34,711.0,-269.40999999999985,-0.9114390831817984,-1735513.0200000014,25805618.92,5904829.160000004,11497528.469999999,24325792.18,1068.0036649999997,19120.11,1591,,
2026-05-25T10:16:45 ET,2026-05-25T10:15:00 ET,2026-05-25,Mon,1016ET,2026-05-27,29558.75,717.54,29424.9,NEAR_FLIP,NEUTRAL,24.4,0.663,12.68,14.31,16.18,18.96,29289.34,711.0,-269.40999999999985,-0.9114390831817984,-4041524.4799999995,12179188.64,15213239.38,2648771.07,2234001.629999999,82.56550499999997,16452.59,892,,
2026-05-25T10:16:45 ET,2026-05-25T10:15:00 ET,2026-05-25,Mon,1016ET,2026-05-26,29558.75,717.54,29424.9,NEAR_FLIP,NEUTRAL,24.4,0.663,12.68,14.31,16.18,18.96,29330.53,712.0,-228.22000000000116,-0.7720894828096627,-8559715.040000001,28567179.060000002,25013114.590000004,10724144.34,7847658.32,369.569346,20886.86,1642,,
2026-05-25T10:16:45 ET,2026-05-25T10:15:00 ET,2026-05-25,Mon,1016ET,2026-05-27,29558.75,717.54,29424.9,NEAR_FLIP,NEUTRAL,24.4,0.663,12.68,14.31,16.18,18.96,29330.53,712.0,-228.22000000000116,-0.7720894828096627,2857243.8099999996,8714593.629999999,-9217636.700000001,1589760.13,14837193.23,573.760583,11660.529999999999,610,,
2026-05-25T10:16:45 ET,2026-05-25T10:15:00 ET,2026-05-25,Mon,1016ET,2026-05-26,29558.75,717.54,29424.9,NEAR_FLIP,NEUTRAL,24.4,0.663,12.68,14.31,16.18,18.96,29371.73,713.0,-187.02000000000044,-0.6327060515075923,3758734.3000000007,29718071.68,-9124554.330000002,9074316.74,28418706.65,1424.3330429999996,21456.440000000002,1605,,
2026-05-25T10:16:45 ET,2026-05-25T10:15:00 ET,2026-05-25,Mon,1016ET,2026-05-27,29558.75,717.54,29424.9,NEAR_FLIP,NEUTRAL,24.4,0.663,12.68,14.31,16.18,18.96,29371.73,713.0,-187.02000000000044,-0.6327060515075923,4238109.91,10989344.65,-11344372.57,1619949.83,18064856.53,727.149189,14571.09,739,,
2026-05-25T10:16:45 ET,2026-05-25T10:15:00 ET,2026-05-25,Mon,1016ET,2026-05-26,29558.75,717.54,29424.9,NEAR_FLIP,NEUTRAL,24.4,0.663,12.68,14.31,16.18,18.96,29412.92,714.0,-145.83000000000175,-0.4933564511354565,-18109383.53,46396748.53,34755998.870000005,10920926.2,-8012912.840000004,-423.71711100000016,33103.05,2375,,
2026-05-25T10:16:45 ET,2026-05-25T10:15:00 ET,2026-05-25,Mon,1016ET,2026-05-27,29558.75,717.54,29424.9,NEAR_FLIP,NEUTRAL,24.4,0.663,12.68,14.31,16.18,18.96,29412.92,714.0,-145.83000000000175,-0.4933564511354565,538755.4299999997,16239627.91,-1140494.9700000007,1826001.91,10289463.69,428.724205,21347.35,1055,,
2026-05-25T10:16:45 ET,2026-05-25T10:15:00 ET,2026-05-25,Mon,1016ET,2026-05-26,29558.75,717.54,29424.9,NEAR_FLIP,NEUTRAL,24.4,0.663,12.68,14.31,16.18,18.96,29454.12,715.0,-104.63000000000102,-0.35397301983338614,36789434.260000005,78356186.86,-51433544.39,12968303.28,95076414.34,5254.153646000001,55286.619999999995,3838,,
2026-05-25T10:16:45 ET,2026-05-25T10:15:00 ET,2026-05-25,Mon,1016ET,2026-05-27,29558.75,717.54,29424.9,NEAR_FLIP,NEUTRAL,24.4,0.663,12.68,14.31,16.18,18.96,29454.12,715.0,-104.63000000000102,-0.35397301983338614,6145894.640000001,20528555.3,-9508701.629999999,1591281.4500000002,22256362.299999997,954.2654920000001,26765.63,1296,,
2026-05-25T10:16:45 ET,2026-05-25T10:15:00 ET,2026-05-25,Mon,1016ET,2026-05-26,29558.75,717.54,29424.9,NEAR_FLIP,NEUTRAL,24.4,0.663,12.68,14.31,16.18,18.96,29495.31,716.0,-63.43999999999869,-0.214623419461238,7158747.499999998,40355063.3,-6192356.080000002,3862645.49,21880704.509999998,1250.720587,28180.18,1911,,
2026-05-25T10:16:45 ET,2026-05-25T10:15:00 ET,2026-05-25,Mon,1016ET,2026-05-27,29558.75,717.54,29424.9,NEAR_FLIP,NEUTRAL,24.4,0.663,12.68,14.31,16.18,18.96,29495.31,716.0,-63.43999999999869,-0.214623419461238,3596052.0,7516072.640000001,-3481747.57,320441.17000000004,9926967.02,435.262467,9724.529999999999,464,,
2026-05-25T10:16:45 ET,2026-05-25T10:15:00 ET,2026-05-25,Mon,1016ET,2026-05-26,29558.75,717.54,29424.9,NEAR_FLIP,NEUTRAL,24.4,0.663,12.68,14.31,16.18,18.96,29536.5,717.0,-22.25,-0.07527381908910222,11730461.25,27803137.43,-3767256.0700000003,723360.5900000001,22225917.54,1299.680519,19230.07,1287,,
2026-05-25T10:16:45 ET,2026-05-25T10:15:00 ET,2026-05-25,Mon,1016ET,2026-05-27,29558.75,717.54,29424.9,NEAR_FLIP,NEUTRAL,24.4,0.663,12.68,14.31,16.18,18.96,29536.5,717.0,-22.25,-0.07527381908910222,3538244.81,9001953.09,-1347356.5900000003,70187.61,8789933.99,391.55852500000003,11563.369999999999,547,,
2026-05-25T10:16:45 ET,2026-05-25T10:15:00 ET,2026-05-25,Mon,1016ET,2026-05-26,29558.75,717.54,29424.9,NEAR_FLIP,NEUTRAL,24.4,0.663,12.68,14.31,16.18,18.96,29577.7,718.0,18.950000000000728,0.06410961221296817,3276493.95,18741545.35,761296.4100000001,-817006.0,4613118.000000002,272.75600699999995,12849.45,858,,
2026-05-25T10:16:45 ET,2026-05-25T10:15:00 ET,2026-05-25,Mon,1016ET,2026-05-27,29558.75,717.54,29424.9,NEAR_FLIP,NEUTRAL,24.4,0.663,12.68,14.31,16.18,18.96,29577.7,718.0,18.950000000000728,0.06410961221296817,1909676.49,5430123.59,409245.11,-146592.13,4016213.6599999997,180.52627599999997,6928.55,327,,
2026-05-25T10:16:45 ET,2026-05-25T10:15:00 ET,2026-05-25,Mon,1016ET,2026-05-26,29558.75,717.54,29424.9,NEAR_FLIP,NEUTRAL,24.4,0.663,12.68,14.31,16.18,18.96,29618.89,719.0,60.13999999999942,0.20345921258510397,16210202.52,26202494.24,12875047.9,-2963899.07,21901810.560000002,1293.425135,17822.66,1201,,
2026-05-25T10:16:45 ET,2026-05-25T10:15:00 ET,2026-05-25,Mon,1016ET,2026-05-27,29558.75,717.54,29424.9,NEAR_FLIP,NEUTRAL,24.4,0.663,12.68,14.31,16.18,18.96,29618.89,719.0,60.13999999999942,0.20345921258510397,449228.7000000002,9167593.18,366685.8799999999,-566052.94,-498270.8499999996,-22.440414000000033,11624.99,551,,
2026-05-25T10:16:45 ET,2026-05-25T10:15:00 ET,2026-05-25,Mon,1016ET,2026-05-26,29558.75,717.54,29424.9,NEAR_FLIP,NEUTRAL,24.4,0.663,12.68,14.31,16.18,18.96,29660.09,720.0,101.34000000000015,0.34284264388717434,7379906.159999996,99682522.58,10060564.169999994,-18196879.759999998,-20191835.909999996,-1175.9644120000003,67323.36,4633,,
2026-05-25T10:16:45 ET,2026-05-25T10:15:00 ET,2026-05-25,Mon,1016ET,2026-05-27,29558.75,717.54,29424.9,NEAR_FLIP,NEUTRAL,24.4,0.663,12.68,14.31,16.18,18.96,29660.09,720.0,101.34000000000015,0.34284264388717434,25734369.04,33611899.36,36651015.690000005,-3241860.89,45645163.32,2044.746849,42379.58,2031,,
2026-05-25T10:16:45 ET,2026-05-25T10:15:00 ET,2026-05-25,Mon,1016ET,2026-05-26,29558.75,717.54,29424.9,NEAR_FLIP,NEUTRAL,24.4,0.663,12.68,14.31,16.18,18.96,29701.28,721.0,142.52999999999884,0.4821922442593101,12398128.37,16335371.85,24026326.87,-4114765.45,13425561.610000001,761.0768909999999,10963.900000000001,780,,
2026-05-25T10:16:45 ET,2026-05-25T10:15:00 ET,2026-05-25,Mon,1016ET,2026-05-27,29558.75,717.54,29424.9,NEAR_FLIP,NEUTRAL,24.4,0.663,12.68,14.31,16.18,18.96,29701.28,721.0,142.52999999999884,0.4821922442593101,7515934.32,10620341.98,15311809.44,-1392439.08,11750730.329999998,519.6987300000001,13321.51,650,,
2026-05-25T10:16:45 ET,2026-05-25T10:15:00 ET,2026-05-25,Mon,1016ET,2026-05-26,29558.75,717.54,29424.9,NEAR_FLIP,NEUTRAL,24.4,0.663,12.68,14.31,16.18,18.96,29742.48,722.0,183.72999999999956,0.6215756755613805,58857855.06,65053418.739999995,148132622.31,-20891849.29,63175266.85999999,3439.844779,43428.38,3234,,
2026-05-25T10:16:45 ET,2026-05-25T10:15:00 ET,2026-05-25,Mon,1016ET,2026-05-27,29558.75,717.54,29424.9,NEAR_FLIP,NEUTRAL,24.4,0.663,12.68,14.31,16.18,18.96,29742.48,722.0,183.72999999999956,0.6215756755613805,3906270.8899999997,6371704.149999999,10369001.27,-1055965.69,4935116.109999999,213.86098199999998,7955.179999999999,398,,
2026-05-25T10:16:45 ET,2026-05-25T10:15:00 ET,2026-05-25,Mon,1016ET,2026-05-26,29558.75,717.54,29424.9,NEAR_FLIP,NEUTRAL,24.4,0.663,12.68,14.31,16.18,18.96,29783.67,723.0,224.91999999999825,0.7609252759335163,16680339.98,29681473.540000003,51682233.44,-11585181.99,6948969.41,358.574083,19725.99,1557,,
2026-05-25T10:16:45 ET,2026-05-25T10:15:00 ET,2026-05-25,Mon,1016ET,2026-05-27,29558.75,717.54,29424.9,NEAR_FLIP,NEUTRAL,24.4,0.663,12.68,14.31,16.18,18.96,29783.67,723.0,224.91999999999825,0.7609252759335163,2319386.19,5743983.27,7595663.569999999,-1150521.15,982101.2300000004,41.38135500000001,7141.93,369,,
2026-05-25T10:16:45 ET,2026-05-25T10:15:00 ET,2026-05-25,Mon,1016ET,2026-05-26,29558.75,717.54,29424.9,NEAR_FLIP,NEUTRAL,24.4,0.663,12.68,14.31,16.18,18.96,29824.87,724.0,266.119999999999,0.9003087072355868,44065043.70999999,56543009.17,162211241.59,-25975662.159999996,30625551.490000002,1477.7171309999999,37442.799999999996,3172,,
2026-05-25T10:16:45 ET,2026-05-25T10:15:00 ET,2026-05-25,Mon,1016ET,2026-05-27,29558.75,717.54,29424.9,NEAR_FLIP,NEUTRAL,24.4,0.663,12.68,14.31,16.18,18.96,29824.87,724.0,266.119999999999,0.9003087072355868,29107357.88,33282716.74,113445783.04,-7815755.24,38539315.730000004,1566.80397,41234.62,2216,,
2026-05-25T10:16:45 ET,2026-05-25T10:15:00 ET,2026-05-25,Mon,1016ET,2026-05-26,29558.75,717.54,29424.9,NEAR_FLIP,NEUTRAL,24.4,0.663,12.68,14.31,16.18,18.96,29866.06,725.0,307.3100000000013,1.0396583076077348,47982584.480000004,60582742.08,204577517.06,-32011197.150000002,28356957.18,1262.607853,40009.479999999996,3683,,
2026-05-25T10:16:45 ET,2026-05-25T10:15:00 ET,2026-05-25,Mon,1016ET,2026-05-27,29558.75,717.54,29424.9,NEAR_FLIP,NEUTRAL,24.4,0.663,12.68,14.31,16.18,18.96,29866.06,725.0,307.3100000000013,1.0396583076077348,14595749.409999998,27739113.89,65992659.059999995,-7470545.210000001,5440590.329999998,211.771754,34261.75,1929,,
2026-05-25T10:16:45 ET,2026-05-25T10:15:00 ET,2026-05-25,Mon,1016ET,2026-05-26,29558.75,717.54,29424.9,NEAR_FLIP,NEUTRAL,24.4,0.663,12.68,14.31,16.18,18.96,29907.26,726.0,348.5099999999984,1.179041738909793,59936.45999999996,10938403.579999998,290333.6099999994,-6533417.55,-16583687.159999998,-672.6262790000001,7210.79,730,,
2026-05-25T10:16:45 ET,2026-05-25T10:15:00 ET,2026-05-25,Mon,1016ET,2026-05-27,29558.75,717.54,29424.9,NEAR_FLIP,NEUTRAL,24.4,0.663,12.68,14.31,16.18,18.96,29907.26,726.0,348.5099999999984,1.179041738909793,-806110.3599999999,5998007.6,-4147801.5599999987,-1821930.99,-10031515.41,-370.997247,7389.799999999999,439,,
2026-05-25T10:16:45 ET,2026-05-25T10:15:00 ET,2026-05-25,Mon,1016ET,2026-05-26,29558.75,717.54,29424.9,NEAR_FLIP,NEUTRAL,24.4,0.663,12.68,14.31,16.18,18.96,29948.45,727.0,389.7000000000007,1.3183913392819409,4690992.92,11727482.32,25429615.55,-7811765.4399999995,-9168297.36,-334.53062,7723.9400000000005,870,,
2026-05-25T10:16:45 ET,2026-05-25T10:15:00 ET,2026-05-25,Mon,1016ET,2026-05-27,29558.75,717.54,29424.9,NEAR_FLIP,NEUTRAL,24.4,0.663,12.68,14.31,16.18,18.96,29948.45,727.0,389.7000000000007,1.3183913392819409,-2125796.09,7459611.75,-12263187.670000002,-2522497.31,-17435307.810000002,-608.035492,9172.44,579,,
2026-05-25T10:16:45 ET,2026-05-25T10:15:00 ET,2026-05-25,Mon,1016ET,2026-05-26,29558.75,717.54,29424.9,NEAR_FLIP,NEUTRAL,24.4,0.663,12.68,14.31,16.18,18.96,29989.65,728.0,430.90000000000146,1.4577747705840114,11743049.61,17398885.75,70373701.02000001,-12785329.12,-3520318.6100000013,-114.18221,11459.13,1452,,
2026-05-25T10:16:45 ET,2026-05-25T10:15:00 ET,2026-05-25,Mon,1016ET,2026-05-27,29558.75,717.54,29424.9,NEAR_FLIP,NEUTRAL,24.4,0.663,12.68,14.31,16.18,18.96,29989.65,728.0,430.90000000000146,1.4577747705840114,-2303254.44,6933881.16,-14718360.719999999,-2582928.89,-19288462.77,-629.604491,8513.81,575,,
2026-05-25T10:16:45 ET,2026-05-25T10:15:00 ET,2026-05-25,Mon,1016ET,2026-05-26,29558.75,717.54,29424.9,NEAR_FLIP,NEUTRAL,24.4,0.663,12.68,14.31,16.18,18.96,30030.84,729.0,472.09000000000015,1.5971243709561471,2928064.99,7646673.3100000005,19202429.619999997,-6143928.36,-10476596.72,-298.688013,5040.65,726,,
2026-05-25T10:16:45 ET,2026-05-25T10:15:00 ET,2026-05-25,Mon,1016ET,2026-05-27,29558.75,717.54,29424.9,NEAR_FLIP,NEUTRAL,24.4,0.663,12.68,14.31,16.18,18.96,30030.84,729.0,472.09000000000015,1.5971243709561471,-1232623.89,4728793.49,-8639368.54,-1923764.8800000001,-13753834.37,-417.179865,5801.139999999999,422,,
2026-05-25T10:16:45 ET,2026-05-25T10:15:00 ET,2026-05-25,Mon,1016ET,2026-05-26,29558.75,717.54,29424.9,NEAR_FLIP,NEUTRAL,24.4,0.663,12.68,14.31,16.18,18.96,30072.03,730.0,513.2799999999988,1.7364739713282829,5707713.380000001,11791054.76,40611936.620000005,-10282171.059999999,-15600672.81,-386.88250299999993,7786.42,1287,,
2026-05-25T10:16:45 ET,2026-05-25T10:15:00 ET,2026-05-25,Mon,1016ET,2026-05-27,29558.75,717.54,29424.9,NEAR_FLIP,NEUTRAL,24.4,0.663,12.68,14.31,16.18,18.96,30072.03,730.0,513.2799999999988,1.7364739713282829,10515957.620000001,14424543.64,80171456.82000001,-6362479.75,1998188.17,55.927565000000016,17689.48,1395,,
2026-05-25T10:16:45 ET,2026-05-25T10:15:00 ET,2026-05-25,Mon,1016ET,2026-05-26,29558.75,717.54,29424.9,NEAR_FLIP,NEUTRAL,24.4,0.663,12.68,14.31,16.18,18.96,30113.23,731.0,554.4799999999996,1.8758574026303532,1357644.71,5083274.37,10403659.190000001,-4780814.22,-13544994.59,-289.399763,3365.75,644,,
2026-05-25T10:16:45 ET,2026-05-25T10:15:00 ET,2026-05-25,Mon,1016ET,2026-05-27,29558.75,717.54,29424.9,NEAR_FLIP,NEUTRAL,24.4,0.663,12.68,14.31,16.18,18.96,30113.23,731.0,554.4799999999996,1.8758574026303532,-995149.9199999999,5563361.92,-8193922.030000001,-2644330.2,-19073711.32,-489.323495,6823.9400000000005,587,,
2026-05-25T10:16:45 ET,2026-05-25T10:15:00 ET,2026-05-25,Mon,1016ET,2026-05-26,29558.75,717.54,29424.9,NEAR_FLIP,NEUTRAL,24.4,0.663,12.68,14.31,16.18,18.96,30154.42,732.0,595.6699999999983,2.015207003002489,242724.90000000014,2535126.76,1990335.8899999987,-2557638.57,-10576622.05,-193.028071,1684.48,376,,
2026-05-25T10:16:45 ET,2026-05-25T10:15:00 ET,2026-05-25,Mon,1016ET,2026-05-27,29558.75,717.54,29424.9,NEAR_FLIP,NEUTRAL,24.4,0.663,12.68,14.31,16.18,18.96,30154.42,732.0,595.6699999999983,2.015207003002489,-1467368.02,4954524.9399999995,-12968834.799999999,-2524295.5100000002,-21769823.25,-508.635515,6081.61,574,,
2026-05-25T10:16:45 ET,2026-05-25T10:15:00 ET,2026-05-25,Mon,1016ET,2026-05-26,29558.75,717.54,29424.9,NEAR_FLIP,NEUTRAL,24.4,0.663,12.68,14.31,16.18,18.96,30195.62,733.0,636.869999999999,2.1545904343045597,1943438.99,1943438.99,16956213.99,-2093423.53,1196654.75,18.514949,1297.01,340,,
2026-05-25T10:16:45 ET,2026-05-25T10:15:00 ET,2026-05-25,Mon,1016ET,2026-05-27,29558.75,717.54,29424.9,NEAR_FLIP,NEUTRAL,24.4,0.663,12.68,14.31,16.18,18.96,30195.62,733.0,636.869999999999,2.1545904343045597,539143.19,3852139.03,5087228.370000001,-2094143.6099999999,-11526575.86,-243.790624,4734.4400000000005,493,,
2026-05-25T10:16:45 ET,2026-05-25T10:15:00 ET,2026-05-25,Mon,1016ET,2026-05-26,29558.75,717.54,29424.9,NEAR_FLIP,NEUTRAL,24.4,0.663,12.68,14.31,16.18,18.96,30236.81,734.0,678.0600000000013,2.2939400346767074,8584758.95,8623277.21,79293168.77,-9876962.23,4840952.88,63.09127,5785.11,1791,,
2026-05-25T10:16:45 ET,2026-05-25T10:15:00 ET,2026-05-25,Mon,1016ET,2026-05-27,29558.75,717.54,29424.9,NEAR_FLIP,NEUTRAL,24.4,0.663,12.68,14.31,16.18,18.96,30236.81,734.0,678.0600000000013,2.2939400346767074,-400901.74,3790983.12,-4019344.9899999984,-2190153.1,-17883135.490000002,-340.461809,4667.66,539,,
2026-05-25T10:16:45 ET,2026-05-25T10:15:00 ET,2026-05-25,Mon,1016ET,2026-05-26,29558.75,717.54,29424.9,NEAR_FLIP,NEUTRAL,24.4,0.663,12.68,14.31,16.18,18.96,30278.01,735.0,719.2599999999984,2.433323465978766,2715036.41,2795720.99,26427781.88,-3392627.94,893130.56,9.752976999999998,1886.95,693,,
2026-05-25T10:16:45 ET,2026-05-25T10:15:00 ET,2026-05-25,Mon,1016ET,2026-05-27,29558.75,717.54,29424.9,NEAR_FLIP,NEUTRAL,24.4,0.663,12.68,14.31,16.18,18.96,30278.01,735.0,719.2599999999984,2.433323465978766,2090906.6,5063520.800000001,22178824.85,-3097759.83,-12414204.69,-211.62993699999998,6248.98,804,,
2026-05-25T10:16:45 ET,2026-05-25T10:15:00 ET,2026-05-25,Mon,1016ET,2026-05-26,29558.75,717.54,29424.9,NEAR_FLIP,NEUTRAL,24.4,0.663,12.68,14.31,16.18,18.96,30319.2,736.0,760.4500000000007,2.5726730663509136,743941.47,743941.47,7600065.02,-953395.0,416495.55,3.795059,505.57,221,,
2026-05-25T10:16:45 ET,2026-05-25T10:15:00 ET,2026-05-25,Mon,1016ET,2026-05-27,29558.75,717.54,29424.9,NEAR_FLIP,NEUTRAL,24.4,0.663,12.68,14.31,16.18,18.96,30319.2,736.0,760.4500000000007,2.5726730663509136,1487287.56,1487287.56,16627099.53,-960475.59,1286300.5,19.541287,1840.71,265,,
2026-05-25T10:16:45 ET,2026-05-25T10:15:00 ET,2026-05-25,Mon,1016ET,2026-05-26,29558.75,717.54,29424.9,NEAR_FLIP,NEUTRAL,24.4,0.663,12.68,14.31,16.18,18.96,30360.4,737.0,801.6500000000015,2.712056497652984,764542.28,764542.28,8166765.94,-1031749.26,417161.47,3.162312,523.56,273,,
2026-05-25T10:16:45 ET,2026-05-25T10:15:00 ET,2026-05-25,Mon,1016ET,2026-05-27,29558.75,717.54,29424.9,NEAR_FLIP,NEUTRAL,24.4,0.663,12.68,14.31,16.18,18.96,30360.4,737.0,801.6500000000015,2.712056497652984,995987.34,995987.34,11694461.03,-677030.33,836287.05,11.273035,1236.8,200,,
2026-05-25T10:16:45 ET,2026-05-25T10:15:00 ET,2026-05-25,Mon,1016ET,2026-05-26,29558.75,717.54,29424.9,NEAR_FLIP,NEUTRAL,24.4,0.663,12.68,14.31,16.18,18.96,30401.59,738.0,842.8400000000001,2.85140609802512,1613972.39,1613972.39,17965098.32,-2287593.57,860707.42,5.418185,1114.58,694,,
2026-05-25T10:16:45 ET,2026-05-25T10:15:00 ET,2026-05-25,Mon,1016ET,2026-05-27,29558.75,717.54,29424.9,NEAR_FLIP,NEUTRAL,24.4,0.663,12.68,14.31,16.18,18.96,30401.59,738.0,842.8400000000001,2.85140609802512,1853163.3299999998,1861966.95,22780610.14,-1328855.17,1449054.74,17.265455,2321.1099999999997,423,,
2026-05-25T10:16:45 ET,2026-05-25T10:15:00 ET,2026-05-25,Mon,1016ET,2026-05-26,29558.75,717.54,29424.9,NEAR_FLIP,NEUTRAL,24.4,0.663,12.68,14.31,16.18,18.96,30442.79,739.0,884.0400000000009,2.9907895293271904,225794.2,225794.2,2610756.39,-335339.08,118007.04,0.616448,157.36,117,,
2026-05-25T10:16:45 ET,2026-05-25T10:15:00 ET,2026-05-25,Mon,1016ET,2026-05-27,29558.75,717.54,29424.9,NEAR_FLIP,NEUTRAL,24.4,0.663,12.68,14.31,16.18,18.96,30442.79,739.0,884.0400000000009,2.9907895293271904,360638.29,360638.29,4627900.15,-269601.28,287079.21,3.013369,451.53,93,,
2026-05-25T10:16:45 ET,2026-05-25T10:15:00 ET,2026-05-25,Mon,1016ET,2026-05-26,29558.75,717.54,29424.9,NEAR_FLIP,NEUTRAL,24.4,0.663,12.68,14.31,16.18,18.96,30483.98,740.0,925.2299999999996,3.130139129699326,1044544.2,1044544.2,12509541.04,-1622025.94,536401.58,2.326114,735.19,652,,
2026-05-25T10:16:45 ET,2026-05-25T10:15:00 ET,2026-05-25,Mon,1016ET,2026-05-27,29558.75,717.54,29424.9,NEAR_FLIP,NEUTRAL,24.4,0.663,12.68,14.31,16.18,18.96,30483.98,740.0,925.2299999999996,3.130139129699326,2534479.69,2541292.81,33860742.94,-1985787.67,1903472.58,17.551901,3197.25,746,,
2026-05-25T10:16:45 ET,2026-05-25T10:15:00 ET,2026-05-25,Mon,1016ET,2026-05-26,29558.75,717.54,29424.9,NEAR_FLIP,NEUTRAL,24.4,0.663,12.68,14.31,16.18,18.96,30525.17,741.0,966.4199999999983,3.269488730071462,484776.72,484776.72,5997246.25,-785567.92,245221.85,0.884018,344.83,364,,
2026-05-25T10:16:45 ET,2026-05-25T10:15:00 ET,2026-05-25,Mon,1016ET,2026-05-27,29558.75,717.54,29424.9,NEAR_FLIP,NEUTRAL,24.4,0.663,12.68,14.31,16.18,18.96,30525.17,741.0,966.4199999999983,3.269488730071462,2197416.65,2197416.65,30488641.77,-1791351.84,1670669.24,13.501646,2779.37,736,,
2026-05-25T10:16:45 ET,2026-05-25T10:15:00 ET,2026-05-25,Mon,1016ET,2026-05-26,29558.75,717.54,29424.9,NEAR_FLIP,NEUTRAL,24.4,0.663,12.68,14.31,16.18,18.96,30566.37,742.0,1007.619999999999,3.408872161373532,220842.77,220842.77,2815186.23,-372784.68,110304.97,0.33135,158.86,199,,
2026-05-25T10:16:45 ET,2026-05-25T10:15:00 ET,2026-05-25,Mon,1016ET,2026-05-27,29558.75,717.54,29424.9,NEAR_FLIP,NEUTRAL,24.4,0.663,12.68,14.31,16.18,18.96,30566.37,742.0,1007.619999999999,3.408872161373532,130598.14,130598.14,1877501.62,-110873.39,97295.51,0.687894,166.15,50,,
2026-05-25T10:16:45 ET,2026-05-25T10:15:00 ET,2026-05-25,Mon,1016ET,2026-05-26,29558.75,717.54,29424.9,NEAR_FLIP,NEUTRAL,24.4,0.663,12.68,14.31,16.18,18.96,30607.56,743.0,1048.8100000000013,3.5482217617456806,227302.21,227302.21,2978755.8,-399020.61,112358.31,0.282166,165.46,245,,
2026-05-25T10:16:45 ET,2026-05-25T10:15:00 ET,2026-05-25,Mon,1016ET,2026-05-27,29558.75,717.54,29424.9,NEAR_FLIP,NEUTRAL,24.4,0.663,12.68,14.31,16.18,18.96,30607.56,743.0,1048.8100000000013,3.5482217617456806,650396.14,650396.14,9667345.93,-574093.37,475610.75,2.937964,832.62,285,,
2026-05-25T10:16:45 ET,2026-05-25T10:15:00 ET,2026-05-25,Mon,1016ET,2026-05-26,29558.75,717.54,29424.9,NEAR_FLIP,NEUTRAL,24.4,0.663,12.68,14.31,16.18,18.96,30648.76,744.0,1090.0099999999984,3.6876051930477383,33487.83,33487.83,450180.92,-61042.78,16418.33,0.034611,24.68,43,,
2026-05-25T10:16:45 ET,2026-05-25T10:15:00 ET,2026-05-25,Mon,1016ET,2026-05-27,29558.75,717.54,29424.9,NEAR_FLIP,NEUTRAL,24.4,0.663,12.68,14.31,16.18,18.96,30648.76,744.0,1090.0099999999984,3.6876051930477383,272941.79,272941.79,4186151.73,-250112.35,196236.57,1.058257,351.76,137,,
2026-05-25T10:16:45 ET,2026-05-25T10:15:00 ET,2026-05-25,Mon,1016ET,2026-05-26,29558.75,717.54,29424.9,NEAR_FLIP,NEUTRAL,24.4,0.663,12.68,14.31,16.18,18.96,30689.95,745.0,1131.2000000000007,3.8269547934198864,131378.24,131378.24,1808072.53,-248321.3,64019.54,0.113833,98.11,200,,
2026-05-25T10:16:45 ET,2026-05-25T10:15:00 ET,2026-05-25,Mon,1016ET,2026-05-27,29558.75,717.54,29424.9,NEAR_FLIP,NEUTRAL,24.4,0.663,12.68,14.31,16.18,18.96,30689.95,745.0,1131.2000000000007,3.8269547934198864,982371.87,982371.87,15517485.92,-933245.36,695534.3,3.273465,1275.14,565,,
2026-05-25T10:16:45 ET,2026-05-25T10:15:00 ET,2026-05-25,Mon,1016ET,2026-05-26,29558.75,717.54,29424.9,NEAR_FLIP,NEUTRAL,24.4,0.663,12.68,14.31,16.18,18.96,30731.15,746.0,1172.4000000000015,3.966338224721957,33426.99,33426.99,470069.68,-65427.82,16221.76,0.024463,25.3,60,,
2026-05-25T10:16:45 ET,2026-05-25T10:15:00 ET,2026-05-25,Mon,1016ET,2026-05-27,29558.75,717.54,29424.9,NEAR_FLIP,NEUTRAL,24.4,0.663,12.68,14.31,16.18,18.96,30731.15,746.0,1172.4000000000015,3.966338224721957,295941.92,295941.92,4806039.12,-291084.07,206660.1,0.848966,387.06,195,,
2026-05-25T10:16:45 ET,2026-05-25T10:15:00 ET,2026-05-25,Mon,1016ET,2026-05-26,29558.75,717.54,29424.9,NEAR_FLIP,NEUTRAL,24.4,0.663,12.68,14.31,16.18,18.96,30772.34,747.0,1213.5900000000001,4.105687825094092,28521.64,28521.64,409113.76,-57741.03,13810.49,0.01777,21.9,60,,
2026-05-25T10:16:45 ET,2026-05-25T10:15:00 ET,2026-05-25,Mon,1016ET,2026-05-27,29558.75,717.54,29424.9,NEAR_FLIP,NEUTRAL,24.4,0.663,12.68,14.31,16.18,18.96,30772.34,747.0,1213.5900000000001,4.105687825094092,67600.48,67600.48,1126798.47,-68758.99,46629.48,0.167302,89.12,51,,
2026-05-25T10:16:45 ET,2026-05-25T10:15:00 ET,2026-05-25,Mon,1016ET,2026-05-26,29558.75,717.54,29424.9,NEAR_FLIP,NEUTRAL,24.4,0.663,12.68,14.31,16.18,18.96,30895.93,750.0,1337.1800000000003,4.5238042880703695,364141.73,364141.73,5490481.92,-810352.37,176985.9,0.147339,292.57,1184,,
2026-05-25T10:16:45 ET,2026-05-25T10:15:00 ET,2026-05-25,Mon,1016ET,2026-05-27,29558.75,717.54,29424.9,NEAR_FLIP,NEUTRAL,24.4,0.663,12.68,14.31,16.18,18.96,30895.93,750.0,1337.1800000000003,4.5238042880703695,330205.67,330205.67,5898046.08,-369022.11,221402.7,0.533403,446.94,371,,
2026-05-25T10:16:45 ET,2026-05-25T10:15:00 ET,2026-05-25,Mon,1016ET,2026-05-26,29558.75,717.54,29424.9,NEAR_FLIP,NEUTRAL,24.4,0.663,12.68,14.31,16.18,18.96,31101.9,755.0,1543.1500000000015,5.22061995179093,33043.0,34081.0,527287.56,-87202.27,-198092.09,-0.09276300000000001,29.77,197,,
2026-05-25T10:16:45 ET,2026-05-25T10:15:00 ET,2026-05-25,Mon,1016ET,2026-05-27,29558.75,717.54,29424.9,NEAR_FLIP,NEUTRAL,24.4,0.663,12.68,14.31,16.18,18.96,31101.9,755.0,1543.1500000000015,5.22061995179093,139376.96,139376.96,2723083.04,-178975.94,91448.67,0.118969,198.51,290,,
2026-05-25T10:16:45 ET,2026-05-25T10:15:00 ET,2026-05-25,Mon,1016ET,2026-05-26,29558.75,717.54,29424.9,NEAR_FLIP,NEUTRAL,24.4,0.663,12.68,14.31,16.18,18.96,31307.87,760.0,1749.119999999999,5.917435615511478,42262.98,42262.98,695873.1,-122144.4,22714.07,0.007238,40.44,359,,
2026-05-25T10:16:45 ET,2026-05-25T10:15:00 ET,2026-05-25,Mon,1016ET,2026-05-27,29558.75,717.54,29424.9,NEAR_FLIP,NEUTRAL,24.4,0.663,12.68,14.31,16.18,18.96,31307.87,760.0,1749.119999999999,5.917435615511478,58919.69,58919.69,1227410.98,-85416.17,38868.88,0.029803,88.97,208,,
2026-05-25T10:16:45 ET,2026-05-25T10:15:00 ET,2026-05-25,Mon,1016ET,2026-05-26,29558.75,717.54,29424.9,NEAR_FLIP,NEUTRAL,24.4,0.663,12.68,14.31,16.18,18.96,31513.84,765.0,1955.0900000000001,6.614251279232039,19919.33,19919.33,332150.08,-64135.06,11660.68,0.002994,20.98,210,,
2026-05-25T10:16:45 ET,2026-05-25T10:15:00 ET,2026-05-25,Mon,1016ET,2026-05-27,29558.75,717.54,29424.9,NEAR_FLIP,NEUTRAL,24.4,0.663,12.68,14.31,16.18,18.96,31513.84,765.0,1955.0900000000001,6.614251279232039,109729.09,109729.09,2389258.01,-177141.68,74398.46,0.037327,176.71,592,,
2026-05-25T10:16:45 ET,2026-05-25T10:15:00 ET,2026-05-25,Mon,1016ET,2026-05-26,29558.75,717.54,29424.9,NEAR_FLIP,NEUTRAL,24.4,0.663,12.68,14.31,16.18,18.96,31719.82,770.0,2161.0699999999997,7.311100773882521,10843.84,10843.84,180628.08,-38470.46,7015.16,0.001661,12.6,124,,
2026-05-25T10:16:45 ET,2026-05-25T10:15:00 ET,2026-05-25,Mon,1016ET,2026-05-27,29558.75,717.54,29424.9,NEAR_FLIP,NEUTRAL,24.4,0.663,12.68,14.31,16.18,18.96,31719.82,770.0,2161.0699999999997,7.311100773882521,57780.47,57780.47,1294618.53,-102739.18,40975.3,0.014973,99.68,428,,
2026-05-25T10:16:45 ET,2026-05-25T10:15:00 ET,2026-05-25,Mon,1016ET,2026-05-26,29558.75,717.54,29424.9,NEAR_FLIP,NEUTRAL,24.4,0.663,12.68,14.31,16.18,18.96,31925.79,775.0,2367.040000000001,8.00791643760308,37200.59,37200.59,612864.04,-144115.56,26852.05,0.006469,47.75,418,,
2026-05-25T10:16:45 ET,2026-05-25T10:15:00 ET,2026-05-25,Mon,1016ET,2026-05-27,29558.75,717.54,29424.9,NEAR_FLIP,NEUTRAL,24.4,0.663,12.68,14.31,16.18,18.96,31925.79,775.0,2367.040000000001,8.00791643760308,11081.06,11081.06,252357.54,-21507.9,8332.07,0.00245,20.54,102,,
2026-05-25T10:16:45 ET,2026-05-25T10:15:00 ET,2026-05-25,Mon,1016ET,2026-05-26,29558.75,717.54,29424.9,NEAR_FLIP,NEUTRAL,24.4,0.663,12.68,14.31,16.18,18.96,32131.76,780.0,2573.0099999999984,8.70473210132363,2227.52,2227.52,36035.35,-9353.04,1804.61,0.000473,3.16,23,,
2026-05-25T10:16:45 ET,2026-05-25T10:15:00 ET,2026-05-25,Mon,1016ET,2026-05-27,29558.75,717.54,29424.9,NEAR_FLIP,NEUTRAL,24.4,0.663,12.68,14.31,16.18,18.96,32131.76,780.0,2573.0099999999984,8.70473210132363,3622.41,3622.41,83043.23,-7617.88,2918.31,0.000753,7.23,38,,
2026-05-25T10:16:45 ET,2026-05-25T10:15:00 ET,2026-05-25,Mon,1016ET,2026-05-26,29558.75,717.54,29424.9,NEAR_FLIP,NEUTRAL,24.4,0.663,12.68,14.31,16.18,18.96,32337.74,785.0,2778.9900000000016,9.401581595974125,2966.63,2966.63,46886.25,-13416.0,2705.98,0.000805,4.64,27,,
2026-05-25T10:16:45 ET,2026-05-25T10:15:00 ET,2026-05-25,Mon,1016ET,2026-05-27,29558.75,717.54,29424.9,NEAR_FLIP,NEUTRAL,24.4,0.663,12.68,14.31,16.18,18.96,32337.74,785.0,2778.9900000000016,9.401581595974125,7633.92,7633.92,174835.82,-17284.8,6640.8,0.001614,16.44,85,,
2026-05-25T10:16:45 ET,2026-05-25T10:15:00 ET,2026-05-25,Mon,1016ET,AGGREGATE,29558.75,717.54,29424.9,NEAR_FLIP,NEUTRAL,24.4,0.663,12.68,14.31,16.18,18.96,26776.47,650.0,-2782.279999999999,-9.412711971920325,-1174011.9,1347148.76,13596013.84,5575190.42,5277761.28,10.947624000000001,3953.11,1766,,
2026-05-25T10:16:45 ET,2026-05-25T10:15:00 ET,2026-05-25,Mon,1016ET,AGGREGATE,29558.75,717.54,29424.9,NEAR_FLIP,NEUTRAL,24.4,0.663,12.68,14.31,16.18,18.96,26982.44,655.0,-2576.3100000000013,-8.715896308199776,-1350558.8599999999,1515274.38,15111940.63,6163326.0,4678419.68,9.870692000000002,3879.1400000000003,1914,,
2026-05-25T10:16:45 ET,2026-05-25T10:15:00 ET,2026-05-25,Mon,1016ET,AGGREGATE,29558.75,717.54,29424.9,NEAR_FLIP,NEUTRAL,24.4,0.663,12.68,14.31,16.18,18.96,27188.41,660.0,-2370.34,-8.019080644479216,-2059709.05,2181497.49,23991419.910000004,7902662.7700000005,1643461.53,3.648215,5145.43,2647,,
2026-05-25T10:16:45 ET,2026-05-25T10:15:00 ET,2026-05-25,Mon,1016ET,AGGREGATE,29558.75,717.54,29424.9,NEAR_FLIP,NEUTRAL,24.4,0.663,12.68,14.31,16.18,18.96,27394.39,665.0,-2164.3600000000006,-7.322231149828733,-1699029.42,1881469.48,19859791.22,6257225.090000001,4560891.87,10.971195999999999,3981.54,2138,7.447171279404412,PUT WALL + VOL SENSITIVE
2026-05-25T10:16:45 ET,2026-05-25T10:15:00 ET,2026-05-25,Mon,1016ET,AGGREGATE,29558.75,717.54,29424.9,NEAR_FLIP,NEUTRAL,24.4,0.663,12.68,14.31,16.18,18.96,27600.36,670.0,-1958.3899999999994,-6.625415486108173,-8785608.66,9186535.58,99044257.66,29375378.95,2323311.91,6.971442,16647.15,9603,36.47092521007258,PUT WALL + VOL SENSITIVE
2026-05-25T10:16:45 ET,2026-05-25T10:15:00 ET,2026-05-25,Mon,1016ET,AGGREGATE,29558.75,717.54,29424.9,NEAR_FLIP,NEUTRAL,24.4,0.663,12.68,14.31,16.18,18.96,27641.55,671.0,-1917.2000000000007,-6.4860658857360365,-107046.94,205414.40000000002,1163714.82,681963.83,3392430.85,8.855720999999999,345.24,213,0.3377237800084779,PUT WALL + VOL SENSITIVE
2026-05-25T10:16:45 ET,2026-05-25T10:15:00 ET,2026-05-25,Mon,1016ET,AGGREGATE,29558.75,717.54,29424.9,NEAR_FLIP,NEUTRAL,24.4,0.663,12.68,14.31,16.18,18.96,27682.75,672.0,-1876.0,-6.346682454433966,-365137.32,515139.68,3970262.96,1672459.23,4798458.56,12.81793,846.58,522,1.4910584438556034,PUT WALL + VOL SENSITIVE
2026-05-25T10:16:45 ET,2026-05-25T10:15:00 ET,2026-05-25,Mon,1016ET,AGGREGATE,29558.75,717.54,29424.9,NEAR_FLIP,NEUTRAL,24.4,0.663,12.68,14.31,16.18,18.96,27723.94,673.0,-1834.8100000000013,-6.20733285406183,-478581.62,563572.86,5202601.8100000005,1788412.69,2312894.6799999997,6.334501,905.5699999999999,557,1.7416551315585997,PUT WALL + VOL SENSITIVE
2026-05-25T10:16:45 ET,2026-05-25T10:15:00 ET,2026-05-25,Mon,1016ET,AGGREGATE,29558.75,717.54,29424.9,NEAR_FLIP,NEUTRAL,24.4,0.663,12.68,14.31,16.18,18.96,27765.14,674.0,-1793.6100000000006,-6.06794942275976,-355506.01999999996,426191.42,3861995.1099999994,1321256.1500000001,1921103.8899999997,5.405468,669.55,410,1.1948964163802152,PUT WALL + VOL SENSITIVE
2026-05-25T10:16:45 ET,2026-05-25T10:15:00 ET,2026-05-25,Mon,1016ET,AGGREGATE,29558.75,717.54,29424.9,NEAR_FLIP,NEUTRAL,24.4,0.663,12.68,14.31,16.18,18.96,27806.33,675.0,-1752.4199999999983,-5.9285998223876115,-4433462.82,4797263.76,60994296.45999999,8677882.94,4594832.949999999,14.201833999999998,10365.1,3868,16.213093423843993,PUT WALL + VOL SENSITIVE
2026-05-25T10:16:45 ET,2026-05-25T10:15:00 ET,2026-05-25,Mon,1016ET,AGGREGATE,29558.75,717.54,29424.9,NEAR_FLIP,NEUTRAL,24.4,0.663,12.68,14.31,16.18,18.96,27847.53,676.0,-1711.2200000000012,-5.789216391085554,-833746.27,876439.7699999999,10157498.83,2087118.5899999999,220509.15999999986,0.650318,1577.6399999999999,738,2.757651150291971,PUT WALL + VOL SENSITIVE
2026-05-25T10:16:45 ET,2026-05-25T10:15:00 ET,2026-05-25,Mon,1016ET,AGGREGATE,29558.75,717.54,29424.9,NEAR_FLIP,NEUTRAL,24.4,0.663,12.68,14.31,16.18,18.96,27888.72,677.0,-1670.0299999999988,-5.649866790713406,-601387.6299999999,912590.59,8038231.510000001,1663247.62,7322394.84,26.049808000000002,1851.65,687,2.2890773466694987,PUT WALL + VOL SENSITIVE
2026-05-25T10:16:45 ET,2026-05-25T10:15:00 ET,2026-05-25,Mon,1016ET,AGGREGATE,29558.75,717.54,29424.9,NEAR_FLIP,NEUTRAL,24.4,0.663,12.68,14.31,16.18,18.96,27929.92,678.0,-1628.8300000000017,-5.510483359411348,-850432.8599999999,914431.06,11091684.08,1703115.48,599887.0199999999,1.9844160000000004,1778.6999999999998,668,2.651216348194895,PUT WALL + VOL SENSITIVE
2026-05-25T10:16:45 ET,2026-05-25T10:15:00 ET,2026-05-25,Mon,1016ET,AGGREGATE,29558.75,717.54,29424.9,NEAR_FLIP,NEUTRAL,24.4,0.663,12.68,14.31,16.18,18.96,27971.11,679.0,-1587.6399999999994,-5.3711337590392,-624574.34,756727.1,7760661.58,1582110.17,2769173.39,9.468473,1329.5700000000002,554,2.0127803525939942,PUT WALL + VOL SENSITIVE
2026-05-25T10:16:45 ET,2026-05-25T10:15:00 ET,2026-05-25,Mon,1016ET,AGGREGATE,29558.75,717.54,29424.9,NEAR_FLIP,NEUTRAL,24.4,0.663,12.68,14.31,16.18,18.96,28012.31,680.0,-1546.4399999999987,-5.23175032773713,-5317701.2,5879315.0,62909387.919999994,12759839.77,7425654.720000001,28.597506000000003,9683.59,4212,18.431274054845243,PUT WALL + VOL SENSITIVE
2026-05-25T10:16:45 ET,2026-05-25T10:15:00 ET,2026-05-25,Mon,1016ET,AGGREGATE,29558.75,717.54,29424.9,NEAR_FLIP,NEUTRAL,24.4,0.663,12.68,14.31,16.18,18.96,28053.5,681.0,-1505.25,-5.092400727364994,-1231109.51,1323438.8900000001,15948349.02,2125457.77,426782.94999999995,1.9059840000000001,2517.86,818,3.660777589298561,PUT WALL + VOL SENSITIVE
2026-05-25T10:16:45 ET,2026-05-25T10:15:00 ET,2026-05-25,Mon,1016ET,AGGREGATE,29558.75,717.54,29424.9,NEAR_FLIP,NEUTRAL,24.4,0.663,12.68,14.31,16.18,18.96,28094.7,682.0,-1464.0499999999993,-4.9530172960629235,-4499867.0600000005,4685182.9399999995,55417283.53,8418839.49,-994715.1799999997,-6.2409490000000005,8108.22,2889,14.045519089649353,PUT WALL + VOL SENSITIVE
2026-05-25T10:16:45 ET,2026-05-25T10:15:00 ET,2026-05-25,Mon,1016ET,AGGREGATE,29558.75,717.54,29424.9,NEAR_FLIP,NEUTRAL,24.4,0.663,12.68,14.31,16.18,18.96,28135.89,683.0,-1422.8600000000006,-4.813667695690787,-2601803.63,2702818.8899999997,29146360.050000004,5798839.85,-661657.78,-2.7571580000000004,3945.2599999999998,1720,7.995806351843925,PUT WALL + VOL SENSITIVE
2026-05-25T10:16:45 ET,2026-05-25T10:15:00 ET,2026-05-25,Mon,1016ET,AGGREGATE,29558.75,717.54,29424.9,NEAR_FLIP,NEUTRAL,24.4,0.663,12.68,14.31,16.18,18.96,28177.08,684.0,-1381.6699999999983,-4.67431809531864,-2367438.38,2474407.34,26467924.01,5085566.16,-319833.9199999999,-1.7486840000000003,3577.87,1482,7.055480218731967,PUT WALL + VOL SENSITIVE
2026-05-25T10:16:45 ET,2026-05-25T10:15:00 ET,2026-05-25,Mon,1016ET,AGGREGATE,29558.75,717.54,29424.9,NEAR_FLIP,NEUTRAL,24.4,0.663,12.68,14.31,16.18,18.96,28218.28,685.0,-1340.4700000000012,-4.534934664016581,-12788574.16,13993016.04,135698791.17,29889048.11,7947161.05,49.825121,18571.66,8168,39.89798945084011,PUT WALL + VOL SENSITIVE
2026-05-25T10:16:45 ET,2026-05-25T10:15:00 ET,2026-05-25,Mon,1016ET,AGGREGATE,29558.75,717.54,29424.9,NEAR_FLIP,NEUTRAL,24.4,0.663,12.68,14.31,16.18,18.96,28259.47,686.0,-1299.2799999999988,-4.395585063644433,-1816697.94,2052913.2799999998,20109370.729999997,3695584.04,1563513.2599999998,11.162665,3019.52,1058,5.146913817077743,PUT WALL + VOL SENSITIVE
2026-05-25T10:16:45 ET,2026-05-25T10:15:00 ET,2026-05-25,Mon,1016ET,AGGREGATE,29558.75,717.54,29424.9,NEAR_FLIP,NEUTRAL,24.4,0.663,12.68,14.31,16.18,18.96,28300.67,687.0,-1258.0800000000017,-4.256201632342375,-2057714.12,2141306.9,22842067.12,3746210.65,-726981.73,-4.8084039999999995,3077.69,1037,5.501003664944144,PUT WALL + VOL SENSITIVE
2026-05-25T10:16:45 ET,2026-05-25T10:15:00 ET,2026-05-25,Mon,1016ET,AGGREGATE,29558.75,717.54,29424.9,NEAR_FLIP,NEUTRAL,24.4,0.663,12.68,14.31,16.18,18.96,28341.86,688.0,-1216.8899999999994,-4.116852031970226,-2223513.36,2384943.94,24653624.27,3907124.4,234212.54000000004,0.006228999999999374,3446.24,1065,5.83702178765012,PUT WALL + VOL SENSITIVE
2026-05-25T10:16:45 ET,2026-05-25T10:15:00 ET,2026-05-25,Mon,1016ET,AGGREGATE,29558.75,717.54,29424.9,NEAR_FLIP,NEUTRAL,24.4,0.663,12.68,14.31,16.18,18.96,28383.06,689.0,-1175.6899999999987,-3.977468600668156,-4150132.8600000003,4429318.5,46615820.339999996,6231290.42,-1190526.8699999999,-6.694072000000002,6814.83,1755,10.630453833935206,PUT WALL + VOL SENSITIVE
2026-05-25T10:16:45 ET,2026-05-25T10:15:00 ET,2026-05-25,Mon,1016ET,AGGREGATE,29558.75,717.54,29424.9,NEAR_FLIP,NEUTRAL,24.4,0.663,12.68,14.31,16.18,18.96,28424.25,690.0,-1134.5,-3.8381190002960204,-19014106.52,20141235.34,207002524.62,28780902.689999998,-7019980.25,-48.84167,29396.89,7586,48.68503139501033,PUT WALL + VOL SENSITIVE
2026-05-25T10:16:45 ET,2026-05-25T10:15:00 ET,2026-05-25,Mon,1016ET,AGGREGATE,29558.75,717.54,29424.9,NEAR_FLIP,NEUTRAL,24.4,0.663,12.68,14.31,16.18,18.96,28465.45,691.0,-1093.2999999999993,-3.6987355689939503,-1114967.46,1596744.7,11612628.19,2264001.28,4084740.0700000003,33.644431000000004,2239.37,565,2.855260672308482,PUT WALL + VOL SENSITIVE
2026-05-25T10:16:45 ET,2026-05-25T10:15:00 ET,2026-05-25,Mon,1016ET,AGGREGATE,29558.75,717.54,29424.9,NEAR_FLIP,NEUTRAL,24.4,0.663,12.68,14.31,16.18,18.96,28506.64,692.0,-1052.1100000000006,-3.5593859686218146,-1432105.1600000001,1699615.2399999998,14488312.97,2424237.51,1147427.88,11.491763000000002,2259.36,567,3.2968609045618047,PUT WALL + VOL SENSITIVE
2026-05-25T10:16:45 ET,2026-05-25T10:15:00 ET,2026-05-25,Mon,1016ET,AGGREGATE,29558.75,717.54,29424.9,NEAR_FLIP,NEUTRAL,24.4,0.663,12.68,14.31,16.18,18.96,28547.84,693.0,-1010.9099999999999,-3.420002537319744,-2752800.5200000005,3334319.0600000005,26519476.970000003,4957434.49,2784850.6100000003,28.089548999999998,4044.45,1062,6.574581307176406,PUT WALL + VOL SENSITIVE
2026-05-25T10:16:45 ET,2026-05-25T10:15:00 ET,2026-05-25,Mon,1016ET,AGGREGATE,29558.75,717.54,29424.9,NEAR_FLIP,NEUTRAL,24.4,0.663,12.68,14.31,16.18,18.96,28589.03,694.0,-969.7200000000012,-3.2806529369476083,-5173427.04,5478115.34,52391357.61,6409635.42,-2770504.9,-29.996688999999996,7653.4,1486,11.326667911303897,PUT WALL + VOL SENSITIVE
2026-05-25T10:16:45 ET,2026-05-25T10:15:00 ET,2026-05-25,Mon,1016ET,AGGREGATE,29558.75,717.54,29424.9,NEAR_FLIP,NEUTRAL,24.4,0.663,12.68,14.31,16.18,18.96,28630.22,695.0,-928.5299999999988,-3.14130333657546,-11324024.25,14858825.55,111385656.12,16806084.47,16228657.040000001,169.227407,20260.52,3723,26.5186939571399,PUT WALL + VOL SENSITIVE
2026-05-25T10:16:45 ET,2026-05-25T10:15:00 ET,2026-05-25,Mon,1016ET,AGGREGATE,29558.75,717.54,29424.9,NEAR_FLIP,NEUTRAL,24.4,0.663,12.68,14.31,16.18,18.96,28671.42,696.0,-887.3300000000017,-3.001919905273402,-3021360.0900000003,4881228.45,27775908.3,6331976.17,11994635.350000001,127.15889800000001,5613.73,1197,7.553172025852861,PUT WALL + VOL SENSITIVE
2026-05-25T10:16:45 ET,2026-05-25T10:15:00 ET,2026-05-25,Mon,1016ET,AGGREGATE,29558.75,717.54,29424.9,NEAR_FLIP,NEUTRAL,24.4,0.663,12.68,14.31,16.18,18.96,28712.61,697.0,-846.1399999999994,-2.862570304901254,-2063752.6099999999,4967508.99,17105205.03,5566604.85,15824247.479999999,217.184573,6132.43,1077,5.8004580441278835,PUT WALL + VOL SENSITIVE
2026-05-25T10:16:45 ET,2026-05-25T10:15:00 ET,2026-05-25,Mon,1016ET,AGGREGATE,29558.75,717.54,29424.9,NEAR_FLIP,NEUTRAL,24.4,0.663,12.68,14.31,16.18,18.96,28753.81,698.0,-804.9399999999987,-2.7231868735991838,-6439612.96,8068417.08,54616646.16,9503315.27,3727662.4999999995,52.40657,8921.98,1648,13.210174176340638,PUT WALL + VOL SENSITIVE
2026-05-25T10:16:45 ET,2026-05-25T10:15:00 ET,2026-05-25,Mon,1016ET,AGGREGATE,29558.75,717.54,29424.9,NEAR_FLIP,NEUTRAL,24.4,0.663,12.68,14.31,16.18,18.96,28795.0,699.0,-763.75,-2.583837273227048,-3193790.13,4433034.35,27351173.65,4142129.4000000004,3027626.9800000004,46.93759099999999,5623.530000000001,787,6.234729329812028,PUT WALL + VOL SENSITIVE
2026-05-25T10:16:45 ET,2026-05-25T10:15:00 ET,2026-05-25,Mon,1016ET,AGGREGATE,29558.75,717.54,29424.9,NEAR_FLIP,NEUTRAL,24.4,0.663,12.68,14.31,16.18,18.96,28836.2,700.0,-722.5499999999993,-2.4444538419249775,-25265865.0,47156887.22,207193194.11999997,46935532.230000004,85626666.77000001,1337.9068220000001,53304.84,7863,58.70940120967638,PUT WALL + VOL SENSITIVE
2026-05-25T10:16:45 ET,2026-05-25T10:15:00 ET,2026-05-25,Mon,1016ET,AGGREGATE,29558.75,717.54,29424.9,NEAR_FLIP,NEUTRAL,24.4,0.663,12.68,14.31,16.18,18.96,28877.39,701.0,-681.3600000000006,-2.3051042415528418,-2462248.65,6805058.109999999,19216499.18,5775335.82,15791008.3,287.273202,8236.73,1015,6.259835525496875,PUT WALL + VOL SENSITIVE
2026-05-25T10:16:45 ET,2026-05-25T10:15:00 ET,2026-05-25,Mon,1016ET,AGGREGATE,29558.75,717.54,29424.9,NEAR_FLIP,NEUTRAL,24.4,0.663,12.68,14.31,16.18,18.96,28918.59,702.0,-640.1599999999999,-2.1657208102507712,-12091164.620000001,25300965.98,81499164.09,23836567.62,38377293.410000004,792.4472759999999,25823.640000000003,3537,26.356904323475298,PUT WALL + VOL SENSITIVE
2026-05-25T10:16:45 ET,2026-05-25T10:15:00 ET,2026-05-25,Mon,1016ET,AGGREGATE,29558.75,717.54,29424.9,NEAR_FLIP,NEUTRAL,24.4,0.663,12.68,14.31,16.18,18.96,28959.78,703.0,-598.9700000000012,-2.0263712098786355,-7296258.5600000005,15037481.8,54140445.56999999,10631374.73,17957150.22,379.605647,18352.800000000003,1869,14.708259776460636,PUT WALL + VOL SENSITIVE
2026-05-25T10:16:45 ET,2026-05-25T10:15:00 ET,2026-05-25,Mon,1016ET,AGGREGATE,29558.75,717.54,29424.9,NEAR_FLIP,NEUTRAL,24.4,0.663,12.68,14.31,16.18,18.96,29000.98,704.0,-557.7700000000004,-1.886987778576565,-10387252.059999999,23376344.96,70478784.12,18101913.4,29267405.580000002,679.219648,24473.91,2692,21.467418246869627,PUT WALL + VOL SENSITIVE
2026-05-25T10:16:45 ET,2026-05-25T10:15:00 ET,2026-05-25,Mon,1016ET,AGGREGATE,29558.75,717.54,29424.9,NEAR_FLIP,NEUTRAL,24.4,0.663,12.68,14.31,16.18,18.96,29042.17,705.0,-516.5800000000017,-1.7476381782044292,-9753962.61,56811012.79,59371238.42999999,42749885.06,118369137.66000001,3044.2796590000003,55614.299999999996,5979,35.51569187726905,PUT WALL + VOL SENSITIVE
2026-05-25T10:16:45 ET,2026-05-25T10:15:00 ET,2026-05-25,Mon,1016ET,AGGREGATE,29558.75,717.54,29424.9,NEAR_FLIP,NEUTRAL,24.4,0.663,12.68,14.31,16.18,18.96,29083.36,706.0,-475.3899999999994,-1.608288577832281,-3116677.4999999995,20511215.32,18334917.97,14259027.69,38138872.63,1076.868256,19651.85,1971,11.46060807849994,PUT WALL + VOL SENSITIVE
2026-05-25T10:16:45 ET,2026-05-25T10:15:00 ET,2026-05-25,Mon,1016ET,AGGREGATE,29558.75,717.54,29424.9,NEAR_FLIP,NEUTRAL,24.4,0.663,12.68,14.31,16.18,18.96,29124.56,707.0,-434.1899999999987,-1.4689051465302108,-7319030.579999999,22836392.099999998,38480380.26,14129500.82,24096593.86,736.327035,22134.82,2014,14.840597294852268,PUT WALL + VOL SENSITIVE
2026-05-25T10:16:45 ET,2026-05-25T10:15:00 ET,2026-05-25,Mon,1016ET,AGGREGATE,29558.75,717.54,29424.9,NEAR_FLIP,NEUTRAL,24.4,0.663,12.68,14.31,16.18,18.96,29165.75,708.0,-393.0,-1.329555546158075,-3770304.460000001,31760722.44,18838944.940000005,16316363.36,44663102.39,1479.7256479999999,33008.04,2608,13.99242952973879,PUT WALL + VOL SENSITIVE
2026-05-25T10:16:45 ET,2026-05-25T10:15:00 ET,2026-05-25,Mon,1016ET,AGGREGATE,29558.75,717.54,29424.9,NEAR_FLIP,NEUTRAL,24.4,0.663,12.68,14.31,16.18,18.96,29206.95,709.0,-351.7999999999993,-1.1901721148560047,-11658958.989999998,40175668.65,53673844.45999999,16688949.43,27490756.43,973.7341019999998,44795.11,3113,21.079536346549517,PUT WALL + VOL SENSITIVE
2026-05-25T10:16:45 ET,2026-05-25T10:15:00 ET,2026-05-25,Mon,1016ET,AGGREGATE,29558.75,717.54,29424.9,NEAR_FLIP,NEUTRAL,24.4,0.663,12.68,14.31,16.18,18.96,29248.14,710.0,-310.6100000000006,-1.050822514483869,-58263822.879999995,127270467.69999999,226186803.59,57405576.37,24777961.299999993,824.028051,114811.85,8801,78.48762765604884,PUT WALL + VOL SENSITIVE
2026-05-25T10:16:45 ET,2026-05-25T10:15:00 ET,2026-05-25,Mon,1016ET,AGGREGATE,29558.75,717.54,29424.9,NEAR_FLIP,NEUTRAL,24.4,0.663,12.68,14.31,16.18,18.96,29289.34,711.0,-269.40999999999985,-0.9114390831817984,-5777037.500000001,37984807.56,21118068.540000007,14146299.54,26559793.809999995,1150.5691699999998,35572.7,2483,13.807329192609103,PUT WALL + VOL SENSITIVE
2026-05-25T10:16:45 ET,2026-05-25T10:15:00 ET,2026-05-25,Mon,1016ET,AGGREGATE,29558.75,717.54,29424.9,NEAR_FLIP,NEUTRAL,24.4,0.663,12.68,14.31,16.18,18.96,29330.53,712.0,-228.22000000000116,-0.7720894828096627,-5702471.230000001,37281772.69,15795477.890000002,12313904.47,22684851.55,943.329929,32547.39,2252,12.053044199548406,PUT WALL + VOL SENSITIVE
2026-05-25T10:16:45 ET,2026-05-25T10:15:00 ET,2026-05-25,Mon,1016ET,AGGREGATE,29558.75,717.54,29424.9,NEAR_FLIP,NEUTRAL,24.4,0.663,12.68,14.31,16.18,18.96,29371.73,713.0,-187.02000000000044,-0.6327060515075923,7996844.210000001,40707416.33,-20468926.900000002,10694266.57,46483563.18000001,2151.482232,36027.53,2344,15.20132334515744,CALL WALL + VOL SENSITIVE
2026-05-25T10:16:45 ET,2026-05-25T10:15:00 ET,2026-05-25,Mon,1016ET,AGGREGATE,29558.75,717.54,29424.9,NEAR_FLIP,NEUTRAL,24.4,0.663,12.68,14.31,16.18,18.96,29412.92,714.0,-145.83000000000175,-0.4933564511354565,-17570628.1,62636376.44,33615503.900000006,12746928.11,2276550.849999996,5.0070939999998245,54450.4,3430,19.529483321453828,PUT WALL
2026-05-25T10:16:45 ET,2026-05-25T10:15:00 ET,2026-05-25,Mon,1016ET,AGGREGATE,29558.75,717.54,29424.9,NEAR_FLIP,NEUTRAL,24.4,0.663,12.68,14.31,16.18,18.96,29454.12,715.0,-104.63000000000102,-0.35397301983338614,42935328.900000006,98884742.16,-60942246.02,14559584.73,117332776.64,6208.419138,82052.25,5134,46.57939710584969,CALL WALL
2026-05-25T10:16:45 ET,2026-05-25T10:15:00 ET,2026-05-25,Mon,1016ET,AGGREGATE,29558.75,717.54,29424.9,NEAR_FLIP,NEUTRAL,24.4,0.663,12.68,14.31,16.18,18.96,29495.31,716.0,-63.43999999999869,-0.214623419461238,10754799.499999998,47871135.94,-9674103.650000002,4183086.66,31807671.529999997,1685.983054,37904.71,2375,12.901516577304822,CALL WALL
2026-05-25T10:16:45 ET,2026-05-25T10:15:00 ET,2026-05-25,Mon,1016ET,AGGREGATE,29558.75,717.54,29424.9,NEAR_FLIP,NEUTRAL,24.4,0.663,12.68,14.31,16.18,18.96,29536.5,717.0,-22.25,-0.07527381908910222,15268706.06,36805090.52,-5114612.66,793548.2000000001,31015851.53,1691.239044,30793.44,1834,12.678207964102883,CALL WALL
2026-05-25T10:16:45 ET,2026-05-25T10:15:00 ET,2026-05-25,Mon,1016ET,AGGREGATE,29558.75,717.54,29424.9,NEAR_FLIP,NEUTRAL,24.4,0.663,12.68,14.31,16.18,18.96,29577.7,718.0,18.950000000000728,0.06410961221296817,5186170.44,24171668.94,1170541.52,-963598.13,8629331.660000002,453.2822829999999,19778.0,1185,4.887353796090503,CALL WALL
2026-05-25T10:16:45 ET,2026-05-25T10:15:00 ET,2026-05-25,Mon,1016ET,AGGREGATE,29558.75,717.54,29424.9,NEAR_FLIP,NEUTRAL,24.4,0.663,12.68,14.31,16.18,18.96,29618.89,719.0,60.13999999999942,0.20345921258510397,16659431.219999999,35370087.42,13241733.780000001,-3529952.01,21403539.71,1270.984721,29447.65,1752,14.0260955526921,CALL WALL
2026-05-25T10:16:45 ET,2026-05-25T10:15:00 ET,2026-05-25,Mon,1016ET,AGGREGATE,29558.75,717.54,29424.9,NEAR_FLIP,NEUTRAL,24.4,0.663,12.68,14.31,16.18,18.96,29660.09,720.0,101.34000000000015,0.34284264388717434,33114275.199999996,133294421.94,46711579.86,-21438740.65,25453327.410000004,868.7824369999998,109702.94,6664,36.44743666472347,CALL WALL
2026-05-25T10:16:45 ET,2026-05-25T10:15:00 ET,2026-05-25,Mon,1016ET,AGGREGATE,29558.75,717.54,29424.9,NEAR_FLIP,NEUTRAL,24.4,0.663,12.68,14.31,16.18,18.96,29701.28,721.0,142.52999999999884,0.4821922442593101,19914062.689999998,26955713.83,39338136.31,-5507204.53,25176291.94,1280.775621,24285.410000000003,1430,18.137466283505045,CALL WALL
2026-05-25T10:16:45 ET,2026-05-25T10:15:00 ET,2026-05-25,Mon,1016ET,AGGREGATE,29558.75,717.54,29424.9,NEAR_FLIP,NEUTRAL,24.4,0.663,12.68,14.31,16.18,18.96,29742.48,722.0,183.72999999999956,0.6215756755613805,62764125.949999996,71425122.89,158501623.58,-21947814.98,68110382.97,3653.705761,51383.56,3632,60.65708644343582,CALL WALL + VOL SENSITIVE
2026-05-25T10:16:45 ET,2026-05-25T10:15:00 ET,2026-05-25,Mon,1016ET,AGGREGATE,29558.75,717.54,29424.9,NEAR_FLIP,NEUTRAL,24.4,0.663,12.68,14.31,16.18,18.96,29783.67,723.0,224.91999999999825,0.7609252759335163,18999726.17,35425456.81,59277897.00999999,-12735703.14,7931070.640000001,399.95543799999996,26867.920000000002,1926,21.02924174734313,CALL WALL + VOL SENSITIVE
2026-05-25T10:16:45 ET,2026-05-25T10:15:00 ET,2026-05-25,Mon,1016ET,AGGREGATE,29558.75,717.54,29424.9,NEAR_FLIP,NEUTRAL,24.4,0.663,12.68,14.31,16.18,18.96,29824.87,724.0,266.119999999999,0.9003087072355868,73172401.58999999,89825725.91,275657024.63,-33791417.4,69164867.22,3044.5211010000003,78677.42,5388,82.05900625712185,CALL WALL + VOL SENSITIVE
2026-05-25T10:16:45 ET,2026-05-25T10:15:00 ET,2026-05-25,Mon,1016ET,AGGREGATE,29558.75,717.54,29424.9,NEAR_FLIP,NEUTRAL,24.4,0.663,12.68,14.31,16.18,18.96,29866.06,725.0,307.3100000000013,1.0396583076077348,62578333.89,88321855.97,270570176.12,-39481742.36,33797547.51,1474.3796069999999,74271.23,5612,76.217819938791,CALL WALL + VOL SENSITIVE
2026-05-25T10:16:45 ET,2026-05-25T10:15:00 ET,2026-05-25,Mon,1016ET,AGGREGATE,29558.75,717.54,29424.9,NEAR_FLIP,NEUTRAL,24.4,0.663,12.68,14.31,16.18,18.96,29907.26,726.0,348.5099999999984,1.179041738909793,-746173.8999999999,16936411.18,-3857467.9499999993,-8355348.54,-26615202.57,-1043.6235259999999,14600.59,1169,6.079208481062261,PUT WALL + VOL SENSITIVE
2026-05-25T10:16:45 ET,2026-05-25T10:15:00 ET,2026-05-25,Mon,1016ET,AGGREGATE,29558.75,717.54,29424.9,NEAR_FLIP,NEUTRAL,24.4,0.663,12.68,14.31,16.18,18.96,29948.45,727.0,389.7000000000007,1.3183913392819409,2565196.83,19187094.07,13166427.879999999,-10334262.75,-26603605.17,-942.566112,16896.38,1449,8.622959938200509,CALL WALL + VOL SENSITIVE
2026-05-25T10:16:45 ET,2026-05-25T10:15:00 ET,2026-05-25,Mon,1016ET,AGGREGATE,29558.75,717.54,29424.9,NEAR_FLIP,NEUTRAL,24.4,0.663,12.68,14.31,16.18,18.96,29989.65,728.0,430.90000000000146,1.4577747705840114,9439795.17,24332766.91,55655340.30000001,-15368258.01,-22808781.380000003,-743.786701,19972.94,2027,17.87783847254689,CALL WALL + VOL SENSITIVE
2026-05-25T10:16:45 ET,2026-05-25T10:15:00 ET,2026-05-25,Mon,1016ET,AGGREGATE,29558.75,717.54,29424.9,NEAR_FLIP,NEUTRAL,24.4,0.663,12.68,14.31,16.18,18.96,30030.84,729.0,472.09000000000015,1.5971243709561471,1695441.1000000006,12375466.8,10563061.079999998,-8067693.24,-24230431.09,-715.867878,10841.789999999999,1148,6.542308916727692,CALL WALL + VOL SENSITIVE
2026-05-25T10:16:45 ET,2026-05-25T10:15:00 ET,2026-05-25,Mon,1016ET,AGGREGATE,29558.75,717.54,29424.9,NEAR_FLIP,NEUTRAL,24.4,0.663,12.68,14.31,16.18,18.96,30072.03,730.0,513.2799999999988,1.7364739713282829,16223671.000000002,26215598.400000002,120783393.44000001,-16644650.81,-13602484.64,-330.9549379999999,25475.9,2682,28.195214433402338,CALL WALL + VOL SENSITIVE
2026-05-25T10:16:45 ET,2026-05-25T10:15:00 ET,2026-05-25,Mon,1016ET,AGGREGATE,29558.75,717.54,29424.9,NEAR_FLIP,NEUTRAL,24.4,0.663,12.68,14.31,16.18,18.96,30113.23,731.0,554.4799999999996,1.8758574026303532,362494.79000000004,10646636.29,2209737.16,-7425144.42,-32618705.91,-778.723258,10189.69,1231,5.170880329724388,CALL WALL + VOL SENSITIVE
2026-05-25T10:16:45 ET,2026-05-25T10:15:00 ET,2026-05-25,Mon,1016ET,AGGREGATE,29558.75,717.54,29424.9,NEAR_FLIP,NEUTRAL,24.4,0.663,12.68,14.31,16.18,18.96,30154.42,732.0,595.6699999999983,2.015207003002489,-1224643.1199999999,7489651.7,-10978498.91,-5081934.08,-32346445.3,-701.663586,7766.09,950,5.260929859713929,PUT WALL + VOL SENSITIVE
2026-05-25T10:16:45 ET,2026-05-25T10:15:00 ET,2026-05-25,Mon,1016ET,AGGREGATE,29558.75,717.54,29424.9,NEAR_FLIP,NEUTRAL,24.4,0.663,12.68,14.31,16.18,18.96,30195.62,733.0,636.869999999999,2.1545904343045597,2482582.18,5795578.02,22043442.36,-4187567.1399999997,-10329921.11,-225.275675,6031.450000000001,833,5.753832519496247,CALL WALL + VOL SENSITIVE
2026-05-25T10:16:45 ET,2026-05-25T10:15:00 ET,2026-05-25,Mon,1016ET,AGGREGATE,29558.75,717.54,29424.9,NEAR_FLIP,NEUTRAL,24.4,0.663,12.68,14.31,16.18,18.96,30236.81,734.0,678.0600000000013,2.2939400346767074,8183857.21,12414260.33,75273823.78,-12067115.33,-13042182.610000001,-277.370539,10452.77,2330,18.192347830808977,CALL WALL + VOL SENSITIVE
2026-05-25T10:16:45 ET,2026-05-25T10:15:00 ET,2026-05-25,Mon,1016ET,AGGREGATE,29558.75,717.54,29424.9,NEAR_FLIP,NEUTRAL,24.4,0.663,12.68,14.31,16.18,18.96,30278.01,735.0,719.2599999999984,2.433323465978766,4805943.01,7859241.790000001,48606606.73,-6490387.77,-11521074.129999999,-201.87696,8135.929999999999,1497,11.095120633818532,CALL WALL + VOL SENSITIVE
2026-05-25T10:16:45 ET,2026-05-25T10:15:00 ET,2026-05-25,Mon,1016ET,AGGREGATE,29558.75,717.54,29424.9,NEAR_FLIP,NEUTRAL,24.4,0.663,12.68,14.31,16.18,18.96,30319.2,736.0,760.4500000000007,2.5726730663509136,2231229.0300000003,2231229.0300000003,24227164.549999997,-1913870.5899999999,1702796.05,23.336346,2346.28,486,4.397510087268502,CALL WALL + VOL SENSITIVE
2026-05-25T10:16:45 ET,2026-05-25T10:15:00 ET,2026-05-25,Mon,1016ET,AGGREGATE,29558.75,717.54,29424.9,NEAR_FLIP,NEUTRAL,24.4,0.663,12.68,14.31,16.18,18.96,30360.4,737.0,801.6500000000015,2.712056497652984,1760529.62,1760529.62,19861226.97,-1708779.5899999999,1253448.52,14.435347,1760.36,473,3.6575276491185047,CALL WALL + VOL SENSITIVE
2026-05-25T10:16:45 ET,2026-05-25T10:15:00 ET,2026-05-25,Mon,1016ET,AGGREGATE,29558.75,717.54,29424.9,NEAR_FLIP,NEUTRAL,24.4,0.663,12.68,14.31,16.18,18.96,30401.59,738.0,842.8400000000001,2.85140609802512,3467135.7199999997,3475939.34,40745708.46,-3616448.7399999998,2309762.1599999997,22.68364,3435.6899999999996,1117,8.065469111794702,CALL WALL + VOL SENSITIVE
2026-05-25T10:16:45 ET,2026-05-25T10:15:00 ET,2026-05-25,Mon,1016ET,AGGREGATE,29558.75,717.54,29424.9,NEAR_FLIP,NEUTRAL,24.4,0.663,12.68,14.31,16.18,18.96,30442.79,739.0,884.0400000000009,2.9907895293271904,586432.49,586432.49,7238656.540000001,-604940.3600000001,405086.25,3.629817,608.89,210,1.133919498267479,CALL WALL + VOL SENSITIVE
2026-05-25T10:16:45 ET,2026-05-25T10:15:00 ET,2026-05-25,Mon,1016ET,AGGREGATE,29558.75,717.54,29424.9,NEAR_FLIP,NEUTRAL,24.4,0.663,12.68,14.31,16.18,18.96,30483.98,740.0,925.2299999999996,3.130139129699326,3579023.89,3585837.0100000002,46370283.98,-3607813.61,2439874.16,19.878015,3932.44,1398,9.12546528480057,CALL WALL + VOL SENSITIVE
2026-05-25T10:16:45 ET,2026-05-25T10:15:00 ET,2026-05-25,Mon,1016ET,AGGREGATE,29558.75,717.54,29424.9,NEAR_FLIP,NEUTRAL,24.4,0.663,12.68,14.31,16.18,18.96,30525.17,741.0,966.4199999999983,3.269488730071462,2682193.37,2682193.37,36485888.019999996,-2576919.7600000002,1915891.09,14.385663999999998,3124.2,1100,6.974887622365723,CALL WALL + VOL SENSITIVE
2026-05-25T10:16:45 ET,2026-05-25T10:15:00 ET,2026-05-25,Mon,1016ET,AGGREGATE,29558.75,717.54,29424.9,NEAR_FLIP,NEUTRAL,24.4,0.663,12.68,14.31,16.18,18.96,30566.37,742.0,1007.619999999999,3.408872161373532,351440.91,351440.91,4692687.85,-483658.07,207600.47999999998,1.019244,325.01,249,0.7970163742720545,CALL WALL + VOL SENSITIVE
2026-05-25T10:16:45 ET,2026-05-25T10:15:00 ET,2026-05-25,Mon,1016ET,AGGREGATE,29558.75,717.54,29424.9,NEAR_FLIP,NEUTRAL,24.4,0.663,12.68,14.31,16.18,18.96,30607.56,743.0,1048.8100000000013,3.5482217617456806,877698.35,877698.35,12646101.73,-973113.98,587969.06,3.22013,998.08,530,2.414453832327067,CALL WALL + VOL SENSITIVE
2026-05-25T10:16:45 ET,2026-05-25T10:15:00 ET,2026-05-25,Mon,1016ET,AGGREGATE,29558.75,717.54,29424.9,NEAR_FLIP,NEUTRAL,24.4,0.663,12.68,14.31,16.18,18.96,30648.76,744.0,1090.0099999999984,3.6876051930477383,306429.62,306429.62,4636332.65,-311155.13,212654.90000000002,1.092868,376.44,180,0.6174698949272828,CALL WALL + VOL SENSITIVE
2026-05-25T10:16:45 ET,2026-05-25T10:15:00 ET,2026-05-25,Mon,1016ET,AGGREGATE,29558.75,717.54,29424.9,NEAR_FLIP,NEUTRAL,24.4,0.663,12.68,14.31,16.18,18.96,30689.95,745.0,1131.2000000000007,3.8269547934198864,1113750.1099999999,1113750.1099999999,17325558.45,-1181566.66,759553.8400000001,3.387298,1373.25,765,3.421338269956224,CALL WALL + VOL SENSITIVE
2026-05-25T10:16:45 ET,2026-05-25T10:15:00 ET,2026-05-25,Mon,1016ET,AGGREGATE,29558.75,717.54,29424.9,NEAR_FLIP,NEUTRAL,24.4,0.663,12.68,14.31,16.18,18.96,30731.15,746.0,1172.4000000000015,3.966338224721957,329368.91,329368.91,5276108.8,-356511.89,222881.86000000002,0.873429,412.36,255,0.8228175279770482,CALL WALL + VOL SENSITIVE
2026-05-25T10:16:45 ET,2026-05-25T10:15:00 ET,2026-05-25,Mon,1016ET,AGGREGATE,29558.75,717.54,29424.9,NEAR_FLIP,NEUTRAL,24.4,0.663,12.68,14.31,16.18,18.96,30772.34,747.0,1213.5900000000001,4.105687825094092,96122.12,96122.12,1535912.23,-126500.02,60439.97,0.18507200000000001,111.02000000000001,111,0.05029120566382971,CALL WALL + VOL SENSITIVE
2026-05-25T10:16:45 ET,2026-05-25T10:15:00 ET,2026-05-25,Mon,1016ET,AGGREGATE,29558.75,717.54,29424.9,NEAR_FLIP,NEUTRAL,24.4,0.663,12.68,14.31,16.18,18.96,30895.93,750.0,1337.1800000000003,4.5238042880703695,694347.3999999999,694347.3999999999,11388528.0,-1179374.48,398388.6,0.680742,739.51,1555,3.8756241459494216,CALL WALL + VOL SENSITIVE
2026-05-25T10:16:45 ET,2026-05-25T10:15:00 ET,2026-05-25,Mon,1016ET,AGGREGATE,29558.75,717.54,29424.9,NEAR_FLIP,NEUTRAL,24.4,0.663,12.68,14.31,16.18,18.96,31101.9,755.0,1543.1500000000015,5.22061995179093,172419.96,173457.96,3250370.6,-266178.21,-106643.42,0.026205999999999993,228.28,487,0.8890816333268005,CALL WALL + VOL SENSITIVE
2026-05-25T10:16:45 ET,2026-05-25T10:15:00 ET,2026-05-25,Mon,1016ET,AGGREGATE,29558.75,717.54,29424.9,NEAR_FLIP,NEUTRAL,24.4,0.663,12.68,14.31,16.18,18.96,31307.87,760.0,1749.119999999999,5.917435615511478,101182.67000000001,101182.67000000001,1923284.08,-207560.57,61582.95,0.037041,129.41,567,0.8336168642530519,CALL WALL + VOL SENSITIVE
2026-05-25T10:16:45 ET,2026-05-25T10:15:00 ET,2026-05-25,Mon,1016ET,AGGREGATE,29558.75,717.54,29424.9,NEAR_FLIP,NEUTRAL,24.4,0.663,12.68,14.31,16.18,18.96,31513.84,765.0,1955.0900000000001,6.614251279232039,129648.42,129648.42,2721408.09,-241276.74,86059.14000000001,0.040320999999999996,197.69,802,1.3076909183570318,CALL WALL + VOL SENSITIVE
2026-05-25T10:16:45 ET,2026-05-25T10:15:00 ET,2026-05-25,Mon,1016ET,AGGREGATE,29558.75,717.54,29424.9,NEAR_FLIP,NEUTRAL,24.4,0.663,12.68,14.31,16.18,18.96,31719.82,770.0,2161.0699999999997,7.311100773882521,68624.31,68624.31,1475246.61,-141209.63999999998,47990.46000000001,0.016634,112.28,552,0.7325496588690006,CALL WALL + VOL SENSITIVE
2026-05-25T10:16:45 ET,2026-05-25T10:15:00 ET,2026-05-25,Mon,1016ET,AGGREGATE,29558.75,717.54,29424.9,NEAR_FLIP,NEUTRAL,24.4,0.663,12.68,14.31,16.18,18.96,31925.79,775.0,2367.040000000001,8.00791643760308,48281.649999999994,48281.649999999994,865221.5800000001,-165623.46,35184.119999999995,0.008919,68.28999999999999,520,,
2026-05-25T10:16:45 ET,2026-05-25T10:15:00 ET,2026-05-25,Mon,1016ET,AGGREGATE,29558.75,717.54,29424.9,NEAR_FLIP,NEUTRAL,24.4,0.663,12.68,14.31,16.18,18.96,32131.76,780.0,2573.0099999999984,8.70473210132363,5849.93,5849.93,119078.57999999999,-16970.920000000002,4722.92,0.001226,10.39,61,,
2026-05-25T10:16:45 ET,2026-05-25T10:15:00 ET,2026-05-25,Mon,1016ET,AGGREGATE,29558.75,717.54,29424.9,NEAR_FLIP,NEUTRAL,24.4,0.663,12.68,14.31,16.18,18.96,32337.74,785.0,2778.9900000000016,9.401581595974125,10600.55,10600.55,221722.07,-30700.8,9346.78,0.002419,21.080000000000002,112,,
2026-05-25T12:34:10 ET,2026-05-25T12:30:00 ET,2026-05-25,Mon,1234ET,2026-05-26,29558.75,717.54,29424.9,NEAR_FLIP,NEUTRAL,24.4,0.663,12.68,14.31,16.18,18.96,26776.47,650.0,-2782.279999999999,-9.412711971920325,-814063.57,941852.61,8247807.609999999,4588546.22,3797953.1100000003,8.109421000000001,2489.0,1194,,
2026-05-25T12:34:10 ET,2026-05-25T12:30:00 ET,2026-05-25,Mon,1234ET,2026-05-27,29558.75,717.54,29424.9,NEAR_FLIP,NEUTRAL,24.4,0.663,12.68,14.31,16.18,18.96,26776.47,650.0,-2782.279999999999,-9.412711971920325,-359948.33,405296.14999999997,5348206.23,986644.2,1479808.17,2.838203,1464.1100000000001,572,,
2026-05-25T12:34:10 ET,2026-05-25T12:30:00 ET,2026-05-25,Mon,1234ET,2026-05-26,29558.75,717.54,29424.9,NEAR_FLIP,NEUTRAL,24.4,0.663,12.68,14.31,16.18,18.96,26982.44,655.0,-2576.3100000000013,-8.715896308199776,-1114933.64,1223942.24,11580624.07,5508525.29,2558287.46,5.550510000000001,2915.3300000000004,1527,,
2026-05-25T12:34:10 ET,2026-05-25T12:30:00 ET,2026-05-25,Mon,1234ET,2026-05-27,29558.75,717.54,29424.9,NEAR_FLIP,NEUTRAL,24.4,0.663,12.68,14.31,16.18,18.96,26982.44,655.0,-2576.3100000000013,-8.715896308199776,-235625.22,291332.14,3531316.56,654800.71,2120132.22,4.320182,963.81,387,,
2026-05-25T12:34:10 ET,2026-05-25T12:30:00 ET,2026-05-25,Mon,1234ET,2026-05-26,29558.75,717.54,29424.9,NEAR_FLIP,NEUTRAL,24.4,0.663,12.68,14.31,16.18,18.96,27188.41,660.0,-2370.34,-8.019080644479216,-1575046.82,1646076.72,16705520.600000001,6798860.61,317522.4199999999,0.7098699999999996,3524.77,1993,,
2026-05-25T12:34:10 ET,2026-05-25T12:30:00 ET,2026-05-25,Mon,1234ET,2026-05-27,29558.75,717.54,29424.9,NEAR_FLIP,NEUTRAL,24.4,0.663,12.68,14.31,16.18,18.96,27188.41,660.0,-2370.34,-8.019080644479216,-484662.23,535420.77,7285899.3100000005,1103802.16,1325939.11,2.9383450000000004,1620.6599999999999,654,,
2026-05-25T12:34:10 ET,2026-05-25T12:30:00 ET,2026-05-25,Mon,1234ET,2026-05-26,29558.75,717.54,29424.9,NEAR_FLIP,NEUTRAL,24.4,0.663,12.68,14.31,16.18,18.96,27394.39,665.0,-2164.3600000000006,-7.322231149828733,-1328548.0899999999,1446795.83,14312591.709999999,5441644.94,2719296.7700000005,6.399884999999999,2778.43,1664,,
2026-05-25T12:34:10 ET,2026-05-25T12:30:00 ET,2026-05-25,Mon,1234ET,2026-05-27,29558.75,717.54,29424.9,NEAR_FLIP,NEUTRAL,24.4,0.663,12.68,14.31,16.18,18.96,27394.39,665.0,-2164.3600000000006,-7.322231149828733,-370481.33,434673.64999999997,5547199.510000001,815580.15,1841595.0999999999,4.571311,1203.11,474,,
2026-05-25T12:34:10 ET,2026-05-25T12:30:00 ET,2026-05-25,Mon,1234ET,2026-05-26,29558.75,717.54,29424.9,NEAR_FLIP,NEUTRAL,24.4,0.663,12.68,14.31,16.18,18.96,27600.36,670.0,-1958.3899999999994,-6.625415486108173,-7867544.510000001,8130016.29,85475748.87,27587848.48,-836064.2599999998,-2.136678,13973.51,8611,,
2026-05-25T12:34:10 ET,2026-05-25T12:30:00 ET,2026-05-25,Mon,1234ET,2026-05-27,29558.75,717.54,29424.9,NEAR_FLIP,NEUTRAL,24.4,0.663,12.68,14.31,16.18,18.96,27600.36,670.0,-1958.3899999999994,-6.625415486108173,-918064.1499999999,1056519.29,13568508.79,1787530.47,3159376.17,9.10812,2673.64,992,,
2026-05-25T12:34:10 ET,2026-05-25T12:30:00 ET,2026-05-25,Mon,1234ET,2026-05-26,29558.75,717.54,29424.9,NEAR_FLIP,NEUTRAL,24.4,0.663,12.68,14.31,16.18,18.96,27641.55,671.0,-1917.2000000000007,-6.4860658857360365,-107046.94,205414.40000000002,1163714.82,681963.83,3392430.85,8.855720999999999,345.24,213,,
2026-05-25T12:34:10 ET,2026-05-25T12:30:00 ET,2026-05-25,Mon,1234ET,2026-05-26,29558.75,717.54,29424.9,NEAR_FLIP,NEUTRAL,24.4,0.663,12.68,14.31,16.18,18.96,27682.75,672.0,-1876.0,-6.346682454433966,-365137.32,515139.68,3970262.96,1672459.23,4798458.56,12.81793,846.58,522,,
2026-05-25T12:34:10 ET,2026-05-25T12:30:00 ET,2026-05-25,Mon,1234ET,2026-05-26,29558.75,717.54,29424.9,NEAR_FLIP,NEUTRAL,24.4,0.663,12.68,14.31,16.18,18.96,27723.94,673.0,-1834.8100000000013,-6.20733285406183,-478581.62,563572.86,5202601.8100000005,1788412.69,2312894.6799999997,6.334501,905.5699999999999,557,,
2026-05-25T12:34:10 ET,2026-05-25T12:30:00 ET,2026-05-25,Mon,1234ET,2026-05-26,29558.75,717.54,29424.9,NEAR_FLIP,NEUTRAL,24.4,0.663,12.68,14.31,16.18,18.96,27765.14,674.0,-1793.6100000000006,-6.06794942275976,-355506.01999999996,426191.42,3861995.1099999994,1321256.1500000001,1921103.8899999997,5.405468,669.55,410,,
2026-05-25T12:34:10 ET,2026-05-25T12:30:00 ET,2026-05-25,Mon,1234ET,2026-05-26,29558.75,717.54,29424.9,NEAR_FLIP,NEUTRAL,24.4,0.663,12.68,14.31,16.18,18.96,27806.33,675.0,-1752.4199999999983,-5.9285998223876115,-823015.7,949304.2,8930149.979999999,2873555.75,3103007.67,8.989309,1458.09,887,,
2026-05-25T12:34:10 ET,2026-05-25T12:30:00 ET,2026-05-25,Mon,1234ET,2026-05-27,29558.75,717.54,29424.9,NEAR_FLIP,NEUTRAL,24.4,0.663,12.68,14.31,16.18,18.96,27806.33,675.0,-1752.4199999999983,-5.9285998223876115,-3610447.1199999996,3847959.56,52064146.48,5804327.1899999995,1491825.2799999993,5.212524999999999,8907.01,2981,,
2026-05-25T12:34:10 ET,2026-05-25T12:30:00 ET,2026-05-25,Mon,1234ET,2026-05-26,29558.75,717.54,29424.9,NEAR_FLIP,NEUTRAL,24.4,0.663,12.68,14.31,16.18,18.96,27847.53,676.0,-1711.2200000000012,-5.789216391085554,-511338.73999999993,537844.4199999999,5538815.87,1588762.8299999998,233921.3899999999,0.6992929999999999,807.64,487,,
2026-05-25T12:34:10 ET,2026-05-25T12:30:00 ET,2026-05-25,Mon,1234ET,2026-05-27,29558.75,717.54,29424.9,NEAR_FLIP,NEUTRAL,24.4,0.663,12.68,14.31,16.18,18.96,27847.53,676.0,-1711.2200000000012,-5.789216391085554,-322407.53,338595.35,4618682.96,498355.76,-13412.23000000004,-0.04897499999999999,770.0,251,,
2026-05-25T12:34:10 ET,2026-05-25T12:30:00 ET,2026-05-25,Mon,1234ET,2026-05-26,29558.75,717.54,29424.9,NEAR_FLIP,NEUTRAL,24.4,0.663,12.68,14.31,16.18,18.96,27888.72,677.0,-1670.0299999999988,-5.649866790713406,-150793.61,244468.43,1629692.1,704300.26,2662702.56,8.233668,358.89,214,,
2026-05-25T12:34:10 ET,2026-05-25T12:30:00 ET,2026-05-25,Mon,1234ET,2026-05-27,29558.75,717.54,29424.9,NEAR_FLIP,NEUTRAL,24.4,0.663,12.68,14.31,16.18,18.96,27888.72,677.0,-1670.0299999999988,-5.649866790713406,-450594.01999999996,668122.1599999999,6408539.41,958947.36,4659692.279999999,17.81614,1492.76,473,,
2026-05-25T12:34:10 ET,2026-05-25T12:30:00 ET,2026-05-25,Mon,1234ET,2026-05-26,29558.75,717.54,29424.9,NEAR_FLIP,NEUTRAL,24.4,0.663,12.68,14.31,16.18,18.96,27929.92,678.0,-1628.8300000000017,-5.510483359411348,-272460.75999999995,300891.44,2936173.4499999997,844907.87,524290.3599999999,1.6811620000000003,431.82,254,,
2026-05-25T12:34:10 ET,2026-05-25T12:30:00 ET,2026-05-25,Mon,1234ET,2026-05-27,29558.75,717.54,29424.9,NEAR_FLIP,NEUTRAL,24.4,0.663,12.68,14.31,16.18,18.96,27929.92,678.0,-1628.8300000000017,-5.510483359411348,-577972.1,613539.62,8155510.63,858207.61,75596.66000000003,0.3032539999999999,1346.8799999999999,414,,
2026-05-25T12:34:10 ET,2026-05-25T12:30:00 ET,2026-05-25,Mon,1234ET,2026-05-26,29558.75,717.54,29424.9,NEAR_FLIP,NEUTRAL,24.4,0.663,12.68,14.31,16.18,18.96,27971.11,679.0,-1587.6399999999994,-5.3711337590392,-300516.92,401510.32,3227195.69,1098193.35,2501356.06,8.339044,563.33,326,,
2026-05-25T12:34:10 ET,2026-05-25T12:30:00 ET,2026-05-25,Mon,1234ET,2026-05-27,29558.75,717.54,29424.9,NEAR_FLIP,NEUTRAL,24.4,0.663,12.68,14.31,16.18,18.96,27971.11,679.0,-1587.6399999999994,-5.3711337590392,-324057.42,355216.77999999997,4533465.890000001,483916.82,267817.32999999996,1.129429,766.24,228,,
2026-05-25T12:34:10 ET,2026-05-25T12:30:00 ET,2026-05-25,Mon,1234ET,2026-05-26,29558.75,717.54,29424.9,NEAR_FLIP,NEUTRAL,24.4,0.663,12.68,14.31,16.18,18.96,28012.31,680.0,-1546.4399999999987,-5.23175032773713,-3409037.43,3714630.9899999998,36456221.8,9889714.08,4540756.79,15.781821000000003,5094.99,2893,,
2026-05-25T12:34:10 ET,2026-05-25T12:30:00 ET,2026-05-25,Mon,1234ET,2026-05-27,29558.75,717.54,29424.9,NEAR_FLIP,NEUTRAL,24.4,0.663,12.68,14.31,16.18,18.96,28012.31,680.0,-1546.4399999999987,-5.23175032773713,-1908663.77,2164684.01,26453166.119999997,2870125.69,2884897.93,12.815685,4588.6,1319,,
2026-05-25T12:34:10 ET,2026-05-25T12:30:00 ET,2026-05-25,Mon,1234ET,2026-05-26,29558.75,717.54,29424.9,NEAR_FLIP,NEUTRAL,24.4,0.663,12.68,14.31,16.18,18.96,28053.5,681.0,-1505.25,-5.092400727364994,-306071.8,322180.84,3257103.9400000004,834336.31,90211.47999999998,0.32780200000000015,432.01,240,,
2026-05-25T12:34:10 ET,2026-05-25T12:30:00 ET,2026-05-25,Mon,1234ET,2026-05-27,29558.75,717.54,29424.9,NEAR_FLIP,NEUTRAL,24.4,0.663,12.68,14.31,16.18,18.96,28053.5,681.0,-1505.25,-5.092400727364994,-925037.71,1001258.05,12691245.08,1291121.46,336571.47,1.578182,2085.85,578,,
2026-05-25T12:34:10 ET,2026-05-25T12:30:00 ET,2026-05-25,Mon,1234ET,2026-05-26,29558.75,717.54,29424.9,NEAR_FLIP,NEUTRAL,24.4,0.663,12.68,14.31,16.18,18.96,28094.7,682.0,-1464.0499999999993,-4.9530172960629235,-1889040.81,2015727.6099999999,19988552.19,5073606.3100000005,1138089.2300000002,4.336375,2642.48,1432,,
2026-05-25T12:34:10 ET,2026-05-25T12:30:00 ET,2026-05-25,Mon,1234ET,2026-05-27,29558.75,717.54,29424.9,NEAR_FLIP,NEUTRAL,24.4,0.663,12.68,14.31,16.18,18.96,28094.7,682.0,-1464.0499999999993,-4.9530172960629235,-2610826.25,2669455.33,35428731.339999996,3345233.1799999997,-2132804.41,-10.577324,5465.740000000001,1457,,
2026-05-25T12:34:10 ET,2026-05-25T12:30:00 ET,2026-05-25,Mon,1234ET,2026-05-26,29558.75,717.54,29424.9,NEAR_FLIP,NEUTRAL,24.4,0.663,12.68,14.31,16.18,18.96,28135.89,683.0,-1422.8600000000006,-4.813667695690787,-1982404.9,2044586.38,20840300.92,4997872.79,-577093.48,-2.3127020000000007,2620.49,1381,,
2026-05-25T12:34:10 ET,2026-05-25T12:30:00 ET,2026-05-25,Mon,1234ET,2026-05-27,29558.75,717.54,29424.9,NEAR_FLIP,NEUTRAL,24.4,0.663,12.68,14.31,16.18,18.96,28135.89,683.0,-1422.8600000000006,-4.813667695690787,-619398.73,658232.51,8306059.13,800967.0599999999,-84564.30000000005,-0.44445599999999974,1324.77,339,,
2026-05-25T12:34:10 ET,2026-05-25T12:30:00 ET,2026-05-25,Mon,1234ET,2026-05-26,29558.75,717.54,29424.9,NEAR_FLIP,NEUTRAL,24.4,0.663,12.68,14.31,16.18,18.96,28177.08,684.0,-1381.6699999999983,-4.67431809531864,-1738571.99,1816674.95,18142226.37,4309061.0,-26862.929999999935,-0.11358300000000021,2276.53,1163,,
2026-05-25T12:34:10 ET,2026-05-25T12:30:00 ET,2026-05-25,Mon,1234ET,2026-05-27,29558.75,717.54,29424.9,NEAR_FLIP,NEUTRAL,24.4,0.663,12.68,14.31,16.18,18.96,28177.08,684.0,-1381.6699999999983,-4.67431809531864,-628866.39,657732.39,8325697.640000001,776505.16,-292970.99,-1.6351010000000001,1301.34,319,,
2026-05-25T12:34:10 ET,2026-05-25T12:30:00 ET,2026-05-25,Mon,1234ET,2026-05-26,29558.75,717.54,29424.9,NEAR_FLIP,NEUTRAL,24.4,0.663,12.68,14.31,16.18,18.96,28218.28,685.0,-1340.4700000000012,-4.534934664016581,-11549108.8,12012065.2,119514304.74,27622138.79,-1800978.3800000008,-8.060317999999995,14718.269999999999,7265,,
2026-05-25T12:34:10 ET,2026-05-25T12:30:00 ET,2026-05-25,Mon,1234ET,2026-05-27,29558.75,717.54,29424.9,NEAR_FLIP,NEUTRAL,24.4,0.663,12.68,14.31,16.18,18.96,28218.28,685.0,-1340.4700000000012,-4.534934664016581,-1239465.36,1980950.84,16184486.43,2266909.3200000003,9748139.43,57.885439,3853.39,903,,
2026-05-25T12:34:10 ET,2026-05-25T12:30:00 ET,2026-05-25,Mon,1234ET,2026-05-26,29558.75,717.54,29424.9,NEAR_FLIP,NEUTRAL,24.4,0.663,12.68,14.31,16.18,18.96,28259.47,686.0,-1299.2799999999988,-4.395585063644433,-1248435.3299999998,1269505.97,12798775.719999999,2827435.27,-802482.28,-3.8141130000000003,1521.07,723,,
2026-05-25T12:34:10 ET,2026-05-25T12:30:00 ET,2026-05-25,Mon,1234ET,2026-05-27,29558.75,717.54,29424.9,NEAR_FLIP,NEUTRAL,24.4,0.663,12.68,14.31,16.18,18.96,28259.47,686.0,-1299.2799999999988,-4.395585063644433,-568262.61,783407.3099999999,7310595.010000001,868148.77,2365995.54,14.976778,1498.45,335,,
2026-05-25T12:34:10 ET,2026-05-25T12:30:00 ET,2026-05-25,Mon,1234ET,2026-05-26,29558.75,717.54,29424.9,NEAR_FLIP,NEUTRAL,24.4,0.663,12.68,14.31,16.18,18.96,28300.67,687.0,-1258.0800000000017,-4.256201632342375,-1275998.23,1339611.0499999998,12945189.620000001,2886770.1999999997,-62629.419999999925,-0.3171799999999996,1569.67,716,,
2026-05-25T12:34:10 ET,2026-05-25T12:30:00 ET,2026-05-25,Mon,1234ET,2026-05-27,29558.75,717.54,29424.9,NEAR_FLIP,NEUTRAL,24.4,0.663,12.68,14.31,16.18,18.96,28300.67,687.0,-1258.0800000000017,-4.256201632342375,-781715.89,801695.85,9896877.5,859440.4500000001,-664352.31,-4.491224000000001,1508.02,321,,
2026-05-25T12:34:10 ET,2026-05-25T12:30:00 ET,2026-05-25,Mon,1234ET,2026-05-26,29558.75,717.54,29424.9,NEAR_FLIP,NEUTRAL,24.4,0.663,12.68,14.31,16.18,18.96,28341.86,688.0,-1216.8899999999994,-4.116852031970226,-1248223.42,1372245.62,12516884.45,2858042.42,928315.72,5.026492999999999,1572.61,686,,
2026-05-25T12:34:10 ET,2026-05-25T12:30:00 ET,2026-05-25,Mon,1234ET,2026-05-27,29558.75,717.54,29424.9,NEAR_FLIP,NEUTRAL,24.4,0.663,12.68,14.31,16.18,18.96,28341.86,688.0,-1216.8899999999994,-4.116852031970226,-975289.9400000001,1012698.32,12136739.82,1049081.98,-694103.1799999999,-5.020263999999999,1873.6299999999999,379,,
2026-05-25T12:34:10 ET,2026-05-25T12:30:00 ET,2026-05-25,Mon,1234ET,2026-05-26,29558.75,717.54,29424.9,NEAR_FLIP,NEUTRAL,24.4,0.663,12.68,14.31,16.18,18.96,28383.06,689.0,-1175.6899999999987,-3.977468600668156,-1761876.4,1783336.52,17441177.0,3585655.82,-1304600.64,-7.578296,1999.08,831,,
2026-05-25T12:34:10 ET,2026-05-25T12:30:00 ET,2026-05-25,Mon,1234ET,2026-05-27,29558.75,717.54,29424.9,NEAR_FLIP,NEUTRAL,24.4,0.663,12.68,14.31,16.18,18.96,28383.06,689.0,-1175.6899999999987,-3.977468600668156,-2388256.4600000004,2645981.98,29174643.34,2645634.5999999996,114073.77000000002,0.8842239999999997,4815.75,924,,
2026-05-25T12:34:10 ET,2026-05-25T12:30:00 ET,2026-05-25,Mon,1234ET,2026-05-26,29558.75,717.54,29424.9,NEAR_FLIP,NEUTRAL,24.4,0.663,12.68,14.31,16.18,18.96,28424.25,690.0,-1134.5,-3.8381190002960204,-9337613.25,9610210.57,91125732.30000001,18630552.45,-4628160.6,-28.940740999999996,10538.98,4160,,
2026-05-25T12:34:10 ET,2026-05-25T12:30:00 ET,2026-05-25,Mon,1234ET,2026-05-27,29558.75,717.54,29424.9,NEAR_FLIP,NEUTRAL,24.4,0.663,12.68,14.31,16.18,18.96,28424.25,690.0,-1134.5,-3.8381190002960204,-9676493.27,10531024.77,115876792.32000001,10150350.24,-2391819.6500000004,-19.900929000000005,18857.91,3426,,
2026-05-25T12:34:10 ET,2026-05-25T12:30:00 ET,2026-05-25,Mon,1234ET,2026-05-26,29558.75,717.54,29424.9,NEAR_FLIP,NEUTRAL,24.4,0.663,12.68,14.31,16.18,18.96,28465.45,691.0,-1093.2999999999993,-3.6987355689939503,-688697.0,833423.1799999999,6616064.28,1555732.23,1320243.6099999999,8.91733,894.27,334,,
2026-05-25T12:34:10 ET,2026-05-25T12:30:00 ET,2026-05-25,Mon,1234ET,2026-05-27,29558.75,717.54,29424.9,NEAR_FLIP,NEUTRAL,24.4,0.663,12.68,14.31,16.18,18.96,28465.45,691.0,-1093.2999999999993,-3.6987355689939503,-426270.45999999996,763321.52,4996563.91,708269.0499999999,2764496.46,24.727101,1345.1000000000001,231,,
2026-05-25T12:34:10 ET,2026-05-25T12:30:00 ET,2026-05-25,Mon,1234ET,2026-05-26,29558.75,717.54,29424.9,NEAR_FLIP,NEUTRAL,24.4,0.663,12.68,14.31,16.18,18.96,28506.64,692.0,-1052.1100000000006,-3.5593859686218146,-951899.15,1005984.33,8987496.8,1805556.27,-192265.34999999998,-1.4073789999999997,1056.3300000000002,372,,
2026-05-25T12:34:10 ET,2026-05-25T12:30:00 ET,2026-05-25,Mon,1234ET,2026-05-27,29558.75,717.54,29424.9,NEAR_FLIP,NEUTRAL,24.4,0.663,12.68,14.31,16.18,18.96,28506.64,692.0,-1052.1100000000006,-3.5593859686218146,-480206.00999999995,693630.9099999999,5500816.17,618681.24,1339693.23,12.899142000000001,1203.03,195,,
2026-05-25T12:34:10 ET,2026-05-25T12:30:00 ET,2026-05-25,Mon,1234ET,2026-05-26,29558.75,717.54,29424.9,NEAR_FLIP,NEUTRAL,24.4,0.663,12.68,14.31,16.18,18.96,28547.84,693.0,-1010.9099999999999,-3.420002537319744,-2219922.91,2425743.5700000003,20564332.580000002,4179642.3800000004,334555.94999999995,2.6626949999999994,2493.13,825,,
2026-05-25T12:34:10 ET,2026-05-25T12:30:00 ET,2026-05-25,Mon,1234ET,2026-05-27,29558.75,717.54,29424.9,NEAR_FLIP,NEUTRAL,24.4,0.663,12.68,14.31,16.18,18.96,28547.84,693.0,-1010.9099999999999,-3.420002537319744,-532877.6100000001,908575.49,5955144.39,777792.11,2450294.66,25.426854,1551.32,237,,
2026-05-25T12:34:10 ET,2026-05-25T12:30:00 ET,2026-05-25,Mon,1234ET,2026-05-26,29558.75,717.54,29424.9,NEAR_FLIP,NEUTRAL,24.4,0.663,12.68,14.31,16.18,18.96,28589.03,694.0,-969.7200000000012,-3.2806529369476083,-2158296.41,2305817.41,19579681.200000003,3807684.1799999997,-405728.1200000001,-3.5220280000000006,2320.1,719,,
2026-05-25T12:34:10 ET,2026-05-25T12:30:00 ET,2026-05-25,Mon,1234ET,2026-05-27,29558.75,717.54,29424.9,NEAR_FLIP,NEUTRAL,24.4,0.663,12.68,14.31,16.18,18.96,28589.03,694.0,-969.7200000000012,-3.2806529369476083,-3015130.63,3172297.9299999997,32811676.41,2601951.24,-2364776.78,-26.474660999999998,5333.3,767,,
2026-05-25T12:34:10 ET,2026-05-25T12:30:00 ET,2026-05-25,Mon,1234ET,2026-05-26,29558.75,717.54,29424.9,NEAR_FLIP,NEUTRAL,24.4,0.663,12.68,14.31,16.18,18.96,28630.22,695.0,-928.5299999999988,-3.14130333657546,-4897579.4799999995,6476312.12,43422158.620000005,10230784.21,10397861.89,98.74196599999999,6381.02,1846,,
2026-05-25T12:34:10 ET,2026-05-25T12:30:00 ET,2026-05-25,Mon,1234ET,2026-05-27,29558.75,717.54,29424.9,NEAR_FLIP,NEUTRAL,24.4,0.663,12.68,14.31,16.18,18.96,28630.22,695.0,-928.5299999999988,-3.14130333657546,-6426444.77,8382513.43,67963497.5,6575300.26,5830795.15,70.48544100000001,13879.5,1877,,
2026-05-25T12:34:10 ET,2026-05-25T12:30:00 ET,2026-05-25,Mon,1234ET,2026-05-26,29558.75,717.54,29424.9,NEAR_FLIP,NEUTRAL,24.4,0.663,12.68,14.31,16.18,18.96,28671.42,696.0,-887.3300000000017,-3.001919905273402,-1993588.86,3525342.46,17236074.69,5316897.01,11161018.33,116.27097400000001,3402.15,916,,
2026-05-25T12:34:10 ET,2026-05-25T12:30:00 ET,2026-05-25,Mon,1234ET,2026-05-27,29558.75,717.54,29424.9,NEAR_FLIP,NEUTRAL,24.4,0.663,12.68,14.31,16.18,18.96,28671.42,696.0,-887.3300000000017,-3.001919905273402,-1027771.2300000001,1355885.9900000002,10539833.61,1015079.1599999999,833617.02,10.887923999999998,2211.58,281,,
2026-05-25T12:34:10 ET,2026-05-25T12:30:00 ET,2026-05-25,Mon,1234ET,2026-05-26,29558.75,717.54,29424.9,NEAR_FLIP,NEUTRAL,24.4,0.663,12.68,14.31,16.18,18.96,28712.61,697.0,-846.1399999999994,-2.862570304901254,-2230650.48,2797836.7399999998,18760916.25,4019782.02,2336779.33,26.773199,2645.3599999999997,661,,
2026-05-25T12:34:10 ET,2026-05-25T12:30:00 ET,2026-05-25,Mon,1234ET,2026-05-27,29558.75,717.54,29424.9,NEAR_FLIP,NEUTRAL,24.4,0.663,12.68,14.31,16.18,18.96,28712.61,697.0,-846.1399999999994,-2.862570304901254,166897.8700000001,2169672.25,-1655711.2200000007,1546822.83,13487468.149999999,190.41137400000002,3487.07,416,,
2026-05-25T12:34:10 ET,2026-05-25T12:30:00 ET,2026-05-25,Mon,1234ET,2026-05-26,29558.75,717.54,29424.9,NEAR_FLIP,NEUTRAL,24.4,0.663,12.68,14.31,16.18,18.96,28753.81,698.0,-804.9399999999987,-2.7231868735991838,-4973632.0,5869445.640000001,40584464.3,8014049.819999999,1703697.8199999994,21.516452,5438.73,1258,,
2026-05-25T12:34:10 ET,2026-05-25T12:30:00 ET,2026-05-25,Mon,1234ET,2026-05-27,29558.75,717.54,29424.9,NEAR_FLIP,NEUTRAL,24.4,0.663,12.68,14.31,16.18,18.96,28753.81,698.0,-804.9399999999987,-2.7231868735991838,-1465980.96,2198971.44,14032181.86,1489265.45,2023964.6800000002,30.890118,3483.25,390,,
2026-05-25T12:34:10 ET,2026-05-25T12:30:00 ET,2026-05-25,Mon,1234ET,2026-05-26,29558.75,717.54,29424.9,NEAR_FLIP,NEUTRAL,24.4,0.663,12.68,14.31,16.18,18.96,28795.0,699.0,-763.75,-2.583837273227048,-1566461.06,1988993.3199999998,12365035.21,2573971.16,1181039.26,16.472973999999997,1806.8000000000002,386,,
2026-05-25T12:34:10 ET,2026-05-25T12:30:00 ET,2026-05-25,Mon,1234ET,2026-05-27,29558.75,717.54,29424.9,NEAR_FLIP,NEUTRAL,24.4,0.663,12.68,14.31,16.18,18.96,28795.0,699.0,-763.75,-2.583837273227048,-1627329.07,2444041.0300000003,14986138.44,1568158.24,1846587.7200000007,30.464616999999997,3816.73,401,,
2026-05-25T12:34:10 ET,2026-05-25T12:30:00 ET,2026-05-25,Mon,1234ET,2026-05-26,29558.75,717.54,29424.9,NEAR_FLIP,NEUTRAL,24.4,0.663,12.68,14.31,16.18,18.96,28836.2,700.0,-722.5499999999993,-2.4444538419249775,-13069071.090000002,29757357.25,99471769.46999998,36390748.21,78589374.30000001,1212.456449,26509.37,5221,,
2026-05-25T12:34:10 ET,2026-05-25T12:30:00 ET,2026-05-25,Mon,1234ET,2026-05-27,29558.75,717.54,29424.9,NEAR_FLIP,NEUTRAL,24.4,0.663,12.68,14.31,16.18,18.96,28836.2,700.0,-722.5499999999993,-2.4444538419249775,-12196793.91,17399529.97,107721424.64999999,10544784.02,7037292.469999999,125.45037300000001,26795.47,2642,,
2026-05-25T12:34:10 ET,2026-05-25T12:30:00 ET,2026-05-25,Mon,1234ET,2026-05-26,29558.75,717.54,29424.9,NEAR_FLIP,NEUTRAL,24.4,0.663,12.68,14.31,16.18,18.96,28877.39,701.0,-681.3600000000006,-2.3051042415528418,-1388451.7399999998,3256550.44,10153050.780000001,3750928.5300000003,7705053.94,131.627139,2846.1,516,,
2026-05-25T12:34:10 ET,2026-05-25T12:30:00 ET,2026-05-25,Mon,1234ET,2026-05-27,29558.75,717.54,29424.9,NEAR_FLIP,NEUTRAL,24.4,0.663,12.68,14.31,16.18,18.96,28877.39,701.0,-681.3600000000006,-2.3051042415528418,-1073796.9100000001,3548507.67,9063448.4,2024407.29,8085954.36,155.646063,5390.63,499,,
2026-05-25T12:34:10 ET,2026-05-25T12:30:00 ET,2026-05-25,Mon,1234ET,2026-05-26,29558.75,717.54,29424.9,NEAR_FLIP,NEUTRAL,24.4,0.663,12.68,14.31,16.18,18.96,28918.59,702.0,-640.1599999999999,-2.1657208102507712,-15082816.47,18872749.95,105536770.82,20397496.95,2403424.25,45.49088499999999,16187.830000000002,2699,,
2026-05-25T12:34:10 ET,2026-05-25T12:30:00 ET,2026-05-25,Mon,1234ET,2026-05-27,29558.75,717.54,29424.9,NEAR_FLIP,NEUTRAL,24.4,0.663,12.68,14.31,16.18,18.96,28918.59,702.0,-640.1599999999999,-2.1657208102507712,2991651.8500000006,6428216.03,-24037606.729999997,3439070.67,35973869.160000004,746.9563909999999,9635.81,838,,
2026-05-25T12:34:10 ET,2026-05-25T12:30:00 ET,2026-05-25,Mon,1234ET,2026-05-26,29558.75,717.54,29424.9,NEAR_FLIP,NEUTRAL,24.4,0.663,12.68,14.31,16.18,18.96,28959.78,703.0,-598.9700000000012,-2.0263712098786355,-1495307.7600000002,6112942.1,9966232.41,6173203.859999999,15799250.89,331.33813599999996,5148.11,789,,
2026-05-25T12:34:10 ET,2026-05-25T12:30:00 ET,2026-05-25,Mon,1234ET,2026-05-27,29558.75,717.54,29424.9,NEAR_FLIP,NEUTRAL,24.4,0.663,12.68,14.31,16.18,18.96,28959.78,703.0,-598.9700000000012,-2.0263712098786355,-5800950.8,8924539.7,44174213.16,4458170.87,2157899.33,48.267510999999985,13204.69,1080,,
2026-05-25T12:34:10 ET,2026-05-25T12:30:00 ET,2026-05-25,Mon,1234ET,2026-05-26,29558.75,717.54,29424.9,NEAR_FLIP,NEUTRAL,24.4,0.663,12.68,14.31,16.18,18.96,29000.98,704.0,-557.7700000000004,-1.886987778576565,-4753102.3,15271700.52,30020205.26,14340311.11,29837800.64,692.940357,12633.5,1780,,
2026-05-25T12:34:10 ET,2026-05-25T12:30:00 ET,2026-05-25,Mon,1234ET,2026-05-27,29558.75,717.54,29424.9,NEAR_FLIP,NEUTRAL,24.4,0.663,12.68,14.31,16.18,18.96,29000.98,704.0,-557.7700000000004,-1.886987778576565,-5634149.76,8104644.4399999995,40458578.86,3761602.29,-570395.0600000005,-13.720709,11840.41,912,,
2026-05-25T12:34:10 ET,2026-05-25T12:30:00 ET,2026-05-25,Mon,1234ET,2026-05-26,29558.75,717.54,29424.9,NEAR_FLIP,NEUTRAL,24.4,0.663,12.68,14.31,16.18,18.96,29042.17,705.0,-516.5800000000017,-1.7476381782044292,-8046812.059999999,41847218.34,47877145.16,36333982.75,88362828.01,2269.65195,34021.13,4410,,
2026-05-25T12:34:10 ET,2026-05-25T12:30:00 ET,2026-05-25,Mon,1234ET,2026-05-27,29558.75,717.54,29424.9,NEAR_FLIP,NEUTRAL,24.4,0.663,12.68,14.31,16.18,18.96,29042.17,705.0,-516.5800000000017,-1.7476381782044292,-1707150.5499999998,14963794.45,11494093.269999996,6415902.3100000005,30006309.65,774.6277090000001,21593.17,1569,,
2026-05-25T12:34:10 ET,2026-05-25T12:30:00 ET,2026-05-25,Mon,1234ET,2026-05-26,29558.75,717.54,29424.9,NEAR_FLIP,NEUTRAL,24.4,0.663,12.68,14.31,16.18,18.96,29083.36,706.0,-475.3899999999994,-1.608288577832281,-1717870.6499999994,15314188.39,9562936.579999998,12214318.34,31846134.450000003,902.952673,12241.68,1462,,
2026-05-25T12:34:10 ET,2026-05-25T12:30:00 ET,2026-05-25,Mon,1234ET,2026-05-27,29558.75,717.54,29424.9,NEAR_FLIP,NEUTRAL,24.4,0.663,12.68,14.31,16.18,18.96,29083.36,706.0,-475.3899999999994,-1.608288577832281,-1398806.85,5197026.93,8771981.39,2044709.35,6292738.18,173.915583,7410.17,509,,
2026-05-25T12:34:10 ET,2026-05-25T12:30:00 ET,2026-05-25,Mon,1234ET,2026-05-26,29558.75,717.54,29424.9,NEAR_FLIP,NEUTRAL,24.4,0.663,12.68,14.31,16.18,18.96,29124.56,707.0,-434.1899999999987,-1.4689051465302108,-6261730.909999999,16132894.169999998,32352706.1,11728583.05,14835909.940000001,463.09533999999996,12686.9,1399,,
2026-05-25T12:34:10 ET,2026-05-25T12:30:00 ET,2026-05-25,Mon,1234ET,2026-05-27,29558.75,717.54,29424.9,NEAR_FLIP,NEUTRAL,24.4,0.663,12.68,14.31,16.18,18.96,29124.56,707.0,-434.1899999999987,-1.4689051465302108,-1057299.67,6703497.93,6127674.159999998,2400917.77,9260683.92,273.23169500000006,9447.92,615,,
2026-05-25T12:34:10 ET,2026-05-25T12:30:00 ET,2026-05-25,Mon,1234ET,2026-05-26,29558.75,717.54,29424.9,NEAR_FLIP,NEUTRAL,24.4,0.663,12.68,14.31,16.18,18.96,29165.75,708.0,-393.0,-1.329555546158075,-2100068.290000001,18166855.810000002,9975299.050000004,11926580.86,27202985.4,931.5443769999999,14062.470000000001,1436,,
2026-05-25T12:34:10 ET,2026-05-25T12:30:00 ET,2026-05-25,Mon,1234ET,2026-05-27,29558.75,717.54,29424.9,NEAR_FLIP,NEUTRAL,24.4,0.663,12.68,14.31,16.18,18.96,29165.75,708.0,-393.0,-1.329555546158075,-1670236.17,13593866.63,8863645.89,4389782.5,17460116.990000002,548.1812709999999,18945.57,1172,,
2026-05-25T12:34:10 ET,2026-05-25T12:30:00 ET,2026-05-25,Mon,1234ET,2026-05-26,29558.75,717.54,29424.9,NEAR_FLIP,NEUTRAL,24.4,0.663,12.68,14.31,16.18,18.96,29206.95,709.0,-351.7999999999993,-1.1901721148560047,-4809019.27,17190861.97,20759362.749999996,10075467.809999999,14234843.559999999,532.4656829999999,13106.099999999999,1244,,
2026-05-25T12:34:10 ET,2026-05-25T12:30:00 ET,2026-05-25,Mon,1234ET,2026-05-27,29558.75,717.54,29424.9,NEAR_FLIP,NEUTRAL,24.4,0.663,12.68,14.31,16.18,18.96,29206.95,709.0,-351.7999999999993,-1.1901721148560047,-6849939.719999999,22984806.68,32914481.71,6613481.619999999,13255912.869999997,441.2684189999999,31689.010000000002,1869,,
2026-05-25T12:34:10 ET,2026-05-25T12:30:00 ET,2026-05-25,Mon,1234ET,2026-05-26,29558.75,717.54,29424.9,NEAR_FLIP,NEUTRAL,24.4,0.663,12.68,14.31,16.18,18.96,29248.14,710.0,-310.6100000000006,-1.050822514483869,-56237884.349999994,95972314.78999999,217494038.99,49500102.72,-8552213.840000004,-347.6300849999998,72107.85,6391,,
2026-05-25T12:34:10 ET,2026-05-25T12:30:00 ET,2026-05-25,Mon,1234ET,2026-05-27,29558.75,717.54,29424.9,NEAR_FLIP,NEUTRAL,24.4,0.663,12.68,14.31,16.18,18.96,29248.14,710.0,-310.6100000000006,-1.050822514483869,-2025938.5300000012,31298152.91,8692764.600000001,7905473.65,33330175.139999997,1171.6581359999998,42704.0,2410,,
2026-05-25T12:34:10 ET,2026-05-25T12:30:00 ET,2026-05-25,Mon,1234ET,2026-05-26,29558.75,717.54,29424.9,NEAR_FLIP,NEUTRAL,24.4,0.663,12.68,14.31,16.18,18.96,29289.34,711.0,-269.40999999999985,-0.9114390831817984,-1735513.0200000014,25805618.92,5904829.160000004,11497528.469999999,24325792.18,1068.0036649999997,19120.11,1591,,
2026-05-25T12:34:10 ET,2026-05-25T12:30:00 ET,2026-05-25,Mon,1234ET,2026-05-27,29558.75,717.54,29424.9,NEAR_FLIP,NEUTRAL,24.4,0.663,12.68,14.31,16.18,18.96,29289.34,711.0,-269.40999999999985,-0.9114390831817984,-4041524.4799999995,12179188.64,15213239.38,2648771.07,2234001.629999999,82.56550499999997,16452.59,892,,
2026-05-25T12:34:10 ET,2026-05-25T12:30:00 ET,2026-05-25,Mon,1234ET,2026-05-26,29558.75,717.54,29424.9,NEAR_FLIP,NEUTRAL,24.4,0.663,12.68,14.31,16.18,18.96,29330.53,712.0,-228.22000000000116,-0.7720894828096627,-8559715.040000001,28567179.060000002,25013114.590000004,10724144.34,7847658.32,369.569346,20886.86,1642,,
2026-05-25T12:34:10 ET,2026-05-25T12:30:00 ET,2026-05-25,Mon,1234ET,2026-05-27,29558.75,717.54,29424.9,NEAR_FLIP,NEUTRAL,24.4,0.663,12.68,14.31,16.18,18.96,29330.53,712.0,-228.22000000000116,-0.7720894828096627,2857243.8099999996,8714593.629999999,-9217636.700000001,1589760.13,14837193.23,573.760583,11660.529999999999,610,,
2026-05-25T12:34:10 ET,2026-05-25T12:30:00 ET,2026-05-25,Mon,1234ET,2026-05-26,29558.75,717.54,29424.9,NEAR_FLIP,NEUTRAL,24.4,0.663,12.68,14.31,16.18,18.96,29371.73,713.0,-187.02000000000044,-0.6327060515075923,3758734.3000000007,29718071.68,-9124554.330000002,9074316.74,28418706.65,1424.3330429999996,21456.440000000002,1605,,
2026-05-25T12:34:10 ET,2026-05-25T12:30:00 ET,2026-05-25,Mon,1234ET,2026-05-27,29558.75,717.54,29424.9,NEAR_FLIP,NEUTRAL,24.4,0.663,12.68,14.31,16.18,18.96,29371.73,713.0,-187.02000000000044,-0.6327060515075923,4238109.91,10989344.65,-11344372.57,1619949.83,18064856.53,727.149189,14571.09,739,,
2026-05-25T12:34:10 ET,2026-05-25T12:30:00 ET,2026-05-25,Mon,1234ET,2026-05-26,29558.75,717.54,29424.9,NEAR_FLIP,NEUTRAL,24.4,0.663,12.68,14.31,16.18,18.96,29412.92,714.0,-145.83000000000175,-0.4933564511354565,-18109383.53,46396748.53,34755998.870000005,10920926.2,-8012912.840000004,-423.71711100000016,33103.05,2375,,
2026-05-25T12:34:10 ET,2026-05-25T12:30:00 ET,2026-05-25,Mon,1234ET,2026-05-27,29558.75,717.54,29424.9,NEAR_FLIP,NEUTRAL,24.4,0.663,12.68,14.31,16.18,18.96,29412.92,714.0,-145.83000000000175,-0.4933564511354565,538755.4299999997,16239627.91,-1140494.9700000007,1826001.91,10289463.69,428.724205,21347.35,1055,,
2026-05-25T12:34:10 ET,2026-05-25T12:30:00 ET,2026-05-25,Mon,1234ET,2026-05-26,29558.75,717.54,29424.9,NEAR_FLIP,NEUTRAL,24.4,0.663,12.68,14.31,16.18,18.96,29454.12,715.0,-104.63000000000102,-0.35397301983338614,36789434.260000005,78356186.86,-51433544.39,12968303.28,95076414.34,5254.153646000001,55286.619999999995,3838,,
2026-05-25T12:34:10 ET,2026-05-25T12:30:00 ET,2026-05-25,Mon,1234ET,2026-05-27,29558.75,717.54,29424.9,NEAR_FLIP,NEUTRAL,24.4,0.663,12.68,14.31,16.18,18.96,29454.12,715.0,-104.63000000000102,-0.35397301983338614,6145894.640000001,20528555.3,-9508701.629999999,1591281.4500000002,22256362.299999997,954.2654920000001,26765.63,1296,,
2026-05-25T12:34:10 ET,2026-05-25T12:30:00 ET,2026-05-25,Mon,1234ET,2026-05-26,29558.75,717.54,29424.9,NEAR_FLIP,NEUTRAL,24.4,0.663,12.68,14.31,16.18,18.96,29495.31,716.0,-63.43999999999869,-0.214623419461238,7158747.499999998,40355063.3,-6192356.080000002,3862645.49,21880704.509999998,1250.720587,28180.18,1911,,
2026-05-25T12:34:10 ET,2026-05-25T12:30:00 ET,2026-05-25,Mon,1234ET,2026-05-27,29558.75,717.54,29424.9,NEAR_FLIP,NEUTRAL,24.4,0.663,12.68,14.31,16.18,18.96,29495.31,716.0,-63.43999999999869,-0.214623419461238,3596052.0,7516072.640000001,-3481747.57,320441.17000000004,9926967.02,435.262467,9724.529999999999,464,,
2026-05-25T12:34:10 ET,2026-05-25T12:30:00 ET,2026-05-25,Mon,1234ET,2026-05-26,29558.75,717.54,29424.9,NEAR_FLIP,NEUTRAL,24.4,0.663,12.68,14.31,16.18,18.96,29536.5,717.0,-22.25,-0.07527381908910222,11730461.25,27803137.43,-3767256.0700000003,723360.5900000001,22225917.54,1299.680519,19230.07,1287,,
2026-05-25T12:34:10 ET,2026-05-25T12:30:00 ET,2026-05-25,Mon,1234ET,2026-05-27,29558.75,717.54,29424.9,NEAR_FLIP,NEUTRAL,24.4,0.663,12.68,14.31,16.18,18.96,29536.5,717.0,-22.25,-0.07527381908910222,3538244.81,9001953.09,-1347356.5900000003,70187.61,8789933.99,391.55852500000003,11563.369999999999,547,,
2026-05-25T12:34:10 ET,2026-05-25T12:30:00 ET,2026-05-25,Mon,1234ET,2026-05-26,29558.75,717.54,29424.9,NEAR_FLIP,NEUTRAL,24.4,0.663,12.68,14.31,16.18,18.96,29577.7,718.0,18.950000000000728,0.06410961221296817,3276493.95,18741545.35,761296.4100000001,-817006.0,4613118.000000002,272.75600699999995,12849.45,858,,
2026-05-25T12:34:10 ET,2026-05-25T12:30:00 ET,2026-05-25,Mon,1234ET,2026-05-27,29558.75,717.54,29424.9,NEAR_FLIP,NEUTRAL,24.4,0.663,12.68,14.31,16.18,18.96,29577.7,718.0,18.950000000000728,0.06410961221296817,1909676.49,5430123.59,409245.11,-146592.13,4016213.6599999997,180.52627599999997,6928.55,327,,
2026-05-25T12:34:10 ET,2026-05-25T12:30:00 ET,2026-05-25,Mon,1234ET,2026-05-26,29558.75,717.54,29424.9,NEAR_FLIP,NEUTRAL,24.4,0.663,12.68,14.31,16.18,18.96,29618.89,719.0,60.13999999999942,0.20345921258510397,16210202.52,26202494.24,12875047.9,-2963899.07,21901810.560000002,1293.425135,17822.66,1201,,
2026-05-25T12:34:10 ET,2026-05-25T12:30:00 ET,2026-05-25,Mon,1234ET,2026-05-27,29558.75,717.54,29424.9,NEAR_FLIP,NEUTRAL,24.4,0.663,12.68,14.31,16.18,18.96,29618.89,719.0,60.13999999999942,0.20345921258510397,449228.7000000002,9167593.18,366685.8799999999,-566052.94,-498270.8499999996,-22.440414000000033,11624.99,551,,
2026-05-25T12:34:10 ET,2026-05-25T12:30:00 ET,2026-05-25,Mon,1234ET,2026-05-26,29558.75,717.54,29424.9,NEAR_FLIP,NEUTRAL,24.4,0.663,12.68,14.31,16.18,18.96,29660.09,720.0,101.34000000000015,0.34284264388717434,7379906.159999996,99682522.58,10060564.169999994,-18196879.759999998,-20191835.909999996,-1175.9644120000003,67323.36,4633,,
2026-05-25T12:34:10 ET,2026-05-25T12:30:00 ET,2026-05-25,Mon,1234ET,2026-05-27,29558.75,717.54,29424.9,NEAR_FLIP,NEUTRAL,24.4,0.663,12.68,14.31,16.18,18.96,29660.09,720.0,101.34000000000015,0.34284264388717434,25734369.04,33611899.36,36651015.690000005,-3241860.89,45645163.32,2044.746849,42379.58,2031,,
2026-05-25T12:34:10 ET,2026-05-25T12:30:00 ET,2026-05-25,Mon,1234ET,2026-05-26,29558.75,717.54,29424.9,NEAR_FLIP,NEUTRAL,24.4,0.663,12.68,14.31,16.18,18.96,29701.28,721.0,142.52999999999884,0.4821922442593101,12398128.37,16335371.85,24026326.87,-4114765.45,13425561.610000001,761.0768909999999,10963.900000000001,780,,
2026-05-25T12:34:10 ET,2026-05-25T12:30:00 ET,2026-05-25,Mon,1234ET,2026-05-27,29558.75,717.54,29424.9,NEAR_FLIP,NEUTRAL,24.4,0.663,12.68,14.31,16.18,18.96,29701.28,721.0,142.52999999999884,0.4821922442593101,7515934.32,10620341.98,15311809.44,-1392439.08,11750730.329999998,519.6987300000001,13321.51,650,,
2026-05-25T12:34:10 ET,2026-05-25T12:30:00 ET,2026-05-25,Mon,1234ET,2026-05-26,29558.75,717.54,29424.9,NEAR_FLIP,NEUTRAL,24.4,0.663,12.68,14.31,16.18,18.96,29742.48,722.0,183.72999999999956,0.6215756755613805,58857855.06,65053418.739999995,148132622.31,-20891849.29,63175266.85999999,3439.844779,43428.38,3234,,
2026-05-25T12:34:10 ET,2026-05-25T12:30:00 ET,2026-05-25,Mon,1234ET,2026-05-27,29558.75,717.54,29424.9,NEAR_FLIP,NEUTRAL,24.4,0.663,12.68,14.31,16.18,18.96,29742.48,722.0,183.72999999999956,0.6215756755613805,3906270.8899999997,6371704.149999999,10369001.27,-1055965.69,4935116.109999999,213.86098199999998,7955.179999999999,398,,
2026-05-25T12:34:10 ET,2026-05-25T12:30:00 ET,2026-05-25,Mon,1234ET,2026-05-26,29558.75,717.54,29424.9,NEAR_FLIP,NEUTRAL,24.4,0.663,12.68,14.31,16.18,18.96,29783.67,723.0,224.91999999999825,0.7609252759335163,16680339.98,29681473.540000003,51682233.44,-11585181.99,6948969.41,358.574083,19725.99,1557,,
2026-05-25T12:34:10 ET,2026-05-25T12:30:00 ET,2026-05-25,Mon,1234ET,2026-05-27,29558.75,717.54,29424.9,NEAR_FLIP,NEUTRAL,24.4,0.663,12.68,14.31,16.18,18.96,29783.67,723.0,224.91999999999825,0.7609252759335163,2319386.19,5743983.27,7595663.569999999,-1150521.15,982101.2300000004,41.38135500000001,7141.93,369,,
2026-05-25T12:34:10 ET,2026-05-25T12:30:00 ET,2026-05-25,Mon,1234ET,2026-05-26,29558.75,717.54,29424.9,NEAR_FLIP,NEUTRAL,24.4,0.663,12.68,14.31,16.18,18.96,29824.87,724.0,266.119999999999,0.9003087072355868,44065043.70999999,56543009.17,162211241.59,-25975662.159999996,30625551.490000002,1477.7171309999999,37442.799999999996,3172,,
2026-05-25T12:34:10 ET,2026-05-25T12:30:00 ET,2026-05-25,Mon,1234ET,2026-05-27,29558.75,717.54,29424.9,NEAR_FLIP,NEUTRAL,24.4,0.663,12.68,14.31,16.18,18.96,29824.87,724.0,266.119999999999,0.9003087072355868,29107357.88,33282716.74,113445783.04,-7815755.24,38539315.730000004,1566.80397,41234.62,2216,,
2026-05-25T12:34:10 ET,2026-05-25T12:30:00 ET,2026-05-25,Mon,1234ET,2026-05-26,29558.75,717.54,29424.9,NEAR_FLIP,NEUTRAL,24.4,0.663,12.68,14.31,16.18,18.96,29866.06,725.0,307.3100000000013,1.0396583076077348,47982584.480000004,60582742.08,204577517.06,-32011197.150000002,28356957.18,1262.607853,40009.479999999996,3683,,
2026-05-25T12:34:10 ET,2026-05-25T12:30:00 ET,2026-05-25,Mon,1234ET,2026-05-27,29558.75,717.54,29424.9,NEAR_FLIP,NEUTRAL,24.4,0.663,12.68,14.31,16.18,18.96,29866.06,725.0,307.3100000000013,1.0396583076077348,14595749.409999998,27739113.89,65992659.059999995,-7470545.210000001,5440590.329999998,211.771754,34261.75,1929,,
2026-05-25T12:34:10 ET,2026-05-25T12:30:00 ET,2026-05-25,Mon,1234ET,2026-05-26,29558.75,717.54,29424.9,NEAR_FLIP,NEUTRAL,24.4,0.663,12.68,14.31,16.18,18.96,29907.26,726.0,348.5099999999984,1.179041738909793,59936.45999999996,10938403.579999998,290333.6099999994,-6533417.55,-16583687.159999998,-672.6262790000001,7210.79,730,,
2026-05-25T12:34:10 ET,2026-05-25T12:30:00 ET,2026-05-25,Mon,1234ET,2026-05-27,29558.75,717.54,29424.9,NEAR_FLIP,NEUTRAL,24.4,0.663,12.68,14.31,16.18,18.96,29907.26,726.0,348.5099999999984,1.179041738909793,-806110.3599999999,5998007.6,-4147801.5599999987,-1821930.99,-10031515.41,-370.997247,7389.799999999999,439,,
2026-05-25T12:34:10 ET,2026-05-25T12:30:00 ET,2026-05-25,Mon,1234ET,2026-05-26,29558.75,717.54,29424.9,NEAR_FLIP,NEUTRAL,24.4,0.663,12.68,14.31,16.18,18.96,29948.45,727.0,389.7000000000007,1.3183913392819409,4690992.92,11727482.32,25429615.55,-7811765.4399999995,-9168297.36,-334.53062,7723.9400000000005,870,,
2026-05-25T12:34:10 ET,2026-05-25T12:30:00 ET,2026-05-25,Mon,1234ET,2026-05-27,29558.75,717.54,29424.9,NEAR_FLIP,NEUTRAL,24.4,0.663,12.68,14.31,16.18,18.96,29948.45,727.0,389.7000000000007,1.3183913392819409,-2125796.09,7459611.75,-12263187.670000002,-2522497.31,-17435307.810000002,-608.035492,9172.44,579,,
2026-05-25T12:34:10 ET,2026-05-25T12:30:00 ET,2026-05-25,Mon,1234ET,2026-05-26,29558.75,717.54,29424.9,NEAR_FLIP,NEUTRAL,24.4,0.663,12.68,14.31,16.18,18.96,29989.65,728.0,430.90000000000146,1.4577747705840114,11743049.61,17398885.75,70373701.02000001,-12785329.12,-3520318.6100000013,-114.18221,11459.13,1452,,
2026-05-25T12:34:10 ET,2026-05-25T12:30:00 ET,2026-05-25,Mon,1234ET,2026-05-27,29558.75,717.54,29424.9,NEAR_FLIP,NEUTRAL,24.4,0.663,12.68,14.31,16.18,18.96,29989.65,728.0,430.90000000000146,1.4577747705840114,-2303254.44,6933881.16,-14718360.719999999,-2582928.89,-19288462.77,-629.604491,8513.81,575,,
2026-05-25T12:34:10 ET,2026-05-25T12:30:00 ET,2026-05-25,Mon,1234ET,2026-05-26,29558.75,717.54,29424.9,NEAR_FLIP,NEUTRAL,24.4,0.663,12.68,14.31,16.18,18.96,30030.84,729.0,472.09000000000015,1.5971243709561471,2928064.99,7646673.3100000005,19202429.619999997,-6143928.36,-10476596.72,-298.688013,5040.65,726,,
2026-05-25T12:34:10 ET,2026-05-25T12:30:00 ET,2026-05-25,Mon,1234ET,2026-05-27,29558.75,717.54,29424.9,NEAR_FLIP,NEUTRAL,24.4,0.663,12.68,14.31,16.18,18.96,30030.84,729.0,472.09000000000015,1.5971243709561471,-1232623.89,4728793.49,-8639368.54,-1923764.8800000001,-13753834.37,-417.179865,5801.139999999999,422,,
2026-05-25T12:34:10 ET,2026-05-25T12:30:00 ET,2026-05-25,Mon,1234ET,2026-05-26,29558.75,717.54,29424.9,NEAR_FLIP,NEUTRAL,24.4,0.663,12.68,14.31,16.18,18.96,30072.03,730.0,513.2799999999988,1.7364739713282829,5707713.380000001,11791054.76,40611936.620000005,-10282171.059999999,-15600672.81,-386.88250299999993,7786.42,1287,,
2026-05-25T12:34:10 ET,2026-05-25T12:30:00 ET,2026-05-25,Mon,1234ET,2026-05-27,29558.75,717.54,29424.9,NEAR_FLIP,NEUTRAL,24.4,0.663,12.68,14.31,16.18,18.96,30072.03,730.0,513.2799999999988,1.7364739713282829,10515957.620000001,14424543.64,80171456.82000001,-6362479.75,1998188.17,55.927565000000016,17689.48,1395,,
2026-05-25T12:34:10 ET,2026-05-25T12:30:00 ET,2026-05-25,Mon,1234ET,2026-05-26,29558.75,717.54,29424.9,NEAR_FLIP,NEUTRAL,24.4,0.663,12.68,14.31,16.18,18.96,30113.23,731.0,554.4799999999996,1.8758574026303532,1357644.71,5083274.37,10403659.190000001,-4780814.22,-13544994.59,-289.399763,3365.75,644,,
2026-05-25T12:34:10 ET,2026-05-25T12:30:00 ET,2026-05-25,Mon,1234ET,2026-05-27,29558.75,717.54,29424.9,NEAR_FLIP,NEUTRAL,24.4,0.663,12.68,14.31,16.18,18.96,30113.23,731.0,554.4799999999996,1.8758574026303532,-995149.9199999999,5563361.92,-8193922.030000001,-2644330.2,-19073711.32,-489.323495,6823.9400000000005,587,,
2026-05-25T12:34:10 ET,2026-05-25T12:30:00 ET,2026-05-25,Mon,1234ET,2026-05-26,29558.75,717.54,29424.9,NEAR_FLIP,NEUTRAL,24.4,0.663,12.68,14.31,16.18,18.96,30154.42,732.0,595.6699999999983,2.015207003002489,242724.90000000014,2535126.76,1990335.8899999987,-2557638.57,-10576622.05,-193.028071,1684.48,376,,
2026-05-25T12:34:10 ET,2026-05-25T12:30:00 ET,2026-05-25,Mon,1234ET,2026-05-27,29558.75,717.54,29424.9,NEAR_FLIP,NEUTRAL,24.4,0.663,12.68,14.31,16.18,18.96,30154.42,732.0,595.6699999999983,2.015207003002489,-1467368.02,4954524.9399999995,-12968834.799999999,-2524295.5100000002,-21769823.25,-508.635515,6081.61,574,,
2026-05-25T12:34:10 ET,2026-05-25T12:30:00 ET,2026-05-25,Mon,1234ET,2026-05-26,29558.75,717.54,29424.9,NEAR_FLIP,NEUTRAL,24.4,0.663,12.68,14.31,16.18,18.96,30195.62,733.0,636.869999999999,2.1545904343045597,1943438.99,1943438.99,16956213.99,-2093423.53,1196654.75,18.514949,1297.01,340,,
2026-05-25T12:34:10 ET,2026-05-25T12:30:00 ET,2026-05-25,Mon,1234ET,2026-05-27,29558.75,717.54,29424.9,NEAR_FLIP,NEUTRAL,24.4,0.663,12.68,14.31,16.18,18.96,30195.62,733.0,636.869999999999,2.1545904343045597,539143.19,3852139.03,5087228.370000001,-2094143.6099999999,-11526575.86,-243.790624,4734.4400000000005,493,,
2026-05-25T12:34:10 ET,2026-05-25T12:30:00 ET,2026-05-25,Mon,1234ET,2026-05-26,29558.75,717.54,29424.9,NEAR_FLIP,NEUTRAL,24.4,0.663,12.68,14.31,16.18,18.96,30236.81,734.0,678.0600000000013,2.2939400346767074,8584758.95,8623277.21,79293168.77,-9876962.23,4840952.88,63.09127,5785.11,1791,,
2026-05-25T12:34:10 ET,2026-05-25T12:30:00 ET,2026-05-25,Mon,1234ET,2026-05-27,29558.75,717.54,29424.9,NEAR_FLIP,NEUTRAL,24.4,0.663,12.68,14.31,16.18,18.96,30236.81,734.0,678.0600000000013,2.2939400346767074,-400901.74,3790983.12,-4019344.9899999984,-2190153.1,-17883135.490000002,-340.461809,4667.66,539,,
2026-05-25T12:34:10 ET,2026-05-25T12:30:00 ET,2026-05-25,Mon,1234ET,2026-05-26,29558.75,717.54,29424.9,NEAR_FLIP,NEUTRAL,24.4,0.663,12.68,14.31,16.18,18.96,30278.01,735.0,719.2599999999984,2.433323465978766,2715036.41,2795720.99,26427781.88,-3392627.94,893130.56,9.752976999999998,1886.95,693,,
2026-05-25T12:34:10 ET,2026-05-25T12:30:00 ET,2026-05-25,Mon,1234ET,2026-05-27,29558.75,717.54,29424.9,NEAR_FLIP,NEUTRAL,24.4,0.663,12.68,14.31,16.18,18.96,30278.01,735.0,719.2599999999984,2.433323465978766,2090906.6,5063520.800000001,22178824.85,-3097759.83,-12414204.69,-211.62993699999998,6248.98,804,,
2026-05-25T12:34:10 ET,2026-05-25T12:30:00 ET,2026-05-25,Mon,1234ET,2026-05-26,29558.75,717.54,29424.9,NEAR_FLIP,NEUTRAL,24.4,0.663,12.68,14.31,16.18,18.96,30319.2,736.0,760.4500000000007,2.5726730663509136,743941.47,743941.47,7600065.02,-953395.0,416495.55,3.795059,505.57,221,,
2026-05-25T12:34:10 ET,2026-05-25T12:30:00 ET,2026-05-25,Mon,1234ET,2026-05-27,29558.75,717.54,29424.9,NEAR_FLIP,NEUTRAL,24.4,0.663,12.68,14.31,16.18,18.96,30319.2,736.0,760.4500000000007,2.5726730663509136,1487287.56,1487287.56,16627099.53,-960475.59,1286300.5,19.541287,1840.71,265,,
2026-05-25T12:34:10 ET,2026-05-25T12:30:00 ET,2026-05-25,Mon,1234ET,2026-05-26,29558.75,717.54,29424.9,NEAR_FLIP,NEUTRAL,24.4,0.663,12.68,14.31,16.18,18.96,30360.4,737.0,801.6500000000015,2.712056497652984,764542.28,764542.28,8166765.94,-1031749.26,417161.47,3.162312,523.56,273,,
2026-05-25T12:34:10 ET,2026-05-25T12:30:00 ET,2026-05-25,Mon,1234ET,2026-05-27,29558.75,717.54,29424.9,NEAR_FLIP,NEUTRAL,24.4,0.663,12.68,14.31,16.18,18.96,30360.4,737.0,801.6500000000015,2.712056497652984,995987.34,995987.34,11694461.03,-677030.33,836287.05,11.273035,1236.8,200,,
2026-05-25T12:34:10 ET,2026-05-25T12:30:00 ET,2026-05-25,Mon,1234ET,2026-05-26,29558.75,717.54,29424.9,NEAR_FLIP,NEUTRAL,24.4,0.663,12.68,14.31,16.18,18.96,30401.59,738.0,842.8400000000001,2.85140609802512,1613972.39,1613972.39,17965098.32,-2287593.57,860707.42,5.418185,1114.58,694,,
2026-05-25T12:34:10 ET,2026-05-25T12:30:00 ET,2026-05-25,Mon,1234ET,2026-05-27,29558.75,717.54,29424.9,NEAR_FLIP,NEUTRAL,24.4,0.663,12.68,14.31,16.18,18.96,30401.59,738.0,842.8400000000001,2.85140609802512,1853163.3299999998,1861966.95,22780610.14,-1328855.17,1449054.74,17.265455,2321.1099999999997,423,,
2026-05-25T12:34:10 ET,2026-05-25T12:30:00 ET,2026-05-25,Mon,1234ET,2026-05-26,29558.75,717.54,29424.9,NEAR_FLIP,NEUTRAL,24.4,0.663,12.68,14.31,16.18,18.96,30442.79,739.0,884.0400000000009,2.9907895293271904,225794.2,225794.2,2610756.39,-335339.08,118007.04,0.616448,157.36,117,,
2026-05-25T12:34:10 ET,2026-05-25T12:30:00 ET,2026-05-25,Mon,1234ET,2026-05-27,29558.75,717.54,29424.9,NEAR_FLIP,NEUTRAL,24.4,0.663,12.68,14.31,16.18,18.96,30442.79,739.0,884.0400000000009,2.9907895293271904,360638.29,360638.29,4627900.15,-269601.28,287079.21,3.013369,451.53,93,,
2026-05-25T12:34:10 ET,2026-05-25T12:30:00 ET,2026-05-25,Mon,1234ET,2026-05-26,29558.75,717.54,29424.9,NEAR_FLIP,NEUTRAL,24.4,0.663,12.68,14.31,16.18,18.96,30483.98,740.0,925.2299999999996,3.130139129699326,1044544.2,1044544.2,12509541.04,-1622025.94,536401.58,2.326114,735.19,652,,
2026-05-25T12:34:10 ET,2026-05-25T12:30:00 ET,2026-05-25,Mon,1234ET,2026-05-27,29558.75,717.54,29424.9,NEAR_FLIP,NEUTRAL,24.4,0.663,12.68,14.31,16.18,18.96,30483.98,740.0,925.2299999999996,3.130139129699326,2534479.69,2541292.81,33860742.94,-1985787.67,1903472.58,17.551901,3197.25,746,,
2026-05-25T12:34:10 ET,2026-05-25T12:30:00 ET,2026-05-25,Mon,1234ET,2026-05-26,29558.75,717.54,29424.9,NEAR_FLIP,NEUTRAL,24.4,0.663,12.68,14.31,16.18,18.96,30525.17,741.0,966.4199999999983,3.269488730071462,484776.72,484776.72,5997246.25,-785567.92,245221.85,0.884018,344.83,364,,
2026-05-25T12:34:10 ET,2026-05-25T12:30:00 ET,2026-05-25,Mon,1234ET,2026-05-27,29558.75,717.54,29424.9,NEAR_FLIP,NEUTRAL,24.4,0.663,12.68,14.31,16.18,18.96,30525.17,741.0,966.4199999999983,3.269488730071462,2197416.65,2197416.65,30488641.77,-1791351.84,1670669.24,13.501646,2779.37,736,,
2026-05-25T12:34:10 ET,2026-05-25T12:30:00 ET,2026-05-25,Mon,1234ET,2026-05-26,29558.75,717.54,29424.9,NEAR_FLIP,NEUTRAL,24.4,0.663,12.68,14.31,16.18,18.96,30566.37,742.0,1007.619999999999,3.408872161373532,220842.77,220842.77,2815186.23,-372784.68,110304.97,0.33135,158.86,199,,
2026-05-25T12:34:10 ET,2026-05-25T12:30:00 ET,2026-05-25,Mon,1234ET,2026-05-27,29558.75,717.54,29424.9,NEAR_FLIP,NEUTRAL,24.4,0.663,12.68,14.31,16.18,18.96,30566.37,742.0,1007.619999999999,3.408872161373532,130598.14,130598.14,1877501.62,-110873.39,97295.51,0.687894,166.15,50,,
2026-05-25T12:34:10 ET,2026-05-25T12:30:00 ET,2026-05-25,Mon,1234ET,2026-05-26,29558.75,717.54,29424.9,NEAR_FLIP,NEUTRAL,24.4,0.663,12.68,14.31,16.18,18.96,30607.56,743.0,1048.8100000000013,3.5482217617456806,227302.21,227302.21,2978755.8,-399020.61,112358.31,0.282166,165.46,245,,
2026-05-25T12:34:10 ET,2026-05-25T12:30:00 ET,2026-05-25,Mon,1234ET,2026-05-27,29558.75,717.54,29424.9,NEAR_FLIP,NEUTRAL,24.4,0.663,12.68,14.31,16.18,18.96,30607.56,743.0,1048.8100000000013,3.5482217617456806,650396.14,650396.14,9667345.93,-574093.37,475610.75,2.937964,832.62,285,,
2026-05-25T12:34:10 ET,2026-05-25T12:30:00 ET,2026-05-25,Mon,1234ET,2026-05-26,29558.75,717.54,29424.9,NEAR_FLIP,NEUTRAL,24.4,0.663,12.68,14.31,16.18,18.96,30648.76,744.0,1090.0099999999984,3.6876051930477383,33487.83,33487.83,450180.92,-61042.78,16418.33,0.034611,24.68,43,,
2026-05-25T12:34:10 ET,2026-05-25T12:30:00 ET,2026-05-25,Mon,1234ET,2026-05-27,29558.75,717.54,29424.9,NEAR_FLIP,NEUTRAL,24.4,0.663,12.68,14.31,16.18,18.96,30648.76,744.0,1090.0099999999984,3.6876051930477383,272941.79,272941.79,4186151.73,-250112.35,196236.57,1.058257,351.76,137,,
2026-05-25T12:34:10 ET,2026-05-25T12:30:00 ET,2026-05-25,Mon,1234ET,2026-05-26,29558.75,717.54,29424.9,NEAR_FLIP,NEUTRAL,24.4,0.663,12.68,14.31,16.18,18.96,30689.95,745.0,1131.2000000000007,3.8269547934198864,131378.24,131378.24,1808072.53,-248321.3,64019.54,0.113833,98.11,200,,
2026-05-25T12:34:10 ET,2026-05-25T12:30:00 ET,2026-05-25,Mon,1234ET,2026-05-27,29558.75,717.54,29424.9,NEAR_FLIP,NEUTRAL,24.4,0.663,12.68,14.31,16.18,18.96,30689.95,745.0,1131.2000000000007,3.8269547934198864,982371.87,982371.87,15517485.92,-933245.36,695534.3,3.273465,1275.14,565,,
2026-05-25T12:34:10 ET,2026-05-25T12:30:00 ET,2026-05-25,Mon,1234ET,2026-05-26,29558.75,717.54,29424.9,NEAR_FLIP,NEUTRAL,24.4,0.663,12.68,14.31,16.18,18.96,30731.15,746.0,1172.4000000000015,3.966338224721957,33426.99,33426.99,470069.68,-65427.82,16221.76,0.024463,25.3,60,,
2026-05-25T12:34:10 ET,2026-05-25T12:30:00 ET,2026-05-25,Mon,1234ET,2026-05-27,29558.75,717.54,29424.9,NEAR_FLIP,NEUTRAL,24.4,0.663,12.68,14.31,16.18,18.96,30731.15,746.0,1172.4000000000015,3.966338224721957,295941.92,295941.92,4806039.12,-291084.07,206660.1,0.848966,387.06,195,,
2026-05-25T12:34:10 ET,2026-05-25T12:30:00 ET,2026-05-25,Mon,1234ET,2026-05-26,29558.75,717.54,29424.9,NEAR_FLIP,NEUTRAL,24.4,0.663,12.68,14.31,16.18,18.96,30772.34,747.0,1213.5900000000001,4.105687825094092,28521.64,28521.64,409113.76,-57741.03,13810.49,0.01777,21.9,60,,
2026-05-25T12:34:10 ET,2026-05-25T12:30:00 ET,2026-05-25,Mon,1234ET,2026-05-27,29558.75,717.54,29424.9,NEAR_FLIP,NEUTRAL,24.4,0.663,12.68,14.31,16.18,18.96,30772.34,747.0,1213.5900000000001,4.105687825094092,67600.48,67600.48,1126798.47,-68758.99,46629.48,0.167302,89.12,51,,
2026-05-25T12:34:10 ET,2026-05-25T12:30:00 ET,2026-05-25,Mon,1234ET,2026-05-26,29558.75,717.54,29424.9,NEAR_FLIP,NEUTRAL,24.4,0.663,12.68,14.31,16.18,18.96,30895.93,750.0,1337.1800000000003,4.5238042880703695,364141.73,364141.73,5490481.92,-810352.37,176985.9,0.147339,292.57,1184,,
2026-05-25T12:34:10 ET,2026-05-25T12:30:00 ET,2026-05-25,Mon,1234ET,2026-05-27,29558.75,717.54,29424.9,NEAR_FLIP,NEUTRAL,24.4,0.663,12.68,14.31,16.18,18.96,30895.93,750.0,1337.1800000000003,4.5238042880703695,330205.67,330205.67,5898046.08,-369022.11,221402.7,0.533403,446.94,371,,
2026-05-25T12:34:10 ET,2026-05-25T12:30:00 ET,2026-05-25,Mon,1234ET,2026-05-26,29558.75,717.54,29424.9,NEAR_FLIP,NEUTRAL,24.4,0.663,12.68,14.31,16.18,18.96,31101.9,755.0,1543.1500000000015,5.22061995179093,33043.0,34081.0,527287.56,-87202.27,-198092.09,-0.09276300000000001,29.77,197,,
2026-05-25T12:34:10 ET,2026-05-25T12:30:00 ET,2026-05-25,Mon,1234ET,2026-05-27,29558.75,717.54,29424.9,NEAR_FLIP,NEUTRAL,24.4,0.663,12.68,14.31,16.18,18.96,31101.9,755.0,1543.1500000000015,5.22061995179093,139376.96,139376.96,2723083.04,-178975.94,91448.67,0.118969,198.51,290,,
2026-05-25T12:34:10 ET,2026-05-25T12:30:00 ET,2026-05-25,Mon,1234ET,2026-05-26,29558.75,717.54,29424.9,NEAR_FLIP,NEUTRAL,24.4,0.663,12.68,14.31,16.18,18.96,31307.87,760.0,1749.119999999999,5.917435615511478,42262.98,42262.98,695873.1,-122144.4,22714.07,0.007238,40.44,359,,
2026-05-25T12:34:10 ET,2026-05-25T12:30:00 ET,2026-05-25,Mon,1234ET,2026-05-27,29558.75,717.54,29424.9,NEAR_FLIP,NEUTRAL,24.4,0.663,12.68,14.31,16.18,18.96,31307.87,760.0,1749.119999999999,5.917435615511478,58919.69,58919.69,1227410.98,-85416.17,38868.88,0.029803,88.97,208,,
2026-05-25T12:34:10 ET,2026-05-25T12:30:00 ET,2026-05-25,Mon,1234ET,2026-05-26,29558.75,717.54,29424.9,NEAR_FLIP,NEUTRAL,24.4,0.663,12.68,14.31,16.18,18.96,31513.84,765.0,1955.0900000000001,6.614251279232039,19919.33,19919.33,332150.08,-64135.06,11660.68,0.002994,20.98,210,,
2026-05-25T12:34:10 ET,2026-05-25T12:30:00 ET,2026-05-25,Mon,1234ET,2026-05-27,29558.75,717.54,29424.9,NEAR_FLIP,NEUTRAL,24.4,0.663,12.68,14.31,16.18,18.96,31513.84,765.0,1955.0900000000001,6.614251279232039,109729.09,109729.09,2389258.01,-177141.68,74398.46,0.037327,176.71,592,,
2026-05-25T12:34:10 ET,2026-05-25T12:30:00 ET,2026-05-25,Mon,1234ET,2026-05-26,29558.75,717.54,29424.9,NEAR_FLIP,NEUTRAL,24.4,0.663,12.68,14.31,16.18,18.96,31719.82,770.0,2161.0699999999997,7.311100773882521,10843.84,10843.84,180628.08,-38470.46,7015.16,0.001661,12.6,124,,
2026-05-25T12:34:10 ET,2026-05-25T12:30:00 ET,2026-05-25,Mon,1234ET,2026-05-27,29558.75,717.54,29424.9,NEAR_FLIP,NEUTRAL,24.4,0.663,12.68,14.31,16.18,18.96,31719.82,770.0,2161.0699999999997,7.311100773882521,57780.47,57780.47,1294618.53,-102739.18,40975.3,0.014973,99.68,428,,
2026-05-25T12:34:10 ET,2026-05-25T12:30:00 ET,2026-05-25,Mon,1234ET,2026-05-26,29558.75,717.54,29424.9,NEAR_FLIP,NEUTRAL,24.4,0.663,12.68,14.31,16.18,18.96,31925.79,775.0,2367.040000000001,8.00791643760308,37200.59,37200.59,612864.04,-144115.56,26852.05,0.006469,47.75,418,,
2026-05-25T12:34:10 ET,2026-05-25T12:30:00 ET,2026-05-25,Mon,1234ET,2026-05-27,29558.75,717.54,29424.9,NEAR_FLIP,NEUTRAL,24.4,0.663,12.68,14.31,16.18,18.96,31925.79,775.0,2367.040000000001,8.00791643760308,11081.06,11081.06,252357.54,-21507.9,8332.07,0.00245,20.54,102,,
2026-05-25T12:34:10 ET,2026-05-25T12:30:00 ET,2026-05-25,Mon,1234ET,2026-05-26,29558.75,717.54,29424.9,NEAR_FLIP,NEUTRAL,24.4,0.663,12.68,14.31,16.18,18.96,32131.76,780.0,2573.0099999999984,8.70473210132363,2227.52,2227.52,36035.35,-9353.04,1804.61,0.000473,3.16,23,,
2026-05-25T12:34:10 ET,2026-05-25T12:30:00 ET,2026-05-25,Mon,1234ET,2026-05-27,29558.75,717.54,29424.9,NEAR_FLIP,NEUTRAL,24.4,0.663,12.68,14.31,16.18,18.96,32131.76,780.0,2573.0099999999984,8.70473210132363,3622.41,3622.41,83043.23,-7617.88,2918.31,0.000753,7.23,38,,
2026-05-25T12:34:10 ET,2026-05-25T12:30:00 ET,2026-05-25,Mon,1234ET,2026-05-26,29558.75,717.54,29424.9,NEAR_FLIP,NEUTRAL,24.4,0.663,12.68,14.31,16.18,18.96,32337.74,785.0,2778.9900000000016,9.401581595974125,2966.63,2966.63,46886.25,-13416.0,2705.98,0.000805,4.64,27,,
2026-05-25T12:34:10 ET,2026-05-25T12:30:00 ET,2026-05-25,Mon,1234ET,2026-05-27,29558.75,717.54,29424.9,NEAR_FLIP,NEUTRAL,24.4,0.663,12.68,14.31,16.18,18.96,32337.74,785.0,2778.9900000000016,9.401581595974125,7633.92,7633.92,174835.82,-17284.8,6640.8,0.001614,16.44,85,,
2026-05-25T12:34:10 ET,2026-05-25T12:30:00 ET,2026-05-25,Mon,1234ET,AGGREGATE,29558.75,717.54,29424.9,NEAR_FLIP,NEUTRAL,24.4,0.663,12.68,14.31,16.18,18.96,26776.47,650.0,-2782.279999999999,-9.412711971920325,-1174011.9,1347148.76,13596013.84,5575190.42,5277761.28,10.947624000000001,3953.11,1766,,
2026-05-25T12:34:10 ET,2026-05-25T12:30:00 ET,2026-05-25,Mon,1234ET,AGGREGATE,29558.75,717.54,29424.9,NEAR_FLIP,NEUTRAL,24.4,0.663,12.68,14.31,16.18,18.96,26982.44,655.0,-2576.3100000000013,-8.715896308199776,-1350558.8599999999,1515274.38,15111940.63,6163326.0,4678419.68,9.870692000000002,3879.1400000000003,1914,,
2026-05-25T12:34:10 ET,2026-05-25T12:30:00 ET,2026-05-25,Mon,1234ET,AGGREGATE,29558.75,717.54,29424.9,NEAR_FLIP,NEUTRAL,24.4,0.663,12.68,14.31,16.18,18.96,27188.41,660.0,-2370.34,-8.019080644479216,-2059709.05,2181497.49,23991419.910000004,7902662.7700000005,1643461.53,3.648215,5145.43,2647,,
2026-05-25T12:34:10 ET,2026-05-25T12:30:00 ET,2026-05-25,Mon,1234ET,AGGREGATE,29558.75,717.54,29424.9,NEAR_FLIP,NEUTRAL,24.4,0.663,12.68,14.31,16.18,18.96,27394.39,665.0,-2164.3600000000006,-7.322231149828733,-1699029.42,1881469.48,19859791.22,6257225.090000001,4560891.87,10.971195999999999,3981.54,2138,7.447171279404412,PUT WALL + VOL SENSITIVE
2026-05-25T12:34:10 ET,2026-05-25T12:30:00 ET,2026-05-25,Mon,1234ET,AGGREGATE,29558.75,717.54,29424.9,NEAR_FLIP,NEUTRAL,24.4,0.663,12.68,14.31,16.18,18.96,27600.36,670.0,-1958.3899999999994,-6.625415486108173,-8785608.66,9186535.58,99044257.66,29375378.95,2323311.91,6.971442,16647.15,9603,36.47092521007258,PUT WALL + VOL SENSITIVE
2026-05-25T12:34:10 ET,2026-05-25T12:30:00 ET,2026-05-25,Mon,1234ET,AGGREGATE,29558.75,717.54,29424.9,NEAR_FLIP,NEUTRAL,24.4,0.663,12.68,14.31,16.18,18.96,27641.55,671.0,-1917.2000000000007,-6.4860658857360365,-107046.94,205414.40000000002,1163714.82,681963.83,3392430.85,8.855720999999999,345.24,213,0.3377237800084779,PUT WALL + VOL SENSITIVE
2026-05-25T12:34:10 ET,2026-05-25T12:30:00 ET,2026-05-25,Mon,1234ET,AGGREGATE,29558.75,717.54,29424.9,NEAR_FLIP,NEUTRAL,24.4,0.663,12.68,14.31,16.18,18.96,27682.75,672.0,-1876.0,-6.346682454433966,-365137.32,515139.68,3970262.96,1672459.23,4798458.56,12.81793,846.58,522,1.4910584438556034,PUT WALL + VOL SENSITIVE
2026-05-25T12:34:10 ET,2026-05-25T12:30:00 ET,2026-05-25,Mon,1234ET,AGGREGATE,29558.75,717.54,29424.9,NEAR_FLIP,NEUTRAL,24.4,0.663,12.68,14.31,16.18,18.96,27723.94,673.0,-1834.8100000000013,-6.20733285406183,-478581.62,563572.86,5202601.8100000005,1788412.69,2312894.6799999997,6.334501,905.5699999999999,557,1.7416551315585997,PUT WALL + VOL SENSITIVE
2026-05-25T12:34:10 ET,2026-05-25T12:30:00 ET,2026-05-25,Mon,1234ET,AGGREGATE,29558.75,717.54,29424.9,NEAR_FLIP,NEUTRAL,24.4,0.663,12.68,14.31,16.18,18.96,27765.14,674.0,-1793.6100000000006,-6.06794942275976,-355506.01999999996,426191.42,3861995.1099999994,1321256.1500000001,1921103.8899999997,5.405468,669.55,410,1.1948964163802152,PUT WALL + VOL SENSITIVE
2026-05-25T12:34:10 ET,2026-05-25T12:30:00 ET,2026-05-25,Mon,1234ET,AGGREGATE,29558.75,717.54,29424.9,NEAR_FLIP,NEUTRAL,24.4,0.663,12.68,14.31,16.18,18.96,27806.33,675.0,-1752.4199999999983,-5.9285998223876115,-4433462.82,4797263.76,60994296.45999999,8677882.94,4594832.949999999,14.201833999999998,10365.1,3868,16.213093423843993,PUT WALL + VOL SENSITIVE
2026-05-25T12:34:10 ET,2026-05-25T12:30:00 ET,2026-05-25,Mon,1234ET,AGGREGATE,29558.75,717.54,29424.9,NEAR_FLIP,NEUTRAL,24.4,0.663,12.68,14.31,16.18,18.96,27847.53,676.0,-1711.2200000000012,-5.789216391085554,-833746.27,876439.7699999999,10157498.83,2087118.5899999999,220509.15999999986,0.650318,1577.6399999999999,738,2.757651150291971,PUT WALL + VOL SENSITIVE
2026-05-25T12:34:10 ET,2026-05-25T12:30:00 ET,2026-05-25,Mon,1234ET,AGGREGATE,29558.75,717.54,29424.9,NEAR_FLIP,NEUTRAL,24.4,0.663,12.68,14.31,16.18,18.96,27888.72,677.0,-1670.0299999999988,-5.649866790713406,-601387.6299999999,912590.59,8038231.510000001,1663247.62,7322394.84,26.049808000000002,1851.65,687,2.2890773466694987,PUT WALL + VOL SENSITIVE
2026-05-25T12:34:10 ET,2026-05-25T12:30:00 ET,2026-05-25,Mon,1234ET,AGGREGATE,29558.75,717.54,29424.9,NEAR_FLIP,NEUTRAL,24.4,0.663,12.68,14.31,16.18,18.96,27929.92,678.0,-1628.8300000000017,-5.510483359411348,-850432.8599999999,914431.06,11091684.08,1703115.48,599887.0199999999,1.9844160000000004,1778.6999999999998,668,2.651216348194895,PUT WALL + VOL SENSITIVE
2026-05-25T12:34:10 ET,2026-05-25T12:30:00 ET,2026-05-25,Mon,1234ET,AGGREGATE,29558.75,717.54,29424.9,NEAR_FLIP,NEUTRAL,24.4,0.663,12.68,14.31,16.18,18.96,27971.11,679.0,-1587.6399999999994,-5.3711337590392,-624574.34,756727.1,7760661.58,1582110.17,2769173.39,9.468473,1329.5700000000002,554,2.0127803525939942,PUT WALL + VOL SENSITIVE
2026-05-25T12:34:10 ET,2026-05-25T12:30:00 ET,2026-05-25,Mon,1234ET,AGGREGATE,29558.75,717.54,29424.9,NEAR_FLIP,NEUTRAL,24.4,0.663,12.68,14.31,16.18,18.96,28012.31,680.0,-1546.4399999999987,-5.23175032773713,-5317701.2,5879315.0,62909387.919999994,12759839.77,7425654.720000001,28.597506000000003,9683.59,4212,18.431274054845243,PUT WALL + VOL SENSITIVE
2026-05-25T12:34:10 ET,2026-05-25T12:30:00 ET,2026-05-25,Mon,1234ET,AGGREGATE,29558.75,717.54,29424.9,NEAR_FLIP,NEUTRAL,24.4,0.663,12.68,14.31,16.18,18.96,28053.5,681.0,-1505.25,-5.092400727364994,-1231109.51,1323438.8900000001,15948349.02,2125457.77,426782.94999999995,1.9059840000000001,2517.86,818,3.660777589298561,PUT WALL + VOL SENSITIVE
2026-05-25T12:34:10 ET,2026-05-25T12:30:00 ET,2026-05-25,Mon,1234ET,AGGREGATE,29558.75,717.54,29424.9,NEAR_FLIP,NEUTRAL,24.4,0.663,12.68,14.31,16.18,18.96,28094.7,682.0,-1464.0499999999993,-4.9530172960629235,-4499867.0600000005,4685182.9399999995,55417283.53,8418839.49,-994715.1799999997,-6.2409490000000005,8108.22,2889,14.045519089649353,PUT WALL + VOL SENSITIVE
2026-05-25T12:34:10 ET,2026-05-25T12:30:00 ET,2026-05-25,Mon,1234ET,AGGREGATE,29558.75,717.54,29424.9,NEAR_FLIP,NEUTRAL,24.4,0.663,12.68,14.31,16.18,18.96,28135.89,683.0,-1422.8600000000006,-4.813667695690787,-2601803.63,2702818.8899999997,29146360.050000004,5798839.85,-661657.78,-2.7571580000000004,3945.2599999999998,1720,7.995806351843925,PUT WALL + VOL SENSITIVE
2026-05-25T12:34:10 ET,2026-05-25T12:30:00 ET,2026-05-25,Mon,1234ET,AGGREGATE,29558.75,717.54,29424.9,NEAR_FLIP,NEUTRAL,24.4,0.663,12.68,14.31,16.18,18.96,28177.08,684.0,-1381.6699999999983,-4.67431809531864,-2367438.38,2474407.34,26467924.01,5085566.16,-319833.9199999999,-1.7486840000000003,3577.87,1482,7.055480218731967,PUT WALL + VOL SENSITIVE
2026-05-25T12:34:10 ET,2026-05-25T12:30:00 ET,2026-05-25,Mon,1234ET,AGGREGATE,29558.75,717.54,29424.9,NEAR_FLIP,NEUTRAL,24.4,0.663,12.68,14.31,16.18,18.96,28218.28,685.0,-1340.4700000000012,-4.534934664016581,-12788574.16,13993016.04,135698791.17,29889048.11,7947161.05,49.825121,18571.66,8168,39.89798945084011,PUT WALL + VOL SENSITIVE
2026-05-25T12:34:10 ET,2026-05-25T12:30:00 ET,2026-05-25,Mon,1234ET,AGGREGATE,29558.75,717.54,29424.9,NEAR_FLIP,NEUTRAL,24.4,0.663,12.68,14.31,16.18,18.96,28259.47,686.0,-1299.2799999999988,-4.395585063644433,-1816697.94,2052913.2799999998,20109370.729999997,3695584.04,1563513.2599999998,11.162665,3019.52,1058,5.146913817077743,PUT WALL + VOL SENSITIVE
2026-05-25T12:34:10 ET,2026-05-25T12:30:00 ET,2026-05-25,Mon,1234ET,AGGREGATE,29558.75,717.54,29424.9,NEAR_FLIP,NEUTRAL,24.4,0.663,12.68,14.31,16.18,18.96,28300.67,687.0,-1258.0800000000017,-4.256201632342375,-2057714.12,2141306.9,22842067.12,3746210.65,-726981.73,-4.8084039999999995,3077.69,1037,5.501003664944144,PUT WALL + VOL SENSITIVE
2026-05-25T12:34:10 ET,2026-05-25T12:30:00 ET,2026-05-25,Mon,1234ET,AGGREGATE,29558.75,717.54,29424.9,NEAR_FLIP,NEUTRAL,24.4,0.663,12.68,14.31,16.18,18.96,28341.86,688.0,-1216.8899999999994,-4.116852031970226,-2223513.36,2384943.94,24653624.27,3907124.4,234212.54000000004,0.006228999999999374,3446.24,1065,5.83702178765012,PUT WALL + VOL SENSITIVE
2026-05-25T12:34:10 ET,2026-05-25T12:30:00 ET,2026-05-25,Mon,1234ET,AGGREGATE,29558.75,717.54,29424.9,NEAR_FLIP,NEUTRAL,24.4,0.663,12.68,14.31,16.18,18.96,28383.06,689.0,-1175.6899999999987,-3.977468600668156,-4150132.8600000003,4429318.5,46615820.339999996,6231290.42,-1190526.8699999999,-6.694072000000002,6814.83,1755,10.630453833935206,PUT WALL + VOL SENSITIVE
2026-05-25T12:34:10 ET,2026-05-25T12:30:00 ET,2026-05-25,Mon,1234ET,AGGREGATE,29558.75,717.54,29424.9,NEAR_FLIP,NEUTRAL,24.4,0.663,12.68,14.31,16.18,18.96,28424.25,690.0,-1134.5,-3.8381190002960204,-19014106.52,20141235.34,207002524.62,28780902.689999998,-7019980.25,-48.84167,29396.89,7586,48.68503139501033,PUT WALL + VOL SENSITIVE
2026-05-25T12:34:10 ET,2026-05-25T12:30:00 ET,2026-05-25,Mon,1234ET,AGGREGATE,29558.75,717.54,29424.9,NEAR_FLIP,NEUTRAL,24.4,0.663,12.68,14.31,16.18,18.96,28465.45,691.0,-1093.2999999999993,-3.6987355689939503,-1114967.46,1596744.7,11612628.19,2264001.28,4084740.0700000003,33.644431000000004,2239.37,565,2.855260672308482,PUT WALL + VOL SENSITIVE
2026-05-25T12:34:10 ET,2026-05-25T12:30:00 ET,2026-05-25,Mon,1234ET,AGGREGATE,29558.75,717.54,29424.9,NEAR_FLIP,NEUTRAL,24.4,0.663,12.68,14.31,16.18,18.96,28506.64,692.0,-1052.1100000000006,-3.5593859686218146,-1432105.1600000001,1699615.2399999998,14488312.97,2424237.51,1147427.88,11.491763000000002,2259.36,567,3.2968609045618047,PUT WALL + VOL SENSITIVE
2026-05-25T12:34:10 ET,2026-05-25T12:30:00 ET,2026-05-25,Mon,1234ET,AGGREGATE,29558.75,717.54,29424.9,NEAR_FLIP,NEUTRAL,24.4,0.663,12.68,14.31,16.18,18.96,28547.84,693.0,-1010.9099999999999,-3.420002537319744,-2752800.5200000005,3334319.0600000005,26519476.970000003,4957434.49,2784850.6100000003,28.089548999999998,4044.45,1062,6.574581307176406,PUT WALL + VOL SENSITIVE
2026-05-25T12:34:10 ET,2026-05-25T12:30:00 ET,2026-05-25,Mon,1234ET,AGGREGATE,29558.75,717.54,29424.9,NEAR_FLIP,NEUTRAL,24.4,0.663,12.68,14.31,16.18,18.96,28589.03,694.0,-969.7200000000012,-3.2806529369476083,-5173427.04,5478115.34,52391357.61,6409635.42,-2770504.9,-29.996688999999996,7653.4,1486,11.326667911303897,PUT WALL + VOL SENSITIVE
2026-05-25T12:34:10 ET,2026-05-25T12:30:00 ET,2026-05-25,Mon,1234ET,AGGREGATE,29558.75,717.54,29424.9,NEAR_FLIP,NEUTRAL,24.4,0.663,12.68,14.31,16.18,18.96,28630.22,695.0,-928.5299999999988,-3.14130333657546,-11324024.25,14858825.55,111385656.12,16806084.47,16228657.040000001,169.227407,20260.52,3723,26.5186939571399,PUT WALL + VOL SENSITIVE
2026-05-25T12:34:10 ET,2026-05-25T12:30:00 ET,2026-05-25,Mon,1234ET,AGGREGATE,29558.75,717.54,29424.9,NEAR_FLIP,NEUTRAL,24.4,0.663,12.68,14.31,16.18,18.96,28671.42,696.0,-887.3300000000017,-3.001919905273402,-3021360.0900000003,4881228.45,27775908.3,6331976.17,11994635.350000001,127.15889800000001,5613.73,1197,7.553172025852861,PUT WALL + VOL SENSITIVE
2026-05-25T12:34:10 ET,2026-05-25T12:30:00 ET,2026-05-25,Mon,1234ET,AGGREGATE,29558.75,717.54,29424.9,NEAR_FLIP,NEUTRAL,24.4,0.663,12.68,14.31,16.18,18.96,28712.61,697.0,-846.1399999999994,-2.862570304901254,-2063752.6099999999,4967508.99,17105205.03,5566604.85,15824247.479999999,217.184573,6132.43,1077,5.8004580441278835,PUT WALL + VOL SENSITIVE
2026-05-25T12:34:10 ET,2026-05-25T12:30:00 ET,2026-05-25,Mon,1234ET,AGGREGATE,29558.75,717.54,29424.9,NEAR_FLIP,NEUTRAL,24.4,0.663,12.68,14.31,16.18,18.96,28753.81,698.0,-804.9399999999987,-2.7231868735991838,-6439612.96,8068417.08,54616646.16,9503315.27,3727662.4999999995,52.40657,8921.98,1648,13.210174176340638,PUT WALL + VOL SENSITIVE
2026-05-25T12:34:10 ET,2026-05-25T12:30:00 ET,2026-05-25,Mon,1234ET,AGGREGATE,29558.75,717.54,29424.9,NEAR_FLIP,NEUTRAL,24.4,0.663,12.68,14.31,16.18,18.96,28795.0,699.0,-763.75,-2.583837273227048,-3193790.13,4433034.35,27351173.65,4142129.4000000004,3027626.9800000004,46.93759099999999,5623.530000000001,787,6.234729329812028,PUT WALL + VOL SENSITIVE
2026-05-25T12:34:10 ET,2026-05-25T12:30:00 ET,2026-05-25,Mon,1234ET,AGGREGATE,29558.75,717.54,29424.9,NEAR_FLIP,NEUTRAL,24.4,0.663,12.68,14.31,16.18,18.96,28836.2,700.0,-722.5499999999993,-2.4444538419249775,-25265865.0,47156887.22,207193194.11999997,46935532.230000004,85626666.77000001,1337.9068220000001,53304.84,7863,58.70940120967638,PUT WALL + VOL SENSITIVE
2026-05-25T12:34:10 ET,2026-05-25T12:30:00 ET,2026-05-25,Mon,1234ET,AGGREGATE,29558.75,717.54,29424.9,NEAR_FLIP,NEUTRAL,24.4,0.663,12.68,14.31,16.18,18.96,28877.39,701.0,-681.3600000000006,-2.3051042415528418,-2462248.65,6805058.109999999,19216499.18,5775335.82,15791008.3,287.273202,8236.73,1015,6.259835525496875,PUT WALL + VOL SENSITIVE
2026-05-25T12:34:10 ET,2026-05-25T12:30:00 ET,2026-05-25,Mon,1234ET,AGGREGATE,29558.75,717.54,29424.9,NEAR_FLIP,NEUTRAL,24.4,0.663,12.68,14.31,16.18,18.96,28918.59,702.0,-640.1599999999999,-2.1657208102507712,-12091164.620000001,25300965.98,81499164.09,23836567.62,38377293.410000004,792.4472759999999,25823.640000000003,3537,26.356904323475298,PUT WALL + VOL SENSITIVE
2026-05-25T12:34:10 ET,2026-05-25T12:30:00 ET,2026-05-25,Mon,1234ET,AGGREGATE,29558.75,717.54,29424.9,NEAR_FLIP,NEUTRAL,24.4,0.663,12.68,14.31,16.18,18.96,28959.78,703.0,-598.9700000000012,-2.0263712098786355,-7296258.5600000005,15037481.8,54140445.56999999,10631374.73,17957150.22,379.605647,18352.800000000003,1869,14.708259776460636,PUT WALL + VOL SENSITIVE
2026-05-25T12:34:10 ET,2026-05-25T12:30:00 ET,2026-05-25,Mon,1234ET,AGGREGATE,29558.75,717.54,29424.9,NEAR_FLIP,NEUTRAL,24.4,0.663,12.68,14.31,16.18,18.96,29000.98,704.0,-557.7700000000004,-1.886987778576565,-10387252.059999999,23376344.96,70478784.12,18101913.4,29267405.580000002,679.219648,24473.91,2692,21.467418246869627,PUT WALL + VOL SENSITIVE
2026-05-25T12:34:10 ET,2026-05-25T12:30:00 ET,2026-05-25,Mon,1234ET,AGGREGATE,29558.75,717.54,29424.9,NEAR_FLIP,NEUTRAL,24.4,0.663,12.68,14.31,16.18,18.96,29042.17,705.0,-516.5800000000017,-1.7476381782044292,-9753962.61,56811012.79,59371238.42999999,42749885.06,118369137.66000001,3044.2796590000003,55614.299999999996,5979,35.51569187726905,PUT WALL + VOL SENSITIVE
2026-05-25T12:34:10 ET,2026-05-25T12:30:00 ET,2026-05-25,Mon,1234ET,AGGREGATE,29558.75,717.54,29424.9,NEAR_FLIP,NEUTRAL,24.4,0.663,12.68,14.31,16.18,18.96,29083.36,706.0,-475.3899999999994,-1.608288577832281,-3116677.4999999995,20511215.32,18334917.97,14259027.69,38138872.63,1076.868256,19651.85,1971,11.46060807849994,PUT WALL + VOL SENSITIVE
2026-05-25T12:34:10 ET,2026-05-25T12:30:00 ET,2026-05-25,Mon,1234ET,AGGREGATE,29558.75,717.54,29424.9,NEAR_FLIP,NEUTRAL,24.4,0.663,12.68,14.31,16.18,18.96,29124.56,707.0,-434.1899999999987,-1.4689051465302108,-7319030.579999999,22836392.099999998,38480380.26,14129500.82,24096593.86,736.327035,22134.82,2014,14.840597294852268,PUT WALL + VOL SENSITIVE
2026-05-25T12:34:10 ET,2026-05-25T12:30:00 ET,2026-05-25,Mon,1234ET,AGGREGATE,29558.75,717.54,29424.9,NEAR_FLIP,NEUTRAL,24.4,0.663,12.68,14.31,16.18,18.96,29165.75,708.0,-393.0,-1.329555546158075,-3770304.460000001,31760722.44,18838944.940000005,16316363.36,44663102.39,1479.7256479999999,33008.04,2608,13.99242952973879,PUT WALL + VOL SENSITIVE
2026-05-25T12:34:10 ET,2026-05-25T12:30:00 ET,2026-05-25,Mon,1234ET,AGGREGATE,29558.75,717.54,29424.9,NEAR_FLIP,NEUTRAL,24.4,0.663,12.68,14.31,16.18,18.96,29206.95,709.0,-351.7999999999993,-1.1901721148560047,-11658958.989999998,40175668.65,53673844.45999999,16688949.43,27490756.43,973.7341019999998,44795.11,3113,21.079536346549517,PUT WALL + VOL SENSITIVE
2026-05-25T12:34:10 ET,2026-05-25T12:30:00 ET,2026-05-25,Mon,1234ET,AGGREGATE,29558.75,717.54,29424.9,NEAR_FLIP,NEUTRAL,24.4,0.663,12.68,14.31,16.18,18.96,29248.14,710.0,-310.6100000000006,-1.050822514483869,-58263822.879999995,127270467.69999999,226186803.59,57405576.37,24777961.299999993,824.028051,114811.85,8801,78.48762765604884,PUT WALL + VOL SENSITIVE
2026-05-25T12:34:10 ET,2026-05-25T12:30:00 ET,2026-05-25,Mon,1234ET,AGGREGATE,29558.75,717.54,29424.9,NEAR_FLIP,NEUTRAL,24.4,0.663,12.68,14.31,16.18,18.96,29289.34,711.0,-269.40999999999985,-0.9114390831817984,-5777037.500000001,37984807.56,21118068.540000007,14146299.54,26559793.809999995,1150.5691699999998,35572.7,2483,13.807329192609103,PUT WALL + VOL SENSITIVE
2026-05-25T12:34:10 ET,2026-05-25T12:30:00 ET,2026-05-25,Mon,1234ET,AGGREGATE,29558.75,717.54,29424.9,NEAR_FLIP,NEUTRAL,24.4,0.663,12.68,14.31,16.18,18.96,29330.53,712.0,-228.22000000000116,-0.7720894828096627,-5702471.230000001,37281772.69,15795477.890000002,12313904.47,22684851.55,943.329929,32547.39,2252,12.053044199548406,PUT WALL + VOL SENSITIVE
2026-05-25T12:34:10 ET,2026-05-25T12:30:00 ET,2026-05-25,Mon,1234ET,AGGREGATE,29558.75,717.54,29424.9,NEAR_FLIP,NEUTRAL,24.4,0.663,12.68,14.31,16.18,18.96,29371.73,713.0,-187.02000000000044,-0.6327060515075923,7996844.210000001,40707416.33,-20468926.900000002,10694266.57,46483563.18000001,2151.482232,36027.53,2344,15.20132334515744,CALL WALL + VOL SENSITIVE
2026-05-25T12:34:10 ET,2026-05-25T12:30:00 ET,2026-05-25,Mon,1234ET,AGGREGATE,29558.75,717.54,29424.9,NEAR_FLIP,NEUTRAL,24.4,0.663,12.68,14.31,16.18,18.96,29412.92,714.0,-145.83000000000175,-0.4933564511354565,-17570628.1,62636376.44,33615503.900000006,12746928.11,2276550.849999996,5.0070939999998245,54450.4,3430,19.529483321453828,PUT WALL
2026-05-25T12:34:10 ET,2026-05-25T12:30:00 ET,2026-05-25,Mon,1234ET,AGGREGATE,29558.75,717.54,29424.9,NEAR_FLIP,NEUTRAL,24.4,0.663,12.68,14.31,16.18,18.96,29454.12,715.0,-104.63000000000102,-0.35397301983338614,42935328.900000006,98884742.16,-60942246.02,14559584.73,117332776.64,6208.419138,82052.25,5134,46.57939710584969,CALL WALL
2026-05-25T12:34:10 ET,2026-05-25T12:30:00 ET,2026-05-25,Mon,1234ET,AGGREGATE,29558.75,717.54,29424.9,NEAR_FLIP,NEUTRAL,24.4,0.663,12.68,14.31,16.18,18.96,29495.31,716.0,-63.43999999999869,-0.214623419461238,10754799.499999998,47871135.94,-9674103.650000002,4183086.66,31807671.529999997,1685.983054,37904.71,2375,12.901516577304822,CALL WALL
2026-05-25T12:34:10 ET,2026-05-25T12:30:00 ET,2026-05-25,Mon,1234ET,AGGREGATE,29558.75,717.54,29424.9,NEAR_FLIP,NEUTRAL,24.4,0.663,12.68,14.31,16.18,18.96,29536.5,717.0,-22.25,-0.07527381908910222,15268706.06,36805090.52,-5114612.66,793548.2000000001,31015851.53,1691.239044,30793.44,1834,12.678207964102883,CALL WALL
2026-05-25T12:34:10 ET,2026-05-25T12:30:00 ET,2026-05-25,Mon,1234ET,AGGREGATE,29558.75,717.54,29424.9,NEAR_FLIP,NEUTRAL,24.4,0.663,12.68,14.31,16.18,18.96,29577.7,718.0,18.950000000000728,0.06410961221296817,5186170.44,24171668.94,1170541.52,-963598.13,8629331.660000002,453.2822829999999,19778.0,1185,4.887353796090503,CALL WALL
2026-05-25T12:34:10 ET,2026-05-25T12:30:00 ET,2026-05-25,Mon,1234ET,AGGREGATE,29558.75,717.54,29424.9,NEAR_FLIP,NEUTRAL,24.4,0.663,12.68,14.31,16.18,18.96,29618.89,719.0,60.13999999999942,0.20345921258510397,16659431.219999999,35370087.42,13241733.780000001,-3529952.01,21403539.71,1270.984721,29447.65,1752,14.0260955526921,CALL WALL
2026-05-25T12:34:10 ET,2026-05-25T12:30:00 ET,2026-05-25,Mon,1234ET,AGGREGATE,29558.75,717.54,29424.9,NEAR_FLIP,NEUTRAL,24.4,0.663,12.68,14.31,16.18,18.96,29660.09,720.0,101.34000000000015,0.34284264388717434,33114275.199999996,133294421.94,46711579.86,-21438740.65,25453327.410000004,868.7824369999998,109702.94,6664,36.44743666472347,CALL WALL
2026-05-25T12:34:10 ET,2026-05-25T12:30:00 ET,2026-05-25,Mon,1234ET,AGGREGATE,29558.75,717.54,29424.9,NEAR_FLIP,NEUTRAL,24.4,0.663,12.68,14.31,16.18,18.96,29701.28,721.0,142.52999999999884,0.4821922442593101,19914062.689999998,26955713.83,39338136.31,-5507204.53,25176291.94,1280.775621,24285.410000000003,1430,18.137466283505045,CALL WALL
2026-05-25T12:34:10 ET,2026-05-25T12:30:00 ET,2026-05-25,Mon,1234ET,AGGREGATE,29558.75,717.54,29424.9,NEAR_FLIP,NEUTRAL,24.4,0.663,12.68,14.31,16.18,18.96,29742.48,722.0,183.72999999999956,0.6215756755613805,62764125.949999996,71425122.89,158501623.58,-21947814.98,68110382.97,3653.705761,51383.56,3632,60.65708644343582,CALL WALL + VOL SENSITIVE
2026-05-25T12:34:10 ET,2026-05-25T12:30:00 ET,2026-05-25,Mon,1234ET,AGGREGATE,29558.75,717.54,29424.9,NEAR_FLIP,NEUTRAL,24.4,0.663,12.68,14.31,16.18,18.96,29783.67,723.0,224.91999999999825,0.7609252759335163,18999726.17,35425456.81,59277897.00999999,-12735703.14,7931070.640000001,399.95543799999996,26867.920000000002,1926,21.02924174734313,CALL WALL + VOL SENSITIVE
2026-05-25T12:34:10 ET,2026-05-25T12:30:00 ET,2026-05-25,Mon,1234ET,AGGREGATE,29558.75,717.54,29424.9,NEAR_FLIP,NEUTRAL,24.4,0.663,12.68,14.31,16.18,18.96,29824.87,724.0,266.119999999999,0.9003087072355868,73172401.58999999,89825725.91,275657024.63,-33791417.4,69164867.22,3044.5211010000003,78677.42,5388,82.05900625712185,CALL WALL + VOL SENSITIVE
2026-05-25T12:34:10 ET,2026-05-25T12:30:00 ET,2026-05-25,Mon,1234ET,AGGREGATE,29558.75,717.54,29424.9,NEAR_FLIP,NEUTRAL,24.4,0.663,12.68,14.31,16.18,18.96,29866.06,725.0,307.3100000000013,1.0396583076077348,62578333.89,88321855.97,270570176.12,-39481742.36,33797547.51,1474.3796069999999,74271.23,5612,76.217819938791,CALL WALL + VOL SENSITIVE
2026-05-25T12:34:10 ET,2026-05-25T12:30:00 ET,2026-05-25,Mon,1234ET,AGGREGATE,29558.75,717.54,29424.9,NEAR_FLIP,NEUTRAL,24.4,0.663,12.68,14.31,16.18,18.96,29907.26,726.0,348.5099999999984,1.179041738909793,-746173.8999999999,16936411.18,-3857467.9499999993,-8355348.54,-26615202.57,-1043.6235259999999,14600.59,1169,6.079208481062261,PUT WALL + VOL SENSITIVE
2026-05-25T12:34:10 ET,2026-05-25T12:30:00 ET,2026-05-25,Mon,1234ET,AGGREGATE,29558.75,717.54,29424.9,NEAR_FLIP,NEUTRAL,24.4,0.663,12.68,14.31,16.18,18.96,29948.45,727.0,389.7000000000007,1.3183913392819409,2565196.83,19187094.07,13166427.879999999,-10334262.75,-26603605.17,-942.566112,16896.38,1449,8.622959938200509,CALL WALL + VOL SENSITIVE
2026-05-25T12:34:10 ET,2026-05-25T12:30:00 ET,2026-05-25,Mon,1234ET,AGGREGATE,29558.75,717.54,29424.9,NEAR_FLIP,NEUTRAL,24.4,0.663,12.68,14.31,16.18,18.96,29989.65,728.0,430.90000000000146,1.4577747705840114,9439795.17,24332766.91,55655340.30000001,-15368258.01,-22808781.380000003,-743.786701,19972.94,2027,17.87783847254689,CALL WALL + VOL SENSITIVE
2026-05-25T12:34:10 ET,2026-05-25T12:30:00 ET,2026-05-25,Mon,1234ET,AGGREGATE,29558.75,717.54,29424.9,NEAR_FLIP,NEUTRAL,24.4,0.663,12.68,14.31,16.18,18.96,30030.84,729.0,472.09000000000015,1.5971243709561471,1695441.1000000006,12375466.8,10563061.079999998,-8067693.24,-24230431.09,-715.867878,10841.789999999999,1148,6.542308916727692,CALL WALL + VOL SENSITIVE
2026-05-25T12:34:10 ET,2026-05-25T12:30:00 ET,2026-05-25,Mon,1234ET,AGGREGATE,29558.75,717.54,29424.9,NEAR_FLIP,NEUTRAL,24.4,0.663,12.68,14.31,16.18,18.96,30072.03,730.0,513.2799999999988,1.7364739713282829,16223671.000000002,26215598.400000002,120783393.44000001,-16644650.81,-13602484.64,-330.9549379999999,25475.9,2682,28.195214433402338,CALL WALL + VOL SENSITIVE
2026-05-25T12:34:10 ET,2026-05-25T12:30:00 ET,2026-05-25,Mon,1234ET,AGGREGATE,29558.75,717.54,29424.9,NEAR_FLIP,NEUTRAL,24.4,0.663,12.68,14.31,16.18,18.96,30113.23,731.0,554.4799999999996,1.8758574026303532,362494.79000000004,10646636.29,2209737.16,-7425144.42,-32618705.91,-778.723258,10189.69,1231,5.170880329724388,CALL WALL + VOL SENSITIVE
2026-05-25T12:34:10 ET,2026-05-25T12:30:00 ET,2026-05-25,Mon,1234ET,AGGREGATE,29558.75,717.54,29424.9,NEAR_FLIP,NEUTRAL,24.4,0.663,12.68,14.31,16.18,18.96,30154.42,732.0,595.6699999999983,2.015207003002489,-1224643.1199999999,7489651.7,-10978498.91,-5081934.08,-32346445.3,-701.663586,7766.09,950,5.260929859713929,PUT WALL + VOL SENSITIVE
2026-05-25T12:34:10 ET,2026-05-25T12:30:00 ET,2026-05-25,Mon,1234ET,AGGREGATE,29558.75,717.54,29424.9,NEAR_FLIP,NEUTRAL,24.4,0.663,12.68,14.31,16.18,18.96,30195.62,733.0,636.869999999999,2.1545904343045597,2482582.18,5795578.02,22043442.36,-4187567.1399999997,-10329921.11,-225.275675,6031.450000000001,833,5.753832519496247,CALL WALL + VOL SENSITIVE
2026-05-25T12:34:10 ET,2026-05-25T12:30:00 ET,2026-05-25,Mon,1234ET,AGGREGATE,29558.75,717.54,29424.9,NEAR_FLIP,NEUTRAL,24.4,0.663,12.68,14.31,16.18,18.96,30236.81,734.0,678.0600000000013,2.2939400346767074,8183857.21,12414260.33,75273823.78,-12067115.33,-13042182.610000001,-277.370539,10452.77,2330,18.192347830808977,CALL WALL + VOL SENSITIVE
2026-05-25T12:34:10 ET,2026-05-25T12:30:00 ET,2026-05-25,Mon,1234ET,AGGREGATE,29558.75,717.54,29424.9,NEAR_FLIP,NEUTRAL,24.4,0.663,12.68,14.31,16.18,18.96,30278.01,735.0,719.2599999999984,2.433323465978766,4805943.01,7859241.790000001,48606606.73,-6490387.77,-11521074.129999999,-201.87696,8135.929999999999,1497,11.095120633818532,CALL WALL + VOL SENSITIVE
2026-05-25T12:34:10 ET,2026-05-25T12:30:00 ET,2026-05-25,Mon,1234ET,AGGREGATE,29558.75,717.54,29424.9,NEAR_FLIP,NEUTRAL,24.4,0.663,12.68,14.31,16.18,18.96,30319.2,736.0,760.4500000000007,2.5726730663509136,2231229.0300000003,2231229.0300000003,24227164.549999997,-1913870.5899999999,1702796.05,23.336346,2346.28,486,4.397510087268502,CALL WALL + VOL SENSITIVE
2026-05-25T12:34:10 ET,2026-05-25T12:30:00 ET,2026-05-25,Mon,1234ET,AGGREGATE,29558.75,717.54,29424.9,NEAR_FLIP,NEUTRAL,24.4,0.663,12.68,14.31,16.18,18.96,30360.4,737.0,801.6500000000015,2.712056497652984,1760529.62,1760529.62,19861226.97,-1708779.5899999999,1253448.52,14.435347,1760.36,473,3.6575276491185047,CALL WALL + VOL SENSITIVE
2026-05-25T12:34:10 ET,2026-05-25T12:30:00 ET,2026-05-25,Mon,1234ET,AGGREGATE,29558.75,717.54,29424.9,NEAR_FLIP,NEUTRAL,24.4,0.663,12.68,14.31,16.18,18.96,30401.59,738.0,842.8400000000001,2.85140609802512,3467135.7199999997,3475939.34,40745708.46,-3616448.7399999998,2309762.1599999997,22.68364,3435.6899999999996,1117,8.065469111794702,CALL WALL + VOL SENSITIVE
2026-05-25T12:34:10 ET,2026-05-25T12:30:00 ET,2026-05-25,Mon,1234ET,AGGREGATE,29558.75,717.54,29424.9,NEAR_FLIP,NEUTRAL,24.4,0.663,12.68,14.31,16.18,18.96,30442.79,739.0,884.0400000000009,2.9907895293271904,586432.49,586432.49,7238656.540000001,-604940.3600000001,405086.25,3.629817,608.89,210,1.133919498267479,CALL WALL + VOL SENSITIVE
2026-05-25T12:34:10 ET,2026-05-25T12:30:00 ET,2026-05-25,Mon,1234ET,AGGREGATE,29558.75,717.54,29424.9,NEAR_FLIP,NEUTRAL,24.4,0.663,12.68,14.31,16.18,18.96,30483.98,740.0,925.2299999999996,3.130139129699326,3579023.89,3585837.0100000002,46370283.98,-3607813.61,2439874.16,19.878015,3932.44,1398,9.12546528480057,CALL WALL + VOL SENSITIVE
2026-05-25T12:34:10 ET,2026-05-25T12:30:00 ET,2026-05-25,Mon,1234ET,AGGREGATE,29558.75,717.54,29424.9,NEAR_FLIP,NEUTRAL,24.4,0.663,12.68,14.31,16.18,18.96,30525.17,741.0,966.4199999999983,3.269488730071462,2682193.37,2682193.37,36485888.019999996,-2576919.7600000002,1915891.09,14.385663999999998,3124.2,1100,6.974887622365723,CALL WALL + VOL SENSITIVE
2026-05-25T12:34:10 ET,2026-05-25T12:30:00 ET,2026-05-25,Mon,1234ET,AGGREGATE,29558.75,717.54,29424.9,NEAR_FLIP,NEUTRAL,24.4,0.663,12.68,14.31,16.18,18.96,30566.37,742.0,1007.619999999999,3.408872161373532,351440.91,351440.91,4692687.85,-483658.07,207600.47999999998,1.019244,325.01,249,0.7970163742720545,CALL WALL + VOL SENSITIVE
2026-05-25T12:34:10 ET,2026-05-25T12:30:00 ET,2026-05-25,Mon,1234ET,AGGREGATE,29558.75,717.54,29424.9,NEAR_FLIP,NEUTRAL,24.4,0.663,12.68,14.31,16.18,18.96,30607.56,743.0,1048.8100000000013,3.5482217617456806,877698.35,877698.35,12646101.73,-973113.98,587969.06,3.22013,998.08,530,2.414453832327067,CALL WALL + VOL SENSITIVE
2026-05-25T12:34:10 ET,2026-05-25T12:30:00 ET,2026-05-25,Mon,1234ET,AGGREGATE,29558.75,717.54,29424.9,NEAR_FLIP,NEUTRAL,24.4,0.663,12.68,14.31,16.18,18.96,30648.76,744.0,1090.0099999999984,3.6876051930477383,306429.62,306429.62,4636332.65,-311155.13,212654.90000000002,1.092868,376.44,180,0.6174698949272828,CALL WALL + VOL SENSITIVE
2026-05-25T12:34:10 ET,2026-05-25T12:30:00 ET,2026-05-25,Mon,1234ET,AGGREGATE,29558.75,717.54,29424.9,NEAR_FLIP,NEUTRAL,24.4,0.663,12.68,14.31,16.18,18.96,30689.95,745.0,1131.2000000000007,3.8269547934198864,1113750.1099999999,1113750.1099999999,17325558.45,-1181566.66,759553.8400000001,3.387298,1373.25,765,3.421338269956224,CALL WALL + VOL SENSITIVE
2026-05-25T12:34:10 ET,2026-05-25T12:30:00 ET,2026-05-25,Mon,1234ET,AGGREGATE,29558.75,717.54,29424.9,NEAR_FLIP,NEUTRAL,24.4,0.663,12.68,14.31,16.18,18.96,30731.15,746.0,1172.4000000000015,3.966338224721957,329368.91,329368.91,5276108.8,-356511.89,222881.86000000002,0.873429,412.36,255,0.8228175279770482,CALL WALL + VOL SENSITIVE
2026-05-25T12:34:10 ET,2026-05-25T12:30:00 ET,2026-05-25,Mon,1234ET,AGGREGATE,29558.75,717.54,29424.9,NEAR_FLIP,NEUTRAL,24.4,0.663,12.68,14.31,16.18,18.96,30772.34,747.0,1213.5900000000001,4.105687825094092,96122.12,96122.12,1535912.23,-126500.02,60439.97,0.18507200000000001,111.02000000000001,111,0.05029120566382971,CALL WALL + VOL SENSITIVE
2026-05-25T12:34:10 ET,2026-05-25T12:30:00 ET,2026-05-25,Mon,1234ET,AGGREGATE,29558.75,717.54,29424.9,NEAR_FLIP,NEUTRAL,24.4,0.663,12.68,14.31,16.18,18.96,30895.93,750.0,1337.1800000000003,4.5238042880703695,694347.3999999999,694347.3999999999,11388528.0,-1179374.48,398388.6,0.680742,739.51,1555,3.8756241459494216,CALL WALL + VOL SENSITIVE
2026-05-25T12:34:10 ET,2026-05-25T12:30:00 ET,2026-05-25,Mon,1234ET,AGGREGATE,29558.75,717.54,29424.9,NEAR_FLIP,NEUTRAL,24.4,0.663,12.68,14.31,16.18,18.96,31101.9,755.0,1543.1500000000015,5.22061995179093,172419.96,173457.96,3250370.6,-266178.21,-106643.42,0.026205999999999993,228.28,487,0.8890816333268005,CALL WALL + VOL SENSITIVE
2026-05-25T12:34:10 ET,2026-05-25T12:30:00 ET,2026-05-25,Mon,1234ET,AGGREGATE,29558.75,717.54,29424.9,NEAR_FLIP,NEUTRAL,24.4,0.663,12.68,14.31,16.18,18.96,31307.87,760.0,1749.119999999999,5.917435615511478,101182.67000000001,101182.67000000001,1923284.08,-207560.57,61582.95,0.037041,129.41,567,0.8336168642530519,CALL WALL + VOL SENSITIVE
2026-05-25T12:34:10 ET,2026-05-25T12:30:00 ET,2026-05-25,Mon,1234ET,AGGREGATE,29558.75,717.54,29424.9,NEAR_FLIP,NEUTRAL,24.4,0.663,12.68,14.31,16.18,18.96,31513.84,765.0,1955.0900000000001,6.614251279232039,129648.42,129648.42,2721408.09,-241276.74,86059.14000000001,0.040320999999999996,197.69,802,1.3076909183570318,CALL WALL + VOL SENSITIVE
2026-05-25T12:34:10 ET,2026-05-25T12:30:00 ET,2026-05-25,Mon,1234ET,AGGREGATE,29558.75,717.54,29424.9,NEAR_FLIP,NEUTRAL,24.4,0.663,12.68,14.31,16.18,18.96,31719.82,770.0,2161.0699999999997,7.311100773882521,68624.31,68624.31,1475246.61,-141209.63999999998,47990.46000000001,0.016634,112.28,552,0.7325496588690006,CALL WALL + VOL SENSITIVE
2026-05-25T12:34:10 ET,2026-05-25T12:30:00 ET,2026-05-25,Mon,1234ET,AGGREGATE,29558.75,717.54,29424.9,NEAR_FLIP,NEUTRAL,24.4,0.663,12.68,14.31,16.18,18.96,31925.79,775.0,2367.040000000001,8.00791643760308,48281.649999999994,48281.649999999994,865221.5800000001,-165623.46,35184.119999999995,0.008919,68.28999999999999,520,,
2026-05-25T12:34:10 ET,2026-05-25T12:30:00 ET,2026-05-25,Mon,1234ET,AGGREGATE,29558.75,717.54,29424.9,NEAR_FLIP,NEUTRAL,24.4,0.663,12.68,14.31,16.18,18.96,32131.76,780.0,2573.0099999999984,8.70473210132363,5849.93,5849.93,119078.57999999999,-16970.920000000002,4722.92,0.001226,10.39,61,,
2026-05-25T12:34:10 ET,2026-05-25T12:30:00 ET,2026-05-25,Mon,1234ET,AGGREGATE,29558.75,717.54,29424.9,NEAR_FLIP,NEUTRAL,24.4,0.663,12.68,14.31,16.18,18.96,32337.74,785.0,2778.9900000000016,9.401581595974125,10600.55,10600.55,221722.07,-30700.8,9346.78,0.002419,21.080000000000002,112,,
