timestamp,intended_timestamp,snapshot_date,snapshot_weekday,session_label,expiry,nq_price,qqq_price,gamma_flip,gamma_regime,vol_regime,iv,atm_iv,rv_iv_ratio,hv5,hv10,hv21,hv63,strike_futures,strike_etf,dist_nq,dist_pct,net_gex,abs_gex,net_vex,net_charmex,net_dex,net_dag,net_vegaex,total_oi,call_oi,put_oi,strike_iv,score,type
2026-07-10T06:12:57 ET,2026-07-10T06:10:00 ET,2026-07-10,Fri,0612ET,2026-07-13,29834.25,707.585,29850.7,NEAR_FLIP,EXPANSION,,24.183127962085305,,23.94,25.04,29.77,23.54,26980.92,640.0,-2853.3300000000017,-9.563940772769557,-482714.14,518858.45999999996,11480536.780000001,503716.6,1080823.95,1.6861050000000002,2977.79,794,30,764,41.95032745591939,,
2026-07-10T06:12:57 ET,2026-07-10T06:10:00 ET,2026-07-10,Fri,0612ET,2026-07-14,29834.25,707.585,29850.7,NEAR_FLIP,EXPANSION,,24.183127962085305,,23.94,25.04,29.77,23.54,26981.69,640.0,-2852.5600000000013,-9.561359846485168,-295276.24,295276.24,7296963.05,239501.66,-650714.8,-1.408146,1960.05,385,0,385,40.43,,
2026-07-10T06:12:57 ET,2026-07-10T06:10:00 ET,2026-07-10,Fri,0612ET,2026-07-10,29834.25,707.585,29850.7,NEAR_FLIP,EXPANSION,,24.183127962085305,,23.94,25.04,29.77,23.54,26984.63,640.0,-2849.619999999999,-9.551505400672044,-920257.5499999999,928249.37,17109990.650000002,2259880.1,902952.8299999998,-0.20060900000000004,2723.0299999999997,3396,31,3365,53.654042991755006,,
2026-07-10T06:12:57 ET,2026-07-10T06:10:00 ET,2026-07-10,Fri,0612ET,2026-07-13,29834.25,707.585,29850.7,NEAR_FLIP,EXPANSION,,24.183127962085305,,23.94,25.04,29.77,23.54,27191.71,645.0,-2642.540000000001,-8.857403822787571,-398427.28,441839.1,9156687.7,395863.0,1254659.59,2.403113,2419.3799999999997,561,30,531,40.019037433155084,,
2026-07-10T06:12:57 ET,2026-07-10T06:10:00 ET,2026-07-10,Fri,0612ET,2026-07-14,29834.25,707.585,29850.7,NEAR_FLIP,EXPANSION,,24.183127962085305,,23.94,25.04,29.77,23.54,27192.48,645.0,-2641.7700000000004,-8.854822896503181,-381608.99,381608.99,9075534.19,285589.89,-829787.53,-2.16334,2429.63,413,0,413,38.78,,
2026-07-10T06:12:57 ET,2026-07-10T06:10:00 ET,2026-07-10,Fri,0612ET,2026-07-10,29834.25,707.585,29850.7,NEAR_FLIP,EXPANSION,,24.183127962085305,,23.94,25.04,29.77,23.54,27195.45,645.0,-2638.7999999999993,-8.844867895120538,-441666.75,445027.13,7983823.82,996911.8200000001,35561.929999999935,-0.251869,1239.19,1288,9,1279,50.943664596273294,,
2026-07-10T06:12:57 ET,2026-07-10T06:10:00 ET,2026-07-10,Fri,0612ET,2026-07-13,29834.25,707.585,29850.7,NEAR_FLIP,EXPANSION,,24.183127962085305,,23.94,25.04,29.77,23.54,27402.5,650.0,-2431.75,-8.150866872805585,-604557.3200000001,631152.02,13370950.62,518612.89999999997,-158589.20999999996,-0.6679270000000002,3299.5,654,15,639,38.21316513761468,,
2026-07-10T06:12:57 ET,2026-07-10T06:10:00 ET,2026-07-10,Fri,0612ET,2026-07-14,29834.25,707.585,29850.7,NEAR_FLIP,EXPANSION,,24.183127962085305,,23.94,25.04,29.77,23.54,27403.28,650.0,-2430.970000000001,-8.148252427998026,-1078469.8,1080531.7,24476878.78,741403.8,-2264296.19,-7.233225,6611.0199999999995,957,1,956,37.26852664576803,,
2026-07-10T06:12:57 ET,2026-07-10T06:10:00 ET,2026-07-10,Fri,0612ET,2026-07-10,29834.25,707.585,29850.7,NEAR_FLIP,EXPANSION,,24.183127962085305,,23.94,25.04,29.77,23.54,27406.27,650.0,-2427.9799999999996,-8.138230389569035,-2226435.6199999996,2254799.1,38318734.300000004,4615774.7299999995,562770.6699999999,-1.2694609999999997,6041.12,4737,51,4686,49.00692210259658,,
2026-07-10T06:12:57 ET,2026-07-10T06:10:00 ET,2026-07-10,Fri,0612ET,2026-07-13,29834.25,707.585,29850.7,NEAR_FLIP,EXPANSION,,24.183127962085305,,23.94,25.04,29.77,23.54,27613.29,655.0,-2220.959999999999,-7.444329922823598,-976574.12,976574.12,20554407.83,730618.57,-1876185.85,-6.389766,4890.05,809,0,809,36.61,,
2026-07-10T06:12:57 ET,2026-07-10T06:10:00 ET,2026-07-10,Fri,0612ET,2026-07-14,29834.25,707.585,29850.7,NEAR_FLIP,EXPANSION,,24.183127962085305,,23.94,25.04,29.77,23.54,27614.07,655.0,-2220.1800000000003,-7.4417154780160395,-436130.66,438693.34,9381754.780000001,273910.69,-874447.12,-3.446759,2577.39,316,1,315,35.785601265822784,,
2026-07-10T06:12:57 ET,2026-07-10T06:10:00 ET,2026-07-10,Fri,0612ET,2026-07-10,29834.25,707.585,29850.7,NEAR_FLIP,EXPANSION,,24.183127962085305,,23.94,25.04,29.77,23.54,27617.08,655.0,-2217.1699999999983,-7.431626402540699,-1060783.1,1087880.56,17140874.69,2022465.71,773358.1799999999,-0.15325500000000014,2819.9,1607,32,1575,47.39302426882389,,
2026-07-10T06:12:57 ET,2026-07-10T06:10:00 ET,2026-07-10,Fri,0612ET,2026-07-13,29834.25,707.585,29850.7,NEAR_FLIP,EXPANSION,,24.183127962085305,,23.94,25.04,29.77,23.54,27824.08,660.0,-2010.1699999999983,-6.737792972841611,-1158366.01,1186467.1700000002,22862645.62,801195.37,-1582171.0799999998,-7.099421000000001,5708.84,774,10,764,35.171007751937985,,
2026-07-10T06:12:57 ET,2026-07-10T06:10:00 ET,2026-07-10,Fri,0612ET,2026-07-14,29834.25,707.585,29850.7,NEAR_FLIP,EXPANSION,,24.183127962085305,,23.94,25.04,29.77,23.54,27824.86,660.0,-2009.3899999999994,-6.735178528034052,-1532981.15,1532981.15,30890240.85,863107.16,-3326666.04,-16.204002,8675.0,888,0,888,34.47,,
2026-07-10T06:12:57 ET,2026-07-10T06:10:00 ET,2026-07-10,Fri,0612ET,2026-07-10,29834.25,707.585,29850.7,NEAR_FLIP,EXPANSION,,24.183127962085305,,23.94,25.04,29.77,23.54,27827.9,660.0,-2006.3499999999985,-6.724988896989194,-5685302.43,5783390.3100000005,86153613.33,9693878.09,-2703681.1099999994,-11.723231,14424.67,6087,75,6012,45.61578610152785,,
2026-07-10T06:12:57 ET,2026-07-10T06:10:00 ET,2026-07-10,Fri,0612ET,2026-07-10,29834.25,707.585,29850.7,NEAR_FLIP,EXPANSION,,24.183127962085305,,23.94,25.04,29.77,23.54,27870.06,661.0,-1964.1899999999987,-6.5836748032881625,-125896.81,125896.81,1885937.21,206472.34,-174582.32,-0.500331,311.29,124,0,124,45.23,,
2026-07-10T06:12:57 ET,2026-07-10T06:10:00 ET,2026-07-10,Fri,0612ET,2026-07-10,29834.25,707.585,29850.7,NEAR_FLIP,EXPANSION,,24.183127962085305,,23.94,25.04,29.77,23.54,27912.23,662.0,-1922.0200000000004,-6.4423271910639635,-234152.56,234152.56,3501421.14,375525.98,-318661.99,-0.940254,567.18,224,0,224,44.32,,
2026-07-10T06:12:57 ET,2026-07-10T06:10:00 ET,2026-07-10,Fri,0612ET,2026-07-10,29834.25,707.585,29850.7,NEAR_FLIP,EXPANSION,,24.183127962085305,,23.94,25.04,29.77,23.54,27954.39,663.0,-1879.8600000000006,-6.301013097362933,-194150.17,194150.17,2852888.07,304416.69,-266162.16,-0.848047,467.71,172,0,172,44.07,,
2026-07-10T06:12:57 ET,2026-07-10T06:10:00 ET,2026-07-10,Fri,0612ET,2026-07-10,29834.25,707.585,29850.7,NEAR_FLIP,EXPANSION,,24.183127962085305,,23.94,25.04,29.77,23.54,27996.55,664.0,-1837.7000000000007,-6.159699003661901,-954236.3,954236.3,13674584.46,1462404.65,-1333906.96,-4.678261,2302.24,768,0,768,44.13,,
2026-07-10T06:12:57 ET,2026-07-10T06:10:00 ET,2026-07-10,Fri,0612ET,2026-07-13,29834.25,707.585,29850.7,NEAR_FLIP,EXPANSION,,24.183127962085305,,23.94,25.04,29.77,23.54,28034.87,665.0,-1799.380000000001,-6.031256022859637,-1392464.94,1399696.02,25899766.139999997,843701.33,-2527304.1799999997,-13.695905,6383.28,731,2,729,33.33696306429549,,
2026-07-10T06:12:57 ET,2026-07-10T06:10:00 ET,2026-07-10,Fri,0612ET,2026-07-14,29834.25,707.585,29850.7,NEAR_FLIP,EXPANSION,,24.183127962085305,,23.94,25.04,29.77,23.54,28035.66,665.0,-1798.5900000000001,-6.0286080595288976,-1649963.19,1649963.19,30626256.12,828335.99,-3658556.33,-22.352097,9041.61,762,0,762,33.38,,
2026-07-10T06:12:57 ET,2026-07-10T06:10:00 ET,2026-07-10,Fri,0612ET,2026-07-10,29834.25,707.585,29850.7,NEAR_FLIP,EXPANSION,,24.183127962085305,,23.94,25.04,29.77,23.54,28038.72,665.0,-1795.5299999999988,-6.018351391437689,-12791965.18,13094420.04,181282983.6,19598790.869999997,-7618680.840000002,-36.775774999999996,31129.53,10033,149,9884,43.478318548789,,
2026-07-10T06:12:57 ET,2026-07-10T06:10:00 ET,2026-07-10,Fri,0612ET,2026-07-10,29834.25,707.585,29850.7,NEAR_FLIP,EXPANSION,,24.183127962085305,,23.94,25.04,29.77,23.54,28080.88,666.0,-1753.369999999999,-5.877037297736658,-231512.3,231512.3,3238020.22,338278.32,-321603.28,-1.266049,545.24,166,0,166,43.08,,
2026-07-10T06:12:57 ET,2026-07-10T06:10:00 ET,2026-07-10,Fri,0612ET,2026-07-10,29834.25,707.585,29850.7,NEAR_FLIP,EXPANSION,,24.183127962085305,,23.94,25.04,29.77,23.54,28123.04,667.0,-1711.2099999999991,-5.735723204035628,-98269.75,98269.75,1336202.14,140163.52,-139655.16,-0.605287,232.13,64,0,64,43.2,,
2026-07-10T06:12:57 ET,2026-07-10T06:10:00 ET,2026-07-10,Fri,0612ET,2026-07-10,29834.25,707.585,29850.7,NEAR_FLIP,EXPANSION,,24.183127962085305,,23.94,25.04,29.77,23.54,28165.21,668.0,-1669.0400000000009,-5.594375591811428,-246400.57,246400.57,3330066.72,342620.95,-345021.99,-1.558231,570.79,154,0,154,42.37,,
2026-07-10T06:12:57 ET,2026-07-10T06:10:00 ET,2026-07-10,Fri,0612ET,2026-07-10,29834.25,707.585,29850.7,NEAR_FLIP,EXPANSION,,24.183127962085305,,23.94,25.04,29.77,23.54,28207.37,669.0,-1626.880000000001,-5.453061498110396,-2504347.91,2504347.91,33216534.06,3394268.48,-3526523.14,-17.086388,5757.46,1459,0,1459,42.05,,
2026-07-10T06:12:57 ET,2026-07-10T06:10:00 ET,2026-07-10,Fri,0612ET,2026-07-13,29834.25,707.585,29850.7,NEAR_FLIP,EXPANSION,,24.183127962085305,,23.94,25.04,29.77,23.54,28245.65,670.0,-1588.5999999999985,-5.324752591400818,-3484428.77,3751915.85,58668607.330000006,1991902.47,-3345041.11,-25.002979,16573.489999999998,1511,57,1454,32.294169424222375,,
2026-07-10T06:12:57 ET,2026-07-10T06:10:00 ET,2026-07-10,Fri,0612ET,2026-07-14,29834.25,707.585,29850.7,NEAR_FLIP,EXPANSION,,24.183127962085305,,23.94,25.04,29.77,23.54,28246.45,670.0,-1587.7999999999993,-5.322071109546911,-990486.2699999999,1314595.0499999998,16767829.01,580315.65,1539168.7800000003,10.384426999999999,6862.04,493,63,430,31.793651115618662,,
2026-07-10T06:12:57 ET,2026-07-10T06:10:00 ET,2026-07-10,Fri,0612ET,2026-07-10,29834.25,707.585,29850.7,NEAR_FLIP,EXPANSION,,24.183127962085305,,23.94,25.04,29.77,23.54,28249.54,670.0,-1584.7099999999991,-5.311713885886185,-15519369.97,16117714.290000001,201452388.07,21279783.69,-9298162.680000002,-58.684928,36753.8,8770,191,8579,41.689454960091226,,
2026-07-10T06:12:57 ET,2026-07-10T06:10:00 ET,2026-07-10,Fri,0612ET,2026-07-10,29834.25,707.585,29850.7,NEAR_FLIP,EXPANSION,,24.183127962085305,,23.94,25.04,29.77,23.54,28291.7,671.0,-1542.5499999999993,-5.1703997921851546,-158965.4,158965.4,2032746.67,204291.75,-225502.89,-1.249205,358.87,81,0,81,41.28,,
2026-07-10T06:12:57 ET,2026-07-10T06:10:00 ET,2026-07-10,Fri,0612ET,2026-07-10,29834.25,707.585,29850.7,NEAR_FLIP,EXPANSION,,24.183127962085305,,23.94,25.04,29.77,23.54,28333.86,672.0,-1500.3899999999994,-5.029085698484123,-381805.3,381805.3,4718095.53,477607.48,-557339.32,-3.393536,866.74,177,0,177,41.51,,
2026-07-10T06:12:57 ET,2026-07-10T06:10:00 ET,2026-07-10,Fri,0612ET,2026-07-10,29834.25,707.585,29850.7,NEAR_FLIP,EXPANSION,,24.183127962085305,,23.94,25.04,29.77,23.54,28376.03,673.0,-1458.2200000000012,-4.887738086259923,-5649358.9,5653392.66,67665189.94,6877677.44,-8369958.929999999,-55.488166,12856.23,2410,1,2409,41.568680497925314,,
2026-07-10T06:12:57 ET,2026-07-10T06:10:00 ET,2026-07-10,Fri,0612ET,2026-07-10,29834.25,707.585,29850.7,NEAR_FLIP,EXPANSION,,24.183127962085305,,23.94,25.04,29.77,23.54,28418.19,674.0,-1416.0600000000013,-4.746423992558892,-1363514.96,1381036.46,16270928.32,1630583.34,-1729404.76,-12.063566,3057.31,568,4,564,40.47394366197183,,
2026-07-10T06:12:57 ET,2026-07-10T06:10:00 ET,2026-07-10,Fri,0612ET,2026-07-13,29834.25,707.585,29850.7,NEAR_FLIP,EXPANSION,,24.183127962085305,,23.94,25.04,29.77,23.54,28456.44,675.0,-1377.8100000000013,-4.6182156414188436,-3427584.35,3647457.0900000003,52938890.32,1674434.95,-4613417.05,-41.36301900000001,15216.41,1164,36,1128,30.501855670103097,,
2026-07-10T06:12:57 ET,2026-07-10T06:10:00 ET,2026-07-10,Fri,0612ET,2026-07-14,29834.25,707.585,29850.7,NEAR_FLIP,EXPANSION,,24.183127962085305,,23.94,25.04,29.77,23.54,28457.25,675.0,-1377.0,-4.615500641041756,-1240270.8699999999,1266266.57,18833818.95,482266.39999999997,-2662269.85,-25.171292,6445.160000000001,379,4,375,31.013957783641164,,
2026-07-10T06:12:57 ET,2026-07-10T06:10:00 ET,2026-07-10,Fri,0612ET,2026-07-10,29834.25,707.585,29850.7,NEAR_FLIP,EXPANSION,,24.183127962085305,,23.94,25.04,29.77,23.54,28460.35,675.0,-1373.9000000000015,-4.605109898857862,-22037998.45,22408627.51,256726038.23,25678783.74,-27421654.39,-205.298652,49254.62,8600,78,8522,40.18031860465117,,
2026-07-10T06:12:57 ET,2026-07-10T06:10:00 ET,2026-07-10,Fri,0612ET,2026-07-10,29834.25,707.585,29850.7,NEAR_FLIP,EXPANSION,,24.183127962085305,,23.94,25.04,29.77,23.54,28502.52,676.0,-1331.7299999999996,-4.46376228663365,-889715.83,889715.83,10102410.1,988719.53,-1323643.35,-10.453442,1945.01,318,0,318,39.96,,
2026-07-10T06:12:57 ET,2026-07-10T06:10:00 ET,2026-07-10,Fri,0612ET,2026-07-10,29834.25,707.585,29850.7,NEAR_FLIP,EXPANSION,,24.183127962085305,,23.94,25.04,29.77,23.54,28544.68,677.0,-1289.5699999999997,-4.322448192932619,-364237.07999999996,436660.9,3962013.29,470219.57,257982.74,1.599831,953.0,145,13,132,39.8748275862069,,
2026-07-10T06:12:57 ET,2026-07-10T06:10:00 ET,2026-07-10,Fri,0612ET,2026-07-10,29834.25,707.585,29850.7,NEAR_FLIP,EXPANSION,,24.183127962085305,,23.94,25.04,29.77,23.54,28586.84,678.0,-1247.4099999999999,-4.181134099231587,-851968.19,936251.51,9116508.04,975489.1,-433645.33999999997,-4.478733,2020.81,292,14,278,39.4436301369863,,
2026-07-10T06:12:57 ET,2026-07-10T06:10:00 ET,2026-07-10,Fri,0612ET,2026-07-10,29834.25,707.585,29850.7,NEAR_FLIP,EXPANSION,,24.183127962085305,,23.94,25.04,29.77,23.54,28629.01,679.0,-1205.2400000000016,-4.039786487007388,-946952.92,946952.92,9709883.26,954530.42,-1501875.72,-14.813485,2069.0,271,0,271,39.93,,
2026-07-10T06:12:57 ET,2026-07-10T06:10:00 ET,2026-07-10,Fri,0612ET,2026-07-13,29834.25,707.585,29850.7,NEAR_FLIP,EXPANSION,,24.183127962085305,,23.94,25.04,29.77,23.54,28667.23,680.0,-1167.0200000000004,-3.911678691436857,-12160068.620000001,12603126.2,164877709.51000002,4883292.23,-21767189.369999997,-247.050883,50612.100000000006,3141,56,3085,29.364310729067178,,
2026-07-10T06:12:57 ET,2026-07-10T06:10:00 ET,2026-07-10,Fri,0612ET,2026-07-14,29834.25,707.585,29850.7,NEAR_FLIP,EXPANSION,,24.183127962085305,,23.94,25.04,29.77,23.54,28668.04,680.0,-1166.2099999999991,-3.9089636910597694,-2268546.69,2830440.4499999997,30114593.589999996,907522.16,-1872720.46,-22.212832,13788.86,689,69,620,29.679811320754716,,
2026-07-10T06:12:57 ET,2026-07-10T06:10:00 ET,2026-07-10,Fri,0612ET,2026-07-10,29834.25,707.585,29850.7,NEAR_FLIP,EXPANSION,,24.183127962085305,,23.94,25.04,29.77,23.54,28671.17,680.0,-1163.0800000000017,-3.898472393306357,-33988884.04,35353620.220000006,345717269.7,34372769.160000004,-40878718.06,-426.7297,74983.65,9692,195,9497,38.75861328931077,,
2026-07-10T06:12:57 ET,2026-07-10T06:10:00 ET,2026-07-10,Fri,0612ET,2026-07-10,29834.25,707.585,29850.7,NEAR_FLIP,EXPANSION,,24.183127962085305,,23.94,25.04,29.77,23.54,28713.33,681.0,-1120.9199999999983,-3.7571582996053134,-1583306.65,1583306.65,15610124.08,1484429.3,-2486120.56,-27.366883,3341.58,406,0,406,38.57,,
2026-07-10T06:12:57 ET,2026-07-10T06:10:00 ET,2026-07-10,Fri,0612ET,2026-07-10,29834.25,707.585,29850.7,NEAR_FLIP,EXPANSION,,24.183127962085305,,23.94,25.04,29.77,23.54,28755.5,682.0,-1078.75,-3.6158106873811136,-2128604.78,2128604.78,20374169.44,1921349.38,-3370589.93,-39.477327,4449.82,513,0,513,38.2,,
2026-07-10T06:12:57 ET,2026-07-10T06:10:00 ET,2026-07-10,Fri,0612ET,2026-07-10,29834.25,707.585,29850.7,NEAR_FLIP,EXPANSION,,24.183127962085305,,23.94,25.04,29.77,23.54,28797.66,683.0,-1036.5900000000001,-3.4744965936800827,-1859816.88,1859816.88,16785524.87,1615386.02,-3101613.39,-39.235022,3957.22,415,0,415,38.87,,
2026-07-10T06:12:57 ET,2026-07-10T06:10:00 ET,2026-07-10,Fri,0612ET,2026-07-10,29834.25,707.585,29850.7,NEAR_FLIP,EXPANSION,,24.183127962085305,,23.94,25.04,29.77,23.54,28839.82,684.0,-994.4300000000003,-3.333182499979052,-1883550.57,2031799.6500000001,16597691.870000001,1692847.66,-2226668.38,-29.995926,4232.5,430,16,414,38.05641860465116,,
2026-07-10T06:12:57 ET,2026-07-10T06:10:00 ET,2026-07-10,Fri,0612ET,2026-07-13,29834.25,707.585,29850.7,NEAR_FLIP,EXPANSION,,24.183127962085305,,23.94,25.04,29.77,23.54,28878.02,685.0,-956.2299999999996,-3.20514174145487,-40935003.02,41228269.46,475337321.89,13020883.11,-85475040.55,-1222.5392410000002,158167.26,8133,29,8104,28.057967539653262,,
2026-07-10T06:12:57 ET,2026-07-10T06:10:00 ET,2026-07-10,Fri,0612ET,2026-07-14,29834.25,707.585,29850.7,NEAR_FLIP,EXPANSION,,24.183127962085305,,23.94,25.04,29.77,23.54,28878.84,685.0,-955.4099999999999,-3.2023932225546137,-3066157.1100000003,3237118.83,34711139.029999994,842762.31,-6920975.8,-97.79577400000001,15229.83,646,17,629,28.68078947368421,,
2026-07-10T06:12:57 ET,2026-07-10T06:10:00 ET,2026-07-10,Fri,0612ET,2026-07-10,29834.25,707.585,29850.7,NEAR_FLIP,EXPANSION,,24.183127962085305,,23.94,25.04,29.77,23.54,28881.99,685.0,-952.2599999999984,-3.19183488775484,-18535421.740000002,20256467.18,156415004.76,16170630.25,-21931683.32,-313.883793,42125.55,4031,174,3857,37.98525179856115,,
2026-07-10T06:12:57 ET,2026-07-10T06:10:00 ET,2026-07-10,Fri,0612ET,2026-07-10,29834.25,707.585,29850.7,NEAR_FLIP,EXPANSION,,24.183127962085305,,23.94,25.04,29.77,23.54,28924.15,686.0,-910.0999999999985,-3.050520794053809,-5238259.680000001,5575431.28,42915667.480000004,4254069.7,-7189834.78,-108.16672000000001,11427.01,1049,32,1017,37.438274547187795,,
2026-07-10T06:12:57 ET,2026-07-10T06:10:00 ET,2026-07-10,Fri,0612ET,2026-07-10,29834.25,707.585,29850.7,NEAR_FLIP,EXPANSION,,24.183127962085305,,23.94,25.04,29.77,23.54,28966.31,687.0,-867.9399999999987,-2.909206700352778,-3685437.29,4099829.2699999996,29115467.5,2983617.1999999997,-4386760.350000001,-69.816287,8301.16,729,37,692,36.983964334705085,,
2026-07-10T06:12:57 ET,2026-07-10T06:10:00 ET,2026-07-10,Fri,0612ET,2026-07-10,29834.25,707.585,29850.7,NEAR_FLIP,EXPANSION,,24.183127962085305,,23.94,25.04,29.77,23.54,29008.48,688.0,-825.7700000000004,-2.7678590881285787,-3707997.81,4016819.03,28067486.36,2781736.23,-5135969.66,-86.333448,8076.7,675,26,649,36.72881481481482,,
2026-07-10T06:12:57 ET,2026-07-10T06:10:00 ET,2026-07-10,Fri,0612ET,2026-07-10,29834.25,707.585,29850.7,NEAR_FLIP,EXPANSION,,24.183127962085305,,23.94,25.04,29.77,23.54,29050.64,689.0,-783.6100000000006,-2.6265449944275474,-3462947.96,4015906.1399999997,24556379.64,2640148.23,-4148614.32,-73.604624,8145.110000000001,639,44,595,37.04045383411581,,
2026-07-10T06:12:57 ET,2026-07-10T06:10:00 ET,2026-07-10,Fri,0612ET,2026-07-13,29834.25,707.585,29850.7,NEAR_FLIP,EXPANSION,,24.183127962085305,,23.94,25.04,29.77,23.54,29088.81,690.0,-745.4399999999987,-2.498604791472883,-5121053.02,5512616.48,48044374.23,1345208.8900000001,-10276599.88,-182.567709,20337.31,875,31,844,26.985474285714286,,
2026-07-10T06:12:57 ET,2026-07-10T06:10:00 ET,2026-07-10,Fri,0612ET,2026-07-14,29834.25,707.585,29850.7,NEAR_FLIP,EXPANSION,,24.183127962085305,,23.94,25.04,29.77,23.54,29089.63,690.0,-744.619999999999,-2.495856272572627,-4255001.529999999,4716875.91,38471922.21,944298.9700000001,-10009750.94,-168.359841,21555.61,788,38,750,27.87406091370558,,
2026-07-10T06:12:57 ET,2026-07-10T06:10:00 ET,2026-07-10,Fri,0612ET,2026-07-10,29834.25,707.585,29850.7,NEAR_FLIP,EXPANSION,,24.183127962085305,,23.94,25.04,29.77,23.54,29092.81,690.0,-741.4399999999987,-2.485197382203336,-66627026.43000001,70049295.93,457684138.61,43556024.01,-108121496.11,-2023.879096,139210.31,10563,258,10305,36.2926725362113,,
2026-07-10T06:12:57 ET,2026-07-10T06:10:00 ET,2026-07-10,Fri,0612ET,2026-07-13,29834.25,707.585,29850.7,NEAR_FLIP,EXPANSION,,24.183127962085305,,23.94,25.04,29.77,23.54,29130.97,691.0,-703.2799999999988,-2.357290697771852,-1436312.95,1515256.1700000002,12510214.09,347801.01,-3164551.89,-57.971349,5669.81,233,6,227,27.374763948497854,,
2026-07-10T06:12:57 ET,2026-07-10T06:10:00 ET,2026-07-10,Fri,0612ET,2026-07-14,29834.25,707.585,29850.7,NEAR_FLIP,EXPANSION,,24.183127962085305,,23.94,25.04,29.77,23.54,29131.79,691.0,-702.4599999999991,-2.354542178871596,-2200973.6300000004,2276473.85,19052662.62,428406.24,-5751741.99,-100.559398,10284.16,367,6,361,27.554468664850134,,
2026-07-10T06:12:57 ET,2026-07-10T06:10:00 ET,2026-07-10,Fri,0612ET,2026-07-10,29834.25,707.585,29850.7,NEAR_FLIP,EXPANSION,,24.183127962085305,,23.94,25.04,29.77,23.54,29134.97,691.0,-699.2799999999988,-2.3438832885023047,-5035779.17,5817866.43,32841885.819999997,3410711.2800000003,-6718299.81,-132.461726,11472.98,833,56,777,36.011932773109244,,
2026-07-10T06:12:57 ET,2026-07-10T06:10:00 ET,2026-07-10,Fri,0612ET,2026-07-13,29834.25,707.585,29850.7,NEAR_FLIP,EXPANSION,,24.183127962085305,,23.94,25.04,29.77,23.54,29173.12,692.0,-661.130000000001,-2.216010122594002,-1344771.94,1399515.3399999999,11376753.67,301231.88,-2975816.08,-57.304017,5079.0199999999995,205,4,201,26.55414634146341,,
2026-07-10T06:12:57 ET,2026-07-10T06:10:00 ET,2026-07-10,Fri,0612ET,2026-07-14,29834.25,707.585,29850.7,NEAR_FLIP,EXPANSION,,24.183127962085305,,23.94,25.04,29.77,23.54,29173.95,692.0,-660.2999999999993,-2.2132280851705652,-1469597.98,1534655.3399999999,12085394.95,270417.69,-3849222.63,-69.653916,6858.71,239,5,234,27.263054393305442,,
2026-07-10T06:12:57 ET,2026-07-10T06:10:00 ET,2026-07-10,Fri,0612ET,2026-07-10,29834.25,707.585,29850.7,NEAR_FLIP,EXPANSION,,24.183127962085305,,23.94,25.04,29.77,23.54,29177.13,692.0,-657.119999999999,-2.2025691948012738,-10799343.0,11195339.719999999,64458530.54,6165724.67,-20012967.55,-410.616536,22617.34,1539,27,1512,36.890701754385965,,
2026-07-10T06:12:57 ET,2026-07-10T06:10:00 ET,2026-07-10,Fri,0612ET,2026-07-13,29834.25,707.585,29850.7,NEAR_FLIP,EXPANSION,,24.183127962085305,,23.94,25.04,29.77,23.54,29215.28,693.0,-618.9700000000012,-2.074696028892971,-1868391.3099999998,1925248.97,14518827.049999999,386403.0,-4435433.05,-87.522224,7109.12,275,4,271,27.026327272727272,,
2026-07-10T06:12:57 ET,2026-07-10T06:10:00 ET,2026-07-10,Fri,0612ET,2026-07-14,29834.25,707.585,29850.7,NEAR_FLIP,EXPANSION,,24.183127962085305,,23.94,25.04,29.77,23.54,29216.11,693.0,-618.1399999999994,-2.071913991469534,-2932517.36,2932517.36,22985677.24,481678.01,-8053363.68,-151.444833,12894.83,440,0,440,26.83,,
2026-07-10T06:12:57 ET,2026-07-10T06:10:00 ET,2026-07-10,Fri,0612ET,2026-07-10,29834.25,707.585,29850.7,NEAR_FLIP,EXPANSION,,24.183127962085305,,23.94,25.04,29.77,23.54,29219.3,693.0,-614.9500000000007,-2.061221582577074,-46527044.59,48385848.31,267665177.20000002,24914344.2,-85089369.21,-1844.32445,94964.18000000001,6301,121,6180,35.83788763688303,,
2026-07-10T06:12:57 ET,2026-07-10T06:10:00 ET,2026-07-10,Fri,0612ET,2026-07-13,29834.25,707.585,29850.7,NEAR_FLIP,EXPANSION,,24.183127962085305,,23.94,25.04,29.77,23.54,29257.44,694.0,-576.8100000000013,-1.93338193519194,-3059228.7100000004,3073968.77,22905804.25,573039.64,-7343042.2,-152.35,10999.099999999999,418,1,417,26.18942583732058,,
2026-07-10T06:12:57 ET,2026-07-10T06:10:00 ET,2026-07-10,Fri,0612ET,2026-07-14,29834.25,707.585,29850.7,NEAR_FLIP,EXPANSION,,24.183127962085305,,23.94,25.04,29.77,23.54,29258.27,694.0,-575.9799999999996,-1.9305998977685028,-606500.45,606500.45,4398418.05,92279.7,-1723457.13,-33.138347,2684.03,89,0,89,27.010000000000005,,
2026-07-10T06:12:57 ET,2026-07-10T06:10:00 ET,2026-07-10,Fri,0612ET,2026-07-10,29834.25,707.585,29850.7,NEAR_FLIP,EXPANSION,,24.183127962085305,,23.94,25.04,29.77,23.54,29261.46,694.0,-572.7900000000009,-1.919907488876043,-9766864.15,11114835.709999999,53174395.63,5325019.47,-15771390.09,-359.785079,21485.890000000003,1378,84,1294,35.30194484760523,,
2026-07-10T06:12:57 ET,2026-07-10T06:10:00 ET,2026-07-10,Fri,0612ET,2026-07-13,29834.25,707.585,29850.7,NEAR_FLIP,EXPANSION,,24.183127962085305,,23.94,25.04,29.77,23.54,29299.6,695.0,-534.6500000000015,-1.7920678414909088,-12543051.76,12863505.979999999,86167161.10000001,2211403.08,-30818763.41,-655.235522,46442.270000000004,1706,21,1685,26.432121922626028,,
2026-07-10T06:12:57 ET,2026-07-10T06:10:00 ET,2026-07-10,Fri,0612ET,2026-07-14,29834.25,707.585,29850.7,NEAR_FLIP,EXPANSION,,24.183127962085305,,23.94,25.04,29.77,23.54,29300.43,695.0,-533.8199999999997,-1.7892858040674717,-4977833.130000001,5562997.25,33001750.75,779236.4299999999,-13478688.79,-262.54891,24803.03,801,41,760,27.21601747815231,,
2026-07-10T06:12:57 ET,2026-07-10T06:10:00 ET,2026-07-10,Fri,0612ET,2026-07-10,29834.25,707.585,29850.7,NEAR_FLIP,EXPANSION,,24.183127962085305,,23.94,25.04,29.77,23.54,29303.62,695.0,-530.630000000001,-1.778593395175012,-39090073.98,43386385.339999996,193736578.05,19225113.029999997,-71022145.89999999,-1671.0800169999998,85034.98,5202,257,4945,35.7886370626682,,
2026-07-10T06:12:57 ET,2026-07-10T06:10:00 ET,2026-07-10,Fri,0612ET,2026-07-13,29834.25,707.585,29850.7,NEAR_FLIP,EXPANSION,,24.183127962085305,,23.94,25.04,29.77,23.54,29341.75,696.0,-492.5,-1.6507872663130463,-1731690.8399999999,1984013.46,11213481.25,312722.54,-3841581.4000000004,-85.29249200000001,7002.92,252,16,236,25.83730158730159,,
2026-07-10T06:12:57 ET,2026-07-10T06:10:00 ET,2026-07-10,Fri,0612ET,2026-07-14,29834.25,707.585,29850.7,NEAR_FLIP,EXPANSION,,24.183127962085305,,23.94,25.04,29.77,23.54,29342.58,696.0,-491.66999999999825,-1.6480052288896092,-1327706.95,1327706.95,8338348.03,170166.94,-3902709.88,-79.458417,5794.38,184,0,184,26.65,,
2026-07-10T06:12:57 ET,2026-07-10T06:10:00 ET,2026-07-10,Fri,0612ET,2026-07-10,29834.25,707.585,29850.7,NEAR_FLIP,EXPANSION,,24.183127962085305,,23.94,25.04,29.77,23.54,29345.79,696.0,-488.4599999999991,-1.6372457829508005,-2848429.6599999997,7624173.779999999,13391130.739999998,3105018.0100000002,3629449.9399999995,86.72411200000005,14702.27,873,275,598,35.20545246277205,,
2026-07-10T06:12:57 ET,2026-07-10T06:10:00 ET,2026-07-10,Fri,0612ET,2026-07-13,29834.25,707.585,29850.7,NEAR_FLIP,EXPANSION,,24.183127962085305,,23.94,25.04,29.77,23.54,29383.91,697.0,-450.34000000000015,-1.5094731726120152,-1970871.58,1970871.58,11802085.16,282174.12,-5026601.62,-115.49677,6890.13,242,0,242,25.6,,
2026-07-10T06:12:57 ET,2026-07-10T06:10:00 ET,2026-07-10,Fri,0612ET,2026-07-14,29834.25,707.585,29850.7,NEAR_FLIP,EXPANSION,,24.183127962085305,,23.94,25.04,29.77,23.54,29384.74,697.0,-449.5099999999984,-1.5066911351885781,-2221224.89,2281512.0900000003,12657325.32,264854.73,-6660696.899999999,-137.709715,10018.18,311,4,307,26.81623794212219,,
2026-07-10T06:12:57 ET,2026-07-10T06:10:00 ET,2026-07-10,Fri,0612ET,2026-07-10,29834.25,707.585,29850.7,NEAR_FLIP,EXPANSION,,24.183127962085305,,23.94,25.04,29.77,23.54,29387.95,697.0,-446.2999999999993,-1.4959316892497692,-11921060.77,14745399.129999999,50554015.18,5470100.52,-20520018.009999998,-525.589649,28415.71,1630,157,1473,35.186006134969325,,
2026-07-10T06:12:57 ET,2026-07-10T06:10:00 ET,2026-07-10,Fri,0612ET,2026-07-13,29834.25,707.585,29850.7,NEAR_FLIP,EXPANSION,,24.183127962085305,,23.94,25.04,29.77,23.54,29426.07,698.0,-408.1800000000003,-1.3681590789109843,-2093910.4899999998,2194407.61,11477236.48,282589.1,-5278001.569999999,-125.23785699999999,7603.14,261,6,255,25.38,,
2026-07-10T06:12:57 ET,2026-07-10T06:10:00 ET,2026-07-10,Fri,0612ET,2026-07-14,29834.25,707.585,29850.7,NEAR_FLIP,EXPANSION,,24.183127962085305,,23.94,25.04,29.77,23.54,29426.9,698.0,-407.34999999999854,-1.3653770414875472,-2106566.1999999997,2199279.94,11079756.84,229170.49,-6307245.92,-134.790507,9494.300000000001,290,6,284,26.36427586206897,,
2026-07-10T06:12:57 ET,2026-07-10T06:10:00 ET,2026-07-10,Fri,0612ET,2026-07-10,29834.25,707.585,29850.7,NEAR_FLIP,EXPANSION,,24.183127962085305,,23.94,25.04,29.77,23.54,29430.11,698.0,-404.1399999999994,-1.3546175955487383,-11019412.799999999,17058237.08,41487988.410000004,5708432.24,-15468403.86,-401.864328,33273.26,1843,325,1518,35.61709712425393,,
2026-07-10T06:12:57 ET,2026-07-10T06:10:00 ET,2026-07-10,Fri,0612ET,2026-07-13,29834.25,707.585,29850.7,NEAR_FLIP,EXPANSION,,24.183127962085305,,23.94,25.04,29.77,23.54,29468.23,699.0,-366.02000000000044,-1.226844985209953,-1504575.2999999998,3174061.58,7352692.34,363287.32,-1639982.58,-39.725939999999994,10998.19,369,97,272,25.360569105691056,,
2026-07-10T06:12:57 ET,2026-07-10T06:10:00 ET,2026-07-10,Fri,0612ET,2026-07-14,29834.25,707.585,29850.7,NEAR_FLIP,EXPANSION,,24.183127962085305,,23.94,25.04,29.77,23.54,29469.06,699.0,-365.1899999999987,-1.2240629477865161,-865438.16,960338.2999999999,4043759.35,88495.78,-2621084.92,-56.545733000000006,4170.81,125,6,119,26.52768,,
2026-07-10T06:12:57 ET,2026-07-10T06:10:00 ET,2026-07-10,Fri,0612ET,2026-07-10,29834.25,707.585,29850.7,NEAR_FLIP,EXPANSION,,24.183127962085305,,23.94,25.04,29.77,23.54,29472.28,699.0,-361.97000000000116,-1.2132699833245386,-9223791.149999999,14084281.59,32506754.84,4204808.18,-13681389.729999999,-384.254925,26682.64,1447,254,1193,34.59447131997236,,
2026-07-10T06:12:57 ET,2026-07-10T06:10:00 ET,2026-07-10,Fri,0612ET,2026-07-13,29834.25,707.585,29850.7,NEAR_FLIP,EXPANSION,,24.183127962085305,,23.94,25.04,29.77,23.54,29510.39,700.0,-323.8600000000006,-1.0855308915089221,-16024444.88,18407093.080000002,71312792.96000001,1840566.49,-40222762.56999999,-1015.172223,62604.89,2063,135,1928,24.91439650993698,,
2026-07-10T06:12:57 ET,2026-07-10T06:10:00 ET,2026-07-10,Fri,0612ET,2026-07-14,29834.25,707.585,29850.7,NEAR_FLIP,EXPANSION,,24.183127962085305,,23.94,25.04,29.77,23.54,29511.22,700.0,-323.02999999999884,-1.082748854085485,-18772653.52,20647505.2,79324300.39,1657702.58,-57732201.269999996,-1288.0787559999999,88110.98,2604,116,2488,26.07703533026114,,
2026-07-10T06:12:57 ET,2026-07-10T06:10:00 ET,2026-07-10,Fri,0612ET,2026-07-10,29834.25,707.585,29850.7,NEAR_FLIP,EXPANSION,,24.183127962085305,,23.94,25.04,29.77,23.54,29514.44,700.0,-319.8100000000013,-1.0719558896235077,-177954115.52,217447942.72,558233251.87,57018330.65,-356536917.79,-10267.789216,406865.21,21540,2010,19530,34.17197771587744,,
2026-07-10T06:12:57 ET,2026-07-10T06:10:00 ET,2026-07-10,Fri,0612ET,2026-07-13,29834.25,707.585,29850.7,NEAR_FLIP,EXPANSION,,24.183127962085305,,23.94,25.04,29.77,23.54,29552.54,701.0,-281.7099999999991,-0.9442503163310596,-1267828.9599999997,3651736.5999999996,4628738.0,312310.41,-1116186.4899999993,-25.4315,12679.25,409,132,277,25.409902200488997,,
2026-07-10T06:12:57 ET,2026-07-10T06:10:00 ET,2026-07-10,Fri,0612ET,2026-07-14,29834.25,707.585,29850.7,NEAR_FLIP,EXPANSION,,24.183127962085305,,23.94,25.04,29.77,23.54,29553.38,701.0,-280.869999999999,-0.9414347603844541,-616322.1900000001,847144.11,2291816.2,57987.369999999995,-1749717.0699999998,-39.93941,3566.69,104,14,90,25.72596153846154,,
2026-07-10T06:12:57 ET,2026-07-10T06:10:00 ET,2026-07-10,Fri,0612ET,2026-07-10,29834.25,707.585,29850.7,NEAR_FLIP,EXPANSION,,24.183127962085305,,23.94,25.04,29.77,23.54,29556.6,701.0,-277.65000000000146,-0.9306417959224764,-7609501.02,13462903.64,21123119.729999997,3040399.62,-11373971.680000002,-349.75289000000004,25137.48,1300,291,1009,34.102338461538466,,
2026-07-10T06:12:57 ET,2026-07-10T06:10:00 ET,2026-07-10,Fri,0612ET,2026-07-13,29834.25,707.585,29850.7,NEAR_FLIP,EXPANSION,,24.183127962085305,,23.94,25.04,29.77,23.54,29594.7,702.0,-239.54999999999927,-0.8029362226300284,-444324.25,5146385.59,1528077.1800000006,366995.61,3285850.8600000003,82.56563700000001,17410.02,554,255,299,24.74586642599278,,
2026-07-10T06:12:57 ET,2026-07-10T06:10:00 ET,2026-07-10,Fri,0612ET,2026-07-14,29834.25,707.585,29850.7,NEAR_FLIP,EXPANSION,,24.183127962085305,,23.94,25.04,29.77,23.54,29595.54,702.0,-238.70999999999913,-0.8001206666834231,-1626568.0699999998,1794453.23,5197428.63,101271.83,-5263894.21,-122.569719,7540.81,217,10,207,25.692811059907836,,
2026-07-10T06:12:57 ET,2026-07-10T06:10:00 ET,2026-07-10,Fri,0612ET,2026-07-10,29834.25,707.585,29850.7,NEAR_FLIP,EXPANSION,,24.183127962085305,,23.94,25.04,29.77,23.54,29598.77,702.0,-235.47999999999956,-0.7892941836982649,-11200283.5,32633216.9,25480640.15,6170563.95,-8811858.850000001,-278.2184619999998,62303.89,3149,1044,2105,34.85913623372499,,
2026-07-10T06:12:57 ET,2026-07-10T06:10:00 ET,2026-07-10,Fri,0612ET,2026-07-13,29834.25,707.585,29850.7,NEAR_FLIP,EXPANSION,,24.183127962085305,,23.94,25.04,29.77,23.54,29636.86,703.0,-197.38999999999942,-0.6616221289289974,-1174209.25,5532157.03,3269806.9899999993,314471.9,62638.32999999821,-1.3202150000000188,18646.370000000003,585,232,353,24.66948717948718,,
2026-07-10T06:12:57 ET,2026-07-10T06:10:00 ET,2026-07-10,Fri,0612ET,2026-07-14,29834.25,707.585,29850.7,NEAR_FLIP,EXPANSION,,24.183127962085305,,23.94,25.04,29.77,23.54,29637.7,703.0,-196.54999999999927,-0.658806572982392,-680713.4100000001,1926371.29,1711132.9699999997,85929.48,-1426447.6600000001,-31.421357999999998,8082.91,230,73,157,25.624347826086957,,
2026-07-10T06:12:57 ET,2026-07-10T06:10:00 ET,2026-07-10,Fri,0612ET,2026-07-10,29834.25,707.585,29850.7,NEAR_FLIP,EXPANSION,,24.183127962085305,,23.94,25.04,29.77,23.54,29640.93,703.0,-193.3199999999997,-0.6479800899972337,-15222744.21,26085090.57,29819736.52,3988346.73,-29221130.080000002,-941.175909,48149.34,2399,520,1879,33.722330137557314,,
2026-07-10T06:12:57 ET,2026-07-10T06:10:00 ET,2026-07-10,Fri,0612ET,2026-07-13,29834.25,707.585,29850.7,NEAR_FLIP,EXPANSION,,24.183127962085305,,23.94,25.04,29.77,23.54,29679.02,704.0,-155.22999999999956,-0.5203080352279664,-3076932.99,3573294.21,6934665.91,151581.93,-8861878.399999999,-245.228714,11797.51,366,26,340,24.222677595628415,,
2026-07-10T06:12:57 ET,2026-07-10T06:10:00 ET,2026-07-10,Fri,0612ET,2026-07-14,29834.25,707.585,29850.7,NEAR_FLIP,EXPANSION,,24.183127962085305,,23.94,25.04,29.77,23.54,29679.86,704.0,-154.38999999999942,-0.5174924792813609,-25689619.26,27091795.2,55181447.529999994,885249.87,-88257571.73,-2139.41201,111782.45999999999,3152,81,3071,25.250748730964467,,
2026-07-10T06:12:57 ET,2026-07-10T06:10:00 ET,2026-07-10,Fri,0612ET,2026-07-10,29834.25,707.585,29850.7,NEAR_FLIP,EXPANSION,,24.183127962085305,,23.94,25.04,29.77,23.54,29683.09,704.0,-151.15999999999985,-0.5066659962962027,-4826533.630000001,9573028.77,7509178.72,1114160.9100000001,-9282166.149999999,-311.00637500000005,17612.74,865,224,641,33.62050867052023,,
2026-07-10T06:12:57 ET,2026-07-10T06:10:00 ET,2026-07-10,Fri,0612ET,2026-07-13,29834.25,707.585,29850.7,NEAR_FLIP,EXPANSION,,24.183127962085305,,23.94,25.04,29.77,23.54,29721.17,705.0,-113.08000000000175,-0.379027460050116,-34407540.58,39052941.78,57763430.7,1095252.15,-103771320.92,-2909.722968,128381.01,3944,240,3704,24.126774847870188,,
2026-07-10T06:12:57 ET,2026-07-10T06:10:00 ET,2026-07-10,Fri,0612ET,2026-07-14,29834.25,707.585,29850.7,NEAR_FLIP,EXPANSION,,24.183127962085305,,23.94,25.04,29.77,23.54,29722.01,705.0,-112.2400000000016,-0.3762119041035106,-22578609.36,26417090.68,36146186.83,550055.61,-78483624.22,-1928.703393,108293.62999999999,3030,219,2811,25.08687128712871,,
2026-07-10T06:12:57 ET,2026-07-10T06:10:00 ET,2026-07-10,Fri,0612ET,2026-07-10,29834.25,707.585,29850.7,NEAR_FLIP,EXPANSION,,24.183127962085305,,23.94,25.04,29.77,23.54,29725.26,705.0,-108.9900000000016,-0.3653183840720032,-27957729.549999997,68050231.77,32285772.06,5436153.67,-52982566.70999999,-1876.1355529999996,124684.01000000001,6055,1871,4184,33.49070189925681,,
2026-07-10T06:12:57 ET,2026-07-10T06:10:00 ET,2026-07-10,Fri,0612ET,2026-07-13,29834.25,707.585,29850.7,NEAR_FLIP,EXPANSION,,24.183127962085305,,23.94,25.04,29.77,23.54,29763.33,706.0,-70.91999999999825,-0.2377133663490728,-3792689.5300000003,6161420.55,4014507.56,83414.45000000001,-11635650.3,-320.861604,20664.64,630,121,509,24.6015873015873,,
2026-07-10T06:12:57 ET,2026-07-10T06:10:00 ET,2026-07-10,Fri,0612ET,2026-07-14,29834.25,707.585,29850.7,NEAR_FLIP,EXPANSION,,24.183127962085305,,23.94,25.04,29.77,23.54,29764.17,706.0,-70.08000000000175,-0.2348978104024795,144681.21999999997,3751786.34,-196271.57999999984,34120.79,1924154.9500000002,48.350340999999986,15243.91,424,220,204,24.79547169811321,,
2026-07-10T06:12:57 ET,2026-07-10T06:10:00 ET,2026-07-10,Fri,0612ET,2026-07-10,29834.25,707.585,29850.7,NEAR_FLIP,EXPANSION,,24.183127962085305,,23.94,25.04,29.77,23.54,29767.42,706.0,-66.83000000000175,-0.2240042903709721,1937284.2999999989,23229946.939999998,-1074203.71,993843.7,13541448.030000001,395.4902609999999,44299.28,2133,1165,968,34.80493670886076,,
2026-07-10T06:12:57 ET,2026-07-10T06:10:00 ET,2026-07-10,Fri,0612ET,2026-07-13,29834.25,707.585,29850.7,NEAR_FLIP,EXPANSION,,24.183127962085305,,23.94,25.04,29.77,23.54,29805.49,707.0,-28.7599999999984,-0.09639927264804175,-599307.8300000001,3739470.49,347917.26,-2253.6800000000003,-1136491.58,-38.824596000000014,12226.02,371,159,212,23.95714285714286,,
2026-07-10T06:12:57 ET,2026-07-10T06:10:00 ET,2026-07-10,Fri,0612ET,2026-07-14,29834.25,707.585,29850.7,NEAR_FLIP,EXPANSION,,24.183127962085305,,23.94,25.04,29.77,23.54,29806.33,707.0,-27.919999999998254,-0.09358371670143628,737074.23,4871159.1899999995,-389480.68999999994,-13396.59,4040358.9000000004,100.57129999999998,19639.47,544,314,230,24.591139705882355,,
2026-07-10T06:12:57 ET,2026-07-10T06:10:00 ET,2026-07-10,Fri,0612ET,2026-07-10,29834.25,707.585,29850.7,NEAR_FLIP,EXPANSION,,24.183127962085305,,23.94,25.04,29.77,23.54,29809.58,707.0,-24.669999999998254,-0.08269019666992887,-26402420.08,37149459.78,6685382.07,265004.02,-72679429.18,-2471.6356880000003,66462.89,3186,495,2691,32.71725988700565,,
2026-07-10T06:12:57 ET,2026-07-10T06:10:00 ET,2026-07-10,Fri,0612ET,2026-07-13,29834.25,707.585,29850.7,NEAR_FLIP,EXPANSION,,24.183127962085305,,23.94,25.04,29.77,23.54,29847.65,708.0,13.400000000001455,0.04491482105298929,-903515.1000000001,4225117.9,-62337.229999999996,-63541.46000000001,-2946054.4699999997,-83.46079599999999,13940.310000000001,422,166,256,24.183127962085305,,
2026-07-10T06:12:57 ET,2026-07-10T06:10:00 ET,2026-07-10,Fri,0612ET,2026-07-14,29834.25,707.585,29850.7,NEAR_FLIP,EXPANSION,,24.183127962085305,,23.94,25.04,29.77,23.54,29848.49,708.0,14.2400000000016,0.047730376999594766,-1525479.6400000001,3207849.8400000003,-83409.95000000001,-46994.96,-5604040.38,-146.36832199999998,12916.880000000001,357,96,261,24.639411764705883,,
2026-07-10T06:12:57 ET,2026-07-10T06:10:00 ET,2026-07-10,Fri,0612ET,2026-07-10,29834.25,707.585,29850.7,NEAR_FLIP,EXPANSION,,24.183127962085305,,23.94,25.04,29.77,23.54,29851.75,708.0,17.5,0.05865741555427068,695694.3500000015,38478717.71,141316.22999999998,-1172655.4300000002,2890034.9399999976,69.12314400000014,74094.44,3546,1814,1732,35.15300620417372,,
2026-07-10T06:12:57 ET,2026-07-10T06:10:00 ET,2026-07-10,Fri,0612ET,2026-07-13,29834.25,707.585,29850.7,NEAR_FLIP,EXPANSION,,24.183127962085305,,23.94,25.04,29.77,23.54,29889.81,709.0,55.56000000000131,0.1862289147540203,-227588.1299999999,5767513.41,-146657.96999999997,-169841.33000000002,-1008578.2200000007,-36.12026500000002,19190.84,581,283,298,24.379191049913945,,
2026-07-10T06:12:57 ET,2026-07-10T06:10:00 ET,2026-07-10,Fri,0612ET,2026-07-14,29834.25,707.585,29850.7,NEAR_FLIP,EXPANSION,,24.183127962085305,,23.94,25.04,29.77,23.54,29890.65,709.0,56.400000000001455,0.1890444707006258,1399128.65,5025320.85,892090.78,-133256.56,5382146.91,131.69352,20229.58,559,360,199,24.553881932021465,,
2026-07-10T06:12:57 ET,2026-07-10T06:10:00 ET,2026-07-10,Fri,0612ET,2026-07-10,29834.25,707.585,29850.7,NEAR_FLIP,EXPANSION,,24.183127962085305,,23.94,25.04,29.77,23.54,29893.91,709.0,59.659999999999854,0.19997150925530174,-10966762.32,42425467.86,-6208928.010000002,-2827591.35,-43072542.400000006,-1283.693495,80409.6,3854,1404,2450,34.620202387130256,,
2026-07-10T06:12:57 ET,2026-07-10T06:10:00 ET,2026-07-10,Fri,0612ET,2026-07-13,29834.25,707.585,29850.7,NEAR_FLIP,EXPANSION,,24.183127962085305,,23.94,25.04,29.77,23.54,29931.96,710.0,97.70999999999913,0.3275094899318707,-6068211.760000002,27218917.34,-7226960.539999999,-1186714.79,-27357513.479999997,-780.744067,89110.72,2705,1053,1652,24.011608133086877,,
2026-07-10T06:12:57 ET,2026-07-10T06:10:00 ET,2026-07-10,Fri,0612ET,2026-07-14,29834.25,707.585,29850.7,NEAR_FLIP,EXPANSION,,24.183127962085305,,23.94,25.04,29.77,23.54,29932.81,710.0,98.56000000000131,0.33035856440165684,-2580870.0800000005,7157426.720000001,-3097146.0600000005,-273529.32,-11299332.969999999,-296.028822,28500.16,789,256,533,24.374093789607098,,
2026-07-10T06:12:57 ET,2026-07-10T06:10:00 ET,2026-07-10,Fri,0612ET,2026-07-10,29834.25,707.585,29850.7,NEAR_FLIP,EXPANSION,,24.183127962085305,,23.94,25.04,29.77,23.54,29936.07,710.0,101.81999999999971,0.34128560295633276,-21385914.130000003,131561817.11000001,-19663206.629999995,-13550809.95,-111488085.82,-3294.341285999999,249256.19999999998,12001,4954,7047,34.609585034580455,,
2026-07-10T06:12:57 ET,2026-07-10T06:10:00 ET,2026-07-10,Fri,0612ET,2026-07-13,29834.25,707.585,29850.7,NEAR_FLIP,EXPANSION,,24.183127962085305,,23.94,25.04,29.77,23.54,29974.12,711.0,139.86999999999898,0.4688235836329017,-923112.9199999999,20352186.740000002,-1488491.1099999994,-1178031.6099999999,-10379738.96,-303.49677499999996,66595.4,2032,975,1057,23.989999999999995,,
2026-07-10T06:12:57 ET,2026-07-10T06:10:00 ET,2026-07-10,Fri,0612ET,2026-07-14,29834.25,707.585,29850.7,NEAR_FLIP,EXPANSION,,24.183127962085305,,23.94,25.04,29.77,23.54,29974.97,711.0,140.72000000000116,0.4716726581026879,1680222.1400000001,6359958.02,2961378.56,-319107.29,4771714.32,112.06433100000001,25513.1,709,453,256,24.483906911142455,,
2026-07-10T06:12:57 ET,2026-07-10T06:10:00 ET,2026-07-10,Fri,0612ET,2026-07-10,29834.25,707.585,29850.7,NEAR_FLIP,EXPANSION,,24.183127962085305,,23.94,25.04,29.77,23.54,29978.24,711.0,143.9900000000016,0.4826332151805445,1661877.63,12070136.489999998,2350598.41,-1683772.01,336082.58000000194,9.509690999999975,23115.26,1121,638,483,34.96446922390722,,
2026-07-10T06:12:57 ET,2026-07-10T06:10:00 ET,2026-07-10,Fri,0612ET,2026-07-13,29834.25,707.585,29850.7,NEAR_FLIP,EXPANSION,,24.183127962085305,,23.94,25.04,29.77,23.54,30016.28,712.0,182.02999999999884,0.6101376773339328,-6059415.58,9180177.66,-14415222.840000002,-659774.16,-26029646.74,-738.3283869999999,29853.71,918,158,760,23.928932461873636,,
2026-07-10T06:12:57 ET,2026-07-10T06:10:00 ET,2026-07-10,Fri,0612ET,2026-07-14,29834.25,707.585,29850.7,NEAR_FLIP,EXPANSION,,24.183127962085305,,23.94,25.04,29.77,23.54,30017.13,712.0,182.88000000000102,0.612986751803719,2555624.46,6844236.28,6152343.410000001,-423472.80999999994,6770206.879999999,169.57646799999998,27033.89,756,521,235,24.099999999999998,,
2026-07-10T06:12:57 ET,2026-07-10T06:10:00 ET,2026-07-10,Fri,0612ET,2026-07-10,29834.25,707.585,29850.7,NEAR_FLIP,EXPANSION,,24.183127962085305,,23.94,25.04,29.77,23.54,30020.4,712.0,186.15000000000146,0.6239473088815756,6965286.71,21213863.13,13813255.820000002,-3713275.58,8610617.650000002,315.9032430000001,39187.19,1924,1256,668,33.737027027027025,,
2026-07-10T06:12:57 ET,2026-07-10T06:10:00 ET,2026-07-10,Fri,0612ET,2026-07-13,29834.25,707.585,29850.7,NEAR_FLIP,EXPANSION,,24.183127962085305,,23.94,25.04,29.77,23.54,30058.44,713.0,224.1899999999987,0.7514517710349637,-2633196.84,5415321.72,-7672383.76,-465521.54,-12991593.91,-363.771044,17436.47,542,138,404,23.68232472324723,,
2026-07-10T06:12:57 ET,2026-07-10T06:10:00 ET,2026-07-10,Fri,0612ET,2026-07-14,29834.25,707.585,29850.7,NEAR_FLIP,EXPANSION,,24.183127962085305,,23.94,25.04,29.77,23.54,30059.29,713.0,225.04000000000087,0.75430084550475,1056265.58,3001329.34,3035213.4899999998,-221414.39,2524728.8500000006,58.008652,12032.94,339,232,107,24.468525073746314,,
2026-07-10T06:12:57 ET,2026-07-10T06:10:00 ET,2026-07-10,Fri,0612ET,2026-07-10,29834.25,707.585,29850.7,NEAR_FLIP,EXPANSION,,24.183127962085305,,23.94,25.04,29.77,23.54,30062.57,713.0,228.3199999999997,0.7652949211057751,-15377991.93,31372704.85,-33013517.43,-6631558.83,-74885542.52000001,-2212.4973739999996,59711.979999999996,2966,745,2221,34.796449763991916,,
2026-07-10T06:12:57 ET,2026-07-10T06:10:00 ET,2026-07-10,Fri,0612ET,2026-07-13,29834.25,707.585,29850.7,NEAR_FLIP,EXPANSION,,24.183127962085305,,23.94,25.04,29.77,23.54,30100.59,714.0,266.34000000000015,0.8927323462128264,2983415.2800000003,7029804.88,10733437.540000001,-707276.49,5352273.039999999,142.335844,22910.379999999997,721,516,205,23.853037447988907,,
2026-07-10T06:12:57 ET,2026-07-10T06:10:00 ET,2026-07-10,Fri,0612ET,2026-07-14,29834.25,707.585,29850.7,NEAR_FLIP,EXPANSION,,24.183127962085305,,23.94,25.04,29.77,23.54,30101.44,714.0,267.1899999999987,0.8955814206826004,2277034.0900000003,6287782.890000001,8015430.380000001,-537068.06,4467032.1,104.44399200000001,24900.03,709,487,222,24.1772778561354,,
2026-07-10T06:12:57 ET,2026-07-10T06:10:00 ET,2026-07-10,Fri,0612ET,2026-07-10,29834.25,707.585,29850.7,NEAR_FLIP,EXPANSION,,24.183127962085305,,23.94,25.04,29.77,23.54,30104.73,714.0,270.47999999999956,0.9066090148068062,-1440113.2999999989,21630472.08,-2783000.289999999,-5347480.02,-24746809.07,-704.3237529999999,40837.64,2064,950,1114,34.501482558139536,,
2026-07-10T06:12:57 ET,2026-07-10T06:10:00 ET,2026-07-10,Fri,0612ET,2026-07-13,29834.25,707.585,29850.7,NEAR_FLIP,EXPANSION,,24.183127962085305,,23.94,25.04,29.77,23.54,30142.75,715.0,308.5,1.0340464399138574,-2032058.2000000002,10527487.379999999,-7860291.830000002,-1201907.74,-17565257.12,-482.09077099999996,33677.36,1078,434,644,23.518831168831166,,
2026-07-10T06:12:57 ET,2026-07-10T06:10:00 ET,2026-07-10,Fri,0612ET,2026-07-14,29834.25,707.585,29850.7,NEAR_FLIP,EXPANSION,,24.183127962085305,,23.94,25.04,29.77,23.54,30143.6,715.0,309.34999999999854,1.0368955143836314,-2022282.1700000004,7400745.710000001,-8193475.470000001,-715054.47,-14718597.45,-375.96057399999995,28837.010000000002,832,306,526,23.8978125,,
2026-07-10T06:12:57 ET,2026-07-10T06:10:00 ET,2026-07-10,Fri,0612ET,2026-07-10,29834.25,707.585,29850.7,NEAR_FLIP,EXPANSION,,24.183127962085305,,23.94,25.04,29.77,23.54,30146.89,715.0,312.6399999999994,1.047923108507837,-7727213.530000001,107273283.19,-17114483.97,-30347681.59,-142569845.43,-3994.464921,202303.34,10429,4768,5661,34.464801035573885,,
2026-07-10T06:12:57 ET,2026-07-10T06:10:00 ET,2026-07-10,Fri,0612ET,2026-07-13,29834.25,707.585,29850.7,NEAR_FLIP,EXPANSION,,24.183127962085305,,23.94,25.04,29.77,23.54,30184.91,716.0,350.65999999999985,1.1753605336148885,-568373.32,2352367.96,-2514587.55,-301222.27,-4762737.38,-128.540828,7477.99,244,92,152,23.394918032786887,,
2026-07-10T06:12:57 ET,2026-07-10T06:10:00 ET,2026-07-10,Fri,0612ET,2026-07-14,29834.25,707.585,29850.7,NEAR_FLIP,EXPANSION,,24.183127962085305,,23.94,25.04,29.77,23.54,30185.76,716.0,351.5099999999984,1.1782096080846622,43893.92000000004,1638960.8399999999,239436.56000000006,-177700.38,-1537223.15,-39.765874000000004,6387.08,187,97,90,23.863368983957223,,
2026-07-10T06:12:57 ET,2026-07-10T06:10:00 ET,2026-07-10,Fri,0612ET,2026-07-10,29834.25,707.585,29850.7,NEAR_FLIP,EXPANSION,,24.183127962085305,,23.94,25.04,29.77,23.54,30189.06,716.0,354.8100000000013,1.189270720732049,4454455.11,14308877.190000001,16415764.379999999,-4556294.66,-2328005.8000000007,-46.91261900000006,26717.75,1412,916,496,34.106912181303116,,
2026-07-10T06:12:57 ET,2026-07-10T06:10:00 ET,2026-07-10,Fri,0612ET,2026-07-13,29834.25,707.585,29850.7,NEAR_FLIP,EXPANSION,,24.183127962085305,,23.94,25.04,29.77,23.54,30227.07,717.0,392.8199999999997,1.3166746273159196,1996574.4500000002,4318760.87,11012498.030000001,-616199.3099999999,2032411.7999999998,52.57567599999999,13806.869999999999,460,337,123,23.4115,,
2026-07-10T06:12:57 ET,2026-07-10T06:10:00 ET,2026-07-10,Fri,0612ET,2026-07-14,29834.25,707.585,29850.7,NEAR_FLIP,EXPANSION,,24.183127962085305,,23.94,25.04,29.77,23.54,30227.92,717.0,393.66999999999825,1.3195237017856936,-1056067.68,2390003.7,-5486500.040000001,-285595.83,-7238946.34,-179.097121,9191.34,274,77,197,23.64941605839416,,
2026-07-10T06:12:57 ET,2026-07-10T06:10:00 ET,2026-07-10,Fri,0612ET,2026-07-10,29834.25,707.585,29850.7,NEAR_FLIP,EXPANSION,,24.183127962085305,,23.94,25.04,29.77,23.54,30231.22,717.0,396.97000000000116,1.3305848144330799,1394577.17,23480621.130000003,8821427.270000003,-8297862.85,-29492408.32,-769.830616,43403.39,2361,1221,1140,33.80194409148666,,
2026-07-10T06:12:57 ET,2026-07-10T06:10:00 ET,2026-07-10,Fri,0612ET,2026-07-10,29834.25,707.585,29850.7,NEAR_FLIP,EXPANSION,,24.183127962085305,,23.94,25.04,29.77,23.54,30252.3,717.5,418.0499999999993,1.4012418612835893,-558509.7800000003,5709683.54,-1367946.5999999996,-2118197.4,-10925323.8,-287.186907,10593.59,584,256,328,33.945205479452056,,
2026-07-10T06:12:57 ET,2026-07-10T06:10:00 ET,2026-07-10,Fri,0612ET,2026-07-13,29834.25,707.585,29850.7,NEAR_FLIP,EXPANSION,,24.183127962085305,,23.94,25.04,29.77,23.54,30269.22,718.0,434.97000000000116,1.457955202493782,797484.81,3331628.41,4959511.09,-521003.95999999996,-1695844.88,-45.851449,10645.73,363,226,137,23.45151515151515,,
2026-07-10T06:12:57 ET,2026-07-10T06:10:00 ET,2026-07-10,Fri,0612ET,2026-07-14,29834.25,707.585,29850.7,NEAR_FLIP,EXPANSION,,24.183127962085305,,23.94,25.04,29.77,23.54,30270.08,718.0,435.83000000000175,1.4608377954867366,54151.19000000006,1793883.65,478953.2700000005,-235704.78,-2291563.32,-56.090275,6868.22,209,108,101,23.469808612440193,,
2026-07-10T06:12:57 ET,2026-07-10T06:10:00 ET,2026-07-10,Fri,0612ET,2026-07-10,29834.25,707.585,29850.7,NEAR_FLIP,EXPANSION,,24.183127962085305,,23.94,25.04,29.77,23.54,30273.38,718.0,439.130000000001,1.4718989081341112,7839003.290000001,22117333.33,37066819.32,-8593744.55,-7558892.870000001,-164.80353000000002,40576.04,2280,1522,758,33.52121929824562,,
2026-07-10T06:12:57 ET,2026-07-10T06:10:00 ET,2026-07-10,Fri,0612ET,2026-07-13,29834.25,707.585,29850.7,NEAR_FLIP,EXPANSION,,24.183127962085305,,23.94,25.04,29.77,23.54,30311.38,719.0,477.130000000001,1.5992692961948132,-5480962.36,8362049.64,-35027112.92,-1412417.6300000001,-35213376.81,-896.961653,26354.68,924,158,766,23.31952380952381,,
2026-07-10T06:12:57 ET,2026-07-10T06:10:00 ET,2026-07-10,Fri,0612ET,2026-07-14,29834.25,707.585,29850.7,NEAR_FLIP,EXPANSION,,24.183127962085305,,23.94,25.04,29.77,23.54,30312.24,719.0,477.9900000000016,1.6021518891877677,1237945.25,2303996.93,8202304.1,-330726.75,1661914.7800000003,37.717899,8885.03,276,213,63,23.544565217391302,,
2026-07-10T06:12:57 ET,2026-07-10T06:10:00 ET,2026-07-10,Fri,0612ET,2026-07-10,29834.25,707.585,29850.7,NEAR_FLIP,EXPANSION,,24.183127962085305,,23.94,25.04,29.77,23.54,30315.55,719.0,481.2999999999993,1.6132465203583108,-2580143.969999999,34874950.19,-7151143.760000005,-14780181.51,-72941374.27,-1852.6977660000002,65328.35,3763,1712,2051,34.24643901142706,,
2026-07-10T06:12:57 ET,2026-07-10T06:10:00 ET,2026-07-10,Fri,0612ET,2026-07-13,29834.25,707.585,29850.7,NEAR_FLIP,EXPANSION,,24.183127962085305,,23.94,25.04,29.77,23.54,30353.54,720.0,519.2900000000009,1.740583389895844,-1351192.87,11958998.07,-7632359.210000001,-2191637.67,-27368571.5,-679.0128179999999,37458.04,1357,601,756,23.088975681650698,,
2026-07-10T06:12:57 ET,2026-07-10T06:10:00 ET,2026-07-10,Fri,0612ET,2026-07-14,29834.25,707.585,29850.7,NEAR_FLIP,EXPANSION,,24.183127962085305,,23.94,25.04,29.77,23.54,30354.4,720.0,520.1500000000015,1.7434659828887988,-1567895.2600000002,6773689.859999999,-10344220.45,-1042351.9000000001,-18585702.87,-435.84727799999996,25686.559999999998,819,316,503,23.334090354090353,,
2026-07-10T06:12:57 ET,2026-07-10T06:10:00 ET,2026-07-10,Fri,0612ET,2026-07-10,29834.25,707.585,29850.7,NEAR_FLIP,EXPANSION,,24.183127962085305,,23.94,25.04,29.77,23.54,30357.71,720.0,523.4599999999991,1.7545606140593417,-15240846.629999995,133984860.91,-55103938.25,-61443563.84,-330005822.47,-8131.472608,250924.74,14970,6517,8453,34.23919772879091,,
2026-07-10T06:12:57 ET,2026-07-10T06:10:00 ET,2026-07-10,Fri,0612ET,2026-07-13,29834.25,707.585,29850.7,NEAR_FLIP,EXPANSION,,24.183127962085305,,23.94,25.04,29.77,23.54,30395.7,721.0,561.4500000000007,1.8818974835968751,993374.4999999998,4328553.14,8602337.200000001,-854711.27,-4658391.68,-112.75833,13519.77,507,312,195,22.955384615384617,,
2026-07-10T06:12:57 ET,2026-07-10T06:10:00 ET,2026-07-10,Fri,0612ET,2026-07-14,29834.25,707.585,29850.7,NEAR_FLIP,EXPANSION,,24.183127962085305,,23.94,25.04,29.77,23.54,30396.56,721.0,562.3100000000013,1.8847800765898297,16909.980000000214,2157121.74,382217.4799999995,-357224.18,-4069427.6799999997,-93.95021499999999,8188.56,268,136,132,23.31328358208955,,
2026-07-10T06:12:57 ET,2026-07-10T06:10:00 ET,2026-07-10,Fri,0612ET,2026-07-10,29834.25,707.585,29850.7,NEAR_FLIP,EXPANSION,,24.183127962085305,,23.94,25.04,29.77,23.54,30399.87,721.0,565.619999999999,1.8958747077603726,2452820.79,10859091.43,15561214.180000003,-5354324.7700000005,-14251937.18,-333.660851,20101.52,1254,760,494,33.81969696969697,,
2026-07-10T06:12:57 ET,2026-07-10T06:10:00 ET,2026-07-10,Fri,0612ET,2026-07-13,29834.25,707.585,29850.7,NEAR_FLIP,EXPANSION,,24.183127962085305,,23.94,25.04,29.77,23.54,30437.86,722.0,603.6100000000006,2.0232115772979062,-48118277.46,82753770.32,-389592283.57000005,-17338081.15,-390009431.09999996,-9121.439664000001,259068.62,10005,2106,7899,23.209493253373314,,
2026-07-10T06:12:57 ET,2026-07-10T06:10:00 ET,2026-07-10,Fri,0612ET,2026-07-14,29834.25,707.585,29850.7,NEAR_FLIP,EXPANSION,,24.183127962085305,,23.94,25.04,29.77,23.54,30438.72,722.0,604.4700000000012,2.0260941702908606,988612.0200000001,2174632.2,8557245.629999999,-386448.89999999997,-147592.69999999972,-4.525017000000005,8237.029999999999,278,203,75,23.168237410071942,,
2026-07-10T06:12:57 ET,2026-07-10T06:10:00 ET,2026-07-10,Fri,0612ET,2026-07-10,29834.25,707.585,29850.7,NEAR_FLIP,EXPANSION,,24.183127962085305,,23.94,25.04,29.77,23.54,30442.04,722.0,607.7900000000009,2.0372223199845845,-697853.0700000003,19076997.09,86417.62999999523,-10065655.36,-49956788.650000006,-1143.4032809999999,35585.42,2304,1095,1209,34.083333333333336,,
2026-07-10T06:12:57 ET,2026-07-10T06:10:00 ET,2026-07-10,Fri,0612ET,2026-07-10,29834.25,707.585,29850.7,NEAR_FLIP,EXPANSION,,24.183127962085305,,23.94,25.04,29.77,23.54,30463.12,722.5,628.869999999999,2.107879366835094,2487033.01,16087171.65,19633166.189999998,-8757528.879999999,-31094162.400000002,-693.294015,29601.739999999998,1978,1129,849,33.61766430738119,,
2026-07-10T06:12:57 ET,2026-07-10T06:10:00 ET,2026-07-10,Fri,0612ET,2026-07-13,29834.25,707.585,29850.7,NEAR_FLIP,EXPANSION,,24.183127962085305,,23.94,25.04,29.77,23.54,30480.01,723.0,645.7599999999984,2.1644921524757565,2241402.93,4498004.93,21315687.619999997,-1012869.1699999999,-1106112.1400000006,-26.35006100000001,13969.039999999999,566,425,141,22.784381625441693,,
2026-07-10T06:12:57 ET,2026-07-10T06:10:00 ET,2026-07-10,Fri,0612ET,2026-07-14,29834.25,707.585,29850.7,NEAR_FLIP,EXPANSION,,24.183127962085305,,23.94,25.04,29.77,23.54,30480.87,723.0,646.619999999999,2.167374745468711,2101422.42,3655422.1799999997,19573019.63,-691784.7200000001,1191177.8900000006,24.02801000000001,13731.869999999999,480,379,101,22.956791666666668,,
2026-07-10T06:12:57 ET,2026-07-10T06:10:00 ET,2026-07-10,Fri,0612ET,2026-07-10,29834.25,707.585,29850.7,NEAR_FLIP,EXPANSION,,24.183127962085305,,23.94,25.04,29.77,23.54,30484.2,723.0,649.9500000000007,2.1785364136856153,5069119.259999999,13958163.32,36815359.09,-7829361.43,-15934126.479999999,-343.53277799999995,25270.21,1750,1183,567,33.0616,,
2026-07-10T06:12:57 ET,2026-07-10T06:10:00 ET,2026-07-10,Fri,0612ET,2026-07-13,29834.25,707.585,29850.7,NEAR_FLIP,EXPANSION,,24.183127962085305,,23.94,25.04,29.77,23.54,30522.17,724.0,687.9199999999983,2.3058062461767874,-1318022.9099999997,7190992.109999999,-11176447.64,-1705151.0699999998,-25289046.0,-551.8360729999999,22440.239999999998,939,387,552,23.078051118210862,,
2026-07-10T06:12:57 ET,2026-07-10T06:10:00 ET,2026-07-10,Fri,0612ET,2026-07-14,29834.25,707.585,29850.7,NEAR_FLIP,EXPANSION,,24.183127962085305,,23.94,25.04,29.77,23.54,30523.03,724.0,688.7799999999988,2.3086888391697427,-4873173.22,8104553.44,-45067994.01,-1603997.1099999999,-43816777.419999994,-924.41263,30299.93,1089,220,869,23.18717171717172,,
2026-07-10T06:12:57 ET,2026-07-10T06:10:00 ET,2026-07-10,Fri,0612ET,2026-07-10,29834.25,707.585,29850.7,NEAR_FLIP,EXPANSION,,24.183127962085305,,23.94,25.04,29.77,23.54,30526.36,724.0,692.1100000000006,2.3198505073866467,12286380.33,27524587.310000002,90323988.05999999,-16386995.05,-25037438.359999996,-518.5929879999999,50318.51,3633,2616,1017,33.36501238645747,,
2026-07-10T06:12:57 ET,2026-07-10T06:10:00 ET,2026-07-10,Fri,0612ET,2026-07-13,29834.25,707.585,29850.7,NEAR_FLIP,EXPANSION,,24.183127962085305,,23.94,25.04,29.77,23.54,30564.33,725.0,730.0800000000017,2.4471203398778307,842335.1600000001,9517540.24,12107594.079999998,-2388664.0700000003,-24145086.560000002,-506.77507099999997,29238.71,1295,709,586,22.658710424710424,,
2026-07-10T06:12:57 ET,2026-07-10T06:10:00 ET,2026-07-10,Fri,0612ET,2026-07-14,29834.25,707.585,29850.7,NEAR_FLIP,EXPANSION,,24.183127962085305,,23.94,25.04,29.77,23.54,30565.19,725.0,730.9399999999987,2.4500029328707735,-4772175.3100000005,10352107.35,-46261082.91,-2166141.84,-52168655.64,-1066.3828720000001,38569.05,1439,393,1046,23.088908964558723,,
2026-07-10T06:12:57 ET,2026-07-10T06:10:00 ET,2026-07-10,Fri,0612ET,2026-07-10,29834.25,707.585,29850.7,NEAR_FLIP,EXPANSION,,24.183127962085305,,23.94,25.04,29.77,23.54,30568.53,725.0,734.2799999999988,2.461198119610846,26795672.62,64849763.86,217074152.85,-40770258.53,-83170887.63,-1663.514797,117179.6,9027,6362,2665,32.963954802259885,,
2026-07-10T06:12:57 ET,2026-07-10T06:10:00 ET,2026-07-10,Fri,0612ET,2026-07-13,29834.25,707.585,29850.7,NEAR_FLIP,EXPANSION,,24.183127962085305,,23.94,25.04,29.77,23.54,30606.49,726.0,772.2400000000016,2.588434433578862,708750.69,2934408.59,8665454.38,-777097.95,-5889517.330000001,-119.019181,9045.6,419,262,157,22.704749403341292,,
2026-07-10T06:12:57 ET,2026-07-10T06:10:00 ET,2026-07-10,Fri,0612ET,2026-07-14,29834.25,707.585,29850.7,NEAR_FLIP,EXPANSION,,24.183127962085305,,23.94,25.04,29.77,23.54,30607.35,726.0,773.0999999999985,2.5913170265718044,1452924.26,4036299.9800000004,16573957.249999998,-898353.49,-4700135.97,-95.116239,15082.18,587,402,185,22.923458262350938,,
2026-07-10T06:12:57 ET,2026-07-10T06:10:00 ET,2026-07-10,Fri,0612ET,2026-07-10,29834.25,707.585,29850.7,NEAR_FLIP,EXPANSION,,24.183127962085305,,23.94,25.04,29.77,23.54,30610.69,726.0,776.4399999999987,2.602512213311877,-332194.1500000004,16289488.75,2734244.9099999964,-10826071.99,-59714279.85000001,-1143.131391,30423.78,2399,1174,1225,34.01316381825761,,
2026-07-10T06:12:57 ET,2026-07-10T06:10:00 ET,2026-07-10,Fri,0612ET,2026-07-13,29834.25,707.585,29850.7,NEAR_FLIP,EXPANSION,,24.183127962085305,,23.94,25.04,29.77,23.54,30648.64,727.0,814.3899999999994,2.7297150087567124,644652.98,1456727.12,8138203.260000001,-405752.49,-1782416.1900000002,-34.825187,4419.28,219,159,60,22.295205479452054,,
2026-07-10T06:12:57 ET,2026-07-10T06:10:00 ET,2026-07-10,Fri,0612ET,2026-07-14,29834.25,707.585,29850.7,NEAR_FLIP,EXPANSION,,24.183127962085305,,23.94,25.04,29.77,23.54,30649.51,727.0,815.2599999999984,2.7326311202728353,3657271.7,4289524.78,43320451.52,-1008482.7000000001,5245348.51,96.23398,15828.16,651,604,47,22.48909370199693,,
2026-07-10T06:12:57 ET,2026-07-10T06:10:00 ET,2026-07-10,Fri,0612ET,2026-07-10,29834.25,707.585,29850.7,NEAR_FLIP,EXPANSION,,24.183127962085305,,23.94,25.04,29.77,23.54,30652.85,727.0,818.5999999999985,2.743826307012908,9401805.71,17590754.77,82534459.54,-12236918.739999998,-18246174.67,-334.484972,31669.949999999997,2757,2120,637,32.795636561479874,,
2026-07-10T06:12:57 ET,2026-07-10T06:10:00 ET,2026-07-10,Fri,0612ET,2026-07-10,29834.25,707.585,29850.7,NEAR_FLIP,EXPANSION,,24.183127962085305,,23.94,25.04,29.77,23.54,30673.94,727.5,839.6899999999987,2.8145168723865983,1373650.8199999998,5498282.24,13573312.750000002,-3926496.63,-14876058.4,-263.70029,10070.7,888,558,330,33.30614864864865,,
2026-07-10T06:12:57 ET,2026-07-10T06:10:00 ET,2026-07-10,Fri,0612ET,2026-07-13,29834.25,707.585,29850.7,NEAR_FLIP,EXPANSION,,24.183127962085305,,23.94,25.04,29.77,23.54,30690.8,728.0,856.5499999999993,2.8710291024577432,767376.1000000001,1849532.0,10103092.82,-539849.3500000001,-2877212.49,-53.396172,5645.780000000001,293,209,84,22.441023890784983,,
2026-07-10T06:12:57 ET,2026-07-10T06:10:00 ET,2026-07-10,Fri,0612ET,2026-07-14,29834.25,707.585,29850.7,NEAR_FLIP,EXPANSION,,24.183127962085305,,23.94,25.04,29.77,23.54,30691.67,728.0,857.4199999999983,2.873945213973866,1616305.51,2249660.5300000003,20243968.25,-553273.84,904755.46,14.726083000000003,8302.31,356,307,49,22.536713483146066,,
2026-07-10T06:12:57 ET,2026-07-10T06:10:00 ET,2026-07-10,Fri,0612ET,2026-07-10,29834.25,707.585,29850.7,NEAR_FLIP,EXPANSION,,24.183127962085305,,23.94,25.04,29.77,23.54,30695.02,728.0,860.7700000000004,2.88517391923712,-29046421.15,50221648.089999996,-226158425.89000005,-37023936.89,-379469834.82,-6506.978563000001,97082.79000000001,8297,1769,6528,34.980012052549114,,
2026-07-10T06:12:57 ET,2026-07-10T06:10:00 ET,2026-07-10,Fri,0612ET,2026-07-13,29834.25,707.585,29850.7,NEAR_FLIP,EXPANSION,,24.183127962085305,,23.94,25.04,29.77,23.54,30732.96,729.0,898.7099999999991,3.012343196158774,1082305.13,2720339.75,15133337.639999999,-829895.8300000001,-5126464.029999999,-90.18171199999999,8270.880000000001,456,322,134,22.353815789473686,,
2026-07-10T06:12:57 ET,2026-07-10T06:10:00 ET,2026-07-10,Fri,0612ET,2026-07-14,29834.25,707.585,29850.7,NEAR_FLIP,EXPANSION,,24.183127962085305,,23.94,25.04,29.77,23.54,30733.83,729.0,899.5800000000017,3.01525930767491,619203.03,1040358.8300000001,8291090.050000001,-266960.21,-463082.47,-8.886383999999996,3809.7400000000002,172,138,34,22.406162790697675,,
2026-07-10T06:12:57 ET,2026-07-10T06:10:00 ET,2026-07-10,Fri,0612ET,2026-07-10,29834.25,707.585,29850.7,NEAR_FLIP,EXPANSION,,24.183127962085305,,23.94,25.04,29.77,23.54,30737.18,729.0,902.9300000000003,3.026488012938151,3254835.6399999997,10560823.04,33222737.720000003,-8078733.399999999,-29564053.65,-481.37104899999997,19372.53,1882,1243,639,33.28003719447396,,
2026-07-10T06:12:57 ET,2026-07-10T06:10:00 ET,2026-07-10,Fri,0612ET,2026-07-13,29834.25,707.585,29850.7,NEAR_FLIP,EXPANSION,,24.183127962085305,,23.94,25.04,29.77,23.54,30775.12,730.0,940.869999999999,3.1536572898598054,2838313.0999999996,8584418.94,42688787.0,-2730754.81,-21891537.61,-362.905783,26022.66,1527,1030,497,22.299862475442044,,
2026-07-10T06:12:57 ET,2026-07-10T06:10:00 ET,2026-07-10,Fri,0612ET,2026-07-14,29834.25,707.585,29850.7,NEAR_FLIP,EXPANSION,,24.183127962085305,,23.94,25.04,29.77,23.54,30775.99,730.0,941.7400000000016,3.156573401375941,-340025.1699999999,7177458.33,-1616028.3700000048,-1904510.66,-32019170.129999995,-538.1869989999999,26316.11,1232,597,635,22.661103896103896,,
2026-07-10T06:12:57 ET,2026-07-10T06:10:00 ET,2026-07-10,Fri,0612ET,2026-07-10,29834.25,707.585,29850.7,NEAR_FLIP,EXPANSION,,24.183127962085305,,23.94,25.04,29.77,23.54,30779.34,730.0,945.0900000000001,3.1678021066391815,28536488.990000002,64932945.410000004,288236825.06999993,-51826855.7,-146251915.70999998,-2244.990347,119126.15,12383,8991,3392,33.26516918355811,,
2026-07-10T06:12:57 ET,2026-07-10T06:10:00 ET,2026-07-10,Fri,0612ET,2026-07-13,29834.25,707.585,29850.7,NEAR_FLIP,EXPANSION,,24.183127962085305,,23.94,25.04,29.77,23.54,30817.27,731.0,983.0200000000004,3.2949378650376677,624975.1400000001,2782787.46,10200573.36,-921711.89,-9810177.7,-152.549692,8473.630000000001,525,327,198,22.41011428571429,,
2026-07-10T06:12:57 ET,2026-07-10T06:10:00 ET,2026-07-10,Fri,0612ET,2026-07-14,29834.25,707.585,29850.7,NEAR_FLIP,EXPANSION,,24.183127962085305,,23.94,25.04,29.77,23.54,30818.15,731.0,983.9000000000015,3.2978874950769717,547038.74,648583.4199999999,7920967.12,-181472.27,512325.67999999993,7.535176999999999,2364.49,119,110,9,22.230504201680674,,
2026-07-10T06:12:57 ET,2026-07-10T06:10:00 ET,2026-07-10,Fri,0612ET,2026-07-10,29834.25,707.585,29850.7,NEAR_FLIP,EXPANSION,,24.183127962085305,,23.94,25.04,29.77,23.54,30821.51,731.0,987.2599999999984,3.3091497188633814,4889961.4399999995,12767305.639999999,52052831.79000001,-10639669.21,-37414777.24,-536.386714,23578.93,2616,1831,785,33.37827981651376,,
2026-07-10T06:12:57 ET,2026-07-10T06:10:00 ET,2026-07-10,Fri,0612ET,2026-07-13,29834.25,707.585,29850.7,NEAR_FLIP,EXPANSION,,24.183127962085305,,23.94,25.04,29.77,23.54,30859.43,732.0,1025.1800000000003,3.4362519587386986,1052072.08,2157674.56,16837976.12,-744759.22,-4516722.51,-67.08743799999999,6483.39,440,332,108,22.035727272727275,,
2026-07-10T06:12:57 ET,2026-07-10T06:10:00 ET,2026-07-10,Fri,0612ET,2026-07-14,29834.25,707.585,29850.7,NEAR_FLIP,EXPANSION,,24.183127962085305,,23.94,25.04,29.77,23.54,30860.3,732.0,1026.0499999999993,3.439168070254822,1532760.84,1811523.64,23199742.04,-527005.4,1280192.36,17.604685999999997,6587.450000000001,351,325,26,22.171481481481482,,
2026-07-10T06:12:57 ET,2026-07-10T06:10:00 ET,2026-07-10,Fri,0612ET,2026-07-10,29834.25,707.585,29850.7,NEAR_FLIP,EXPANSION,,24.183127962085305,,23.94,25.04,29.77,23.54,30863.67,732.0,1029.4199999999983,3.4504638125644123,15461551.8,18836817.080000002,165284069.6,-16172618.73,-1014886.1100000031,-29.938924999999983,33390.16,4253,3892,361,32.241408417587586,,
2026-07-10T06:12:57 ET,2026-07-10T06:10:00 ET,2026-07-10,Fri,0612ET,2026-07-10,29834.25,707.585,29850.7,NEAR_FLIP,EXPANSION,,24.183127962085305,,23.94,25.04,29.77,23.54,30884.75,732.5,1050.5,3.521120859414934,2599317.95,5059554.53,28989177.66,-4465332.42,-12518786.99,-162.84082,9239.25,1176,903,273,32.931785714285716,,
2026-07-10T06:12:57 ET,2026-07-10T06:10:00 ET,2026-07-10,Fri,0612ET,2026-07-13,29834.25,707.585,29850.7,NEAR_FLIP,EXPANSION,,24.183127962085305,,23.94,25.04,29.77,23.54,30901.59,733.0,1067.3400000000001,3.57756605243973,425366.74,2735406.88,8045064.419999998,-979603.3099999999,-13164120.870000001,-179.677065,8332.07,590,349,241,22.371440677966103,,
2026-07-10T06:12:57 ET,2026-07-10T06:10:00 ET,2026-07-10,Fri,0612ET,2026-07-14,29834.25,707.585,29850.7,NEAR_FLIP,EXPANSION,,24.183127962085305,,23.94,25.04,29.77,23.54,30902.46,733.0,1068.2099999999991,3.5804821639558533,648411.4600000001,739828.6,10243369.54,-223508.29,600568.42,7.867749,2679.88,152,143,9,22.082105263157896,,
2026-07-10T06:12:57 ET,2026-07-10T06:10:00 ET,2026-07-10,Fri,0612ET,2026-07-10,29834.25,707.585,29850.7,NEAR_FLIP,EXPANSION,,24.183127962085305,,23.94,25.04,29.77,23.54,30905.83,733.0,1071.5800000000017,3.591777906265456,6199912.62,9471501.56,68712651.93,-8493143.27,-14170117.530000001,-180.03659499999998,17225.11,2285,1908,377,32.880157549234134,,
2026-07-10T06:12:57 ET,2026-07-10T06:10:00 ET,2026-07-10,Fri,0612ET,2026-07-13,29834.25,707.585,29850.7,NEAR_FLIP,EXPANSION,,24.183127962085305,,23.94,25.04,29.77,23.54,30943.75,734.0,1109.5,3.718880146140761,611885.3,1451571.18,10480012.349999998,-540539.86,-4627132.88,-59.27721299999999,4415.53,338,244,94,22.260414201183433,,
2026-07-10T06:12:57 ET,2026-07-10T06:10:00 ET,2026-07-10,Fri,0612ET,2026-07-14,29834.25,707.585,29850.7,NEAR_FLIP,EXPANSION,,24.183127962085305,,23.94,25.04,29.77,23.54,30944.62,734.0,1110.369999999999,3.721796257656884,312196.37,436907.97,5182718.21,-136564.07,-212267.96000000008,-3.267498,1580.1899999999998,95,82,13,22.095894736842105,,
2026-07-10T06:12:57 ET,2026-07-10T06:10:00 ET,2026-07-10,Fri,0612ET,2026-07-10,29834.25,707.585,29850.7,NEAR_FLIP,EXPANSION,,24.183127962085305,,23.94,25.04,29.77,23.54,30948.0,734.0,1113.75,3.733125518489655,1404519.9699999997,4077120.55,16638090.5,-3839835.27,-18049111.689999998,-206.666913,7663.120000000001,1058,725,333,33.52694706994329,,
2026-07-10T06:12:57 ET,2026-07-10T06:10:00 ET,2026-07-10,Fri,0612ET,2026-07-13,29834.25,707.585,29850.7,NEAR_FLIP,EXPANSION,,24.183127962085305,,23.94,25.04,29.77,23.54,30985.91,735.0,1151.6599999999999,3.8601942398417926,3977581.54,4314120.76,69193589.36000001,-1663904.6300000001,2839674.76,28.920557,12758.93,1118,1077,41,21.60014311270125,,
2026-07-10T06:12:57 ET,2026-07-10T06:10:00 ET,2026-07-10,Fri,0612ET,2026-07-14,29834.25,707.585,29850.7,NEAR_FLIP,EXPANSION,,24.183127962085305,,23.94,25.04,29.77,23.54,30986.78,735.0,1152.5299999999988,3.863110351357915,-544691.5899999999,3799908.09,-6914615.75,-1218858.46,-28198554.49,-361.024767,13822.18,861,380,481,22.43747967479675,,
2026-07-10T06:12:57 ET,2026-07-10T06:10:00 ET,2026-07-10,Fri,0612ET,2026-07-10,29834.25,707.585,29850.7,NEAR_FLIP,EXPANSION,,24.183127962085305,,23.94,25.04,29.77,23.54,30990.16,735.0,1155.9099999999999,3.8744396121906868,12785771.16,27591263.94,154597260.38,-26936650.380000003,-106994677.67,-1123.360608,51407.47,7923,5903,2020,33.11140098447558,,
2026-07-10T06:12:57 ET,2026-07-10T06:10:00 ET,2026-07-10,Fri,0612ET,2026-07-13,29834.25,707.585,29850.7,NEAR_FLIP,EXPANSION,,24.183127962085305,,23.94,25.04,29.77,23.54,31028.06,736.0,1193.8100000000013,4.001474815019654,3417257.85,3910311.69,61355854.69,-1559592.51,600549.54,2.858554000000005,11649.449999999999,1087,1023,64,21.760082796688135,,
2026-07-10T06:12:57 ET,2026-07-10T06:10:00 ET,2026-07-10,Fri,0612ET,2026-07-14,29834.25,707.585,29850.7,NEAR_FLIP,EXPANSION,,24.183127962085305,,23.94,25.04,29.77,23.54,31028.94,736.0,1194.6899999999987,4.004424445058946,44429.76999999999,179590.03,862292.52,-59961.95999999999,-861160.0,-10.371636,650.45,44,28,16,22.175454545454546,,
2026-07-10T06:12:57 ET,2026-07-10T06:10:00 ET,2026-07-10,Fri,0612ET,2026-07-10,29834.25,707.585,29850.7,NEAR_FLIP,EXPANSION,,24.183127962085305,,23.94,25.04,29.77,23.54,31032.33,736.0,1198.0800000000017,4.015787224414899,3774855.8600000003,4834957.86,45659258.54,-4816631.07,-5194540.959999999,-51.45044,8827.65,1504,1346,158,32.913909574468086,,
2026-07-10T06:12:57 ET,2026-07-10T06:10:00 ET,2026-07-10,Fri,0612ET,2026-07-13,29834.25,707.585,29850.7,NEAR_FLIP,EXPANSION,,24.183127962085305,,23.94,25.04,29.77,23.54,31070.22,737.0,1235.9700000000012,4.142788908720686,654581.2200000001,838277.88,12342585.33,-345806.49,-781539.0200000001,-8.550500000000001,2486.0,256,230,26,21.61078125,,
2026-07-10T06:12:57 ET,2026-07-10T06:10:00 ET,2026-07-10,Fri,0612ET,2026-07-14,29834.25,707.585,29850.7,NEAR_FLIP,EXPANSION,,24.183127962085305,,23.94,25.04,29.77,23.54,31071.1,737.0,1236.8499999999985,4.145738538759977,2118020.1199999996,2274477.1,39201597.980000004,-788141.4,1979076.4100000001,20.091607000000003,8116.799999999999,610,590,20,21.72737704918033,,
2026-07-10T06:12:57 ET,2026-07-10T06:10:00 ET,2026-07-10,Fri,0612ET,2026-07-10,29834.25,707.585,29850.7,NEAR_FLIP,EXPANSION,,24.183127962085305,,23.94,25.04,29.77,23.54,31074.49,737.0,1240.2400000000016,4.157101318115929,1292235.9700000002,9361644.53,16065418.440000005,-10107510.370000001,-80603774.58000001,-698.771811,18565.78,3181,1861,1320,33.98754165356806,,
2026-07-10T06:12:57 ET,2026-07-10T06:10:00 ET,2026-07-10,Fri,0612ET,2026-07-10,29834.25,707.585,29850.7,NEAR_FLIP,EXPANSION,,24.183127962085305,,23.94,25.04,29.77,23.54,31095.57,737.5,1261.3199999999997,4.227758364966439,1246597.98,2171459.98,15805605.580000002,-2312475.4699999997,-8454635.62,-70.760158,4088.91,777,619,158,33.24015444015444,,
2026-07-10T06:12:57 ET,2026-07-10T06:10:00 ET,2026-07-10,Fri,0612ET,2026-07-13,29834.25,707.585,29850.7,NEAR_FLIP,EXPANSION,,24.183127962085305,,23.94,25.04,29.77,23.54,31112.38,738.0,1278.130000000001,4.284103002421716,1095494.55,1265403.99,21025002.79,-539685.1599999999,-325922.42999999993,-3.4227399999999992,3777.46,418,391,27,21.724641148325357,,
2026-07-10T06:12:57 ET,2026-07-10T06:10:00 ET,2026-07-10,Fri,0612ET,2026-07-14,29834.25,707.585,29850.7,NEAR_FLIP,EXPANSION,,24.183127962085305,,23.94,25.04,29.77,23.54,31113.26,738.0,1279.0099999999984,4.287052632461008,2538075.42,2722559.42,48186870.980000004,-973426.46,2254975.67,21.416565,9787.05,776,751,25,21.890605670103092,,
2026-07-10T06:12:57 ET,2026-07-10T06:10:00 ET,2026-07-10,Fri,0612ET,2026-07-10,29834.25,707.585,29850.7,NEAR_FLIP,EXPANSION,,24.183127962085305,,23.94,25.04,29.77,23.54,31116.65,738.0,1282.4000000000015,4.29841541181696,2650755.14,2765552.6,34425508.76,-2903236.88,1658403.53,11.813635999999999,4919.07,1055,1034,21,32.39658767772512,,
2026-07-10T06:12:57 ET,2026-07-10T06:10:00 ET,2026-07-10,Fri,0612ET,2026-07-13,29834.25,707.585,29850.7,NEAR_FLIP,EXPANSION,,24.183127962085305,,23.94,25.04,29.77,23.54,31154.54,739.0,1320.2900000000009,4.4254170961227475,591066.13,636925.8099999999,11791051.72,-279404.27,204229.20999999996,1.3646150000000006,1880.8,233,225,8,21.521802575107294,,
2026-07-10T06:12:57 ET,2026-07-10T06:10:00 ET,2026-07-10,Fri,0612ET,2026-07-14,29834.25,707.585,29850.7,NEAR_FLIP,EXPANSION,,24.183127962085305,,23.94,25.04,29.77,23.54,31155.42,739.0,1321.1699999999983,4.428366726162039,1061694.14,1225415.34,21044801.18,-451679.75,44873.070000000065,-0.4417080000000002,4374.78,379,355,24,21.732189973614776,,
2026-07-10T06:12:57 ET,2026-07-10T06:10:00 ET,2026-07-10,Fri,0612ET,2026-07-10,29834.25,707.585,29850.7,NEAR_FLIP,EXPANSION,,24.183127962085305,,23.94,25.04,29.77,23.54,31158.82,739.0,1324.5699999999997,4.43976302404116,2734380.29,2827009.25,36418426.019999996,-3058348.5,1828767.2600000002,12.284489,5055.41,1176,1157,19,32.578988095238095,,
2026-07-10T06:12:57 ET,2026-07-10T06:10:00 ET,2026-07-10,Fri,0612ET,2026-07-13,29834.25,707.585,29850.7,NEAR_FLIP,EXPANSION,,24.183127962085305,,23.94,25.04,29.77,23.54,31196.69,740.0,1362.4399999999987,4.566697671300598,2031665.8200000003,2282537.16,41654218.25,-1035077.23,-749590.7200000002,-5.869140000000002,6787.53,913,864,49,21.586604600219054,,
2026-07-10T06:12:57 ET,2026-07-10T06:10:00 ET,2026-07-10,Fri,0612ET,2026-07-14,29834.25,707.585,29850.7,NEAR_FLIP,EXPANSION,,24.183127962085305,,23.94,25.04,29.77,23.54,31197.58,740.0,1363.3300000000017,4.569680819863082,226248.45999999996,2146944.92,4819352.25,-831645.9299999999,-19203201.01,-166.683505,7959.85,712,399,313,22.11192415730337,,
2026-07-10T06:12:57 ET,2026-07-10T06:10:00 ET,2026-07-10,Fri,0612ET,2026-07-10,29834.25,707.585,29850.7,NEAR_FLIP,EXPANSION,,24.183127962085305,,23.94,25.04,29.77,23.54,31200.98,740.0,1366.7299999999996,4.581077117742191,14600265.209999999,14690302.17,199714957.03,-16312524.09,14665066.520000001,91.27546000000001,26272.86,6679,6658,21,32.69329989519389,,
2026-07-10T06:12:57 ET,2026-07-10T06:10:00 ET,2026-07-10,Fri,0612ET,2026-07-13,29834.25,707.585,29850.7,NEAR_FLIP,EXPANSION,,24.183127962085305,,23.94,25.04,29.77,23.54,31238.85,741.0,1404.5999999999985,4.708011765001629,468402.51,495402.17000000004,9873014.76,-230652.66999999998,154132.87,1.0320319999999996,1469.8999999999999,217,211,6,21.58921658986175,,
2026-07-10T06:12:57 ET,2026-07-10T06:10:00 ET,2026-07-10,Fri,0612ET,2026-07-14,29834.25,707.585,29850.7,NEAR_FLIP,EXPANSION,,24.183127962085305,,23.94,25.04,29.77,23.54,31239.73,741.0,1405.4799999999996,4.710961395040933,463196.18,474485.01999999996,9748026.94,-185266.7,506233.26,3.9149439999999998,1685.79,172,170,2,21.623720930232558,,
2026-07-10T06:12:57 ET,2026-07-10T06:10:00 ET,2026-07-10,Fri,0612ET,2026-07-10,29834.25,707.585,29850.7,NEAR_FLIP,EXPANSION,,24.183127962085305,,23.94,25.04,29.77,23.54,31243.14,741.0,1408.8899999999994,4.722391211443222,2167396.93,2174902.97,30416043.779999997,-2483792.86,2215089.55,12.595468,3904.52,1084,1082,2,32.837767527675275,,
2026-07-10T06:12:57 ET,2026-07-10T06:10:00 ET,2026-07-10,Fri,0612ET,2026-07-13,29834.25,707.585,29850.7,NEAR_FLIP,EXPANSION,,24.183127962085305,,23.94,25.04,29.77,23.54,31281.01,742.0,1446.7599999999984,4.84932585870266,948383.85,948383.85,20617999.6,-451543.18,1081852.21,6.34804,2795.12,456,456,0,21.57,,
2026-07-10T06:12:57 ET,2026-07-10T06:10:00 ET,2026-07-10,Fri,0612ET,2026-07-14,29834.25,707.585,29850.7,NEAR_FLIP,EXPANSION,,24.183127962085305,,23.94,25.04,29.77,23.54,31281.89,742.0,1447.6399999999994,4.852275488741964,1482855.96,1487956.48,32303754.73,-596729.9600000001,1902941.27,13.535417,5251.629999999999,590,589,1,21.502169491525425,,
2026-07-10T06:12:57 ET,2026-07-10T06:10:00 ET,2026-07-10,Fri,0612ET,2026-07-10,29834.25,707.585,29850.7,NEAR_FLIP,EXPANSION,,24.183127962085305,,23.94,25.04,29.77,23.54,31285.31,742.0,1451.0600000000013,4.8637388236674335,2099065.41,2115020.37,30197305.009999998,-2486124.94,1909618.0300000003,10.039878999999999,3815.46,1161,1156,5,32.958217054263564,,
2026-07-10T06:12:57 ET,2026-07-10T06:10:00 ET,2026-07-10,Fri,0612ET,2026-07-10,29834.25,707.585,29850.7,NEAR_FLIP,EXPANSION,,24.183127962085305,,23.94,25.04,29.77,23.54,31306.39,742.5,1472.1399999999994,4.9343958705179425,815542.11,841786.5299999999,11823163.33,-1010406.1900000001,271239.4199999999,1.797365,1535.03,487,478,9,33.05872689938398,,
2026-07-10T06:12:57 ET,2026-07-10T06:10:00 ET,2026-07-10,Fri,0612ET,2026-07-13,29834.25,707.585,29850.7,NEAR_FLIP,EXPANSION,,24.183127962085305,,23.94,25.04,29.77,23.54,31323.17,743.0,1488.9199999999983,4.990639952403692,269223.25,269223.25,6023186.7,-131668.85,300781.04,1.597642,793.15,143,143,0,21.57,,
2026-07-10T06:12:57 ET,2026-07-10T06:10:00 ET,2026-07-10,Fri,0612ET,2026-07-14,29834.25,707.585,29850.7,NEAR_FLIP,EXPANSION,,24.183127962085305,,23.94,25.04,29.77,23.54,31324.05,743.0,1489.7999999999993,4.993589582442995,1159663.98,1159663.98,26155663.93,-477503.52,1491937.16,9.647647,4065.25,506,506,0,21.37,,
2026-07-10T06:12:57 ET,2026-07-10T06:10:00 ET,2026-07-10,Fri,0612ET,2026-07-10,29834.25,707.585,29850.7,NEAR_FLIP,EXPANSION,,24.183127962085305,,23.94,25.04,29.77,23.54,31327.47,743.0,1493.2200000000012,5.005052917368465,1286743.05,1384581.03,18481155.62,-1710600.79,-1065126.71,-2.486892,2599.56,826,789,37,33.498728813559325,,
2026-07-10T06:12:57 ET,2026-07-10T06:10:00 ET,2026-07-10,Fri,0612ET,2026-07-13,29834.25,707.585,29850.7,NEAR_FLIP,EXPANSION,,24.183127962085305,,23.94,25.04,29.77,23.54,31365.32,744.0,1531.0699999999997,5.131920527581554,377101.53,377101.53,8634765.41,-189352.15,416123.28,2.021569,1115.8,219,219,0,21.66,,
2026-07-10T06:12:57 ET,2026-07-10T06:10:00 ET,2026-07-10,Fri,0612ET,2026-07-14,29834.25,707.585,29850.7,NEAR_FLIP,EXPANSION,,24.183127962085305,,23.94,25.04,29.77,23.54,31366.21,744.0,1531.9599999999991,5.134903676144026,253730.12,257717.74,5863601.68,-109104.85,255910.07,1.548978,907.39,122,121,1,21.431229508196722,,
2026-07-10T06:12:57 ET,2026-07-10T06:10:00 ET,2026-07-10,Fri,0612ET,2026-07-10,29834.25,707.585,29850.7,NEAR_FLIP,EXPANSION,,24.183127962085305,,23.94,25.04,29.77,23.54,31369.63,744.0,1535.380000000001,5.146367011069495,1335748.01,1377091.49,20219360.26,-1704113.27,729878.82,2.0159970000000005,2500.96,913,903,10,33.24654983570647,,
2026-07-10T06:12:57 ET,2026-07-10T06:10:00 ET,2026-07-10,Fri,0612ET,2026-07-13,29834.25,707.585,29850.7,NEAR_FLIP,EXPANSION,,24.183127962085305,,23.94,25.04,29.77,23.54,31407.48,745.0,1573.2299999999996,5.273234621282585,867013.74,867013.74,20388584.98,-446633.89,938478.43,4.11404,2565.54,558,558,0,21.67,,
2026-07-10T06:12:57 ET,2026-07-10T06:10:00 ET,2026-07-10,Fri,0612ET,2026-07-14,29834.25,707.585,29850.7,NEAR_FLIP,EXPANSION,,24.183127962085305,,23.94,25.04,29.77,23.54,31408.37,745.0,1574.119999999999,5.276217769845058,1275054.53,1275054.53,30377984.72,-552767.56,1577233.51,8.558555,4467.06,663,663,0,21.36,,
2026-07-10T06:12:57 ET,2026-07-10T06:10:00 ET,2026-07-10,Fri,0612ET,2026-07-10,29834.25,707.585,29850.7,NEAR_FLIP,EXPANSION,,24.183127962085305,,23.94,25.04,29.77,23.54,31411.8,745.0,1577.5499999999993,5.287714623293695,10385345.44,10408281.459999999,158515216.14000002,-13219994.42,10469568.620000001,41.370216,19188.4,7332,7326,6,33.76313420621931,,
2026-07-10T06:12:57 ET,2026-07-10T06:10:00 ET,2026-07-10,Fri,0612ET,2026-07-13,29834.25,707.585,29850.7,NEAR_FLIP,EXPANSION,,24.183127962085305,,23.94,25.04,29.77,23.54,31449.64,746.0,1615.3899999999994,5.414548714983615,176135.67,176135.67,4240729.48,-93039.96,187853.46,0.746808,522.48,125,125,0,21.73,,
2026-07-10T06:12:57 ET,2026-07-10T06:10:00 ET,2026-07-10,Fri,0612ET,2026-07-14,29834.25,707.585,29850.7,NEAR_FLIP,EXPANSION,,24.183127962085305,,23.94,25.04,29.77,23.54,31450.53,746.0,1616.2799999999988,5.417531863546088,67964.5,67964.5,1650456.4,-30211.01,83515.61,0.421459,239.79,38,38,0,21.51,,
2026-07-10T06:12:57 ET,2026-07-10T06:10:00 ET,2026-07-10,Fri,0612ET,2026-07-10,29834.25,707.585,29850.7,NEAR_FLIP,EXPANSION,,24.183127962085305,,23.94,25.04,29.77,23.54,31453.96,746.0,1619.7099999999991,5.4290287169947264,1312929.16,1312929.16,20573785.88,-1709917.64,1346446.14,4.821188,2418.38,1035,1035,0,33.75,,
2026-07-10T06:12:57 ET,2026-07-10T06:10:00 ET,2026-07-10,Fri,0612ET,2026-07-13,29834.25,707.585,29850.7,NEAR_FLIP,EXPANSION,,24.183127962085305,,23.94,25.04,29.77,23.54,31491.8,747.0,1657.5499999999993,5.555862808684647,359739.51,359739.51,8871349.52,-194745.34,377455.28,1.353691,1068.53,283,283,0,21.76,,
2026-07-10T06:12:57 ET,2026-07-10T06:10:00 ET,2026-07-10,Fri,0612ET,2026-07-14,29834.25,707.585,29850.7,NEAR_FLIP,EXPANSION,,24.183127962085305,,23.94,25.04,29.77,23.54,31492.69,747.0,1658.4399999999987,5.55884595724712,215546.98,215546.98,5411582.94,-98139.9,256479.62,1.155448,754.3,135,135,0,21.34,,
2026-07-10T06:12:57 ET,2026-07-10T06:10:00 ET,2026-07-10,Fri,0612ET,2026-07-10,29834.25,707.585,29850.7,NEAR_FLIP,EXPANSION,,24.183127962085305,,23.94,25.04,29.77,23.54,31496.12,747.0,1661.869999999999,5.570342810695758,1060149.54,1150358.96,17428049.759999998,-1488726.51,715969.94,-5.094307,2078.59,944,938,6,34.143961864406776,,
2026-07-10T06:12:57 ET,2026-07-10T06:10:00 ET,2026-07-10,Fri,0612ET,2026-07-13,29834.25,707.585,29850.7,NEAR_FLIP,EXPANSION,,24.183127962085305,,23.94,25.04,29.77,23.54,31533.96,748.0,1699.7099999999991,5.697176902385678,165879.69,165879.69,4171437.95,-91988.41,172420.3,0.564284,495.27,143,143,0,21.88,,
2026-07-10T06:12:57 ET,2026-07-10T06:10:00 ET,2026-07-10,Fri,0612ET,2026-07-14,29834.25,707.585,29850.7,NEAR_FLIP,EXPANSION,,24.183127962085305,,23.94,25.04,29.77,23.54,31534.85,748.0,1700.5999999999985,5.700160050948151,99688.29,99688.29,2556978.16,-46480.7,117165.5,0.484646,350.01,68,68,0,21.42,,
2026-07-10T06:12:57 ET,2026-07-10T06:10:00 ET,2026-07-10,Fri,0612ET,2026-07-10,29834.25,707.585,29850.7,NEAR_FLIP,EXPANSION,,24.183127962085305,,23.94,25.04,29.77,23.54,31538.29,748.0,1704.0400000000009,5.711690422919969,846447.0900000001,969857.53,14238246.89,-1279406.6,-332329.12,-9.352659,1766.11,847,829,18,34.57544273907911,,
2026-07-10T06:12:57 ET,2026-07-10T06:10:00 ET,2026-07-10,Fri,0612ET,2026-07-13,29834.25,707.585,29850.7,NEAR_FLIP,EXPANSION,,24.183127962085305,,23.94,25.04,29.77,23.54,31576.11,749.0,1741.8600000000006,5.838457477563541,177800.12,177800.12,4584940.53,-100951.44,181172.09,0.528381,530.25,172,172,0,21.86,,
2026-07-10T06:12:57 ET,2026-07-10T06:10:00 ET,2026-07-10,Fri,0612ET,2026-07-14,29834.25,707.585,29850.7,NEAR_FLIP,EXPANSION,,24.183127962085305,,23.94,25.04,29.77,23.54,31577.01,749.0,1742.7599999999984,5.841474144649181,536856.47,536856.47,14112571.9,-256182.48,619360.64,2.322254,1883.88,404,404,0,21.41,,
2026-07-10T06:12:57 ET,2026-07-10T06:10:00 ET,2026-07-10,Fri,0612ET,2026-07-10,29834.25,707.585,29850.7,NEAR_FLIP,EXPANSION,,24.183127962085305,,23.94,25.04,29.77,23.54,31580.45,749.0,1746.2000000000007,5.853004516621,1415942.89,1415942.89,23098375.81,-1985268.32,1383638.06,4.184952,2697.67,1390,1389,1,34.87240287769784,,
2026-07-10T06:12:57 ET,2026-07-10T06:10:00 ET,2026-07-10,Fri,0612ET,2026-07-13,29834.25,707.585,29850.7,NEAR_FLIP,EXPANSION,,24.183127962085305,,23.94,25.04,29.77,23.54,31618.27,750.0,1784.0200000000004,5.979771571264571,2352987.95,2352987.95,61209968.37,-1374509.16,1688647.98,6.482573,7127.63,2464,2454,10,22.086818181818177,,
2026-07-10T06:12:57 ET,2026-07-10T06:10:00 ET,2026-07-10,Fri,0612ET,2026-07-14,29834.25,707.585,29850.7,NEAR_FLIP,EXPANSION,,24.183127962085305,,23.94,25.04,29.77,23.54,31619.16,750.0,1784.9099999999999,5.982754719827044,454389.17,454389.17,12252421.17,-221804.15,513396.83,1.732155,1591.23,380,380,0,21.37,,
2026-07-10T06:12:57 ET,2026-07-10T06:10:00 ET,2026-07-10,Fri,0612ET,2026-07-10,29834.25,707.585,29850.7,NEAR_FLIP,EXPANSION,,24.183127962085305,,23.94,25.04,29.77,23.54,31622.61,750.0,1788.3600000000006,5.994318610322031,9701372.74,9701372.74,162653515.71,-13926472.26,9080356.51,24.538511,18404.83,10853,10844,9,34.73301852022482,,
2026-07-10T06:12:57 ET,2026-07-10T06:10:00 ET,2026-07-10,Fri,0612ET,2026-07-13,29834.25,707.585,29850.7,NEAR_FLIP,EXPANSION,,24.183127962085305,,23.94,25.04,29.77,23.54,31660.43,751.0,1826.1800000000003,6.1210856649656025,84138.08,84138.08,2242921.7,-50013.28,84716.98,0.207321,254.28,97,97,0,22.16,,
2026-07-10T06:12:57 ET,2026-07-10T06:10:00 ET,2026-07-10,Fri,0612ET,2026-07-14,29834.25,707.585,29850.7,NEAR_FLIP,EXPANSION,,24.183127962085305,,23.94,25.04,29.77,23.54,31661.32,751.0,1827.0699999999997,6.1240688135280745,17818.61,17818.61,487405.74,-8894.63,20091.24,0.063132,62.94,16,16,0,21.56,,
2026-07-10T06:12:57 ET,2026-07-10T06:10:00 ET,2026-07-10,Fri,0612ET,2026-07-10,29834.25,707.585,29850.7,NEAR_FLIP,EXPANSION,,24.183127962085305,,23.94,25.04,29.77,23.54,31664.78,751.0,1830.5299999999988,6.135666222546231,530971.92,530971.92,9021763.7,-778908.65,532423.66,1.250755,1016.69,638,638,0,35.1,,
2026-07-10T06:12:57 ET,2026-07-10T06:10:00 ET,2026-07-10,Fri,0612ET,2026-07-13,29834.25,707.585,29850.7,NEAR_FLIP,EXPANSION,,24.183127962085305,,23.94,25.04,29.77,23.54,31702.59,752.0,1868.3400000000001,6.262399758666634,94506.53,94506.53,2569786.77,-57445.7,93966.31,0.207062,286.34,121,121,0,22.22,,
2026-07-10T06:12:57 ET,2026-07-10T06:10:00 ET,2026-07-10,Fri,0612ET,2026-07-14,29834.25,707.585,29850.7,NEAR_FLIP,EXPANSION,,24.183127962085305,,23.94,25.04,29.77,23.54,31703.48,752.0,1869.2299999999996,6.265382907229106,112910.2,112910.2,3171468.62,-57604.3,124279.93,0.347311,397.16,114,114,0,21.47,,
2026-07-10T06:12:57 ET,2026-07-10T06:10:00 ET,2026-07-10,Fri,0612ET,2026-07-10,29834.25,707.585,29850.7,NEAR_FLIP,EXPANSION,,24.183127962085305,,23.94,25.04,29.77,23.54,31706.94,752.0,1872.6899999999987,6.276980316247262,526974.37,526974.37,9060066.99,-790551.75,529124.0,1.15745,1019.68,680,680,0,35.47,,
2026-07-10T06:12:57 ET,2026-07-10T06:10:00 ET,2026-07-10,Fri,0612ET,2026-07-13,29834.25,707.585,29850.7,NEAR_FLIP,EXPANSION,,24.183127962085305,,23.94,25.04,29.77,23.54,31744.74,753.0,1910.4900000000016,6.403680333844496,142817.47,142817.47,3931303.19,-88724.17,142028.56,0.290498,436.93,197,197,0,22.44,,
2026-07-10T06:12:57 ET,2026-07-10T06:10:00 ET,2026-07-10,Fri,0612ET,2026-07-14,29834.25,707.585,29850.7,NEAR_FLIP,EXPANSION,,24.183127962085305,,23.94,25.04,29.77,23.54,31745.64,753.0,1911.3899999999994,6.406697000930136,87740.9,87740.9,2509921.45,-45734.32,95594.9,0.24398,309.74,97,97,0,21.55,,
2026-07-10T06:12:57 ET,2026-07-10T06:10:00 ET,2026-07-10,Fri,0612ET,2026-07-10,29834.25,707.585,29850.7,NEAR_FLIP,EXPANSION,,24.183127962085305,,23.94,25.04,29.77,23.54,31749.1,753.0,1914.8499999999985,6.418294409948293,843685.52,843685.52,14670803.01,-1293773.6,848456.08,1.729941,1649.6,1168,1168,0,35.84,,
2026-07-10T06:12:57 ET,2026-07-10T06:10:00 ET,2026-07-10,Fri,0612ET,2026-07-13,29834.25,707.585,29850.7,NEAR_FLIP,EXPANSION,,24.183127962085305,,23.94,25.04,29.77,23.54,31786.9,754.0,1952.6500000000015,6.544994427545527,66683.57,66683.57,1857345.95,-42321.15,66346.8,0.126083,206.0,99,99,0,22.65,,
2026-07-10T06:12:57 ET,2026-07-10T06:10:00 ET,2026-07-10,Fri,0612ET,2026-07-14,29834.25,707.585,29850.7,NEAR_FLIP,EXPANSION,,24.183127962085305,,23.94,25.04,29.77,23.54,31787.8,754.0,1953.5499999999993,6.548011094631168,97198.42,97198.42,2865865.48,-51747.12,102566.3,0.226846,340.02,124,124,0,21.36,,
2026-07-10T06:12:57 ET,2026-07-10T06:10:00 ET,2026-07-10,Fri,0612ET,2026-07-10,29834.25,707.585,29850.7,NEAR_FLIP,EXPANSION,,24.183127962085305,,23.94,25.04,29.77,23.54,31791.27,754.0,1957.0200000000004,6.559642022172504,547245.93,547245.93,9500331.39,-869024.5700000001,-14745.050000000047,1.04881,1096.87,820,812,8,36.24780487804878,,
2026-07-10T06:12:57 ET,2026-07-10T06:10:00 ET,2026-07-10,Fri,0612ET,2026-07-13,29834.25,707.585,29850.7,NEAR_FLIP,EXPANSION,,24.183127962085305,,23.94,25.04,29.77,23.54,31829.06,755.0,1994.8100000000013,6.686308521246559,179511.96,179511.96,5099050.53,-116379.4,176140.08,0.299356,555.22,298,298,0,22.69,,
2026-07-10T06:12:57 ET,2026-07-10T06:10:00 ET,2026-07-10,Fri,0612ET,2026-07-14,29834.25,707.585,29850.7,NEAR_FLIP,EXPANSION,,24.183127962085305,,23.94,25.04,29.77,23.54,31829.96,755.0,1995.7099999999991,6.689325188332199,1549861.77,1549861.77,45987324.3,-842300.55,1651467.91,3.48548,5502.46,2072,2072,0,21.68,,
2026-07-10T06:12:57 ET,2026-07-10T06:10:00 ET,2026-07-10,Fri,0612ET,2026-07-10,29834.25,707.585,29850.7,NEAR_FLIP,EXPANSION,,24.183127962085305,,23.94,25.04,29.77,23.54,31833.43,755.0,1999.1800000000003,6.700956115873535,2169353.96,2169353.96,38911284.02,-3473585.26,2153172.76,3.657364,4288.08,3605,3605,0,36.24,,
2026-07-10T06:12:57 ET,2026-07-10T06:10:00 ET,2026-07-10,Fri,0612ET,2026-07-13,29834.25,707.585,29850.7,NEAR_FLIP,EXPANSION,,24.183127962085305,,23.94,25.04,29.77,23.54,31871.22,756.0,2036.9700000000012,6.82762261494759,18146.27,18146.27,526232.55,-12015.44,17516.68,0.026376,56.11,34,34,0,22.68,,
2026-07-10T06:12:57 ET,2026-07-10T06:10:00 ET,2026-07-10,Fri,0612ET,2026-07-14,29834.25,707.585,29850.7,NEAR_FLIP,EXPANSION,,24.183127962085305,,23.94,25.04,29.77,23.54,31872.12,756.0,2037.869999999999,6.830639282033229,816343.13,816343.13,24676385.69,-452782.64,859132.68,1.639513,2903.64,1207,1207,0,21.73,,
2026-07-10T06:12:57 ET,2026-07-10T06:10:00 ET,2026-07-10,Fri,0612ET,2026-07-10,29834.25,707.585,29850.7,NEAR_FLIP,EXPANSION,,24.183127962085305,,23.94,25.04,29.77,23.54,31875.6,756.0,2041.3499999999985,6.842303728097734,244207.76,244207.76,4383000.77,-399015.79,247056.89,0.410367,492.43,415,415,0,36.97,,
2026-07-10T06:12:57 ET,2026-07-10T06:10:00 ET,2026-07-10,Fri,0612ET,2026-07-13,29834.25,707.585,29850.7,NEAR_FLIP,EXPANSION,,24.183127962085305,,23.94,25.04,29.77,23.54,31913.37,757.0,2079.119999999999,6.96890319012544,22322.98,22322.98,654261.92,-15083.99,21571.08,0.03019,69.68,45,45,0,22.9,,
2026-07-10T06:12:57 ET,2026-07-10T06:10:00 ET,2026-07-10,Fri,0612ET,2026-07-14,29834.25,707.585,29850.7,NEAR_FLIP,EXPANSION,,24.183127962085305,,23.94,25.04,29.77,23.54,31914.28,757.0,2080.029999999999,6.9719533757342615,12166.98,12166.98,374833.04,-6885.17,12630.96,0.021681,43.32,20,20,0,21.75,,
2026-07-10T06:12:57 ET,2026-07-10T06:10:00 ET,2026-07-10,Fri,0612ET,2026-07-10,29834.25,707.585,29850.7,NEAR_FLIP,EXPANSION,,24.183127962085305,,23.94,25.04,29.77,23.54,31917.76,757.0,2083.5099999999984,6.983617821798767,241548.25,241548.25,4420323.1,-403080.27,240793.87,0.356907,487.23,460,460,0,36.99,,
2026-07-10T06:12:57 ET,2026-07-10T06:10:00 ET,2026-07-10,Fri,0612ET,2026-07-13,29834.25,707.585,29850.7,NEAR_FLIP,EXPANSION,,24.183127962085305,,23.94,25.04,29.77,23.54,31955.53,758.0,2121.279999999999,7.110217283826471,32772.24,32772.24,970387.14,-22590.35,31709.45,0.041294,103.27,71,71,0,23.12,,
2026-07-10T06:12:57 ET,2026-07-10T06:10:00 ET,2026-07-10,Fri,0612ET,2026-07-14,29834.25,707.585,29850.7,NEAR_FLIP,EXPANSION,,24.183127962085305,,23.94,25.04,29.77,23.54,31956.44,758.0,2122.1899999999987,7.113267469435293,74441.74,74441.74,2338947.28,-42969.02,76100.29,0.116673,265.0,137,137,0,21.75,,
2026-07-10T06:12:57 ET,2026-07-10T06:10:00 ET,2026-07-10,Fri,0612ET,2026-07-10,29834.25,707.585,29850.7,NEAR_FLIP,EXPANSION,,24.183127962085305,,23.94,25.04,29.77,23.54,31959.92,758.0,2125.6699999999983,7.124931915499798,921149.92,921149.92,17017760.22,-1568388.59,920533.31,1.276535,1876.81,1875,1875,0,37.36,,
2026-07-10T06:12:57 ET,2026-07-10T06:10:00 ET,2026-07-10,Fri,0612ET,2026-07-13,29834.25,707.585,29850.7,NEAR_FLIP,EXPANSION,,24.183127962085305,,23.94,25.04,29.77,23.54,31997.69,759.0,2163.4399999999987,7.2515313775275025,34397.64,34397.64,1028595.87,-24179.4,33333.25,0.040436,109.41,80,80,0,23.34,,
2026-07-10T06:12:57 ET,2026-07-10T06:10:00 ET,2026-07-10,Fri,0612ET,2026-07-14,29834.25,707.585,29850.7,NEAR_FLIP,EXPANSION,,24.183127962085305,,23.94,25.04,29.77,23.54,31998.59,759.0,2164.34,7.254548044613155,525.96,525.96,16573.48,-309.4,545.28,0.000809,1.9,1,1,0,22.11,,
2026-07-10T06:12:57 ET,2026-07-10T06:10:00 ET,2026-07-10,Fri,0612ET,2026-07-10,29834.25,707.585,29850.7,NEAR_FLIP,EXPANSION,,24.183127962085305,,23.94,25.04,29.77,23.54,32002.09,759.0,2167.84,7.266279527724009,594922.5,594922.5,11091997.99,-1033167.09,596091.8,0.774175,1224.28,1293,1293,0,37.74,,
2026-07-10T06:12:57 ET,2026-07-10T06:10:00 ET,2026-07-10,Fri,0612ET,2026-07-13,29834.25,707.585,29850.7,NEAR_FLIP,EXPANSION,,24.183127962085305,,23.94,25.04,29.77,23.54,32039.85,760.0,2205.5999999999985,7.392845471228533,149162.83,149162.83,4502963.24,-106888.17,144802.17,0.163812,478.95,372,372,0,23.56,,
2026-07-10T06:12:57 ET,2026-07-10T06:10:00 ET,2026-07-10,Fri,0612ET,2026-07-14,29834.25,707.585,29850.7,NEAR_FLIP,EXPANSION,,24.183127962085305,,23.94,25.04,29.77,23.54,32040.75,760.0,2206.5,7.395862138314185,279571.26,279571.26,8000673.520000001,-185292.93,-3248662.29,0.400268,1132.04,621,571,50,22.36085346215781,,
2026-07-10T06:12:57 ET,2026-07-10T06:10:00 ET,2026-07-10,Fri,0612ET,2026-07-10,29834.25,707.585,29850.7,NEAR_FLIP,EXPANSION,,24.183127962085305,,23.94,25.04,29.77,23.54,32044.25,760.0,2210.0,7.407593621425041,1759916.76,1759916.76,33490636.31,-3121390.54,1660428.75,1.976566,3614.9399999999996,4352,4351,1,37.660588235294114,,
2026-07-10T06:12:57 ET,2026-07-10T06:10:00 ET,2026-07-10,Fri,0612ET,2026-07-13,29834.25,707.585,29850.7,NEAR_FLIP,EXPANSION,,24.183127962085305,,23.94,25.04,29.77,23.54,32082.01,761.0,2247.7599999999984,7.534159564929564,19466.7,19466.7,593065.71,-14215.79,18935.1,0.019999,63.09,52,52,0,23.779999999999998,,
2026-07-10T06:12:57 ET,2026-07-10T06:10:00 ET,2026-07-10,Fri,0612ET,2026-07-14,29834.25,707.585,29850.7,NEAR_FLIP,EXPANSION,,24.183127962085305,,23.94,25.04,29.77,23.54,32082.91,761.0,2248.66,7.5371762320152165,1309.89,1309.89,42510.05,-800.23,1337.3,0.001648,4.78,3,3,0,22.290000000000003,,
2026-07-10T06:12:57 ET,2026-07-10T06:10:00 ET,2026-07-10,Fri,0612ET,2026-07-10,29834.25,707.585,29850.7,NEAR_FLIP,EXPANSION,,24.183127962085305,,23.94,25.04,29.77,23.54,32086.41,761.0,2252.16,7.548907715126071,198369.23,198369.23,3763301.12,-358039.71,199907.17,0.228439,416.37,490,490,0,38.49,,
2026-07-10T06:12:57 ET,2026-07-10T06:10:00 ET,2026-07-10,Fri,0612ET,2026-07-13,29834.25,707.585,29850.7,NEAR_FLIP,EXPANSION,,24.183127962085305,,23.94,25.04,29.77,23.54,32124.16,762.0,2289.91,7.675440140107426,28692.62,28692.62,881881.57,-21346.17,27970.34,0.027613,93.87,82,82,0,24.01,,
2026-07-10T06:12:57 ET,2026-07-10T06:10:00 ET,2026-07-10,Fri,0612ET,2026-07-14,29834.25,707.585,29850.7,NEAR_FLIP,EXPANSION,,24.183127962085305,,23.94,25.04,29.77,23.54,32125.07,762.0,2290.8199999999997,7.678490325716247,29281.72,29281.72,969414.37,-18228.21,29373.98,0.031933,106.6,76,76,0,22.25,,
2026-07-10T06:12:57 ET,2026-07-10T06:10:00 ET,2026-07-10,Fri,0612ET,2026-07-10,29834.25,707.585,29850.7,NEAR_FLIP,EXPANSION,,24.183127962085305,,23.94,25.04,29.77,23.54,32128.58,762.0,2294.3300000000017,7.690255327350283,147547.62,147547.62,2856394.96,-271781.05,145992.6,0.146514,308.95,415,415,0,38.41,,
2026-07-10T06:12:57 ET,2026-07-10T06:10:00 ET,2026-07-10,Fri,0612ET,2026-07-13,29834.25,707.585,29850.7,NEAR_FLIP,EXPANSION,,24.183127962085305,,23.94,25.04,29.77,23.54,32166.32,763.0,2332.0699999999997,7.816754233808458,36672.49,36672.49,1136770.62,-27786.1,35835.06,0.033104,121.1,112,112,0,24.23,,
2026-07-10T06:12:57 ET,2026-07-10T06:10:00 ET,2026-07-10,Fri,0612ET,2026-07-14,29834.25,707.585,29850.7,NEAR_FLIP,EXPANSION,,24.183127962085305,,23.94,25.04,29.77,23.54,32167.23,763.0,2332.9799999999996,7.819804419417278,5019.37,5019.37,167814.03,-3181.41,5035.67,0.005094,18.42,14,14,0,22.43,,
2026-07-10T06:12:57 ET,2026-07-10T06:10:00 ET,2026-07-10,Fri,0612ET,2026-07-10,29834.25,707.585,29850.7,NEAR_FLIP,EXPANSION,,24.183127962085305,,23.94,25.04,29.77,23.54,32170.74,763.0,2336.4900000000016,7.831569421051314,202445.88,202445.88,3903379.16,-379291.63,205318.98,0.207294,433.3,566,566,0,39.25,,
2026-07-10T06:12:57 ET,2026-07-10T06:10:00 ET,2026-07-10,Fri,0612ET,2026-07-13,29834.25,707.585,29850.7,NEAR_FLIP,EXPANSION,,24.183127962085305,,23.94,25.04,29.77,23.54,32208.48,764.0,2374.2299999999996,7.958068327509489,16257.92,16257.92,508110.35,-12541.79,15927.86,0.013785,54.19,53,53,0,24.46,,
2026-07-10T06:12:57 ET,2026-07-10T06:10:00 ET,2026-07-10,Fri,0612ET,2026-07-14,29834.25,707.585,29850.7,NEAR_FLIP,EXPANSION,,24.183127962085305,,23.94,25.04,29.77,23.54,32209.39,764.0,2375.1399999999994,7.96111851311831,4006.96,4006.96,135245.92,-2585.13,4021.17,0.003789,14.82,12,12,0,22.61,,
2026-07-10T06:12:57 ET,2026-07-10T06:10:00 ET,2026-07-10,Fri,0612ET,2026-07-10,29834.25,707.585,29850.7,NEAR_FLIP,EXPANSION,,24.183127962085305,,23.94,25.04,29.77,23.54,32212.9,764.0,2378.6500000000015,7.972883514752345,309110.51,309110.51,6006016.46,-589779.6,314564.0,0.298981,668.02,918,918,0,39.63,,
2026-07-10T06:12:57 ET,2026-07-10T06:10:00 ET,2026-07-10,Fri,0612ET,2026-07-13,29834.25,707.585,29850.7,NEAR_FLIP,EXPANSION,,24.183127962085305,,23.94,25.04,29.77,23.54,32250.64,765.0,2416.3899999999994,8.09938242121052,59844.08,59844.08,1885160.53,-46989.14,58792.17,0.047723,201.32,208,208,0,24.68,,
2026-07-10T06:12:57 ET,2026-07-10T06:10:00 ET,2026-07-10,Fri,0612ET,2026-07-14,29834.25,707.585,29850.7,NEAR_FLIP,EXPANSION,,24.183127962085305,,23.94,25.04,29.77,23.54,32251.55,765.0,2417.2999999999993,8.102432606819342,61318.64,61318.64,2088821.38,-40256.18,61566.66,0.054071,228.64,197,197,0,22.79,,
2026-07-10T06:12:57 ET,2026-07-10T06:10:00 ET,2026-07-10,Fri,0612ET,2026-07-10,29834.25,707.585,29850.7,NEAR_FLIP,EXPANSION,,24.183127962085305,,23.94,25.04,29.77,23.54,32255.07,765.0,2420.8199999999997,8.114231126976543,581343.78,581343.78,11344136.620000001,-1171191.5,-2973329.83,0.426948,1275.48,2220,2170,50,38.9636036036036,,
2026-07-10T06:12:57 ET,2026-07-10T06:10:00 ET,2026-07-10,Fri,0612ET,2026-07-13,29834.25,707.585,29850.7,NEAR_FLIP,EXPANSION,,24.183127962085305,,23.94,25.04,29.77,23.54,32292.79,766.0,2458.540000000001,8.240662996388382,9386.36,9386.36,292392.56,-7483.68,9565.8,0.008172,32.48,31,31,0,25.38,,
2026-07-10T06:12:57 ET,2026-07-10T06:10:00 ET,2026-07-10,Fri,0612ET,2026-07-14,29834.25,707.585,29850.7,NEAR_FLIP,EXPANSION,,24.183127962085305,,23.94,25.04,29.77,23.54,32293.71,766.0,2459.459999999999,8.243746700520372,2323.24,2323.24,79850.37,-1551.63,2334.24,0.001913,8.73,8,8,0,22.98,,
2026-07-10T06:12:57 ET,2026-07-10T06:10:00 ET,2026-07-10,Fri,0612ET,2026-07-10,29834.25,707.585,29850.7,NEAR_FLIP,EXPANSION,,24.183127962085305,,23.94,25.04,29.77,23.54,32297.23,766.0,2462.9799999999996,8.255545220677575,59189.79,59189.79,1200303.12,-117598.11,57683.41,0.04101,126.71,235,235,0,39.28,,
2026-07-10T06:12:57 ET,2026-07-10T06:10:00 ET,2026-07-10,Fri,0612ET,2026-07-13,29834.25,707.585,29850.7,NEAR_FLIP,EXPANSION,,24.183127962085305,,23.94,25.04,29.77,23.54,32334.95,767.0,2500.7000000000007,8.381977090089412,31902.29,31902.29,1032927.21,-25973.09,30836.09,0.020408,107.94,136,136,0,24.83,,
2026-07-10T06:12:57 ET,2026-07-10T06:10:00 ET,2026-07-10,Fri,0612ET,2026-07-14,29834.25,707.585,29850.7,NEAR_FLIP,EXPANSION,,24.183127962085305,,23.94,25.04,29.77,23.54,32335.87,767.0,2501.619999999999,8.385060794221404,149425.12,149425.12,5180355.09,-101497.56,150263.0,0.114978,566.08,551,551,0,23.16,,
2026-07-10T06:12:57 ET,2026-07-10T06:10:00 ET,2026-07-10,Fri,0612ET,2026-07-10,29834.25,707.585,29850.7,NEAR_FLIP,EXPANSION,,24.183127962085305,,23.94,25.04,29.77,23.54,32339.39,767.0,2505.1399999999994,8.396859314378606,88144.72,88144.72,1771448.11,-177700.64,88726.56,0.065701,193.61,336,336,0,40.29,,
2026-07-10T06:12:57 ET,2026-07-10T06:10:00 ET,2026-07-10,Fri,0612ET,2026-07-13,29834.25,707.585,29850.7,NEAR_FLIP,EXPANSION,,24.183127962085305,,23.94,25.04,29.77,23.54,32377.11,768.0,2542.8600000000006,8.523291183790443,28436.78,28436.78,927313.43,-23547.52,27574.72,0.01715,97.1,129,129,0,25.06,,
2026-07-10T06:12:57 ET,2026-07-10T06:10:00 ET,2026-07-10,Fri,0612ET,2026-07-14,29834.25,707.585,29850.7,NEAR_FLIP,EXPANSION,,24.183127962085305,,23.94,25.04,29.77,23.54,32378.02,768.0,2543.7700000000004,8.526341369399265,15208.47,15208.47,531689.25,-10503.73,15309.76,0.010949,58.07,60,60,0,23.34,,
2026-07-10T06:12:57 ET,2026-07-10T06:10:00 ET,2026-07-10,Fri,0612ET,2026-07-10,29834.25,707.585,29850.7,NEAR_FLIP,EXPANSION,,24.183127962085305,,23.94,25.04,29.77,23.54,32381.56,768.0,2547.3100000000013,8.538206926602818,95595.61,95595.61,1965554.27,-196707.39,93844.72,0.059165,208.53,428,428,0,40.02,,
2026-07-10T06:12:57 ET,2026-07-10T06:10:00 ET,2026-07-10,Fri,0612ET,2026-07-13,29834.25,707.585,29850.7,NEAR_FLIP,EXPANSION,,24.183127962085305,,23.94,25.04,29.77,23.54,32419.27,769.0,2585.0200000000004,8.664605277491475,29036.41,29036.41,953406.31,-24448.83,28251.28,0.016531,100.06,140,140,0,25.29,,
2026-07-10T06:12:57 ET,2026-07-10T06:10:00 ET,2026-07-10,Fri,0612ET,2026-07-10,29834.25,707.585,29850.7,NEAR_FLIP,EXPANSION,,24.183127962085305,,23.94,25.04,29.77,23.54,32423.72,769.0,2589.470000000001,8.679521020303849,79843.15,79843.15,1652486.83,-167135.0,78681.49,0.046788,175.8,379,379,0,40.4,,
2026-07-10T06:12:57 ET,2026-07-10T06:10:00 ET,2026-07-10,Fri,0612ET,2026-07-13,29834.25,707.585,29850.7,NEAR_FLIP,EXPANSION,,24.183127962085305,,23.94,25.04,29.77,23.54,32461.42,770.0,2627.1699999999983,8.805885852669327,18560.0,18560.0,613474.7,-15886.68,18122.01,0.009989,64.54,95,95,0,25.52,,
2026-07-10T06:12:57 ET,2026-07-10T06:10:00 ET,2026-07-10,Fri,0612ET,2026-07-14,29834.25,707.585,29850.7,NEAR_FLIP,EXPANSION,,24.183127962085305,,23.94,25.04,29.77,23.54,32462.34,770.0,2628.09,8.808969556801328,85490.27,85490.27,3036886.63,-60996.34,86283.59,0.05406,331.62,385,385,0,23.71,,
2026-07-10T06:12:57 ET,2026-07-10T06:10:00 ET,2026-07-10,Fri,0612ET,2026-07-10,29834.25,707.585,29850.7,NEAR_FLIP,EXPANSION,,24.183127962085305,,23.94,25.04,29.77,23.54,32465.88,770.0,2631.630000000001,8.82083511400488,598728.0,598728.0,12470656.65,-1274671.33,592348.54,0.332586,1330.54,3010,3010,0,40.77,,
2026-07-10T06:12:57 ET,2026-07-10T06:10:00 ET,2026-07-10,Fri,0612ET,2026-07-13,29834.25,707.585,29850.7,NEAR_FLIP,EXPANSION,,24.183127962085305,,23.94,25.04,29.77,23.54,32503.58,771.0,2669.3300000000017,8.947199946370368,2761.49,2761.49,75406.78,-2365.55,3862.45,0.006019,11.85,5,5,0,31.380000000000003,,
2026-07-10T06:12:57 ET,2026-07-10T06:10:00 ET,2026-07-10,Fri,0612ET,2026-07-14,29834.25,707.585,29850.7,NEAR_FLIP,EXPANSION,,24.183127962085305,,23.94,25.04,29.77,23.54,32504.5,771.0,2670.25,8.95028365050236,674.55,674.55,22298.34,-486.02,787.03,0.000749,2.86,2,2,0,25.88,,
2026-07-10T06:12:57 ET,2026-07-10T06:10:00 ET,2026-07-10,Fri,0612ET,2026-07-10,29834.25,707.585,29850.7,NEAR_FLIP,EXPANSION,,24.183127962085305,,23.94,25.04,29.77,23.54,32508.05,771.0,2673.7999999999993,8.96218272622908,141384.74,141384.74,2962997.56,-306058.5,140446.47,0.074535,317.1,752,752,0,41.15,,
2026-07-10T06:12:57 ET,2026-07-10T06:10:00 ET,2026-07-10,Fri,0612ET,2026-07-13,29834.25,707.585,29850.7,NEAR_FLIP,EXPANSION,,24.183127962085305,,23.94,25.04,29.77,23.54,32545.74,772.0,2711.4900000000016,9.088514040071399,8406.33,8406.33,265465.59,-7369.25,9185.01,0.006601,31.58,33,33,0,27.54,,
2026-07-10T06:12:57 ET,2026-07-10T06:10:00 ET,2026-07-10,Fri,0612ET,2026-07-14,29834.25,707.585,29850.7,NEAR_FLIP,EXPANSION,,24.183127962085305,,23.94,25.04,29.77,23.54,32546.66,772.0,2712.41,9.09159774420339,7810.03,7810.03,281633.94,-5751.18,7908.05,0.004357,30.77,40,40,0,24.09,,
2026-07-10T06:12:57 ET,2026-07-10T06:10:00 ET,2026-07-10,Fri,0612ET,2026-07-10,29834.25,707.585,29850.7,NEAR_FLIP,EXPANSION,,24.183127962085305,,23.94,25.04,29.77,23.54,32550.21,772.0,2715.959999999999,9.103496819930111,39424.55,39424.55,807751.12,-86193.04,41404.38,0.025178,91.87,183,183,0,42.72,,
2026-07-10T06:12:57 ET,2026-07-10T06:10:00 ET,2026-07-10,Fri,0612ET,2026-07-13,29834.25,707.585,29850.7,NEAR_FLIP,EXPANSION,,24.183127962085305,,23.94,25.04,29.77,23.54,32587.9,773.0,2753.6500000000015,9.22982813377243,7355.66,7355.66,239937.19,-6570.8,7693.49,0.004435,27.14,36,36,0,27.06,,
2026-07-10T06:12:57 ET,2026-07-10T06:10:00 ET,2026-07-10,Fri,0612ET,2026-07-14,29834.25,707.585,29850.7,NEAR_FLIP,EXPANSION,,24.183127962085305,,23.94,25.04,29.77,23.54,32588.82,773.0,2754.5699999999997,9.232911837904421,181879.27,181879.27,6605837.58,-136018.99,184502.11,0.095447,722.25,992,992,0,24.28,,
2026-07-10T06:12:57 ET,2026-07-10T06:10:00 ET,2026-07-10,Fri,0612ET,2026-07-10,29834.25,707.585,29850.7,NEAR_FLIP,EXPANSION,,24.183127962085305,,23.94,25.04,29.77,23.54,32592.37,773.0,2758.119999999999,9.244810913631142,62679.73,62679.73,1329033.19,-140180.66,62790.19,0.029863,143.17,372,372,0,41.9,,
2026-07-10T06:12:57 ET,2026-07-10T06:10:00 ET,2026-07-10,Fri,0612ET,2026-07-13,29834.25,707.585,29850.7,NEAR_FLIP,EXPANSION,,24.183127962085305,,23.94,25.04,29.77,23.54,32630.06,774.0,2795.8100000000013,9.371142227473461,41281.19,41281.19,1083426.23,-36965.67,64881.96,0.114495,192.92,66,66,0,34.17,,
2026-07-10T06:12:57 ET,2026-07-10T06:10:00 ET,2026-07-10,Fri,0612ET,2026-07-14,29834.25,707.585,29850.7,NEAR_FLIP,EXPANSION,,24.183127962085305,,23.94,25.04,29.77,23.54,32630.98,774.0,2796.7299999999996,9.374225931605453,6305.5,6305.5,233549.61,-4795.72,6264.44,0.002786,24.91,40,40,0,24.16,,
2026-07-10T06:12:57 ET,2026-07-10T06:10:00 ET,2026-07-10,Fri,0612ET,2026-07-10,29834.25,707.585,29850.7,NEAR_FLIP,EXPANSION,,24.183127962085305,,23.94,25.04,29.77,23.54,32634.54,774.0,2800.290000000001,9.386158525855354,24906.61,24906.61,516053.19,-56201.73,26391.3,0.014495,59.11,128,128,0,43.51,,
2026-07-10T06:12:57 ET,2026-07-10T06:10:00 ET,2026-07-10,Fri,0612ET,2026-07-13,29834.25,707.585,29850.7,NEAR_FLIP,EXPANSION,,24.183127962085305,,23.94,25.04,29.77,23.54,32672.21,775.0,2837.959999999999,9.512422802651312,4844.9,4844.9,162912.42,-4475.61,4937.17,0.00225,17.85,30,30,0,27.030000000000005,,
2026-07-10T06:12:57 ET,2026-07-10T06:10:00 ET,2026-07-10,Fri,0612ET,2026-07-14,29834.25,707.585,29850.7,NEAR_FLIP,EXPANSION,,24.183127962085305,,23.94,25.04,29.77,23.54,32673.14,775.0,2838.8899999999994,9.515540025306484,17671.95,17671.95,650689.27,-13622.03,18000.72,0.008234,71.27,109,109,0,24.66,,
2026-07-10T06:12:57 ET,2026-07-10T06:10:00 ET,2026-07-10,Fri,0612ET,2026-07-10,29834.25,707.585,29850.7,NEAR_FLIP,EXPANSION,,24.183127962085305,,23.94,25.04,29.77,23.54,32676.7,775.0,2842.4500000000007,9.527472619556384,200939.6,200939.6,4237808.5,-461862.77,209157.02,0.100451,475.19,1181,1181,0,43.36,,
2026-07-10T06:12:57 ET,2026-07-10T06:10:00 ET,2026-07-10,Fri,0612ET,AGGREGATE,29834.25,707.585,29850.7,NEAR_FLIP,EXPANSION,,24.183127962085305,,23.94,25.04,29.77,23.54,26980.92,640.0,-2853.3300000000017,-9.563940772769557,-482714.14,518858.45999999996,11480536.780000001,503716.6,1080823.95,1.6861050000000002,2977.79,794,30,764,41.95032745591939,,
2026-07-10T06:12:57 ET,2026-07-10T06:10:00 ET,2026-07-10,Fri,0612ET,AGGREGATE,29834.25,707.585,29850.7,NEAR_FLIP,EXPANSION,,24.183127962085305,,23.94,25.04,29.77,23.54,26981.69,640.0,-2852.5600000000013,-9.561359846485168,-295276.24,295276.24,7296963.05,239501.66,-650714.8,-1.408146,1960.05,385,0,385,40.43,,
2026-07-10T06:12:57 ET,2026-07-10T06:10:00 ET,2026-07-10,Fri,0612ET,AGGREGATE,29834.25,707.585,29850.7,NEAR_FLIP,EXPANSION,,24.183127962085305,,23.94,25.04,29.77,23.54,26984.63,640.0,-2849.619999999999,-9.551505400672044,-920257.5499999999,928249.37,17109990.650000002,2259880.1,902952.8299999998,-0.20060900000000004,2723.0299999999997,3396,31,3365,53.654042991755006,,
2026-07-10T06:12:57 ET,2026-07-10T06:10:00 ET,2026-07-10,Fri,0612ET,AGGREGATE,29834.25,707.585,29850.7,NEAR_FLIP,EXPANSION,,24.183127962085305,,23.94,25.04,29.77,23.54,27191.71,645.0,-2642.540000000001,-8.857403822787571,-398427.28,441839.1,9156687.7,395863.0,1254659.59,2.403113,2419.3799999999997,561,30,531,40.019037433155084,,
2026-07-10T06:12:57 ET,2026-07-10T06:10:00 ET,2026-07-10,Fri,0612ET,AGGREGATE,29834.25,707.585,29850.7,NEAR_FLIP,EXPANSION,,24.183127962085305,,23.94,25.04,29.77,23.54,27192.48,645.0,-2641.7700000000004,-8.854822896503181,-381608.99,381608.99,9075534.19,285589.89,-829787.53,-2.16334,2429.63,413,0,413,38.78,,
2026-07-10T06:12:57 ET,2026-07-10T06:10:00 ET,2026-07-10,Fri,0612ET,AGGREGATE,29834.25,707.585,29850.7,NEAR_FLIP,EXPANSION,,24.183127962085305,,23.94,25.04,29.77,23.54,27195.45,645.0,-2638.7999999999993,-8.844867895120538,-441666.75,445027.13,7983823.82,996911.8200000001,35561.929999999935,-0.251869,1239.19,1288,9,1279,50.943664596273294,,
2026-07-10T06:12:57 ET,2026-07-10T06:10:00 ET,2026-07-10,Fri,0612ET,AGGREGATE,29834.25,707.585,29850.7,NEAR_FLIP,EXPANSION,,24.183127962085305,,23.94,25.04,29.77,23.54,27402.5,650.0,-2431.75,-8.150866872805585,-604557.3200000001,631152.02,13370950.62,518612.89999999997,-158589.20999999996,-0.6679270000000002,3299.5,654,15,639,38.21316513761468,,
2026-07-10T06:12:57 ET,2026-07-10T06:10:00 ET,2026-07-10,Fri,0612ET,AGGREGATE,29834.25,707.585,29850.7,NEAR_FLIP,EXPANSION,,24.183127962085305,,23.94,25.04,29.77,23.54,27403.28,650.0,-2430.970000000001,-8.148252427998026,-1078469.8,1080531.7,24476878.78,741403.8,-2264296.19,-7.233225,6611.0199999999995,957,1,956,37.26852664576803,,
2026-07-10T06:12:57 ET,2026-07-10T06:10:00 ET,2026-07-10,Fri,0612ET,AGGREGATE,29834.25,707.585,29850.7,NEAR_FLIP,EXPANSION,,24.183127962085305,,23.94,25.04,29.77,23.54,27406.27,650.0,-2427.9799999999996,-8.138230389569035,-2226435.6199999996,2254799.1,38318734.300000004,4615774.7299999995,562770.6699999999,-1.2694609999999997,6041.12,4737,51,4686,49.00692210259658,,
2026-07-10T06:12:57 ET,2026-07-10T06:10:00 ET,2026-07-10,Fri,0612ET,AGGREGATE,29834.25,707.585,29850.7,NEAR_FLIP,EXPANSION,,24.183127962085305,,23.94,25.04,29.77,23.54,27613.29,655.0,-2220.959999999999,-7.444329922823598,-976574.12,976574.12,20554407.83,730618.57,-1876185.85,-6.389766,4890.05,809,0,809,36.61,2.2787709859597456,PUT WALL + VOL SENSITIVE
2026-07-10T06:12:57 ET,2026-07-10T06:10:00 ET,2026-07-10,Fri,0612ET,AGGREGATE,29834.25,707.585,29850.7,NEAR_FLIP,EXPANSION,,24.183127962085305,,23.94,25.04,29.77,23.54,27614.07,655.0,-2220.1800000000003,-7.4417154780160395,-436130.66,438693.34,9381754.780000001,273910.69,-874447.12,-3.446759,2577.39,316,1,315,35.785601265822784,0.9849068235190742,PUT WALL + VOL SENSITIVE
2026-07-10T06:12:57 ET,2026-07-10T06:10:00 ET,2026-07-10,Fri,0612ET,AGGREGATE,29834.25,707.585,29850.7,NEAR_FLIP,EXPANSION,,24.183127962085305,,23.94,25.04,29.77,23.54,27617.08,655.0,-2217.1699999999983,-7.431626402540699,-1060783.1,1087880.56,17140874.69,2022465.71,773358.1799999999,-0.15325500000000014,2819.9,1607,32,1575,47.39302426882389,2.962950537408075,PUT WALL + VOL SENSITIVE
2026-07-10T06:12:57 ET,2026-07-10T06:10:00 ET,2026-07-10,Fri,0612ET,AGGREGATE,29834.25,707.585,29850.7,NEAR_FLIP,EXPANSION,,24.183127962085305,,23.94,25.04,29.77,23.54,27824.08,660.0,-2010.1699999999983,-6.737792972841611,-1158366.01,1186467.1700000002,22862645.62,801195.37,-1582171.0799999998,-7.099421000000001,5708.84,774,10,764,35.171007751937985,2.4521769809606764,PUT WALL + VOL SENSITIVE
2026-07-10T06:12:57 ET,2026-07-10T06:10:00 ET,2026-07-10,Fri,0612ET,AGGREGATE,29834.25,707.585,29850.7,NEAR_FLIP,EXPANSION,,24.183127962085305,,23.94,25.04,29.77,23.54,27824.86,660.0,-2009.3899999999994,-6.735178528034052,-1532981.15,1532981.15,30890240.85,863107.16,-3326666.04,-16.204002,8675.0,888,0,888,34.47,3.14613709399803,PUT WALL + VOL SENSITIVE
2026-07-10T06:12:57 ET,2026-07-10T06:10:00 ET,2026-07-10,Fri,0612ET,AGGREGATE,29834.25,707.585,29850.7,NEAR_FLIP,EXPANSION,,24.183127962085305,,23.94,25.04,29.77,23.54,27827.9,660.0,-2006.3499999999985,-6.724988896989194,-5685302.43,5783390.3100000005,86153613.33,9693878.09,-2703681.1099999994,-11.723231,14424.67,6087,75,6012,45.61578610152785,13.434364590565828,PUT WALL + VOL SENSITIVE
2026-07-10T06:12:57 ET,2026-07-10T06:10:00 ET,2026-07-10,Fri,0612ET,AGGREGATE,29834.25,707.585,29850.7,NEAR_FLIP,EXPANSION,,24.183127962085305,,23.94,25.04,29.77,23.54,27870.06,661.0,-1964.1899999999987,-6.5836748032881625,-125896.81,125896.81,1885937.21,206472.34,-174582.32,-0.500331,311.29,124,0,124,45.23,0.28453103939471186,PUT WALL + VOL SENSITIVE
2026-07-10T06:12:57 ET,2026-07-10T06:10:00 ET,2026-07-10,Fri,0612ET,AGGREGATE,29834.25,707.585,29850.7,NEAR_FLIP,EXPANSION,,24.183127962085305,,23.94,25.04,29.77,23.54,27912.23,662.0,-1922.0200000000004,-6.4423271910639635,-234152.56,234152.56,3501421.14,375525.98,-318661.99,-0.940254,567.18,224,0,224,44.32,0.5235131077798801,PUT WALL + VOL SENSITIVE
2026-07-10T06:12:57 ET,2026-07-10T06:10:00 ET,2026-07-10,Fri,0612ET,AGGREGATE,29834.25,707.585,29850.7,NEAR_FLIP,EXPANSION,,24.183127962085305,,23.94,25.04,29.77,23.54,27954.39,663.0,-1879.8600000000006,-6.301013097362933,-194150.17,194150.17,2852888.07,304416.69,-266162.16,-0.848047,467.71,172,0,172,44.07,0.41889153131056556,PUT WALL + VOL SENSITIVE
2026-07-10T06:12:57 ET,2026-07-10T06:10:00 ET,2026-07-10,Fri,0612ET,AGGREGATE,29834.25,707.585,29850.7,NEAR_FLIP,EXPANSION,,24.183127962085305,,23.94,25.04,29.77,23.54,27996.55,664.0,-1837.7000000000007,-6.159699003661901,-954236.3,954236.3,13674584.46,1462404.65,-1333906.96,-4.678261,2302.24,768,0,768,44.13,1.9801733094617402,PUT WALL + VOL SENSITIVE
2026-07-10T06:12:57 ET,2026-07-10T06:10:00 ET,2026-07-10,Fri,0612ET,AGGREGATE,29834.25,707.585,29850.7,NEAR_FLIP,EXPANSION,,24.183127962085305,,23.94,25.04,29.77,23.54,28034.87,665.0,-1799.380000000001,-6.031256022859637,-1392464.94,1399696.02,25899766.139999997,843701.33,-2527304.1799999997,-13.695905,6383.28,731,2,729,33.33696306429549,2.67347503543614,PUT WALL + VOL SENSITIVE
2026-07-10T06:12:57 ET,2026-07-10T06:10:00 ET,2026-07-10,Fri,0612ET,AGGREGATE,29834.25,707.585,29850.7,NEAR_FLIP,EXPANSION,,24.183127962085305,,23.94,25.04,29.77,23.54,28035.66,665.0,-1798.5900000000001,-6.0286080595288976,-1649963.19,1649963.19,30626256.12,828335.99,-3658556.33,-22.352097,9041.61,762,0,762,33.38,3.0499336189254254,PUT WALL + VOL SENSITIVE
2026-07-10T06:12:57 ET,2026-07-10T06:10:00 ET,2026-07-10,Fri,0612ET,AGGREGATE,29834.25,707.585,29850.7,NEAR_FLIP,EXPANSION,,24.183127962085305,,23.94,25.04,29.77,23.54,28038.72,665.0,-1795.5299999999988,-6.018351391437689,-12791965.18,13094420.04,181282983.6,19598790.869999997,-7618680.840000002,-36.775774999999996,31129.53,10033,149,9884,43.478318548789,26.221813425511048,PUT WALL + VOL SENSITIVE
2026-07-10T06:12:57 ET,2026-07-10T06:10:00 ET,2026-07-10,Fri,0612ET,AGGREGATE,29834.25,707.585,29850.7,NEAR_FLIP,EXPANSION,,24.183127962085305,,23.94,25.04,29.77,23.54,28080.88,666.0,-1753.369999999999,-5.877037297736658,-231512.3,231512.3,3238020.22,338278.32,-321603.28,-1.266049,545.24,166,0,166,43.08,0.45490547838690126,PUT WALL + VOL SENSITIVE
2026-07-10T06:12:57 ET,2026-07-10T06:10:00 ET,2026-07-10,Fri,0612ET,AGGREGATE,29834.25,707.585,29850.7,NEAR_FLIP,EXPANSION,,24.183127962085305,,23.94,25.04,29.77,23.54,28123.04,667.0,-1711.2099999999991,-5.735723204035628,-98269.75,98269.75,1336202.14,140163.52,-139655.16,-0.605287,232.13,64,0,64,43.2,0.1839747959776439,PUT WALL + VOL SENSITIVE
2026-07-10T06:12:57 ET,2026-07-10T06:10:00 ET,2026-07-10,Fri,0612ET,AGGREGATE,29834.25,707.585,29850.7,NEAR_FLIP,EXPANSION,,24.183127962085305,,23.94,25.04,29.77,23.54,28165.21,668.0,-1669.0400000000009,-5.594375591811428,-246400.57,246400.57,3330066.72,342620.95,-345021.99,-1.558231,570.79,154,0,154,42.37,0.4559738587236014,PUT WALL + VOL SENSITIVE
2026-07-10T06:12:57 ET,2026-07-10T06:10:00 ET,2026-07-10,Fri,0612ET,AGGREGATE,29834.25,707.585,29850.7,NEAR_FLIP,EXPANSION,,24.183127962085305,,23.94,25.04,29.77,23.54,28207.37,669.0,-1626.880000000001,-5.453061498110396,-2504347.91,2504347.91,33216534.06,3394268.48,-3526523.14,-17.086388,5757.46,1459,0,1459,42.05,4.512494730755334,PUT WALL + VOL SENSITIVE
2026-07-10T06:12:57 ET,2026-07-10T06:10:00 ET,2026-07-10,Fri,0612ET,AGGREGATE,29834.25,707.585,29850.7,NEAR_FLIP,EXPANSION,,24.183127962085305,,23.94,25.04,29.77,23.54,28245.65,670.0,-1588.5999999999985,-5.324752591400818,-3484428.77,3751915.85,58668607.330000006,1991902.47,-3345041.11,-25.002979,16573.489999999998,1511,57,1454,32.294169424222375,6.011187014909415,PUT WALL + VOL SENSITIVE
2026-07-10T06:12:57 ET,2026-07-10T06:10:00 ET,2026-07-10,Fri,0612ET,AGGREGATE,29834.25,707.585,29850.7,NEAR_FLIP,EXPANSION,,24.183127962085305,,23.94,25.04,29.77,23.54,28246.45,670.0,-1587.7999999999993,-5.322071109546911,-990486.2699999999,1314595.0499999998,16767829.01,580315.65,1539168.7800000003,10.384426999999999,6862.04,493,63,430,31.793651115618662,1.7648063083082939,PUT WALL + VOL SENSITIVE
2026-07-10T06:12:57 ET,2026-07-10T06:10:00 ET,2026-07-10,Fri,0612ET,AGGREGATE,29834.25,707.585,29850.7,NEAR_FLIP,EXPANSION,,24.183127962085305,,23.94,25.04,29.77,23.54,28249.54,670.0,-1584.7099999999991,-5.311713885886185,-15519369.97,16117714.290000001,201452388.07,21279783.69,-9298162.680000002,-58.684928,36753.8,8770,191,8579,41.689454960091226,27.508218117219034,PUT WALL + VOL SENSITIVE
2026-07-10T06:12:57 ET,2026-07-10T06:10:00 ET,2026-07-10,Fri,0612ET,AGGREGATE,29834.25,707.585,29850.7,NEAR_FLIP,EXPANSION,,24.183127962085305,,23.94,25.04,29.77,23.54,28291.7,671.0,-1542.5499999999993,-5.1703997921851546,-158965.4,158965.4,2032746.67,204291.75,-225502.89,-1.249205,358.87,81,0,81,41.28,0.26842181813403787,PUT WALL + VOL SENSITIVE
2026-07-10T06:12:57 ET,2026-07-10T06:10:00 ET,2026-07-10,Fri,0612ET,AGGREGATE,29834.25,707.585,29850.7,NEAR_FLIP,EXPANSION,,24.183127962085305,,23.94,25.04,29.77,23.54,28333.86,672.0,-1500.3899999999994,-5.029085698484123,-381805.3,381805.3,4718095.53,477607.48,-557339.32,-3.393536,866.74,177,0,177,41.51,0.6208331159586603,PUT WALL + VOL SENSITIVE
2026-07-10T06:12:57 ET,2026-07-10T06:10:00 ET,2026-07-10,Fri,0612ET,AGGREGATE,29834.25,707.585,29850.7,NEAR_FLIP,EXPANSION,,24.183127962085305,,23.94,25.04,29.77,23.54,28376.03,673.0,-1458.2200000000012,-4.887738086259923,-5649358.9,5653392.66,67665189.94,6877677.44,-8369958.929999999,-55.488166,12856.23,2410,1,2409,41.568680497925314,8.874484175603788,PUT WALL + VOL SENSITIVE
2026-07-10T06:12:57 ET,2026-07-10T06:10:00 ET,2026-07-10,Fri,0612ET,AGGREGATE,29834.25,707.585,29850.7,NEAR_FLIP,EXPANSION,,24.183127962085305,,23.94,25.04,29.77,23.54,28418.19,674.0,-1416.0600000000013,-4.746423992558892,-1363514.96,1381036.46,16270928.32,1630583.34,-1729404.76,-12.063566,3057.31,568,4,564,40.47394366197183,2.1173567981187023,PUT WALL + VOL SENSITIVE
2026-07-10T06:12:57 ET,2026-07-10T06:10:00 ET,2026-07-10,Fri,0612ET,AGGREGATE,29834.25,707.585,29850.7,NEAR_FLIP,EXPANSION,,24.183127962085305,,23.94,25.04,29.77,23.54,28456.44,675.0,-1377.8100000000013,-4.6182156414188436,-3427584.35,3647457.0900000003,52938890.32,1674434.95,-4613417.05,-41.36301900000001,15216.41,1164,36,1128,30.501855670103097,5.301196407552146,PUT WALL + VOL SENSITIVE
2026-07-10T06:12:57 ET,2026-07-10T06:10:00 ET,2026-07-10,Fri,0612ET,AGGREGATE,29834.25,707.585,29850.7,NEAR_FLIP,EXPANSION,,24.183127962085305,,23.94,25.04,29.77,23.54,28457.25,675.0,-1377.0,-4.615500641041756,-1240270.8699999999,1266266.57,18833818.95,482266.39999999997,-2662269.85,-25.171292,6445.160000000001,379,4,375,31.013957783641164,1.8414016255323213,PUT WALL + VOL SENSITIVE
2026-07-10T06:12:57 ET,2026-07-10T06:10:00 ET,2026-07-10,Fri,0612ET,AGGREGATE,29834.25,707.585,29850.7,NEAR_FLIP,EXPANSION,,24.183127962085305,,23.94,25.04,29.77,23.54,28460.35,675.0,-1373.9000000000015,-4.605109898857862,-22037998.45,22408627.51,256726038.23,25678783.74,-27421654.39,-205.298652,49254.62,8600,78,8522,40.18031860465117,33.24504043281753,PUT WALL + VOL SENSITIVE
2026-07-10T06:12:57 ET,2026-07-10T06:10:00 ET,2026-07-10,Fri,0612ET,AGGREGATE,29834.25,707.585,29850.7,NEAR_FLIP,EXPANSION,,24.183127962085305,,23.94,25.04,29.77,23.54,28502.52,676.0,-1331.7299999999996,-4.46376228663365,-889715.83,889715.83,10102410.1,988719.53,-1323643.35,-10.453442,1945.01,318,0,318,39.96,1.290931262785645,PUT WALL + VOL SENSITIVE
2026-07-10T06:12:57 ET,2026-07-10T06:10:00 ET,2026-07-10,Fri,0612ET,AGGREGATE,29834.25,707.585,29850.7,NEAR_FLIP,EXPANSION,,24.183127962085305,,23.94,25.04,29.77,23.54,28544.68,677.0,-1289.5699999999997,-4.322448192932619,-364237.07999999996,436660.9,3962013.29,470219.57,257982.74,1.599831,953.0,145,13,132,39.8748275862069,0.5413130044499493,PUT WALL + VOL SENSITIVE
2026-07-10T06:12:57 ET,2026-07-10T06:10:00 ET,2026-07-10,Fri,0612ET,AGGREGATE,29834.25,707.585,29850.7,NEAR_FLIP,EXPANSION,,24.183127962085305,,23.94,25.04,29.77,23.54,28586.84,678.0,-1247.4099999999999,-4.181134099231587,-851968.19,936251.51,9116508.04,975489.1,-433645.33999999997,-4.478733,2020.81,292,14,278,39.4436301369863,1.191988480641187,PUT WALL + VOL SENSITIVE
2026-07-10T06:12:57 ET,2026-07-10T06:10:00 ET,2026-07-10,Fri,0612ET,AGGREGATE,29834.25,707.585,29850.7,NEAR_FLIP,EXPANSION,,24.183127962085305,,23.94,25.04,29.77,23.54,28629.01,679.0,-1205.2400000000016,-4.039786487007388,-946952.92,946952.92,9709883.26,954530.42,-1501875.72,-14.813485,2069.0,271,0,271,39.93,1.2326988614976113,PUT WALL + VOL SENSITIVE
2026-07-10T06:12:57 ET,2026-07-10T06:10:00 ET,2026-07-10,Fri,0612ET,AGGREGATE,29834.25,707.585,29850.7,NEAR_FLIP,EXPANSION,,24.183127962085305,,23.94,25.04,29.77,23.54,28667.23,680.0,-1167.0200000000004,-3.911678691436857,-12160068.620000001,12603126.2,164877709.51000002,4883292.23,-21767189.369999997,-247.050883,50612.100000000006,3141,56,3085,29.364310729067178,16.3676937141034,PUT WALL + VOL SENSITIVE
2026-07-10T06:12:57 ET,2026-07-10T06:10:00 ET,2026-07-10,Fri,0612ET,AGGREGATE,29834.25,707.585,29850.7,NEAR_FLIP,EXPANSION,,24.183127962085305,,23.94,25.04,29.77,23.54,28668.04,680.0,-1166.2099999999991,-3.9089636910597694,-2268546.69,2830440.4499999997,30114593.589999996,907522.16,-1872720.46,-22.212832,13788.86,689,69,620,29.679811320754716,3.055560060846626,PUT WALL + VOL SENSITIVE
2026-07-10T06:12:57 ET,2026-07-10T06:10:00 ET,2026-07-10,Fri,0612ET,AGGREGATE,29834.25,707.585,29850.7,NEAR_FLIP,EXPANSION,,24.183127962085305,,23.94,25.04,29.77,23.54,28671.17,680.0,-1163.0800000000017,-3.898472393306357,-33988884.04,35353620.220000006,345717269.7,34372769.160000004,-40878718.06,-426.7297,74983.65,9692,195,9497,38.75861328931077,44.02774111314227,PUT WALL + VOL SENSITIVE
2026-07-10T06:12:57 ET,2026-07-10T06:10:00 ET,2026-07-10,Fri,0612ET,AGGREGATE,29834.25,707.585,29850.7,NEAR_FLIP,EXPANSION,,24.183127962085305,,23.94,25.04,29.77,23.54,28713.33,681.0,-1120.9199999999983,-3.7571582996053134,-1583306.65,1583306.65,15610124.08,1484429.3,-2486120.56,-27.366883,3341.58,406,0,406,38.57,1.9587233728577138,PUT WALL + VOL SENSITIVE
2026-07-10T06:12:57 ET,2026-07-10T06:10:00 ET,2026-07-10,Fri,0612ET,AGGREGATE,29834.25,707.585,29850.7,NEAR_FLIP,EXPANSION,,24.183127962085305,,23.94,25.04,29.77,23.54,28755.5,682.0,-1078.75,-3.6158106873811136,-2128604.78,2128604.78,20374169.44,1921349.38,-3370589.93,-39.477327,4449.82,513,0,513,38.2,2.5515128583396596,PUT WALL + VOL SENSITIVE
2026-07-10T06:12:57 ET,2026-07-10T06:10:00 ET,2026-07-10,Fri,0612ET,AGGREGATE,29834.25,707.585,29850.7,NEAR_FLIP,EXPANSION,,24.183127962085305,,23.94,25.04,29.77,23.54,28797.66,683.0,-1036.5900000000001,-3.4744965936800827,-1859816.88,1859816.88,16785524.87,1615386.02,-3101613.39,-39.235022,3957.22,415,0,415,38.87,2.123873348827755,PUT WALL + VOL SENSITIVE
2026-07-10T06:12:57 ET,2026-07-10T06:10:00 ET,2026-07-10,Fri,0612ET,AGGREGATE,29834.25,707.585,29850.7,NEAR_FLIP,EXPANSION,,24.183127962085305,,23.94,25.04,29.77,23.54,28839.82,684.0,-994.4300000000003,-3.333182499979052,-1883550.57,2031799.6500000001,16597691.870000001,1692847.66,-2226668.38,-29.995926,4232.5,430,16,414,38.05641860465116,2.1366341883981494,PUT WALL + VOL SENSITIVE
2026-07-10T06:12:57 ET,2026-07-10T06:10:00 ET,2026-07-10,Fri,0612ET,AGGREGATE,29834.25,707.585,29850.7,NEAR_FLIP,EXPANSION,,24.183127962085305,,23.94,25.04,29.77,23.54,28878.02,685.0,-956.2299999999996,-3.20514174145487,-40935003.02,41228269.46,475337321.89,13020883.11,-85475040.55,-1222.5392410000002,158167.26,8133,29,8104,28.057967539653262,47.41390433022892,PUT WALL + VOL SENSITIVE
2026-07-10T06:12:57 ET,2026-07-10T06:10:00 ET,2026-07-10,Fri,0612ET,AGGREGATE,29834.25,707.585,29850.7,NEAR_FLIP,EXPANSION,,24.183127962085305,,23.94,25.04,29.77,23.54,28878.84,685.0,-955.4099999999999,-3.2023932225546137,-3066157.1100000003,3237118.83,34711139.029999994,842762.31,-6920975.8,-97.79577400000001,15229.83,646,17,629,28.68078947368421,3.483855865715646,PUT WALL + VOL SENSITIVE
2026-07-10T06:12:57 ET,2026-07-10T06:10:00 ET,2026-07-10,Fri,0612ET,AGGREGATE,29834.25,707.585,29850.7,NEAR_FLIP,EXPANSION,,24.183127962085305,,23.94,25.04,29.77,23.54,28881.99,685.0,-952.2599999999984,-3.19183488775484,-18535421.740000002,20256467.18,156415004.76,16170630.25,-21931683.32,-313.883793,42125.55,4031,174,3857,37.98525179856115,20.31597733864172,PUT WALL + VOL SENSITIVE
2026-07-10T06:12:57 ET,2026-07-10T06:10:00 ET,2026-07-10,Fri,0612ET,AGGREGATE,29834.25,707.585,29850.7,NEAR_FLIP,EXPANSION,,24.183127962085305,,23.94,25.04,29.77,23.54,28924.15,686.0,-910.0999999999985,-3.050520794053809,-5238259.680000001,5575431.28,42915667.480000004,4254069.7,-7189834.78,-108.16672000000001,11427.01,1049,32,1017,37.438274547187795,5.52107848588022,PUT WALL + VOL SENSITIVE
2026-07-10T06:12:57 ET,2026-07-10T06:10:00 ET,2026-07-10,Fri,0612ET,AGGREGATE,29834.25,707.585,29850.7,NEAR_FLIP,EXPANSION,,24.183127962085305,,23.94,25.04,29.77,23.54,28966.31,687.0,-867.9399999999987,-2.909206700352778,-3685437.29,4099829.2699999996,29115467.5,2983617.1999999997,-4386760.350000001,-69.816287,8301.16,729,37,692,36.983964334705085,3.795416653444714,PUT WALL + VOL SENSITIVE
2026-07-10T06:12:57 ET,2026-07-10T06:10:00 ET,2026-07-10,Fri,0612ET,AGGREGATE,29834.25,707.585,29850.7,NEAR_FLIP,EXPANSION,,24.183127962085305,,23.94,25.04,29.77,23.54,29008.48,688.0,-825.7700000000004,-2.7678590881285787,-3707997.81,4016819.03,28067486.36,2781736.23,-5135969.66,-86.333448,8076.7,675,26,649,36.72881481481482,3.6492361653023844,PUT WALL + VOL SENSITIVE
2026-07-10T06:12:57 ET,2026-07-10T06:10:00 ET,2026-07-10,Fri,0612ET,AGGREGATE,29834.25,707.585,29850.7,NEAR_FLIP,EXPANSION,,24.183127962085305,,23.94,25.04,29.77,23.54,29050.64,689.0,-783.6100000000006,-2.6265449944275474,-3462947.96,4015906.1399999997,24556379.64,2640148.23,-4148614.32,-73.604624,8145.110000000001,639,44,595,37.04045383411581,3.3060385351755794,PUT WALL + VOL SENSITIVE
2026-07-10T06:12:57 ET,2026-07-10T06:10:00 ET,2026-07-10,Fri,0612ET,AGGREGATE,29834.25,707.585,29850.7,NEAR_FLIP,EXPANSION,,24.183127962085305,,23.94,25.04,29.77,23.54,29088.81,690.0,-745.4399999999987,-2.498604791472883,-5121053.02,5512616.48,48044374.23,1345208.8900000001,-10276599.88,-182.567709,20337.31,875,31,844,26.985474285714286,5.003504051289845,PUT WALL + VOL SENSITIVE
2026-07-10T06:12:57 ET,2026-07-10T06:10:00 ET,2026-07-10,Fri,0612ET,AGGREGATE,29834.25,707.585,29850.7,NEAR_FLIP,EXPANSION,,24.183127962085305,,23.94,25.04,29.77,23.54,29089.63,690.0,-744.619999999999,-2.495856272572627,-4255001.529999999,4716875.91,38471922.21,944298.9700000001,-10009750.94,-168.359841,21555.61,788,38,750,27.87406091370558,4.0691870733911975,PUT WALL + VOL SENSITIVE
2026-07-10T06:12:57 ET,2026-07-10T06:10:00 ET,2026-07-10,Fri,0612ET,AGGREGATE,29834.25,707.585,29850.7,NEAR_FLIP,EXPANSION,,24.183127962085305,,23.94,25.04,29.77,23.54,29092.81,690.0,-741.4399999999987,-2.485197382203336,-66627026.43000001,70049295.93,457684138.61,43556024.01,-108121496.11,-2023.879096,139210.31,10563,258,10305,36.2926725362113,60.0208029448636,PUT WALL + VOL SENSITIVE
2026-07-10T06:12:57 ET,2026-07-10T06:10:00 ET,2026-07-10,Fri,0612ET,AGGREGATE,29834.25,707.585,29850.7,NEAR_FLIP,EXPANSION,,24.183127962085305,,23.94,25.04,29.77,23.54,29130.97,691.0,-703.2799999999988,-2.357290697771852,-1436312.95,1515256.1700000002,12510214.09,347801.01,-3164551.89,-57.971349,5669.81,233,6,227,27.374763948497854,1.3260269360304797,PUT WALL + VOL SENSITIVE
2026-07-10T06:12:57 ET,2026-07-10T06:10:00 ET,2026-07-10,Fri,0612ET,AGGREGATE,29834.25,707.585,29850.7,NEAR_FLIP,EXPANSION,,24.183127962085305,,23.94,25.04,29.77,23.54,29131.79,691.0,-702.4599999999991,-2.354542178871596,-2200973.6300000004,2276473.85,19052662.62,428406.24,-5751741.99,-100.559398,10284.16,367,6,361,27.554468664850134,2.0144345483809136,PUT WALL + VOL SENSITIVE
2026-07-10T06:12:57 ET,2026-07-10T06:10:00 ET,2026-07-10,Fri,0612ET,AGGREGATE,29834.25,707.585,29850.7,NEAR_FLIP,EXPANSION,,24.183127962085305,,23.94,25.04,29.77,23.54,29134.97,691.0,-699.2799999999988,-2.3438832885023047,-5035779.17,5817866.43,32841885.819999997,3410711.2800000003,-6718299.81,-132.461726,11472.98,833,56,777,36.011932773109244,4.452457886907727,PUT WALL + VOL SENSITIVE
2026-07-10T06:12:57 ET,2026-07-10T06:10:00 ET,2026-07-10,Fri,0612ET,AGGREGATE,29834.25,707.585,29850.7,NEAR_FLIP,EXPANSION,,24.183127962085305,,23.94,25.04,29.77,23.54,29173.12,692.0,-661.130000000001,-2.216010122594002,-1344771.94,1399515.3399999999,11376753.67,301231.88,-2975816.08,-57.304017,5079.0199999999995,205,4,201,26.55414634146341,1.205545551390913,PUT WALL + VOL SENSITIVE
2026-07-10T06:12:57 ET,2026-07-10T06:10:00 ET,2026-07-10,Fri,0612ET,AGGREGATE,29834.25,707.585,29850.7,NEAR_FLIP,EXPANSION,,24.183127962085305,,23.94,25.04,29.77,23.54,29173.95,692.0,-660.2999999999993,-2.2132280851705652,-1469597.98,1534655.3399999999,12085394.95,270417.69,-3849222.63,-69.653916,6858.71,239,5,234,27.263054393305442,1.294994777575056,PUT WALL + VOL SENSITIVE
2026-07-10T06:12:57 ET,2026-07-10T06:10:00 ET,2026-07-10,Fri,0612ET,AGGREGATE,29834.25,707.585,29850.7,NEAR_FLIP,EXPANSION,,24.183127962085305,,23.94,25.04,29.77,23.54,29177.13,692.0,-657.119999999999,-2.2025691948012738,-10799343.0,11195339.719999999,64458530.54,6165724.67,-20012967.55,-410.616536,22617.34,1539,27,1512,36.890701754385965,8.77730573654232,PUT WALL + VOL SENSITIVE
2026-07-10T06:12:57 ET,2026-07-10T06:10:00 ET,2026-07-10,Fri,0612ET,AGGREGATE,29834.25,707.585,29850.7,NEAR_FLIP,EXPANSION,,24.183127962085305,,23.94,25.04,29.77,23.54,29215.28,693.0,-618.9700000000012,-2.074696028892971,-1868391.3099999998,1925248.97,14518827.049999999,386403.0,-4435433.05,-87.522224,7109.12,275,4,271,27.026327272727272,1.5800316621474846,PUT WALL + VOL SENSITIVE
2026-07-10T06:12:57 ET,2026-07-10T06:10:00 ET,2026-07-10,Fri,0612ET,AGGREGATE,29834.25,707.585,29850.7,NEAR_FLIP,EXPANSION,,24.183127962085305,,23.94,25.04,29.77,23.54,29216.11,693.0,-618.1399999999994,-2.071913991469534,-2932517.36,2932517.36,22985677.24,481678.01,-8053363.68,-151.444833,12894.83,440,0,440,26.83,2.479523115013124,PUT WALL + VOL SENSITIVE
2026-07-10T06:12:57 ET,2026-07-10T06:10:00 ET,2026-07-10,Fri,0612ET,AGGREGATE,29834.25,707.585,29850.7,NEAR_FLIP,EXPANSION,,24.183127962085305,,23.94,25.04,29.77,23.54,29219.3,693.0,-614.9500000000007,-2.061221582577074,-46527044.59,48385848.31,267665177.20000002,24914344.2,-85089369.21,-1844.32445,94964.18000000001,6301,121,6180,35.83788763688303,36.52573277083841,PUT WALL + VOL SENSITIVE
2026-07-10T06:12:57 ET,2026-07-10T06:10:00 ET,2026-07-10,Fri,0612ET,AGGREGATE,29834.25,707.585,29850.7,NEAR_FLIP,EXPANSION,,24.183127962085305,,23.94,25.04,29.77,23.54,29257.44,694.0,-576.8100000000013,-1.93338193519194,-3059228.7100000004,3073968.77,22905804.25,573039.64,-7343042.2,-152.35,10999.099999999999,418,1,417,26.18942583732058,2.499165062741996,PUT WALL + VOL SENSITIVE
2026-07-10T06:12:57 ET,2026-07-10T06:10:00 ET,2026-07-10,Fri,0612ET,AGGREGATE,29834.25,707.585,29850.7,NEAR_FLIP,EXPANSION,,24.183127962085305,,23.94,25.04,29.77,23.54,29258.27,694.0,-575.9799999999996,-1.9305998977685028,-606500.45,606500.45,4398418.05,92279.7,-1723457.13,-33.138347,2684.03,89,0,89,27.010000000000005,0.48539777701506936,PUT WALL + VOL SENSITIVE
2026-07-10T06:12:57 ET,2026-07-10T06:10:00 ET,2026-07-10,Fri,0612ET,AGGREGATE,29834.25,707.585,29850.7,NEAR_FLIP,EXPANSION,,24.183127962085305,,23.94,25.04,29.77,23.54,29261.46,694.0,-572.7900000000009,-1.919907488876043,-9766864.15,11114835.709999999,53174395.63,5325019.47,-15771390.09,-359.785079,21485.890000000003,1378,84,1294,35.30194484760523,7.4988786491587165,PUT WALL + VOL SENSITIVE
2026-07-10T06:12:57 ET,2026-07-10T06:10:00 ET,2026-07-10,Fri,0612ET,AGGREGATE,29834.25,707.585,29850.7,NEAR_FLIP,EXPANSION,,24.183127962085305,,23.94,25.04,29.77,23.54,29299.6,695.0,-534.6500000000015,-1.7920678414909088,-12543051.76,12863505.979999999,86167161.10000001,2211403.08,-30818763.41,-655.235522,46442.270000000004,1706,21,1685,26.432121922626028,9.711536724801038,PUT WALL + VOL SENSITIVE
2026-07-10T06:12:57 ET,2026-07-10T06:10:00 ET,2026-07-10,Fri,0612ET,AGGREGATE,29834.25,707.585,29850.7,NEAR_FLIP,EXPANSION,,24.183127962085305,,23.94,25.04,29.77,23.54,29300.43,695.0,-533.8199999999997,-1.7892858040674717,-4977833.130000001,5562997.25,33001750.75,779236.4299999999,-13478688.79,-262.54891,24803.03,801,41,760,27.21601747815231,3.83316598964918,PUT WALL + VOL SENSITIVE
2026-07-10T06:12:57 ET,2026-07-10T06:10:00 ET,2026-07-10,Fri,0612ET,AGGREGATE,29834.25,707.585,29850.7,NEAR_FLIP,EXPANSION,,24.183127962085305,,23.94,25.04,29.77,23.54,29303.62,695.0,-530.630000000001,-1.778593395175012,-39090073.98,43386385.339999996,193736578.05,19225113.029999997,-71022145.89999999,-1671.0800169999998,85034.98,5202,257,4945,35.7886370626682,28.149122881199112,PUT WALL + VOL SENSITIVE
2026-07-10T06:12:57 ET,2026-07-10T06:10:00 ET,2026-07-10,Fri,0612ET,AGGREGATE,29834.25,707.585,29850.7,NEAR_FLIP,EXPANSION,,24.183127962085305,,23.94,25.04,29.77,23.54,29341.75,696.0,-492.5,-1.6507872663130463,-1731690.8399999999,1984013.46,11213481.25,312722.54,-3841581.4000000004,-85.29249200000001,7002.92,252,16,236,25.83730158730159,1.301085390130106,PUT WALL + VOL SENSITIVE
2026-07-10T06:12:57 ET,2026-07-10T06:10:00 ET,2026-07-10,Fri,0612ET,AGGREGATE,29834.25,707.585,29850.7,NEAR_FLIP,EXPANSION,,24.183127962085305,,23.94,25.04,29.77,23.54,29342.58,696.0,-491.66999999999825,-1.6480052288896092,-1327706.95,1327706.95,8338348.03,170166.94,-3902709.88,-79.458417,5794.38,184,0,184,26.65,0.9674806174767995,PUT WALL + VOL SENSITIVE
2026-07-10T06:12:57 ET,2026-07-10T06:10:00 ET,2026-07-10,Fri,0612ET,AGGREGATE,29834.25,707.585,29850.7,NEAR_FLIP,EXPANSION,,24.183127962085305,,23.94,25.04,29.77,23.54,29345.79,696.0,-488.4599999999991,-1.6372457829508005,-2848429.6599999997,7624173.779999999,13391130.739999998,3105018.0100000002,3629449.9399999995,86.72411200000005,14702.27,873,275,598,35.20545246277205,2.7812680207030667,PUT WALL + VOL SENSITIVE
2026-07-10T06:12:57 ET,2026-07-10T06:10:00 ET,2026-07-10,Fri,0612ET,AGGREGATE,29834.25,707.585,29850.7,NEAR_FLIP,EXPANSION,,24.183127962085305,,23.94,25.04,29.77,23.54,29383.91,697.0,-450.34000000000015,-1.5094731726120152,-1970871.58,1970871.58,11802085.16,282174.12,-5026601.62,-115.49677,6890.13,242,0,242,25.6,1.382035565772808,PUT WALL + VOL SENSITIVE
2026-07-10T06:12:57 ET,2026-07-10T06:10:00 ET,2026-07-10,Fri,0612ET,AGGREGATE,29834.25,707.585,29850.7,NEAR_FLIP,EXPANSION,,24.183127962085305,,23.94,25.04,29.77,23.54,29384.74,697.0,-449.5099999999984,-1.5066911351885781,-2221224.89,2281512.0900000003,12657325.32,264854.73,-6660696.899999999,-137.709715,10018.18,311,4,307,26.81623794212219,1.533286138144543,PUT WALL + VOL SENSITIVE
2026-07-10T06:12:57 ET,2026-07-10T06:10:00 ET,2026-07-10,Fri,0612ET,AGGREGATE,29834.25,707.585,29850.7,NEAR_FLIP,EXPANSION,,24.183127962085305,,23.94,25.04,29.77,23.54,29387.95,697.0,-446.2999999999993,-1.4959316892497692,-11921060.77,14745399.129999999,50554015.18,5470100.52,-20520018.009999998,-525.589649,28415.71,1630,157,1473,35.186006134969325,7.93972342721377,PUT WALL + VOL SENSITIVE
2026-07-10T06:12:57 ET,2026-07-10T06:10:00 ET,2026-07-10,Fri,0612ET,AGGREGATE,29834.25,707.585,29850.7,NEAR_FLIP,EXPANSION,,24.183127962085305,,23.94,25.04,29.77,23.54,29426.07,698.0,-408.1800000000003,-1.3681590789109843,-2093910.4899999998,2194407.61,11477236.48,282589.1,-5278001.569999999,-125.23785699999999,7603.14,261,6,255,25.38,1.3965837064790152,PUT WALL + VOL SENSITIVE
2026-07-10T06:12:57 ET,2026-07-10T06:10:00 ET,2026-07-10,Fri,0612ET,AGGREGATE,29834.25,707.585,29850.7,NEAR_FLIP,EXPANSION,,24.183127962085305,,23.94,25.04,29.77,23.54,29426.9,698.0,-407.34999999999854,-1.3653770414875472,-2106566.1999999997,2199279.94,11079756.84,229170.49,-6307245.92,-134.790507,9494.300000000001,290,6,284,26.36427586206897,1.3856677476198707,PUT WALL + VOL SENSITIVE
2026-07-10T06:12:57 ET,2026-07-10T06:10:00 ET,2026-07-10,Fri,0612ET,AGGREGATE,29834.25,707.585,29850.7,NEAR_FLIP,EXPANSION,,24.183127962085305,,23.94,25.04,29.77,23.54,29430.11,698.0,-404.1399999999994,-1.3546175955487383,-11019412.799999999,17058237.08,41487988.410000004,5708432.24,-15468403.86,-401.864328,33273.26,1843,325,1518,35.61709712425393,7.3150064465607025,PUT WALL + VOL SENSITIVE
2026-07-10T06:12:57 ET,2026-07-10T06:10:00 ET,2026-07-10,Fri,0612ET,AGGREGATE,29834.25,707.585,29850.7,NEAR_FLIP,EXPANSION,,24.183127962085305,,23.94,25.04,29.77,23.54,29468.23,699.0,-366.02000000000044,-1.226844985209953,-1504575.2999999998,3174061.58,7352692.34,363287.32,-1639982.58,-39.725939999999994,10998.19,369,97,272,25.360569105691056,1.06383319653235,PUT WALL + VOL SENSITIVE
2026-07-10T06:12:57 ET,2026-07-10T06:10:00 ET,2026-07-10,Fri,0612ET,AGGREGATE,29834.25,707.585,29850.7,NEAR_FLIP,EXPANSION,,24.183127962085305,,23.94,25.04,29.77,23.54,29469.06,699.0,-365.1899999999987,-1.2240629477865161,-865438.16,960338.2999999999,4043759.35,88495.78,-2621084.92,-56.545733000000006,4170.81,125,6,119,26.52768,0.5371772652821614,PUT WALL + VOL SENSITIVE
2026-07-10T06:12:57 ET,2026-07-10T06:10:00 ET,2026-07-10,Fri,0612ET,AGGREGATE,29834.25,707.585,29850.7,NEAR_FLIP,EXPANSION,,24.183127962085305,,23.94,25.04,29.77,23.54,29472.28,699.0,-361.97000000000116,-1.2132699833245386,-9223791.149999999,14084281.59,32506754.84,4204808.18,-13681389.729999999,-384.254925,26682.64,1447,254,1193,34.59447131997236,5.792862032357358,PUT WALL + VOL SENSITIVE
2026-07-10T06:12:57 ET,2026-07-10T06:10:00 ET,2026-07-10,Fri,0612ET,AGGREGATE,29834.25,707.585,29850.7,NEAR_FLIP,EXPANSION,,24.183127962085305,,23.94,25.04,29.77,23.54,29510.39,700.0,-323.8600000000006,-1.0855308915089221,-16024444.88,18407093.080000002,71312792.96000001,1840566.49,-40222762.56999999,-1015.172223,62604.89,2063,135,1928,24.91439650993698,9.588177206703852,PUT WALL + VOL SENSITIVE
2026-07-10T06:12:57 ET,2026-07-10T06:10:00 ET,2026-07-10,Fri,0612ET,AGGREGATE,29834.25,707.585,29850.7,NEAR_FLIP,EXPANSION,,24.183127962085305,,23.94,25.04,29.77,23.54,29511.22,700.0,-323.02999999999884,-1.082748854085485,-18772653.52,20647505.2,79324300.39,1657702.58,-57732201.269999996,-1288.0787559999999,88110.98,2604,116,2488,26.07703533026114,11.034372997041878,PUT WALL + VOL SENSITIVE
2026-07-10T06:12:57 ET,2026-07-10T06:10:00 ET,2026-07-10,Fri,0612ET,AGGREGATE,29834.25,707.585,29850.7,NEAR_FLIP,EXPANSION,,24.183127962085305,,23.94,25.04,29.77,23.54,29514.44,700.0,-319.8100000000013,-1.0719558896235077,-177954115.52,217447942.72,558233251.87,57018330.65,-356536917.79,-10267.789216,406865.21,21540,2010,19530,34.17197771587744,98.7756350975279,PUT WALL + VOL SENSITIVE
2026-07-10T06:12:57 ET,2026-07-10T06:10:00 ET,2026-07-10,Fri,0612ET,AGGREGATE,29834.25,707.585,29850.7,NEAR_FLIP,EXPANSION,,24.183127962085305,,23.94,25.04,29.77,23.54,29552.54,701.0,-281.7099999999991,-0.9442503163310596,-1267828.9599999997,3651736.5999999996,4628738.0,312310.41,-1116186.4899999993,-25.4315,12679.25,409,132,277,25.409902200488997,0.8516259041831514,PUT WALL + VOL SENSITIVE
2026-07-10T06:12:57 ET,2026-07-10T06:10:00 ET,2026-07-10,Fri,0612ET,AGGREGATE,29834.25,707.585,29850.7,NEAR_FLIP,EXPANSION,,24.183127962085305,,23.94,25.04,29.77,23.54,29553.38,701.0,-280.869999999999,-0.9414347603844541,-616322.1900000001,847144.11,2291816.2,57987.369999999995,-1749717.0699999998,-39.93941,3566.69,104,14,90,25.72596153846154,0.3506788965335208,PUT WALL + VOL SENSITIVE
2026-07-10T06:12:57 ET,2026-07-10T06:10:00 ET,2026-07-10,Fri,0612ET,AGGREGATE,29834.25,707.585,29850.7,NEAR_FLIP,EXPANSION,,24.183127962085305,,23.94,25.04,29.77,23.54,29556.6,701.0,-277.65000000000146,-0.9306417959224764,-7609501.02,13462903.64,21123119.729999997,3040399.62,-11373971.680000002,-349.75289000000004,25137.48,1300,291,1009,34.102338461538466,4.3783641573047465,PUT WALL + VOL SENSITIVE
2026-07-10T06:12:57 ET,2026-07-10T06:10:00 ET,2026-07-10,Fri,0612ET,AGGREGATE,29834.25,707.585,29850.7,NEAR_FLIP,EXPANSION,,24.183127962085305,,23.94,25.04,29.77,23.54,29594.7,702.0,-239.54999999999927,-0.8029362226300284,-444324.25,5146385.59,1528077.1800000006,366995.61,3285850.8600000003,82.56563700000001,17410.02,554,255,299,24.74586642599278,0.7197528698619764,PUT WALL + VOL SENSITIVE
2026-07-10T06:12:57 ET,2026-07-10T06:10:00 ET,2026-07-10,Fri,0612ET,AGGREGATE,29834.25,707.585,29850.7,NEAR_FLIP,EXPANSION,,24.183127962085305,,23.94,25.04,29.77,23.54,29595.54,702.0,-238.70999999999913,-0.8001206666834231,-1626568.0699999998,1794453.23,5197428.63,101271.83,-5263894.21,-122.569719,7540.81,217,10,207,25.692811059907836,0.8331613101211357,PUT WALL + VOL SENSITIVE
2026-07-10T06:12:57 ET,2026-07-10T06:10:00 ET,2026-07-10,Fri,0612ET,AGGREGATE,29834.25,707.585,29850.7,NEAR_FLIP,EXPANSION,,24.183127962085305,,23.94,25.04,29.77,23.54,29598.77,702.0,-235.47999999999956,-0.7892941836982649,-11200283.5,32633216.9,25480640.15,6170563.95,-8811858.850000001,-278.2184619999998,62303.89,3149,1044,2105,34.85913623372499,7.162604831267356,PUT WALL + VOL SENSITIVE
2026-07-10T06:12:57 ET,2026-07-10T06:10:00 ET,2026-07-10,Fri,0612ET,AGGREGATE,29834.25,707.585,29850.7,NEAR_FLIP,EXPANSION,,24.183127962085305,,23.94,25.04,29.77,23.54,29636.86,703.0,-197.38999999999942,-0.6616221289289974,-1174209.25,5532157.03,3269806.9899999993,314471.9,62638.32999999821,-1.3202150000000188,18646.370000000003,585,232,353,24.66948717948718,0.8482802743862256,PUT WALL + VOL SENSITIVE
2026-07-10T06:12:57 ET,2026-07-10T06:10:00 ET,2026-07-10,Fri,0612ET,AGGREGATE,29834.25,707.585,29850.7,NEAR_FLIP,EXPANSION,,24.183127962085305,,23.94,25.04,29.77,23.54,29637.7,703.0,-196.54999999999927,-0.658806572982392,-680713.4100000001,1926371.29,1711132.9699999997,85929.48,-1426447.6600000001,-31.421357999999998,8082.91,230,73,157,25.624347826086957,0.4055692430308659,PUT WALL + VOL SENSITIVE
2026-07-10T06:12:57 ET,2026-07-10T06:10:00 ET,2026-07-10,Fri,0612ET,AGGREGATE,29834.25,707.585,29850.7,NEAR_FLIP,EXPANSION,,24.183127962085305,,23.94,25.04,29.77,23.54,29640.93,703.0,-193.3199999999997,-0.6479800899972337,-15222744.21,26085090.57,29819736.52,3988346.73,-29221130.080000002,-941.175909,48149.34,2399,520,1879,33.722330137557314,7.429651144320748,PUT WALL
2026-07-10T06:12:57 ET,2026-07-10T06:10:00 ET,2026-07-10,Fri,0612ET,AGGREGATE,29834.25,707.585,29850.7,NEAR_FLIP,EXPANSION,,24.183127962085305,,23.94,25.04,29.77,23.54,29679.02,704.0,-155.22999999999956,-0.5203080352279664,-3076932.99,3573294.21,6934665.91,151581.93,-8861878.399999999,-245.228714,11797.51,366,26,340,24.222677595628415,1.3515716791198047,PUT WALL + VOL SENSITIVE
2026-07-10T06:12:57 ET,2026-07-10T06:10:00 ET,2026-07-10,Fri,0612ET,AGGREGATE,29834.25,707.585,29850.7,NEAR_FLIP,EXPANSION,,24.183127962085305,,23.94,25.04,29.77,23.54,29679.86,704.0,-154.38999999999942,-0.5174924792813609,-25689619.26,27091795.2,55181447.529999994,885249.87,-88257571.73,-2139.41201,111782.45999999999,3152,81,3071,25.250748730964467,11.165306823331681,PUT WALL + VOL SENSITIVE
2026-07-10T06:12:57 ET,2026-07-10T06:10:00 ET,2026-07-10,Fri,0612ET,AGGREGATE,29834.25,707.585,29850.7,NEAR_FLIP,EXPANSION,,24.183127962085305,,23.94,25.04,29.77,23.54,29683.09,704.0,-151.15999999999985,-0.5066659962962027,-4826533.630000001,9573028.77,7509178.72,1114160.9100000001,-9282166.149999999,-311.00637500000005,17612.74,865,224,641,33.62050867052023,2.265212429873833,PUT WALL
2026-07-10T06:12:57 ET,2026-07-10T06:10:00 ET,2026-07-10,Fri,0612ET,AGGREGATE,29834.25,707.585,29850.7,NEAR_FLIP,EXPANSION,,24.183127962085305,,23.94,25.04,29.77,23.54,29721.17,705.0,-113.08000000000175,-0.379027460050116,-34407540.58,39052941.78,57763430.7,1095252.15,-103771320.92,-2909.722968,128381.01,3944,240,3704,24.126774847870188,13.680751310510908,PUT WALL
2026-07-10T06:12:57 ET,2026-07-10T06:10:00 ET,2026-07-10,Fri,0612ET,AGGREGATE,29834.25,707.585,29850.7,NEAR_FLIP,EXPANSION,,24.183127962085305,,23.94,25.04,29.77,23.54,29722.01,705.0,-112.2400000000016,-0.3762119041035106,-22578609.36,26417090.68,36146186.83,550055.61,-78483624.22,-1928.703393,108293.62999999999,3030,219,2811,25.08687128712871,9.136942785674654,PUT WALL
2026-07-10T06:12:57 ET,2026-07-10T06:10:00 ET,2026-07-10,Fri,0612ET,AGGREGATE,29834.25,707.585,29850.7,NEAR_FLIP,EXPANSION,,24.183127962085305,,23.94,25.04,29.77,23.54,29725.26,705.0,-108.9900000000016,-0.3653183840720032,-27957729.549999997,68050231.77,32285772.06,5436153.67,-52982566.70999999,-1876.1355529999996,124684.01000000001,6055,1871,4184,33.49070189925681,12.886025368069765,PUT WALL
2026-07-10T06:12:57 ET,2026-07-10T06:10:00 ET,2026-07-10,Fri,0612ET,AGGREGATE,29834.25,707.585,29850.7,NEAR_FLIP,EXPANSION,,24.183127962085305,,23.94,25.04,29.77,23.54,29763.33,706.0,-70.91999999999825,-0.2377133663490728,-3792689.5300000003,6161420.55,4014507.56,83414.45000000001,-11635650.3,-320.861604,20664.64,630,121,509,24.6015873015873,1.4718805495636211,PUT WALL
2026-07-10T06:12:57 ET,2026-07-10T06:10:00 ET,2026-07-10,Fri,0612ET,AGGREGATE,29834.25,707.585,29850.7,NEAR_FLIP,EXPANSION,,24.183127962085305,,23.94,25.04,29.77,23.54,29764.17,706.0,-70.08000000000175,-0.2348978104024795,144681.21999999997,3751786.34,-196271.57999999984,34120.79,1924154.9500000002,48.350340999999986,15243.91,424,220,204,24.79547169811321,0.37945954515943753,CALL WALL
2026-07-10T06:12:57 ET,2026-07-10T06:10:00 ET,2026-07-10,Fri,0612ET,AGGREGATE,29834.25,707.585,29850.7,NEAR_FLIP,EXPANSION,,24.183127962085305,,23.94,25.04,29.77,23.54,29767.42,706.0,-66.83000000000175,-0.2240042903709721,1937284.2999999989,23229946.939999998,-1074203.71,993843.7,13541448.030000001,395.4902609999999,44299.28,2133,1165,968,34.80493670886076,2.434479736216737,CALL WALL
2026-07-10T06:12:57 ET,2026-07-10T06:10:00 ET,2026-07-10,Fri,0612ET,AGGREGATE,29834.25,707.585,29850.7,NEAR_FLIP,EXPANSION,,24.183127962085305,,23.94,25.04,29.77,23.54,29805.49,707.0,-28.7599999999984,-0.09639927264804175,-599307.8300000001,3739470.49,347917.26,-2253.6800000000003,-1136491.58,-38.824596000000014,12226.02,371,159,212,23.95714285714286,0.38587359453640496,PUT WALL
2026-07-10T06:12:57 ET,2026-07-10T06:10:00 ET,2026-07-10,Fri,0612ET,AGGREGATE,29834.25,707.585,29850.7,NEAR_FLIP,EXPANSION,,24.183127962085305,,23.94,25.04,29.77,23.54,29806.33,707.0,-27.919999999998254,-0.09358371670143628,737074.23,4871159.1899999995,-389480.68999999994,-13396.59,4040358.9000000004,100.57129999999998,19639.47,544,314,230,24.591139705882355,0.5878848406570303,CALL WALL
2026-07-10T06:12:57 ET,2026-07-10T06:10:00 ET,2026-07-10,Fri,0612ET,AGGREGATE,29834.25,707.585,29850.7,NEAR_FLIP,EXPANSION,,24.183127962085305,,23.94,25.04,29.77,23.54,29809.58,707.0,-24.669999999998254,-0.08269019666992887,-26402420.08,37149459.78,6685382.07,265004.02,-72679429.18,-2471.6356880000003,66462.89,3186,495,2691,32.71725988700565,8.119728898404697,PUT WALL
2026-07-10T06:12:57 ET,2026-07-10T06:10:00 ET,2026-07-10,Fri,0612ET,AGGREGATE,29834.25,707.585,29850.7,NEAR_FLIP,EXPANSION,,24.183127962085305,,23.94,25.04,29.77,23.54,29847.65,708.0,13.400000000001455,0.04491482105298929,-903515.1000000001,4225117.9,-62337.229999999996,-63541.46000000001,-2946054.4699999997,-83.46079599999999,13940.310000000001,422,166,256,24.183127962085305,0.4965685688648446,PUT WALL
2026-07-10T06:12:57 ET,2026-07-10T06:10:00 ET,2026-07-10,Fri,0612ET,AGGREGATE,29834.25,707.585,29850.7,NEAR_FLIP,EXPANSION,,24.183127962085305,,23.94,25.04,29.77,23.54,29848.49,708.0,14.2400000000016,0.047730376999594766,-1525479.6400000001,3207849.8400000003,-83409.95000000001,-46994.96,-5604040.38,-146.36832199999998,12916.880000000001,357,96,261,24.639411764705883,0.5793270448733996,PUT WALL
2026-07-10T06:12:57 ET,2026-07-10T06:10:00 ET,2026-07-10,Fri,0612ET,AGGREGATE,29834.25,707.585,29850.7,NEAR_FLIP,EXPANSION,,24.183127962085305,,23.94,25.04,29.77,23.54,29851.75,708.0,17.5,0.05865741555427068,695694.3500000015,38478717.71,141316.22999999998,-1172655.4300000002,2890034.9399999976,69.12314400000014,74094.44,3546,1814,1732,35.15300620417372,2.947080484691247,CALL WALL
2026-07-10T06:12:57 ET,2026-07-10T06:10:00 ET,2026-07-10,Fri,0612ET,AGGREGATE,29834.25,707.585,29850.7,NEAR_FLIP,EXPANSION,,24.183127962085305,,23.94,25.04,29.77,23.54,29889.81,709.0,55.56000000000131,0.1862289147540203,-227588.1299999999,5767513.41,-146657.96999999997,-169841.33000000002,-1008578.2200000007,-36.12026500000002,19190.84,581,283,298,24.379191049913945,0.5203763013911297,PUT WALL
2026-07-10T06:12:57 ET,2026-07-10T06:10:00 ET,2026-07-10,Fri,0612ET,AGGREGATE,29834.25,707.585,29850.7,NEAR_FLIP,EXPANSION,,24.183127962085305,,23.94,25.04,29.77,23.54,29890.65,709.0,56.400000000001455,0.1890444707006258,1399128.65,5025320.85,892090.78,-133256.56,5382146.91,131.69352,20229.58,559,360,199,24.553881932021465,0.7704263489642146,CALL WALL
2026-07-10T06:12:57 ET,2026-07-10T06:10:00 ET,2026-07-10,Fri,0612ET,AGGREGATE,29834.25,707.585,29850.7,NEAR_FLIP,EXPANSION,,24.183127962085305,,23.94,25.04,29.77,23.54,29893.91,709.0,59.659999999999854,0.19997150925530174,-10966762.32,42425467.86,-6208928.010000002,-2827591.35,-43072542.400000006,-1283.693495,80409.6,3854,1404,2450,34.620202387130256,6.3697531007018355,PUT WALL
2026-07-10T06:12:57 ET,2026-07-10T06:10:00 ET,2026-07-10,Fri,0612ET,AGGREGATE,29834.25,707.585,29850.7,NEAR_FLIP,EXPANSION,,24.183127962085305,,23.94,25.04,29.77,23.54,29931.96,710.0,97.70999999999913,0.3275094899318707,-6068211.760000002,27218917.34,-7226960.539999999,-1186714.79,-27357513.479999997,-780.744067,89110.72,2705,1053,1652,24.011608133086877,4.144508843457624,PUT WALL
2026-07-10T06:12:57 ET,2026-07-10T06:10:00 ET,2026-07-10,Fri,0612ET,AGGREGATE,29834.25,707.585,29850.7,NEAR_FLIP,EXPANSION,,24.183127962085305,,23.94,25.04,29.77,23.54,29932.81,710.0,98.56000000000131,0.33035856440165684,-2580870.0800000005,7157426.720000001,-3097146.0600000005,-273529.32,-11299332.969999999,-296.028822,28500.16,789,256,533,24.374093789607098,1.4123820073134878,PUT WALL
2026-07-10T06:12:57 ET,2026-07-10T06:10:00 ET,2026-07-10,Fri,0612ET,AGGREGATE,29834.25,707.585,29850.7,NEAR_FLIP,EXPANSION,,24.183127962085305,,23.94,25.04,29.77,23.54,29936.07,710.0,101.81999999999971,0.34128560295633276,-21385914.130000003,131561817.11000001,-19663206.629999995,-13550809.95,-111488085.82,-3294.341285999999,249256.19999999998,12001,4954,7047,34.609585034580455,19.055385369876312,PUT WALL
2026-07-10T06:12:57 ET,2026-07-10T06:10:00 ET,2026-07-10,Fri,0612ET,AGGREGATE,29834.25,707.585,29850.7,NEAR_FLIP,EXPANSION,,24.183127962085305,,23.94,25.04,29.77,23.54,29974.12,711.0,139.86999999999898,0.4688235836329017,-923112.9199999999,20352186.740000002,-1488491.1099999994,-1178031.6099999999,-10379738.96,-303.49677499999996,66595.4,2032,975,1057,23.989999999999995,2.239729315534258,PUT WALL
2026-07-10T06:12:57 ET,2026-07-10T06:10:00 ET,2026-07-10,Fri,0612ET,AGGREGATE,29834.25,707.585,29850.7,NEAR_FLIP,EXPANSION,,24.183127962085305,,23.94,25.04,29.77,23.54,29974.97,711.0,140.72000000000116,0.4716726581026879,1680222.1400000001,6359958.02,2961378.56,-319107.29,4771714.32,112.06433100000001,25513.1,709,453,256,24.483906911142455,1.0796479053072645,CALL WALL
2026-07-10T06:12:57 ET,2026-07-10T06:10:00 ET,2026-07-10,Fri,0612ET,AGGREGATE,29834.25,707.585,29850.7,NEAR_FLIP,EXPANSION,,24.183127962085305,,23.94,25.04,29.77,23.54,29978.24,711.0,143.9900000000016,0.4826332151805445,1661877.63,12070136.489999998,2350598.41,-1683772.01,336082.58000000194,9.509690999999975,23115.26,1121,638,483,34.96446922390722,1.6006221907990323,CALL WALL
2026-07-10T06:12:57 ET,2026-07-10T06:10:00 ET,2026-07-10,Fri,0612ET,AGGREGATE,29834.25,707.585,29850.7,NEAR_FLIP,EXPANSION,,24.183127962085305,,23.94,25.04,29.77,23.54,30016.28,712.0,182.02999999999884,0.6101376773339328,-6059415.58,9180177.66,-14415222.840000002,-659774.16,-26029646.74,-738.3283869999999,29853.71,918,158,760,23.928932461873636,3.2012643627210133,PUT WALL + VOL SENSITIVE
2026-07-10T06:12:57 ET,2026-07-10T06:10:00 ET,2026-07-10,Fri,0612ET,AGGREGATE,29834.25,707.585,29850.7,NEAR_FLIP,EXPANSION,,24.183127962085305,,23.94,25.04,29.77,23.54,30017.13,712.0,182.88000000000102,0.612986751803719,2555624.46,6844236.28,6152343.410000001,-423472.80999999994,6770206.879999999,169.57646799999998,27033.89,756,521,235,24.099999999999998,1.5128740378091272,CALL WALL + VOL SENSITIVE
2026-07-10T06:12:57 ET,2026-07-10T06:10:00 ET,2026-07-10,Fri,0612ET,AGGREGATE,29834.25,707.585,29850.7,NEAR_FLIP,EXPANSION,,24.183127962085305,,23.94,25.04,29.77,23.54,30020.4,712.0,186.15000000000146,0.6239473088815756,6965286.71,21213863.13,13813255.820000002,-3713275.58,8610617.650000002,315.9032430000001,39187.19,1924,1256,668,33.737027027027025,4.396114267165979,CALL WALL
2026-07-10T06:12:57 ET,2026-07-10T06:10:00 ET,2026-07-10,Fri,0612ET,AGGREGATE,29834.25,707.585,29850.7,NEAR_FLIP,EXPANSION,,24.183127962085305,,23.94,25.04,29.77,23.54,30058.44,713.0,224.1899999999987,0.7514517710349637,-2633196.84,5415321.72,-7672383.76,-465521.54,-12991593.91,-363.771044,17436.47,542,138,404,23.68232472324723,1.6767992895536974,PUT WALL + VOL SENSITIVE
2026-07-10T06:12:57 ET,2026-07-10T06:10:00 ET,2026-07-10,Fri,0612ET,AGGREGATE,29834.25,707.585,29850.7,NEAR_FLIP,EXPANSION,,24.183127962085305,,23.94,25.04,29.77,23.54,30059.29,713.0,225.04000000000087,0.75430084550475,1056265.58,3001329.34,3035213.4899999998,-221414.39,2524728.8500000006,58.008652,12032.94,339,232,107,24.468525073746314,0.6772008817621861,CALL WALL + VOL SENSITIVE
2026-07-10T06:12:57 ET,2026-07-10T06:10:00 ET,2026-07-10,Fri,0612ET,AGGREGATE,29834.25,707.585,29850.7,NEAR_FLIP,EXPANSION,,24.183127962085305,,23.94,25.04,29.77,23.54,30062.57,713.0,228.3199999999997,0.7652949211057751,-15377991.93,31372704.85,-33013517.43,-6631558.83,-74885542.52000001,-2212.4973739999996,59711.979999999996,2966,745,2221,34.796449763991916,10.028861209423127,PUT WALL + VOL SENSITIVE
2026-07-10T06:12:57 ET,2026-07-10T06:10:00 ET,2026-07-10,Fri,0612ET,AGGREGATE,29834.25,707.585,29850.7,NEAR_FLIP,EXPANSION,,24.183127962085305,,23.94,25.04,29.77,23.54,30100.59,714.0,266.34000000000015,0.8927323462128264,2983415.2800000003,7029804.88,10733437.540000001,-707276.49,5352273.039999999,142.335844,22910.379999999997,721,516,205,23.853037447988907,1.9004236959158043,CALL WALL + VOL SENSITIVE
2026-07-10T06:12:57 ET,2026-07-10T06:10:00 ET,2026-07-10,Fri,0612ET,AGGREGATE,29834.25,707.585,29850.7,NEAR_FLIP,EXPANSION,,24.183127962085305,,23.94,25.04,29.77,23.54,30101.44,714.0,267.1899999999987,0.8955814206826004,2277034.0900000003,6287782.890000001,8015430.380000001,-537068.06,4467032.1,104.44399200000001,24900.03,709,487,222,24.1772778561354,1.5436554224877017,CALL WALL + VOL SENSITIVE
2026-07-10T06:12:57 ET,2026-07-10T06:10:00 ET,2026-07-10,Fri,0612ET,AGGREGATE,29834.25,707.585,29850.7,NEAR_FLIP,EXPANSION,,24.183127962085305,,23.94,25.04,29.77,23.54,30104.73,714.0,270.47999999999956,0.9066090148068062,-1440113.2999999989,21630472.08,-2783000.289999999,-5347480.02,-24746809.07,-704.3237529999999,40837.64,2064,950,1114,34.501482558139536,3.9522099759755935,PUT WALL
2026-07-10T06:12:57 ET,2026-07-10T06:10:00 ET,2026-07-10,Fri,0612ET,AGGREGATE,29834.25,707.585,29850.7,NEAR_FLIP,EXPANSION,,24.183127962085305,,23.94,25.04,29.77,23.54,30142.75,715.0,308.5,1.0340464399138574,-2032058.2000000002,10527487.379999999,-7860291.830000002,-1201907.74,-17565257.12,-482.09077099999996,33677.36,1078,434,644,23.518831168831166,2.3142818256390063,PUT WALL + VOL SENSITIVE
2026-07-10T06:12:57 ET,2026-07-10T06:10:00 ET,2026-07-10,Fri,0612ET,AGGREGATE,29834.25,707.585,29850.7,NEAR_FLIP,EXPANSION,,24.183127962085305,,23.94,25.04,29.77,23.54,30143.6,715.0,309.34999999999854,1.0368955143836314,-2022282.1700000004,7400745.710000001,-8193475.470000001,-715054.47,-14718597.45,-375.96057399999995,28837.010000000002,832,306,526,23.8978125,1.9264831912559843,PUT WALL + VOL SENSITIVE
2026-07-10T06:12:57 ET,2026-07-10T06:10:00 ET,2026-07-10,Fri,0612ET,AGGREGATE,29834.25,707.585,29850.7,NEAR_FLIP,EXPANSION,,24.183127962085305,,23.94,25.04,29.77,23.54,30146.89,715.0,312.6399999999994,1.047923108507837,-7727213.530000001,107273283.19,-17114483.97,-30347681.59,-142569845.43,-3994.464921,202303.34,10429,4768,5661,34.464801035573885,21.58122960712423,PUT WALL + VOL SENSITIVE
2026-07-10T06:12:57 ET,2026-07-10T06:10:00 ET,2026-07-10,Fri,0612ET,AGGREGATE,29834.25,707.585,29850.7,NEAR_FLIP,EXPANSION,,24.183127962085305,,23.94,25.04,29.77,23.54,30184.91,716.0,350.65999999999985,1.1753605336148885,-568373.32,2352367.96,-2514587.55,-301222.27,-4762737.38,-128.540828,7477.99,244,92,152,23.394918032786887,0.6115408734308236,PUT WALL + VOL SENSITIVE
2026-07-10T06:12:57 ET,2026-07-10T06:10:00 ET,2026-07-10,Fri,0612ET,AGGREGATE,29834.25,707.585,29850.7,NEAR_FLIP,EXPANSION,,24.183127962085305,,23.94,25.04,29.77,23.54,30185.76,716.0,351.5099999999984,1.1782096080846622,43893.92000000004,1638960.8399999999,239436.56000000006,-177700.38,-1537223.15,-39.765874000000004,6387.08,187,97,90,23.863368983957223,0.23738588144932787,CALL WALL + VOL SENSITIVE
2026-07-10T06:12:57 ET,2026-07-10T06:10:00 ET,2026-07-10,Fri,0612ET,AGGREGATE,29834.25,707.585,29850.7,NEAR_FLIP,EXPANSION,,24.183127962085305,,23.94,25.04,29.77,23.54,30189.06,716.0,354.8100000000013,1.189270720732049,4454455.11,14308877.190000001,16415764.379999999,-4556294.66,-2328005.8000000007,-46.91261900000006,26717.75,1412,916,496,34.106912181303116,3.9057948841807075,CALL WALL + VOL SENSITIVE
2026-07-10T06:12:57 ET,2026-07-10T06:10:00 ET,2026-07-10,Fri,0612ET,AGGREGATE,29834.25,707.585,29850.7,NEAR_FLIP,EXPANSION,,24.183127962085305,,23.94,25.04,29.77,23.54,30227.07,717.0,392.8199999999997,1.3166746273159196,1996574.4500000002,4318760.87,11012498.030000001,-616199.3099999999,2032411.7999999998,52.57567599999999,13806.869999999999,460,337,123,23.4115,1.5141289751554279,CALL WALL + VOL SENSITIVE
2026-07-10T06:12:57 ET,2026-07-10T06:10:00 ET,2026-07-10,Fri,0612ET,AGGREGATE,29834.25,707.585,29850.7,NEAR_FLIP,EXPANSION,,24.183127962085305,,23.94,25.04,29.77,23.54,30227.92,717.0,393.66999999999825,1.3195237017856936,-1056067.68,2390003.7,-5486500.040000001,-285595.83,-7238946.34,-179.097121,9191.34,274,77,197,23.64941605839416,0.9344686346625237,PUT WALL + VOL SENSITIVE
2026-07-10T06:12:57 ET,2026-07-10T06:10:00 ET,2026-07-10,Fri,0612ET,AGGREGATE,29834.25,707.585,29850.7,NEAR_FLIP,EXPANSION,,24.183127962085305,,23.94,25.04,29.77,23.54,30231.22,717.0,396.97000000000116,1.3305848144330799,1394577.17,23480621.130000003,8821427.270000003,-8297862.85,-29492408.32,-769.830616,43403.39,2361,1221,1140,33.80194409148666,5.445090351496279,CALL WALL + VOL SENSITIVE
2026-07-10T06:12:57 ET,2026-07-10T06:10:00 ET,2026-07-10,Fri,0612ET,AGGREGATE,29834.25,707.585,29850.7,NEAR_FLIP,EXPANSION,,24.183127962085305,,23.94,25.04,29.77,23.54,30252.3,717.5,418.0499999999993,1.4012418612835893,-558509.7800000003,5709683.54,-1367946.5999999996,-2118197.4,-10925323.8,-287.186907,10593.59,584,256,328,33.945205479452056,1.426381427870743,PUT WALL + VOL SENSITIVE
2026-07-10T06:12:57 ET,2026-07-10T06:10:00 ET,2026-07-10,Fri,0612ET,AGGREGATE,29834.25,707.585,29850.7,NEAR_FLIP,EXPANSION,,24.183127962085305,,23.94,25.04,29.77,23.54,30269.22,718.0,434.97000000000116,1.457955202493782,797484.81,3331628.41,4959511.09,-521003.95999999996,-1695844.88,-45.851449,10645.73,363,226,137,23.45151515151515,0.8668748859678597,CALL WALL + VOL SENSITIVE
2026-07-10T06:12:57 ET,2026-07-10T06:10:00 ET,2026-07-10,Fri,0612ET,AGGREGATE,29834.25,707.585,29850.7,NEAR_FLIP,EXPANSION,,24.183127962085305,,23.94,25.04,29.77,23.54,30270.08,718.0,435.83000000000175,1.4608377954867366,54151.19000000006,1793883.65,478953.2700000005,-235704.78,-2291563.32,-56.090275,6868.22,209,108,101,23.469808612440193,0.3021117701803349,CALL WALL + VOL SENSITIVE
2026-07-10T06:12:57 ET,2026-07-10T06:10:00 ET,2026-07-10,Fri,0612ET,AGGREGATE,29834.25,707.585,29850.7,NEAR_FLIP,EXPANSION,,24.183127962085305,,23.94,25.04,29.77,23.54,30273.38,718.0,439.130000000001,1.4718989081341112,7839003.290000001,22117333.33,37066819.32,-8593744.55,-7558892.870000001,-164.80353000000002,40576.04,2280,1522,758,33.52121929824562,7.528353656147896,CALL WALL + VOL SENSITIVE
2026-07-10T06:12:57 ET,2026-07-10T06:10:00 ET,2026-07-10,Fri,0612ET,AGGREGATE,29834.25,707.585,29850.7,NEAR_FLIP,EXPANSION,,24.183127962085305,,23.94,25.04,29.77,23.54,30311.38,719.0,477.130000000001,1.5992692961948132,-5480962.36,8362049.64,-35027112.92,-1412417.6300000001,-35213376.81,-896.961653,26354.68,924,158,766,23.31952380952381,4.906299354484514,PUT WALL + VOL SENSITIVE
2026-07-10T06:12:57 ET,2026-07-10T06:10:00 ET,2026-07-10,Fri,0612ET,AGGREGATE,29834.25,707.585,29850.7,NEAR_FLIP,EXPANSION,,24.183127962085305,,23.94,25.04,29.77,23.54,30312.24,719.0,477.9900000000016,1.6021518891877677,1237945.25,2303996.93,8202304.1,-330726.75,1661914.7800000003,37.717899,8885.03,276,213,63,23.544565217391302,1.0159726540315923,CALL WALL + VOL SENSITIVE
2026-07-10T06:12:57 ET,2026-07-10T06:10:00 ET,2026-07-10,Fri,0612ET,AGGREGATE,29834.25,707.585,29850.7,NEAR_FLIP,EXPANSION,,24.183127962085305,,23.94,25.04,29.77,23.54,30315.55,719.0,481.2999999999993,1.6132465203583108,-2580143.969999999,34874950.19,-7151143.760000005,-14780181.51,-72941374.27,-1852.6977660000002,65328.35,3763,1712,2051,34.24643901142706,9.28914134652841,PUT WALL + VOL SENSITIVE
2026-07-10T06:12:57 ET,2026-07-10T06:10:00 ET,2026-07-10,Fri,0612ET,AGGREGATE,29834.25,707.585,29850.7,NEAR_FLIP,EXPANSION,,24.183127962085305,,23.94,25.04,29.77,23.54,30353.54,720.0,519.2900000000009,1.740583389895844,-1351192.87,11958998.07,-7632359.210000001,-2191637.67,-27368571.5,-679.0128179999999,37458.04,1357,601,756,23.088975681650698,2.882165381343417,PUT WALL + VOL SENSITIVE
2026-07-10T06:12:57 ET,2026-07-10T06:10:00 ET,2026-07-10,Fri,0612ET,AGGREGATE,29834.25,707.585,29850.7,NEAR_FLIP,EXPANSION,,24.183127962085305,,23.94,25.04,29.77,23.54,30354.4,720.0,520.1500000000015,1.7434659828887988,-1567895.2600000002,6773689.859999999,-10344220.45,-1042351.9000000001,-18585702.87,-435.84727799999996,25686.559999999998,819,316,503,23.334090354090353,2.161652321613888,PUT WALL + VOL SENSITIVE
2026-07-10T06:12:57 ET,2026-07-10T06:10:00 ET,2026-07-10,Fri,0612ET,AGGREGATE,29834.25,707.585,29850.7,NEAR_FLIP,EXPANSION,,24.183127962085305,,23.94,25.04,29.77,23.54,30357.71,720.0,523.4599999999991,1.7545606140593417,-15240846.629999995,133984860.91,-55103938.25,-61443563.84,-330005822.47,-8131.472608,250924.74,14970,6517,8453,34.23919772879091,40.80683341700213,PUT WALL + VOL SENSITIVE
2026-07-10T06:12:57 ET,2026-07-10T06:10:00 ET,2026-07-10,Fri,0612ET,AGGREGATE,29834.25,707.585,29850.7,NEAR_FLIP,EXPANSION,,24.183127962085305,,23.94,25.04,29.77,23.54,30395.7,721.0,561.4500000000007,1.8818974835968751,993374.4999999998,4328553.14,8602337.200000001,-854711.27,-4658391.68,-112.75833,13519.77,507,312,195,22.955384615384617,1.3946467894728731,CALL WALL + VOL SENSITIVE
2026-07-10T06:12:57 ET,2026-07-10T06:10:00 ET,2026-07-10,Fri,0612ET,AGGREGATE,29834.25,707.585,29850.7,NEAR_FLIP,EXPANSION,,24.183127962085305,,23.94,25.04,29.77,23.54,30396.56,721.0,562.3100000000013,1.8847800765898297,16909.980000000214,2157121.74,382217.4799999995,-357224.18,-4069427.6799999997,-93.95021499999999,8188.56,268,136,132,23.31328358208955,0.4029236341154845,CALL WALL + VOL SENSITIVE
2026-07-10T06:12:57 ET,2026-07-10T06:10:00 ET,2026-07-10,Fri,0612ET,AGGREGATE,29834.25,707.585,29850.7,NEAR_FLIP,EXPANSION,,24.183127962085305,,23.94,25.04,29.77,23.54,30399.87,721.0,565.619999999999,1.8958747077603726,2452820.79,10859091.43,15561214.180000003,-5354324.7700000005,-14251937.18,-333.660851,20101.52,1254,760,494,33.81969696969697,4.012695077361587,CALL WALL + VOL SENSITIVE
2026-07-10T06:12:57 ET,2026-07-10T06:10:00 ET,2026-07-10,Fri,0612ET,AGGREGATE,29834.25,707.585,29850.7,NEAR_FLIP,EXPANSION,,24.183127962085305,,23.94,25.04,29.77,23.54,30437.86,722.0,603.6100000000006,2.0232115772979062,-48118277.46,82753770.32,-389592283.57000005,-17338081.15,-390009431.09999996,-9121.439664000001,259068.62,10005,2106,7899,23.209493253373314,52.57527234144588,PUT WALL + VOL SENSITIVE
2026-07-10T06:12:57 ET,2026-07-10T06:10:00 ET,2026-07-10,Fri,0612ET,AGGREGATE,29834.25,707.585,29850.7,NEAR_FLIP,EXPANSION,,24.183127962085305,,23.94,25.04,29.77,23.54,30438.72,722.0,604.4700000000012,2.0260941702908606,988612.0200000001,2174632.2,8557245.629999999,-386448.89999999997,-147592.69999999972,-4.525017000000005,8237.029999999999,278,203,75,23.168237410071942,0.9965953620928024,CALL WALL + VOL SENSITIVE
2026-07-10T06:12:57 ET,2026-07-10T06:10:00 ET,2026-07-10,Fri,0612ET,AGGREGATE,29834.25,707.585,29850.7,NEAR_FLIP,EXPANSION,,24.183127962085305,,23.94,25.04,29.77,23.54,30442.04,722.0,607.7900000000009,2.0372223199845845,-697853.0700000003,19076997.09,86417.62999999523,-10065655.36,-49956788.650000006,-1143.4032809999999,35585.42,2304,1095,1209,34.083333333333336,5.585403621942579,PUT WALL
2026-07-10T06:12:57 ET,2026-07-10T06:10:00 ET,2026-07-10,Fri,0612ET,AGGREGATE,29834.25,707.585,29850.7,NEAR_FLIP,EXPANSION,,24.183127962085305,,23.94,25.04,29.77,23.54,30463.12,722.5,628.869999999999,2.107879366835094,2487033.01,16087171.65,19633166.189999998,-8757528.879999999,-31094162.400000002,-693.294015,29601.739999999998,1978,1129,849,33.61766430738119,6.089781244419113,CALL WALL + VOL SENSITIVE
2026-07-10T06:12:57 ET,2026-07-10T06:10:00 ET,2026-07-10,Fri,0612ET,AGGREGATE,29834.25,707.585,29850.7,NEAR_FLIP,EXPANSION,,24.183127962085305,,23.94,25.04,29.77,23.54,30480.01,723.0,645.7599999999984,2.1644921524757565,2241402.93,4498004.93,21315687.619999997,-1012869.1699999999,-1106112.1400000006,-26.35006100000001,13969.039999999999,566,425,141,22.784381625441693,2.401051305427838,CALL WALL + VOL SENSITIVE
2026-07-10T06:12:57 ET,2026-07-10T06:10:00 ET,2026-07-10,Fri,0612ET,AGGREGATE,29834.25,707.585,29850.7,NEAR_FLIP,EXPANSION,,24.183127962085305,,23.94,25.04,29.77,23.54,30480.87,723.0,646.619999999999,2.167374745468711,2101422.42,3655422.1799999997,19573019.63,-691784.7200000001,1191177.8900000006,24.02801000000001,13731.869999999999,480,379,101,22.956791666666668,2.1156989360190632,CALL WALL + VOL SENSITIVE
2026-07-10T06:12:57 ET,2026-07-10T06:10:00 ET,2026-07-10,Fri,0612ET,AGGREGATE,29834.25,707.585,29850.7,NEAR_FLIP,EXPANSION,,24.183127962085305,,23.94,25.04,29.77,23.54,30484.2,723.0,649.9500000000007,2.1785364136856153,5069119.259999999,13958163.32,36815359.09,-7829361.43,-15934126.479999999,-343.53277799999995,25270.21,1750,1183,567,33.0616,6.793413641980209,CALL WALL + VOL SENSITIVE
2026-07-10T06:12:57 ET,2026-07-10T06:10:00 ET,2026-07-10,Fri,0612ET,AGGREGATE,29834.25,707.585,29850.7,NEAR_FLIP,EXPANSION,,24.183127962085305,,23.94,25.04,29.77,23.54,30522.17,724.0,687.9199999999983,2.3058062461767874,-1318022.9099999997,7190992.109999999,-11176447.64,-1705151.0699999998,-25289046.0,-551.8360729999999,22440.239999999998,939,387,552,23.078051118210862,2.5701375051060333,PUT WALL + VOL SENSITIVE
2026-07-10T06:12:57 ET,2026-07-10T06:10:00 ET,2026-07-10,Fri,0612ET,AGGREGATE,29834.25,707.585,29850.7,NEAR_FLIP,EXPANSION,,24.183127962085305,,23.94,25.04,29.77,23.54,30523.03,724.0,688.7799999999988,2.3086888391697427,-4873173.22,8104553.44,-45067994.01,-1603997.1099999999,-43816777.419999994,-924.41263,30299.93,1089,220,869,23.18717171717172,5.716161533050665,PUT WALL + VOL SENSITIVE
2026-07-10T06:12:57 ET,2026-07-10T06:10:00 ET,2026-07-10,Fri,0612ET,AGGREGATE,29834.25,707.585,29850.7,NEAR_FLIP,EXPANSION,,24.183127962085305,,23.94,25.04,29.77,23.54,30526.36,724.0,692.1100000000006,2.3198505073866467,12286380.33,27524587.310000002,90323988.05999999,-16386995.05,-25037438.359999996,-518.5929879999999,50318.51,3633,2616,1017,33.36501238645747,15.096641896359747,CALL WALL + VOL SENSITIVE
2026-07-10T06:12:57 ET,2026-07-10T06:10:00 ET,2026-07-10,Fri,0612ET,AGGREGATE,29834.25,707.585,29850.7,NEAR_FLIP,EXPANSION,,24.183127962085305,,23.94,25.04,29.77,23.54,30564.33,725.0,730.0800000000017,2.4471203398778307,842335.1600000001,9517540.24,12107594.079999998,-2388664.0700000003,-24145086.560000002,-506.77507099999997,29238.71,1295,709,586,22.658710424710424,2.973211924365228,CALL WALL + VOL SENSITIVE
2026-07-10T06:12:57 ET,2026-07-10T06:10:00 ET,2026-07-10,Fri,0612ET,AGGREGATE,29834.25,707.585,29850.7,NEAR_FLIP,EXPANSION,,24.183127962085305,,23.94,25.04,29.77,23.54,30565.19,725.0,730.9399999999987,2.4500029328707735,-4772175.3100000005,10352107.35,-46261082.91,-2166141.84,-52168655.64,-1066.3828720000001,38569.05,1439,393,1046,23.088908964558723,6.323573349142567,PUT WALL + VOL SENSITIVE
2026-07-10T06:12:57 ET,2026-07-10T06:10:00 ET,2026-07-10,Fri,0612ET,AGGREGATE,29834.25,707.585,29850.7,NEAR_FLIP,EXPANSION,,24.183127962085305,,23.94,25.04,29.77,23.54,30568.53,725.0,734.2799999999988,2.461198119610846,26795672.62,64849763.86,217074152.85,-40770258.53,-83170887.63,-1663.514797,117179.6,9027,6362,2665,32.963954802259885,36.97352318680435,CALL WALL + VOL SENSITIVE
2026-07-10T06:12:57 ET,2026-07-10T06:10:00 ET,2026-07-10,Fri,0612ET,AGGREGATE,29834.25,707.585,29850.7,NEAR_FLIP,EXPANSION,,24.183127962085305,,23.94,25.04,29.77,23.54,30606.49,726.0,772.2400000000016,2.588434433578862,708750.69,2934408.59,8665454.38,-777097.95,-5889517.330000001,-119.019181,9045.6,419,262,157,22.704749403341292,1.2902943606189714,CALL WALL + VOL SENSITIVE
2026-07-10T06:12:57 ET,2026-07-10T06:10:00 ET,2026-07-10,Fri,0612ET,AGGREGATE,29834.25,707.585,29850.7,NEAR_FLIP,EXPANSION,,24.183127962085305,,23.94,25.04,29.77,23.54,30607.35,726.0,773.0999999999985,2.5913170265718044,1452924.26,4036299.9800000004,16573957.249999998,-898353.49,-4700135.97,-95.116239,15082.18,587,402,185,22.923458262350938,2.039560281300051,CALL WALL + VOL SENSITIVE
2026-07-10T06:12:57 ET,2026-07-10T06:10:00 ET,2026-07-10,Fri,0612ET,AGGREGATE,29834.25,707.585,29850.7,NEAR_FLIP,EXPANSION,,24.183127962085305,,23.94,25.04,29.77,23.54,30610.69,726.0,776.4399999999987,2.602512213311877,-332194.1500000004,16289488.75,2734244.9099999964,-10826071.99,-59714279.85000001,-1143.131391,30423.78,2399,1174,1225,34.01316381825761,6.000840483088175,PUT WALL + VOL SENSITIVE
2026-07-10T06:12:57 ET,2026-07-10T06:10:00 ET,2026-07-10,Fri,0612ET,AGGREGATE,29834.25,707.585,29850.7,NEAR_FLIP,EXPANSION,,24.183127962085305,,23.94,25.04,29.77,23.54,30648.64,727.0,814.3899999999994,2.7297150087567124,644652.98,1456727.12,8138203.260000001,-405752.49,-1782416.1900000002,-34.825187,4419.28,219,159,60,22.295205479452054,0.9231748906298772,CALL WALL + VOL SENSITIVE
2026-07-10T06:12:57 ET,2026-07-10T06:10:00 ET,2026-07-10,Fri,0612ET,AGGREGATE,29834.25,707.585,29850.7,NEAR_FLIP,EXPANSION,,24.183127962085305,,23.94,25.04,29.77,23.54,30649.51,727.0,815.2599999999984,2.7326311202728353,3657271.7,4289524.78,43320451.52,-1008482.7000000001,5245348.51,96.23398,15828.16,651,604,47,22.48909370199693,4.184172434125163,CALL WALL + VOL SENSITIVE
2026-07-10T06:12:57 ET,2026-07-10T06:10:00 ET,2026-07-10,Fri,0612ET,AGGREGATE,29834.25,707.585,29850.7,NEAR_FLIP,EXPANSION,,24.183127962085305,,23.94,25.04,29.77,23.54,30652.85,727.0,818.5999999999985,2.743826307012908,9401805.71,17590754.77,82534459.54,-12236918.739999998,-18246174.67,-334.484972,31669.949999999997,2757,2120,637,32.795636561479874,12.304586476015471,CALL WALL + VOL SENSITIVE
2026-07-10T06:12:57 ET,2026-07-10T06:10:00 ET,2026-07-10,Fri,0612ET,AGGREGATE,29834.25,707.585,29850.7,NEAR_FLIP,EXPANSION,,24.183127962085305,,23.94,25.04,29.77,23.54,30673.94,727.5,839.6899999999987,2.8145168723865983,1373650.8199999998,5498282.24,13573312.750000002,-3926496.63,-14876058.4,-263.70029,10070.7,888,558,330,33.30614864864865,3.038012995760364,CALL WALL + VOL SENSITIVE
2026-07-10T06:12:57 ET,2026-07-10T06:10:00 ET,2026-07-10,Fri,0612ET,AGGREGATE,29834.25,707.585,29850.7,NEAR_FLIP,EXPANSION,,24.183127962085305,,23.94,25.04,29.77,23.54,30690.8,728.0,856.5499999999993,2.8710291024577432,767376.1000000001,1849532.0,10103092.82,-539849.3500000001,-2877212.49,-53.396172,5645.780000000001,293,209,84,22.441023890784983,1.177448074582549,CALL WALL + VOL SENSITIVE
2026-07-10T06:12:57 ET,2026-07-10T06:10:00 ET,2026-07-10,Fri,0612ET,AGGREGATE,29834.25,707.585,29850.7,NEAR_FLIP,EXPANSION,,24.183127962085305,,23.94,25.04,29.77,23.54,30691.67,728.0,857.4199999999983,2.873945213973866,1616305.51,2249660.5300000003,20243968.25,-553273.84,904755.46,14.726083000000003,8302.31,356,307,49,22.536713483146066,1.9731140748731297,CALL WALL + VOL SENSITIVE
2026-07-10T06:12:57 ET,2026-07-10T06:10:00 ET,2026-07-10,Fri,0612ET,AGGREGATE,29834.25,707.585,29850.7,NEAR_FLIP,EXPANSION,,24.183127962085305,,23.94,25.04,29.77,23.54,30695.02,728.0,860.7700000000004,2.88517391923712,-29046421.15,50221648.089999996,-226158425.89000005,-37023936.89,-379469834.82,-6506.978563000001,97082.79000000001,8297,1769,6528,34.980012052549114,41.01712334232246,PUT WALL + VOL SENSITIVE
2026-07-10T06:12:57 ET,2026-07-10T06:10:00 ET,2026-07-10,Fri,0612ET,AGGREGATE,29834.25,707.585,29850.7,NEAR_FLIP,EXPANSION,,24.183127962085305,,23.94,25.04,29.77,23.54,30732.96,729.0,898.7099999999991,3.012343196158774,1082305.13,2720339.75,15133337.639999999,-829895.8300000001,-5126464.029999999,-90.18171199999999,8270.880000000001,456,322,134,22.353815789473686,1.78486176492263,CALL WALL + VOL SENSITIVE
2026-07-10T06:12:57 ET,2026-07-10T06:10:00 ET,2026-07-10,Fri,0612ET,AGGREGATE,29834.25,707.585,29850.7,NEAR_FLIP,EXPANSION,,24.183127962085305,,23.94,25.04,29.77,23.54,30733.83,729.0,899.5800000000017,3.01525930767491,619203.03,1040358.8300000001,8291090.050000001,-266960.21,-463082.47,-8.886383999999996,3809.7400000000002,172,138,34,22.406162790697675,0.8343277936650982,CALL WALL + VOL SENSITIVE
2026-07-10T06:12:57 ET,2026-07-10T06:10:00 ET,2026-07-10,Fri,0612ET,AGGREGATE,29834.25,707.585,29850.7,NEAR_FLIP,EXPANSION,,24.183127962085305,,23.94,25.04,29.77,23.54,30737.18,729.0,902.9300000000003,3.026488012938151,3254835.6399999997,10560823.04,33222737.720000003,-8078733.399999999,-29564053.65,-481.37104899999997,19372.53,1882,1243,639,33.28003719447396,6.640109962330485,CALL WALL + VOL SENSITIVE
2026-07-10T06:12:57 ET,2026-07-10T06:10:00 ET,2026-07-10,Fri,0612ET,AGGREGATE,29834.25,707.585,29850.7,NEAR_FLIP,EXPANSION,,24.183127962085305,,23.94,25.04,29.77,23.54,30775.12,730.0,940.869999999999,3.1536572898598054,2838313.0999999996,8584418.94,42688787.0,-2730754.81,-21891537.61,-362.905783,26022.66,1527,1030,497,22.299862475442044,5.395418689703762,CALL WALL + VOL SENSITIVE
2026-07-10T06:12:57 ET,2026-07-10T06:10:00 ET,2026-07-10,Fri,0612ET,AGGREGATE,29834.25,707.585,29850.7,NEAR_FLIP,EXPANSION,,24.183127962085305,,23.94,25.04,29.77,23.54,30775.99,730.0,941.7400000000016,3.156573401375941,-340025.1699999999,7177458.33,-1616028.3700000048,-1904510.66,-32019170.129999995,-538.1869989999999,26316.11,1232,597,635,22.661103896103896,2.055319993837064,PUT WALL + VOL SENSITIVE
2026-07-10T06:12:57 ET,2026-07-10T06:10:00 ET,2026-07-10,Fri,0612ET,AGGREGATE,29834.25,707.585,29850.7,NEAR_FLIP,EXPANSION,,24.183127962085305,,23.94,25.04,29.77,23.54,30779.34,730.0,945.0900000000001,3.1678021066391815,28536488.990000002,64932945.410000004,288236825.06999993,-51826855.7,-146251915.70999998,-2244.990347,119126.15,12383,8991,3392,33.26516918355811,47.97607796389382,CALL WALL + VOL SENSITIVE
2026-07-10T06:12:57 ET,2026-07-10T06:10:00 ET,2026-07-10,Fri,0612ET,AGGREGATE,29834.25,707.585,29850.7,NEAR_FLIP,EXPANSION,,24.183127962085305,,23.94,25.04,29.77,23.54,30817.27,731.0,983.0200000000004,3.2949378650376677,624975.1400000001,2782787.46,10200573.36,-921711.89,-9810177.7,-152.549692,8473.630000000001,525,327,198,22.41011428571429,1.5318676030926883,CALL WALL + VOL SENSITIVE
2026-07-10T06:12:57 ET,2026-07-10T06:10:00 ET,2026-07-10,Fri,0612ET,AGGREGATE,29834.25,707.585,29850.7,NEAR_FLIP,EXPANSION,,24.183127962085305,,23.94,25.04,29.77,23.54,30818.15,731.0,983.9000000000015,3.2978874950769717,547038.74,648583.4199999999,7920967.12,-181472.27,512325.67999999993,7.535176999999999,2364.49,119,110,9,22.230504201680674,0.7391432161763413,CALL WALL + VOL SENSITIVE
2026-07-10T06:12:57 ET,2026-07-10T06:10:00 ET,2026-07-10,Fri,0612ET,AGGREGATE,29834.25,707.585,29850.7,NEAR_FLIP,EXPANSION,,24.183127962085305,,23.94,25.04,29.77,23.54,30821.51,731.0,987.2599999999984,3.3091497188633814,4889961.4399999995,12767305.639999999,52052831.79000001,-10639669.21,-37414777.24,-536.386714,23578.93,2616,1831,785,33.37827981651376,9.379019636697146,CALL WALL + VOL SENSITIVE
2026-07-10T06:12:57 ET,2026-07-10T06:10:00 ET,2026-07-10,Fri,0612ET,AGGREGATE,29834.25,707.585,29850.7,NEAR_FLIP,EXPANSION,,24.183127962085305,,23.94,25.04,29.77,23.54,30859.43,732.0,1025.1800000000003,3.4362519587386986,1052072.08,2157674.56,16837976.12,-744759.22,-4516722.51,-67.08743799999999,6483.39,440,332,108,22.035727272727275,1.8403153629015165,CALL WALL + VOL SENSITIVE
2026-07-10T06:12:57 ET,2026-07-10T06:10:00 ET,2026-07-10,Fri,0612ET,AGGREGATE,29834.25,707.585,29850.7,NEAR_FLIP,EXPANSION,,24.183127962085305,,23.94,25.04,29.77,23.54,30860.3,732.0,1026.0499999999993,3.439168070254822,1532760.84,1811523.64,23199742.04,-527005.4,1280192.36,17.604685999999997,6587.450000000001,351,325,26,22.171481481481482,2.15698927800868,CALL WALL + VOL SENSITIVE
2026-07-10T06:12:57 ET,2026-07-10T06:10:00 ET,2026-07-10,Fri,0612ET,AGGREGATE,29834.25,707.585,29850.7,NEAR_FLIP,EXPANSION,,24.183127962085305,,23.94,25.04,29.77,23.54,30863.67,732.0,1029.4199999999983,3.4504638125644123,15461551.8,18836817.080000002,165284069.6,-16172618.73,-1014886.1100000031,-29.938924999999983,33390.16,4253,3892,361,32.241408417587586,20.452874653408966,CALL WALL + VOL SENSITIVE
2026-07-10T06:12:57 ET,2026-07-10T06:10:00 ET,2026-07-10,Fri,0612ET,AGGREGATE,29834.25,707.585,29850.7,NEAR_FLIP,EXPANSION,,24.183127962085305,,23.94,25.04,29.77,23.54,30884.75,732.5,1050.5,3.521120859414934,2599317.95,5059554.53,28989177.66,-4465332.42,-12518786.99,-162.84082,9239.25,1176,903,273,32.931785714285716,4.476604184003713,CALL WALL + VOL SENSITIVE
2026-07-10T06:12:57 ET,2026-07-10T06:10:00 ET,2026-07-10,Fri,0612ET,AGGREGATE,29834.25,707.585,29850.7,NEAR_FLIP,EXPANSION,,24.183127962085305,,23.94,25.04,29.77,23.54,30901.59,733.0,1067.3400000000001,3.57756605243973,425366.74,2735406.88,8045064.419999998,-979603.3099999999,-13164120.870000001,-179.677065,8332.07,590,349,241,22.371440677966103,1.4504037810970734,CALL WALL + VOL SENSITIVE
2026-07-10T06:12:57 ET,2026-07-10T06:10:00 ET,2026-07-10,Fri,0612ET,AGGREGATE,29834.25,707.585,29850.7,NEAR_FLIP,EXPANSION,,24.183127962085305,,23.94,25.04,29.77,23.54,30902.46,733.0,1068.2099999999991,3.5804821639558533,648411.4600000001,739828.6,10243369.54,-223508.29,600568.42,7.867749,2679.88,152,143,9,22.082105263157896,0.9435673377821101,CALL WALL + VOL SENSITIVE
2026-07-10T06:12:57 ET,2026-07-10T06:10:00 ET,2026-07-10,Fri,0612ET,AGGREGATE,29834.25,707.585,29850.7,NEAR_FLIP,EXPANSION,,24.183127962085305,,23.94,25.04,29.77,23.54,30905.83,733.0,1071.5800000000017,3.591777906265456,6199912.62,9471501.56,68712651.93,-8493143.27,-14170117.530000001,-180.03659499999998,17225.11,2285,1908,377,32.880157549234134,9.48887782239159,CALL WALL + VOL SENSITIVE
2026-07-10T06:12:57 ET,2026-07-10T06:10:00 ET,2026-07-10,Fri,0612ET,AGGREGATE,29834.25,707.585,29850.7,NEAR_FLIP,EXPANSION,,24.183127962085305,,23.94,25.04,29.77,23.54,30943.75,734.0,1109.5,3.718880146140761,611885.3,1451571.18,10480012.349999998,-540539.86,-4627132.88,-59.27721299999999,4415.53,338,244,94,22.260414201183433,1.222888245469766,CALL WALL + VOL SENSITIVE
2026-07-10T06:12:57 ET,2026-07-10T06:10:00 ET,2026-07-10,Fri,0612ET,AGGREGATE,29834.25,707.585,29850.7,NEAR_FLIP,EXPANSION,,24.183127962085305,,23.94,25.04,29.77,23.54,30944.62,734.0,1110.369999999999,3.721796257656884,312196.37,436907.97,5182718.21,-136564.07,-212267.96000000008,-3.267498,1580.1899999999998,95,82,13,22.095894736842105,0.49305084460077403,CALL WALL + VOL SENSITIVE
2026-07-10T06:12:57 ET,2026-07-10T06:10:00 ET,2026-07-10,Fri,0612ET,AGGREGATE,29834.25,707.585,29850.7,NEAR_FLIP,EXPANSION,,24.183127962085305,,23.94,25.04,29.77,23.54,30948.0,734.0,1113.75,3.733125518489655,1404519.9699999997,4077120.55,16638090.5,-3839835.27,-18049111.689999998,-206.666913,7663.120000000001,1058,725,333,33.52694706994329,3.2889804726486416,CALL WALL + VOL SENSITIVE
2026-07-10T06:12:57 ET,2026-07-10T06:10:00 ET,2026-07-10,Fri,0612ET,AGGREGATE,29834.25,707.585,29850.7,NEAR_FLIP,EXPANSION,,24.183127962085305,,23.94,25.04,29.77,23.54,30985.91,735.0,1151.6599999999999,3.8601942398417926,3977581.54,4314120.76,69193589.36000001,-1663904.6300000001,2839674.76,28.920557,12758.93,1118,1077,41,21.60014311270125,6.422464737105516,CALL WALL + VOL SENSITIVE
2026-07-10T06:12:57 ET,2026-07-10T06:10:00 ET,2026-07-10,Fri,0612ET,AGGREGATE,29834.25,707.585,29850.7,NEAR_FLIP,EXPANSION,,24.183127962085305,,23.94,25.04,29.77,23.54,30986.78,735.0,1152.5299999999988,3.863110351357915,-544691.5899999999,3799908.09,-6914615.75,-1218858.46,-28198554.49,-361.024767,13822.18,861,380,481,22.43747967479675,1.818402635294998,PUT WALL + VOL SENSITIVE
2026-07-10T06:12:57 ET,2026-07-10T06:10:00 ET,2026-07-10,Fri,0612ET,AGGREGATE,29834.25,707.585,29850.7,NEAR_FLIP,EXPANSION,,24.183127962085305,,23.94,25.04,29.77,23.54,30990.16,735.0,1155.9099999999999,3.8744396121906868,12785771.16,27591263.94,154597260.38,-26936650.380000003,-106994677.67,-1123.360608,51407.47,7923,5903,2020,33.11140098447558,26.02355873719675,CALL WALL + VOL SENSITIVE
2026-07-10T06:12:57 ET,2026-07-10T06:10:00 ET,2026-07-10,Fri,0612ET,AGGREGATE,29834.25,707.585,29850.7,NEAR_FLIP,EXPANSION,,24.183127962085305,,23.94,25.04,29.77,23.54,31028.06,736.0,1193.8100000000013,4.001474815019654,3417257.85,3910311.69,61355854.69,-1559592.51,600549.54,2.858554000000005,11649.449999999999,1087,1023,64,21.760082796688135,5.750113326975357,CALL WALL + VOL SENSITIVE
2026-07-10T06:12:57 ET,2026-07-10T06:10:00 ET,2026-07-10,Fri,0612ET,AGGREGATE,29834.25,707.585,29850.7,NEAR_FLIP,EXPANSION,,24.183127962085305,,23.94,25.04,29.77,23.54,31028.94,736.0,1194.6899999999987,4.004424445058946,44429.76999999999,179590.03,862292.52,-59961.95999999999,-861160.0,-10.371636,650.45,44,28,16,22.175454545454546,0.11905629832098305,CALL WALL + VOL SENSITIVE
2026-07-10T06:12:57 ET,2026-07-10T06:10:00 ET,2026-07-10,Fri,0612ET,AGGREGATE,29834.25,707.585,29850.7,NEAR_FLIP,EXPANSION,,24.183127962085305,,23.94,25.04,29.77,23.54,31032.33,736.0,1198.0800000000017,4.015787224414899,3774855.8600000003,4834957.86,45659258.54,-4816631.07,-5194540.959999999,-51.45044,8827.65,1504,1346,158,32.913909574468086,5.960653586307598,CALL WALL + VOL SENSITIVE
2026-07-10T06:12:57 ET,2026-07-10T06:10:00 ET,2026-07-10,Fri,0612ET,AGGREGATE,29834.25,707.585,29850.7,NEAR_FLIP,EXPANSION,,24.183127962085305,,23.94,25.04,29.77,23.54,31070.22,737.0,1235.9700000000012,4.142788908720686,654581.2200000001,838277.88,12342585.33,-345806.49,-781539.0200000001,-8.550500000000001,2486.0,256,230,26,21.61078125,1.1940915403227883,CALL WALL + VOL SENSITIVE
2026-07-10T06:12:57 ET,2026-07-10T06:10:00 ET,2026-07-10,Fri,0612ET,AGGREGATE,29834.25,707.585,29850.7,NEAR_FLIP,EXPANSION,,24.183127962085305,,23.94,25.04,29.77,23.54,31071.1,737.0,1236.8499999999985,4.145738538759977,2118020.1199999996,2274477.1,39201597.980000004,-788141.4,1979076.4100000001,20.091607000000003,8116.799999999999,610,590,20,21.72737704918033,3.567118182122858,CALL WALL + VOL SENSITIVE
2026-07-10T06:12:57 ET,2026-07-10T06:10:00 ET,2026-07-10,Fri,0612ET,AGGREGATE,29834.25,707.585,29850.7,NEAR_FLIP,EXPANSION,,24.183127962085305,,23.94,25.04,29.77,23.54,31074.49,737.0,1240.2400000000016,4.157101318115929,1292235.9700000002,9361644.53,16065418.440000005,-10107510.370000001,-80603774.58000001,-698.771811,18565.78,3181,1861,1320,33.98754165356806,6.929256593062218,CALL WALL + VOL SENSITIVE
2026-07-10T06:12:57 ET,2026-07-10T06:10:00 ET,2026-07-10,Fri,0612ET,AGGREGATE,29834.25,707.585,29850.7,NEAR_FLIP,EXPANSION,,24.183127962085305,,23.94,25.04,29.77,23.54,31095.57,737.5,1261.3199999999997,4.227758364966439,1246597.98,2171459.98,15805605.580000002,-2312475.4699999997,-8454635.62,-70.760158,4088.91,777,619,158,33.24015444015444,2.463920566376673,CALL WALL + VOL SENSITIVE
2026-07-10T06:12:57 ET,2026-07-10T06:10:00 ET,2026-07-10,Fri,0612ET,AGGREGATE,29834.25,707.585,29850.7,NEAR_FLIP,EXPANSION,,24.183127962085305,,23.94,25.04,29.77,23.54,31112.38,738.0,1278.130000000001,4.284103002421716,1095494.55,1265403.99,21025002.79,-539685.1599999999,-325922.42999999993,-3.4227399999999992,3777.46,418,391,27,21.724641148325357,1.9961580697877137,CALL WALL + VOL SENSITIVE
2026-07-10T06:12:57 ET,2026-07-10T06:10:00 ET,2026-07-10,Fri,0612ET,AGGREGATE,29834.25,707.585,29850.7,NEAR_FLIP,EXPANSION,,24.183127962085305,,23.94,25.04,29.77,23.54,31113.26,738.0,1279.0099999999984,4.287052632461008,2538075.42,2722559.42,48186870.980000004,-973426.46,2254975.67,21.416565,9787.05,776,751,25,21.890605670103092,4.394149476311275,CALL WALL + VOL SENSITIVE
2026-07-10T06:12:57 ET,2026-07-10T06:10:00 ET,2026-07-10,Fri,0612ET,AGGREGATE,29834.25,707.585,29850.7,NEAR_FLIP,EXPANSION,,24.183127962085305,,23.94,25.04,29.77,23.54,31116.65,738.0,1282.4000000000015,4.29841541181696,2650755.14,2765552.6,34425508.76,-2903236.88,1658403.53,11.813635999999999,4919.07,1055,1034,21,32.39658767772512,4.188905911553125,CALL WALL + VOL SENSITIVE
2026-07-10T06:12:57 ET,2026-07-10T06:10:00 ET,2026-07-10,Fri,0612ET,AGGREGATE,29834.25,707.585,29850.7,NEAR_FLIP,EXPANSION,,24.183127962085305,,23.94,25.04,29.77,23.54,31154.54,739.0,1320.2900000000009,4.4254170961227475,591066.13,636925.8099999999,11791051.72,-279404.27,204229.20999999996,1.3646150000000006,1880.8,233,225,8,21.521802575107294,1.1080201272153367,CALL WALL + VOL SENSITIVE
2026-07-10T06:12:57 ET,2026-07-10T06:10:00 ET,2026-07-10,Fri,0612ET,AGGREGATE,29834.25,707.585,29850.7,NEAR_FLIP,EXPANSION,,24.183127962085305,,23.94,25.04,29.77,23.54,31155.42,739.0,1321.1699999999983,4.428366726162039,1061694.14,1225415.34,21044801.18,-451679.75,44873.070000000065,-0.4417080000000002,4374.78,379,355,24,21.732189973614776,1.9392945483994655,CALL WALL + VOL SENSITIVE
2026-07-10T06:12:57 ET,2026-07-10T06:10:00 ET,2026-07-10,Fri,0612ET,AGGREGATE,29834.25,707.585,29850.7,NEAR_FLIP,EXPANSION,,24.183127962085305,,23.94,25.04,29.77,23.54,31158.82,739.0,1324.5699999999997,4.43976302404116,2734380.29,2827009.25,36418426.019999996,-3058348.5,1828767.2600000002,12.284489,5055.41,1176,1157,19,32.578988095238095,4.461610449797154,CALL WALL + VOL SENSITIVE
2026-07-10T06:12:57 ET,2026-07-10T06:10:00 ET,2026-07-10,Fri,0612ET,AGGREGATE,29834.25,707.585,29850.7,NEAR_FLIP,EXPANSION,,24.183127962085305,,23.94,25.04,29.77,23.54,31196.69,740.0,1362.4399999999987,4.566697671300598,2031665.8200000003,2282537.16,41654218.25,-1035077.23,-749590.7200000002,-5.869140000000002,6787.53,913,864,49,21.586604600219054,3.9898551759149186,CALL WALL + VOL SENSITIVE
2026-07-10T06:12:57 ET,2026-07-10T06:10:00 ET,2026-07-10,Fri,0612ET,AGGREGATE,29834.25,707.585,29850.7,NEAR_FLIP,EXPANSION,,24.183127962085305,,23.94,25.04,29.77,23.54,31197.58,740.0,1363.3300000000017,4.569680819863082,226248.45999999996,2146944.92,4819352.25,-831645.9299999999,-19203201.01,-166.683505,7959.85,712,399,313,22.11192415730337,1.2398091387613897,CALL WALL + VOL SENSITIVE
2026-07-10T06:12:57 ET,2026-07-10T06:10:00 ET,2026-07-10,Fri,0612ET,AGGREGATE,29834.25,707.585,29850.7,NEAR_FLIP,EXPANSION,,24.183127962085305,,23.94,25.04,29.77,23.54,31200.98,740.0,1366.7299999999996,4.581077117742191,14600265.209999999,14690302.17,199714957.03,-16312524.09,14665066.520000001,91.27546000000001,26272.86,6679,6658,21,32.69329989519389,24.48786034166851,CALL WALL + VOL SENSITIVE
2026-07-10T06:12:57 ET,2026-07-10T06:10:00 ET,2026-07-10,Fri,0612ET,AGGREGATE,29834.25,707.585,29850.7,NEAR_FLIP,EXPANSION,,24.183127962085305,,23.94,25.04,29.77,23.54,31238.85,741.0,1404.5999999999985,4.708011765001629,468402.51,495402.17000000004,9873014.76,-230652.66999999998,154132.87,1.0320319999999996,1469.8999999999999,217,211,6,21.58921658986175,0.938710814966047,CALL WALL + VOL SENSITIVE
2026-07-10T06:12:57 ET,2026-07-10T06:10:00 ET,2026-07-10,Fri,0612ET,AGGREGATE,29834.25,707.585,29850.7,NEAR_FLIP,EXPANSION,,24.183127962085305,,23.94,25.04,29.77,23.54,31239.73,741.0,1405.4799999999996,4.710961395040933,463196.18,474485.01999999996,9748026.94,-185266.7,506233.26,3.9149439999999998,1685.79,172,170,2,21.623720930232558,0.8885291904229841,CALL WALL + VOL SENSITIVE
2026-07-10T06:12:57 ET,2026-07-10T06:10:00 ET,2026-07-10,Fri,0612ET,AGGREGATE,29834.25,707.585,29850.7,NEAR_FLIP,EXPANSION,,24.183127962085305,,23.94,25.04,29.77,23.54,31243.14,741.0,1408.8899999999994,4.722391211443222,2167396.93,2174902.97,30416043.779999997,-2483792.86,2215089.55,12.595468,3904.52,1084,1082,2,32.837767527675275,3.7665482304683584,CALL WALL + VOL SENSITIVE
2026-07-10T06:12:57 ET,2026-07-10T06:10:00 ET,2026-07-10,Fri,0612ET,AGGREGATE,29834.25,707.585,29850.7,NEAR_FLIP,EXPANSION,,24.183127962085305,,23.94,25.04,29.77,23.54,31281.01,742.0,1446.7599999999984,4.84932585870266,948383.85,948383.85,20617999.6,-451543.18,1081852.21,6.34804,2795.12,456,456,0,21.57,1.956843842006882,CALL WALL + VOL SENSITIVE
2026-07-10T06:12:57 ET,2026-07-10T06:10:00 ET,2026-07-10,Fri,0612ET,AGGREGATE,29834.25,707.585,29850.7,NEAR_FLIP,EXPANSION,,24.183127962085305,,23.94,25.04,29.77,23.54,31281.89,742.0,1447.6399999999994,4.852275488741964,1482855.96,1487956.48,32303754.73,-596729.9600000001,1902941.27,13.535417,5251.629999999999,590,589,1,21.502169491525425,2.952896780251003,CALL WALL + VOL SENSITIVE
2026-07-10T06:12:57 ET,2026-07-10T06:10:00 ET,2026-07-10,Fri,0612ET,AGGREGATE,29834.25,707.585,29850.7,NEAR_FLIP,EXPANSION,,24.183127962085305,,23.94,25.04,29.77,23.54,31285.31,742.0,1451.0600000000013,4.8637388236674335,2099065.41,2115020.37,30197305.009999998,-2486124.94,1909618.0300000003,10.039878999999999,3815.46,1161,1156,5,32.958217054263564,3.795758079374795,CALL WALL + VOL SENSITIVE
2026-07-10T06:12:57 ET,2026-07-10T06:10:00 ET,2026-07-10,Fri,0612ET,AGGREGATE,29834.25,707.585,29850.7,NEAR_FLIP,EXPANSION,,24.183127962085305,,23.94,25.04,29.77,23.54,31306.39,742.5,1472.1399999999994,4.9343958705179425,815542.11,841786.5299999999,11823163.33,-1010406.1900000001,271239.4199999999,1.797365,1535.03,487,478,9,33.05872689938398,1.5149967751642763,CALL WALL + VOL SENSITIVE
2026-07-10T06:12:57 ET,2026-07-10T06:10:00 ET,2026-07-10,Fri,0612ET,AGGREGATE,29834.25,707.585,29850.7,NEAR_FLIP,EXPANSION,,24.183127962085305,,23.94,25.04,29.77,23.54,31323.17,743.0,1488.9199999999983,4.990639952403692,269223.25,269223.25,6023186.7,-131668.85,300781.04,1.597642,793.15,143,143,0,21.57,0.5758821637650795,CALL WALL + VOL SENSITIVE
2026-07-10T06:12:57 ET,2026-07-10T06:10:00 ET,2026-07-10,Fri,0612ET,AGGREGATE,29834.25,707.585,29850.7,NEAR_FLIP,EXPANSION,,24.183127962085305,,23.94,25.04,29.77,23.54,31324.05,743.0,1489.7999999999993,4.993589582442995,1159663.98,1159663.98,26155663.93,-477503.52,1491937.16,9.647647,4065.25,506,506,0,21.37,2.402776683198567,CALL WALL + VOL SENSITIVE
2026-07-10T06:12:57 ET,2026-07-10T06:10:00 ET,2026-07-10,Fri,0612ET,AGGREGATE,29834.25,707.585,29850.7,NEAR_FLIP,EXPANSION,,24.183127962085305,,23.94,25.04,29.77,23.54,31327.47,743.0,1493.2200000000012,5.005052917368465,1286743.05,1384581.03,18481155.62,-1710600.79,-1065126.71,-2.486892,2599.56,826,789,37,33.498728813559325,2.451673579082965,CALL WALL + VOL SENSITIVE
2026-07-10T06:12:57 ET,2026-07-10T06:10:00 ET,2026-07-10,Fri,0612ET,AGGREGATE,29834.25,707.585,29850.7,NEAR_FLIP,EXPANSION,,24.183127962085305,,23.94,25.04,29.77,23.54,31365.32,744.0,1531.0699999999997,5.131920527581554,377101.53,377101.53,8634765.41,-189352.15,416123.28,2.021569,1115.8,219,219,0,21.66,0.835086714040768,CALL WALL + VOL SENSITIVE
2026-07-10T06:12:57 ET,2026-07-10T06:10:00 ET,2026-07-10,Fri,0612ET,AGGREGATE,29834.25,707.585,29850.7,NEAR_FLIP,EXPANSION,,24.183127962085305,,23.94,25.04,29.77,23.54,31366.21,744.0,1531.9599999999991,5.134903676144026,253730.12,257717.74,5863601.68,-109104.85,255910.07,1.548978,907.39,122,121,1,21.431229508196722,0.5423623372513143,CALL WALL + VOL SENSITIVE
2026-07-10T06:12:57 ET,2026-07-10T06:10:00 ET,2026-07-10,Fri,0612ET,AGGREGATE,29834.25,707.585,29850.7,NEAR_FLIP,EXPANSION,,24.183127962085305,,23.94,25.04,29.77,23.54,31369.63,744.0,1535.380000000001,5.146367011069495,1335748.01,1377091.49,20219360.26,-1704113.27,729878.82,2.0159970000000005,2500.96,913,903,10,33.24654983570647,2.6338418045132554,CALL WALL + VOL SENSITIVE
2026-07-10T06:12:57 ET,2026-07-10T06:10:00 ET,2026-07-10,Fri,0612ET,AGGREGATE,29834.25,707.585,29850.7,NEAR_FLIP,EXPANSION,,24.183127962085305,,23.94,25.04,29.77,23.54,31407.48,745.0,1573.2299999999996,5.273234621282585,867013.74,867013.74,20388584.98,-446633.89,938478.43,4.11404,2565.54,558,558,0,21.67,1.9995815044141125,CALL WALL + VOL SENSITIVE
2026-07-10T06:12:57 ET,2026-07-10T06:10:00 ET,2026-07-10,Fri,0612ET,AGGREGATE,29834.25,707.585,29850.7,NEAR_FLIP,EXPANSION,,24.183127962085305,,23.94,25.04,29.77,23.54,31408.37,745.0,1574.119999999999,5.276217769845058,1275054.53,1275054.53,30377984.72,-552767.56,1577233.51,8.558555,4467.06,663,663,0,21.36,2.832275013738353,CALL WALL + VOL SENSITIVE
2026-07-10T06:12:57 ET,2026-07-10T06:10:00 ET,2026-07-10,Fri,0612ET,AGGREGATE,29834.25,707.585,29850.7,NEAR_FLIP,EXPANSION,,24.183127962085305,,23.94,25.04,29.77,23.54,31411.8,745.0,1577.5499999999993,5.287714623293695,10385345.44,10408281.459999999,158515216.14000002,-13219994.42,10469568.620000001,41.370216,19188.4,7332,7326,6,33.76313420621931,20.760039996860407,CALL WALL + VOL SENSITIVE
2026-07-10T06:12:57 ET,2026-07-10T06:10:00 ET,2026-07-10,Fri,0612ET,AGGREGATE,29834.25,707.585,29850.7,NEAR_FLIP,EXPANSION,,24.183127962085305,,23.94,25.04,29.77,23.54,31449.64,746.0,1615.3899999999994,5.414548714983615,176135.67,176135.67,4240729.48,-93039.96,187853.46,0.746808,522.48,125,125,0,21.73,0.4200294883203921,CALL WALL + VOL SENSITIVE
2026-07-10T06:12:57 ET,2026-07-10T06:10:00 ET,2026-07-10,Fri,0612ET,AGGREGATE,29834.25,707.585,29850.7,NEAR_FLIP,EXPANSION,,24.183127962085305,,23.94,25.04,29.77,23.54,31450.53,746.0,1616.2799999999988,5.417531863546088,67964.5,67964.5,1650456.4,-30211.01,83515.61,0.421459,239.79,38,38,0,21.51,0.15325417416789464,CALL WALL + VOL SENSITIVE
2026-07-10T06:12:57 ET,2026-07-10T06:10:00 ET,2026-07-10,Fri,0612ET,AGGREGATE,29834.25,707.585,29850.7,NEAR_FLIP,EXPANSION,,24.183127962085305,,23.94,25.04,29.77,23.54,31453.96,746.0,1619.7099999999991,5.4290287169947264,1312929.16,1312929.16,20573785.88,-1709917.64,1346446.14,4.821188,2418.38,1035,1035,0,33.75,2.7447044968393235,CALL WALL + VOL SENSITIVE
2026-07-10T06:12:57 ET,2026-07-10T06:10:00 ET,2026-07-10,Fri,0612ET,AGGREGATE,29834.25,707.585,29850.7,NEAR_FLIP,EXPANSION,,24.183127962085305,,23.94,25.04,29.77,23.54,31491.8,747.0,1657.5499999999993,5.555862808684647,359739.51,359739.51,8871349.52,-194745.34,377455.28,1.353691,1068.53,283,283,0,21.76,0.8946526575147525,CALL WALL + VOL SENSITIVE
2026-07-10T06:12:57 ET,2026-07-10T06:10:00 ET,2026-07-10,Fri,0612ET,AGGREGATE,29834.25,707.585,29850.7,NEAR_FLIP,EXPANSION,,24.183127962085305,,23.94,25.04,29.77,23.54,31492.69,747.0,1658.4399999999987,5.55884595724712,215546.98,215546.98,5411582.94,-98139.9,256479.62,1.155448,754.3,135,135,0,21.34,0.5129366058535488,CALL WALL + VOL SENSITIVE
2026-07-10T06:12:57 ET,2026-07-10T06:10:00 ET,2026-07-10,Fri,0612ET,AGGREGATE,29834.25,707.585,29850.7,NEAR_FLIP,EXPANSION,,24.183127962085305,,23.94,25.04,29.77,23.54,31496.12,747.0,1661.869999999999,5.570342810695758,1060149.54,1150358.96,17428049.759999998,-1488726.51,715969.94,-5.094307,2078.59,944,938,6,34.143961864406776,2.377846131120045,CALL WALL + VOL SENSITIVE
2026-07-10T06:12:57 ET,2026-07-10T06:10:00 ET,2026-07-10,Fri,0612ET,AGGREGATE,29834.25,707.585,29850.7,NEAR_FLIP,EXPANSION,,24.183127962085305,,23.94,25.04,29.77,23.54,31533.96,748.0,1699.7099999999991,5.697176902385678,165879.69,165879.69,4171437.95,-91988.41,172420.3,0.564284,495.27,143,143,0,21.88,0.42622658050185624,CALL WALL + VOL SENSITIVE
2026-07-10T06:12:57 ET,2026-07-10T06:10:00 ET,2026-07-10,Fri,0612ET,AGGREGATE,29834.25,707.585,29850.7,NEAR_FLIP,EXPANSION,,24.183127962085305,,23.94,25.04,29.77,23.54,31534.85,748.0,1700.5999999999985,5.700160050948151,99688.29,99688.29,2556978.16,-46480.7,117165.5,0.484646,350.01,68,68,0,21.42,0.24398540842748032,CALL WALL + VOL SENSITIVE
2026-07-10T06:12:57 ET,2026-07-10T06:10:00 ET,2026-07-10,Fri,0612ET,AGGREGATE,29834.25,707.585,29850.7,NEAR_FLIP,EXPANSION,,24.183127962085305,,23.94,25.04,29.77,23.54,31538.29,748.0,1704.0400000000009,5.711690422919969,846447.0900000001,969857.53,14238246.89,-1279406.6,-332329.12,-9.352659,1766.11,847,829,18,34.57544273907911,2.015367142594883,CALL WALL + VOL SENSITIVE
2026-07-10T06:12:57 ET,2026-07-10T06:10:00 ET,2026-07-10,Fri,0612ET,AGGREGATE,29834.25,707.585,29850.7,NEAR_FLIP,EXPANSION,,24.183127962085305,,23.94,25.04,29.77,23.54,31576.11,749.0,1741.8600000000006,5.838457477563541,177800.12,177800.12,4584940.53,-100951.44,181172.09,0.528381,530.25,172,172,0,21.86,0.4783558780935649,CALL WALL + VOL SENSITIVE
2026-07-10T06:12:57 ET,2026-07-10T06:10:00 ET,2026-07-10,Fri,0612ET,AGGREGATE,29834.25,707.585,29850.7,NEAR_FLIP,EXPANSION,,24.183127962085305,,23.94,25.04,29.77,23.54,31577.01,749.0,1742.7599999999984,5.841474144649181,536856.47,536856.47,14112571.9,-256182.48,619360.64,2.322254,1883.88,404,404,0,21.41,1.373556567300899,CALL WALL + VOL SENSITIVE
2026-07-10T06:12:57 ET,2026-07-10T06:10:00 ET,2026-07-10,Fri,0612ET,AGGREGATE,29834.25,707.585,29850.7,NEAR_FLIP,EXPANSION,,24.183127962085305,,23.94,25.04,29.77,23.54,31580.45,749.0,1746.2000000000007,5.853004516621,1415942.89,1415942.89,23098375.81,-1985268.32,1383638.06,4.184952,2697.67,1390,1389,1,34.87240287769784,3.250930645621105,CALL WALL + VOL SENSITIVE
2026-07-10T06:12:57 ET,2026-07-10T06:10:00 ET,2026-07-10,Fri,0612ET,AGGREGATE,29834.25,707.585,29850.7,NEAR_FLIP,EXPANSION,,24.183127962085305,,23.94,25.04,29.77,23.54,31618.27,750.0,1784.0200000000004,5.979771571264571,2352987.95,2352987.95,61209968.37,-1374509.16,1688647.98,6.482573,7127.63,2464,2454,10,22.086818181818177,6.5318493692235595,CALL WALL + VOL SENSITIVE
2026-07-10T06:12:57 ET,2026-07-10T06:10:00 ET,2026-07-10,Fri,0612ET,AGGREGATE,29834.25,707.585,29850.7,NEAR_FLIP,EXPANSION,,24.183127962085305,,23.94,25.04,29.77,23.54,31619.16,750.0,1784.9099999999999,5.982754719827044,454389.17,454389.17,12252421.17,-221804.15,513396.83,1.732155,1591.23,380,380,0,21.37,1.2108600954384139,CALL WALL + VOL SENSITIVE
2026-07-10T06:12:57 ET,2026-07-10T06:10:00 ET,2026-07-10,Fri,0612ET,AGGREGATE,29834.25,707.585,29850.7,NEAR_FLIP,EXPANSION,,24.183127962085305,,23.94,25.04,29.77,23.54,31622.61,750.0,1788.3600000000006,5.994318610322031,9701372.74,9701372.74,162653515.71,-13926472.26,9080356.51,24.538511,18404.83,10853,10844,9,34.73301852022482,23.596017266055558,CALL WALL + VOL SENSITIVE
2026-07-10T06:12:57 ET,2026-07-10T06:10:00 ET,2026-07-10,Fri,0612ET,AGGREGATE,29834.25,707.585,29850.7,NEAR_FLIP,EXPANSION,,24.183127962085305,,23.94,25.04,29.77,23.54,31660.43,751.0,1826.1800000000003,6.1210856649656025,84138.08,84138.08,2242921.7,-50013.28,84716.98,0.207321,254.28,97,97,0,22.16,0.24176190119633645,CALL WALL + VOL SENSITIVE
2026-07-10T06:12:57 ET,2026-07-10T06:10:00 ET,2026-07-10,Fri,0612ET,AGGREGATE,29834.25,707.585,29850.7,NEAR_FLIP,EXPANSION,,24.183127962085305,,23.94,25.04,29.77,23.54,31661.32,751.0,1827.0699999999997,6.1240688135280745,17818.61,17818.61,487405.74,-8894.63,20091.24,0.063132,62.94,16,16,0,21.56,0.04687711054555718,CALL WALL + VOL SENSITIVE
2026-07-10T06:12:57 ET,2026-07-10T06:10:00 ET,2026-07-10,Fri,0612ET,AGGREGATE,29834.25,707.585,29850.7,NEAR_FLIP,EXPANSION,,24.183127962085305,,23.94,25.04,29.77,23.54,31664.78,751.0,1830.5299999999988,6.135666222546231,530971.92,530971.92,9021763.7,-778908.65,532423.66,1.250755,1016.69,638,638,0,35.1,1.3328874333626517,CALL WALL + VOL SENSITIVE
2026-07-10T06:12:57 ET,2026-07-10T06:10:00 ET,2026-07-10,Fri,0612ET,AGGREGATE,29834.25,707.585,29850.7,NEAR_FLIP,EXPANSION,,24.183127962085305,,23.94,25.04,29.77,23.54,31702.59,752.0,1868.3400000000001,6.262399758666634,94506.53,94506.53,2569786.77,-57445.7,93966.31,0.207062,286.34,121,121,0,22.22,0.28394819061144455,CALL WALL + VOL SENSITIVE
2026-07-10T06:12:57 ET,2026-07-10T06:10:00 ET,2026-07-10,Fri,0612ET,AGGREGATE,29834.25,707.585,29850.7,NEAR_FLIP,EXPANSION,,24.183127962085305,,23.94,25.04,29.77,23.54,31703.48,752.0,1869.2299999999996,6.265382907229106,112910.2,112910.2,3171468.62,-57604.3,124279.93,0.347311,397.16,114,114,0,21.47,0.32228099705757196,CALL WALL + VOL SENSITIVE
2026-07-10T06:12:57 ET,2026-07-10T06:10:00 ET,2026-07-10,Fri,0612ET,AGGREGATE,29834.25,707.585,29850.7,NEAR_FLIP,EXPANSION,,24.183127962085305,,23.94,25.04,29.77,23.54,31706.94,752.0,1872.6899999999987,6.276980316247262,526974.37,526974.37,9060066.99,-790551.75,529124.0,1.15745,1019.68,680,680,0,35.47,1.3674253960102074,CALL WALL + VOL SENSITIVE
2026-07-10T06:12:57 ET,2026-07-10T06:10:00 ET,2026-07-10,Fri,0612ET,AGGREGATE,29834.25,707.585,29850.7,NEAR_FLIP,EXPANSION,,24.183127962085305,,23.94,25.04,29.77,23.54,31744.74,753.0,1910.4900000000016,6.403680333844496,142817.47,142817.47,3931303.19,-88724.17,142028.56,0.290498,436.93,197,197,0,22.44,0.4437241421043628,CALL WALL + VOL SENSITIVE
2026-07-10T06:12:57 ET,2026-07-10T06:10:00 ET,2026-07-10,Fri,0612ET,AGGREGATE,29834.25,707.585,29850.7,NEAR_FLIP,EXPANSION,,24.183127962085305,,23.94,25.04,29.77,23.54,31745.64,753.0,1911.3899999999994,6.406697000930136,87740.9,87740.9,2509921.45,-45734.32,95594.9,0.24398,309.74,97,97,0,21.55,0.25919434741733627,CALL WALL + VOL SENSITIVE
2026-07-10T06:12:57 ET,2026-07-10T06:10:00 ET,2026-07-10,Fri,0612ET,AGGREGATE,29834.25,707.585,29850.7,NEAR_FLIP,EXPANSION,,24.183127962085305,,23.94,25.04,29.77,23.54,31749.1,753.0,1914.8499999999985,6.418294409948293,843685.52,843685.52,14670803.01,-1293773.6,848456.08,1.729941,1649.6,1168,1168,0,35.84,2.264601667676969,CALL WALL + VOL SENSITIVE
2026-07-10T06:12:57 ET,2026-07-10T06:10:00 ET,2026-07-10,Fri,0612ET,AGGREGATE,29834.25,707.585,29850.7,NEAR_FLIP,EXPANSION,,24.183127962085305,,23.94,25.04,29.77,23.54,31786.9,754.0,1952.6500000000015,6.544994427545527,66683.57,66683.57,1857345.95,-42321.15,66346.8,0.126083,206.0,99,99,0,22.65,0.21273801383280005,CALL WALL + VOL SENSITIVE
2026-07-10T06:12:57 ET,2026-07-10T06:10:00 ET,2026-07-10,Fri,0612ET,AGGREGATE,29834.25,707.585,29850.7,NEAR_FLIP,EXPANSION,,24.183127962085305,,23.94,25.04,29.77,23.54,31787.8,754.0,1953.5499999999993,6.548011094631168,97198.42,97198.42,2865865.48,-51747.12,102566.3,0.226846,340.02,124,124,0,21.36,0.30493779827363415,CALL WALL + VOL SENSITIVE
2026-07-10T06:12:57 ET,2026-07-10T06:10:00 ET,2026-07-10,Fri,0612ET,AGGREGATE,29834.25,707.585,29850.7,NEAR_FLIP,EXPANSION,,24.183127962085305,,23.94,25.04,29.77,23.54,31791.27,754.0,1957.0200000000004,6.559642022172504,547245.93,547245.93,9500331.39,-869024.5700000001,-14745.050000000047,1.04881,1096.87,820,812,8,36.24780487804878,1.5187776818980723,CALL WALL + VOL SENSITIVE
2026-07-10T06:12:57 ET,2026-07-10T06:10:00 ET,2026-07-10,Fri,0612ET,AGGREGATE,29834.25,707.585,29850.7,NEAR_FLIP,EXPANSION,,24.183127962085305,,23.94,25.04,29.77,23.54,31829.06,755.0,1994.8100000000013,6.686308521246559,179511.96,179511.96,5099050.53,-116379.4,176140.08,0.299356,555.22,298,298,0,22.69,0.6053390874456304,CALL WALL + VOL SENSITIVE
2026-07-10T06:12:57 ET,2026-07-10T06:10:00 ET,2026-07-10,Fri,0612ET,AGGREGATE,29834.25,707.585,29850.7,NEAR_FLIP,EXPANSION,,24.183127962085305,,23.94,25.04,29.77,23.54,31829.96,755.0,1995.7099999999991,6.689325188332199,1549861.77,1549861.77,45987324.3,-842300.55,1651467.91,3.48548,5502.46,2072,2072,0,21.68,4.982159271026157,CALL WALL + VOL SENSITIVE
2026-07-10T06:12:57 ET,2026-07-10T06:10:00 ET,2026-07-10,Fri,0612ET,AGGREGATE,29834.25,707.585,29850.7,NEAR_FLIP,EXPANSION,,24.183127962085305,,23.94,25.04,29.77,23.54,31833.43,755.0,1999.1800000000003,6.700956115873535,2169353.96,2169353.96,38911284.02,-3473585.26,2153172.76,3.657364,4288.08,3605,3605,0,36.24,6.365873898124814,CALL WALL + VOL SENSITIVE
2026-07-10T06:12:57 ET,2026-07-10T06:10:00 ET,2026-07-10,Fri,0612ET,AGGREGATE,29834.25,707.585,29850.7,NEAR_FLIP,EXPANSION,,24.183127962085305,,23.94,25.04,29.77,23.54,31871.22,756.0,2036.9700000000012,6.82762261494759,18146.27,18146.27,526232.55,-12015.44,17516.68,0.026376,56.11,34,34,0,22.68,0.06292009235601789,CALL WALL + VOL SENSITIVE
2026-07-10T06:12:57 ET,2026-07-10T06:10:00 ET,2026-07-10,Fri,0612ET,AGGREGATE,29834.25,707.585,29850.7,NEAR_FLIP,EXPANSION,,24.183127962085305,,23.94,25.04,29.77,23.54,31872.12,756.0,2037.869999999999,6.830639282033229,816343.13,816343.13,24676385.69,-452782.64,859132.68,1.639513,2903.64,1207,1207,0,21.73,2.737036191787127,CALL WALL + VOL SENSITIVE
2026-07-10T06:12:57 ET,2026-07-10T06:10:00 ET,2026-07-10,Fri,0612ET,AGGREGATE,29834.25,707.585,29850.7,NEAR_FLIP,EXPANSION,,24.183127962085305,,23.94,25.04,29.77,23.54,31875.6,756.0,2041.3499999999985,6.842303728097734,244207.76,244207.76,4383000.77,-399015.79,247056.89,0.410367,492.43,415,415,0,36.97,0.7236533646845457,CALL WALL + VOL SENSITIVE
2026-07-10T06:12:57 ET,2026-07-10T06:10:00 ET,2026-07-10,Fri,0612ET,AGGREGATE,29834.25,707.585,29850.7,NEAR_FLIP,EXPANSION,,24.183127962085305,,23.94,25.04,29.77,23.54,31913.37,757.0,2079.119999999999,6.96890319012544,22322.98,22322.98,654261.92,-15083.99,21571.08,0.03019,69.68,45,45,0,22.9,0.08061820741019826,CALL WALL + VOL SENSITIVE
2026-07-10T06:12:57 ET,2026-07-10T06:10:00 ET,2026-07-10,Fri,0612ET,AGGREGATE,29834.25,707.585,29850.7,NEAR_FLIP,EXPANSION,,24.183127962085305,,23.94,25.04,29.77,23.54,31914.28,757.0,2080.029999999999,6.9719533757342615,12166.98,12166.98,374833.04,-6885.17,12630.96,0.021681,43.32,20,20,0,21.75,0.040767966074516514,CALL WALL + VOL SENSITIVE
2026-07-10T06:12:57 ET,2026-07-10T06:10:00 ET,2026-07-10,Fri,0612ET,AGGREGATE,29834.25,707.585,29850.7,NEAR_FLIP,EXPANSION,,24.183127962085305,,23.94,25.04,29.77,23.54,31917.76,757.0,2083.5099999999984,6.983617821798767,241548.25,241548.25,4420323.1,-403080.27,240793.87,0.356907,487.23,460,460,0,36.99,0.758306131800853,CALL WALL + VOL SENSITIVE
2026-07-10T06:12:57 ET,2026-07-10T06:10:00 ET,2026-07-10,Fri,0612ET,AGGREGATE,29834.25,707.585,29850.7,NEAR_FLIP,EXPANSION,,24.183127962085305,,23.94,25.04,29.77,23.54,31955.53,758.0,2121.279999999999,7.110217283826471,32772.24,32772.24,970387.14,-22590.35,31709.45,0.041294,103.27,71,71,0,23.12,0.12350682177645511,CALL WALL + VOL SENSITIVE
2026-07-10T06:12:57 ET,2026-07-10T06:10:00 ET,2026-07-10,Fri,0612ET,AGGREGATE,29834.25,707.585,29850.7,NEAR_FLIP,EXPANSION,,24.183127962085305,,23.94,25.04,29.77,23.54,31956.44,758.0,2122.1899999999987,7.113267469435293,74441.74,74441.74,2338947.28,-42969.02,76100.29,0.116673,265.0,137,137,0,21.75,0.27302814917993545,CALL WALL + VOL SENSITIVE
2026-07-10T06:12:57 ET,2026-07-10T06:10:00 ET,2026-07-10,Fri,0612ET,AGGREGATE,29834.25,707.585,29850.7,NEAR_FLIP,EXPANSION,,24.183127962085305,,23.94,25.04,29.77,23.54,31959.92,758.0,2125.6699999999983,7.124931915499798,921149.92,921149.92,17017760.22,-1568388.59,920533.31,1.276535,1876.81,1875,1875,0,37.36,3.0009754413367977,CALL WALL + VOL SENSITIVE
2026-07-10T06:12:57 ET,2026-07-10T06:10:00 ET,2026-07-10,Fri,0612ET,AGGREGATE,29834.25,707.585,29850.7,NEAR_FLIP,EXPANSION,,24.183127962085305,,23.94,25.04,29.77,23.54,31997.69,759.0,2163.4399999999987,7.2515313775275025,34397.64,34397.64,1028595.87,-24179.4,33333.25,0.040436,109.41,80,80,0,23.34,0.13435851539628868,CALL WALL + VOL SENSITIVE
2026-07-10T06:12:57 ET,2026-07-10T06:10:00 ET,2026-07-10,Fri,0612ET,AGGREGATE,29834.25,707.585,29850.7,NEAR_FLIP,EXPANSION,,24.183127962085305,,23.94,25.04,29.77,23.54,31998.59,759.0,2164.34,7.254548044613155,525.96,525.96,16573.48,-309.4,545.28,0.000809,1.9,1,1,0,22.11,0.0,CALL WALL + VOL SENSITIVE
2026-07-10T06:12:57 ET,2026-07-10T06:10:00 ET,2026-07-10,Fri,0612ET,AGGREGATE,29834.25,707.585,29850.7,NEAR_FLIP,EXPANSION,,24.183127962085305,,23.94,25.04,29.77,23.54,32002.09,759.0,2167.84,7.266279527724009,594922.5,594922.5,11091997.99,-1033167.09,596091.8,0.774175,1224.28,1293,1293,0,37.74,2.0070366285165675,CALL WALL + VOL SENSITIVE
2026-07-10T06:12:57 ET,2026-07-10T06:10:00 ET,2026-07-10,Fri,0612ET,AGGREGATE,29834.25,707.585,29850.7,NEAR_FLIP,EXPANSION,,24.183127962085305,,23.94,25.04,29.77,23.54,32039.85,760.0,2205.5999999999985,7.392845471228533,149162.83,149162.83,4502963.24,-106888.17,144802.17,0.163812,478.95,372,372,0,23.56,0.6101265842862542,CALL WALL + VOL SENSITIVE
2026-07-10T06:12:57 ET,2026-07-10T06:10:00 ET,2026-07-10,Fri,0612ET,AGGREGATE,29834.25,707.585,29850.7,NEAR_FLIP,EXPANSION,,24.183127962085305,,23.94,25.04,29.77,23.54,32040.75,760.0,2206.5,7.395862138314185,279571.26,279571.26,8000673.520000001,-185292.93,-3248662.29,0.400268,1132.04,621,571,50,22.36085346215781,1.0582154482736446,CALL WALL + VOL SENSITIVE
2026-07-10T06:12:57 ET,2026-07-10T06:10:00 ET,2026-07-10,Fri,0612ET,AGGREGATE,29834.25,707.585,29850.7,NEAR_FLIP,EXPANSION,,24.183127962085305,,23.94,25.04,29.77,23.54,32044.25,760.0,2210.0,7.407593621425041,1759916.76,1759916.76,33490636.31,-3121390.54,1660428.75,1.976566,3614.9399999999996,4352,4351,1,37.660588235294114,6.371990583625334,CALL WALL + VOL SENSITIVE
2026-07-10T06:12:57 ET,2026-07-10T06:10:00 ET,2026-07-10,Fri,0612ET,AGGREGATE,29834.25,707.585,29850.7,NEAR_FLIP,EXPANSION,,24.183127962085305,,23.94,25.04,29.77,23.54,32082.01,761.0,2247.7599999999984,7.534159564929564,19466.7,19466.7,593065.71,-14215.79,18935.1,0.019999,63.09,52,52,0,23.779999999999998,0.08075606822540801,CALL WALL + VOL SENSITIVE
2026-07-10T06:12:57 ET,2026-07-10T06:10:00 ET,2026-07-10,Fri,0612ET,AGGREGATE,29834.25,707.585,29850.7,NEAR_FLIP,EXPANSION,,24.183127962085305,,23.94,25.04,29.77,23.54,32082.91,761.0,2248.66,7.5371762320152165,1309.89,1309.89,42510.05,-800.23,1337.3,0.001648,4.78,3,3,0,22.290000000000003,0.0033831504309030547,CALL WALL + VOL SENSITIVE
2026-07-10T06:12:57 ET,2026-07-10T06:10:00 ET,2026-07-10,Fri,0612ET,AGGREGATE,29834.25,707.585,29850.7,NEAR_FLIP,EXPANSION,,24.183127962085305,,23.94,25.04,29.77,23.54,32086.41,761.0,2252.16,7.548907715126071,198369.23,198369.23,3763301.12,-358039.71,199907.17,0.228439,416.37,490,490,0,38.49,0.7170327094820327,CALL WALL + VOL SENSITIVE
2026-07-10T06:12:57 ET,2026-07-10T06:10:00 ET,2026-07-10,Fri,0612ET,AGGREGATE,29834.25,707.585,29850.7,NEAR_FLIP,EXPANSION,,24.183127962085305,,23.94,25.04,29.77,23.54,32124.16,762.0,2289.91,7.675440140107426,28692.62,28692.62,881881.57,-21346.17,27970.34,0.027613,93.87,82,82,0,24.01,0.12432635775215525,CALL WALL + VOL SENSITIVE
2026-07-10T06:12:57 ET,2026-07-10T06:10:00 ET,2026-07-10,Fri,0612ET,AGGREGATE,29834.25,707.585,29850.7,NEAR_FLIP,EXPANSION,,24.183127962085305,,23.94,25.04,29.77,23.54,32125.07,762.0,2290.8199999999997,7.678490325716247,29281.72,29281.72,969414.37,-18228.21,29373.98,0.031933,106.6,76,76,0,22.25,0.12531433650541016,CALL WALL + VOL SENSITIVE
2026-07-10T06:12:57 ET,2026-07-10T06:10:00 ET,2026-07-10,Fri,0612ET,AGGREGATE,29834.25,707.585,29850.7,NEAR_FLIP,EXPANSION,,24.183127962085305,,23.94,25.04,29.77,23.54,32128.58,762.0,2294.3300000000017,7.690255327350283,147547.62,147547.62,2856394.96,-271781.05,145992.6,0.146514,308.95,415,415,0,38.41,0.573407762003775,CALL WALL + VOL SENSITIVE
2026-07-10T06:12:57 ET,2026-07-10T06:10:00 ET,2026-07-10,Fri,0612ET,AGGREGATE,29834.25,707.585,29850.7,NEAR_FLIP,EXPANSION,,24.183127962085305,,23.94,25.04,29.77,23.54,32166.32,763.0,2332.0699999999997,7.816754233808458,36672.49,36672.49,1136770.62,-27786.1,35835.06,0.033104,121.1,112,112,0,24.23,0.16525397405322595,CALL WALL + VOL SENSITIVE
2026-07-10T06:12:57 ET,2026-07-10T06:10:00 ET,2026-07-10,Fri,0612ET,AGGREGATE,29834.25,707.585,29850.7,NEAR_FLIP,EXPANSION,,24.183127962085305,,23.94,25.04,29.77,23.54,32167.23,763.0,2332.9799999999996,7.819804419417278,5019.37,5019.37,167814.03,-3181.41,5035.67,0.005094,18.42,14,14,0,22.43,0.020652687452224143,CALL WALL + VOL SENSITIVE
2026-07-10T06:12:57 ET,2026-07-10T06:10:00 ET,2026-07-10,Fri,0612ET,AGGREGATE,29834.25,707.585,29850.7,NEAR_FLIP,EXPANSION,,24.183127962085305,,23.94,25.04,29.77,23.54,32170.74,763.0,2336.4900000000016,7.831569421051314,202445.88,202445.88,3903379.16,-379291.63,205318.98,0.207294,433.3,566,566,0,39.25,0.7858131359813901,CALL WALL + VOL SENSITIVE
2026-07-10T06:12:57 ET,2026-07-10T06:10:00 ET,2026-07-10,Fri,0612ET,AGGREGATE,29834.25,707.585,29850.7,NEAR_FLIP,EXPANSION,,24.183127962085305,,23.94,25.04,29.77,23.54,32208.48,764.0,2374.2299999999996,7.958068327509489,16257.92,16257.92,508110.35,-12541.79,15927.86,0.013785,54.19,53,53,0,24.46,0.07483939252332318,CALL WALL + VOL SENSITIVE
2026-07-10T06:12:57 ET,2026-07-10T06:10:00 ET,2026-07-10,Fri,0612ET,AGGREGATE,29834.25,707.585,29850.7,NEAR_FLIP,EXPANSION,,24.183127962085305,,23.94,25.04,29.77,23.54,32209.39,764.0,2375.1399999999994,7.96111851311831,4006.96,4006.96,135245.92,-2585.13,4021.17,0.003789,14.82,12,12,0,22.61,0.016762793915714308,CALL WALL + VOL SENSITIVE
2026-07-10T06:12:57 ET,2026-07-10T06:10:00 ET,2026-07-10,Fri,0612ET,AGGREGATE,29834.25,707.585,29850.7,NEAR_FLIP,EXPANSION,,24.183127962085305,,23.94,25.04,29.77,23.54,32212.9,764.0,2378.6500000000015,7.972883514752345,309110.51,309110.51,6006016.46,-589779.6,314564.0,0.298981,668.02,918,918,0,39.63,1.2443992504283015,CALL WALL + VOL SENSITIVE
2026-07-10T06:12:57 ET,2026-07-10T06:10:00 ET,2026-07-10,Fri,0612ET,AGGREGATE,29834.25,707.585,29850.7,NEAR_FLIP,EXPANSION,,24.183127962085305,,23.94,25.04,29.77,23.54,32250.64,765.0,2416.3899999999994,8.09938242121052,59844.08,59844.08,1885160.53,-46989.14,58792.17,0.047723,201.32,208,208,0,24.68,,
2026-07-10T06:12:57 ET,2026-07-10T06:10:00 ET,2026-07-10,Fri,0612ET,AGGREGATE,29834.25,707.585,29850.7,NEAR_FLIP,EXPANSION,,24.183127962085305,,23.94,25.04,29.77,23.54,32251.55,765.0,2417.2999999999993,8.102432606819342,61318.64,61318.64,2088821.38,-40256.18,61566.66,0.054071,228.64,197,197,0,22.79,,
2026-07-10T06:12:57 ET,2026-07-10T06:10:00 ET,2026-07-10,Fri,0612ET,AGGREGATE,29834.25,707.585,29850.7,NEAR_FLIP,EXPANSION,,24.183127962085305,,23.94,25.04,29.77,23.54,32255.07,765.0,2420.8199999999997,8.114231126976543,581343.78,581343.78,11344136.620000001,-1171191.5,-2973329.83,0.426948,1275.48,2220,2170,50,38.9636036036036,,
2026-07-10T06:12:57 ET,2026-07-10T06:10:00 ET,2026-07-10,Fri,0612ET,AGGREGATE,29834.25,707.585,29850.7,NEAR_FLIP,EXPANSION,,24.183127962085305,,23.94,25.04,29.77,23.54,32292.79,766.0,2458.540000000001,8.240662996388382,9386.36,9386.36,292392.56,-7483.68,9565.8,0.008172,32.48,31,31,0,25.38,,
2026-07-10T06:12:57 ET,2026-07-10T06:10:00 ET,2026-07-10,Fri,0612ET,AGGREGATE,29834.25,707.585,29850.7,NEAR_FLIP,EXPANSION,,24.183127962085305,,23.94,25.04,29.77,23.54,32293.71,766.0,2459.459999999999,8.243746700520372,2323.24,2323.24,79850.37,-1551.63,2334.24,0.001913,8.73,8,8,0,22.98,,
2026-07-10T06:12:57 ET,2026-07-10T06:10:00 ET,2026-07-10,Fri,0612ET,AGGREGATE,29834.25,707.585,29850.7,NEAR_FLIP,EXPANSION,,24.183127962085305,,23.94,25.04,29.77,23.54,32297.23,766.0,2462.9799999999996,8.255545220677575,59189.79,59189.79,1200303.12,-117598.11,57683.41,0.04101,126.71,235,235,0,39.28,,
2026-07-10T06:12:57 ET,2026-07-10T06:10:00 ET,2026-07-10,Fri,0612ET,AGGREGATE,29834.25,707.585,29850.7,NEAR_FLIP,EXPANSION,,24.183127962085305,,23.94,25.04,29.77,23.54,32334.95,767.0,2500.7000000000007,8.381977090089412,31902.29,31902.29,1032927.21,-25973.09,30836.09,0.020408,107.94,136,136,0,24.83,,
2026-07-10T06:12:57 ET,2026-07-10T06:10:00 ET,2026-07-10,Fri,0612ET,AGGREGATE,29834.25,707.585,29850.7,NEAR_FLIP,EXPANSION,,24.183127962085305,,23.94,25.04,29.77,23.54,32335.87,767.0,2501.619999999999,8.385060794221404,149425.12,149425.12,5180355.09,-101497.56,150263.0,0.114978,566.08,551,551,0,23.16,,
2026-07-10T06:12:57 ET,2026-07-10T06:10:00 ET,2026-07-10,Fri,0612ET,AGGREGATE,29834.25,707.585,29850.7,NEAR_FLIP,EXPANSION,,24.183127962085305,,23.94,25.04,29.77,23.54,32339.39,767.0,2505.1399999999994,8.396859314378606,88144.72,88144.72,1771448.11,-177700.64,88726.56,0.065701,193.61,336,336,0,40.29,,
2026-07-10T06:12:57 ET,2026-07-10T06:10:00 ET,2026-07-10,Fri,0612ET,AGGREGATE,29834.25,707.585,29850.7,NEAR_FLIP,EXPANSION,,24.183127962085305,,23.94,25.04,29.77,23.54,32377.11,768.0,2542.8600000000006,8.523291183790443,28436.78,28436.78,927313.43,-23547.52,27574.72,0.01715,97.1,129,129,0,25.06,,
2026-07-10T06:12:57 ET,2026-07-10T06:10:00 ET,2026-07-10,Fri,0612ET,AGGREGATE,29834.25,707.585,29850.7,NEAR_FLIP,EXPANSION,,24.183127962085305,,23.94,25.04,29.77,23.54,32378.02,768.0,2543.7700000000004,8.526341369399265,15208.47,15208.47,531689.25,-10503.73,15309.76,0.010949,58.07,60,60,0,23.34,,
2026-07-10T06:12:57 ET,2026-07-10T06:10:00 ET,2026-07-10,Fri,0612ET,AGGREGATE,29834.25,707.585,29850.7,NEAR_FLIP,EXPANSION,,24.183127962085305,,23.94,25.04,29.77,23.54,32381.56,768.0,2547.3100000000013,8.538206926602818,95595.61,95595.61,1965554.27,-196707.39,93844.72,0.059165,208.53,428,428,0,40.02,,
2026-07-10T06:12:57 ET,2026-07-10T06:10:00 ET,2026-07-10,Fri,0612ET,AGGREGATE,29834.25,707.585,29850.7,NEAR_FLIP,EXPANSION,,24.183127962085305,,23.94,25.04,29.77,23.54,32419.27,769.0,2585.0200000000004,8.664605277491475,29036.41,29036.41,953406.31,-24448.83,28251.28,0.016531,100.06,140,140,0,25.29,,
2026-07-10T06:12:57 ET,2026-07-10T06:10:00 ET,2026-07-10,Fri,0612ET,AGGREGATE,29834.25,707.585,29850.7,NEAR_FLIP,EXPANSION,,24.183127962085305,,23.94,25.04,29.77,23.54,32423.72,769.0,2589.470000000001,8.679521020303849,79843.15,79843.15,1652486.83,-167135.0,78681.49,0.046788,175.8,379,379,0,40.4,,
2026-07-10T06:12:57 ET,2026-07-10T06:10:00 ET,2026-07-10,Fri,0612ET,AGGREGATE,29834.25,707.585,29850.7,NEAR_FLIP,EXPANSION,,24.183127962085305,,23.94,25.04,29.77,23.54,32461.42,770.0,2627.1699999999983,8.805885852669327,18560.0,18560.0,613474.7,-15886.68,18122.01,0.009989,64.54,95,95,0,25.52,,
2026-07-10T06:12:57 ET,2026-07-10T06:10:00 ET,2026-07-10,Fri,0612ET,AGGREGATE,29834.25,707.585,29850.7,NEAR_FLIP,EXPANSION,,24.183127962085305,,23.94,25.04,29.77,23.54,32462.34,770.0,2628.09,8.808969556801328,85490.27,85490.27,3036886.63,-60996.34,86283.59,0.05406,331.62,385,385,0,23.71,,
2026-07-10T06:12:57 ET,2026-07-10T06:10:00 ET,2026-07-10,Fri,0612ET,AGGREGATE,29834.25,707.585,29850.7,NEAR_FLIP,EXPANSION,,24.183127962085305,,23.94,25.04,29.77,23.54,32465.88,770.0,2631.630000000001,8.82083511400488,598728.0,598728.0,12470656.65,-1274671.33,592348.54,0.332586,1330.54,3010,3010,0,40.77,,
2026-07-10T06:12:57 ET,2026-07-10T06:10:00 ET,2026-07-10,Fri,0612ET,AGGREGATE,29834.25,707.585,29850.7,NEAR_FLIP,EXPANSION,,24.183127962085305,,23.94,25.04,29.77,23.54,32503.58,771.0,2669.3300000000017,8.947199946370368,2761.49,2761.49,75406.78,-2365.55,3862.45,0.006019,11.85,5,5,0,31.380000000000003,,
2026-07-10T06:12:57 ET,2026-07-10T06:10:00 ET,2026-07-10,Fri,0612ET,AGGREGATE,29834.25,707.585,29850.7,NEAR_FLIP,EXPANSION,,24.183127962085305,,23.94,25.04,29.77,23.54,32504.5,771.0,2670.25,8.95028365050236,674.55,674.55,22298.34,-486.02,787.03,0.000749,2.86,2,2,0,25.88,,
2026-07-10T06:12:57 ET,2026-07-10T06:10:00 ET,2026-07-10,Fri,0612ET,AGGREGATE,29834.25,707.585,29850.7,NEAR_FLIP,EXPANSION,,24.183127962085305,,23.94,25.04,29.77,23.54,32508.05,771.0,2673.7999999999993,8.96218272622908,141384.74,141384.74,2962997.56,-306058.5,140446.47,0.074535,317.1,752,752,0,41.15,,
2026-07-10T06:12:57 ET,2026-07-10T06:10:00 ET,2026-07-10,Fri,0612ET,AGGREGATE,29834.25,707.585,29850.7,NEAR_FLIP,EXPANSION,,24.183127962085305,,23.94,25.04,29.77,23.54,32545.74,772.0,2711.4900000000016,9.088514040071399,8406.33,8406.33,265465.59,-7369.25,9185.01,0.006601,31.58,33,33,0,27.54,,
2026-07-10T06:12:57 ET,2026-07-10T06:10:00 ET,2026-07-10,Fri,0612ET,AGGREGATE,29834.25,707.585,29850.7,NEAR_FLIP,EXPANSION,,24.183127962085305,,23.94,25.04,29.77,23.54,32546.66,772.0,2712.41,9.09159774420339,7810.03,7810.03,281633.94,-5751.18,7908.05,0.004357,30.77,40,40,0,24.09,,
2026-07-10T06:12:57 ET,2026-07-10T06:10:00 ET,2026-07-10,Fri,0612ET,AGGREGATE,29834.25,707.585,29850.7,NEAR_FLIP,EXPANSION,,24.183127962085305,,23.94,25.04,29.77,23.54,32550.21,772.0,2715.959999999999,9.103496819930111,39424.55,39424.55,807751.12,-86193.04,41404.38,0.025178,91.87,183,183,0,42.72,,
2026-07-10T06:12:57 ET,2026-07-10T06:10:00 ET,2026-07-10,Fri,0612ET,AGGREGATE,29834.25,707.585,29850.7,NEAR_FLIP,EXPANSION,,24.183127962085305,,23.94,25.04,29.77,23.54,32587.9,773.0,2753.6500000000015,9.22982813377243,7355.66,7355.66,239937.19,-6570.8,7693.49,0.004435,27.14,36,36,0,27.06,,
2026-07-10T06:12:57 ET,2026-07-10T06:10:00 ET,2026-07-10,Fri,0612ET,AGGREGATE,29834.25,707.585,29850.7,NEAR_FLIP,EXPANSION,,24.183127962085305,,23.94,25.04,29.77,23.54,32588.82,773.0,2754.5699999999997,9.232911837904421,181879.27,181879.27,6605837.58,-136018.99,184502.11,0.095447,722.25,992,992,0,24.28,,
2026-07-10T06:12:57 ET,2026-07-10T06:10:00 ET,2026-07-10,Fri,0612ET,AGGREGATE,29834.25,707.585,29850.7,NEAR_FLIP,EXPANSION,,24.183127962085305,,23.94,25.04,29.77,23.54,32592.37,773.0,2758.119999999999,9.244810913631142,62679.73,62679.73,1329033.19,-140180.66,62790.19,0.029863,143.17,372,372,0,41.9,,
2026-07-10T06:12:57 ET,2026-07-10T06:10:00 ET,2026-07-10,Fri,0612ET,AGGREGATE,29834.25,707.585,29850.7,NEAR_FLIP,EXPANSION,,24.183127962085305,,23.94,25.04,29.77,23.54,32630.06,774.0,2795.8100000000013,9.371142227473461,41281.19,41281.19,1083426.23,-36965.67,64881.96,0.114495,192.92,66,66,0,34.17,,
2026-07-10T06:12:57 ET,2026-07-10T06:10:00 ET,2026-07-10,Fri,0612ET,AGGREGATE,29834.25,707.585,29850.7,NEAR_FLIP,EXPANSION,,24.183127962085305,,23.94,25.04,29.77,23.54,32630.98,774.0,2796.7299999999996,9.374225931605453,6305.5,6305.5,233549.61,-4795.72,6264.44,0.002786,24.91,40,40,0,24.16,,
2026-07-10T06:12:57 ET,2026-07-10T06:10:00 ET,2026-07-10,Fri,0612ET,AGGREGATE,29834.25,707.585,29850.7,NEAR_FLIP,EXPANSION,,24.183127962085305,,23.94,25.04,29.77,23.54,32634.54,774.0,2800.290000000001,9.386158525855354,24906.61,24906.61,516053.19,-56201.73,26391.3,0.014495,59.11,128,128,0,43.51,,
2026-07-10T06:12:57 ET,2026-07-10T06:10:00 ET,2026-07-10,Fri,0612ET,AGGREGATE,29834.25,707.585,29850.7,NEAR_FLIP,EXPANSION,,24.183127962085305,,23.94,25.04,29.77,23.54,32672.21,775.0,2837.959999999999,9.512422802651312,4844.9,4844.9,162912.42,-4475.61,4937.17,0.00225,17.85,30,30,0,27.030000000000005,,
2026-07-10T06:12:57 ET,2026-07-10T06:10:00 ET,2026-07-10,Fri,0612ET,AGGREGATE,29834.25,707.585,29850.7,NEAR_FLIP,EXPANSION,,24.183127962085305,,23.94,25.04,29.77,23.54,32673.14,775.0,2838.8899999999994,9.515540025306484,17671.95,17671.95,650689.27,-13622.03,18000.72,0.008234,71.27,109,109,0,24.66,,
2026-07-10T06:12:57 ET,2026-07-10T06:10:00 ET,2026-07-10,Fri,0612ET,AGGREGATE,29834.25,707.585,29850.7,NEAR_FLIP,EXPANSION,,24.183127962085305,,23.94,25.04,29.77,23.54,32676.7,775.0,2842.4500000000007,9.527472619556384,200939.6,200939.6,4237808.5,-461862.77,209157.02,0.100451,475.19,1181,1181,0,43.36,,
2026-07-10T09:02:04 ET,2026-07-10T09:00:00 ET,2026-07-10,Fri,0902ET,2026-07-13,29831.25,707.585,29847.5,NEAR_FLIP,EXPANSION,,24.183127962085305,,23.94,25.04,29.77,23.54,26977.53,640.0,-2853.720000000001,-9.566209930861097,-482714.14,518858.45999999996,11480536.780000001,503716.6,1080823.95,1.6861050000000002,2977.79,794,30,764,41.95032745591939,,
2026-07-10T09:02:04 ET,2026-07-10T09:00:00 ET,2026-07-10,Fri,0902ET,2026-07-14,29831.25,707.585,29847.5,NEAR_FLIP,EXPANSION,,24.183127962085305,,23.94,25.04,29.77,23.54,26978.3,640.0,-2852.9500000000007,-9.563628745024097,-295276.24,295276.24,7296963.05,239501.66,-650714.8,-1.408146,1960.05,385,0,385,40.43,,
2026-07-10T09:02:04 ET,2026-07-10T09:00:00 ET,2026-07-10,Fri,0902ET,2026-07-10,29831.25,707.585,29847.5,NEAR_FLIP,EXPANSION,,24.183127962085305,,23.94,25.04,29.77,23.54,26981.92,640.0,-2849.3300000000017,-9.551493819400802,-920257.5499999999,928249.37,17109990.650000002,2259880.1,902952.8299999998,-0.20060900000000004,2723.0299999999997,3396,31,3365,53.654042991755006,,
2026-07-10T09:02:04 ET,2026-07-10T09:00:00 ET,2026-07-10,Fri,0902ET,2026-07-13,29831.25,707.585,29847.5,NEAR_FLIP,EXPANSION,,24.183127962085305,,23.94,25.04,29.77,23.54,27188.29,645.0,-2642.959999999999,-8.859702493190863,-398427.28,441839.1,9156687.7,395863.0,1254659.59,2.403113,2419.3799999999997,561,30,531,40.019037433155084,,
2026-07-10T09:02:04 ET,2026-07-10T09:00:00 ET,2026-07-10,Fri,0902ET,2026-07-14,29831.25,707.585,29847.5,NEAR_FLIP,EXPANSION,,24.183127962085305,,23.94,25.04,29.77,23.54,27189.06,645.0,-2642.1899999999987,-8.85712130735386,-381608.99,381608.99,9075534.19,285589.89,-829787.53,-2.16334,2429.63,413,0,413,38.78,,
2026-07-10T09:02:04 ET,2026-07-10T09:00:00 ET,2026-07-10,Fri,0902ET,2026-07-10,29831.25,707.585,29847.5,NEAR_FLIP,EXPANSION,,24.183127962085305,,23.94,25.04,29.77,23.54,27192.71,645.0,-2638.540000000001,-8.84488581604861,-441666.75,445027.13,7983823.82,996911.8200000001,35561.929999999935,-0.251869,1239.19,1288,9,1279,50.943664596273294,,
2026-07-10T09:02:04 ET,2026-07-10T09:00:00 ET,2026-07-10,Fri,0902ET,2026-07-13,29831.25,707.585,29847.5,NEAR_FLIP,EXPANSION,,24.183127962085305,,23.94,25.04,29.77,23.54,27399.06,650.0,-2432.1899999999987,-8.153161533626646,-604557.3200000001,631152.02,13370950.62,518612.89999999997,-158589.20999999996,-0.6679270000000002,3299.5,654,15,639,38.21316513761468,,
2026-07-10T09:02:04 ET,2026-07-10T09:00:00 ET,2026-07-10,Fri,0902ET,2026-07-14,29831.25,707.585,29847.5,NEAR_FLIP,EXPANSION,,24.183127962085305,,23.94,25.04,29.77,23.54,27399.83,650.0,-2431.4199999999983,-8.150580347789644,-1078469.8,1080531.7,24476878.78,741403.8,-2264296.19,-7.233225,6611.0199999999995,957,1,956,37.26852664576803,,
2026-07-10T09:02:04 ET,2026-07-10T09:00:00 ET,2026-07-10,Fri,0902ET,2026-07-10,29831.25,707.585,29847.5,NEAR_FLIP,EXPANSION,,24.183127962085305,,23.94,25.04,29.77,23.54,27403.51,650.0,-2427.7400000000016,-8.138244290802437,-2226435.6199999996,2254799.1,38318734.300000004,4615774.7299999995,562770.6699999999,-1.2694609999999997,6041.12,4737,51,4686,49.00692210259658,,
2026-07-10T09:02:04 ET,2026-07-10T09:00:00 ET,2026-07-10,Fri,0902ET,2026-07-13,29831.25,707.585,29847.5,NEAR_FLIP,EXPANSION,,24.183127962085305,,23.94,25.04,29.77,23.54,27609.82,655.0,-2221.4300000000003,-7.446654095956423,-976574.12,976574.12,20554407.83,730618.57,-1876185.85,-6.389766,4890.05,809,0,809,36.61,,
2026-07-10T09:02:04 ET,2026-07-10T09:00:00 ET,2026-07-10,Fri,0902ET,2026-07-14,29831.25,707.585,29847.5,NEAR_FLIP,EXPANSION,,24.183127962085305,,23.94,25.04,29.77,23.54,27610.6,655.0,-2220.6500000000015,-7.44403938822544,-436130.66,438693.34,9381754.780000001,273910.69,-874447.12,-3.446759,2577.39,316,1,315,35.785601265822784,,
2026-07-10T09:02:04 ET,2026-07-10T09:00:00 ET,2026-07-10,Fri,0902ET,2026-07-10,29831.25,707.585,29847.5,NEAR_FLIP,EXPANSION,,24.183127962085305,,23.94,25.04,29.77,23.54,27614.31,655.0,-2216.9399999999987,-7.43160276555625,-1060783.1,1087880.56,17140874.69,2022465.71,773358.1799999999,-0.15325500000000014,2819.9,1607,32,1575,47.39302426882389,,
2026-07-10T09:02:04 ET,2026-07-10T09:00:00 ET,2026-07-10,Fri,0902ET,2026-07-13,29831.25,707.585,29847.5,NEAR_FLIP,EXPANSION,,24.183127962085305,,23.94,25.04,29.77,23.54,27820.58,660.0,-2010.6699999999983,-6.7401466582861875,-1158366.01,1186467.1700000002,22862645.62,801195.37,-1582171.0799999998,-7.099421000000001,5708.84,774,10,764,35.171007751937985,,
2026-07-10T09:02:04 ET,2026-07-10T09:00:00 ET,2026-07-10,Fri,0902ET,2026-07-14,29831.25,707.585,29847.5,NEAR_FLIP,EXPANSION,,24.183127962085305,,23.94,25.04,29.77,23.54,27821.37,660.0,-2009.880000000001,-6.737498428661223,-1532981.15,1532981.15,30890240.85,863107.16,-3326666.04,-16.204002,8675.0,888,0,888,34.47,,
2026-07-10T09:02:04 ET,2026-07-10T09:00:00 ET,2026-07-10,Fri,0902ET,2026-07-10,29831.25,707.585,29847.5,NEAR_FLIP,EXPANSION,,24.183127962085305,,23.94,25.04,29.77,23.54,27825.1,660.0,-2006.1500000000015,-6.724994762204068,-5685302.43,5783390.3100000005,86153613.33,9693878.09,-2703681.1099999994,-11.723231,14424.67,6087,75,6012,45.61578610152785,,
2026-07-10T09:02:04 ET,2026-07-10T09:00:00 ET,2026-07-10,Fri,0902ET,2026-07-10,29831.25,707.585,29847.5,NEAR_FLIP,EXPANSION,,24.183127962085305,,23.94,25.04,29.77,23.54,27867.26,661.0,-1963.9900000000016,-6.583666457154834,-125896.81,125896.81,1885937.21,206472.34,-174582.32,-0.500331,311.29,124,0,124,45.23,,
2026-07-10T09:02:04 ET,2026-07-10T09:00:00 ET,2026-07-10,Fri,0902ET,2026-07-10,29831.25,707.585,29847.5,NEAR_FLIP,EXPANSION,,24.183127962085305,,23.94,25.04,29.77,23.54,27909.42,662.0,-1921.8300000000017,-6.4423381521056,-234152.56,234152.56,3501421.14,375525.98,-318661.99,-0.940254,567.18,224,0,224,44.32,,
2026-07-10T09:02:04 ET,2026-07-10T09:00:00 ET,2026-07-10,Fri,0902ET,2026-07-10,29831.25,707.585,29847.5,NEAR_FLIP,EXPANSION,,24.183127962085305,,23.94,25.04,29.77,23.54,27951.58,663.0,-1879.6699999999983,-6.301009847056354,-194150.17,194150.17,2852888.07,304416.69,-266162.16,-0.848047,467.71,172,0,172,44.07,,
2026-07-10T09:02:04 ET,2026-07-10T09:00:00 ET,2026-07-10,Fri,0902ET,2026-07-10,29831.25,707.585,29847.5,NEAR_FLIP,EXPANSION,,24.183127962085305,,23.94,25.04,29.77,23.54,27993.74,664.0,-1837.5099999999984,-6.159681542007118,-954236.3,954236.3,13674584.46,1462404.65,-1333906.96,-4.678261,2302.24,768,0,768,44.13,,
2026-07-10T09:02:04 ET,2026-07-10T09:00:00 ET,2026-07-10,Fri,0902ET,2026-07-13,29831.25,707.585,29847.5,NEAR_FLIP,EXPANSION,,24.183127962085305,,23.94,25.04,29.77,23.54,28031.34,665.0,-1799.9099999999999,-6.033639220615964,-1392464.94,1399696.02,25899766.139999997,843701.33,-2527304.1799999997,-13.695905,6383.28,731,2,729,33.33696306429549,,
2026-07-10T09:02:04 ET,2026-07-10T09:00:00 ET,2026-07-10,Fri,0902ET,2026-07-14,29831.25,707.585,29847.5,NEAR_FLIP,EXPANSION,,24.183127962085305,,23.94,25.04,29.77,23.54,28032.13,665.0,-1799.119999999999,-6.030990990990988,-1649963.19,1649963.19,30626256.12,828335.99,-3658556.33,-22.352097,9041.61,762,0,762,33.38,,
2026-07-10T09:02:04 ET,2026-07-10T09:00:00 ET,2026-07-10,Fri,0902ET,2026-07-10,29831.25,707.585,29847.5,NEAR_FLIP,EXPANSION,,24.183127962085305,,23.94,25.04,29.77,23.54,28035.9,665.0,-1795.3499999999985,-6.018353236957883,-12791965.18,13094420.04,181282983.6,19598790.869999997,-7618680.840000002,-36.775774999999996,31129.53,10033,149,9884,43.478318548789,,
2026-07-10T09:02:04 ET,2026-07-10T09:00:00 ET,2026-07-10,Fri,0902ET,2026-07-10,29831.25,707.585,29847.5,NEAR_FLIP,EXPANSION,,24.183127962085305,,23.94,25.04,29.77,23.54,28078.06,666.0,-1753.1899999999987,-5.8770249319086485,-231512.3,231512.3,3238020.22,338278.32,-321603.28,-1.266049,545.24,166,0,166,43.08,,
2026-07-10T09:02:04 ET,2026-07-10T09:00:00 ET,2026-07-10,Fri,0902ET,2026-07-10,29831.25,707.585,29847.5,NEAR_FLIP,EXPANSION,,24.183127962085305,,23.94,25.04,29.77,23.54,28120.22,667.0,-1711.0299999999988,-5.735696626859413,-98269.75,98269.75,1336202.14,140163.52,-139655.16,-0.605287,232.13,64,0,64,43.2,,
2026-07-10T09:02:04 ET,2026-07-10T09:00:00 ET,2026-07-10,Fri,0902ET,2026-07-10,29831.25,707.585,29847.5,NEAR_FLIP,EXPANSION,,24.183127962085305,,23.94,25.04,29.77,23.54,28162.38,668.0,-1668.869999999999,-5.594368321810179,-246400.57,246400.57,3330066.72,342620.95,-345021.99,-1.558231,570.79,154,0,154,42.37,,
2026-07-10T09:02:04 ET,2026-07-10T09:00:00 ET,2026-07-10,Fri,0902ET,2026-07-10,29831.25,707.585,29847.5,NEAR_FLIP,EXPANSION,,24.183127962085305,,23.94,25.04,29.77,23.54,28204.54,669.0,-1626.7099999999991,-5.453040016760944,-2504347.91,2504347.91,33216534.06,3394268.48,-3526523.14,-17.086388,5757.46,1459,0,1459,42.05,,
2026-07-10T09:02:04 ET,2026-07-10T09:00:00 ET,2026-07-10,Fri,0902ET,2026-07-13,29831.25,707.585,29847.5,NEAR_FLIP,EXPANSION,,24.183127962085305,,23.94,25.04,29.77,23.54,28242.1,670.0,-1589.1500000000015,-5.327131782945741,-3484428.77,3751915.85,58668607.330000006,1991902.47,-3345041.11,-25.002979,16573.489999999998,1511,57,1454,32.294169424222375,,
2026-07-10T09:02:04 ET,2026-07-10T09:00:00 ET,2026-07-10,Fri,0902ET,2026-07-14,29831.25,707.585,29847.5,NEAR_FLIP,EXPANSION,,24.183127962085305,,23.94,25.04,29.77,23.54,28242.9,670.0,-1588.3499999999985,-5.324450031426771,-990486.2699999999,1314595.0499999998,16767829.01,580315.65,1539168.7800000003,10.384426999999999,6862.04,493,63,430,31.793651115618662,,
2026-07-10T09:02:04 ET,2026-07-10T09:00:00 ET,2026-07-10,Fri,0902ET,2026-07-10,29831.25,707.585,29847.5,NEAR_FLIP,EXPANSION,,24.183127962085305,,23.94,25.04,29.77,23.54,28246.69,670.0,-1584.5600000000013,-5.311745233605703,-15519369.97,16117714.290000001,201452388.07,21279783.69,-9298162.680000002,-58.684928,36753.8,8770,191,8579,41.689454960091226,,
2026-07-10T09:02:04 ET,2026-07-10T09:00:00 ET,2026-07-10,Fri,0902ET,2026-07-10,29831.25,707.585,29847.5,NEAR_FLIP,EXPANSION,,24.183127962085305,,23.94,25.04,29.77,23.54,28288.85,671.0,-1542.4000000000015,-5.1704169285564685,-158965.4,158965.4,2032746.67,204291.75,-225502.89,-1.249205,358.87,81,0,81,41.28,,
2026-07-10T09:02:04 ET,2026-07-10T09:00:00 ET,2026-07-10,Fri,0902ET,2026-07-10,29831.25,707.585,29847.5,NEAR_FLIP,EXPANSION,,24.183127962085305,,23.94,25.04,29.77,23.54,28331.01,672.0,-1500.2400000000016,-5.029088623507234,-381805.3,381805.3,4718095.53,477607.48,-557339.32,-3.393536,866.74,177,0,177,41.51,,
2026-07-10T09:02:04 ET,2026-07-10T09:00:00 ET,2026-07-10,Fri,0902ET,2026-07-10,29831.25,707.585,29847.5,NEAR_FLIP,EXPANSION,,24.183127962085305,,23.94,25.04,29.77,23.54,28373.17,673.0,-1458.0800000000017,-4.887760318457999,-5649358.9,5653392.66,67665189.94,6877677.44,-8369958.929999999,-55.488166,12856.23,2410,1,2409,41.568680497925314,,
2026-07-10T09:02:04 ET,2026-07-10T09:00:00 ET,2026-07-10,Fri,0902ET,2026-07-10,29831.25,707.585,29847.5,NEAR_FLIP,EXPANSION,,24.183127962085305,,23.94,25.04,29.77,23.54,28415.33,674.0,-1415.9199999999983,-4.746432013408752,-1363514.96,1381036.46,16270928.32,1630583.34,-1729404.76,-12.063566,3057.31,568,4,564,40.47394366197183,,
2026-07-10T09:02:04 ET,2026-07-10T09:00:00 ET,2026-07-10,Fri,0902ET,2026-07-13,29831.25,707.585,29847.5,NEAR_FLIP,EXPANSION,,24.183127962085305,,23.94,25.04,29.77,23.54,28452.87,675.0,-1378.380000000001,-4.620590823381524,-3427584.35,3647457.0900000003,52938890.32,1674434.95,-4613417.05,-41.36301900000001,15216.41,1164,36,1128,30.501855670103097,,
2026-07-10T09:02:04 ET,2026-07-10T09:00:00 ET,2026-07-10,Fri,0902ET,2026-07-14,29831.25,707.585,29847.5,NEAR_FLIP,EXPANSION,,24.183127962085305,,23.94,25.04,29.77,23.54,28453.67,675.0,-1377.5800000000017,-4.617909071862566,-1240270.8699999999,1266266.57,18833818.95,482266.39999999997,-2662269.85,-25.171292,6445.160000000001,379,4,375,31.013957783641164,,
2026-07-10T09:02:04 ET,2026-07-10T09:00:00 ET,2026-07-10,Fri,0902ET,2026-07-10,29831.25,707.585,29847.5,NEAR_FLIP,EXPANSION,,24.183127962085305,,23.94,25.04,29.77,23.54,28457.49,675.0,-1373.7599999999984,-4.6051037083595165,-22037998.45,22408627.51,256726038.23,25678783.74,-27421654.39,-205.298652,49254.62,8600,78,8522,40.18031860465117,,
2026-07-10T09:02:04 ET,2026-07-10T09:00:00 ET,2026-07-10,Fri,0902ET,2026-07-10,29831.25,707.585,29847.5,NEAR_FLIP,EXPANSION,,24.183127962085305,,23.94,25.04,29.77,23.54,28499.65,676.0,-1331.5999999999985,-4.463775403310282,-889715.83,889715.83,10102410.1,988719.53,-1323643.35,-10.453442,1945.01,318,0,318,39.96,,
2026-07-10T09:02:04 ET,2026-07-10T09:00:00 ET,2026-07-10,Fri,0902ET,2026-07-10,29831.25,707.585,29847.5,NEAR_FLIP,EXPANSION,,24.183127962085305,,23.94,25.04,29.77,23.54,28541.81,677.0,-1289.4399999999987,-4.322447098261048,-364237.07999999996,436660.9,3962013.29,470219.57,257982.74,1.599831,953.0,145,13,132,39.8748275862069,,
2026-07-10T09:02:04 ET,2026-07-10T09:00:00 ET,2026-07-10,Fri,0902ET,2026-07-10,29831.25,707.585,29847.5,NEAR_FLIP,EXPANSION,,24.183127962085305,,23.94,25.04,29.77,23.54,28583.97,678.0,-1247.2799999999988,-4.181118793211812,-851968.19,936251.51,9116508.04,975489.1,-433645.33999999997,-4.478733,2020.81,292,14,278,39.4436301369863,,
2026-07-10T09:02:04 ET,2026-07-10T09:00:00 ET,2026-07-10,Fri,0902ET,2026-07-10,29831.25,707.585,29847.5,NEAR_FLIP,EXPANSION,,24.183127962085305,,23.94,25.04,29.77,23.54,28626.13,679.0,-1205.119999999999,-4.039790488162578,-946952.92,946952.92,9709883.26,954530.42,-1501875.72,-14.813485,2069.0,271,0,271,39.93,,
2026-07-10T09:02:04 ET,2026-07-10T09:00:00 ET,2026-07-10,Fri,0902ET,2026-07-13,29831.25,707.585,29847.5,NEAR_FLIP,EXPANSION,,24.183127962085305,,23.94,25.04,29.77,23.54,28663.63,680.0,-1167.619999999999,-3.9140833857112893,-12160068.620000001,12603126.2,164877709.51000002,4883292.23,-21767189.369999997,-247.050883,50612.100000000006,3141,56,3085,29.364310729067178,,
2026-07-10T09:02:04 ET,2026-07-10T09:00:00 ET,2026-07-10,Fri,0902ET,2026-07-14,29831.25,707.585,29847.5,NEAR_FLIP,EXPANSION,,24.183127962085305,,23.94,25.04,29.77,23.54,28664.44,680.0,-1166.8100000000013,-3.9113681122983497,-2268546.69,2830440.4499999997,30114593.589999996,907522.16,-1872720.46,-22.212832,13788.86,689,69,620,29.679811320754716,,
2026-07-10T09:02:04 ET,2026-07-10T09:00:00 ET,2026-07-10,Fri,0902ET,2026-07-10,29831.25,707.585,29847.5,NEAR_FLIP,EXPANSION,,24.183127962085305,,23.94,25.04,29.77,23.54,28668.29,680.0,-1162.9599999999991,-3.898462183113343,-33988884.04,35353620.220000006,345717269.7,34372769.160000004,-40878718.06,-426.7297,74983.65,9692,195,9497,38.75861328931077,,
2026-07-10T09:02:04 ET,2026-07-10T09:00:00 ET,2026-07-10,Fri,0902ET,2026-07-10,29831.25,707.585,29847.5,NEAR_FLIP,EXPANSION,,24.183127962085305,,23.94,25.04,29.77,23.54,28710.45,681.0,-1120.7999999999993,-3.757133878064108,-1583306.65,1583306.65,15610124.08,1484429.3,-2486120.56,-27.366883,3341.58,406,0,406,38.57,,
2026-07-10T09:02:04 ET,2026-07-10T09:00:00 ET,2026-07-10,Fri,0902ET,2026-07-10,29831.25,707.585,29847.5,NEAR_FLIP,EXPANSION,,24.183127962085305,,23.94,25.04,29.77,23.54,28752.61,682.0,-1078.6399999999994,-3.6158055730148733,-2128604.78,2128604.78,20374169.44,1921349.38,-3370589.93,-39.477327,4449.82,513,0,513,38.2,,
2026-07-10T09:02:04 ET,2026-07-10T09:00:00 ET,2026-07-10,Fri,0902ET,2026-07-10,29831.25,707.585,29847.5,NEAR_FLIP,EXPANSION,,24.183127962085305,,23.94,25.04,29.77,23.54,28794.76,683.0,-1036.4900000000016,-3.474510789859633,-1859816.88,1859816.88,16785524.87,1615386.02,-3101613.39,-39.235022,3957.22,415,0,415,38.87,,
2026-07-10T09:02:04 ET,2026-07-10T09:00:00 ET,2026-07-10,Fri,0902ET,2026-07-10,29831.25,707.585,29847.5,NEAR_FLIP,EXPANSION,,24.183127962085305,,23.94,25.04,29.77,23.54,28836.92,684.0,-994.3300000000017,-3.333182484810398,-1883550.57,2031799.6500000001,16597691.870000001,1692847.66,-2226668.38,-29.995926,4232.5,430,16,414,38.05641860465116,,
2026-07-10T09:02:04 ET,2026-07-10T09:00:00 ET,2026-07-10,Fri,0902ET,2026-07-13,29831.25,707.585,29847.5,NEAR_FLIP,EXPANSION,,24.183127962085305,,23.94,25.04,29.77,23.54,28874.39,685.0,-956.8600000000006,-3.2075759480410664,-40935003.02,41228269.46,475337321.89,13020883.11,-85475040.55,-1222.5392410000002,158167.26,8133,29,8104,28.057967539653262,,
2026-07-10T09:02:04 ET,2026-07-10T09:00:00 ET,2026-07-10,Fri,0902ET,2026-07-14,29831.25,707.585,29847.5,NEAR_FLIP,EXPANSION,,24.183127962085305,,23.94,25.04,29.77,23.54,28875.21,685.0,-956.0400000000009,-3.2048271527341328,-3066157.1100000003,3237118.83,34711139.029999994,842762.31,-6920975.8,-97.79577400000001,15229.83,646,17,629,28.68078947368421,,
2026-07-10T09:02:04 ET,2026-07-10T09:00:00 ET,2026-07-10,Fri,0902ET,2026-07-10,29831.25,707.585,29847.5,NEAR_FLIP,EXPANSION,,24.183127962085305,,23.94,25.04,29.77,23.54,28879.08,685.0,-952.1699999999983,-3.1918541797611506,-18535421.740000002,20256467.18,156415004.76,16170630.25,-21931683.32,-313.883793,42125.55,4031,174,3857,37.98525179856115,,
2026-07-10T09:02:04 ET,2026-07-10T09:00:00 ET,2026-07-10,Fri,0902ET,2026-07-10,29831.25,707.585,29847.5,NEAR_FLIP,EXPANSION,,24.183127962085305,,23.94,25.04,29.77,23.54,28921.24,686.0,-910.0099999999984,-3.0505258747119157,-5238259.680000001,5575431.28,42915667.480000004,4254069.7,-7189834.78,-108.16672000000001,11427.01,1049,32,1017,37.438274547187795,,
2026-07-10T09:02:04 ET,2026-07-10T09:00:00 ET,2026-07-10,Fri,0902ET,2026-07-10,29831.25,707.585,29847.5,NEAR_FLIP,EXPANSION,,24.183127962085305,,23.94,25.04,29.77,23.54,28963.4,687.0,-867.8499999999985,-2.9091975696626813,-3685437.29,4099829.2699999996,29115467.5,2983617.1999999997,-4386760.350000001,-69.816287,8301.16,729,37,692,36.983964334705085,,
2026-07-10T09:02:04 ET,2026-07-10T09:00:00 ET,2026-07-10,Fri,0902ET,2026-07-10,29831.25,707.585,29847.5,NEAR_FLIP,EXPANSION,,24.183127962085305,,23.94,25.04,29.77,23.54,29005.56,688.0,-825.6899999999987,-2.7678692646134464,-3707997.81,4016819.03,28067486.36,2781736.23,-5135969.66,-86.333448,8076.7,675,26,649,36.72881481481482,,
2026-07-10T09:02:04 ET,2026-07-10T09:00:00 ET,2026-07-10,Fri,0902ET,2026-07-10,29831.25,707.585,29847.5,NEAR_FLIP,EXPANSION,,24.183127962085305,,23.94,25.04,29.77,23.54,29047.72,689.0,-783.5299999999988,-2.6265409595642115,-3462947.96,4015906.1399999997,24556379.64,2640148.23,-4148614.32,-73.604624,8145.110000000001,639,44,595,37.04045383411581,,
2026-07-10T09:02:04 ET,2026-07-10T09:00:00 ET,2026-07-10,Fri,0902ET,2026-07-13,29831.25,707.585,29847.5,NEAR_FLIP,EXPANSION,,24.183127962085305,,23.94,25.04,29.77,23.54,29085.15,690.0,-746.0999999999985,-2.501068510370831,-5121053.02,5512616.48,48044374.23,1345208.8900000001,-10276599.88,-182.567709,20337.31,875,31,844,26.985474285714286,,
2026-07-10T09:02:04 ET,2026-07-10T09:00:00 ET,2026-07-10,Fri,0902ET,2026-07-14,29831.25,707.585,29847.5,NEAR_FLIP,EXPANSION,,24.183127962085305,,23.94,25.04,29.77,23.54,29085.97,690.0,-745.2799999999988,-2.4983197150638974,-4255001.529999999,4716875.91,38471922.21,944298.9700000001,-10009750.94,-168.359841,21555.61,788,38,750,27.87406091370558,,
2026-07-10T09:02:04 ET,2026-07-10T09:00:00 ET,2026-07-10,Fri,0902ET,2026-07-10,29831.25,707.585,29847.5,NEAR_FLIP,EXPANSION,,24.183127962085305,,23.94,25.04,29.77,23.54,29089.88,690.0,-741.369999999999,-2.4852126545149766,-66627026.43000001,70049295.93,457684138.61,43556024.01,-108121496.11,-2023.879096,139210.31,10563,258,10305,36.2926725362113,,
2026-07-10T09:02:04 ET,2026-07-10T09:00:00 ET,2026-07-10,Fri,0902ET,2026-07-13,29831.25,707.585,29847.5,NEAR_FLIP,EXPANSION,,24.183127962085305,,23.94,25.04,29.77,23.54,29127.31,691.0,-703.9399999999987,-2.359740205321596,-1436312.95,1515256.1700000002,12510214.09,347801.01,-3164551.89,-57.971349,5669.81,233,6,227,27.374763948497854,,
2026-07-10T09:02:04 ET,2026-07-10T09:00:00 ET,2026-07-10,Fri,0902ET,2026-07-14,29831.25,707.585,29847.5,NEAR_FLIP,EXPANSION,,24.183127962085305,,23.94,25.04,29.77,23.54,29128.13,691.0,-703.119999999999,-2.3569914100146625,-2200973.6300000004,2276473.85,19052662.62,428406.24,-5751741.99,-100.559398,10284.16,367,6,361,27.554468664850134,,
2026-07-10T09:02:04 ET,2026-07-10T09:00:00 ET,2026-07-10,Fri,0902ET,2026-07-10,29831.25,707.585,29847.5,NEAR_FLIP,EXPANSION,,24.183127962085305,,23.94,25.04,29.77,23.54,29132.04,691.0,-699.2099999999991,-2.343884349465742,-5035779.17,5817866.43,32841885.819999997,3410711.2800000003,-6718299.81,-132.461726,11472.98,833,56,777,36.011932773109244,,
2026-07-10T09:02:04 ET,2026-07-10T09:00:00 ET,2026-07-10,Fri,0902ET,2026-07-13,29831.25,707.585,29847.5,NEAR_FLIP,EXPANSION,,24.183127962085305,,23.94,25.04,29.77,23.54,29169.46,692.0,-661.7900000000009,-2.2184454221663557,-1344771.94,1399515.3399999999,11376753.67,301231.88,-2975816.08,-57.304017,5079.0199999999995,205,4,201,26.55414634146341,,
2026-07-10T09:02:04 ET,2026-07-10T09:00:00 ET,2026-07-10,Fri,0902ET,2026-07-14,29831.25,707.585,29847.5,NEAR_FLIP,EXPANSION,,24.183127962085305,,23.94,25.04,29.77,23.54,29170.28,692.0,-660.9700000000012,-2.215696626859421,-1469597.98,1534655.3399999999,12085394.95,270417.69,-3849222.63,-69.653916,6858.71,239,5,234,27.263054393305442,,
2026-07-10T09:02:04 ET,2026-07-10T09:00:00 ET,2026-07-10,Fri,0902ET,2026-07-10,29831.25,707.585,29847.5,NEAR_FLIP,EXPANSION,,24.183127962085305,,23.94,25.04,29.77,23.54,29174.2,692.0,-657.0499999999993,-2.2025560444165073,-10799343.0,11195339.719999999,64458530.54,6165724.67,-20012967.55,-410.616536,22617.34,1539,27,1512,36.890701754385965,,
2026-07-10T09:02:04 ET,2026-07-10T09:00:00 ET,2026-07-10,Fri,0902ET,2026-07-13,29831.25,707.585,29847.5,NEAR_FLIP,EXPANSION,,24.183127962085305,,23.94,25.04,29.77,23.54,29211.61,693.0,-619.6399999999994,-2.0771506390111023,-1868391.3099999998,1925248.97,14518827.049999999,386403.0,-4435433.05,-87.522224,7109.12,275,4,271,27.026327272727272,,
2026-07-10T09:02:04 ET,2026-07-10T09:00:00 ET,2026-07-10,Fri,0902ET,2026-07-14,29831.25,707.585,29847.5,NEAR_FLIP,EXPANSION,,24.183127962085305,,23.94,25.04,29.77,23.54,29212.44,693.0,-618.8100000000013,-2.0743683218101867,-2932517.36,2932517.36,22985677.24,481678.01,-8053363.68,-151.444833,12894.83,440,0,440,26.83,,
2026-07-10T09:02:04 ET,2026-07-10T09:00:00 ET,2026-07-10,Fri,0902ET,2026-07-10,29831.25,707.585,29847.5,NEAR_FLIP,EXPANSION,,24.183127962085305,,23.94,25.04,29.77,23.54,29216.36,693.0,-614.8899999999994,-2.0612277393672724,-46527044.59,48385848.31,267665177.20000002,24914344.2,-85089369.21,-1844.32445,94964.18000000001,6301,121,6180,35.83788763688303,,
2026-07-10T09:02:04 ET,2026-07-10T09:00:00 ET,2026-07-10,Fri,0902ET,2026-07-13,29831.25,707.585,29847.5,NEAR_FLIP,EXPANSION,,24.183127962085305,,23.94,25.04,29.77,23.54,29253.76,694.0,-577.4900000000016,-1.935855855855861,-3059228.7100000004,3073968.77,22905804.25,573039.64,-7343042.2,-152.35,10999.099999999999,418,1,417,26.18942583732058,,
2026-07-10T09:02:04 ET,2026-07-10T09:00:00 ET,2026-07-10,Fri,0902ET,2026-07-14,29831.25,707.585,29847.5,NEAR_FLIP,EXPANSION,,24.183127962085305,,23.94,25.04,29.77,23.54,29254.59,694.0,-576.6599999999999,-1.9330735386549336,-606500.45,606500.45,4398418.05,92279.7,-1723457.13,-33.138347,2684.03,89,0,89,27.010000000000005,,
2026-07-10T09:02:04 ET,2026-07-10T09:00:00 ET,2026-07-10,Fri,0902ET,2026-07-10,29831.25,707.585,29847.5,NEAR_FLIP,EXPANSION,,24.183127962085305,,23.94,25.04,29.77,23.54,29258.52,694.0,-572.7299999999996,-1.9198994343180373,-9766864.15,11114835.709999999,53174395.63,5325019.47,-15771390.09,-359.785079,21485.890000000003,1378,84,1294,35.30194484760523,,
2026-07-10T09:02:04 ET,2026-07-10T09:00:00 ET,2026-07-10,Fri,0902ET,2026-07-13,29831.25,707.585,29847.5,NEAR_FLIP,EXPANSION,,24.183127962085305,,23.94,25.04,29.77,23.54,29295.91,695.0,-535.3400000000001,-1.794561072700608,-12543051.76,12863505.979999999,86167161.10000001,2211403.08,-30818763.41,-655.235522,46442.270000000004,1706,21,1685,26.432121922626028,,
2026-07-10T09:02:04 ET,2026-07-10T09:00:00 ET,2026-07-10,Fri,0902ET,2026-07-14,29831.25,707.585,29847.5,NEAR_FLIP,EXPANSION,,24.183127962085305,,23.94,25.04,29.77,23.54,29296.74,695.0,-534.5099999999984,-1.7917787554996802,-4977833.130000001,5562997.25,33001750.75,779236.4299999999,-13478688.79,-262.54891,24803.03,801,41,760,27.21601747815231,,
2026-07-10T09:02:04 ET,2026-07-10T09:00:00 ET,2026-07-10,Fri,0902ET,2026-07-10,29831.25,707.585,29847.5,NEAR_FLIP,EXPANSION,,24.183127962085305,,23.94,25.04,29.77,23.54,29300.68,695.0,-530.5699999999997,-1.7785711292688027,-39090073.98,43386385.339999996,193736578.05,19225113.029999997,-71022145.89999999,-1671.0800169999998,85034.98,5202,257,4945,35.7886370626682,,
2026-07-10T09:02:04 ET,2026-07-10T09:00:00 ET,2026-07-10,Fri,0902ET,2026-07-13,29831.25,707.585,29847.5,NEAR_FLIP,EXPANSION,,24.183127962085305,,23.94,25.04,29.77,23.54,29338.07,696.0,-493.1800000000003,-1.6532327676513734,-1731690.8399999999,1984013.46,11213481.25,312722.54,-3841581.4000000004,-85.29249200000001,7002.92,252,16,236,25.83730158730159,,
2026-07-10T09:02:04 ET,2026-07-10T09:00:00 ET,2026-07-10,Fri,0902ET,2026-07-14,29831.25,707.585,29847.5,NEAR_FLIP,EXPANSION,,24.183127962085305,,23.94,25.04,29.77,23.54,29338.9,696.0,-492.34999999999854,-1.6504504504504456,-1327706.95,1327706.95,8338348.03,170166.94,-3902709.88,-79.458417,5794.38,184,0,184,26.65,,
2026-07-10T09:02:04 ET,2026-07-10T09:00:00 ET,2026-07-10,Fri,0902ET,2026-07-10,29831.25,707.585,29847.5,NEAR_FLIP,EXPANSION,,24.183127962085305,,23.94,25.04,29.77,23.54,29342.84,696.0,-488.40999999999985,-1.6372428242195678,-2848429.6599999997,7624173.779999999,13391130.739999998,3105018.0100000002,3629449.9399999995,86.72411200000005,14702.27,873,275,598,35.20545246277205,,
2026-07-10T09:02:04 ET,2026-07-10T09:00:00 ET,2026-07-10,Fri,0902ET,2026-07-13,29831.25,707.585,29847.5,NEAR_FLIP,EXPANSION,,24.183127962085305,,23.94,25.04,29.77,23.54,29380.22,697.0,-451.02999999999884,-1.51193798449612,-1970871.58,1970871.58,11802085.16,282174.12,-5026601.62,-115.49677,6890.13,242,0,242,25.6,,
2026-07-10T09:02:04 ET,2026-07-10T09:00:00 ET,2026-07-10,Fri,0902ET,2026-07-14,29831.25,707.585,29847.5,NEAR_FLIP,EXPANSION,,24.183127962085305,,23.94,25.04,29.77,23.54,29381.05,697.0,-450.2000000000007,-1.5091556672952045,-2221224.89,2281512.0900000003,12657325.32,264854.73,-6660696.899999999,-137.709715,10018.18,311,4,307,26.81623794212219,,
2026-07-10T09:02:04 ET,2026-07-10T09:00:00 ET,2026-07-10,Fri,0902ET,2026-07-10,29831.25,707.585,29847.5,NEAR_FLIP,EXPANSION,,24.183127962085305,,23.94,25.04,29.77,23.54,29384.99,697.0,-446.2599999999984,-1.4959480410643147,-11921060.77,14745399.129999999,50554015.18,5470100.52,-20520018.009999998,-525.589649,28415.71,1630,157,1473,35.186006134969325,,
2026-07-10T09:02:04 ET,2026-07-10T09:00:00 ET,2026-07-10,Fri,0902ET,2026-07-13,29831.25,707.585,29847.5,NEAR_FLIP,EXPANSION,,24.183127962085305,,23.94,25.04,29.77,23.54,29422.37,698.0,-408.880000000001,-1.3706432013408794,-2093910.4899999998,2194407.61,11477236.48,282589.1,-5278001.569999999,-125.23785699999999,7603.14,261,6,255,25.38,,
2026-07-10T09:02:04 ET,2026-07-10T09:00:00 ET,2026-07-10,Fri,0902ET,2026-07-14,29831.25,707.585,29847.5,NEAR_FLIP,EXPANSION,,24.183127962085305,,23.94,25.04,29.77,23.54,29423.2,698.0,-408.0499999999993,-1.3678608841399513,-2106566.1999999997,2199279.94,11079756.84,229170.49,-6307245.92,-134.790507,9494.300000000001,290,6,284,26.36427586206897,,
2026-07-10T09:02:04 ET,2026-07-10T09:00:00 ET,2026-07-10,Fri,0902ET,2026-07-10,29831.25,707.585,29847.5,NEAR_FLIP,EXPANSION,,24.183127962085305,,23.94,25.04,29.77,23.54,29427.15,698.0,-404.09999999999854,-1.35461973601508,-11019412.799999999,17058237.08,41487988.410000004,5708432.24,-15468403.86,-401.864328,33273.26,1843,325,1518,35.61709712425393,,
2026-07-10T09:02:04 ET,2026-07-10T09:00:00 ET,2026-07-10,Fri,0902ET,2026-07-13,29831.25,707.585,29847.5,NEAR_FLIP,EXPANSION,,24.183127962085305,,23.94,25.04,29.77,23.54,29464.52,699.0,-366.72999999999956,-1.229348418185626,-1504575.2999999998,3174061.58,7352692.34,363287.32,-1639982.58,-39.725939999999994,10998.19,369,97,272,25.360569105691056,,
2026-07-10T09:02:04 ET,2026-07-10T09:00:00 ET,2026-07-10,Fri,0902ET,2026-07-14,29831.25,707.585,29847.5,NEAR_FLIP,EXPANSION,,24.183127962085305,,23.94,25.04,29.77,23.54,29465.36,699.0,-365.8899999999994,-1.2265325790907167,-865438.16,960338.2999999999,4043759.35,88495.78,-2621084.92,-56.545733000000006,4170.81,125,6,119,26.52768,,
2026-07-10T09:02:04 ET,2026-07-10T09:00:00 ET,2026-07-10,Fri,0902ET,2026-07-10,29831.25,707.585,29847.5,NEAR_FLIP,EXPANSION,,24.183127962085305,,23.94,25.04,29.77,23.54,29469.31,699.0,-361.9399999999987,-1.2132914309658451,-9223791.149999999,14084281.59,32506754.84,4204808.18,-13681389.729999999,-384.254925,26682.64,1447,254,1193,34.59447131997236,,
2026-07-10T09:02:04 ET,2026-07-10T09:00:00 ET,2026-07-10,Fri,0902ET,2026-07-13,29831.25,707.585,29847.5,NEAR_FLIP,EXPANSION,,24.183127962085305,,23.94,25.04,29.77,23.54,29506.68,700.0,-324.5699999999997,-1.0880201131363911,-16024444.88,18407093.080000002,71312792.96000001,1840566.49,-40222762.56999999,-1015.172223,62604.89,2063,135,1928,24.91439650993698,,
2026-07-10T09:02:04 ET,2026-07-10T09:00:00 ET,2026-07-10,Fri,0902ET,2026-07-14,29831.25,707.585,29847.5,NEAR_FLIP,EXPANSION,,24.183127962085305,,23.94,25.04,29.77,23.54,29507.51,700.0,-323.7400000000016,-1.0852377959354758,-18772653.52,20647505.2,79324300.39,1657702.58,-57732201.269999996,-1288.0787559999999,88110.98,2604,116,2488,26.07703533026114,,
2026-07-10T09:02:04 ET,2026-07-10T09:00:00 ET,2026-07-10,Fri,0902ET,2026-07-10,29831.25,707.585,29847.5,NEAR_FLIP,EXPANSION,,24.183127962085305,,23.94,25.04,29.77,23.54,29511.47,700.0,-319.77999999999884,-1.0719631259166105,-177954115.52,217447942.72,558233251.87,57018330.65,-356536917.79,-10267.789216,406865.21,21540,2010,19530,34.17197771587744,,
2026-07-10T09:02:04 ET,2026-07-10T09:00:00 ET,2026-07-10,Fri,0902ET,2026-07-13,29831.25,707.585,29847.5,NEAR_FLIP,EXPANSION,,24.183127962085305,,23.94,25.04,29.77,23.54,29548.83,701.0,-282.41999999999825,-0.9467253299811381,-1267828.9599999997,3651736.5999999996,4628738.0,312310.41,-1116186.4899999993,-25.4315,12679.25,409,132,277,25.409902200488997,,
2026-07-10T09:02:04 ET,2026-07-10T09:00:00 ET,2026-07-10,Fri,0902ET,2026-07-14,29831.25,707.585,29847.5,NEAR_FLIP,EXPANSION,,24.183127962085305,,23.94,25.04,29.77,23.54,29549.66,701.0,-281.59000000000015,-0.9439430127802226,-616322.1900000001,847144.11,2291816.2,57987.369999999995,-1749717.0699999998,-39.93941,3566.69,104,14,90,25.72596153846154,,
2026-07-10T09:02:04 ET,2026-07-10T09:00:00 ET,2026-07-10,Fri,0902ET,2026-07-10,29831.25,707.585,29847.5,NEAR_FLIP,EXPANSION,,24.183127962085305,,23.94,25.04,29.77,23.54,29553.63,701.0,-277.619999999999,-0.9306348208673756,-7609501.02,13462903.64,21123119.729999997,3040399.62,-11373971.680000002,-349.75289000000004,25137.48,1300,291,1009,34.102338461538466,,
2026-07-10T09:02:04 ET,2026-07-10T09:00:00 ET,2026-07-10,Fri,0902ET,2026-07-13,29831.25,707.585,29847.5,NEAR_FLIP,EXPANSION,,24.183127962085305,,23.94,25.04,29.77,23.54,29590.98,702.0,-240.27000000000044,-0.8054305468258971,-444324.25,5146385.59,1528077.1800000006,366995.61,3285850.8600000003,82.56563700000001,17410.02,554,255,299,24.74586642599278,,
2026-07-10T09:02:04 ET,2026-07-10T09:00:00 ET,2026-07-10,Fri,0902ET,2026-07-14,29831.25,707.585,29847.5,NEAR_FLIP,EXPANSION,,24.183127962085305,,23.94,25.04,29.77,23.54,29591.82,702.0,-239.4300000000003,-0.8026147077309878,-1626568.0699999998,1794453.23,5197428.63,101271.83,-5263894.21,-122.569719,7540.81,217,10,207,25.692811059907836,,
2026-07-10T09:02:04 ET,2026-07-10T09:00:00 ET,2026-07-10,Fri,0902ET,2026-07-10,29831.25,707.585,29847.5,NEAR_FLIP,EXPANSION,,24.183127962085305,,23.94,25.04,29.77,23.54,29595.79,702.0,-235.45999999999913,-0.7893065158181408,-11200283.5,32633216.9,25480640.15,6170563.95,-8811858.850000001,-278.2184619999998,62303.89,3149,1044,2105,34.85913623372499,,
2026-07-10T09:02:04 ET,2026-07-10T09:00:00 ET,2026-07-10,Fri,0902ET,2026-07-13,29831.25,707.585,29847.5,NEAR_FLIP,EXPANSION,,24.183127962085305,,23.94,25.04,29.77,23.54,29633.13,703.0,-198.11999999999898,-0.664135763670644,-1174209.25,5532157.03,3269806.9899999993,314471.9,62638.32999999821,-1.3202150000000188,18646.370000000003,585,232,353,24.66948717948718,,
2026-07-10T09:02:04 ET,2026-07-10T09:00:00 ET,2026-07-10,Fri,0902ET,2026-07-14,29831.25,707.585,29847.5,NEAR_FLIP,EXPANSION,,24.183127962085305,,23.94,25.04,29.77,23.54,29633.97,703.0,-197.27999999999884,-0.6613199245757346,-680713.4100000001,1926371.29,1711132.9699999997,85929.48,-1426447.6600000001,-31.421357999999998,8082.91,230,73,157,25.624347826086957,,
2026-07-10T09:02:04 ET,2026-07-10T09:00:00 ET,2026-07-10,Fri,0902ET,2026-07-10,29831.25,707.585,29847.5,NEAR_FLIP,EXPANSION,,24.183127962085305,,23.94,25.04,29.77,23.54,29637.95,703.0,-193.29999999999927,-0.6479782107689059,-15222744.21,26085090.57,29819736.52,3988346.73,-29221130.080000002,-941.175909,48149.34,2399,520,1879,33.722330137557314,,
2026-07-10T09:02:04 ET,2026-07-10T09:00:00 ET,2026-07-10,Fri,0902ET,2026-07-13,29831.25,707.585,29847.5,NEAR_FLIP,EXPANSION,,24.183127962085305,,23.94,25.04,29.77,23.54,29675.29,704.0,-155.95999999999913,-0.5228074586214092,-3076932.99,3573294.21,6934665.91,151581.93,-8861878.399999999,-245.228714,11797.51,366,26,340,24.222677595628415,,
2026-07-10T09:02:04 ET,2026-07-10T09:00:00 ET,2026-07-10,Fri,0902ET,2026-07-14,29831.25,707.585,29847.5,NEAR_FLIP,EXPANSION,,24.183127962085305,,23.94,25.04,29.77,23.54,29676.12,704.0,-155.13000000000102,-0.5200251414204936,-25689619.26,27091795.2,55181447.529999994,885249.87,-88257571.73,-2139.41201,111782.45999999999,3152,81,3071,25.250748730964467,,
2026-07-10T09:02:04 ET,2026-07-10T09:00:00 ET,2026-07-10,Fri,0902ET,2026-07-10,29831.25,707.585,29847.5,NEAR_FLIP,EXPANSION,,24.183127962085305,,23.94,25.04,29.77,23.54,29680.11,704.0,-151.13999999999942,-0.5066499057196712,-4826533.630000001,9573028.77,7509178.72,1114160.9100000001,-9282166.149999999,-311.00637500000005,17612.74,865,224,641,33.62050867052023,,
2026-07-10T09:02:04 ET,2026-07-10T09:00:00 ET,2026-07-10,Fri,0902ET,2026-07-13,29831.25,707.585,29847.5,NEAR_FLIP,EXPANSION,,24.183127962085305,,23.94,25.04,29.77,23.54,29717.44,705.0,-113.81000000000131,-0.38151267546616824,-34407540.58,39052941.78,57763430.7,1095252.15,-103771320.92,-2909.722968,128381.01,3944,240,3704,24.126774847870188,,
2026-07-10T09:02:04 ET,2026-07-10T09:00:00 ET,2026-07-10,Fri,0902ET,2026-07-14,29831.25,707.585,29847.5,NEAR_FLIP,EXPANSION,,24.183127962085305,,23.94,25.04,29.77,23.54,29718.28,705.0,-112.97000000000116,-0.37869683637125884,-22578609.36,26417090.68,36146186.83,550055.61,-78483624.22,-1928.703393,108293.62999999999,3030,219,2811,25.08687128712871,,
2026-07-10T09:02:04 ET,2026-07-10T09:00:00 ET,2026-07-10,Fri,0902ET,2026-07-10,29831.25,707.585,29847.5,NEAR_FLIP,EXPANSION,,24.183127962085305,,23.94,25.04,29.77,23.54,29722.27,705.0,-108.97999999999956,-0.3653216006704364,-27957729.549999997,68050231.77,32285772.06,5436153.67,-52982566.70999999,-1876.1355529999996,124684.01000000001,6055,1871,4184,33.49070189925681,,
2026-07-10T09:02:04 ET,2026-07-10T09:00:00 ET,2026-07-10,Fri,0902ET,2026-07-13,29831.25,707.585,29847.5,NEAR_FLIP,EXPANSION,,24.183127962085305,,23.94,25.04,29.77,23.54,29759.59,706.0,-71.65999999999985,-0.2402178923109151,-3792689.5300000003,6161420.55,4014507.56,83414.45000000001,-11635650.3,-320.861604,20664.64,630,121,509,24.6015873015873,,
2026-07-10T09:02:04 ET,2026-07-10T09:00:00 ET,2026-07-10,Fri,0902ET,2026-07-14,29831.25,707.585,29847.5,NEAR_FLIP,EXPANSION,,24.183127962085305,,23.94,25.04,29.77,23.54,29760.43,706.0,-70.81999999999971,-0.23740205321600574,144681.21999999997,3751786.34,-196271.57999999984,34120.79,1924154.9500000002,48.350340999999986,15243.91,424,220,204,24.79547169811321,,
2026-07-10T09:02:04 ET,2026-07-10T09:00:00 ET,2026-07-10,Fri,0902ET,2026-07-10,29831.25,707.585,29847.5,NEAR_FLIP,EXPANSION,,24.183127962085305,,23.94,25.04,29.77,23.54,29764.43,706.0,-66.81999999999971,-0.22399329562120163,1937284.2999999989,23229946.939999998,-1074203.71,993843.7,13541448.030000001,395.4902609999999,44299.28,2133,1165,968,34.80493670886076,,
2026-07-10T09:02:04 ET,2026-07-10T09:00:00 ET,2026-07-10,Fri,0902ET,2026-07-13,29831.25,707.585,29847.5,NEAR_FLIP,EXPANSION,,24.183127962085305,,23.94,25.04,29.77,23.54,29801.74,707.0,-29.5099999999984,-0.09892310915566192,-599307.8300000001,3739470.49,347917.26,-2253.6800000000003,-1136491.58,-38.824596000000014,12226.02,371,159,212,23.95714285714286,,
2026-07-10T09:02:04 ET,2026-07-10T09:00:00 ET,2026-07-10,Fri,0902ET,2026-07-14,29831.25,707.585,29847.5,NEAR_FLIP,EXPANSION,,24.183127962085305,,23.94,25.04,29.77,23.54,29802.59,707.0,-28.659999999999854,-0.09607374816677093,737074.23,4871159.1899999995,-389480.68999999994,-13396.59,4040358.9000000004,100.57129999999998,19639.47,544,314,230,24.591139705882355,,
2026-07-10T09:02:04 ET,2026-07-10T09:00:00 ET,2026-07-10,Fri,0902ET,2026-07-10,29831.25,707.585,29847.5,NEAR_FLIP,EXPANSION,,24.183127962085305,,23.94,25.04,29.77,23.54,29806.59,707.0,-24.659999999999854,-0.08266499057196683,-26402420.08,37149459.78,6685382.07,265004.02,-72679429.18,-2471.6356880000003,66462.89,3186,495,2691,32.71725988700565,,
2026-07-10T09:02:04 ET,2026-07-10T09:00:00 ET,2026-07-10,Fri,0902ET,2026-07-13,29831.25,707.585,29847.5,NEAR_FLIP,EXPANSION,,24.183127962085305,,23.94,25.04,29.77,23.54,29843.9,708.0,12.650000000001455,0.04240519589357287,-903515.1000000001,4225117.9,-62337.229999999996,-63541.46000000001,-2946054.4699999997,-83.46079599999999,13940.310000000001,422,166,256,24.183127962085305,,
2026-07-10T09:02:04 ET,2026-07-10T09:00:00 ET,2026-07-10,Fri,0902ET,2026-07-14,29831.25,707.585,29847.5,NEAR_FLIP,EXPANSION,,24.183127962085305,,23.94,25.04,29.77,23.54,29844.74,708.0,13.4900000000016,0.04522103498848221,-1525479.6400000001,3207849.8400000003,-83409.95000000001,-46994.96,-5604040.38,-146.36832199999998,12916.880000000001,357,96,261,24.639411764705883,,
2026-07-10T09:02:04 ET,2026-07-10T09:00:00 ET,2026-07-10,Fri,0902ET,2026-07-10,29831.25,707.585,29847.5,NEAR_FLIP,EXPANSION,,24.183127962085305,,23.94,25.04,29.77,23.54,29848.75,708.0,17.5,0.05866331447726797,695694.3500000015,38478717.71,141316.22999999998,-1172655.4300000002,2890034.9399999976,69.12314400000014,74094.44,3546,1814,1732,35.15300620417372,,
2026-07-10T09:02:04 ET,2026-07-10T09:00:00 ET,2026-07-10,Fri,0902ET,2026-07-13,29831.25,707.585,29847.5,NEAR_FLIP,EXPANSION,,24.183127962085305,,23.94,25.04,29.77,23.54,29886.05,709.0,54.79999999999927,0.18369997904881383,-227588.1299999999,5767513.41,-146657.96999999997,-169841.33000000002,-1008578.2200000007,-36.12026500000002,19190.84,581,283,298,24.379191049913945,,
2026-07-10T09:02:04 ET,2026-07-10T09:00:00 ET,2026-07-10,Fri,0902ET,2026-07-14,29831.25,707.585,29847.5,NEAR_FLIP,EXPANSION,,24.183127962085305,,23.94,25.04,29.77,23.54,29886.89,709.0,55.63999999999942,0.18651581814372317,1399128.65,5025320.85,892090.78,-133256.56,5382146.91,131.69352,20229.58,559,360,199,24.553881932021465,,
2026-07-10T09:02:04 ET,2026-07-10T09:00:00 ET,2026-07-10,Fri,0902ET,2026-07-10,29831.25,707.585,29847.5,NEAR_FLIP,EXPANSION,,24.183127962085305,,23.94,25.04,29.77,23.54,29890.91,709.0,59.659999999999854,0.19999161952650277,-10966762.32,42425467.86,-6208928.010000002,-2827591.35,-43072542.400000006,-1283.693495,80409.6,3854,1404,2450,34.620202387130256,,
2026-07-10T09:02:04 ET,2026-07-10T09:00:00 ET,2026-07-10,Fri,0902ET,2026-07-13,29831.25,707.585,29847.5,NEAR_FLIP,EXPANSION,,24.183127962085305,,23.94,25.04,29.77,23.54,29928.2,710.0,96.95000000000073,0.324994762204067,-6068211.760000002,27218917.34,-7226960.539999999,-1186714.79,-27357513.479999997,-780.744067,89110.72,2705,1053,1652,24.011608133086877,,
2026-07-10T09:02:04 ET,2026-07-10T09:00:00 ET,2026-07-10,Fri,0902ET,2026-07-14,29831.25,707.585,29847.5,NEAR_FLIP,EXPANSION,,24.183127962085305,,23.94,25.04,29.77,23.54,29929.05,710.0,97.79999999999927,0.32784412319295797,-2580870.0800000005,7157426.720000001,-3097146.0600000005,-273529.32,-11299332.969999999,-296.028822,28500.16,789,256,533,24.374093789607098,,
2026-07-10T09:02:04 ET,2026-07-10T09:00:00 ET,2026-07-10,Fri,0902ET,2026-07-10,29831.25,707.585,29847.5,NEAR_FLIP,EXPANSION,,24.183127962085305,,23.94,25.04,29.77,23.54,29933.06,710.0,101.81000000000131,0.3412864026817559,-21385914.130000003,131561817.11000001,-19663206.629999995,-13550809.95,-111488085.82,-3294.341285999999,249256.19999999998,12001,4954,7047,34.609585034580455,,
2026-07-10T09:02:04 ET,2026-07-10T09:00:00 ET,2026-07-10,Fri,0902ET,2026-07-13,29831.25,707.585,29847.5,NEAR_FLIP,EXPANSION,,24.183127962085305,,23.94,25.04,29.77,23.54,29970.35,711.0,139.09999999999854,0.4662895453593079,-923112.9199999999,20352186.740000002,-1488491.1099999994,-1178031.6099999999,-10379738.96,-303.49677499999996,66595.4,2032,975,1057,23.989999999999995,,
2026-07-10T09:02:04 ET,2026-07-10T09:00:00 ET,2026-07-10,Fri,0902ET,2026-07-14,29831.25,707.585,29847.5,NEAR_FLIP,EXPANSION,,24.183127962085305,,23.94,25.04,29.77,23.54,29971.2,711.0,139.95000000000073,0.4691389063482111,1680222.1400000001,6359958.02,2961378.56,-319107.29,4771714.32,112.06433100000001,25513.1,709,453,256,24.483906911142455,,
2026-07-10T09:02:04 ET,2026-07-10T09:00:00 ET,2026-07-10,Fri,0902ET,2026-07-10,29831.25,707.585,29847.5,NEAR_FLIP,EXPANSION,,24.183127962085305,,23.94,25.04,29.77,23.54,29975.22,711.0,143.97000000000116,0.4826147077309907,1661877.63,12070136.489999998,2350598.41,-1683772.01,336082.58000000194,9.509690999999975,23115.26,1121,638,483,34.96446922390722,,
2026-07-10T09:02:04 ET,2026-07-10T09:00:00 ET,2026-07-10,Fri,0902ET,2026-07-13,29831.25,707.585,29847.5,NEAR_FLIP,EXPANSION,,24.183127962085305,,23.94,25.04,29.77,23.54,30012.51,712.0,181.2599999999984,0.6076178504085427,-6059415.58,9180177.66,-14415222.840000002,-659774.16,-26029646.74,-738.3283869999999,29853.71,918,158,760,23.928932461873636,,
2026-07-10T09:02:04 ET,2026-07-10T09:00:00 ET,2026-07-10,Fri,0902ET,2026-07-14,29831.25,707.585,29847.5,NEAR_FLIP,EXPANSION,,24.183127962085305,,23.94,25.04,29.77,23.54,30013.35,712.0,182.09999999999854,0.6104336895034521,2555624.46,6844236.28,6152343.410000001,-423472.80999999994,6770206.879999999,169.57646799999998,27033.89,756,521,235,24.099999999999998,,
2026-07-10T09:02:04 ET,2026-07-10T09:00:00 ET,2026-07-10,Fri,0902ET,2026-07-10,29831.25,707.585,29847.5,NEAR_FLIP,EXPANSION,,24.183127962085305,,23.94,25.04,29.77,23.54,30017.38,712.0,186.13000000000102,0.6239430127802255,6965286.71,21213863.13,13813255.820000002,-3713275.58,8610617.650000002,315.9032430000001,39187.19,1924,1256,668,33.737027027027025,,
2026-07-10T09:02:04 ET,2026-07-10T09:00:00 ET,2026-07-10,Fri,0902ET,2026-07-13,29831.25,707.585,29847.5,NEAR_FLIP,EXPANSION,,24.183127962085305,,23.94,25.04,29.77,23.54,30054.66,713.0,223.40999999999985,0.7489126335637959,-2633196.84,5415321.72,-7672383.76,-465521.54,-12991593.91,-363.771044,17436.47,542,138,404,23.68232472324723,,
2026-07-10T09:02:04 ET,2026-07-10T09:00:00 ET,2026-07-10,Fri,0902ET,2026-07-14,29831.25,707.585,29847.5,NEAR_FLIP,EXPANSION,,24.183127962085305,,23.94,25.04,29.77,23.54,30055.51,713.0,224.2599999999984,0.7517619945526868,1056265.58,3001329.34,3035213.4899999998,-221414.39,2524728.8500000006,58.008652,12032.94,339,232,107,24.468525073746314,,
2026-07-10T09:02:04 ET,2026-07-10T09:00:00 ET,2026-07-10,Fri,0902ET,2026-07-10,29831.25,707.585,29847.5,NEAR_FLIP,EXPANSION,,24.183127962085305,,23.94,25.04,29.77,23.54,30059.54,713.0,228.29000000000087,0.7652713178294603,-15377991.93,31372704.85,-33013517.43,-6631558.83,-74885542.52000001,-2212.4973739999996,59711.979999999996,2966,745,2221,34.796449763991916,,
2026-07-10T09:02:04 ET,2026-07-10T09:00:00 ET,2026-07-10,Fri,0902ET,2026-07-13,29831.25,707.585,29847.5,NEAR_FLIP,EXPANSION,,24.183127962085305,,23.94,25.04,29.77,23.54,30096.81,714.0,265.5600000000013,0.890207416719049,2983415.2800000003,7029804.88,10733437.540000001,-707276.49,5352273.039999999,142.335844,22910.379999999997,721,516,205,23.853037447988907,,
2026-07-10T09:02:04 ET,2026-07-10T09:00:00 ET,2026-07-10,Fri,0902ET,2026-07-14,29831.25,707.585,29847.5,NEAR_FLIP,EXPANSION,,24.183127962085305,,23.94,25.04,29.77,23.54,30097.66,714.0,266.40999999999985,0.8930567777079399,2277034.0900000003,6287782.890000001,8015430.380000001,-537068.06,4467032.1,104.44399200000001,24900.03,709,487,222,24.1772778561354,,
2026-07-10T09:02:04 ET,2026-07-10T09:00:00 ET,2026-07-10,Fri,0902ET,2026-07-10,29831.25,707.585,29847.5,NEAR_FLIP,EXPANSION,,24.183127962085305,,23.94,25.04,29.77,23.54,30101.7,714.0,270.4500000000007,0.9065996228786951,-1440113.2999999989,21630472.08,-2783000.289999999,-5347480.02,-24746809.07,-704.3237529999999,40837.64,2064,950,1114,34.501482558139536,,
2026-07-10T09:02:04 ET,2026-07-10T09:00:00 ET,2026-07-10,Fri,0902ET,2026-07-13,29831.25,707.585,29847.5,NEAR_FLIP,EXPANSION,,24.183127962085305,,23.94,25.04,29.77,23.54,30138.96,715.0,307.7099999999991,1.03150219987429,-2032058.2000000002,10527487.379999999,-7860291.830000002,-1201907.74,-17565257.12,-482.09077099999996,33677.36,1078,434,644,23.518831168831166,,
2026-07-10T09:02:04 ET,2026-07-10T09:00:00 ET,2026-07-10,Fri,0902ET,2026-07-14,29831.25,707.585,29847.5,NEAR_FLIP,EXPANSION,,24.183127962085305,,23.94,25.04,29.77,23.54,30139.81,715.0,308.5600000000013,1.0343515608631932,-2022282.1700000004,7400745.710000001,-8193475.470000001,-715054.47,-14718597.45,-375.96057399999995,28837.010000000002,832,306,526,23.8978125,,
2026-07-10T09:02:04 ET,2026-07-10T09:00:00 ET,2026-07-10,Fri,0902ET,2026-07-10,29831.25,707.585,29847.5,NEAR_FLIP,EXPANSION,,24.183127962085305,,23.94,25.04,29.77,23.54,30143.86,715.0,312.6100000000006,1.0479279279279299,-7727213.530000001,107273283.19,-17114483.97,-30347681.59,-142569845.43,-3994.464921,202303.34,10429,4768,5661,34.464801035573885,,
2026-07-10T09:02:04 ET,2026-07-10T09:00:00 ET,2026-07-10,Fri,0902ET,2026-07-13,29831.25,707.585,29847.5,NEAR_FLIP,EXPANSION,,24.183127962085305,,23.94,25.04,29.77,23.54,30181.11,716.0,349.8600000000006,1.172796983029543,-568373.32,2352367.96,-2514587.55,-301222.27,-4762737.38,-128.540828,7477.99,244,92,152,23.394918032786887,,
2026-07-10T09:02:04 ET,2026-07-10T09:00:00 ET,2026-07-10,Fri,0902ET,2026-07-14,29831.25,707.585,29847.5,NEAR_FLIP,EXPANSION,,24.183127962085305,,23.94,25.04,29.77,23.54,30181.97,716.0,350.72000000000116,1.175679865912428,43893.92000000004,1638960.8399999999,239436.56000000006,-177700.38,-1537223.15,-39.765874000000004,6387.08,187,97,90,23.863368983957223,,
2026-07-10T09:02:04 ET,2026-07-10T09:00:00 ET,2026-07-10,Fri,0902ET,2026-07-10,29831.25,707.585,29847.5,NEAR_FLIP,EXPANSION,,24.183127962085305,,23.94,25.04,29.77,23.54,30186.02,716.0,354.77000000000044,1.1892562329771645,4454455.11,14308877.190000001,16415764.379999999,-4556294.66,-2328005.8000000007,-46.91261900000006,26717.75,1412,916,496,34.106912181303116,,
2026-07-10T09:02:04 ET,2026-07-10T09:00:00 ET,2026-07-10,Fri,0902ET,2026-07-13,29831.25,707.585,29847.5,NEAR_FLIP,EXPANSION,,24.183127962085305,,23.94,25.04,29.77,23.54,30223.27,717.0,392.02000000000044,1.314125288078778,1996574.4500000002,4318760.87,11012498.030000001,-616199.3099999999,2032411.7999999998,52.57567599999999,13806.869999999999,460,337,123,23.4115,,
2026-07-10T09:02:04 ET,2026-07-10T09:00:00 ET,2026-07-10,Fri,0902ET,2026-07-14,29831.25,707.585,29847.5,NEAR_FLIP,EXPANSION,,24.183127962085305,,23.94,25.04,29.77,23.54,30224.12,717.0,392.869999999999,1.316974649067669,-1056067.68,2390003.7,-5486500.040000001,-285595.83,-7238946.34,-179.097121,9191.34,274,77,197,23.64941605839416,,
2026-07-10T09:02:04 ET,2026-07-10T09:00:00 ET,2026-07-10,Fri,0902ET,2026-07-10,29831.25,707.585,29847.5,NEAR_FLIP,EXPANSION,,24.183127962085305,,23.94,25.04,29.77,23.54,30228.18,717.0,396.9300000000003,1.3305845380263994,1394577.17,23480621.130000003,8821427.270000003,-8297862.85,-29492408.32,-769.830616,43403.39,2361,1221,1140,33.80194409148666,,
2026-07-10T09:02:04 ET,2026-07-10T09:00:00 ET,2026-07-10,Fri,0902ET,2026-07-10,29831.25,707.585,29847.5,NEAR_FLIP,EXPANSION,,24.183127962085305,,23.94,25.04,29.77,23.54,30249.26,717.5,418.0099999999984,1.4012486905510106,-558509.7800000003,5709683.54,-1367946.5999999996,-2118197.4,-10925323.8,-287.186907,10593.59,584,256,328,33.945205479452056,,
2026-07-10T09:02:04 ET,2026-07-10T09:00:00 ET,2026-07-10,Fri,0902ET,2026-07-13,29831.25,707.585,29847.5,NEAR_FLIP,EXPANSION,,24.183127962085305,,23.94,25.04,29.77,23.54,30265.42,718.0,434.16999999999825,1.4554200712340188,797484.81,3331628.41,4959511.09,-521003.95999999996,-1695844.88,-45.851449,10645.73,363,226,137,23.45151515151515,,
2026-07-10T09:02:04 ET,2026-07-10T09:00:00 ET,2026-07-10,Fri,0902ET,2026-07-14,29831.25,707.585,29847.5,NEAR_FLIP,EXPANSION,,24.183127962085305,,23.94,25.04,29.77,23.54,30266.28,718.0,435.02999999999884,1.4583029541169037,54151.19000000006,1793883.65,478953.2700000005,-235704.78,-2291563.32,-56.090275,6868.22,209,108,101,23.469808612440193,,
2026-07-10T09:02:04 ET,2026-07-10T09:00:00 ET,2026-07-10,Fri,0902ET,2026-07-10,29831.25,707.585,29847.5,NEAR_FLIP,EXPANSION,,24.183127962085305,,23.94,25.04,29.77,23.54,30270.34,718.0,439.09000000000015,1.471912843075634,7839003.290000001,22117333.33,37066819.32,-8593744.55,-7558892.870000001,-164.80353000000002,40576.04,2280,1522,758,33.52121929824562,,
2026-07-10T09:02:04 ET,2026-07-10T09:00:00 ET,2026-07-10,Fri,0902ET,2026-07-13,29831.25,707.585,29847.5,NEAR_FLIP,EXPANSION,,24.183127962085305,,23.94,25.04,29.77,23.54,30307.57,719.0,476.3199999999997,1.596714854389272,-5480962.36,8362049.64,-35027112.92,-1412417.6300000001,-35213376.81,-896.961653,26354.68,924,158,766,23.31952380952381,,
2026-07-10T09:02:04 ET,2026-07-10T09:00:00 ET,2026-07-10,Fri,0902ET,2026-07-14,29831.25,707.585,29847.5,NEAR_FLIP,EXPANSION,,24.183127962085305,,23.94,25.04,29.77,23.54,30308.43,719.0,477.1800000000003,1.5995977372721566,1237945.25,2303996.93,8202304.1,-330726.75,1661914.7800000003,37.717899,8885.03,276,213,63,23.544565217391302,,
2026-07-10T09:02:04 ET,2026-07-10T09:00:00 ET,2026-07-10,Fri,0902ET,2026-07-10,29831.25,707.585,29847.5,NEAR_FLIP,EXPANSION,,24.183127962085305,,23.94,25.04,29.77,23.54,30312.5,719.0,481.25,1.613241148124869,-2580143.969999999,34874950.19,-7151143.760000005,-14780181.51,-72941374.27,-1852.6977660000002,65328.35,3763,1712,2051,34.24643901142706,,
2026-07-10T09:02:04 ET,2026-07-10T09:00:00 ET,2026-07-10,Fri,0902ET,2026-07-13,29831.25,707.585,29847.5,NEAR_FLIP,EXPANSION,,24.183127962085305,,23.94,25.04,29.77,23.54,30349.72,720.0,518.4700000000012,1.7380096375445253,-1351192.87,11958998.07,-7632359.210000001,-2191637.67,-27368571.5,-679.0128179999999,37458.04,1357,601,756,23.088975681650698,,
2026-07-10T09:02:04 ET,2026-07-10T09:00:00 ET,2026-07-10,Fri,0902ET,2026-07-14,29831.25,707.585,29847.5,NEAR_FLIP,EXPANSION,,24.183127962085305,,23.94,25.04,29.77,23.54,30350.58,720.0,519.3300000000017,1.74089252042741,-1567895.2600000002,6773689.859999999,-10344220.45,-1042351.9000000001,-18585702.87,-435.84727799999996,25686.559999999998,819,316,503,23.334090354090353,,
2026-07-10T09:02:04 ET,2026-07-10T09:00:00 ET,2026-07-10,Fri,0902ET,2026-07-10,29831.25,707.585,29847.5,NEAR_FLIP,EXPANSION,,24.183127962085305,,23.94,25.04,29.77,23.54,30354.66,720.0,523.4099999999999,1.7545694531741036,-15240846.629999995,133984860.91,-55103938.25,-61443563.84,-330005822.47,-8131.472608,250924.74,14970,6517,8453,34.23919772879091,,
2026-07-10T09:02:04 ET,2026-07-10T09:00:00 ET,2026-07-10,Fri,0902ET,2026-07-13,29831.25,707.585,29847.5,NEAR_FLIP,EXPANSION,,24.183127962085305,,23.94,25.04,29.77,23.54,30391.88,721.0,560.630000000001,1.87933794259376,993374.4999999998,4328553.14,8602337.200000001,-854711.27,-4658391.68,-112.75833,13519.77,507,312,195,22.955384615384617,,
2026-07-10T09:02:04 ET,2026-07-10T09:00:00 ET,2026-07-10,Fri,0902ET,2026-07-14,29831.25,707.585,29847.5,NEAR_FLIP,EXPANSION,,24.183127962085305,,23.94,25.04,29.77,23.54,30392.74,721.0,561.4900000000016,1.8822208254766448,16909.980000000214,2157121.74,382217.4799999995,-357224.18,-4069427.6799999997,-93.95021499999999,8188.56,268,136,132,23.31328358208955,,
2026-07-10T09:02:04 ET,2026-07-10T09:00:00 ET,2026-07-10,Fri,0902ET,2026-07-10,29831.25,707.585,29847.5,NEAR_FLIP,EXPANSION,,24.183127962085305,,23.94,25.04,29.77,23.54,30396.82,721.0,565.5699999999997,1.8958977582233385,2452820.79,10859091.43,15561214.180000003,-5354324.7700000005,-14251937.18,-333.660851,20101.52,1254,760,494,33.81969696969697,,
2026-07-10T09:02:04 ET,2026-07-10T09:00:00 ET,2026-07-10,Fri,0902ET,2026-07-13,29831.25,707.585,29847.5,NEAR_FLIP,EXPANSION,,24.183127962085305,,23.94,25.04,29.77,23.54,30434.03,722.0,602.7799999999988,2.020632725749001,-48118277.46,82753770.32,-389592283.57000005,-17338081.15,-390009431.09999996,-9121.439664000001,259068.62,10005,2106,7899,23.209493253373314,,
2026-07-10T09:02:04 ET,2026-07-10T09:00:00 ET,2026-07-10,Fri,0902ET,2026-07-14,29831.25,707.585,29847.5,NEAR_FLIP,EXPANSION,,24.183127962085305,,23.94,25.04,29.77,23.54,30434.89,722.0,603.6399999999994,2.023515608631886,988612.0200000001,2174632.2,8557245.629999999,-386448.89999999997,-147592.69999999972,-4.525017000000005,8237.029999999999,278,203,75,23.168237410071942,,
2026-07-10T09:02:04 ET,2026-07-10T09:00:00 ET,2026-07-10,Fri,0902ET,2026-07-10,29831.25,707.585,29847.5,NEAR_FLIP,EXPANSION,,24.183127962085305,,23.94,25.04,29.77,23.54,30438.98,722.0,607.7299999999996,2.0372260632725734,-697853.0700000003,19076997.09,86417.62999999523,-10065655.36,-49956788.650000006,-1143.4032809999999,35585.42,2304,1095,1209,34.083333333333336,,
2026-07-10T09:02:04 ET,2026-07-10T09:00:00 ET,2026-07-10,Fri,0902ET,2026-07-10,29831.25,707.585,29847.5,NEAR_FLIP,EXPANSION,,24.183127962085305,,23.94,25.04,29.77,23.54,30460.06,722.5,628.8100000000013,2.107890215797197,2487033.01,16087171.65,19633166.189999998,-8757528.879999999,-31094162.400000002,-693.294015,29601.739999999998,1978,1129,849,33.61766430738119,,
2026-07-10T09:02:04 ET,2026-07-10T09:00:00 ET,2026-07-10,Fri,0902ET,2026-07-13,29831.25,707.585,29847.5,NEAR_FLIP,EXPANSION,,24.183127962085305,,23.94,25.04,29.77,23.54,30476.18,723.0,644.9300000000003,2.1619275089042542,2241402.93,4498004.93,21315687.619999997,-1012869.1699999999,-1106112.1400000006,-26.35006100000001,13969.039999999999,566,425,141,22.784381625441693,,
2026-07-10T09:02:04 ET,2026-07-10T09:00:00 ET,2026-07-10,Fri,0902ET,2026-07-14,29831.25,707.585,29847.5,NEAR_FLIP,EXPANSION,,24.183127962085305,,23.94,25.04,29.77,23.54,30477.04,723.0,645.7900000000009,2.164810391787139,2101422.42,3655422.1799999997,19573019.63,-691784.7200000001,1191177.8900000006,24.02801000000001,13731.869999999999,480,379,101,22.956791666666668,,
2026-07-10T09:02:04 ET,2026-07-10T09:00:00 ET,2026-07-10,Fri,0902ET,2026-07-10,29831.25,707.585,29847.5,NEAR_FLIP,EXPANSION,,24.183127962085305,,23.94,25.04,29.77,23.54,30481.13,723.0,649.880000000001,2.1785208464278267,5069119.259999999,13958163.32,36815359.09,-7829361.43,-15934126.479999999,-343.53277799999995,25270.21,1750,1183,567,33.0616,,
2026-07-10T09:02:04 ET,2026-07-10T09:00:00 ET,2026-07-10,Fri,0902ET,2026-07-13,29831.25,707.585,29847.5,NEAR_FLIP,EXPANSION,,24.183127962085305,,23.94,25.04,29.77,23.54,30518.33,724.0,687.0800000000017,2.303222292059507,-1318022.9099999997,7190992.109999999,-11176447.64,-1705151.0699999998,-25289046.0,-551.8360729999999,22440.239999999998,939,387,552,23.078051118210862,,
2026-07-10T09:02:04 ET,2026-07-10T09:00:00 ET,2026-07-10,Fri,0902ET,2026-07-14,29831.25,707.585,29847.5,NEAR_FLIP,EXPANSION,,24.183127962085305,,23.94,25.04,29.77,23.54,30519.2,724.0,687.9500000000007,2.3061386968363737,-4873173.22,8104553.44,-45067994.01,-1603997.1099999999,-43816777.419999994,-924.41263,30299.93,1089,220,869,23.18717171717172,,
2026-07-10T09:02:04 ET,2026-07-10T09:00:00 ET,2026-07-10,Fri,0902ET,2026-07-10,29831.25,707.585,29847.5,NEAR_FLIP,EXPANSION,,24.183127962085305,,23.94,25.04,29.77,23.54,30523.29,724.0,692.0400000000009,2.319849151477061,12286380.33,27524587.310000002,90323988.05999999,-16386995.05,-25037438.359999996,-518.5929879999999,50318.51,3633,2616,1017,33.36501238645747,,
2026-07-10T09:02:04 ET,2026-07-10T09:00:00 ET,2026-07-10,Fri,0902ET,2026-07-13,29831.25,707.585,29847.5,NEAR_FLIP,EXPANSION,,24.183127962085305,,23.94,25.04,29.77,23.54,30560.49,725.0,729.2400000000016,2.444550597108742,842335.1600000001,9517540.24,12107594.079999998,-2388664.0700000003,-24145086.560000002,-506.77507099999997,29238.71,1295,709,586,22.658710424710424,,
2026-07-10T09:02:04 ET,2026-07-10T09:00:00 ET,2026-07-10,Fri,0902ET,2026-07-14,29831.25,707.585,29847.5,NEAR_FLIP,EXPANSION,,24.183127962085305,,23.94,25.04,29.77,23.54,30561.35,725.0,730.0999999999985,2.4474334799916146,-4772175.3100000005,10352107.35,-46261082.91,-2166141.84,-52168655.64,-1066.3828720000001,38569.05,1439,393,1046,23.088908964558723,,
2026-07-10T09:02:04 ET,2026-07-10T09:00:00 ET,2026-07-10,Fri,0902ET,2026-07-10,29831.25,707.585,29847.5,NEAR_FLIP,EXPANSION,,24.183127962085305,,23.94,25.04,29.77,23.54,30565.45,725.0,734.2000000000007,2.461177456526296,26795672.62,64849763.86,217074152.85,-40770258.53,-83170887.63,-1663.514797,117179.6,9027,6362,2665,32.963954802259885,,
2026-07-10T09:02:04 ET,2026-07-10T09:00:00 ET,2026-07-10,Fri,0902ET,2026-07-13,29831.25,707.585,29847.5,NEAR_FLIP,EXPANSION,,24.183127962085305,,23.94,25.04,29.77,23.54,30602.64,726.0,771.3899999999994,2.585845380263983,708750.69,2934408.59,8665454.38,-777097.95,-5889517.330000001,-119.019181,9045.6,419,262,157,22.704749403341292,,
2026-07-10T09:02:04 ET,2026-07-10T09:00:00 ET,2026-07-10,Fri,0902ET,2026-07-14,29831.25,707.585,29847.5,NEAR_FLIP,EXPANSION,,24.183127962085305,,23.94,25.04,29.77,23.54,30603.5,726.0,772.25,2.5887282631468675,1452924.26,4036299.9800000004,16573957.249999998,-898353.49,-4700135.97,-95.116239,15082.18,587,402,185,22.923458262350938,,
2026-07-10T09:02:04 ET,2026-07-10T09:00:00 ET,2026-07-10,Fri,0902ET,2026-07-10,29831.25,707.585,29847.5,NEAR_FLIP,EXPANSION,,24.183127962085305,,23.94,25.04,29.77,23.54,30607.61,726.0,776.3600000000006,2.602505761575531,-332194.1500000004,16289488.75,2734244.9099999964,-10826071.99,-59714279.85000001,-1143.131391,30423.78,2399,1174,1225,34.01316381825761,,
2026-07-10T09:02:04 ET,2026-07-10T09:00:00 ET,2026-07-10,Fri,0902ET,2026-07-13,29831.25,707.585,29847.5,NEAR_FLIP,EXPANSION,,24.183127962085305,,23.94,25.04,29.77,23.54,30644.79,727.0,813.5400000000009,2.7271401634192363,644652.98,1456727.12,8138203.260000001,-405752.49,-1782416.1900000002,-34.825187,4419.28,219,159,60,22.295205479452054,,
2026-07-10T09:02:04 ET,2026-07-10T09:00:00 ET,2026-07-10,Fri,0902ET,2026-07-14,29831.25,707.585,29847.5,NEAR_FLIP,EXPANSION,,24.183127962085305,,23.94,25.04,29.77,23.54,30645.66,727.0,814.4099999999999,2.7300565681961024,3657271.7,4289524.78,43320451.52,-1008482.7000000001,5245348.51,96.23398,15828.16,651,604,47,22.48909370199693,,
2026-07-10T09:02:04 ET,2026-07-10T09:00:00 ET,2026-07-10,Fri,0902ET,2026-07-10,29831.25,707.585,29847.5,NEAR_FLIP,EXPANSION,,24.183127962085305,,23.94,25.04,29.77,23.54,30649.77,727.0,818.5200000000004,2.743834066624766,9401805.71,17590754.77,82534459.54,-12236918.739999998,-18246174.67,-334.484972,31669.949999999997,2757,2120,637,32.795636561479874,,
2026-07-10T09:02:04 ET,2026-07-10T09:00:00 ET,2026-07-10,Fri,0902ET,2026-07-10,29831.25,707.585,29847.5,NEAR_FLIP,EXPANSION,,24.183127962085305,,23.94,25.04,29.77,23.54,30670.85,727.5,839.5999999999985,2.8144982191493773,1373650.8199999998,5498282.24,13573312.750000002,-3926496.63,-14876058.4,-263.70029,10070.7,888,558,330,33.30614864864865,,
2026-07-10T09:02:04 ET,2026-07-10T09:00:00 ET,2026-07-10,Fri,0902ET,2026-07-13,29831.25,707.585,29847.5,NEAR_FLIP,EXPANSION,,24.183127962085305,,23.94,25.04,29.77,23.54,30686.94,728.0,855.6899999999987,2.868434946574477,767376.1000000001,1849532.0,10103092.82,-539849.3500000001,-2877212.49,-53.396172,5645.780000000001,293,209,84,22.441023890784983,,
2026-07-10T09:02:04 ET,2026-07-10T09:00:00 ET,2026-07-10,Fri,0902ET,2026-07-14,29831.25,707.585,29847.5,NEAR_FLIP,EXPANSION,,24.183127962085305,,23.94,25.04,29.77,23.54,30687.81,728.0,856.5600000000013,2.8713513513513558,1616305.51,2249660.5300000003,20243968.25,-553273.84,904755.46,14.726083000000003,8302.31,356,307,49,22.536713483146066,,
2026-07-10T09:02:04 ET,2026-07-10T09:00:00 ET,2026-07-10,Fri,0902ET,2026-07-10,29831.25,707.585,29847.5,NEAR_FLIP,EXPANSION,,24.183127962085305,,23.94,25.04,29.77,23.54,30691.93,728.0,860.6800000000003,2.8851623716740002,-29046421.15,50221648.089999996,-226158425.89000005,-37023936.89,-379469834.82,-6506.978563000001,97082.79000000001,8297,1769,6528,34.980012052549114,,
2026-07-10T09:02:04 ET,2026-07-10T09:00:00 ET,2026-07-10,Fri,0902ET,2026-07-13,29831.25,707.585,29847.5,NEAR_FLIP,EXPANSION,,24.183127962085305,,23.94,25.04,29.77,23.54,30729.1,729.0,897.8499999999985,3.0097632516237116,1082305.13,2720339.75,15133337.639999999,-829895.8300000001,-5126464.029999999,-90.18171199999999,8270.880000000001,456,322,134,22.353815789473686,,
2026-07-10T09:02:04 ET,2026-07-10T09:00:00 ET,2026-07-10,Fri,0902ET,2026-07-14,29831.25,707.585,29847.5,NEAR_FLIP,EXPANSION,,24.183127962085305,,23.94,25.04,29.77,23.54,30729.96,729.0,898.7099999999991,3.0126461345065967,619203.03,1040358.8300000001,8291090.050000001,-266960.21,-463082.47,-8.886383999999996,3809.7400000000002,172,138,34,22.406162790697675,,
2026-07-10T09:02:04 ET,2026-07-10T09:00:00 ET,2026-07-10,Fri,0902ET,2026-07-10,29831.25,707.585,29847.5,NEAR_FLIP,EXPANSION,,24.183127962085305,,23.94,25.04,29.77,23.54,30734.09,729.0,902.8400000000001,3.0264906767232356,3254835.6399999997,10560823.04,33222737.720000003,-8078733.399999999,-29564053.65,-481.37104899999997,19372.53,1882,1243,639,33.28003719447396,,
2026-07-10T09:02:04 ET,2026-07-10T09:00:00 ET,2026-07-10,Fri,0902ET,2026-07-13,29831.25,707.585,29847.5,NEAR_FLIP,EXPANSION,,24.183127962085305,,23.94,25.04,29.77,23.54,30771.25,730.0,940.0,3.151058034778965,2838313.0999999996,8584418.94,42688787.0,-2730754.81,-21891537.61,-362.905783,26022.66,1527,1030,497,22.299862475442044,,
2026-07-10T09:02:04 ET,2026-07-10T09:00:00 ET,2026-07-10,Fri,0902ET,2026-07-14,29831.25,707.585,29847.5,NEAR_FLIP,EXPANSION,,24.183127962085305,,23.94,25.04,29.77,23.54,30772.12,730.0,940.869999999999,3.1539744395558316,-340025.1699999999,7177458.33,-1616028.3700000048,-1904510.66,-32019170.129999995,-538.1869989999999,26316.11,1232,597,635,22.661103896103896,,
2026-07-10T09:02:04 ET,2026-07-10T09:00:00 ET,2026-07-10,Fri,0902ET,2026-07-10,29831.25,707.585,29847.5,NEAR_FLIP,EXPANSION,,24.183127962085305,,23.94,25.04,29.77,23.54,30776.25,730.0,945.0,3.1678189817724705,28536488.990000002,64932945.410000004,288236825.06999993,-51826855.7,-146251915.70999998,-2244.990347,119126.15,12383,8991,3392,33.26516918355811,,
2026-07-10T09:02:04 ET,2026-07-10T09:00:00 ET,2026-07-10,Fri,0902ET,2026-07-13,29831.25,707.585,29847.5,NEAR_FLIP,EXPANSION,,24.183127962085305,,23.94,25.04,29.77,23.54,30813.4,731.0,982.1500000000015,3.292352817934218,624975.1400000001,2782787.46,10200573.36,-921711.89,-9810177.7,-152.549692,8473.630000000001,525,327,198,22.41011428571429,,
2026-07-10T09:02:04 ET,2026-07-10T09:00:00 ET,2026-07-10,Fri,0902ET,2026-07-14,29831.25,707.585,29847.5,NEAR_FLIP,EXPANSION,,24.183127962085305,,23.94,25.04,29.77,23.54,30814.27,731.0,983.0200000000004,3.295269222711085,547038.74,648583.4199999999,7920967.12,-181472.27,512325.67999999993,7.535176999999999,2364.49,119,110,9,22.230504201680674,,
2026-07-10T09:02:04 ET,2026-07-10T09:00:00 ET,2026-07-10,Fri,0902ET,2026-07-10,29831.25,707.585,29847.5,NEAR_FLIP,EXPANSION,,24.183127962085305,,23.94,25.04,29.77,23.54,30818.41,731.0,987.1599999999999,3.309147286821705,4889961.4399999995,12767305.639999999,52052831.79000001,-10639669.21,-37414777.24,-536.386714,23578.93,2616,1831,785,33.37827981651376,,
2026-07-10T09:02:04 ET,2026-07-10T09:00:00 ET,2026-07-10,Fri,0902ET,2026-07-13,29831.25,707.585,29847.5,NEAR_FLIP,EXPANSION,,24.183127962085305,,23.94,25.04,29.77,23.54,30855.55,732.0,1024.2999999999993,3.4336476010894588,1052072.08,2157674.56,16837976.12,-744759.22,-4516722.51,-67.08743799999999,6483.39,440,332,108,22.035727272727275,,
2026-07-10T09:02:04 ET,2026-07-10T09:00:00 ET,2026-07-10,Fri,0902ET,2026-07-14,29831.25,707.585,29847.5,NEAR_FLIP,EXPANSION,,24.183127962085305,,23.94,25.04,29.77,23.54,30856.43,732.0,1025.1800000000003,3.43659752776032,1532760.84,1811523.64,23199742.04,-527005.4,1280192.36,17.604685999999997,6587.450000000001,351,325,26,22.171481481481482,,
2026-07-10T09:02:04 ET,2026-07-10T09:00:00 ET,2026-07-10,Fri,0902ET,2026-07-10,29831.25,707.585,29847.5,NEAR_FLIP,EXPANSION,,24.183127962085305,,23.94,25.04,29.77,23.54,30860.57,732.0,1029.3199999999997,3.4504755918709398,15461551.8,18836817.080000002,165284069.6,-16172618.73,-1014886.1100000031,-29.938924999999983,33390.16,4253,3892,361,32.241408417587586,,
2026-07-10T09:02:04 ET,2026-07-10T09:00:00 ET,2026-07-10,Fri,0902ET,2026-07-10,29831.25,707.585,29847.5,NEAR_FLIP,EXPANSION,,24.183127962085305,,23.94,25.04,29.77,23.54,30881.65,732.5,1050.4000000000015,3.5211397443955637,2599317.95,5059554.53,28989177.66,-4465332.42,-12518786.99,-162.84082,9239.25,1176,903,273,32.931785714285716,,
2026-07-10T09:02:04 ET,2026-07-10T09:00:00 ET,2026-07-10,Fri,0902ET,2026-07-13,29831.25,707.585,29847.5,NEAR_FLIP,EXPANSION,,24.183127962085305,,23.94,25.04,29.77,23.54,30897.71,733.0,1066.4599999999991,3.5749759061386936,425366.74,2735406.88,8045064.419999998,-979603.3099999999,-13164120.870000001,-179.677065,8332.07,590,349,241,22.371440677966103,,
2026-07-10T09:02:04 ET,2026-07-10T09:00:00 ET,2026-07-10,Fri,0902ET,2026-07-14,29831.25,707.585,29847.5,NEAR_FLIP,EXPANSION,,24.183127962085305,,23.94,25.04,29.77,23.54,30898.58,733.0,1067.3300000000017,3.5778923109155722,648411.4600000001,739828.6,10243369.54,-223508.29,600568.42,7.867749,2679.88,152,143,9,22.082105263157896,,
2026-07-10T09:02:04 ET,2026-07-10T09:00:00 ET,2026-07-10,Fri,0902ET,2026-07-10,29831.25,707.585,29847.5,NEAR_FLIP,EXPANSION,,24.183127962085305,,23.94,25.04,29.77,23.54,30902.73,733.0,1071.4799999999996,3.5918038969201747,6199912.62,9471501.56,68712651.93,-8493143.27,-14170117.530000001,-180.03659499999998,17225.11,2285,1908,377,32.880157549234134,,
2026-07-10T09:02:04 ET,2026-07-10T09:00:00 ET,2026-07-10,Fri,0902ET,2026-07-13,29831.25,707.585,29847.5,NEAR_FLIP,EXPANSION,,24.183127962085305,,23.94,25.04,29.77,23.54,30939.86,734.0,1108.6100000000006,3.716270689293947,611885.3,1451571.18,10480012.349999998,-540539.86,-4627132.88,-59.27721299999999,4415.53,338,244,94,22.260414201183433,,
2026-07-10T09:02:04 ET,2026-07-10T09:00:00 ET,2026-07-10,Fri,0902ET,2026-07-14,29831.25,707.585,29847.5,NEAR_FLIP,EXPANSION,,24.183127962085305,,23.94,25.04,29.77,23.54,30940.73,734.0,1109.4799999999996,3.719187094070814,312196.37,436907.97,5182718.21,-136564.07,-212267.96000000008,-3.267498,1580.1899999999998,95,82,13,22.095894736842105,,
2026-07-10T09:02:04 ET,2026-07-10T09:00:00 ET,2026-07-10,Fri,0902ET,2026-07-10,29831.25,707.585,29847.5,NEAR_FLIP,EXPANSION,,24.183127962085305,,23.94,25.04,29.77,23.54,30944.89,734.0,1113.6399999999994,3.7331322019694095,1404519.9699999997,4077120.55,16638090.5,-3839835.27,-18049111.689999998,-206.666913,7663.120000000001,1058,725,333,33.52694706994329,,
2026-07-10T09:02:04 ET,2026-07-10T09:00:00 ET,2026-07-10,Fri,0902ET,2026-07-13,29831.25,707.585,29847.5,NEAR_FLIP,EXPANSION,,24.183127962085305,,23.94,25.04,29.77,23.54,30982.01,735.0,1150.7599999999984,3.857565472449188,3977581.54,4314120.76,69193589.36000001,-1663904.6300000001,2839674.76,28.920557,12758.93,1118,1077,41,21.60014311270125,,
2026-07-10T09:02:04 ET,2026-07-10T09:00:00 ET,2026-07-10,Fri,0902ET,2026-07-14,29831.25,707.585,29847.5,NEAR_FLIP,EXPANSION,,24.183127962085305,,23.94,25.04,29.77,23.54,30982.89,735.0,1151.6399999999994,3.8605153991200485,-544691.5899999999,3799908.09,-6914615.75,-1218858.46,-28198554.49,-361.024767,13822.18,861,380,481,22.43747967479675,,
2026-07-10T09:02:04 ET,2026-07-10T09:00:00 ET,2026-07-10,Fri,0902ET,2026-07-10,29831.25,707.585,29847.5,NEAR_FLIP,EXPANSION,,24.183127962085305,,23.94,25.04,29.77,23.54,30987.05,735.0,1155.7999999999993,3.874460507018644,12785771.16,27591263.94,154597260.38,-26936650.380000003,-106994677.67,-1123.360608,51407.47,7923,5903,2020,33.11140098447558,,
2026-07-10T09:02:04 ET,2026-07-10T09:00:00 ET,2026-07-10,Fri,0902ET,2026-07-13,29831.25,707.585,29847.5,NEAR_FLIP,EXPANSION,,24.183127962085305,,23.94,25.04,29.77,23.54,31024.16,736.0,1192.9099999999999,3.998860255604441,3417257.85,3910311.69,61355854.69,-1559592.51,600549.54,2.858554000000005,11649.449999999999,1087,1023,64,21.760082796688135,,
2026-07-10T09:02:04 ET,2026-07-10T09:00:00 ET,2026-07-10,Fri,0902ET,2026-07-14,29831.25,707.585,29847.5,NEAR_FLIP,EXPANSION,,24.183127962085305,,23.94,25.04,29.77,23.54,31025.04,736.0,1193.7900000000009,4.001810182275301,44429.76999999999,179590.03,862292.52,-59961.95999999999,-861160.0,-10.371636,650.45,44,28,16,22.175454545454546,,
2026-07-10T09:02:04 ET,2026-07-10T09:00:00 ET,2026-07-10,Fri,0902ET,2026-07-10,29831.25,707.585,29847.5,NEAR_FLIP,EXPANSION,,24.183127962085305,,23.94,25.04,29.77,23.54,31029.2,736.0,1197.9500000000007,4.015755290173898,3774855.8600000003,4834957.86,45659258.54,-4816631.07,-5194540.959999999,-51.45044,8827.65,1504,1346,158,32.913909574468086,,
2026-07-10T09:02:04 ET,2026-07-10T09:00:00 ET,2026-07-10,Fri,0902ET,2026-07-13,29831.25,707.585,29847.5,NEAR_FLIP,EXPANSION,,24.183127962085305,,23.94,25.04,29.77,23.54,31066.32,737.0,1235.0699999999997,4.140188560653676,654581.2200000001,838277.88,12342585.33,-345806.49,-781539.0200000001,-8.550500000000001,2486.0,256,230,26,21.61078125,,
2026-07-10T09:02:04 ET,2026-07-10T09:00:00 ET,2026-07-10,Fri,0902ET,2026-07-14,29831.25,707.585,29847.5,NEAR_FLIP,EXPANSION,,24.183127962085305,,23.94,25.04,29.77,23.54,31067.19,737.0,1235.9399999999987,4.143104965430543,2118020.1199999996,2274477.1,39201597.980000004,-788141.4,1979076.4100000001,20.091607000000003,8116.799999999999,610,590,20,21.72737704918033,,
2026-07-10T09:02:04 ET,2026-07-10T09:00:00 ET,2026-07-10,Fri,0902ET,2026-07-10,29831.25,707.585,29847.5,NEAR_FLIP,EXPANSION,,24.183127962085305,,23.94,25.04,29.77,23.54,31071.36,737.0,1240.1100000000006,4.157083595223132,1292235.9700000002,9361644.53,16065418.440000005,-10107510.370000001,-80603774.58000001,-698.771811,18565.78,3181,1861,1320,33.98754165356806,,
2026-07-10T09:02:04 ET,2026-07-10T09:00:00 ET,2026-07-10,Fri,0902ET,2026-07-10,29831.25,707.585,29847.5,NEAR_FLIP,EXPANSION,,24.183127962085305,,23.94,25.04,29.77,23.54,31092.44,737.5,1261.1899999999987,4.227747747747744,1246597.98,2171459.98,15805605.580000002,-2312475.4699999997,-8454635.62,-70.760158,4088.91,777,619,158,33.24015444015444,,
2026-07-10T09:02:04 ET,2026-07-10T09:00:00 ET,2026-07-10,Fri,0902ET,2026-07-13,29831.25,707.585,29847.5,NEAR_FLIP,EXPANSION,,24.183127962085305,,23.94,25.04,29.77,23.54,31108.47,738.0,1277.2200000000012,4.2814833438089295,1095494.55,1265403.99,21025002.79,-539685.1599999999,-325922.42999999993,-3.4227399999999992,3777.46,418,391,27,21.724641148325357,,
2026-07-10T09:02:04 ET,2026-07-10T09:00:00 ET,2026-07-10,Fri,0902ET,2026-07-14,29831.25,707.585,29847.5,NEAR_FLIP,EXPANSION,,24.183127962085305,,23.94,25.04,29.77,23.54,31109.35,738.0,1278.0999999999985,4.284433270479777,2538075.42,2722559.42,48186870.980000004,-973426.46,2254975.67,21.416565,9787.05,776,751,25,21.890605670103092,,
2026-07-10T09:02:04 ET,2026-07-10T09:00:00 ET,2026-07-10,Fri,0902ET,2026-07-10,29831.25,707.585,29847.5,NEAR_FLIP,EXPANSION,,24.183127962085305,,23.94,25.04,29.77,23.54,31113.52,738.0,1282.2700000000004,4.298411900272367,2650755.14,2765552.6,34425508.76,-2903236.88,1658403.53,11.813635999999999,4919.07,1055,1034,21,32.39658767772512,,
2026-07-10T09:02:04 ET,2026-07-10T09:00:00 ET,2026-07-10,Fri,0902ET,2026-07-13,29831.25,707.585,29847.5,NEAR_FLIP,EXPANSION,,24.183127962085305,,23.94,25.04,29.77,23.54,31150.62,739.0,1319.369999999999,4.42277812696417,591066.13,636925.8099999999,11791051.72,-279404.27,204229.20999999996,1.3646150000000006,1880.8,233,225,8,21.521802575107294,,
2026-07-10T09:02:04 ET,2026-07-10T09:00:00 ET,2026-07-10,Fri,0902ET,2026-07-14,29831.25,707.585,29847.5,NEAR_FLIP,EXPANSION,,24.183127962085305,,23.94,25.04,29.77,23.54,31151.5,739.0,1320.25,4.42572805363503,1061694.14,1225415.34,21044801.18,-451679.75,44873.070000000065,-0.4417080000000002,4374.78,379,355,24,21.732189973614776,,
2026-07-10T09:02:04 ET,2026-07-10T09:00:00 ET,2026-07-10,Fri,0902ET,2026-07-10,29831.25,707.585,29847.5,NEAR_FLIP,EXPANSION,,24.183127962085305,,23.94,25.04,29.77,23.54,31155.68,739.0,1324.4300000000003,4.439740205321602,2734380.29,2827009.25,36418426.019999996,-3058348.5,1828767.2600000002,12.284489,5055.41,1176,1157,19,32.578988095238095,,
2026-07-10T09:02:04 ET,2026-07-10T09:00:00 ET,2026-07-10,Fri,0902ET,2026-07-13,29831.25,707.585,29847.5,NEAR_FLIP,EXPANSION,,24.183127962085305,,23.94,25.04,29.77,23.54,31192.77,740.0,1361.5200000000004,4.564072910119423,2031665.8200000003,2282537.16,41654218.25,-1035077.23,-749590.7200000002,-5.869140000000002,6787.53,913,864,49,21.586604600219054,,
2026-07-10T09:02:04 ET,2026-07-10T09:00:00 ET,2026-07-10,Fri,0902ET,2026-07-14,29831.25,707.585,29847.5,NEAR_FLIP,EXPANSION,,24.183127962085305,,23.94,25.04,29.77,23.54,31193.65,740.0,1362.4000000000015,4.567022836790283,226248.45999999996,2146944.92,4819352.25,-831645.9299999999,-19203201.01,-166.683505,7959.85,712,399,313,22.11192415730337,,
2026-07-10T09:02:04 ET,2026-07-10T09:00:00 ET,2026-07-10,Fri,0902ET,2026-07-10,29831.25,707.585,29847.5,NEAR_FLIP,EXPANSION,,24.183127962085305,,23.94,25.04,29.77,23.54,31197.84,740.0,1366.5900000000001,4.581068510370836,14600265.209999999,14690302.17,199714957.03,-16312524.09,14665066.520000001,91.27546000000001,26272.86,6679,6658,21,32.69329989519389,,
2026-07-10T09:02:04 ET,2026-07-10T09:00:00 ET,2026-07-10,Fri,0902ET,2026-07-13,29831.25,707.585,29847.5,NEAR_FLIP,EXPANSION,,24.183127962085305,,23.94,25.04,29.77,23.54,31234.92,741.0,1403.6699999999983,4.705367693274664,468402.51,495402.17000000004,9873014.76,-230652.66999999998,154132.87,1.0320319999999996,1469.8999999999999,217,211,6,21.58921658986175,,
2026-07-10T09:02:04 ET,2026-07-10T09:00:00 ET,2026-07-10,Fri,0902ET,2026-07-14,29831.25,707.585,29847.5,NEAR_FLIP,EXPANSION,,24.183127962085305,,23.94,25.04,29.77,23.54,31235.81,741.0,1404.5600000000013,4.708351141839518,463196.18,474485.01999999996,9748026.94,-185266.7,506233.26,3.9149439999999998,1685.79,172,170,2,21.623720930232558,,
2026-07-10T09:02:04 ET,2026-07-10T09:00:00 ET,2026-07-10,Fri,0902ET,2026-07-10,29831.25,707.585,29847.5,NEAR_FLIP,EXPANSION,,24.183127962085305,,23.94,25.04,29.77,23.54,31240.0,741.0,1408.75,4.722396815420071,2167396.93,2174902.97,30416043.779999997,-2483792.86,2215089.55,12.595468,3904.52,1084,1082,2,32.837767527675275,,
2026-07-10T09:02:04 ET,2026-07-10T09:00:00 ET,2026-07-10,Fri,0902ET,2026-07-13,29831.25,707.585,29847.5,NEAR_FLIP,EXPANSION,,24.183127962085305,,23.94,25.04,29.77,23.54,31277.08,742.0,1445.8300000000017,4.846695998323911,948383.85,948383.85,20617999.6,-451543.18,1081852.21,6.34804,2795.12,456,456,0,21.57,,
2026-07-10T09:02:04 ET,2026-07-10T09:00:00 ET,2026-07-10,Fri,0902ET,2026-07-14,29831.25,707.585,29847.5,NEAR_FLIP,EXPANSION,,24.183127962085305,,23.94,25.04,29.77,23.54,31277.96,742.0,1446.7099999999991,4.84964592499476,1482855.96,1487956.48,32303754.73,-596729.9600000001,1902941.27,13.535417,5251.629999999999,590,589,1,21.502169491525425,,
2026-07-10T09:02:04 ET,2026-07-10T09:00:00 ET,2026-07-10,Fri,0902ET,2026-07-10,29831.25,707.585,29847.5,NEAR_FLIP,EXPANSION,,24.183127962085305,,23.94,25.04,29.77,23.54,31282.16,742.0,1450.9099999999999,4.863725120469306,2099065.41,2115020.37,30197305.009999998,-2486124.94,1909618.0300000003,10.039878999999999,3815.46,1161,1156,5,32.958217054263564,,
2026-07-10T09:02:04 ET,2026-07-10T09:00:00 ET,2026-07-10,Fri,0902ET,2026-07-10,29831.25,707.585,29847.5,NEAR_FLIP,EXPANSION,,24.183127962085305,,23.94,25.04,29.77,23.54,31303.24,742.5,1471.9900000000016,4.93438927299393,815542.11,841786.5299999999,11823163.33,-1010406.1900000001,271239.4199999999,1.797365,1535.03,487,478,9,33.05872689938398,,
2026-07-10T09:02:04 ET,2026-07-10T09:00:00 ET,2026-07-10,Fri,0902ET,2026-07-13,29831.25,707.585,29847.5,NEAR_FLIP,EXPANSION,,24.183127962085305,,23.94,25.04,29.77,23.54,31319.23,743.0,1487.9799999999996,4.987990781479152,269223.25,269223.25,6023186.7,-131668.85,300781.04,1.597642,793.15,143,143,0,21.57,,
2026-07-10T09:02:04 ET,2026-07-10T09:00:00 ET,2026-07-10,Fri,0902ET,2026-07-14,29831.25,707.585,29847.5,NEAR_FLIP,EXPANSION,,24.183127962085305,,23.94,25.04,29.77,23.54,31320.11,743.0,1488.8600000000006,4.990940708150013,1159663.98,1159663.98,26155663.93,-477503.52,1491937.16,9.647647,4065.25,506,506,0,21.37,,
2026-07-10T09:02:04 ET,2026-07-10T09:00:00 ET,2026-07-10,Fri,0902ET,2026-07-10,29831.25,707.585,29847.5,NEAR_FLIP,EXPANSION,,24.183127962085305,,23.94,25.04,29.77,23.54,31324.32,743.0,1493.0699999999997,5.005053425518541,1286743.05,1384581.03,18481155.62,-1710600.79,-1065126.71,-2.486892,2599.56,826,789,37,33.498728813559325,,
2026-07-10T09:02:04 ET,2026-07-10T09:00:00 ET,2026-07-10,Fri,0902ET,2026-07-13,29831.25,707.585,29847.5,NEAR_FLIP,EXPANSION,,24.183127962085305,,23.94,25.04,29.77,23.54,31361.38,744.0,1530.130000000001,5.129285564634405,377101.53,377101.53,8634765.41,-189352.15,416123.28,2.021569,1115.8,219,219,0,21.66,,
2026-07-10T09:02:04 ET,2026-07-10T09:00:00 ET,2026-07-10,Fri,0902ET,2026-07-14,29831.25,707.585,29847.5,NEAR_FLIP,EXPANSION,,24.183127962085305,,23.94,25.04,29.77,23.54,31362.27,744.0,1531.0200000000004,5.132269013199247,253730.12,257717.74,5863601.68,-109104.85,255910.07,1.548978,907.39,122,121,1,21.431229508196722,,
2026-07-10T09:02:04 ET,2026-07-10T09:00:00 ET,2026-07-10,Fri,0902ET,2026-07-10,29831.25,707.585,29847.5,NEAR_FLIP,EXPANSION,,24.183127962085305,,23.94,25.04,29.77,23.54,31366.48,744.0,1535.2299999999996,5.146381730567776,1335748.01,1377091.49,20219360.26,-1704113.27,729878.82,2.0159970000000005,2500.96,913,903,10,33.24654983570647,,
2026-07-10T09:02:04 ET,2026-07-10T09:00:00 ET,2026-07-10,Fri,0902ET,2026-07-13,29831.25,707.585,29847.5,NEAR_FLIP,EXPANSION,,24.183127962085305,,23.94,25.04,29.77,23.54,31403.53,745.0,1572.2799999999988,5.270580347789646,867013.74,867013.74,20388584.98,-446633.89,938478.43,4.11404,2565.54,558,558,0,21.67,,
2026-07-10T09:02:04 ET,2026-07-10T09:00:00 ET,2026-07-10,Fri,0902ET,2026-07-14,29831.25,707.585,29847.5,NEAR_FLIP,EXPANSION,,24.183127962085305,,23.94,25.04,29.77,23.54,31404.42,745.0,1573.1699999999983,5.273563796354488,1275054.53,1275054.53,30377984.72,-552767.56,1577233.51,8.558555,4467.06,663,663,0,21.36,,
2026-07-10T09:02:04 ET,2026-07-10T09:00:00 ET,2026-07-10,Fri,0902ET,2026-07-10,29831.25,707.585,29847.5,NEAR_FLIP,EXPANSION,,24.183127962085305,,23.94,25.04,29.77,23.54,31408.64,745.0,1577.3899999999994,5.28771003561701,10385345.44,10408281.459999999,158515216.14000002,-13219994.42,10469568.620000001,41.370216,19188.4,7332,7326,6,33.76313420621931,,
2026-07-10T09:02:04 ET,2026-07-10T09:00:00 ET,2026-07-10,Fri,0902ET,2026-07-13,29831.25,707.585,29847.5,NEAR_FLIP,EXPANSION,,24.183127962085305,,23.94,25.04,29.77,23.54,31445.69,746.0,1614.4399999999987,5.411908652838881,176135.67,176135.67,4240729.48,-93039.96,187853.46,0.746808,522.48,125,125,0,21.73,,
2026-07-10T09:02:04 ET,2026-07-10T09:00:00 ET,2026-07-10,Fri,0902ET,2026-07-14,29831.25,707.585,29847.5,NEAR_FLIP,EXPANSION,,24.183127962085305,,23.94,25.04,29.77,23.54,31446.58,746.0,1615.3300000000017,5.414892101403735,67964.5,67964.5,1650456.4,-30211.01,83515.61,0.421459,239.79,38,38,0,21.51,,
2026-07-10T09:02:04 ET,2026-07-10T09:00:00 ET,2026-07-10,Fri,0902ET,2026-07-10,29831.25,707.585,29847.5,NEAR_FLIP,EXPANSION,,24.183127962085305,,23.94,25.04,29.77,23.54,31450.8,746.0,1619.5499999999993,5.429038340666245,1312929.16,1312929.16,20573785.88,-1709917.64,1346446.14,4.821188,2418.38,1035,1035,0,33.75,,
2026-07-10T09:02:04 ET,2026-07-10T09:00:00 ET,2026-07-10,Fri,0902ET,2026-07-13,29831.25,707.585,29847.5,NEAR_FLIP,EXPANSION,,24.183127962085305,,23.94,25.04,29.77,23.54,31487.84,747.0,1656.5900000000001,5.553203435994134,359739.51,359739.51,8871349.52,-194745.34,377455.28,1.353691,1068.53,283,283,0,21.76,,
2026-07-10T09:02:04 ET,2026-07-10T09:00:00 ET,2026-07-10,Fri,0902ET,2026-07-14,29831.25,707.585,29847.5,NEAR_FLIP,EXPANSION,,24.183127962085305,,23.94,25.04,29.77,23.54,31488.73,747.0,1657.4799999999996,5.556186884558976,215546.98,215546.98,5411582.94,-98139.9,256479.62,1.155448,754.3,135,135,0,21.34,,
2026-07-10T09:02:04 ET,2026-07-10T09:00:00 ET,2026-07-10,Fri,0902ET,2026-07-10,29831.25,707.585,29847.5,NEAR_FLIP,EXPANSION,,24.183127962085305,,23.94,25.04,29.77,23.54,31492.96,747.0,1661.7099999999991,5.57036664571548,1060149.54,1150358.96,17428049.759999998,-1488726.51,715969.94,-5.094307,2078.59,944,938,6,34.143961864406776,,
2026-07-10T09:02:04 ET,2026-07-10T09:00:00 ET,2026-07-10,Fri,0902ET,2026-07-13,29831.25,707.585,29847.5,NEAR_FLIP,EXPANSION,,24.183127962085305,,23.94,25.04,29.77,23.54,31529.99,748.0,1698.7400000000016,5.694498219149388,165879.69,165879.69,4171437.95,-91988.41,172420.3,0.564284,495.27,143,143,0,21.88,,
2026-07-10T09:02:04 ET,2026-07-10T09:00:00 ET,2026-07-10,Fri,0902ET,2026-07-14,29831.25,707.585,29847.5,NEAR_FLIP,EXPANSION,,24.183127962085305,,23.94,25.04,29.77,23.54,31530.88,748.0,1699.630000000001,5.6974816677142295,99688.29,99688.29,2556978.16,-46480.7,117165.5,0.484646,350.01,68,68,0,21.42,,
2026-07-10T09:02:04 ET,2026-07-10T09:00:00 ET,2026-07-10,Fri,0902ET,2026-07-10,29831.25,707.585,29847.5,NEAR_FLIP,EXPANSION,,24.183127962085305,,23.94,25.04,29.77,23.54,31535.12,748.0,1703.869999999999,5.711694950764715,846447.0900000001,969857.53,14238246.89,-1279406.6,-332329.12,-9.352659,1766.11,847,829,18,34.57544273907911,,
2026-07-10T09:02:04 ET,2026-07-10T09:00:00 ET,2026-07-10,Fri,0902ET,2026-07-13,29831.25,707.585,29847.5,NEAR_FLIP,EXPANSION,,24.183127962085305,,23.94,25.04,29.77,23.54,31572.14,749.0,1740.8899999999994,5.835793002304628,177800.12,177800.12,4584940.53,-100951.44,181172.09,0.528381,530.25,172,172,0,21.86,,
2026-07-10T09:02:04 ET,2026-07-10T09:00:00 ET,2026-07-10,Fri,0902ET,2026-07-14,29831.25,707.585,29847.5,NEAR_FLIP,EXPANSION,,24.183127962085305,,23.94,25.04,29.77,23.54,31573.04,749.0,1741.7900000000009,5.838809972763464,536856.47,536856.47,14112571.9,-256182.48,619360.64,2.322254,1883.88,404,404,0,21.41,,
2026-07-10T09:02:04 ET,2026-07-10T09:00:00 ET,2026-07-10,Fri,0902ET,2026-07-10,29831.25,707.585,29847.5,NEAR_FLIP,EXPANSION,,24.183127962085305,,23.94,25.04,29.77,23.54,31577.28,749.0,1746.0299999999988,5.85302325581395,1415942.89,1415942.89,23098375.81,-1985268.32,1383638.06,4.184952,2697.67,1390,1389,1,34.87240287769784,,
2026-07-10T09:02:04 ET,2026-07-10T09:00:00 ET,2026-07-10,Fri,0902ET,2026-07-13,29831.25,707.585,29847.5,NEAR_FLIP,EXPANSION,,24.183127962085305,,23.94,25.04,29.77,23.54,31614.3,750.0,1783.0499999999993,5.977121307353863,2352987.95,2352987.95,61209968.37,-1374509.16,1688647.98,6.482573,7127.63,2464,2454,10,22.086818181818177,,
2026-07-10T09:02:04 ET,2026-07-10T09:00:00 ET,2026-07-10,Fri,0902ET,2026-07-14,29831.25,707.585,29847.5,NEAR_FLIP,EXPANSION,,24.183127962085305,,23.94,25.04,29.77,23.54,31615.19,750.0,1783.9399999999987,5.980104755918704,454389.17,454389.17,12252421.17,-221804.15,513396.83,1.732155,1591.23,380,380,0,21.37,,
2026-07-10T09:02:04 ET,2026-07-10T09:00:00 ET,2026-07-10,Fri,0902ET,2026-07-10,29831.25,707.585,29847.5,NEAR_FLIP,EXPANSION,,24.183127962085305,,23.94,25.04,29.77,23.54,31619.43,750.0,1788.1800000000003,5.994318038969203,9701372.74,9701372.74,162653515.71,-13926472.26,9080356.51,24.538511,18404.83,10853,10844,9,34.73301852022482,,
2026-07-10T09:02:04 ET,2026-07-10T09:00:00 ET,2026-07-10,Fri,0902ET,2026-07-13,29831.25,707.585,29847.5,NEAR_FLIP,EXPANSION,,24.183127962085305,,23.94,25.04,29.77,23.54,31656.45,751.0,1825.2000000000007,6.1184160905091165,84138.08,84138.08,2242921.7,-50013.28,84716.98,0.207321,254.28,97,97,0,22.16,,
2026-07-10T09:02:04 ET,2026-07-10T09:00:00 ET,2026-07-10,Fri,0902ET,2026-07-14,29831.25,707.585,29847.5,NEAR_FLIP,EXPANSION,,24.183127962085305,,23.94,25.04,29.77,23.54,31657.34,751.0,1826.0900000000001,6.121399539073958,17818.61,17818.61,487405.74,-8894.63,20091.24,0.063132,62.94,16,16,0,21.56,,
2026-07-10T09:02:04 ET,2026-07-10T09:00:00 ET,2026-07-10,Fri,0902ET,2026-07-10,29831.25,707.585,29847.5,NEAR_FLIP,EXPANSION,,24.183127962085305,,23.94,25.04,29.77,23.54,31661.59,751.0,1830.3400000000001,6.135646344018437,530971.92,530971.92,9021763.7,-778908.65,532423.66,1.250755,1016.69,638,638,0,35.1,,
2026-07-10T09:02:04 ET,2026-07-10T09:00:00 ET,2026-07-10,Fri,0902ET,2026-07-13,29831.25,707.585,29847.5,NEAR_FLIP,EXPANSION,,24.183127962085305,,23.94,25.04,29.77,23.54,31698.6,752.0,1867.3499999999985,6.259710873664358,94506.53,94506.53,2569786.77,-57445.7,93966.31,0.207062,286.34,121,121,0,22.22,,
2026-07-10T09:02:04 ET,2026-07-10T09:00:00 ET,2026-07-10,Fri,0902ET,2026-07-14,29831.25,707.585,29847.5,NEAR_FLIP,EXPANSION,,24.183127962085305,,23.94,25.04,29.77,23.54,31699.5,752.0,1868.25,6.2627278441231935,112910.2,112910.2,3171468.62,-57604.3,124279.93,0.347311,397.16,114,114,0,21.47,,
2026-07-10T09:02:04 ET,2026-07-10T09:00:00 ET,2026-07-10,Fri,0902ET,2026-07-10,29831.25,707.585,29847.5,NEAR_FLIP,EXPANSION,,24.183127962085305,,23.94,25.04,29.77,23.54,31703.75,752.0,1872.5,6.2769746490676726,526974.37,526974.37,9060066.99,-790551.75,529124.0,1.15745,1019.68,680,680,0,35.47,,
2026-07-10T09:02:04 ET,2026-07-10T09:00:00 ET,2026-07-10,Fri,0902ET,2026-07-13,29831.25,707.585,29847.5,NEAR_FLIP,EXPANSION,,24.183127962085305,,23.94,25.04,29.77,23.54,31740.75,753.0,1909.5,6.40100565681961,142817.47,142817.47,3931303.19,-88724.17,142028.56,0.290498,436.93,197,197,0,22.44,,
2026-07-10T09:02:04 ET,2026-07-10T09:00:00 ET,2026-07-10,Fri,0902ET,2026-07-14,29831.25,707.585,29847.5,NEAR_FLIP,EXPANSION,,24.183127962085305,,23.94,25.04,29.77,23.54,31741.65,753.0,1910.4000000000015,6.404022627278446,87740.9,87740.9,2509921.45,-45734.32,95594.9,0.24398,309.74,97,97,0,21.55,,
2026-07-10T09:02:04 ET,2026-07-10T09:00:00 ET,2026-07-10,Fri,0902ET,2026-07-10,29831.25,707.585,29847.5,NEAR_FLIP,EXPANSION,,24.183127962085305,,23.94,25.04,29.77,23.54,31745.91,753.0,1914.6599999999999,6.418302954116907,843685.52,843685.52,14670803.01,-1293773.6,848456.08,1.729941,1649.6,1168,1168,0,35.84,,
2026-07-10T09:02:04 ET,2026-07-10T09:00:00 ET,2026-07-10,Fri,0902ET,2026-07-13,29831.25,707.585,29847.5,NEAR_FLIP,EXPANSION,,24.183127962085305,,23.94,25.04,29.77,23.54,31782.91,754.0,1951.6599999999999,6.542333961868844,66683.57,66683.57,1857345.95,-42321.15,66346.8,0.126083,206.0,99,99,0,22.65,,
2026-07-10T09:02:04 ET,2026-07-10T09:00:00 ET,2026-07-10,Fri,0902ET,2026-07-14,29831.25,707.585,29847.5,NEAR_FLIP,EXPANSION,,24.183127962085305,,23.94,25.04,29.77,23.54,31783.8,754.0,1952.5499999999993,6.545317410433688,97198.42,97198.42,2865865.48,-51747.12,102566.3,0.226846,340.02,124,124,0,21.36,,
2026-07-10T09:02:04 ET,2026-07-10T09:00:00 ET,2026-07-10,Fri,0902ET,2026-07-10,29831.25,707.585,29847.5,NEAR_FLIP,EXPANSION,,24.183127962085305,,23.94,25.04,29.77,23.54,31788.07,754.0,1956.8199999999997,6.559631259166141,547245.93,547245.93,9500331.39,-869024.5700000001,-14745.050000000047,1.04881,1096.87,820,812,8,36.24780487804878,,
2026-07-10T09:02:04 ET,2026-07-10T09:00:00 ET,2026-07-10,Fri,0902ET,2026-07-13,29831.25,707.585,29847.5,NEAR_FLIP,EXPANSION,,24.183127962085305,,23.94,25.04,29.77,23.54,31825.06,755.0,1993.8100000000013,6.683628745024098,179511.96,179511.96,5099050.53,-116379.4,176140.08,0.299356,555.22,298,298,0,22.69,,
2026-07-10T09:02:04 ET,2026-07-10T09:00:00 ET,2026-07-10,Fri,0902ET,2026-07-14,29831.25,707.585,29847.5,NEAR_FLIP,EXPANSION,,24.183127962085305,,23.94,25.04,29.77,23.54,31825.96,755.0,1994.7099999999991,6.686645715482922,1549861.77,1549861.77,45987324.3,-842300.55,1651467.91,3.48548,5502.46,2072,2072,0,21.68,,
2026-07-10T09:02:04 ET,2026-07-10T09:00:00 ET,2026-07-10,Fri,0902ET,2026-07-10,29831.25,707.585,29847.5,NEAR_FLIP,EXPANSION,,24.183127962085305,,23.94,25.04,29.77,23.54,31830.23,755.0,1998.9799999999996,6.700959564215377,2169353.96,2169353.96,38911284.02,-3473585.26,2153172.76,3.657364,4288.08,3605,3605,0,36.24,,
2026-07-10T09:02:04 ET,2026-07-10T09:00:00 ET,2026-07-10,Fri,0902ET,2026-07-13,29831.25,707.585,29847.5,NEAR_FLIP,EXPANSION,,24.183127962085305,,23.94,25.04,29.77,23.54,31867.21,756.0,2035.9599999999991,6.824923528179339,18146.27,18146.27,526232.55,-12015.44,17516.68,0.026376,56.11,34,34,0,22.68,,
2026-07-10T09:02:04 ET,2026-07-10T09:00:00 ET,2026-07-10,Fri,0902ET,2026-07-14,29831.25,707.585,29847.5,NEAR_FLIP,EXPANSION,,24.183127962085305,,23.94,25.04,29.77,23.54,31868.11,756.0,2036.8600000000006,6.827940498638176,816343.13,816343.13,24676385.69,-452782.64,859132.68,1.639513,2903.64,1207,1207,0,21.73,,
2026-07-10T09:02:04 ET,2026-07-10T09:00:00 ET,2026-07-10,Fri,0902ET,2026-07-10,29831.25,707.585,29847.5,NEAR_FLIP,EXPANSION,,24.183127962085305,,23.94,25.04,29.77,23.54,31872.39,756.0,2041.1399999999994,6.842287869264611,244207.76,244207.76,4383000.77,-399015.79,247056.89,0.410367,492.43,415,415,0,36.97,,
2026-07-10T09:02:04 ET,2026-07-10T09:00:00 ET,2026-07-10,Fri,0902ET,2026-07-13,29831.25,707.585,29847.5,NEAR_FLIP,EXPANSION,,24.183127962085305,,23.94,25.04,29.77,23.54,31909.36,757.0,2078.1100000000006,6.9662183113345915,22322.98,22322.98,654261.92,-15083.99,21571.08,0.03019,69.68,45,45,0,22.9,,
2026-07-10T09:02:04 ET,2026-07-10T09:00:00 ET,2026-07-10,Fri,0902ET,2026-07-14,29831.25,707.585,29847.5,NEAR_FLIP,EXPANSION,,24.183127962085305,,23.94,25.04,29.77,23.54,31910.26,757.0,2079.0099999999984,6.9692352817934164,12166.98,12166.98,374833.04,-6885.17,12630.96,0.021681,43.32,20,20,0,21.75,,
2026-07-10T09:02:04 ET,2026-07-10T09:00:00 ET,2026-07-10,Fri,0902ET,2026-07-10,29831.25,707.585,29847.5,NEAR_FLIP,EXPANSION,,24.183127962085305,,23.94,25.04,29.77,23.54,31914.55,757.0,2083.2999999999993,6.9836161743138465,241548.25,241548.25,4420323.1,-403080.27,240793.87,0.356907,487.23,460,460,0,36.99,,
2026-07-10T09:02:04 ET,2026-07-10T09:00:00 ET,2026-07-10,Fri,0902ET,2026-07-13,29831.25,707.585,29847.5,NEAR_FLIP,EXPANSION,,24.183127962085305,,23.94,25.04,29.77,23.54,31951.52,758.0,2120.2700000000004,7.107546616383827,32772.24,32772.24,970387.14,-22590.35,31709.45,0.041294,103.27,71,71,0,23.12,,
2026-07-10T09:02:04 ET,2026-07-10T09:00:00 ET,2026-07-10,Fri,0902ET,2026-07-14,29831.25,707.585,29847.5,NEAR_FLIP,EXPANSION,,24.183127962085305,,23.94,25.04,29.77,23.54,31952.42,758.0,2121.1699999999983,7.110563586842651,74441.74,74441.74,2338947.28,-42969.02,76100.29,0.116673,265.0,137,137,0,21.75,,
2026-07-10T09:02:04 ET,2026-07-10T09:00:00 ET,2026-07-10,Fri,0902ET,2026-07-10,29831.25,707.585,29847.5,NEAR_FLIP,EXPANSION,,24.183127962085305,,23.94,25.04,29.77,23.54,31956.71,758.0,2125.459999999999,7.124944479363081,921149.92,921149.92,17017760.22,-1568388.59,920533.31,1.276535,1876.81,1875,1875,0,37.36,,
2026-07-10T09:02:04 ET,2026-07-10T09:00:00 ET,2026-07-10,Fri,0902ET,2026-07-13,29831.25,707.585,29847.5,NEAR_FLIP,EXPANSION,,24.183127962085305,,23.94,25.04,29.77,23.54,31993.67,759.0,2162.4199999999983,7.248841399539067,34397.64,34397.64,1028595.87,-24179.4,33333.25,0.040436,109.41,80,80,0,23.34,,
2026-07-10T09:02:04 ET,2026-07-10T09:00:00 ET,2026-07-10,Fri,0902ET,2026-07-14,29831.25,707.585,29847.5,NEAR_FLIP,EXPANSION,,24.183127962085305,,23.94,25.04,29.77,23.54,31994.57,759.0,2163.3199999999997,7.251858369997905,525.96,525.96,16573.48,-309.4,545.28,0.000809,1.9,1,1,0,22.11,,
2026-07-10T09:02:04 ET,2026-07-10T09:00:00 ET,2026-07-10,Fri,0902ET,2026-07-10,29831.25,707.585,29847.5,NEAR_FLIP,EXPANSION,,24.183127962085305,,23.94,25.04,29.77,23.54,31998.87,759.0,2167.619999999999,7.266272784412315,594922.5,594922.5,11091997.99,-1033167.09,596091.8,0.774175,1224.28,1293,1293,0,37.74,,
2026-07-10T09:02:04 ET,2026-07-10T09:00:00 ET,2026-07-10,Fri,0902ET,2026-07-13,29831.25,707.585,29847.5,NEAR_FLIP,EXPANSION,,24.183127962085305,,23.94,25.04,29.77,23.54,32035.82,760.0,2204.5699999999997,7.390136182694321,149162.83,149162.83,4502963.24,-106888.17,144802.17,0.163812,478.95,372,372,0,23.56,,
2026-07-10T09:02:04 ET,2026-07-10T09:00:00 ET,2026-07-10,Fri,0902ET,2026-07-14,29831.25,707.585,29847.5,NEAR_FLIP,EXPANSION,,24.183127962085305,,23.94,25.04,29.77,23.54,32036.73,760.0,2205.4799999999996,7.393186675047139,279571.26,279571.26,8000673.520000001,-185292.93,-3248662.29,0.400268,1132.04,621,571,50,22.36085346215781,,
2026-07-10T09:02:04 ET,2026-07-10T09:00:00 ET,2026-07-10,Fri,0902ET,2026-07-10,29831.25,707.585,29847.5,NEAR_FLIP,EXPANSION,,24.183127962085305,,23.94,25.04,29.77,23.54,32041.03,760.0,2209.779999999999,7.407601089461551,1759916.76,1759916.76,33490636.31,-3121390.54,1660428.75,1.976566,3614.9399999999996,4352,4351,1,37.660588235294114,,
2026-07-10T09:02:04 ET,2026-07-10T09:00:00 ET,2026-07-10,Fri,0902ET,2026-07-13,29831.25,707.585,29847.5,NEAR_FLIP,EXPANSION,,24.183127962085305,,23.94,25.04,29.77,23.54,32077.97,761.0,2246.720000000001,7.531430965849574,19466.7,19466.7,593065.71,-14215.79,18935.1,0.019999,63.09,52,52,0,23.779999999999998,,
2026-07-10T09:02:04 ET,2026-07-10T09:00:00 ET,2026-07-10,Fri,0902ET,2026-07-14,29831.25,707.585,29847.5,NEAR_FLIP,EXPANSION,,24.183127962085305,,23.94,25.04,29.77,23.54,32078.88,761.0,2247.630000000001,7.534481458202393,1309.89,1309.89,42510.05,-800.23,1337.3,0.001648,4.78,3,3,0,22.290000000000003,,
2026-07-10T09:02:04 ET,2026-07-10T09:00:00 ET,2026-07-10,Fri,0902ET,2026-07-10,29831.25,707.585,29847.5,NEAR_FLIP,EXPANSION,,24.183127962085305,,23.94,25.04,29.77,23.54,32083.19,761.0,2251.9399999999987,7.548929394510785,198369.23,198369.23,3763301.12,-358039.71,199907.17,0.228439,416.37,490,490,0,38.49,,
2026-07-10T09:02:04 ET,2026-07-10T09:00:00 ET,2026-07-10,Fri,0902ET,2026-07-13,29831.25,707.585,29847.5,NEAR_FLIP,EXPANSION,,24.183127962085305,,23.94,25.04,29.77,23.54,32120.13,762.0,2288.880000000001,7.672759270898808,28692.62,28692.62,881881.57,-21346.17,27970.34,0.027613,93.87,82,82,0,24.01,,
2026-07-10T09:02:04 ET,2026-07-10T09:00:00 ET,2026-07-10,Fri,0902ET,2026-07-14,29831.25,707.585,29847.5,NEAR_FLIP,EXPANSION,,24.183127962085305,,23.94,25.04,29.77,23.54,32121.03,762.0,2289.779999999999,7.675776241357633,29281.72,29281.72,969414.37,-18228.21,29373.98,0.031933,106.6,76,76,0,22.25,,
2026-07-10T09:02:04 ET,2026-07-10T09:00:00 ET,2026-07-10,Fri,0902ET,2026-07-10,29831.25,707.585,29847.5,NEAR_FLIP,EXPANSION,,24.183127962085305,,23.94,25.04,29.77,23.54,32125.35,762.0,2294.0999999999985,7.69025769956002,147547.62,147547.62,2856394.96,-271781.05,145992.6,0.146514,308.95,415,415,0,38.41,,
2026-07-10T09:02:04 ET,2026-07-10T09:00:00 ET,2026-07-10,Fri,0902ET,2026-07-13,29831.25,707.585,29847.5,NEAR_FLIP,EXPANSION,,24.183127962085305,,23.94,25.04,29.77,23.54,32162.28,763.0,2331.029999999999,7.81405405405405,36672.49,36672.49,1136770.62,-27786.1,35835.06,0.033104,121.1,112,112,0,24.23,,
2026-07-10T09:02:04 ET,2026-07-10T09:00:00 ET,2026-07-10,Fri,0902ET,2026-07-14,29831.25,707.585,29847.5,NEAR_FLIP,EXPANSION,,24.183127962085305,,23.94,25.04,29.77,23.54,32163.19,763.0,2331.9399999999987,7.817104546406868,5019.37,5019.37,167814.03,-3181.41,5035.67,0.005094,18.42,14,14,0,22.43,,
2026-07-10T09:02:04 ET,2026-07-10T09:00:00 ET,2026-07-10,Fri,0902ET,2026-07-10,29831.25,707.585,29847.5,NEAR_FLIP,EXPANSION,,24.183127962085305,,23.94,25.04,29.77,23.54,32167.5,763.0,2336.25,7.831552482715273,202445.88,202445.88,3903379.16,-379291.63,205318.98,0.207294,433.3,566,566,0,39.25,,
2026-07-10T09:02:04 ET,2026-07-10T09:00:00 ET,2026-07-10,Fri,0902ET,2026-07-13,29831.25,707.585,29847.5,NEAR_FLIP,EXPANSION,,24.183127962085305,,23.94,25.04,29.77,23.54,32204.43,764.0,2373.1800000000003,7.955348837209303,16257.92,16257.92,508110.35,-12541.79,15927.86,0.013785,54.19,53,53,0,24.46,,
2026-07-10T09:02:04 ET,2026-07-10T09:00:00 ET,2026-07-10,Fri,0902ET,2026-07-14,29831.25,707.585,29847.5,NEAR_FLIP,EXPANSION,,24.183127962085305,,23.94,25.04,29.77,23.54,32205.34,764.0,2374.09,7.958399329562122,4006.96,4006.96,135245.92,-2585.13,4021.17,0.003789,14.82,12,12,0,22.61,,
2026-07-10T09:02:04 ET,2026-07-10T09:00:00 ET,2026-07-10,Fri,0902ET,2026-07-10,29831.25,707.585,29847.5,NEAR_FLIP,EXPANSION,,24.183127962085305,,23.94,25.04,29.77,23.54,32209.66,764.0,2378.41,7.972880787764508,309110.51,309110.51,6006016.46,-589779.6,314564.0,0.298981,668.02,918,918,0,39.63,,
2026-07-10T09:02:04 ET,2026-07-10T09:00:00 ET,2026-07-10,Fri,0902ET,2026-07-13,29831.25,707.585,29847.5,NEAR_FLIP,EXPANSION,,24.183127962085305,,23.94,25.04,29.77,23.54,32246.58,765.0,2415.3300000000017,8.096643620364556,59844.08,59844.08,1885160.53,-46989.14,58792.17,0.047723,201.32,208,208,0,24.68,,
2026-07-10T09:02:04 ET,2026-07-10T09:00:00 ET,2026-07-10,Fri,0902ET,2026-07-14,29831.25,707.585,29847.5,NEAR_FLIP,EXPANSION,,24.183127962085305,,23.94,25.04,29.77,23.54,32247.49,765.0,2416.2400000000016,8.099694112717373,61318.64,61318.64,2088821.38,-40256.18,61566.66,0.054071,228.64,197,197,0,22.79,,
2026-07-10T09:02:04 ET,2026-07-10T09:00:00 ET,2026-07-10,Fri,0902ET,2026-07-10,29831.25,707.585,29847.5,NEAR_FLIP,EXPANSION,,24.183127962085305,,23.94,25.04,29.77,23.54,32251.82,765.0,2420.5699999999997,8.114209092813743,581343.78,581343.78,11344136.620000001,-1171191.5,-2973329.83,0.426948,1275.48,2220,2170,50,38.9636036036036,,
2026-07-10T09:02:04 ET,2026-07-10T09:00:00 ET,2026-07-10,Fri,0902ET,2026-07-13,29831.25,707.585,29847.5,NEAR_FLIP,EXPANSION,,24.183127962085305,,23.94,25.04,29.77,23.54,32288.73,766.0,2457.4799999999996,8.237938403519797,9386.36,9386.36,292392.56,-7483.68,9565.8,0.008172,32.48,31,31,0,25.38,,
2026-07-10T09:02:04 ET,2026-07-10T09:00:00 ET,2026-07-10,Fri,0902ET,2026-07-14,29831.25,707.585,29847.5,NEAR_FLIP,EXPANSION,,24.183127962085305,,23.94,25.04,29.77,23.54,32289.65,766.0,2458.4000000000015,8.241022417766608,2323.24,2323.24,79850.37,-1551.63,2334.24,0.001913,8.73,8,8,0,22.98,,
2026-07-10T09:02:04 ET,2026-07-10T09:00:00 ET,2026-07-10,Fri,0902ET,2026-07-10,29831.25,707.585,29847.5,NEAR_FLIP,EXPANSION,,24.183127962085305,,23.94,25.04,29.77,23.54,32293.98,766.0,2462.7299999999996,8.255537397862977,59189.79,59189.79,1200303.12,-117598.11,57683.41,0.04101,126.71,235,235,0,39.28,,
2026-07-10T09:02:04 ET,2026-07-10T09:00:00 ET,2026-07-10,Fri,0902ET,2026-07-13,29831.25,707.585,29847.5,NEAR_FLIP,EXPANSION,,24.183127962085305,,23.94,25.04,29.77,23.54,32330.89,767.0,2499.6399999999994,8.379266708569032,31902.29,31902.29,1032927.21,-25973.09,30836.09,0.020408,107.94,136,136,0,24.83,,
2026-07-10T09:02:04 ET,2026-07-10T09:00:00 ET,2026-07-10,Fri,0902ET,2026-07-14,29831.25,707.585,29847.5,NEAR_FLIP,EXPANSION,,24.183127962085305,,23.94,25.04,29.77,23.54,32331.8,767.0,2500.5499999999993,8.38231720092185,149425.12,149425.12,5180355.09,-101497.56,150263.0,0.114978,566.08,551,551,0,23.16,,
2026-07-10T09:02:04 ET,2026-07-10T09:00:00 ET,2026-07-10,Fri,0902ET,2026-07-10,29831.25,707.585,29847.5,NEAR_FLIP,EXPANSION,,24.183127962085305,,23.94,25.04,29.77,23.54,32336.14,767.0,2504.8899999999994,8.396865702912212,88144.72,88144.72,1771448.11,-177700.64,88726.56,0.065701,193.61,336,336,0,40.29,,
2026-07-10T09:02:04 ET,2026-07-10T09:00:00 ET,2026-07-10,Fri,0902ET,2026-07-13,29831.25,707.585,29847.5,NEAR_FLIP,EXPANSION,,24.183127962085305,,23.94,25.04,29.77,23.54,32373.04,768.0,2541.790000000001,8.520561491724285,28436.78,28436.78,927313.43,-23547.52,27574.72,0.01715,97.1,129,129,0,25.06,,
2026-07-10T09:02:04 ET,2026-07-10T09:00:00 ET,2026-07-10,Fri,0902ET,2026-07-14,29831.25,707.585,29847.5,NEAR_FLIP,EXPANSION,,24.183127962085305,,23.94,25.04,29.77,23.54,32373.95,768.0,2542.7000000000007,8.523611984077101,15208.47,15208.47,531689.25,-10503.73,15309.76,0.010949,58.07,60,60,0,23.34,,
2026-07-10T09:02:04 ET,2026-07-10T09:00:00 ET,2026-07-10,Fri,0902ET,2026-07-10,29831.25,707.585,29847.5,NEAR_FLIP,EXPANSION,,24.183127962085305,,23.94,25.04,29.77,23.54,32378.3,768.0,2547.0499999999993,8.538194007961447,95595.61,95595.61,1965554.27,-196707.39,93844.72,0.059165,208.53,428,428,0,40.02,,
2026-07-10T09:02:04 ET,2026-07-10T09:00:00 ET,2026-07-10,Fri,0902ET,2026-07-13,29831.25,707.585,29847.5,NEAR_FLIP,EXPANSION,,24.183127962085305,,23.94,25.04,29.77,23.54,32415.19,769.0,2583.9399999999987,8.661856274879526,29036.41,29036.41,953406.31,-24448.83,28251.28,0.016531,100.06,140,140,0,25.29,,
2026-07-10T09:02:04 ET,2026-07-10T09:00:00 ET,2026-07-10,Fri,0902ET,2026-07-10,29831.25,707.585,29847.5,NEAR_FLIP,EXPANSION,,24.183127962085305,,23.94,25.04,29.77,23.54,32420.46,769.0,2589.209999999999,8.679522313010683,79843.15,79843.15,1652486.83,-167135.0,78681.49,0.046788,175.8,379,379,0,40.4,,
2026-07-10T09:02:04 ET,2026-07-10T09:00:00 ET,2026-07-10,Fri,0902ET,2026-07-13,29831.25,707.585,29847.5,NEAR_FLIP,EXPANSION,,24.183127962085305,,23.94,25.04,29.77,23.54,32457.34,770.0,2626.09,8.803151058034778,18560.0,18560.0,613474.7,-15886.68,18122.01,0.009989,64.54,95,95,0,25.52,,
2026-07-10T09:02:04 ET,2026-07-10T09:00:00 ET,2026-07-10,Fri,0902ET,2026-07-14,29831.25,707.585,29847.5,NEAR_FLIP,EXPANSION,,24.183127962085305,,23.94,25.04,29.77,23.54,32458.26,770.0,2627.0099999999984,8.806235072281579,85490.27,85490.27,3036886.63,-60996.34,86283.59,0.05406,331.62,385,385,0,23.71,,
2026-07-10T09:02:04 ET,2026-07-10T09:00:00 ET,2026-07-10,Fri,0902ET,2026-07-10,29831.25,707.585,29847.5,NEAR_FLIP,EXPANSION,,24.183127962085305,,23.94,25.04,29.77,23.54,32462.62,770.0,2631.369999999999,8.820850618059916,598728.0,598728.0,12470656.65,-1274671.33,592348.54,0.332586,1330.54,3010,3010,0,40.77,,
2026-07-10T09:02:04 ET,2026-07-10T09:00:00 ET,2026-07-10,Fri,0902ET,2026-07-13,29831.25,707.585,29847.5,NEAR_FLIP,EXPANSION,,24.183127962085305,,23.94,25.04,29.77,23.54,32499.5,771.0,2668.25,8.944479363084014,2761.49,2761.49,75406.78,-2365.55,3862.45,0.006019,11.85,5,5,0,31.380000000000003,,
2026-07-10T09:02:04 ET,2026-07-10T09:00:00 ET,2026-07-10,Fri,0902ET,2026-07-14,29831.25,707.585,29847.5,NEAR_FLIP,EXPANSION,,24.183127962085305,,23.94,25.04,29.77,23.54,32500.42,771.0,2669.1699999999983,8.947563377330814,674.55,674.55,22298.34,-486.02,787.03,0.000749,2.86,2,2,0,25.88,,
2026-07-10T09:02:04 ET,2026-07-10T09:00:00 ET,2026-07-10,Fri,0902ET,2026-07-10,29831.25,707.585,29847.5,NEAR_FLIP,EXPANSION,,24.183127962085305,,23.94,25.04,29.77,23.54,32504.78,771.0,2673.529999999999,8.962178923109152,141384.74,141384.74,2962997.56,-306058.5,140446.47,0.074535,317.1,752,752,0,41.15,,
2026-07-10T09:02:04 ET,2026-07-10T09:00:00 ET,2026-07-10,Fri,0902ET,2026-07-13,29831.25,707.585,29847.5,NEAR_FLIP,EXPANSION,,24.183127962085305,,23.94,25.04,29.77,23.54,32541.65,772.0,2710.4000000000015,9.085774146239267,8406.33,8406.33,265465.59,-7369.25,9185.01,0.006601,31.58,33,33,0,27.54,,
2026-07-10T09:02:04 ET,2026-07-10T09:00:00 ET,2026-07-10,Fri,0902ET,2026-07-14,29831.25,707.585,29847.5,NEAR_FLIP,EXPANSION,,24.183127962085305,,23.94,25.04,29.77,23.54,32542.57,772.0,2711.3199999999997,9.088858160486067,7810.03,7810.03,281633.94,-5751.18,7908.05,0.004357,30.77,40,40,0,24.09,,
2026-07-10T09:02:04 ET,2026-07-10T09:00:00 ET,2026-07-10,Fri,0902ET,2026-07-10,29831.25,707.585,29847.5,NEAR_FLIP,EXPANSION,,24.183127962085305,,23.94,25.04,29.77,23.54,32546.94,772.0,2715.6899999999987,9.103507228158387,39424.55,39424.55,807751.12,-86193.04,41404.38,0.025178,91.87,183,183,0,42.72,,
2026-07-10T09:02:04 ET,2026-07-10T09:00:00 ET,2026-07-10,Fri,0902ET,2026-07-13,29831.25,707.585,29847.5,NEAR_FLIP,EXPANSION,,24.183127962085305,,23.94,25.04,29.77,23.54,32583.8,773.0,2752.5499999999993,9.227068929394507,7355.66,7355.66,239937.19,-6570.8,7693.49,0.004435,27.14,36,36,0,27.06,,
2026-07-10T09:02:04 ET,2026-07-10T09:00:00 ET,2026-07-10,Fri,0902ET,2026-07-14,29831.25,707.585,29847.5,NEAR_FLIP,EXPANSION,,24.183127962085305,,23.94,25.04,29.77,23.54,32584.72,773.0,2753.470000000001,9.230152943641318,181879.27,181879.27,6605837.58,-136018.99,184502.11,0.095447,722.25,992,992,0,24.28,,
2026-07-10T09:02:04 ET,2026-07-10T09:00:00 ET,2026-07-10,Fri,0902ET,2026-07-10,29831.25,707.585,29847.5,NEAR_FLIP,EXPANSION,,24.183127962085305,,23.94,25.04,29.77,23.54,32589.1,773.0,2757.8499999999985,9.24483553320762,62679.73,62679.73,1329033.19,-140180.66,62790.19,0.029863,143.17,372,372,0,41.9,,
2026-07-10T09:02:04 ET,2026-07-10T09:00:00 ET,2026-07-10,Fri,0902ET,2026-07-13,29831.25,707.585,29847.5,NEAR_FLIP,EXPANSION,,24.183127962085305,,23.94,25.04,29.77,23.54,32625.95,774.0,2794.7000000000007,9.368363712549762,41281.19,41281.19,1083426.23,-36965.67,64881.96,0.114495,192.92,66,66,0,34.17,,
2026-07-10T09:02:04 ET,2026-07-10T09:00:00 ET,2026-07-10,Fri,0902ET,2026-07-14,29831.25,707.585,29847.5,NEAR_FLIP,EXPANSION,,24.183127962085305,,23.94,25.04,29.77,23.54,32626.88,774.0,2795.630000000001,9.371481248690554,6305.5,6305.5,233549.61,-4795.72,6264.44,0.002786,24.91,40,40,0,24.16,,
2026-07-10T09:02:04 ET,2026-07-10T09:00:00 ET,2026-07-10,Fri,0902ET,2026-07-10,29831.25,707.585,29847.5,NEAR_FLIP,EXPANSION,,24.183127962085305,,23.94,25.04,29.77,23.54,32631.26,774.0,2800.0099999999984,9.386163838256856,24906.61,24906.61,516053.19,-56201.73,26391.3,0.014495,59.11,128,128,0,43.51,,
2026-07-10T09:02:04 ET,2026-07-10T09:00:00 ET,2026-07-10,Fri,0902ET,2026-07-13,29831.25,707.585,29847.5,NEAR_FLIP,EXPANSION,,24.183127962085305,,23.94,25.04,29.77,23.54,32668.11,775.0,2836.8600000000006,9.509692017598995,4844.9,4844.9,162912.42,-4475.61,4937.17,0.00225,17.85,30,30,0,27.030000000000005,,
2026-07-10T09:02:04 ET,2026-07-10T09:00:00 ET,2026-07-10,Fri,0902ET,2026-07-14,29831.25,707.585,29847.5,NEAR_FLIP,EXPANSION,,24.183127962085305,,23.94,25.04,29.77,23.54,32669.03,775.0,2837.779999999999,9.512776031845796,17671.95,17671.95,650689.27,-13622.03,18000.72,0.008234,71.27,109,109,0,24.66,,
2026-07-10T09:02:04 ET,2026-07-10T09:00:00 ET,2026-07-10,Fri,0902ET,2026-07-10,29831.25,707.585,29847.5,NEAR_FLIP,EXPANSION,,24.183127962085305,,23.94,25.04,29.77,23.54,32673.42,775.0,2842.1699999999983,9.527492143306091,200939.6,200939.6,4237808.5,-461862.77,209157.02,0.100451,475.19,1181,1181,0,43.36,,
2026-07-10T09:02:04 ET,2026-07-10T09:00:00 ET,2026-07-10,Fri,0902ET,AGGREGATE,29831.25,707.585,29847.5,NEAR_FLIP,EXPANSION,,24.183127962085305,,23.94,25.04,29.77,23.54,26977.53,640.0,-2853.720000000001,-9.566209930861097,-482714.14,518858.45999999996,11480536.780000001,503716.6,1080823.95,1.6861050000000002,2977.79,794,30,764,41.95032745591939,,
2026-07-10T09:02:04 ET,2026-07-10T09:00:00 ET,2026-07-10,Fri,0902ET,AGGREGATE,29831.25,707.585,29847.5,NEAR_FLIP,EXPANSION,,24.183127962085305,,23.94,25.04,29.77,23.54,26978.3,640.0,-2852.9500000000007,-9.563628745024097,-295276.24,295276.24,7296963.05,239501.66,-650714.8,-1.408146,1960.05,385,0,385,40.43,,
2026-07-10T09:02:04 ET,2026-07-10T09:00:00 ET,2026-07-10,Fri,0902ET,AGGREGATE,29831.25,707.585,29847.5,NEAR_FLIP,EXPANSION,,24.183127962085305,,23.94,25.04,29.77,23.54,26981.92,640.0,-2849.3300000000017,-9.551493819400802,-920257.5499999999,928249.37,17109990.650000002,2259880.1,902952.8299999998,-0.20060900000000004,2723.0299999999997,3396,31,3365,53.654042991755006,,
2026-07-10T09:02:04 ET,2026-07-10T09:00:00 ET,2026-07-10,Fri,0902ET,AGGREGATE,29831.25,707.585,29847.5,NEAR_FLIP,EXPANSION,,24.183127962085305,,23.94,25.04,29.77,23.54,27188.29,645.0,-2642.959999999999,-8.859702493190863,-398427.28,441839.1,9156687.7,395863.0,1254659.59,2.403113,2419.3799999999997,561,30,531,40.019037433155084,,
2026-07-10T09:02:04 ET,2026-07-10T09:00:00 ET,2026-07-10,Fri,0902ET,AGGREGATE,29831.25,707.585,29847.5,NEAR_FLIP,EXPANSION,,24.183127962085305,,23.94,25.04,29.77,23.54,27189.06,645.0,-2642.1899999999987,-8.85712130735386,-381608.99,381608.99,9075534.19,285589.89,-829787.53,-2.16334,2429.63,413,0,413,38.78,,
2026-07-10T09:02:04 ET,2026-07-10T09:00:00 ET,2026-07-10,Fri,0902ET,AGGREGATE,29831.25,707.585,29847.5,NEAR_FLIP,EXPANSION,,24.183127962085305,,23.94,25.04,29.77,23.54,27192.71,645.0,-2638.540000000001,-8.84488581604861,-441666.75,445027.13,7983823.82,996911.8200000001,35561.929999999935,-0.251869,1239.19,1288,9,1279,50.943664596273294,,
2026-07-10T09:02:04 ET,2026-07-10T09:00:00 ET,2026-07-10,Fri,0902ET,AGGREGATE,29831.25,707.585,29847.5,NEAR_FLIP,EXPANSION,,24.183127962085305,,23.94,25.04,29.77,23.54,27399.06,650.0,-2432.1899999999987,-8.153161533626646,-604557.3200000001,631152.02,13370950.62,518612.89999999997,-158589.20999999996,-0.6679270000000002,3299.5,654,15,639,38.21316513761468,,
2026-07-10T09:02:04 ET,2026-07-10T09:00:00 ET,2026-07-10,Fri,0902ET,AGGREGATE,29831.25,707.585,29847.5,NEAR_FLIP,EXPANSION,,24.183127962085305,,23.94,25.04,29.77,23.54,27399.83,650.0,-2431.4199999999983,-8.150580347789644,-1078469.8,1080531.7,24476878.78,741403.8,-2264296.19,-7.233225,6611.0199999999995,957,1,956,37.26852664576803,,
2026-07-10T09:02:04 ET,2026-07-10T09:00:00 ET,2026-07-10,Fri,0902ET,AGGREGATE,29831.25,707.585,29847.5,NEAR_FLIP,EXPANSION,,24.183127962085305,,23.94,25.04,29.77,23.54,27403.51,650.0,-2427.7400000000016,-8.138244290802437,-2226435.6199999996,2254799.1,38318734.300000004,4615774.7299999995,562770.6699999999,-1.2694609999999997,6041.12,4737,51,4686,49.00692210259658,,
2026-07-10T09:02:04 ET,2026-07-10T09:00:00 ET,2026-07-10,Fri,0902ET,AGGREGATE,29831.25,707.585,29847.5,NEAR_FLIP,EXPANSION,,24.183127962085305,,23.94,25.04,29.77,23.54,27609.82,655.0,-2221.4300000000003,-7.446654095956423,-976574.12,976574.12,20554407.83,730618.57,-1876185.85,-6.389766,4890.05,809,0,809,36.61,2.2787709859597456,PUT WALL + VOL SENSITIVE
2026-07-10T09:02:04 ET,2026-07-10T09:00:00 ET,2026-07-10,Fri,0902ET,AGGREGATE,29831.25,707.585,29847.5,NEAR_FLIP,EXPANSION,,24.183127962085305,,23.94,25.04,29.77,23.54,27610.6,655.0,-2220.6500000000015,-7.44403938822544,-436130.66,438693.34,9381754.780000001,273910.69,-874447.12,-3.446759,2577.39,316,1,315,35.785601265822784,0.9849068235190742,PUT WALL + VOL SENSITIVE
2026-07-10T09:02:04 ET,2026-07-10T09:00:00 ET,2026-07-10,Fri,0902ET,AGGREGATE,29831.25,707.585,29847.5,NEAR_FLIP,EXPANSION,,24.183127962085305,,23.94,25.04,29.77,23.54,27614.31,655.0,-2216.9399999999987,-7.43160276555625,-1060783.1,1087880.56,17140874.69,2022465.71,773358.1799999999,-0.15325500000000014,2819.9,1607,32,1575,47.39302426882389,2.962950537408075,PUT WALL + VOL SENSITIVE
2026-07-10T09:02:04 ET,2026-07-10T09:00:00 ET,2026-07-10,Fri,0902ET,AGGREGATE,29831.25,707.585,29847.5,NEAR_FLIP,EXPANSION,,24.183127962085305,,23.94,25.04,29.77,23.54,27820.58,660.0,-2010.6699999999983,-6.7401466582861875,-1158366.01,1186467.1700000002,22862645.62,801195.37,-1582171.0799999998,-7.099421000000001,5708.84,774,10,764,35.171007751937985,2.4521769809606764,PUT WALL + VOL SENSITIVE
2026-07-10T09:02:04 ET,2026-07-10T09:00:00 ET,2026-07-10,Fri,0902ET,AGGREGATE,29831.25,707.585,29847.5,NEAR_FLIP,EXPANSION,,24.183127962085305,,23.94,25.04,29.77,23.54,27821.37,660.0,-2009.880000000001,-6.737498428661223,-1532981.15,1532981.15,30890240.85,863107.16,-3326666.04,-16.204002,8675.0,888,0,888,34.47,3.14613709399803,PUT WALL + VOL SENSITIVE
2026-07-10T09:02:04 ET,2026-07-10T09:00:00 ET,2026-07-10,Fri,0902ET,AGGREGATE,29831.25,707.585,29847.5,NEAR_FLIP,EXPANSION,,24.183127962085305,,23.94,25.04,29.77,23.54,27825.1,660.0,-2006.1500000000015,-6.724994762204068,-5685302.43,5783390.3100000005,86153613.33,9693878.09,-2703681.1099999994,-11.723231,14424.67,6087,75,6012,45.61578610152785,13.434364590565828,PUT WALL + VOL SENSITIVE
2026-07-10T09:02:04 ET,2026-07-10T09:00:00 ET,2026-07-10,Fri,0902ET,AGGREGATE,29831.25,707.585,29847.5,NEAR_FLIP,EXPANSION,,24.183127962085305,,23.94,25.04,29.77,23.54,27867.26,661.0,-1963.9900000000016,-6.583666457154834,-125896.81,125896.81,1885937.21,206472.34,-174582.32,-0.500331,311.29,124,0,124,45.23,0.28453103939471186,PUT WALL + VOL SENSITIVE
2026-07-10T09:02:04 ET,2026-07-10T09:00:00 ET,2026-07-10,Fri,0902ET,AGGREGATE,29831.25,707.585,29847.5,NEAR_FLIP,EXPANSION,,24.183127962085305,,23.94,25.04,29.77,23.54,27909.42,662.0,-1921.8300000000017,-6.4423381521056,-234152.56,234152.56,3501421.14,375525.98,-318661.99,-0.940254,567.18,224,0,224,44.32,0.5235131077798801,PUT WALL + VOL SENSITIVE
2026-07-10T09:02:04 ET,2026-07-10T09:00:00 ET,2026-07-10,Fri,0902ET,AGGREGATE,29831.25,707.585,29847.5,NEAR_FLIP,EXPANSION,,24.183127962085305,,23.94,25.04,29.77,23.54,27951.58,663.0,-1879.6699999999983,-6.301009847056354,-194150.17,194150.17,2852888.07,304416.69,-266162.16,-0.848047,467.71,172,0,172,44.07,0.41889153131056556,PUT WALL + VOL SENSITIVE
2026-07-10T09:02:04 ET,2026-07-10T09:00:00 ET,2026-07-10,Fri,0902ET,AGGREGATE,29831.25,707.585,29847.5,NEAR_FLIP,EXPANSION,,24.183127962085305,,23.94,25.04,29.77,23.54,27993.74,664.0,-1837.5099999999984,-6.159681542007118,-954236.3,954236.3,13674584.46,1462404.65,-1333906.96,-4.678261,2302.24,768,0,768,44.13,1.9801733094617402,PUT WALL + VOL SENSITIVE
2026-07-10T09:02:04 ET,2026-07-10T09:00:00 ET,2026-07-10,Fri,0902ET,AGGREGATE,29831.25,707.585,29847.5,NEAR_FLIP,EXPANSION,,24.183127962085305,,23.94,25.04,29.77,23.54,28031.34,665.0,-1799.9099999999999,-6.033639220615964,-1392464.94,1399696.02,25899766.139999997,843701.33,-2527304.1799999997,-13.695905,6383.28,731,2,729,33.33696306429549,2.67347503543614,PUT WALL + VOL SENSITIVE
2026-07-10T09:02:04 ET,2026-07-10T09:00:00 ET,2026-07-10,Fri,0902ET,AGGREGATE,29831.25,707.585,29847.5,NEAR_FLIP,EXPANSION,,24.183127962085305,,23.94,25.04,29.77,23.54,28032.13,665.0,-1799.119999999999,-6.030990990990988,-1649963.19,1649963.19,30626256.12,828335.99,-3658556.33,-22.352097,9041.61,762,0,762,33.38,3.0499336189254254,PUT WALL + VOL SENSITIVE
2026-07-10T09:02:04 ET,2026-07-10T09:00:00 ET,2026-07-10,Fri,0902ET,AGGREGATE,29831.25,707.585,29847.5,NEAR_FLIP,EXPANSION,,24.183127962085305,,23.94,25.04,29.77,23.54,28035.9,665.0,-1795.3499999999985,-6.018353236957883,-12791965.18,13094420.04,181282983.6,19598790.869999997,-7618680.840000002,-36.775774999999996,31129.53,10033,149,9884,43.478318548789,26.221813425511048,PUT WALL + VOL SENSITIVE
2026-07-10T09:02:04 ET,2026-07-10T09:00:00 ET,2026-07-10,Fri,0902ET,AGGREGATE,29831.25,707.585,29847.5,NEAR_FLIP,EXPANSION,,24.183127962085305,,23.94,25.04,29.77,23.54,28078.06,666.0,-1753.1899999999987,-5.8770249319086485,-231512.3,231512.3,3238020.22,338278.32,-321603.28,-1.266049,545.24,166,0,166,43.08,0.45490547838690126,PUT WALL + VOL SENSITIVE
2026-07-10T09:02:04 ET,2026-07-10T09:00:00 ET,2026-07-10,Fri,0902ET,AGGREGATE,29831.25,707.585,29847.5,NEAR_FLIP,EXPANSION,,24.183127962085305,,23.94,25.04,29.77,23.54,28120.22,667.0,-1711.0299999999988,-5.735696626859413,-98269.75,98269.75,1336202.14,140163.52,-139655.16,-0.605287,232.13,64,0,64,43.2,0.1839747959776439,PUT WALL + VOL SENSITIVE
2026-07-10T09:02:04 ET,2026-07-10T09:00:00 ET,2026-07-10,Fri,0902ET,AGGREGATE,29831.25,707.585,29847.5,NEAR_FLIP,EXPANSION,,24.183127962085305,,23.94,25.04,29.77,23.54,28162.38,668.0,-1668.869999999999,-5.594368321810179,-246400.57,246400.57,3330066.72,342620.95,-345021.99,-1.558231,570.79,154,0,154,42.37,0.4559738587236014,PUT WALL + VOL SENSITIVE
2026-07-10T09:02:04 ET,2026-07-10T09:00:00 ET,2026-07-10,Fri,0902ET,AGGREGATE,29831.25,707.585,29847.5,NEAR_FLIP,EXPANSION,,24.183127962085305,,23.94,25.04,29.77,23.54,28204.54,669.0,-1626.7099999999991,-5.453040016760944,-2504347.91,2504347.91,33216534.06,3394268.48,-3526523.14,-17.086388,5757.46,1459,0,1459,42.05,4.512494730755334,PUT WALL + VOL SENSITIVE
2026-07-10T09:02:04 ET,2026-07-10T09:00:00 ET,2026-07-10,Fri,0902ET,AGGREGATE,29831.25,707.585,29847.5,NEAR_FLIP,EXPANSION,,24.183127962085305,,23.94,25.04,29.77,23.54,28242.1,670.0,-1589.1500000000015,-5.327131782945741,-3484428.77,3751915.85,58668607.330000006,1991902.47,-3345041.11,-25.002979,16573.489999999998,1511,57,1454,32.294169424222375,6.011187014909415,PUT WALL + VOL SENSITIVE
2026-07-10T09:02:04 ET,2026-07-10T09:00:00 ET,2026-07-10,Fri,0902ET,AGGREGATE,29831.25,707.585,29847.5,NEAR_FLIP,EXPANSION,,24.183127962085305,,23.94,25.04,29.77,23.54,28242.9,670.0,-1588.3499999999985,-5.324450031426771,-990486.2699999999,1314595.0499999998,16767829.01,580315.65,1539168.7800000003,10.384426999999999,6862.04,493,63,430,31.793651115618662,1.7648063083082939,PUT WALL + VOL SENSITIVE
2026-07-10T09:02:04 ET,2026-07-10T09:00:00 ET,2026-07-10,Fri,0902ET,AGGREGATE,29831.25,707.585,29847.5,NEAR_FLIP,EXPANSION,,24.183127962085305,,23.94,25.04,29.77,23.54,28246.69,670.0,-1584.5600000000013,-5.311745233605703,-15519369.97,16117714.290000001,201452388.07,21279783.69,-9298162.680000002,-58.684928,36753.8,8770,191,8579,41.689454960091226,27.508218117219034,PUT WALL + VOL SENSITIVE
2026-07-10T09:02:04 ET,2026-07-10T09:00:00 ET,2026-07-10,Fri,0902ET,AGGREGATE,29831.25,707.585,29847.5,NEAR_FLIP,EXPANSION,,24.183127962085305,,23.94,25.04,29.77,23.54,28288.85,671.0,-1542.4000000000015,-5.1704169285564685,-158965.4,158965.4,2032746.67,204291.75,-225502.89,-1.249205,358.87,81,0,81,41.28,0.26842181813403787,PUT WALL + VOL SENSITIVE
2026-07-10T09:02:04 ET,2026-07-10T09:00:00 ET,2026-07-10,Fri,0902ET,AGGREGATE,29831.25,707.585,29847.5,NEAR_FLIP,EXPANSION,,24.183127962085305,,23.94,25.04,29.77,23.54,28331.01,672.0,-1500.2400000000016,-5.029088623507234,-381805.3,381805.3,4718095.53,477607.48,-557339.32,-3.393536,866.74,177,0,177,41.51,0.6208331159586603,PUT WALL + VOL SENSITIVE
2026-07-10T09:02:04 ET,2026-07-10T09:00:00 ET,2026-07-10,Fri,0902ET,AGGREGATE,29831.25,707.585,29847.5,NEAR_FLIP,EXPANSION,,24.183127962085305,,23.94,25.04,29.77,23.54,28373.17,673.0,-1458.0800000000017,-4.887760318457999,-5649358.9,5653392.66,67665189.94,6877677.44,-8369958.929999999,-55.488166,12856.23,2410,1,2409,41.568680497925314,8.874484175603788,PUT WALL + VOL SENSITIVE
2026-07-10T09:02:04 ET,2026-07-10T09:00:00 ET,2026-07-10,Fri,0902ET,AGGREGATE,29831.25,707.585,29847.5,NEAR_FLIP,EXPANSION,,24.183127962085305,,23.94,25.04,29.77,23.54,28415.33,674.0,-1415.9199999999983,-4.746432013408752,-1363514.96,1381036.46,16270928.32,1630583.34,-1729404.76,-12.063566,3057.31,568,4,564,40.47394366197183,2.1173567981187023,PUT WALL + VOL SENSITIVE
2026-07-10T09:02:04 ET,2026-07-10T09:00:00 ET,2026-07-10,Fri,0902ET,AGGREGATE,29831.25,707.585,29847.5,NEAR_FLIP,EXPANSION,,24.183127962085305,,23.94,25.04,29.77,23.54,28452.87,675.0,-1378.380000000001,-4.620590823381524,-3427584.35,3647457.0900000003,52938890.32,1674434.95,-4613417.05,-41.36301900000001,15216.41,1164,36,1128,30.501855670103097,5.301196407552146,PUT WALL + VOL SENSITIVE
2026-07-10T09:02:04 ET,2026-07-10T09:00:00 ET,2026-07-10,Fri,0902ET,AGGREGATE,29831.25,707.585,29847.5,NEAR_FLIP,EXPANSION,,24.183127962085305,,23.94,25.04,29.77,23.54,28453.67,675.0,-1377.5800000000017,-4.617909071862566,-1240270.8699999999,1266266.57,18833818.95,482266.39999999997,-2662269.85,-25.171292,6445.160000000001,379,4,375,31.013957783641164,1.8414016255323213,PUT WALL + VOL SENSITIVE
2026-07-10T09:02:04 ET,2026-07-10T09:00:00 ET,2026-07-10,Fri,0902ET,AGGREGATE,29831.25,707.585,29847.5,NEAR_FLIP,EXPANSION,,24.183127962085305,,23.94,25.04,29.77,23.54,28457.49,675.0,-1373.7599999999984,-4.6051037083595165,-22037998.45,22408627.51,256726038.23,25678783.74,-27421654.39,-205.298652,49254.62,8600,78,8522,40.18031860465117,33.24504043281753,PUT WALL + VOL SENSITIVE
2026-07-10T09:02:04 ET,2026-07-10T09:00:00 ET,2026-07-10,Fri,0902ET,AGGREGATE,29831.25,707.585,29847.5,NEAR_FLIP,EXPANSION,,24.183127962085305,,23.94,25.04,29.77,23.54,28499.65,676.0,-1331.5999999999985,-4.463775403310282,-889715.83,889715.83,10102410.1,988719.53,-1323643.35,-10.453442,1945.01,318,0,318,39.96,1.290931262785645,PUT WALL + VOL SENSITIVE
2026-07-10T09:02:04 ET,2026-07-10T09:00:00 ET,2026-07-10,Fri,0902ET,AGGREGATE,29831.25,707.585,29847.5,NEAR_FLIP,EXPANSION,,24.183127962085305,,23.94,25.04,29.77,23.54,28541.81,677.0,-1289.4399999999987,-4.322447098261048,-364237.07999999996,436660.9,3962013.29,470219.57,257982.74,1.599831,953.0,145,13,132,39.8748275862069,0.5413130044499493,PUT WALL + VOL SENSITIVE
2026-07-10T09:02:04 ET,2026-07-10T09:00:00 ET,2026-07-10,Fri,0902ET,AGGREGATE,29831.25,707.585,29847.5,NEAR_FLIP,EXPANSION,,24.183127962085305,,23.94,25.04,29.77,23.54,28583.97,678.0,-1247.2799999999988,-4.181118793211812,-851968.19,936251.51,9116508.04,975489.1,-433645.33999999997,-4.478733,2020.81,292,14,278,39.4436301369863,1.191988480641187,PUT WALL + VOL SENSITIVE
2026-07-10T09:02:04 ET,2026-07-10T09:00:00 ET,2026-07-10,Fri,0902ET,AGGREGATE,29831.25,707.585,29847.5,NEAR_FLIP,EXPANSION,,24.183127962085305,,23.94,25.04,29.77,23.54,28626.13,679.0,-1205.119999999999,-4.039790488162578,-946952.92,946952.92,9709883.26,954530.42,-1501875.72,-14.813485,2069.0,271,0,271,39.93,1.2326988614976113,PUT WALL + VOL SENSITIVE
2026-07-10T09:02:04 ET,2026-07-10T09:00:00 ET,2026-07-10,Fri,0902ET,AGGREGATE,29831.25,707.585,29847.5,NEAR_FLIP,EXPANSION,,24.183127962085305,,23.94,25.04,29.77,23.54,28663.63,680.0,-1167.619999999999,-3.9140833857112893,-12160068.620000001,12603126.2,164877709.51000002,4883292.23,-21767189.369999997,-247.050883,50612.100000000006,3141,56,3085,29.364310729067178,16.3676937141034,PUT WALL + VOL SENSITIVE
2026-07-10T09:02:04 ET,2026-07-10T09:00:00 ET,2026-07-10,Fri,0902ET,AGGREGATE,29831.25,707.585,29847.5,NEAR_FLIP,EXPANSION,,24.183127962085305,,23.94,25.04,29.77,23.54,28664.44,680.0,-1166.8100000000013,-3.9113681122983497,-2268546.69,2830440.4499999997,30114593.589999996,907522.16,-1872720.46,-22.212832,13788.86,689,69,620,29.679811320754716,3.055560060846626,PUT WALL + VOL SENSITIVE
2026-07-10T09:02:04 ET,2026-07-10T09:00:00 ET,2026-07-10,Fri,0902ET,AGGREGATE,29831.25,707.585,29847.5,NEAR_FLIP,EXPANSION,,24.183127962085305,,23.94,25.04,29.77,23.54,28668.29,680.0,-1162.9599999999991,-3.898462183113343,-33988884.04,35353620.220000006,345717269.7,34372769.160000004,-40878718.06,-426.7297,74983.65,9692,195,9497,38.75861328931077,44.02774111314227,PUT WALL + VOL SENSITIVE
2026-07-10T09:02:04 ET,2026-07-10T09:00:00 ET,2026-07-10,Fri,0902ET,AGGREGATE,29831.25,707.585,29847.5,NEAR_FLIP,EXPANSION,,24.183127962085305,,23.94,25.04,29.77,23.54,28710.45,681.0,-1120.7999999999993,-3.757133878064108,-1583306.65,1583306.65,15610124.08,1484429.3,-2486120.56,-27.366883,3341.58,406,0,406,38.57,1.9587233728577138,PUT WALL + VOL SENSITIVE
2026-07-10T09:02:04 ET,2026-07-10T09:00:00 ET,2026-07-10,Fri,0902ET,AGGREGATE,29831.25,707.585,29847.5,NEAR_FLIP,EXPANSION,,24.183127962085305,,23.94,25.04,29.77,23.54,28752.61,682.0,-1078.6399999999994,-3.6158055730148733,-2128604.78,2128604.78,20374169.44,1921349.38,-3370589.93,-39.477327,4449.82,513,0,513,38.2,2.5515128583396596,PUT WALL + VOL SENSITIVE
2026-07-10T09:02:04 ET,2026-07-10T09:00:00 ET,2026-07-10,Fri,0902ET,AGGREGATE,29831.25,707.585,29847.5,NEAR_FLIP,EXPANSION,,24.183127962085305,,23.94,25.04,29.77,23.54,28794.76,683.0,-1036.4900000000016,-3.474510789859633,-1859816.88,1859816.88,16785524.87,1615386.02,-3101613.39,-39.235022,3957.22,415,0,415,38.87,2.123873348827755,PUT WALL + VOL SENSITIVE
2026-07-10T09:02:04 ET,2026-07-10T09:00:00 ET,2026-07-10,Fri,0902ET,AGGREGATE,29831.25,707.585,29847.5,NEAR_FLIP,EXPANSION,,24.183127962085305,,23.94,25.04,29.77,23.54,28836.92,684.0,-994.3300000000017,-3.333182484810398,-1883550.57,2031799.6500000001,16597691.870000001,1692847.66,-2226668.38,-29.995926,4232.5,430,16,414,38.05641860465116,2.1366341883981494,PUT WALL + VOL SENSITIVE
2026-07-10T09:02:04 ET,2026-07-10T09:00:00 ET,2026-07-10,Fri,0902ET,AGGREGATE,29831.25,707.585,29847.5,NEAR_FLIP,EXPANSION,,24.183127962085305,,23.94,25.04,29.77,23.54,28874.39,685.0,-956.8600000000006,-3.2075759480410664,-40935003.02,41228269.46,475337321.89,13020883.11,-85475040.55,-1222.5392410000002,158167.26,8133,29,8104,28.057967539653262,47.41390433022892,PUT WALL + VOL SENSITIVE
2026-07-10T09:02:04 ET,2026-07-10T09:00:00 ET,2026-07-10,Fri,0902ET,AGGREGATE,29831.25,707.585,29847.5,NEAR_FLIP,EXPANSION,,24.183127962085305,,23.94,25.04,29.77,23.54,28875.21,685.0,-956.0400000000009,-3.2048271527341328,-3066157.1100000003,3237118.83,34711139.029999994,842762.31,-6920975.8,-97.79577400000001,15229.83,646,17,629,28.68078947368421,3.483855865715646,PUT WALL + VOL SENSITIVE
2026-07-10T09:02:04 ET,2026-07-10T09:00:00 ET,2026-07-10,Fri,0902ET,AGGREGATE,29831.25,707.585,29847.5,NEAR_FLIP,EXPANSION,,24.183127962085305,,23.94,25.04,29.77,23.54,28879.08,685.0,-952.1699999999983,-3.1918541797611506,-18535421.740000002,20256467.18,156415004.76,16170630.25,-21931683.32,-313.883793,42125.55,4031,174,3857,37.98525179856115,20.31597733864172,PUT WALL + VOL SENSITIVE
2026-07-10T09:02:04 ET,2026-07-10T09:00:00 ET,2026-07-10,Fri,0902ET,AGGREGATE,29831.25,707.585,29847.5,NEAR_FLIP,EXPANSION,,24.183127962085305,,23.94,25.04,29.77,23.54,28921.24,686.0,-910.0099999999984,-3.0505258747119157,-5238259.680000001,5575431.28,42915667.480000004,4254069.7,-7189834.78,-108.16672000000001,11427.01,1049,32,1017,37.438274547187795,5.52107848588022,PUT WALL + VOL SENSITIVE
2026-07-10T09:02:04 ET,2026-07-10T09:00:00 ET,2026-07-10,Fri,0902ET,AGGREGATE,29831.25,707.585,29847.5,NEAR_FLIP,EXPANSION,,24.183127962085305,,23.94,25.04,29.77,23.54,28963.4,687.0,-867.8499999999985,-2.9091975696626813,-3685437.29,4099829.2699999996,29115467.5,2983617.1999999997,-4386760.350000001,-69.816287,8301.16,729,37,692,36.983964334705085,3.795416653444714,PUT WALL + VOL SENSITIVE
2026-07-10T09:02:04 ET,2026-07-10T09:00:00 ET,2026-07-10,Fri,0902ET,AGGREGATE,29831.25,707.585,29847.5,NEAR_FLIP,EXPANSION,,24.183127962085305,,23.94,25.04,29.77,23.54,29005.56,688.0,-825.6899999999987,-2.7678692646134464,-3707997.81,4016819.03,28067486.36,2781736.23,-5135969.66,-86.333448,8076.7,675,26,649,36.72881481481482,3.6492361653023844,PUT WALL + VOL SENSITIVE
2026-07-10T09:02:04 ET,2026-07-10T09:00:00 ET,2026-07-10,Fri,0902ET,AGGREGATE,29831.25,707.585,29847.5,NEAR_FLIP,EXPANSION,,24.183127962085305,,23.94,25.04,29.77,23.54,29047.72,689.0,-783.5299999999988,-2.6265409595642115,-3462947.96,4015906.1399999997,24556379.64,2640148.23,-4148614.32,-73.604624,8145.110000000001,639,44,595,37.04045383411581,3.3060385351755794,PUT WALL + VOL SENSITIVE
2026-07-10T09:02:04 ET,2026-07-10T09:00:00 ET,2026-07-10,Fri,0902ET,AGGREGATE,29831.25,707.585,29847.5,NEAR_FLIP,EXPANSION,,24.183127962085305,,23.94,25.04,29.77,23.54,29085.15,690.0,-746.0999999999985,-2.501068510370831,-5121053.02,5512616.48,48044374.23,1345208.8900000001,-10276599.88,-182.567709,20337.31,875,31,844,26.985474285714286,5.003504051289845,PUT WALL + VOL SENSITIVE
2026-07-10T09:02:04 ET,2026-07-10T09:00:00 ET,2026-07-10,Fri,0902ET,AGGREGATE,29831.25,707.585,29847.5,NEAR_FLIP,EXPANSION,,24.183127962085305,,23.94,25.04,29.77,23.54,29085.97,690.0,-745.2799999999988,-2.4983197150638974,-4255001.529999999,4716875.91,38471922.21,944298.9700000001,-10009750.94,-168.359841,21555.61,788,38,750,27.87406091370558,4.0691870733911975,PUT WALL + VOL SENSITIVE
2026-07-10T09:02:04 ET,2026-07-10T09:00:00 ET,2026-07-10,Fri,0902ET,AGGREGATE,29831.25,707.585,29847.5,NEAR_FLIP,EXPANSION,,24.183127962085305,,23.94,25.04,29.77,23.54,29089.88,690.0,-741.369999999999,-2.4852126545149766,-66627026.43000001,70049295.93,457684138.61,43556024.01,-108121496.11,-2023.879096,139210.31,10563,258,10305,36.2926725362113,60.0208029448636,PUT WALL + VOL SENSITIVE
2026-07-10T09:02:04 ET,2026-07-10T09:00:00 ET,2026-07-10,Fri,0902ET,AGGREGATE,29831.25,707.585,29847.5,NEAR_FLIP,EXPANSION,,24.183127962085305,,23.94,25.04,29.77,23.54,29127.31,691.0,-703.9399999999987,-2.359740205321596,-1436312.95,1515256.1700000002,12510214.09,347801.01,-3164551.89,-57.971349,5669.81,233,6,227,27.374763948497854,1.3260269360304797,PUT WALL + VOL SENSITIVE
2026-07-10T09:02:04 ET,2026-07-10T09:00:00 ET,2026-07-10,Fri,0902ET,AGGREGATE,29831.25,707.585,29847.5,NEAR_FLIP,EXPANSION,,24.183127962085305,,23.94,25.04,29.77,23.54,29128.13,691.0,-703.119999999999,-2.3569914100146625,-2200973.6300000004,2276473.85,19052662.62,428406.24,-5751741.99,-100.559398,10284.16,367,6,361,27.554468664850134,2.0144345483809136,PUT WALL + VOL SENSITIVE
2026-07-10T09:02:04 ET,2026-07-10T09:00:00 ET,2026-07-10,Fri,0902ET,AGGREGATE,29831.25,707.585,29847.5,NEAR_FLIP,EXPANSION,,24.183127962085305,,23.94,25.04,29.77,23.54,29132.04,691.0,-699.2099999999991,-2.343884349465742,-5035779.17,5817866.43,32841885.819999997,3410711.2800000003,-6718299.81,-132.461726,11472.98,833,56,777,36.011932773109244,4.452457886907727,PUT WALL + VOL SENSITIVE
2026-07-10T09:02:04 ET,2026-07-10T09:00:00 ET,2026-07-10,Fri,0902ET,AGGREGATE,29831.25,707.585,29847.5,NEAR_FLIP,EXPANSION,,24.183127962085305,,23.94,25.04,29.77,23.54,29169.46,692.0,-661.7900000000009,-2.2184454221663557,-1344771.94,1399515.3399999999,11376753.67,301231.88,-2975816.08,-57.304017,5079.0199999999995,205,4,201,26.55414634146341,1.205545551390913,PUT WALL + VOL SENSITIVE
2026-07-10T09:02:04 ET,2026-07-10T09:00:00 ET,2026-07-10,Fri,0902ET,AGGREGATE,29831.25,707.585,29847.5,NEAR_FLIP,EXPANSION,,24.183127962085305,,23.94,25.04,29.77,23.54,29170.28,692.0,-660.9700000000012,-2.215696626859421,-1469597.98,1534655.3399999999,12085394.95,270417.69,-3849222.63,-69.653916,6858.71,239,5,234,27.263054393305442,1.294994777575056,PUT WALL + VOL SENSITIVE
2026-07-10T09:02:04 ET,2026-07-10T09:00:00 ET,2026-07-10,Fri,0902ET,AGGREGATE,29831.25,707.585,29847.5,NEAR_FLIP,EXPANSION,,24.183127962085305,,23.94,25.04,29.77,23.54,29174.2,692.0,-657.0499999999993,-2.2025560444165073,-10799343.0,11195339.719999999,64458530.54,6165724.67,-20012967.55,-410.616536,22617.34,1539,27,1512,36.890701754385965,8.77730573654232,PUT WALL + VOL SENSITIVE
2026-07-10T09:02:04 ET,2026-07-10T09:00:00 ET,2026-07-10,Fri,0902ET,AGGREGATE,29831.25,707.585,29847.5,NEAR_FLIP,EXPANSION,,24.183127962085305,,23.94,25.04,29.77,23.54,29211.61,693.0,-619.6399999999994,-2.0771506390111023,-1868391.3099999998,1925248.97,14518827.049999999,386403.0,-4435433.05,-87.522224,7109.12,275,4,271,27.026327272727272,1.5800316621474846,PUT WALL + VOL SENSITIVE
2026-07-10T09:02:04 ET,2026-07-10T09:00:00 ET,2026-07-10,Fri,0902ET,AGGREGATE,29831.25,707.585,29847.5,NEAR_FLIP,EXPANSION,,24.183127962085305,,23.94,25.04,29.77,23.54,29212.44,693.0,-618.8100000000013,-2.0743683218101867,-2932517.36,2932517.36,22985677.24,481678.01,-8053363.68,-151.444833,12894.83,440,0,440,26.83,2.479523115013124,PUT WALL + VOL SENSITIVE
2026-07-10T09:02:04 ET,2026-07-10T09:00:00 ET,2026-07-10,Fri,0902ET,AGGREGATE,29831.25,707.585,29847.5,NEAR_FLIP,EXPANSION,,24.183127962085305,,23.94,25.04,29.77,23.54,29216.36,693.0,-614.8899999999994,-2.0612277393672724,-46527044.59,48385848.31,267665177.20000002,24914344.2,-85089369.21,-1844.32445,94964.18000000001,6301,121,6180,35.83788763688303,36.52573277083841,PUT WALL + VOL SENSITIVE
2026-07-10T09:02:04 ET,2026-07-10T09:00:00 ET,2026-07-10,Fri,0902ET,AGGREGATE,29831.25,707.585,29847.5,NEAR_FLIP,EXPANSION,,24.183127962085305,,23.94,25.04,29.77,23.54,29253.76,694.0,-577.4900000000016,-1.935855855855861,-3059228.7100000004,3073968.77,22905804.25,573039.64,-7343042.2,-152.35,10999.099999999999,418,1,417,26.18942583732058,2.499165062741996,PUT WALL + VOL SENSITIVE
2026-07-10T09:02:04 ET,2026-07-10T09:00:00 ET,2026-07-10,Fri,0902ET,AGGREGATE,29831.25,707.585,29847.5,NEAR_FLIP,EXPANSION,,24.183127962085305,,23.94,25.04,29.77,23.54,29254.59,694.0,-576.6599999999999,-1.9330735386549336,-606500.45,606500.45,4398418.05,92279.7,-1723457.13,-33.138347,2684.03,89,0,89,27.010000000000005,0.48539777701506936,PUT WALL + VOL SENSITIVE
2026-07-10T09:02:04 ET,2026-07-10T09:00:00 ET,2026-07-10,Fri,0902ET,AGGREGATE,29831.25,707.585,29847.5,NEAR_FLIP,EXPANSION,,24.183127962085305,,23.94,25.04,29.77,23.54,29258.52,694.0,-572.7299999999996,-1.9198994343180373,-9766864.15,11114835.709999999,53174395.63,5325019.47,-15771390.09,-359.785079,21485.890000000003,1378,84,1294,35.30194484760523,7.4988786491587165,PUT WALL + VOL SENSITIVE
2026-07-10T09:02:04 ET,2026-07-10T09:00:00 ET,2026-07-10,Fri,0902ET,AGGREGATE,29831.25,707.585,29847.5,NEAR_FLIP,EXPANSION,,24.183127962085305,,23.94,25.04,29.77,23.54,29295.91,695.0,-535.3400000000001,-1.794561072700608,-12543051.76,12863505.979999999,86167161.10000001,2211403.08,-30818763.41,-655.235522,46442.270000000004,1706,21,1685,26.432121922626028,9.711536724801038,PUT WALL + VOL SENSITIVE
2026-07-10T09:02:04 ET,2026-07-10T09:00:00 ET,2026-07-10,Fri,0902ET,AGGREGATE,29831.25,707.585,29847.5,NEAR_FLIP,EXPANSION,,24.183127962085305,,23.94,25.04,29.77,23.54,29296.74,695.0,-534.5099999999984,-1.7917787554996802,-4977833.130000001,5562997.25,33001750.75,779236.4299999999,-13478688.79,-262.54891,24803.03,801,41,760,27.21601747815231,3.83316598964918,PUT WALL + VOL SENSITIVE
2026-07-10T09:02:04 ET,2026-07-10T09:00:00 ET,2026-07-10,Fri,0902ET,AGGREGATE,29831.25,707.585,29847.5,NEAR_FLIP,EXPANSION,,24.183127962085305,,23.94,25.04,29.77,23.54,29300.68,695.0,-530.5699999999997,-1.7785711292688027,-39090073.98,43386385.339999996,193736578.05,19225113.029999997,-71022145.89999999,-1671.0800169999998,85034.98,5202,257,4945,35.7886370626682,28.149122881199112,PUT WALL + VOL SENSITIVE
2026-07-10T09:02:04 ET,2026-07-10T09:00:00 ET,2026-07-10,Fri,0902ET,AGGREGATE,29831.25,707.585,29847.5,NEAR_FLIP,EXPANSION,,24.183127962085305,,23.94,25.04,29.77,23.54,29338.07,696.0,-493.1800000000003,-1.6532327676513734,-1731690.8399999999,1984013.46,11213481.25,312722.54,-3841581.4000000004,-85.29249200000001,7002.92,252,16,236,25.83730158730159,1.301085390130106,PUT WALL + VOL SENSITIVE
2026-07-10T09:02:04 ET,2026-07-10T09:00:00 ET,2026-07-10,Fri,0902ET,AGGREGATE,29831.25,707.585,29847.5,NEAR_FLIP,EXPANSION,,24.183127962085305,,23.94,25.04,29.77,23.54,29338.9,696.0,-492.34999999999854,-1.6504504504504456,-1327706.95,1327706.95,8338348.03,170166.94,-3902709.88,-79.458417,5794.38,184,0,184,26.65,0.9674806174767995,PUT WALL + VOL SENSITIVE
2026-07-10T09:02:04 ET,2026-07-10T09:00:00 ET,2026-07-10,Fri,0902ET,AGGREGATE,29831.25,707.585,29847.5,NEAR_FLIP,EXPANSION,,24.183127962085305,,23.94,25.04,29.77,23.54,29342.84,696.0,-488.40999999999985,-1.6372428242195678,-2848429.6599999997,7624173.779999999,13391130.739999998,3105018.0100000002,3629449.9399999995,86.72411200000005,14702.27,873,275,598,35.20545246277205,2.7812680207030667,PUT WALL + VOL SENSITIVE
2026-07-10T09:02:04 ET,2026-07-10T09:00:00 ET,2026-07-10,Fri,0902ET,AGGREGATE,29831.25,707.585,29847.5,NEAR_FLIP,EXPANSION,,24.183127962085305,,23.94,25.04,29.77,23.54,29380.22,697.0,-451.02999999999884,-1.51193798449612,-1970871.58,1970871.58,11802085.16,282174.12,-5026601.62,-115.49677,6890.13,242,0,242,25.6,1.382035565772808,PUT WALL + VOL SENSITIVE
2026-07-10T09:02:04 ET,2026-07-10T09:00:00 ET,2026-07-10,Fri,0902ET,AGGREGATE,29831.25,707.585,29847.5,NEAR_FLIP,EXPANSION,,24.183127962085305,,23.94,25.04,29.77,23.54,29381.05,697.0,-450.2000000000007,-1.5091556672952045,-2221224.89,2281512.0900000003,12657325.32,264854.73,-6660696.899999999,-137.709715,10018.18,311,4,307,26.81623794212219,1.533286138144543,PUT WALL + VOL SENSITIVE
2026-07-10T09:02:04 ET,2026-07-10T09:00:00 ET,2026-07-10,Fri,0902ET,AGGREGATE,29831.25,707.585,29847.5,NEAR_FLIP,EXPANSION,,24.183127962085305,,23.94,25.04,29.77,23.54,29384.99,697.0,-446.2599999999984,-1.4959480410643147,-11921060.77,14745399.129999999,50554015.18,5470100.52,-20520018.009999998,-525.589649,28415.71,1630,157,1473,35.186006134969325,7.93972342721377,PUT WALL + VOL SENSITIVE
2026-07-10T09:02:04 ET,2026-07-10T09:00:00 ET,2026-07-10,Fri,0902ET,AGGREGATE,29831.25,707.585,29847.5,NEAR_FLIP,EXPANSION,,24.183127962085305,,23.94,25.04,29.77,23.54,29422.37,698.0,-408.880000000001,-1.3706432013408794,-2093910.4899999998,2194407.61,11477236.48,282589.1,-5278001.569999999,-125.23785699999999,7603.14,261,6,255,25.38,1.3965837064790152,PUT WALL + VOL SENSITIVE
2026-07-10T09:02:04 ET,2026-07-10T09:00:00 ET,2026-07-10,Fri,0902ET,AGGREGATE,29831.25,707.585,29847.5,NEAR_FLIP,EXPANSION,,24.183127962085305,,23.94,25.04,29.77,23.54,29423.2,698.0,-408.0499999999993,-1.3678608841399513,-2106566.1999999997,2199279.94,11079756.84,229170.49,-6307245.92,-134.790507,9494.300000000001,290,6,284,26.36427586206897,1.3856677476198707,PUT WALL + VOL SENSITIVE
2026-07-10T09:02:04 ET,2026-07-10T09:00:00 ET,2026-07-10,Fri,0902ET,AGGREGATE,29831.25,707.585,29847.5,NEAR_FLIP,EXPANSION,,24.183127962085305,,23.94,25.04,29.77,23.54,29427.15,698.0,-404.09999999999854,-1.35461973601508,-11019412.799999999,17058237.08,41487988.410000004,5708432.24,-15468403.86,-401.864328,33273.26,1843,325,1518,35.61709712425393,7.3150064465607025,PUT WALL + VOL SENSITIVE
2026-07-10T09:02:04 ET,2026-07-10T09:00:00 ET,2026-07-10,Fri,0902ET,AGGREGATE,29831.25,707.585,29847.5,NEAR_FLIP,EXPANSION,,24.183127962085305,,23.94,25.04,29.77,23.54,29464.52,699.0,-366.72999999999956,-1.229348418185626,-1504575.2999999998,3174061.58,7352692.34,363287.32,-1639982.58,-39.725939999999994,10998.19,369,97,272,25.360569105691056,1.06383319653235,PUT WALL + VOL SENSITIVE
2026-07-10T09:02:04 ET,2026-07-10T09:00:00 ET,2026-07-10,Fri,0902ET,AGGREGATE,29831.25,707.585,29847.5,NEAR_FLIP,EXPANSION,,24.183127962085305,,23.94,25.04,29.77,23.54,29465.36,699.0,-365.8899999999994,-1.2265325790907167,-865438.16,960338.2999999999,4043759.35,88495.78,-2621084.92,-56.545733000000006,4170.81,125,6,119,26.52768,0.5371772652821614,PUT WALL + VOL SENSITIVE
2026-07-10T09:02:04 ET,2026-07-10T09:00:00 ET,2026-07-10,Fri,0902ET,AGGREGATE,29831.25,707.585,29847.5,NEAR_FLIP,EXPANSION,,24.183127962085305,,23.94,25.04,29.77,23.54,29469.31,699.0,-361.9399999999987,-1.2132914309658451,-9223791.149999999,14084281.59,32506754.84,4204808.18,-13681389.729999999,-384.254925,26682.64,1447,254,1193,34.59447131997236,5.792862032357358,PUT WALL + VOL SENSITIVE
2026-07-10T09:02:04 ET,2026-07-10T09:00:00 ET,2026-07-10,Fri,0902ET,AGGREGATE,29831.25,707.585,29847.5,NEAR_FLIP,EXPANSION,,24.183127962085305,,23.94,25.04,29.77,23.54,29506.68,700.0,-324.5699999999997,-1.0880201131363911,-16024444.88,18407093.080000002,71312792.96000001,1840566.49,-40222762.56999999,-1015.172223,62604.89,2063,135,1928,24.91439650993698,9.588177206703852,PUT WALL + VOL SENSITIVE
2026-07-10T09:02:04 ET,2026-07-10T09:00:00 ET,2026-07-10,Fri,0902ET,AGGREGATE,29831.25,707.585,29847.5,NEAR_FLIP,EXPANSION,,24.183127962085305,,23.94,25.04,29.77,23.54,29507.51,700.0,-323.7400000000016,-1.0852377959354758,-18772653.52,20647505.2,79324300.39,1657702.58,-57732201.269999996,-1288.0787559999999,88110.98,2604,116,2488,26.07703533026114,11.034372997041878,PUT WALL + VOL SENSITIVE
2026-07-10T09:02:04 ET,2026-07-10T09:00:00 ET,2026-07-10,Fri,0902ET,AGGREGATE,29831.25,707.585,29847.5,NEAR_FLIP,EXPANSION,,24.183127962085305,,23.94,25.04,29.77,23.54,29511.47,700.0,-319.77999999999884,-1.0719631259166105,-177954115.52,217447942.72,558233251.87,57018330.65,-356536917.79,-10267.789216,406865.21,21540,2010,19530,34.17197771587744,98.7756350975279,PUT WALL + VOL SENSITIVE
2026-07-10T09:02:04 ET,2026-07-10T09:00:00 ET,2026-07-10,Fri,0902ET,AGGREGATE,29831.25,707.585,29847.5,NEAR_FLIP,EXPANSION,,24.183127962085305,,23.94,25.04,29.77,23.54,29548.83,701.0,-282.41999999999825,-0.9467253299811381,-1267828.9599999997,3651736.5999999996,4628738.0,312310.41,-1116186.4899999993,-25.4315,12679.25,409,132,277,25.409902200488997,0.8516259041831514,PUT WALL + VOL SENSITIVE
2026-07-10T09:02:04 ET,2026-07-10T09:00:00 ET,2026-07-10,Fri,0902ET,AGGREGATE,29831.25,707.585,29847.5,NEAR_FLIP,EXPANSION,,24.183127962085305,,23.94,25.04,29.77,23.54,29549.66,701.0,-281.59000000000015,-0.9439430127802226,-616322.1900000001,847144.11,2291816.2,57987.369999999995,-1749717.0699999998,-39.93941,3566.69,104,14,90,25.72596153846154,0.3506788965335208,PUT WALL + VOL SENSITIVE
2026-07-10T09:02:04 ET,2026-07-10T09:00:00 ET,2026-07-10,Fri,0902ET,AGGREGATE,29831.25,707.585,29847.5,NEAR_FLIP,EXPANSION,,24.183127962085305,,23.94,25.04,29.77,23.54,29553.63,701.0,-277.619999999999,-0.9306348208673756,-7609501.02,13462903.64,21123119.729999997,3040399.62,-11373971.680000002,-349.75289000000004,25137.48,1300,291,1009,34.102338461538466,4.3783641573047465,PUT WALL + VOL SENSITIVE
2026-07-10T09:02:04 ET,2026-07-10T09:00:00 ET,2026-07-10,Fri,0902ET,AGGREGATE,29831.25,707.585,29847.5,NEAR_FLIP,EXPANSION,,24.183127962085305,,23.94,25.04,29.77,23.54,29590.98,702.0,-240.27000000000044,-0.8054305468258971,-444324.25,5146385.59,1528077.1800000006,366995.61,3285850.8600000003,82.56563700000001,17410.02,554,255,299,24.74586642599278,0.7197528698619764,PUT WALL + VOL SENSITIVE
2026-07-10T09:02:04 ET,2026-07-10T09:00:00 ET,2026-07-10,Fri,0902ET,AGGREGATE,29831.25,707.585,29847.5,NEAR_FLIP,EXPANSION,,24.183127962085305,,23.94,25.04,29.77,23.54,29591.82,702.0,-239.4300000000003,-0.8026147077309878,-1626568.0699999998,1794453.23,5197428.63,101271.83,-5263894.21,-122.569719,7540.81,217,10,207,25.692811059907836,0.8331613101211357,PUT WALL + VOL SENSITIVE
2026-07-10T09:02:04 ET,2026-07-10T09:00:00 ET,2026-07-10,Fri,0902ET,AGGREGATE,29831.25,707.585,29847.5,NEAR_FLIP,EXPANSION,,24.183127962085305,,23.94,25.04,29.77,23.54,29595.79,702.0,-235.45999999999913,-0.7893065158181408,-11200283.5,32633216.9,25480640.15,6170563.95,-8811858.850000001,-278.2184619999998,62303.89,3149,1044,2105,34.85913623372499,7.162604831267356,PUT WALL + VOL SENSITIVE
2026-07-10T09:02:04 ET,2026-07-10T09:00:00 ET,2026-07-10,Fri,0902ET,AGGREGATE,29831.25,707.585,29847.5,NEAR_FLIP,EXPANSION,,24.183127962085305,,23.94,25.04,29.77,23.54,29633.13,703.0,-198.11999999999898,-0.664135763670644,-1174209.25,5532157.03,3269806.9899999993,314471.9,62638.32999999821,-1.3202150000000188,18646.370000000003,585,232,353,24.66948717948718,0.8482802743862256,PUT WALL + VOL SENSITIVE
2026-07-10T09:02:04 ET,2026-07-10T09:00:00 ET,2026-07-10,Fri,0902ET,AGGREGATE,29831.25,707.585,29847.5,NEAR_FLIP,EXPANSION,,24.183127962085305,,23.94,25.04,29.77,23.54,29633.97,703.0,-197.27999999999884,-0.6613199245757346,-680713.4100000001,1926371.29,1711132.9699999997,85929.48,-1426447.6600000001,-31.421357999999998,8082.91,230,73,157,25.624347826086957,0.4055692430308659,PUT WALL + VOL SENSITIVE
2026-07-10T09:02:04 ET,2026-07-10T09:00:00 ET,2026-07-10,Fri,0902ET,AGGREGATE,29831.25,707.585,29847.5,NEAR_FLIP,EXPANSION,,24.183127962085305,,23.94,25.04,29.77,23.54,29637.95,703.0,-193.29999999999927,-0.6479782107689059,-15222744.21,26085090.57,29819736.52,3988346.73,-29221130.080000002,-941.175909,48149.34,2399,520,1879,33.722330137557314,7.429651144320748,PUT WALL
2026-07-10T09:02:04 ET,2026-07-10T09:00:00 ET,2026-07-10,Fri,0902ET,AGGREGATE,29831.25,707.585,29847.5,NEAR_FLIP,EXPANSION,,24.183127962085305,,23.94,25.04,29.77,23.54,29675.29,704.0,-155.95999999999913,-0.5228074586214092,-3076932.99,3573294.21,6934665.91,151581.93,-8861878.399999999,-245.228714,11797.51,366,26,340,24.222677595628415,1.3515716791198047,PUT WALL + VOL SENSITIVE
2026-07-10T09:02:04 ET,2026-07-10T09:00:00 ET,2026-07-10,Fri,0902ET,AGGREGATE,29831.25,707.585,29847.5,NEAR_FLIP,EXPANSION,,24.183127962085305,,23.94,25.04,29.77,23.54,29676.12,704.0,-155.13000000000102,-0.5200251414204936,-25689619.26,27091795.2,55181447.529999994,885249.87,-88257571.73,-2139.41201,111782.45999999999,3152,81,3071,25.250748730964467,11.165306823331681,PUT WALL + VOL SENSITIVE
2026-07-10T09:02:04 ET,2026-07-10T09:00:00 ET,2026-07-10,Fri,0902ET,AGGREGATE,29831.25,707.585,29847.5,NEAR_FLIP,EXPANSION,,24.183127962085305,,23.94,25.04,29.77,23.54,29680.11,704.0,-151.13999999999942,-0.5066499057196712,-4826533.630000001,9573028.77,7509178.72,1114160.9100000001,-9282166.149999999,-311.00637500000005,17612.74,865,224,641,33.62050867052023,2.265212429873833,PUT WALL
2026-07-10T09:02:04 ET,2026-07-10T09:00:00 ET,2026-07-10,Fri,0902ET,AGGREGATE,29831.25,707.585,29847.5,NEAR_FLIP,EXPANSION,,24.183127962085305,,23.94,25.04,29.77,23.54,29717.44,705.0,-113.81000000000131,-0.38151267546616824,-34407540.58,39052941.78,57763430.7,1095252.15,-103771320.92,-2909.722968,128381.01,3944,240,3704,24.126774847870188,13.680751310510908,PUT WALL
2026-07-10T09:02:04 ET,2026-07-10T09:00:00 ET,2026-07-10,Fri,0902ET,AGGREGATE,29831.25,707.585,29847.5,NEAR_FLIP,EXPANSION,,24.183127962085305,,23.94,25.04,29.77,23.54,29718.28,705.0,-112.97000000000116,-0.37869683637125884,-22578609.36,26417090.68,36146186.83,550055.61,-78483624.22,-1928.703393,108293.62999999999,3030,219,2811,25.08687128712871,9.136942785674654,PUT WALL
2026-07-10T09:02:04 ET,2026-07-10T09:00:00 ET,2026-07-10,Fri,0902ET,AGGREGATE,29831.25,707.585,29847.5,NEAR_FLIP,EXPANSION,,24.183127962085305,,23.94,25.04,29.77,23.54,29722.27,705.0,-108.97999999999956,-0.3653216006704364,-27957729.549999997,68050231.77,32285772.06,5436153.67,-52982566.70999999,-1876.1355529999996,124684.01000000001,6055,1871,4184,33.49070189925681,12.886025368069765,PUT WALL
2026-07-10T09:02:04 ET,2026-07-10T09:00:00 ET,2026-07-10,Fri,0902ET,AGGREGATE,29831.25,707.585,29847.5,NEAR_FLIP,EXPANSION,,24.183127962085305,,23.94,25.04,29.77,23.54,29759.59,706.0,-71.65999999999985,-0.2402178923109151,-3792689.5300000003,6161420.55,4014507.56,83414.45000000001,-11635650.3,-320.861604,20664.64,630,121,509,24.6015873015873,1.4718805495636211,PUT WALL
2026-07-10T09:02:04 ET,2026-07-10T09:00:00 ET,2026-07-10,Fri,0902ET,AGGREGATE,29831.25,707.585,29847.5,NEAR_FLIP,EXPANSION,,24.183127962085305,,23.94,25.04,29.77,23.54,29760.43,706.0,-70.81999999999971,-0.23740205321600574,144681.21999999997,3751786.34,-196271.57999999984,34120.79,1924154.9500000002,48.350340999999986,15243.91,424,220,204,24.79547169811321,0.37945954515943753,CALL WALL
2026-07-10T09:02:04 ET,2026-07-10T09:00:00 ET,2026-07-10,Fri,0902ET,AGGREGATE,29831.25,707.585,29847.5,NEAR_FLIP,EXPANSION,,24.183127962085305,,23.94,25.04,29.77,23.54,29764.43,706.0,-66.81999999999971,-0.22399329562120163,1937284.2999999989,23229946.939999998,-1074203.71,993843.7,13541448.030000001,395.4902609999999,44299.28,2133,1165,968,34.80493670886076,2.434479736216737,CALL WALL
2026-07-10T09:02:04 ET,2026-07-10T09:00:00 ET,2026-07-10,Fri,0902ET,AGGREGATE,29831.25,707.585,29847.5,NEAR_FLIP,EXPANSION,,24.183127962085305,,23.94,25.04,29.77,23.54,29801.74,707.0,-29.5099999999984,-0.09892310915566192,-599307.8300000001,3739470.49,347917.26,-2253.6800000000003,-1136491.58,-38.824596000000014,12226.02,371,159,212,23.95714285714286,0.38587359453640496,PUT WALL
2026-07-10T09:02:04 ET,2026-07-10T09:00:00 ET,2026-07-10,Fri,0902ET,AGGREGATE,29831.25,707.585,29847.5,NEAR_FLIP,EXPANSION,,24.183127962085305,,23.94,25.04,29.77,23.54,29802.59,707.0,-28.659999999999854,-0.09607374816677093,737074.23,4871159.1899999995,-389480.68999999994,-13396.59,4040358.9000000004,100.57129999999998,19639.47,544,314,230,24.591139705882355,0.5878848406570303,CALL WALL
2026-07-10T09:02:04 ET,2026-07-10T09:00:00 ET,2026-07-10,Fri,0902ET,AGGREGATE,29831.25,707.585,29847.5,NEAR_FLIP,EXPANSION,,24.183127962085305,,23.94,25.04,29.77,23.54,29806.59,707.0,-24.659999999999854,-0.08266499057196683,-26402420.08,37149459.78,6685382.07,265004.02,-72679429.18,-2471.6356880000003,66462.89,3186,495,2691,32.71725988700565,8.119728898404697,PUT WALL
2026-07-10T09:02:04 ET,2026-07-10T09:00:00 ET,2026-07-10,Fri,0902ET,AGGREGATE,29831.25,707.585,29847.5,NEAR_FLIP,EXPANSION,,24.183127962085305,,23.94,25.04,29.77,23.54,29843.9,708.0,12.650000000001455,0.04240519589357287,-903515.1000000001,4225117.9,-62337.229999999996,-63541.46000000001,-2946054.4699999997,-83.46079599999999,13940.310000000001,422,166,256,24.183127962085305,0.4965685688648446,PUT WALL
2026-07-10T09:02:04 ET,2026-07-10T09:00:00 ET,2026-07-10,Fri,0902ET,AGGREGATE,29831.25,707.585,29847.5,NEAR_FLIP,EXPANSION,,24.183127962085305,,23.94,25.04,29.77,23.54,29844.74,708.0,13.4900000000016,0.04522103498848221,-1525479.6400000001,3207849.8400000003,-83409.95000000001,-46994.96,-5604040.38,-146.36832199999998,12916.880000000001,357,96,261,24.639411764705883,0.5793270448733996,PUT WALL
2026-07-10T09:02:04 ET,2026-07-10T09:00:00 ET,2026-07-10,Fri,0902ET,AGGREGATE,29831.25,707.585,29847.5,NEAR_FLIP,EXPANSION,,24.183127962085305,,23.94,25.04,29.77,23.54,29848.75,708.0,17.5,0.05866331447726797,695694.3500000015,38478717.71,141316.22999999998,-1172655.4300000002,2890034.9399999976,69.12314400000014,74094.44,3546,1814,1732,35.15300620417372,2.947080484691247,CALL WALL
2026-07-10T09:02:04 ET,2026-07-10T09:00:00 ET,2026-07-10,Fri,0902ET,AGGREGATE,29831.25,707.585,29847.5,NEAR_FLIP,EXPANSION,,24.183127962085305,,23.94,25.04,29.77,23.54,29886.05,709.0,54.79999999999927,0.18369997904881383,-227588.1299999999,5767513.41,-146657.96999999997,-169841.33000000002,-1008578.2200000007,-36.12026500000002,19190.84,581,283,298,24.379191049913945,0.5203763013911297,PUT WALL
2026-07-10T09:02:04 ET,2026-07-10T09:00:00 ET,2026-07-10,Fri,0902ET,AGGREGATE,29831.25,707.585,29847.5,NEAR_FLIP,EXPANSION,,24.183127962085305,,23.94,25.04,29.77,23.54,29886.89,709.0,55.63999999999942,0.18651581814372317,1399128.65,5025320.85,892090.78,-133256.56,5382146.91,131.69352,20229.58,559,360,199,24.553881932021465,0.7704263489642146,CALL WALL
2026-07-10T09:02:04 ET,2026-07-10T09:00:00 ET,2026-07-10,Fri,0902ET,AGGREGATE,29831.25,707.585,29847.5,NEAR_FLIP,EXPANSION,,24.183127962085305,,23.94,25.04,29.77,23.54,29890.91,709.0,59.659999999999854,0.19999161952650277,-10966762.32,42425467.86,-6208928.010000002,-2827591.35,-43072542.400000006,-1283.693495,80409.6,3854,1404,2450,34.620202387130256,6.3697531007018355,PUT WALL
2026-07-10T09:02:04 ET,2026-07-10T09:00:00 ET,2026-07-10,Fri,0902ET,AGGREGATE,29831.25,707.585,29847.5,NEAR_FLIP,EXPANSION,,24.183127962085305,,23.94,25.04,29.77,23.54,29928.2,710.0,96.95000000000073,0.324994762204067,-6068211.760000002,27218917.34,-7226960.539999999,-1186714.79,-27357513.479999997,-780.744067,89110.72,2705,1053,1652,24.011608133086877,4.144508843457624,PUT WALL
2026-07-10T09:02:04 ET,2026-07-10T09:00:00 ET,2026-07-10,Fri,0902ET,AGGREGATE,29831.25,707.585,29847.5,NEAR_FLIP,EXPANSION,,24.183127962085305,,23.94,25.04,29.77,23.54,29929.05,710.0,97.79999999999927,0.32784412319295797,-2580870.0800000005,7157426.720000001,-3097146.0600000005,-273529.32,-11299332.969999999,-296.028822,28500.16,789,256,533,24.374093789607098,1.4123820073134878,PUT WALL
2026-07-10T09:02:04 ET,2026-07-10T09:00:00 ET,2026-07-10,Fri,0902ET,AGGREGATE,29831.25,707.585,29847.5,NEAR_FLIP,EXPANSION,,24.183127962085305,,23.94,25.04,29.77,23.54,29933.06,710.0,101.81000000000131,0.3412864026817559,-21385914.130000003,131561817.11000001,-19663206.629999995,-13550809.95,-111488085.82,-3294.341285999999,249256.19999999998,12001,4954,7047,34.609585034580455,19.055385369876312,PUT WALL
2026-07-10T09:02:04 ET,2026-07-10T09:00:00 ET,2026-07-10,Fri,0902ET,AGGREGATE,29831.25,707.585,29847.5,NEAR_FLIP,EXPANSION,,24.183127962085305,,23.94,25.04,29.77,23.54,29970.35,711.0,139.09999999999854,0.4662895453593079,-923112.9199999999,20352186.740000002,-1488491.1099999994,-1178031.6099999999,-10379738.96,-303.49677499999996,66595.4,2032,975,1057,23.989999999999995,2.239729315534258,PUT WALL
2026-07-10T09:02:04 ET,2026-07-10T09:00:00 ET,2026-07-10,Fri,0902ET,AGGREGATE,29831.25,707.585,29847.5,NEAR_FLIP,EXPANSION,,24.183127962085305,,23.94,25.04,29.77,23.54,29971.2,711.0,139.95000000000073,0.4691389063482111,1680222.1400000001,6359958.02,2961378.56,-319107.29,4771714.32,112.06433100000001,25513.1,709,453,256,24.483906911142455,1.0796479053072645,CALL WALL
2026-07-10T09:02:04 ET,2026-07-10T09:00:00 ET,2026-07-10,Fri,0902ET,AGGREGATE,29831.25,707.585,29847.5,NEAR_FLIP,EXPANSION,,24.183127962085305,,23.94,25.04,29.77,23.54,29975.22,711.0,143.97000000000116,0.4826147077309907,1661877.63,12070136.489999998,2350598.41,-1683772.01,336082.58000000194,9.509690999999975,23115.26,1121,638,483,34.96446922390722,1.6006221907990323,CALL WALL
2026-07-10T09:02:04 ET,2026-07-10T09:00:00 ET,2026-07-10,Fri,0902ET,AGGREGATE,29831.25,707.585,29847.5,NEAR_FLIP,EXPANSION,,24.183127962085305,,23.94,25.04,29.77,23.54,30012.51,712.0,181.2599999999984,0.6076178504085427,-6059415.58,9180177.66,-14415222.840000002,-659774.16,-26029646.74,-738.3283869999999,29853.71,918,158,760,23.928932461873636,3.2012643627210133,PUT WALL + VOL SENSITIVE
2026-07-10T09:02:04 ET,2026-07-10T09:00:00 ET,2026-07-10,Fri,0902ET,AGGREGATE,29831.25,707.585,29847.5,NEAR_FLIP,EXPANSION,,24.183127962085305,,23.94,25.04,29.77,23.54,30013.35,712.0,182.09999999999854,0.6104336895034521,2555624.46,6844236.28,6152343.410000001,-423472.80999999994,6770206.879999999,169.57646799999998,27033.89,756,521,235,24.099999999999998,1.5128740378091272,CALL WALL + VOL SENSITIVE
2026-07-10T09:02:04 ET,2026-07-10T09:00:00 ET,2026-07-10,Fri,0902ET,AGGREGATE,29831.25,707.585,29847.5,NEAR_FLIP,EXPANSION,,24.183127962085305,,23.94,25.04,29.77,23.54,30017.38,712.0,186.13000000000102,0.6239430127802255,6965286.71,21213863.13,13813255.820000002,-3713275.58,8610617.650000002,315.9032430000001,39187.19,1924,1256,668,33.737027027027025,4.396114267165979,CALL WALL
2026-07-10T09:02:04 ET,2026-07-10T09:00:00 ET,2026-07-10,Fri,0902ET,AGGREGATE,29831.25,707.585,29847.5,NEAR_FLIP,EXPANSION,,24.183127962085305,,23.94,25.04,29.77,23.54,30054.66,713.0,223.40999999999985,0.7489126335637959,-2633196.84,5415321.72,-7672383.76,-465521.54,-12991593.91,-363.771044,17436.47,542,138,404,23.68232472324723,1.6767992895536974,PUT WALL + VOL SENSITIVE
2026-07-10T09:02:04 ET,2026-07-10T09:00:00 ET,2026-07-10,Fri,0902ET,AGGREGATE,29831.25,707.585,29847.5,NEAR_FLIP,EXPANSION,,24.183127962085305,,23.94,25.04,29.77,23.54,30055.51,713.0,224.2599999999984,0.7517619945526868,1056265.58,3001329.34,3035213.4899999998,-221414.39,2524728.8500000006,58.008652,12032.94,339,232,107,24.468525073746314,0.6772008817621861,CALL WALL + VOL SENSITIVE
2026-07-10T09:02:04 ET,2026-07-10T09:00:00 ET,2026-07-10,Fri,0902ET,AGGREGATE,29831.25,707.585,29847.5,NEAR_FLIP,EXPANSION,,24.183127962085305,,23.94,25.04,29.77,23.54,30059.54,713.0,228.29000000000087,0.7652713178294603,-15377991.93,31372704.85,-33013517.43,-6631558.83,-74885542.52000001,-2212.4973739999996,59711.979999999996,2966,745,2221,34.796449763991916,10.028861209423127,PUT WALL + VOL SENSITIVE
2026-07-10T09:02:04 ET,2026-07-10T09:00:00 ET,2026-07-10,Fri,0902ET,AGGREGATE,29831.25,707.585,29847.5,NEAR_FLIP,EXPANSION,,24.183127962085305,,23.94,25.04,29.77,23.54,30096.81,714.0,265.5600000000013,0.890207416719049,2983415.2800000003,7029804.88,10733437.540000001,-707276.49,5352273.039999999,142.335844,22910.379999999997,721,516,205,23.853037447988907,1.9004236959158043,CALL WALL + VOL SENSITIVE
2026-07-10T09:02:04 ET,2026-07-10T09:00:00 ET,2026-07-10,Fri,0902ET,AGGREGATE,29831.25,707.585,29847.5,NEAR_FLIP,EXPANSION,,24.183127962085305,,23.94,25.04,29.77,23.54,30097.66,714.0,266.40999999999985,0.8930567777079399,2277034.0900000003,6287782.890000001,8015430.380000001,-537068.06,4467032.1,104.44399200000001,24900.03,709,487,222,24.1772778561354,1.5436554224877017,CALL WALL + VOL SENSITIVE
2026-07-10T09:02:04 ET,2026-07-10T09:00:00 ET,2026-07-10,Fri,0902ET,AGGREGATE,29831.25,707.585,29847.5,NEAR_FLIP,EXPANSION,,24.183127962085305,,23.94,25.04,29.77,23.54,30101.7,714.0,270.4500000000007,0.9065996228786951,-1440113.2999999989,21630472.08,-2783000.289999999,-5347480.02,-24746809.07,-704.3237529999999,40837.64,2064,950,1114,34.501482558139536,3.9522099759755935,PUT WALL
2026-07-10T09:02:04 ET,2026-07-10T09:00:00 ET,2026-07-10,Fri,0902ET,AGGREGATE,29831.25,707.585,29847.5,NEAR_FLIP,EXPANSION,,24.183127962085305,,23.94,25.04,29.77,23.54,30138.96,715.0,307.7099999999991,1.03150219987429,-2032058.2000000002,10527487.379999999,-7860291.830000002,-1201907.74,-17565257.12,-482.09077099999996,33677.36,1078,434,644,23.518831168831166,2.3142818256390063,PUT WALL + VOL SENSITIVE
2026-07-10T09:02:04 ET,2026-07-10T09:00:00 ET,2026-07-10,Fri,0902ET,AGGREGATE,29831.25,707.585,29847.5,NEAR_FLIP,EXPANSION,,24.183127962085305,,23.94,25.04,29.77,23.54,30139.81,715.0,308.5600000000013,1.0343515608631932,-2022282.1700000004,7400745.710000001,-8193475.470000001,-715054.47,-14718597.45,-375.96057399999995,28837.010000000002,832,306,526,23.8978125,1.9264831912559843,PUT WALL + VOL SENSITIVE
2026-07-10T09:02:04 ET,2026-07-10T09:00:00 ET,2026-07-10,Fri,0902ET,AGGREGATE,29831.25,707.585,29847.5,NEAR_FLIP,EXPANSION,,24.183127962085305,,23.94,25.04,29.77,23.54,30143.86,715.0,312.6100000000006,1.0479279279279299,-7727213.530000001,107273283.19,-17114483.97,-30347681.59,-142569845.43,-3994.464921,202303.34,10429,4768,5661,34.464801035573885,21.58122960712423,PUT WALL + VOL SENSITIVE
2026-07-10T09:02:04 ET,2026-07-10T09:00:00 ET,2026-07-10,Fri,0902ET,AGGREGATE,29831.25,707.585,29847.5,NEAR_FLIP,EXPANSION,,24.183127962085305,,23.94,25.04,29.77,23.54,30181.11,716.0,349.8600000000006,1.172796983029543,-568373.32,2352367.96,-2514587.55,-301222.27,-4762737.38,-128.540828,7477.99,244,92,152,23.394918032786887,0.6115408734308236,PUT WALL + VOL SENSITIVE
2026-07-10T09:02:04 ET,2026-07-10T09:00:00 ET,2026-07-10,Fri,0902ET,AGGREGATE,29831.25,707.585,29847.5,NEAR_FLIP,EXPANSION,,24.183127962085305,,23.94,25.04,29.77,23.54,30181.97,716.0,350.72000000000116,1.175679865912428,43893.92000000004,1638960.8399999999,239436.56000000006,-177700.38,-1537223.15,-39.765874000000004,6387.08,187,97,90,23.863368983957223,0.23738588144932787,CALL WALL + VOL SENSITIVE
2026-07-10T09:02:04 ET,2026-07-10T09:00:00 ET,2026-07-10,Fri,0902ET,AGGREGATE,29831.25,707.585,29847.5,NEAR_FLIP,EXPANSION,,24.183127962085305,,23.94,25.04,29.77,23.54,30186.02,716.0,354.77000000000044,1.1892562329771645,4454455.11,14308877.190000001,16415764.379999999,-4556294.66,-2328005.8000000007,-46.91261900000006,26717.75,1412,916,496,34.106912181303116,3.9057948841807075,CALL WALL + VOL SENSITIVE
2026-07-10T09:02:04 ET,2026-07-10T09:00:00 ET,2026-07-10,Fri,0902ET,AGGREGATE,29831.25,707.585,29847.5,NEAR_FLIP,EXPANSION,,24.183127962085305,,23.94,25.04,29.77,23.54,30223.27,717.0,392.02000000000044,1.314125288078778,1996574.4500000002,4318760.87,11012498.030000001,-616199.3099999999,2032411.7999999998,52.57567599999999,13806.869999999999,460,337,123,23.4115,1.5141289751554279,CALL WALL + VOL SENSITIVE
2026-07-10T09:02:04 ET,2026-07-10T09:00:00 ET,2026-07-10,Fri,0902ET,AGGREGATE,29831.25,707.585,29847.5,NEAR_FLIP,EXPANSION,,24.183127962085305,,23.94,25.04,29.77,23.54,30224.12,717.0,392.869999999999,1.316974649067669,-1056067.68,2390003.7,-5486500.040000001,-285595.83,-7238946.34,-179.097121,9191.34,274,77,197,23.64941605839416,0.9344686346625237,PUT WALL + VOL SENSITIVE
2026-07-10T09:02:04 ET,2026-07-10T09:00:00 ET,2026-07-10,Fri,0902ET,AGGREGATE,29831.25,707.585,29847.5,NEAR_FLIP,EXPANSION,,24.183127962085305,,23.94,25.04,29.77,23.54,30228.18,717.0,396.9300000000003,1.3305845380263994,1394577.17,23480621.130000003,8821427.270000003,-8297862.85,-29492408.32,-769.830616,43403.39,2361,1221,1140,33.80194409148666,5.445090351496279,CALL WALL + VOL SENSITIVE
2026-07-10T09:02:04 ET,2026-07-10T09:00:00 ET,2026-07-10,Fri,0902ET,AGGREGATE,29831.25,707.585,29847.5,NEAR_FLIP,EXPANSION,,24.183127962085305,,23.94,25.04,29.77,23.54,30249.26,717.5,418.0099999999984,1.4012486905510106,-558509.7800000003,5709683.54,-1367946.5999999996,-2118197.4,-10925323.8,-287.186907,10593.59,584,256,328,33.945205479452056,1.426381427870743,PUT WALL + VOL SENSITIVE
2026-07-10T09:02:04 ET,2026-07-10T09:00:00 ET,2026-07-10,Fri,0902ET,AGGREGATE,29831.25,707.585,29847.5,NEAR_FLIP,EXPANSION,,24.183127962085305,,23.94,25.04,29.77,23.54,30265.42,718.0,434.16999999999825,1.4554200712340188,797484.81,3331628.41,4959511.09,-521003.95999999996,-1695844.88,-45.851449,10645.73,363,226,137,23.45151515151515,0.8668748859678597,CALL WALL + VOL SENSITIVE
2026-07-10T09:02:04 ET,2026-07-10T09:00:00 ET,2026-07-10,Fri,0902ET,AGGREGATE,29831.25,707.585,29847.5,NEAR_FLIP,EXPANSION,,24.183127962085305,,23.94,25.04,29.77,23.54,30266.28,718.0,435.02999999999884,1.4583029541169037,54151.19000000006,1793883.65,478953.2700000005,-235704.78,-2291563.32,-56.090275,6868.22,209,108,101,23.469808612440193,0.3021117701803349,CALL WALL + VOL SENSITIVE
2026-07-10T09:02:04 ET,2026-07-10T09:00:00 ET,2026-07-10,Fri,0902ET,AGGREGATE,29831.25,707.585,29847.5,NEAR_FLIP,EXPANSION,,24.183127962085305,,23.94,25.04,29.77,23.54,30270.34,718.0,439.09000000000015,1.471912843075634,7839003.290000001,22117333.33,37066819.32,-8593744.55,-7558892.870000001,-164.80353000000002,40576.04,2280,1522,758,33.52121929824562,7.528353656147896,CALL WALL + VOL SENSITIVE
2026-07-10T09:02:04 ET,2026-07-10T09:00:00 ET,2026-07-10,Fri,0902ET,AGGREGATE,29831.25,707.585,29847.5,NEAR_FLIP,EXPANSION,,24.183127962085305,,23.94,25.04,29.77,23.54,30307.57,719.0,476.3199999999997,1.596714854389272,-5480962.36,8362049.64,-35027112.92,-1412417.6300000001,-35213376.81,-896.961653,26354.68,924,158,766,23.31952380952381,4.906299354484514,PUT WALL + VOL SENSITIVE
2026-07-10T09:02:04 ET,2026-07-10T09:00:00 ET,2026-07-10,Fri,0902ET,AGGREGATE,29831.25,707.585,29847.5,NEAR_FLIP,EXPANSION,,24.183127962085305,,23.94,25.04,29.77,23.54,30308.43,719.0,477.1800000000003,1.5995977372721566,1237945.25,2303996.93,8202304.1,-330726.75,1661914.7800000003,37.717899,8885.03,276,213,63,23.544565217391302,1.0159726540315923,CALL WALL + VOL SENSITIVE
2026-07-10T09:02:04 ET,2026-07-10T09:00:00 ET,2026-07-10,Fri,0902ET,AGGREGATE,29831.25,707.585,29847.5,NEAR_FLIP,EXPANSION,,24.183127962085305,,23.94,25.04,29.77,23.54,30312.5,719.0,481.25,1.613241148124869,-2580143.969999999,34874950.19,-7151143.760000005,-14780181.51,-72941374.27,-1852.6977660000002,65328.35,3763,1712,2051,34.24643901142706,9.28914134652841,PUT WALL + VOL SENSITIVE
2026-07-10T09:02:04 ET,2026-07-10T09:00:00 ET,2026-07-10,Fri,0902ET,AGGREGATE,29831.25,707.585,29847.5,NEAR_FLIP,EXPANSION,,24.183127962085305,,23.94,25.04,29.77,23.54,30349.72,720.0,518.4700000000012,1.7380096375445253,-1351192.87,11958998.07,-7632359.210000001,-2191637.67,-27368571.5,-679.0128179999999,37458.04,1357,601,756,23.088975681650698,2.882165381343417,PUT WALL + VOL SENSITIVE
2026-07-10T09:02:04 ET,2026-07-10T09:00:00 ET,2026-07-10,Fri,0902ET,AGGREGATE,29831.25,707.585,29847.5,NEAR_FLIP,EXPANSION,,24.183127962085305,,23.94,25.04,29.77,23.54,30350.58,720.0,519.3300000000017,1.74089252042741,-1567895.2600000002,6773689.859999999,-10344220.45,-1042351.9000000001,-18585702.87,-435.84727799999996,25686.559999999998,819,316,503,23.334090354090353,2.161652321613888,PUT WALL + VOL SENSITIVE
2026-07-10T09:02:04 ET,2026-07-10T09:00:00 ET,2026-07-10,Fri,0902ET,AGGREGATE,29831.25,707.585,29847.5,NEAR_FLIP,EXPANSION,,24.183127962085305,,23.94,25.04,29.77,23.54,30354.66,720.0,523.4099999999999,1.7545694531741036,-15240846.629999995,133984860.91,-55103938.25,-61443563.84,-330005822.47,-8131.472608,250924.74,14970,6517,8453,34.23919772879091,40.80683341700213,PUT WALL + VOL SENSITIVE
2026-07-10T09:02:04 ET,2026-07-10T09:00:00 ET,2026-07-10,Fri,0902ET,AGGREGATE,29831.25,707.585,29847.5,NEAR_FLIP,EXPANSION,,24.183127962085305,,23.94,25.04,29.77,23.54,30391.88,721.0,560.630000000001,1.87933794259376,993374.4999999998,4328553.14,8602337.200000001,-854711.27,-4658391.68,-112.75833,13519.77,507,312,195,22.955384615384617,1.3946467894728731,CALL WALL + VOL SENSITIVE
2026-07-10T09:02:04 ET,2026-07-10T09:00:00 ET,2026-07-10,Fri,0902ET,AGGREGATE,29831.25,707.585,29847.5,NEAR_FLIP,EXPANSION,,24.183127962085305,,23.94,25.04,29.77,23.54,30392.74,721.0,561.4900000000016,1.8822208254766448,16909.980000000214,2157121.74,382217.4799999995,-357224.18,-4069427.6799999997,-93.95021499999999,8188.56,268,136,132,23.31328358208955,0.4029236341154845,CALL WALL + VOL SENSITIVE
2026-07-10T09:02:04 ET,2026-07-10T09:00:00 ET,2026-07-10,Fri,0902ET,AGGREGATE,29831.25,707.585,29847.5,NEAR_FLIP,EXPANSION,,24.183127962085305,,23.94,25.04,29.77,23.54,30396.82,721.0,565.5699999999997,1.8958977582233385,2452820.79,10859091.43,15561214.180000003,-5354324.7700000005,-14251937.18,-333.660851,20101.52,1254,760,494,33.81969696969697,4.012695077361587,CALL WALL + VOL SENSITIVE
2026-07-10T09:02:04 ET,2026-07-10T09:00:00 ET,2026-07-10,Fri,0902ET,AGGREGATE,29831.25,707.585,29847.5,NEAR_FLIP,EXPANSION,,24.183127962085305,,23.94,25.04,29.77,23.54,30434.03,722.0,602.7799999999988,2.020632725749001,-48118277.46,82753770.32,-389592283.57000005,-17338081.15,-390009431.09999996,-9121.439664000001,259068.62,10005,2106,7899,23.209493253373314,52.57527234144588,PUT WALL + VOL SENSITIVE
2026-07-10T09:02:04 ET,2026-07-10T09:00:00 ET,2026-07-10,Fri,0902ET,AGGREGATE,29831.25,707.585,29847.5,NEAR_FLIP,EXPANSION,,24.183127962085305,,23.94,25.04,29.77,23.54,30434.89,722.0,603.6399999999994,2.023515608631886,988612.0200000001,2174632.2,8557245.629999999,-386448.89999999997,-147592.69999999972,-4.525017000000005,8237.029999999999,278,203,75,23.168237410071942,0.9965953620928024,CALL WALL + VOL SENSITIVE
2026-07-10T09:02:04 ET,2026-07-10T09:00:00 ET,2026-07-10,Fri,0902ET,AGGREGATE,29831.25,707.585,29847.5,NEAR_FLIP,EXPANSION,,24.183127962085305,,23.94,25.04,29.77,23.54,30438.98,722.0,607.7299999999996,2.0372260632725734,-697853.0700000003,19076997.09,86417.62999999523,-10065655.36,-49956788.650000006,-1143.4032809999999,35585.42,2304,1095,1209,34.083333333333336,5.585403621942579,PUT WALL
2026-07-10T09:02:04 ET,2026-07-10T09:00:00 ET,2026-07-10,Fri,0902ET,AGGREGATE,29831.25,707.585,29847.5,NEAR_FLIP,EXPANSION,,24.183127962085305,,23.94,25.04,29.77,23.54,30460.06,722.5,628.8100000000013,2.107890215797197,2487033.01,16087171.65,19633166.189999998,-8757528.879999999,-31094162.400000002,-693.294015,29601.739999999998,1978,1129,849,33.61766430738119,6.089781244419113,CALL WALL + VOL SENSITIVE
2026-07-10T09:02:04 ET,2026-07-10T09:00:00 ET,2026-07-10,Fri,0902ET,AGGREGATE,29831.25,707.585,29847.5,NEAR_FLIP,EXPANSION,,24.183127962085305,,23.94,25.04,29.77,23.54,30476.18,723.0,644.9300000000003,2.1619275089042542,2241402.93,4498004.93,21315687.619999997,-1012869.1699999999,-1106112.1400000006,-26.35006100000001,13969.039999999999,566,425,141,22.784381625441693,2.401051305427838,CALL WALL + VOL SENSITIVE
2026-07-10T09:02:04 ET,2026-07-10T09:00:00 ET,2026-07-10,Fri,0902ET,AGGREGATE,29831.25,707.585,29847.5,NEAR_FLIP,EXPANSION,,24.183127962085305,,23.94,25.04,29.77,23.54,30477.04,723.0,645.7900000000009,2.164810391787139,2101422.42,3655422.1799999997,19573019.63,-691784.7200000001,1191177.8900000006,24.02801000000001,13731.869999999999,480,379,101,22.956791666666668,2.1156989360190632,CALL WALL + VOL SENSITIVE
2026-07-10T09:02:04 ET,2026-07-10T09:00:00 ET,2026-07-10,Fri,0902ET,AGGREGATE,29831.25,707.585,29847.5,NEAR_FLIP,EXPANSION,,24.183127962085305,,23.94,25.04,29.77,23.54,30481.13,723.0,649.880000000001,2.1785208464278267,5069119.259999999,13958163.32,36815359.09,-7829361.43,-15934126.479999999,-343.53277799999995,25270.21,1750,1183,567,33.0616,6.793413641980209,CALL WALL + VOL SENSITIVE
2026-07-10T09:02:04 ET,2026-07-10T09:00:00 ET,2026-07-10,Fri,0902ET,AGGREGATE,29831.25,707.585,29847.5,NEAR_FLIP,EXPANSION,,24.183127962085305,,23.94,25.04,29.77,23.54,30518.33,724.0,687.0800000000017,2.303222292059507,-1318022.9099999997,7190992.109999999,-11176447.64,-1705151.0699999998,-25289046.0,-551.8360729999999,22440.239999999998,939,387,552,23.078051118210862,2.5701375051060333,PUT WALL + VOL SENSITIVE
2026-07-10T09:02:04 ET,2026-07-10T09:00:00 ET,2026-07-10,Fri,0902ET,AGGREGATE,29831.25,707.585,29847.5,NEAR_FLIP,EXPANSION,,24.183127962085305,,23.94,25.04,29.77,23.54,30519.2,724.0,687.9500000000007,2.3061386968363737,-4873173.22,8104553.44,-45067994.01,-1603997.1099999999,-43816777.419999994,-924.41263,30299.93,1089,220,869,23.18717171717172,5.716161533050665,PUT WALL + VOL SENSITIVE
2026-07-10T09:02:04 ET,2026-07-10T09:00:00 ET,2026-07-10,Fri,0902ET,AGGREGATE,29831.25,707.585,29847.5,NEAR_FLIP,EXPANSION,,24.183127962085305,,23.94,25.04,29.77,23.54,30523.29,724.0,692.0400000000009,2.319849151477061,12286380.33,27524587.310000002,90323988.05999999,-16386995.05,-25037438.359999996,-518.5929879999999,50318.51,3633,2616,1017,33.36501238645747,15.096641896359747,CALL WALL + VOL SENSITIVE
2026-07-10T09:02:04 ET,2026-07-10T09:00:00 ET,2026-07-10,Fri,0902ET,AGGREGATE,29831.25,707.585,29847.5,NEAR_FLIP,EXPANSION,,24.183127962085305,,23.94,25.04,29.77,23.54,30560.49,725.0,729.2400000000016,2.444550597108742,842335.1600000001,9517540.24,12107594.079999998,-2388664.0700000003,-24145086.560000002,-506.77507099999997,29238.71,1295,709,586,22.658710424710424,2.973211924365228,CALL WALL + VOL SENSITIVE
2026-07-10T09:02:04 ET,2026-07-10T09:00:00 ET,2026-07-10,Fri,0902ET,AGGREGATE,29831.25,707.585,29847.5,NEAR_FLIP,EXPANSION,,24.183127962085305,,23.94,25.04,29.77,23.54,30561.35,725.0,730.0999999999985,2.4474334799916146,-4772175.3100000005,10352107.35,-46261082.91,-2166141.84,-52168655.64,-1066.3828720000001,38569.05,1439,393,1046,23.088908964558723,6.323573349142567,PUT WALL + VOL SENSITIVE
2026-07-10T09:02:04 ET,2026-07-10T09:00:00 ET,2026-07-10,Fri,0902ET,AGGREGATE,29831.25,707.585,29847.5,NEAR_FLIP,EXPANSION,,24.183127962085305,,23.94,25.04,29.77,23.54,30565.45,725.0,734.2000000000007,2.461177456526296,26795672.62,64849763.86,217074152.85,-40770258.53,-83170887.63,-1663.514797,117179.6,9027,6362,2665,32.963954802259885,36.97352318680435,CALL WALL + VOL SENSITIVE
2026-07-10T09:02:04 ET,2026-07-10T09:00:00 ET,2026-07-10,Fri,0902ET,AGGREGATE,29831.25,707.585,29847.5,NEAR_FLIP,EXPANSION,,24.183127962085305,,23.94,25.04,29.77,23.54,30602.64,726.0,771.3899999999994,2.585845380263983,708750.69,2934408.59,8665454.38,-777097.95,-5889517.330000001,-119.019181,9045.6,419,262,157,22.704749403341292,1.2902943606189714,CALL WALL + VOL SENSITIVE
2026-07-10T09:02:04 ET,2026-07-10T09:00:00 ET,2026-07-10,Fri,0902ET,AGGREGATE,29831.25,707.585,29847.5,NEAR_FLIP,EXPANSION,,24.183127962085305,,23.94,25.04,29.77,23.54,30603.5,726.0,772.25,2.5887282631468675,1452924.26,4036299.9800000004,16573957.249999998,-898353.49,-4700135.97,-95.116239,15082.18,587,402,185,22.923458262350938,2.039560281300051,CALL WALL + VOL SENSITIVE
2026-07-10T09:02:04 ET,2026-07-10T09:00:00 ET,2026-07-10,Fri,0902ET,AGGREGATE,29831.25,707.585,29847.5,NEAR_FLIP,EXPANSION,,24.183127962085305,,23.94,25.04,29.77,23.54,30607.61,726.0,776.3600000000006,2.602505761575531,-332194.1500000004,16289488.75,2734244.9099999964,-10826071.99,-59714279.85000001,-1143.131391,30423.78,2399,1174,1225,34.01316381825761,6.000840483088175,PUT WALL + VOL SENSITIVE
2026-07-10T09:02:04 ET,2026-07-10T09:00:00 ET,2026-07-10,Fri,0902ET,AGGREGATE,29831.25,707.585,29847.5,NEAR_FLIP,EXPANSION,,24.183127962085305,,23.94,25.04,29.77,23.54,30644.79,727.0,813.5400000000009,2.7271401634192363,644652.98,1456727.12,8138203.260000001,-405752.49,-1782416.1900000002,-34.825187,4419.28,219,159,60,22.295205479452054,0.9231748906298772,CALL WALL + VOL SENSITIVE
2026-07-10T09:02:04 ET,2026-07-10T09:00:00 ET,2026-07-10,Fri,0902ET,AGGREGATE,29831.25,707.585,29847.5,NEAR_FLIP,EXPANSION,,24.183127962085305,,23.94,25.04,29.77,23.54,30645.66,727.0,814.4099999999999,2.7300565681961024,3657271.7,4289524.78,43320451.52,-1008482.7000000001,5245348.51,96.23398,15828.16,651,604,47,22.48909370199693,4.184172434125163,CALL WALL + VOL SENSITIVE
2026-07-10T09:02:04 ET,2026-07-10T09:00:00 ET,2026-07-10,Fri,0902ET,AGGREGATE,29831.25,707.585,29847.5,NEAR_FLIP,EXPANSION,,24.183127962085305,,23.94,25.04,29.77,23.54,30649.77,727.0,818.5200000000004,2.743834066624766,9401805.71,17590754.77,82534459.54,-12236918.739999998,-18246174.67,-334.484972,31669.949999999997,2757,2120,637,32.795636561479874,12.304586476015471,CALL WALL + VOL SENSITIVE
2026-07-10T09:02:04 ET,2026-07-10T09:00:00 ET,2026-07-10,Fri,0902ET,AGGREGATE,29831.25,707.585,29847.5,NEAR_FLIP,EXPANSION,,24.183127962085305,,23.94,25.04,29.77,23.54,30670.85,727.5,839.5999999999985,2.8144982191493773,1373650.8199999998,5498282.24,13573312.750000002,-3926496.63,-14876058.4,-263.70029,10070.7,888,558,330,33.30614864864865,3.038012995760364,CALL WALL + VOL SENSITIVE
2026-07-10T09:02:04 ET,2026-07-10T09:00:00 ET,2026-07-10,Fri,0902ET,AGGREGATE,29831.25,707.585,29847.5,NEAR_FLIP,EXPANSION,,24.183127962085305,,23.94,25.04,29.77,23.54,30686.94,728.0,855.6899999999987,2.868434946574477,767376.1000000001,1849532.0,10103092.82,-539849.3500000001,-2877212.49,-53.396172,5645.780000000001,293,209,84,22.441023890784983,1.177448074582549,CALL WALL + VOL SENSITIVE
2026-07-10T09:02:04 ET,2026-07-10T09:00:00 ET,2026-07-10,Fri,0902ET,AGGREGATE,29831.25,707.585,29847.5,NEAR_FLIP,EXPANSION,,24.183127962085305,,23.94,25.04,29.77,23.54,30687.81,728.0,856.5600000000013,2.8713513513513558,1616305.51,2249660.5300000003,20243968.25,-553273.84,904755.46,14.726083000000003,8302.31,356,307,49,22.536713483146066,1.9731140748731297,CALL WALL + VOL SENSITIVE
2026-07-10T09:02:04 ET,2026-07-10T09:00:00 ET,2026-07-10,Fri,0902ET,AGGREGATE,29831.25,707.585,29847.5,NEAR_FLIP,EXPANSION,,24.183127962085305,,23.94,25.04,29.77,23.54,30691.93,728.0,860.6800000000003,2.8851623716740002,-29046421.15,50221648.089999996,-226158425.89000005,-37023936.89,-379469834.82,-6506.978563000001,97082.79000000001,8297,1769,6528,34.980012052549114,41.01712334232246,PUT WALL + VOL SENSITIVE
2026-07-10T09:02:04 ET,2026-07-10T09:00:00 ET,2026-07-10,Fri,0902ET,AGGREGATE,29831.25,707.585,29847.5,NEAR_FLIP,EXPANSION,,24.183127962085305,,23.94,25.04,29.77,23.54,30729.1,729.0,897.8499999999985,3.0097632516237116,1082305.13,2720339.75,15133337.639999999,-829895.8300000001,-5126464.029999999,-90.18171199999999,8270.880000000001,456,322,134,22.353815789473686,1.78486176492263,CALL WALL + VOL SENSITIVE
2026-07-10T09:02:04 ET,2026-07-10T09:00:00 ET,2026-07-10,Fri,0902ET,AGGREGATE,29831.25,707.585,29847.5,NEAR_FLIP,EXPANSION,,24.183127962085305,,23.94,25.04,29.77,23.54,30729.96,729.0,898.7099999999991,3.0126461345065967,619203.03,1040358.8300000001,8291090.050000001,-266960.21,-463082.47,-8.886383999999996,3809.7400000000002,172,138,34,22.406162790697675,0.8343277936650982,CALL WALL + VOL SENSITIVE
2026-07-10T09:02:04 ET,2026-07-10T09:00:00 ET,2026-07-10,Fri,0902ET,AGGREGATE,29831.25,707.585,29847.5,NEAR_FLIP,EXPANSION,,24.183127962085305,,23.94,25.04,29.77,23.54,30734.09,729.0,902.8400000000001,3.0264906767232356,3254835.6399999997,10560823.04,33222737.720000003,-8078733.399999999,-29564053.65,-481.37104899999997,19372.53,1882,1243,639,33.28003719447396,6.640109962330485,CALL WALL + VOL SENSITIVE
2026-07-10T09:02:04 ET,2026-07-10T09:00:00 ET,2026-07-10,Fri,0902ET,AGGREGATE,29831.25,707.585,29847.5,NEAR_FLIP,EXPANSION,,24.183127962085305,,23.94,25.04,29.77,23.54,30771.25,730.0,940.0,3.151058034778965,2838313.0999999996,8584418.94,42688787.0,-2730754.81,-21891537.61,-362.905783,26022.66,1527,1030,497,22.299862475442044,5.395418689703762,CALL WALL + VOL SENSITIVE
2026-07-10T09:02:04 ET,2026-07-10T09:00:00 ET,2026-07-10,Fri,0902ET,AGGREGATE,29831.25,707.585,29847.5,NEAR_FLIP,EXPANSION,,24.183127962085305,,23.94,25.04,29.77,23.54,30772.12,730.0,940.869999999999,3.1539744395558316,-340025.1699999999,7177458.33,-1616028.3700000048,-1904510.66,-32019170.129999995,-538.1869989999999,26316.11,1232,597,635,22.661103896103896,2.055319993837064,PUT WALL + VOL SENSITIVE
2026-07-10T09:02:04 ET,2026-07-10T09:00:00 ET,2026-07-10,Fri,0902ET,AGGREGATE,29831.25,707.585,29847.5,NEAR_FLIP,EXPANSION,,24.183127962085305,,23.94,25.04,29.77,23.54,30776.25,730.0,945.0,3.1678189817724705,28536488.990000002,64932945.410000004,288236825.06999993,-51826855.7,-146251915.70999998,-2244.990347,119126.15,12383,8991,3392,33.26516918355811,47.97607796389382,CALL WALL + VOL SENSITIVE
2026-07-10T09:02:04 ET,2026-07-10T09:00:00 ET,2026-07-10,Fri,0902ET,AGGREGATE,29831.25,707.585,29847.5,NEAR_FLIP,EXPANSION,,24.183127962085305,,23.94,25.04,29.77,23.54,30813.4,731.0,982.1500000000015,3.292352817934218,624975.1400000001,2782787.46,10200573.36,-921711.89,-9810177.7,-152.549692,8473.630000000001,525,327,198,22.41011428571429,1.5318676030926883,CALL WALL + VOL SENSITIVE
2026-07-10T09:02:04 ET,2026-07-10T09:00:00 ET,2026-07-10,Fri,0902ET,AGGREGATE,29831.25,707.585,29847.5,NEAR_FLIP,EXPANSION,,24.183127962085305,,23.94,25.04,29.77,23.54,30814.27,731.0,983.0200000000004,3.295269222711085,547038.74,648583.4199999999,7920967.12,-181472.27,512325.67999999993,7.535176999999999,2364.49,119,110,9,22.230504201680674,0.7391432161763413,CALL WALL + VOL SENSITIVE
2026-07-10T09:02:04 ET,2026-07-10T09:00:00 ET,2026-07-10,Fri,0902ET,AGGREGATE,29831.25,707.585,29847.5,NEAR_FLIP,EXPANSION,,24.183127962085305,,23.94,25.04,29.77,23.54,30818.41,731.0,987.1599999999999,3.309147286821705,4889961.4399999995,12767305.639999999,52052831.79000001,-10639669.21,-37414777.24,-536.386714,23578.93,2616,1831,785,33.37827981651376,9.379019636697146,CALL WALL + VOL SENSITIVE
2026-07-10T09:02:04 ET,2026-07-10T09:00:00 ET,2026-07-10,Fri,0902ET,AGGREGATE,29831.25,707.585,29847.5,NEAR_FLIP,EXPANSION,,24.183127962085305,,23.94,25.04,29.77,23.54,30855.55,732.0,1024.2999999999993,3.4336476010894588,1052072.08,2157674.56,16837976.12,-744759.22,-4516722.51,-67.08743799999999,6483.39,440,332,108,22.035727272727275,1.8403153629015165,CALL WALL + VOL SENSITIVE
2026-07-10T09:02:04 ET,2026-07-10T09:00:00 ET,2026-07-10,Fri,0902ET,AGGREGATE,29831.25,707.585,29847.5,NEAR_FLIP,EXPANSION,,24.183127962085305,,23.94,25.04,29.77,23.54,30856.43,732.0,1025.1800000000003,3.43659752776032,1532760.84,1811523.64,23199742.04,-527005.4,1280192.36,17.604685999999997,6587.450000000001,351,325,26,22.171481481481482,2.15698927800868,CALL WALL + VOL SENSITIVE
2026-07-10T09:02:04 ET,2026-07-10T09:00:00 ET,2026-07-10,Fri,0902ET,AGGREGATE,29831.25,707.585,29847.5,NEAR_FLIP,EXPANSION,,24.183127962085305,,23.94,25.04,29.77,23.54,30860.57,732.0,1029.3199999999997,3.4504755918709398,15461551.8,18836817.080000002,165284069.6,-16172618.73,-1014886.1100000031,-29.938924999999983,33390.16,4253,3892,361,32.241408417587586,20.452874653408966,CALL WALL + VOL SENSITIVE
2026-07-10T09:02:04 ET,2026-07-10T09:00:00 ET,2026-07-10,Fri,0902ET,AGGREGATE,29831.25,707.585,29847.5,NEAR_FLIP,EXPANSION,,24.183127962085305,,23.94,25.04,29.77,23.54,30881.65,732.5,1050.4000000000015,3.5211397443955637,2599317.95,5059554.53,28989177.66,-4465332.42,-12518786.99,-162.84082,9239.25,1176,903,273,32.931785714285716,4.476604184003713,CALL WALL + VOL SENSITIVE
2026-07-10T09:02:04 ET,2026-07-10T09:00:00 ET,2026-07-10,Fri,0902ET,AGGREGATE,29831.25,707.585,29847.5,NEAR_FLIP,EXPANSION,,24.183127962085305,,23.94,25.04,29.77,23.54,30897.71,733.0,1066.4599999999991,3.5749759061386936,425366.74,2735406.88,8045064.419999998,-979603.3099999999,-13164120.870000001,-179.677065,8332.07,590,349,241,22.371440677966103,1.4504037810970734,CALL WALL + VOL SENSITIVE
2026-07-10T09:02:04 ET,2026-07-10T09:00:00 ET,2026-07-10,Fri,0902ET,AGGREGATE,29831.25,707.585,29847.5,NEAR_FLIP,EXPANSION,,24.183127962085305,,23.94,25.04,29.77,23.54,30898.58,733.0,1067.3300000000017,3.5778923109155722,648411.4600000001,739828.6,10243369.54,-223508.29,600568.42,7.867749,2679.88,152,143,9,22.082105263157896,0.9435673377821101,CALL WALL + VOL SENSITIVE
2026-07-10T09:02:04 ET,2026-07-10T09:00:00 ET,2026-07-10,Fri,0902ET,AGGREGATE,29831.25,707.585,29847.5,NEAR_FLIP,EXPANSION,,24.183127962085305,,23.94,25.04,29.77,23.54,30902.73,733.0,1071.4799999999996,3.5918038969201747,6199912.62,9471501.56,68712651.93,-8493143.27,-14170117.530000001,-180.03659499999998,17225.11,2285,1908,377,32.880157549234134,9.48887782239159,CALL WALL + VOL SENSITIVE
2026-07-10T09:02:04 ET,2026-07-10T09:00:00 ET,2026-07-10,Fri,0902ET,AGGREGATE,29831.25,707.585,29847.5,NEAR_FLIP,EXPANSION,,24.183127962085305,,23.94,25.04,29.77,23.54,30939.86,734.0,1108.6100000000006,3.716270689293947,611885.3,1451571.18,10480012.349999998,-540539.86,-4627132.88,-59.27721299999999,4415.53,338,244,94,22.260414201183433,1.222888245469766,CALL WALL + VOL SENSITIVE
2026-07-10T09:02:04 ET,2026-07-10T09:00:00 ET,2026-07-10,Fri,0902ET,AGGREGATE,29831.25,707.585,29847.5,NEAR_FLIP,EXPANSION,,24.183127962085305,,23.94,25.04,29.77,23.54,30940.73,734.0,1109.4799999999996,3.719187094070814,312196.37,436907.97,5182718.21,-136564.07,-212267.96000000008,-3.267498,1580.1899999999998,95,82,13,22.095894736842105,0.49305084460077403,CALL WALL + VOL SENSITIVE
2026-07-10T09:02:04 ET,2026-07-10T09:00:00 ET,2026-07-10,Fri,0902ET,AGGREGATE,29831.25,707.585,29847.5,NEAR_FLIP,EXPANSION,,24.183127962085305,,23.94,25.04,29.77,23.54,30944.89,734.0,1113.6399999999994,3.7331322019694095,1404519.9699999997,4077120.55,16638090.5,-3839835.27,-18049111.689999998,-206.666913,7663.120000000001,1058,725,333,33.52694706994329,3.2889804726486416,CALL WALL + VOL SENSITIVE
2026-07-10T09:02:04 ET,2026-07-10T09:00:00 ET,2026-07-10,Fri,0902ET,AGGREGATE,29831.25,707.585,29847.5,NEAR_FLIP,EXPANSION,,24.183127962085305,,23.94,25.04,29.77,23.54,30982.01,735.0,1150.7599999999984,3.857565472449188,3977581.54,4314120.76,69193589.36000001,-1663904.6300000001,2839674.76,28.920557,12758.93,1118,1077,41,21.60014311270125,6.422464737105516,CALL WALL + VOL SENSITIVE
2026-07-10T09:02:04 ET,2026-07-10T09:00:00 ET,2026-07-10,Fri,0902ET,AGGREGATE,29831.25,707.585,29847.5,NEAR_FLIP,EXPANSION,,24.183127962085305,,23.94,25.04,29.77,23.54,30982.89,735.0,1151.6399999999994,3.8605153991200485,-544691.5899999999,3799908.09,-6914615.75,-1218858.46,-28198554.49,-361.024767,13822.18,861,380,481,22.43747967479675,1.818402635294998,PUT WALL + VOL SENSITIVE
2026-07-10T09:02:04 ET,2026-07-10T09:00:00 ET,2026-07-10,Fri,0902ET,AGGREGATE,29831.25,707.585,29847.5,NEAR_FLIP,EXPANSION,,24.183127962085305,,23.94,25.04,29.77,23.54,30987.05,735.0,1155.7999999999993,3.874460507018644,12785771.16,27591263.94,154597260.38,-26936650.380000003,-106994677.67,-1123.360608,51407.47,7923,5903,2020,33.11140098447558,26.02355873719675,CALL WALL + VOL SENSITIVE
2026-07-10T09:02:04 ET,2026-07-10T09:00:00 ET,2026-07-10,Fri,0902ET,AGGREGATE,29831.25,707.585,29847.5,NEAR_FLIP,EXPANSION,,24.183127962085305,,23.94,25.04,29.77,23.54,31024.16,736.0,1192.9099999999999,3.998860255604441,3417257.85,3910311.69,61355854.69,-1559592.51,600549.54,2.858554000000005,11649.449999999999,1087,1023,64,21.760082796688135,5.750113326975357,CALL WALL + VOL SENSITIVE
2026-07-10T09:02:04 ET,2026-07-10T09:00:00 ET,2026-07-10,Fri,0902ET,AGGREGATE,29831.25,707.585,29847.5,NEAR_FLIP,EXPANSION,,24.183127962085305,,23.94,25.04,29.77,23.54,31025.04,736.0,1193.7900000000009,4.001810182275301,44429.76999999999,179590.03,862292.52,-59961.95999999999,-861160.0,-10.371636,650.45,44,28,16,22.175454545454546,0.11905629832098305,CALL WALL + VOL SENSITIVE
2026-07-10T09:02:04 ET,2026-07-10T09:00:00 ET,2026-07-10,Fri,0902ET,AGGREGATE,29831.25,707.585,29847.5,NEAR_FLIP,EXPANSION,,24.183127962085305,,23.94,25.04,29.77,23.54,31029.2,736.0,1197.9500000000007,4.015755290173898,3774855.8600000003,4834957.86,45659258.54,-4816631.07,-5194540.959999999,-51.45044,8827.65,1504,1346,158,32.913909574468086,5.960653586307598,CALL WALL + VOL SENSITIVE
2026-07-10T09:02:04 ET,2026-07-10T09:00:00 ET,2026-07-10,Fri,0902ET,AGGREGATE,29831.25,707.585,29847.5,NEAR_FLIP,EXPANSION,,24.183127962085305,,23.94,25.04,29.77,23.54,31066.32,737.0,1235.0699999999997,4.140188560653676,654581.2200000001,838277.88,12342585.33,-345806.49,-781539.0200000001,-8.550500000000001,2486.0,256,230,26,21.61078125,1.1940915403227883,CALL WALL + VOL SENSITIVE
2026-07-10T09:02:04 ET,2026-07-10T09:00:00 ET,2026-07-10,Fri,0902ET,AGGREGATE,29831.25,707.585,29847.5,NEAR_FLIP,EXPANSION,,24.183127962085305,,23.94,25.04,29.77,23.54,31067.19,737.0,1235.9399999999987,4.143104965430543,2118020.1199999996,2274477.1,39201597.980000004,-788141.4,1979076.4100000001,20.091607000000003,8116.799999999999,610,590,20,21.72737704918033,3.567118182122858,CALL WALL + VOL SENSITIVE
2026-07-10T09:02:04 ET,2026-07-10T09:00:00 ET,2026-07-10,Fri,0902ET,AGGREGATE,29831.25,707.585,29847.5,NEAR_FLIP,EXPANSION,,24.183127962085305,,23.94,25.04,29.77,23.54,31071.36,737.0,1240.1100000000006,4.157083595223132,1292235.9700000002,9361644.53,16065418.440000005,-10107510.370000001,-80603774.58000001,-698.771811,18565.78,3181,1861,1320,33.98754165356806,6.929256593062218,CALL WALL + VOL SENSITIVE
2026-07-10T09:02:04 ET,2026-07-10T09:00:00 ET,2026-07-10,Fri,0902ET,AGGREGATE,29831.25,707.585,29847.5,NEAR_FLIP,EXPANSION,,24.183127962085305,,23.94,25.04,29.77,23.54,31092.44,737.5,1261.1899999999987,4.227747747747744,1246597.98,2171459.98,15805605.580000002,-2312475.4699999997,-8454635.62,-70.760158,4088.91,777,619,158,33.24015444015444,2.463920566376673,CALL WALL + VOL SENSITIVE
2026-07-10T09:02:04 ET,2026-07-10T09:00:00 ET,2026-07-10,Fri,0902ET,AGGREGATE,29831.25,707.585,29847.5,NEAR_FLIP,EXPANSION,,24.183127962085305,,23.94,25.04,29.77,23.54,31108.47,738.0,1277.2200000000012,4.2814833438089295,1095494.55,1265403.99,21025002.79,-539685.1599999999,-325922.42999999993,-3.4227399999999992,3777.46,418,391,27,21.724641148325357,1.9961580697877137,CALL WALL + VOL SENSITIVE
2026-07-10T09:02:04 ET,2026-07-10T09:00:00 ET,2026-07-10,Fri,0902ET,AGGREGATE,29831.25,707.585,29847.5,NEAR_FLIP,EXPANSION,,24.183127962085305,,23.94,25.04,29.77,23.54,31109.35,738.0,1278.0999999999985,4.284433270479777,2538075.42,2722559.42,48186870.980000004,-973426.46,2254975.67,21.416565,9787.05,776,751,25,21.890605670103092,4.394149476311275,CALL WALL + VOL SENSITIVE
2026-07-10T09:02:04 ET,2026-07-10T09:00:00 ET,2026-07-10,Fri,0902ET,AGGREGATE,29831.25,707.585,29847.5,NEAR_FLIP,EXPANSION,,24.183127962085305,,23.94,25.04,29.77,23.54,31113.52,738.0,1282.2700000000004,4.298411900272367,2650755.14,2765552.6,34425508.76,-2903236.88,1658403.53,11.813635999999999,4919.07,1055,1034,21,32.39658767772512,4.188905911553125,CALL WALL + VOL SENSITIVE
2026-07-10T09:02:04 ET,2026-07-10T09:00:00 ET,2026-07-10,Fri,0902ET,AGGREGATE,29831.25,707.585,29847.5,NEAR_FLIP,EXPANSION,,24.183127962085305,,23.94,25.04,29.77,23.54,31150.62,739.0,1319.369999999999,4.42277812696417,591066.13,636925.8099999999,11791051.72,-279404.27,204229.20999999996,1.3646150000000006,1880.8,233,225,8,21.521802575107294,1.1080201272153367,CALL WALL + VOL SENSITIVE
2026-07-10T09:02:04 ET,2026-07-10T09:00:00 ET,2026-07-10,Fri,0902ET,AGGREGATE,29831.25,707.585,29847.5,NEAR_FLIP,EXPANSION,,24.183127962085305,,23.94,25.04,29.77,23.54,31151.5,739.0,1320.25,4.42572805363503,1061694.14,1225415.34,21044801.18,-451679.75,44873.070000000065,-0.4417080000000002,4374.78,379,355,24,21.732189973614776,1.9392945483994655,CALL WALL + VOL SENSITIVE
2026-07-10T09:02:04 ET,2026-07-10T09:00:00 ET,2026-07-10,Fri,0902ET,AGGREGATE,29831.25,707.585,29847.5,NEAR_FLIP,EXPANSION,,24.183127962085305,,23.94,25.04,29.77,23.54,31155.68,739.0,1324.4300000000003,4.439740205321602,2734380.29,2827009.25,36418426.019999996,-3058348.5,1828767.2600000002,12.284489,5055.41,1176,1157,19,32.578988095238095,4.461610449797154,CALL WALL + VOL SENSITIVE
2026-07-10T09:02:04 ET,2026-07-10T09:00:00 ET,2026-07-10,Fri,0902ET,AGGREGATE,29831.25,707.585,29847.5,NEAR_FLIP,EXPANSION,,24.183127962085305,,23.94,25.04,29.77,23.54,31192.77,740.0,1361.5200000000004,4.564072910119423,2031665.8200000003,2282537.16,41654218.25,-1035077.23,-749590.7200000002,-5.869140000000002,6787.53,913,864,49,21.586604600219054,3.9898551759149186,CALL WALL + VOL SENSITIVE
2026-07-10T09:02:04 ET,2026-07-10T09:00:00 ET,2026-07-10,Fri,0902ET,AGGREGATE,29831.25,707.585,29847.5,NEAR_FLIP,EXPANSION,,24.183127962085305,,23.94,25.04,29.77,23.54,31193.65,740.0,1362.4000000000015,4.567022836790283,226248.45999999996,2146944.92,4819352.25,-831645.9299999999,-19203201.01,-166.683505,7959.85,712,399,313,22.11192415730337,1.2398091387613897,CALL WALL + VOL SENSITIVE
2026-07-10T09:02:04 ET,2026-07-10T09:00:00 ET,2026-07-10,Fri,0902ET,AGGREGATE,29831.25,707.585,29847.5,NEAR_FLIP,EXPANSION,,24.183127962085305,,23.94,25.04,29.77,23.54,31197.84,740.0,1366.5900000000001,4.581068510370836,14600265.209999999,14690302.17,199714957.03,-16312524.09,14665066.520000001,91.27546000000001,26272.86,6679,6658,21,32.69329989519389,24.48786034166851,CALL WALL + VOL SENSITIVE
2026-07-10T09:02:04 ET,2026-07-10T09:00:00 ET,2026-07-10,Fri,0902ET,AGGREGATE,29831.25,707.585,29847.5,NEAR_FLIP,EXPANSION,,24.183127962085305,,23.94,25.04,29.77,23.54,31234.92,741.0,1403.6699999999983,4.705367693274664,468402.51,495402.17000000004,9873014.76,-230652.66999999998,154132.87,1.0320319999999996,1469.8999999999999,217,211,6,21.58921658986175,0.938710814966047,CALL WALL + VOL SENSITIVE
2026-07-10T09:02:04 ET,2026-07-10T09:00:00 ET,2026-07-10,Fri,0902ET,AGGREGATE,29831.25,707.585,29847.5,NEAR_FLIP,EXPANSION,,24.183127962085305,,23.94,25.04,29.77,23.54,31235.81,741.0,1404.5600000000013,4.708351141839518,463196.18,474485.01999999996,9748026.94,-185266.7,506233.26,3.9149439999999998,1685.79,172,170,2,21.623720930232558,0.8885291904229841,CALL WALL + VOL SENSITIVE
2026-07-10T09:02:04 ET,2026-07-10T09:00:00 ET,2026-07-10,Fri,0902ET,AGGREGATE,29831.25,707.585,29847.5,NEAR_FLIP,EXPANSION,,24.183127962085305,,23.94,25.04,29.77,23.54,31240.0,741.0,1408.75,4.722396815420071,2167396.93,2174902.97,30416043.779999997,-2483792.86,2215089.55,12.595468,3904.52,1084,1082,2,32.837767527675275,3.7665482304683584,CALL WALL + VOL SENSITIVE
2026-07-10T09:02:04 ET,2026-07-10T09:00:00 ET,2026-07-10,Fri,0902ET,AGGREGATE,29831.25,707.585,29847.5,NEAR_FLIP,EXPANSION,,24.183127962085305,,23.94,25.04,29.77,23.54,31277.08,742.0,1445.8300000000017,4.846695998323911,948383.85,948383.85,20617999.6,-451543.18,1081852.21,6.34804,2795.12,456,456,0,21.57,1.956843842006882,CALL WALL + VOL SENSITIVE
2026-07-10T09:02:04 ET,2026-07-10T09:00:00 ET,2026-07-10,Fri,0902ET,AGGREGATE,29831.25,707.585,29847.5,NEAR_FLIP,EXPANSION,,24.183127962085305,,23.94,25.04,29.77,23.54,31277.96,742.0,1446.7099999999991,4.84964592499476,1482855.96,1487956.48,32303754.73,-596729.9600000001,1902941.27,13.535417,5251.629999999999,590,589,1,21.502169491525425,2.952896780251003,CALL WALL + VOL SENSITIVE
2026-07-10T09:02:04 ET,2026-07-10T09:00:00 ET,2026-07-10,Fri,0902ET,AGGREGATE,29831.25,707.585,29847.5,NEAR_FLIP,EXPANSION,,24.183127962085305,,23.94,25.04,29.77,23.54,31282.16,742.0,1450.9099999999999,4.863725120469306,2099065.41,2115020.37,30197305.009999998,-2486124.94,1909618.0300000003,10.039878999999999,3815.46,1161,1156,5,32.958217054263564,3.795758079374795,CALL WALL + VOL SENSITIVE
2026-07-10T09:02:04 ET,2026-07-10T09:00:00 ET,2026-07-10,Fri,0902ET,AGGREGATE,29831.25,707.585,29847.5,NEAR_FLIP,EXPANSION,,24.183127962085305,,23.94,25.04,29.77,23.54,31303.24,742.5,1471.9900000000016,4.93438927299393,815542.11,841786.5299999999,11823163.33,-1010406.1900000001,271239.4199999999,1.797365,1535.03,487,478,9,33.05872689938398,1.5149967751642763,CALL WALL + VOL SENSITIVE
2026-07-10T09:02:04 ET,2026-07-10T09:00:00 ET,2026-07-10,Fri,0902ET,AGGREGATE,29831.25,707.585,29847.5,NEAR_FLIP,EXPANSION,,24.183127962085305,,23.94,25.04,29.77,23.54,31319.23,743.0,1487.9799999999996,4.987990781479152,269223.25,269223.25,6023186.7,-131668.85,300781.04,1.597642,793.15,143,143,0,21.57,0.5758821637650795,CALL WALL + VOL SENSITIVE
2026-07-10T09:02:04 ET,2026-07-10T09:00:00 ET,2026-07-10,Fri,0902ET,AGGREGATE,29831.25,707.585,29847.5,NEAR_FLIP,EXPANSION,,24.183127962085305,,23.94,25.04,29.77,23.54,31320.11,743.0,1488.8600000000006,4.990940708150013,1159663.98,1159663.98,26155663.93,-477503.52,1491937.16,9.647647,4065.25,506,506,0,21.37,2.402776683198567,CALL WALL + VOL SENSITIVE
2026-07-10T09:02:04 ET,2026-07-10T09:00:00 ET,2026-07-10,Fri,0902ET,AGGREGATE,29831.25,707.585,29847.5,NEAR_FLIP,EXPANSION,,24.183127962085305,,23.94,25.04,29.77,23.54,31324.32,743.0,1493.0699999999997,5.005053425518541,1286743.05,1384581.03,18481155.62,-1710600.79,-1065126.71,-2.486892,2599.56,826,789,37,33.498728813559325,2.451673579082965,CALL WALL + VOL SENSITIVE
2026-07-10T09:02:04 ET,2026-07-10T09:00:00 ET,2026-07-10,Fri,0902ET,AGGREGATE,29831.25,707.585,29847.5,NEAR_FLIP,EXPANSION,,24.183127962085305,,23.94,25.04,29.77,23.54,31361.38,744.0,1530.130000000001,5.129285564634405,377101.53,377101.53,8634765.41,-189352.15,416123.28,2.021569,1115.8,219,219,0,21.66,0.835086714040768,CALL WALL + VOL SENSITIVE
2026-07-10T09:02:04 ET,2026-07-10T09:00:00 ET,2026-07-10,Fri,0902ET,AGGREGATE,29831.25,707.585,29847.5,NEAR_FLIP,EXPANSION,,24.183127962085305,,23.94,25.04,29.77,23.54,31362.27,744.0,1531.0200000000004,5.132269013199247,253730.12,257717.74,5863601.68,-109104.85,255910.07,1.548978,907.39,122,121,1,21.431229508196722,0.5423623372513143,CALL WALL + VOL SENSITIVE
2026-07-10T09:02:04 ET,2026-07-10T09:00:00 ET,2026-07-10,Fri,0902ET,AGGREGATE,29831.25,707.585,29847.5,NEAR_FLIP,EXPANSION,,24.183127962085305,,23.94,25.04,29.77,23.54,31366.48,744.0,1535.2299999999996,5.146381730567776,1335748.01,1377091.49,20219360.26,-1704113.27,729878.82,2.0159970000000005,2500.96,913,903,10,33.24654983570647,2.6338418045132554,CALL WALL + VOL SENSITIVE
2026-07-10T09:02:04 ET,2026-07-10T09:00:00 ET,2026-07-10,Fri,0902ET,AGGREGATE,29831.25,707.585,29847.5,NEAR_FLIP,EXPANSION,,24.183127962085305,,23.94,25.04,29.77,23.54,31403.53,745.0,1572.2799999999988,5.270580347789646,867013.74,867013.74,20388584.98,-446633.89,938478.43,4.11404,2565.54,558,558,0,21.67,1.9995815044141125,CALL WALL + VOL SENSITIVE
2026-07-10T09:02:04 ET,2026-07-10T09:00:00 ET,2026-07-10,Fri,0902ET,AGGREGATE,29831.25,707.585,29847.5,NEAR_FLIP,EXPANSION,,24.183127962085305,,23.94,25.04,29.77,23.54,31404.42,745.0,1573.1699999999983,5.273563796354488,1275054.53,1275054.53,30377984.72,-552767.56,1577233.51,8.558555,4467.06,663,663,0,21.36,2.832275013738353,CALL WALL + VOL SENSITIVE
2026-07-10T09:02:04 ET,2026-07-10T09:00:00 ET,2026-07-10,Fri,0902ET,AGGREGATE,29831.25,707.585,29847.5,NEAR_FLIP,EXPANSION,,24.183127962085305,,23.94,25.04,29.77,23.54,31408.64,745.0,1577.3899999999994,5.28771003561701,10385345.44,10408281.459999999,158515216.14000002,-13219994.42,10469568.620000001,41.370216,19188.4,7332,7326,6,33.76313420621931,20.760039996860407,CALL WALL + VOL SENSITIVE
2026-07-10T09:02:04 ET,2026-07-10T09:00:00 ET,2026-07-10,Fri,0902ET,AGGREGATE,29831.25,707.585,29847.5,NEAR_FLIP,EXPANSION,,24.183127962085305,,23.94,25.04,29.77,23.54,31445.69,746.0,1614.4399999999987,5.411908652838881,176135.67,176135.67,4240729.48,-93039.96,187853.46,0.746808,522.48,125,125,0,21.73,0.4200294883203921,CALL WALL + VOL SENSITIVE
2026-07-10T09:02:04 ET,2026-07-10T09:00:00 ET,2026-07-10,Fri,0902ET,AGGREGATE,29831.25,707.585,29847.5,NEAR_FLIP,EXPANSION,,24.183127962085305,,23.94,25.04,29.77,23.54,31446.58,746.0,1615.3300000000017,5.414892101403735,67964.5,67964.5,1650456.4,-30211.01,83515.61,0.421459,239.79,38,38,0,21.51,0.15325417416789464,CALL WALL + VOL SENSITIVE
2026-07-10T09:02:04 ET,2026-07-10T09:00:00 ET,2026-07-10,Fri,0902ET,AGGREGATE,29831.25,707.585,29847.5,NEAR_FLIP,EXPANSION,,24.183127962085305,,23.94,25.04,29.77,23.54,31450.8,746.0,1619.5499999999993,5.429038340666245,1312929.16,1312929.16,20573785.88,-1709917.64,1346446.14,4.821188,2418.38,1035,1035,0,33.75,2.7447044968393235,CALL WALL + VOL SENSITIVE
2026-07-10T09:02:04 ET,2026-07-10T09:00:00 ET,2026-07-10,Fri,0902ET,AGGREGATE,29831.25,707.585,29847.5,NEAR_FLIP,EXPANSION,,24.183127962085305,,23.94,25.04,29.77,23.54,31487.84,747.0,1656.5900000000001,5.553203435994134,359739.51,359739.51,8871349.52,-194745.34,377455.28,1.353691,1068.53,283,283,0,21.76,0.8946526575147525,CALL WALL + VOL SENSITIVE
2026-07-10T09:02:04 ET,2026-07-10T09:00:00 ET,2026-07-10,Fri,0902ET,AGGREGATE,29831.25,707.585,29847.5,NEAR_FLIP,EXPANSION,,24.183127962085305,,23.94,25.04,29.77,23.54,31488.73,747.0,1657.4799999999996,5.556186884558976,215546.98,215546.98,5411582.94,-98139.9,256479.62,1.155448,754.3,135,135,0,21.34,0.5129366058535488,CALL WALL + VOL SENSITIVE
2026-07-10T09:02:04 ET,2026-07-10T09:00:00 ET,2026-07-10,Fri,0902ET,AGGREGATE,29831.25,707.585,29847.5,NEAR_FLIP,EXPANSION,,24.183127962085305,,23.94,25.04,29.77,23.54,31492.96,747.0,1661.7099999999991,5.57036664571548,1060149.54,1150358.96,17428049.759999998,-1488726.51,715969.94,-5.094307,2078.59,944,938,6,34.143961864406776,2.377846131120045,CALL WALL + VOL SENSITIVE
2026-07-10T09:02:04 ET,2026-07-10T09:00:00 ET,2026-07-10,Fri,0902ET,AGGREGATE,29831.25,707.585,29847.5,NEAR_FLIP,EXPANSION,,24.183127962085305,,23.94,25.04,29.77,23.54,31529.99,748.0,1698.7400000000016,5.694498219149388,165879.69,165879.69,4171437.95,-91988.41,172420.3,0.564284,495.27,143,143,0,21.88,0.42622658050185624,CALL WALL + VOL SENSITIVE
2026-07-10T09:02:04 ET,2026-07-10T09:00:00 ET,2026-07-10,Fri,0902ET,AGGREGATE,29831.25,707.585,29847.5,NEAR_FLIP,EXPANSION,,24.183127962085305,,23.94,25.04,29.77,23.54,31530.88,748.0,1699.630000000001,5.6974816677142295,99688.29,99688.29,2556978.16,-46480.7,117165.5,0.484646,350.01,68,68,0,21.42,0.24398540842748032,CALL WALL + VOL SENSITIVE
2026-07-10T09:02:04 ET,2026-07-10T09:00:00 ET,2026-07-10,Fri,0902ET,AGGREGATE,29831.25,707.585,29847.5,NEAR_FLIP,EXPANSION,,24.183127962085305,,23.94,25.04,29.77,23.54,31535.12,748.0,1703.869999999999,5.711694950764715,846447.0900000001,969857.53,14238246.89,-1279406.6,-332329.12,-9.352659,1766.11,847,829,18,34.57544273907911,2.015367142594883,CALL WALL + VOL SENSITIVE
2026-07-10T09:02:04 ET,2026-07-10T09:00:00 ET,2026-07-10,Fri,0902ET,AGGREGATE,29831.25,707.585,29847.5,NEAR_FLIP,EXPANSION,,24.183127962085305,,23.94,25.04,29.77,23.54,31572.14,749.0,1740.8899999999994,5.835793002304628,177800.12,177800.12,4584940.53,-100951.44,181172.09,0.528381,530.25,172,172,0,21.86,0.4783558780935649,CALL WALL + VOL SENSITIVE
2026-07-10T09:02:04 ET,2026-07-10T09:00:00 ET,2026-07-10,Fri,0902ET,AGGREGATE,29831.25,707.585,29847.5,NEAR_FLIP,EXPANSION,,24.183127962085305,,23.94,25.04,29.77,23.54,31573.04,749.0,1741.7900000000009,5.838809972763464,536856.47,536856.47,14112571.9,-256182.48,619360.64,2.322254,1883.88,404,404,0,21.41,1.373556567300899,CALL WALL + VOL SENSITIVE
2026-07-10T09:02:04 ET,2026-07-10T09:00:00 ET,2026-07-10,Fri,0902ET,AGGREGATE,29831.25,707.585,29847.5,NEAR_FLIP,EXPANSION,,24.183127962085305,,23.94,25.04,29.77,23.54,31577.28,749.0,1746.0299999999988,5.85302325581395,1415942.89,1415942.89,23098375.81,-1985268.32,1383638.06,4.184952,2697.67,1390,1389,1,34.87240287769784,3.250930645621105,CALL WALL + VOL SENSITIVE
2026-07-10T09:02:04 ET,2026-07-10T09:00:00 ET,2026-07-10,Fri,0902ET,AGGREGATE,29831.25,707.585,29847.5,NEAR_FLIP,EXPANSION,,24.183127962085305,,23.94,25.04,29.77,23.54,31614.3,750.0,1783.0499999999993,5.977121307353863,2352987.95,2352987.95,61209968.37,-1374509.16,1688647.98,6.482573,7127.63,2464,2454,10,22.086818181818177,6.5318493692235595,CALL WALL + VOL SENSITIVE
2026-07-10T09:02:04 ET,2026-07-10T09:00:00 ET,2026-07-10,Fri,0902ET,AGGREGATE,29831.25,707.585,29847.5,NEAR_FLIP,EXPANSION,,24.183127962085305,,23.94,25.04,29.77,23.54,31615.19,750.0,1783.9399999999987,5.980104755918704,454389.17,454389.17,12252421.17,-221804.15,513396.83,1.732155,1591.23,380,380,0,21.37,1.2108600954384139,CALL WALL + VOL SENSITIVE
2026-07-10T09:02:04 ET,2026-07-10T09:00:00 ET,2026-07-10,Fri,0902ET,AGGREGATE,29831.25,707.585,29847.5,NEAR_FLIP,EXPANSION,,24.183127962085305,,23.94,25.04,29.77,23.54,31619.43,750.0,1788.1800000000003,5.994318038969203,9701372.74,9701372.74,162653515.71,-13926472.26,9080356.51,24.538511,18404.83,10853,10844,9,34.73301852022482,23.596017266055558,CALL WALL + VOL SENSITIVE
2026-07-10T09:02:04 ET,2026-07-10T09:00:00 ET,2026-07-10,Fri,0902ET,AGGREGATE,29831.25,707.585,29847.5,NEAR_FLIP,EXPANSION,,24.183127962085305,,23.94,25.04,29.77,23.54,31656.45,751.0,1825.2000000000007,6.1184160905091165,84138.08,84138.08,2242921.7,-50013.28,84716.98,0.207321,254.28,97,97,0,22.16,0.24176190119633645,CALL WALL + VOL SENSITIVE
2026-07-10T09:02:04 ET,2026-07-10T09:00:00 ET,2026-07-10,Fri,0902ET,AGGREGATE,29831.25,707.585,29847.5,NEAR_FLIP,EXPANSION,,24.183127962085305,,23.94,25.04,29.77,23.54,31657.34,751.0,1826.0900000000001,6.121399539073958,17818.61,17818.61,487405.74,-8894.63,20091.24,0.063132,62.94,16,16,0,21.56,0.04687711054555718,CALL WALL + VOL SENSITIVE
2026-07-10T09:02:04 ET,2026-07-10T09:00:00 ET,2026-07-10,Fri,0902ET,AGGREGATE,29831.25,707.585,29847.5,NEAR_FLIP,EXPANSION,,24.183127962085305,,23.94,25.04,29.77,23.54,31661.59,751.0,1830.3400000000001,6.135646344018437,530971.92,530971.92,9021763.7,-778908.65,532423.66,1.250755,1016.69,638,638,0,35.1,1.3328874333626517,CALL WALL + VOL SENSITIVE
2026-07-10T09:02:04 ET,2026-07-10T09:00:00 ET,2026-07-10,Fri,0902ET,AGGREGATE,29831.25,707.585,29847.5,NEAR_FLIP,EXPANSION,,24.183127962085305,,23.94,25.04,29.77,23.54,31698.6,752.0,1867.3499999999985,6.259710873664358,94506.53,94506.53,2569786.77,-57445.7,93966.31,0.207062,286.34,121,121,0,22.22,0.28394819061144455,CALL WALL + VOL SENSITIVE
2026-07-10T09:02:04 ET,2026-07-10T09:00:00 ET,2026-07-10,Fri,0902ET,AGGREGATE,29831.25,707.585,29847.5,NEAR_FLIP,EXPANSION,,24.183127962085305,,23.94,25.04,29.77,23.54,31699.5,752.0,1868.25,6.2627278441231935,112910.2,112910.2,3171468.62,-57604.3,124279.93,0.347311,397.16,114,114,0,21.47,0.32228099705757196,CALL WALL + VOL SENSITIVE
2026-07-10T09:02:04 ET,2026-07-10T09:00:00 ET,2026-07-10,Fri,0902ET,AGGREGATE,29831.25,707.585,29847.5,NEAR_FLIP,EXPANSION,,24.183127962085305,,23.94,25.04,29.77,23.54,31703.75,752.0,1872.5,6.2769746490676726,526974.37,526974.37,9060066.99,-790551.75,529124.0,1.15745,1019.68,680,680,0,35.47,1.3674253960102074,CALL WALL + VOL SENSITIVE
2026-07-10T09:02:04 ET,2026-07-10T09:00:00 ET,2026-07-10,Fri,0902ET,AGGREGATE,29831.25,707.585,29847.5,NEAR_FLIP,EXPANSION,,24.183127962085305,,23.94,25.04,29.77,23.54,31740.75,753.0,1909.5,6.40100565681961,142817.47,142817.47,3931303.19,-88724.17,142028.56,0.290498,436.93,197,197,0,22.44,0.4437241421043628,CALL WALL + VOL SENSITIVE
2026-07-10T09:02:04 ET,2026-07-10T09:00:00 ET,2026-07-10,Fri,0902ET,AGGREGATE,29831.25,707.585,29847.5,NEAR_FLIP,EXPANSION,,24.183127962085305,,23.94,25.04,29.77,23.54,31741.65,753.0,1910.4000000000015,6.404022627278446,87740.9,87740.9,2509921.45,-45734.32,95594.9,0.24398,309.74,97,97,0,21.55,0.25919434741733627,CALL WALL + VOL SENSITIVE
2026-07-10T09:02:04 ET,2026-07-10T09:00:00 ET,2026-07-10,Fri,0902ET,AGGREGATE,29831.25,707.585,29847.5,NEAR_FLIP,EXPANSION,,24.183127962085305,,23.94,25.04,29.77,23.54,31745.91,753.0,1914.6599999999999,6.418302954116907,843685.52,843685.52,14670803.01,-1293773.6,848456.08,1.729941,1649.6,1168,1168,0,35.84,2.264601667676969,CALL WALL + VOL SENSITIVE
2026-07-10T09:02:04 ET,2026-07-10T09:00:00 ET,2026-07-10,Fri,0902ET,AGGREGATE,29831.25,707.585,29847.5,NEAR_FLIP,EXPANSION,,24.183127962085305,,23.94,25.04,29.77,23.54,31782.91,754.0,1951.6599999999999,6.542333961868844,66683.57,66683.57,1857345.95,-42321.15,66346.8,0.126083,206.0,99,99,0,22.65,0.21273801383280005,CALL WALL + VOL SENSITIVE
2026-07-10T09:02:04 ET,2026-07-10T09:00:00 ET,2026-07-10,Fri,0902ET,AGGREGATE,29831.25,707.585,29847.5,NEAR_FLIP,EXPANSION,,24.183127962085305,,23.94,25.04,29.77,23.54,31783.8,754.0,1952.5499999999993,6.545317410433688,97198.42,97198.42,2865865.48,-51747.12,102566.3,0.226846,340.02,124,124,0,21.36,0.30493779827363415,CALL WALL + VOL SENSITIVE
2026-07-10T09:02:04 ET,2026-07-10T09:00:00 ET,2026-07-10,Fri,0902ET,AGGREGATE,29831.25,707.585,29847.5,NEAR_FLIP,EXPANSION,,24.183127962085305,,23.94,25.04,29.77,23.54,31788.07,754.0,1956.8199999999997,6.559631259166141,547245.93,547245.93,9500331.39,-869024.5700000001,-14745.050000000047,1.04881,1096.87,820,812,8,36.24780487804878,1.5187776818980723,CALL WALL + VOL SENSITIVE
2026-07-10T09:02:04 ET,2026-07-10T09:00:00 ET,2026-07-10,Fri,0902ET,AGGREGATE,29831.25,707.585,29847.5,NEAR_FLIP,EXPANSION,,24.183127962085305,,23.94,25.04,29.77,23.54,31825.06,755.0,1993.8100000000013,6.683628745024098,179511.96,179511.96,5099050.53,-116379.4,176140.08,0.299356,555.22,298,298,0,22.69,0.6053390874456304,CALL WALL + VOL SENSITIVE
2026-07-10T09:02:04 ET,2026-07-10T09:00:00 ET,2026-07-10,Fri,0902ET,AGGREGATE,29831.25,707.585,29847.5,NEAR_FLIP,EXPANSION,,24.183127962085305,,23.94,25.04,29.77,23.54,31825.96,755.0,1994.7099999999991,6.686645715482922,1549861.77,1549861.77,45987324.3,-842300.55,1651467.91,3.48548,5502.46,2072,2072,0,21.68,4.982159271026157,CALL WALL + VOL SENSITIVE
2026-07-10T09:02:04 ET,2026-07-10T09:00:00 ET,2026-07-10,Fri,0902ET,AGGREGATE,29831.25,707.585,29847.5,NEAR_FLIP,EXPANSION,,24.183127962085305,,23.94,25.04,29.77,23.54,31830.23,755.0,1998.9799999999996,6.700959564215377,2169353.96,2169353.96,38911284.02,-3473585.26,2153172.76,3.657364,4288.08,3605,3605,0,36.24,6.365873898124814,CALL WALL + VOL SENSITIVE
2026-07-10T09:02:04 ET,2026-07-10T09:00:00 ET,2026-07-10,Fri,0902ET,AGGREGATE,29831.25,707.585,29847.5,NEAR_FLIP,EXPANSION,,24.183127962085305,,23.94,25.04,29.77,23.54,31867.21,756.0,2035.9599999999991,6.824923528179339,18146.27,18146.27,526232.55,-12015.44,17516.68,0.026376,56.11,34,34,0,22.68,0.06292009235601789,CALL WALL + VOL SENSITIVE
2026-07-10T09:02:04 ET,2026-07-10T09:00:00 ET,2026-07-10,Fri,0902ET,AGGREGATE,29831.25,707.585,29847.5,NEAR_FLIP,EXPANSION,,24.183127962085305,,23.94,25.04,29.77,23.54,31868.11,756.0,2036.8600000000006,6.827940498638176,816343.13,816343.13,24676385.69,-452782.64,859132.68,1.639513,2903.64,1207,1207,0,21.73,2.737036191787127,CALL WALL + VOL SENSITIVE
2026-07-10T09:02:04 ET,2026-07-10T09:00:00 ET,2026-07-10,Fri,0902ET,AGGREGATE,29831.25,707.585,29847.5,NEAR_FLIP,EXPANSION,,24.183127962085305,,23.94,25.04,29.77,23.54,31872.39,756.0,2041.1399999999994,6.842287869264611,244207.76,244207.76,4383000.77,-399015.79,247056.89,0.410367,492.43,415,415,0,36.97,0.7236533646845457,CALL WALL + VOL SENSITIVE
2026-07-10T09:02:04 ET,2026-07-10T09:00:00 ET,2026-07-10,Fri,0902ET,AGGREGATE,29831.25,707.585,29847.5,NEAR_FLIP,EXPANSION,,24.183127962085305,,23.94,25.04,29.77,23.54,31909.36,757.0,2078.1100000000006,6.9662183113345915,22322.98,22322.98,654261.92,-15083.99,21571.08,0.03019,69.68,45,45,0,22.9,0.08061820741019826,CALL WALL + VOL SENSITIVE
2026-07-10T09:02:04 ET,2026-07-10T09:00:00 ET,2026-07-10,Fri,0902ET,AGGREGATE,29831.25,707.585,29847.5,NEAR_FLIP,EXPANSION,,24.183127962085305,,23.94,25.04,29.77,23.54,31910.26,757.0,2079.0099999999984,6.9692352817934164,12166.98,12166.98,374833.04,-6885.17,12630.96,0.021681,43.32,20,20,0,21.75,0.040767966074516514,CALL WALL + VOL SENSITIVE
2026-07-10T09:02:04 ET,2026-07-10T09:00:00 ET,2026-07-10,Fri,0902ET,AGGREGATE,29831.25,707.585,29847.5,NEAR_FLIP,EXPANSION,,24.183127962085305,,23.94,25.04,29.77,23.54,31914.55,757.0,2083.2999999999993,6.9836161743138465,241548.25,241548.25,4420323.1,-403080.27,240793.87,0.356907,487.23,460,460,0,36.99,0.758306131800853,CALL WALL + VOL SENSITIVE
2026-07-10T09:02:04 ET,2026-07-10T09:00:00 ET,2026-07-10,Fri,0902ET,AGGREGATE,29831.25,707.585,29847.5,NEAR_FLIP,EXPANSION,,24.183127962085305,,23.94,25.04,29.77,23.54,31951.52,758.0,2120.2700000000004,7.107546616383827,32772.24,32772.24,970387.14,-22590.35,31709.45,0.041294,103.27,71,71,0,23.12,0.12350682177645511,CALL WALL + VOL SENSITIVE
2026-07-10T09:02:04 ET,2026-07-10T09:00:00 ET,2026-07-10,Fri,0902ET,AGGREGATE,29831.25,707.585,29847.5,NEAR_FLIP,EXPANSION,,24.183127962085305,,23.94,25.04,29.77,23.54,31952.42,758.0,2121.1699999999983,7.110563586842651,74441.74,74441.74,2338947.28,-42969.02,76100.29,0.116673,265.0,137,137,0,21.75,0.27302814917993545,CALL WALL + VOL SENSITIVE
2026-07-10T09:02:04 ET,2026-07-10T09:00:00 ET,2026-07-10,Fri,0902ET,AGGREGATE,29831.25,707.585,29847.5,NEAR_FLIP,EXPANSION,,24.183127962085305,,23.94,25.04,29.77,23.54,31956.71,758.0,2125.459999999999,7.124944479363081,921149.92,921149.92,17017760.22,-1568388.59,920533.31,1.276535,1876.81,1875,1875,0,37.36,3.0009754413367977,CALL WALL + VOL SENSITIVE
2026-07-10T09:02:04 ET,2026-07-10T09:00:00 ET,2026-07-10,Fri,0902ET,AGGREGATE,29831.25,707.585,29847.5,NEAR_FLIP,EXPANSION,,24.183127962085305,,23.94,25.04,29.77,23.54,31993.67,759.0,2162.4199999999983,7.248841399539067,34397.64,34397.64,1028595.87,-24179.4,33333.25,0.040436,109.41,80,80,0,23.34,0.13435851539628868,CALL WALL + VOL SENSITIVE
2026-07-10T09:02:04 ET,2026-07-10T09:00:00 ET,2026-07-10,Fri,0902ET,AGGREGATE,29831.25,707.585,29847.5,NEAR_FLIP,EXPANSION,,24.183127962085305,,23.94,25.04,29.77,23.54,31994.57,759.0,2163.3199999999997,7.251858369997905,525.96,525.96,16573.48,-309.4,545.28,0.000809,1.9,1,1,0,22.11,0.0,CALL WALL + VOL SENSITIVE
2026-07-10T09:02:04 ET,2026-07-10T09:00:00 ET,2026-07-10,Fri,0902ET,AGGREGATE,29831.25,707.585,29847.5,NEAR_FLIP,EXPANSION,,24.183127962085305,,23.94,25.04,29.77,23.54,31998.87,759.0,2167.619999999999,7.266272784412315,594922.5,594922.5,11091997.99,-1033167.09,596091.8,0.774175,1224.28,1293,1293,0,37.74,2.0070366285165675,CALL WALL + VOL SENSITIVE
2026-07-10T09:02:04 ET,2026-07-10T09:00:00 ET,2026-07-10,Fri,0902ET,AGGREGATE,29831.25,707.585,29847.5,NEAR_FLIP,EXPANSION,,24.183127962085305,,23.94,25.04,29.77,23.54,32035.82,760.0,2204.5699999999997,7.390136182694321,149162.83,149162.83,4502963.24,-106888.17,144802.17,0.163812,478.95,372,372,0,23.56,0.6101265842862542,CALL WALL + VOL SENSITIVE
2026-07-10T09:02:04 ET,2026-07-10T09:00:00 ET,2026-07-10,Fri,0902ET,AGGREGATE,29831.25,707.585,29847.5,NEAR_FLIP,EXPANSION,,24.183127962085305,,23.94,25.04,29.77,23.54,32036.73,760.0,2205.4799999999996,7.393186675047139,279571.26,279571.26,8000673.520000001,-185292.93,-3248662.29,0.400268,1132.04,621,571,50,22.36085346215781,1.0582154482736446,CALL WALL + VOL SENSITIVE
2026-07-10T09:02:04 ET,2026-07-10T09:00:00 ET,2026-07-10,Fri,0902ET,AGGREGATE,29831.25,707.585,29847.5,NEAR_FLIP,EXPANSION,,24.183127962085305,,23.94,25.04,29.77,23.54,32041.03,760.0,2209.779999999999,7.407601089461551,1759916.76,1759916.76,33490636.31,-3121390.54,1660428.75,1.976566,3614.9399999999996,4352,4351,1,37.660588235294114,6.371990583625334,CALL WALL + VOL SENSITIVE
2026-07-10T09:02:04 ET,2026-07-10T09:00:00 ET,2026-07-10,Fri,0902ET,AGGREGATE,29831.25,707.585,29847.5,NEAR_FLIP,EXPANSION,,24.183127962085305,,23.94,25.04,29.77,23.54,32077.97,761.0,2246.720000000001,7.531430965849574,19466.7,19466.7,593065.71,-14215.79,18935.1,0.019999,63.09,52,52,0,23.779999999999998,0.08075606822540801,CALL WALL + VOL SENSITIVE
2026-07-10T09:02:04 ET,2026-07-10T09:00:00 ET,2026-07-10,Fri,0902ET,AGGREGATE,29831.25,707.585,29847.5,NEAR_FLIP,EXPANSION,,24.183127962085305,,23.94,25.04,29.77,23.54,32078.88,761.0,2247.630000000001,7.534481458202393,1309.89,1309.89,42510.05,-800.23,1337.3,0.001648,4.78,3,3,0,22.290000000000003,0.0033831504309030547,CALL WALL + VOL SENSITIVE
2026-07-10T09:02:04 ET,2026-07-10T09:00:00 ET,2026-07-10,Fri,0902ET,AGGREGATE,29831.25,707.585,29847.5,NEAR_FLIP,EXPANSION,,24.183127962085305,,23.94,25.04,29.77,23.54,32083.19,761.0,2251.9399999999987,7.548929394510785,198369.23,198369.23,3763301.12,-358039.71,199907.17,0.228439,416.37,490,490,0,38.49,0.7170327094820327,CALL WALL + VOL SENSITIVE
2026-07-10T09:02:04 ET,2026-07-10T09:00:00 ET,2026-07-10,Fri,0902ET,AGGREGATE,29831.25,707.585,29847.5,NEAR_FLIP,EXPANSION,,24.183127962085305,,23.94,25.04,29.77,23.54,32120.13,762.0,2288.880000000001,7.672759270898808,28692.62,28692.62,881881.57,-21346.17,27970.34,0.027613,93.87,82,82,0,24.01,0.12432635775215525,CALL WALL + VOL SENSITIVE
2026-07-10T09:02:04 ET,2026-07-10T09:00:00 ET,2026-07-10,Fri,0902ET,AGGREGATE,29831.25,707.585,29847.5,NEAR_FLIP,EXPANSION,,24.183127962085305,,23.94,25.04,29.77,23.54,32121.03,762.0,2289.779999999999,7.675776241357633,29281.72,29281.72,969414.37,-18228.21,29373.98,0.031933,106.6,76,76,0,22.25,0.12531433650541016,CALL WALL + VOL SENSITIVE
2026-07-10T09:02:04 ET,2026-07-10T09:00:00 ET,2026-07-10,Fri,0902ET,AGGREGATE,29831.25,707.585,29847.5,NEAR_FLIP,EXPANSION,,24.183127962085305,,23.94,25.04,29.77,23.54,32125.35,762.0,2294.0999999999985,7.69025769956002,147547.62,147547.62,2856394.96,-271781.05,145992.6,0.146514,308.95,415,415,0,38.41,0.573407762003775,CALL WALL + VOL SENSITIVE
2026-07-10T09:02:04 ET,2026-07-10T09:00:00 ET,2026-07-10,Fri,0902ET,AGGREGATE,29831.25,707.585,29847.5,NEAR_FLIP,EXPANSION,,24.183127962085305,,23.94,25.04,29.77,23.54,32162.28,763.0,2331.029999999999,7.81405405405405,36672.49,36672.49,1136770.62,-27786.1,35835.06,0.033104,121.1,112,112,0,24.23,0.16525397405322595,CALL WALL + VOL SENSITIVE
2026-07-10T09:02:04 ET,2026-07-10T09:00:00 ET,2026-07-10,Fri,0902ET,AGGREGATE,29831.25,707.585,29847.5,NEAR_FLIP,EXPANSION,,24.183127962085305,,23.94,25.04,29.77,23.54,32163.19,763.0,2331.9399999999987,7.817104546406868,5019.37,5019.37,167814.03,-3181.41,5035.67,0.005094,18.42,14,14,0,22.43,0.020652687452224143,CALL WALL + VOL SENSITIVE
2026-07-10T09:02:04 ET,2026-07-10T09:00:00 ET,2026-07-10,Fri,0902ET,AGGREGATE,29831.25,707.585,29847.5,NEAR_FLIP,EXPANSION,,24.183127962085305,,23.94,25.04,29.77,23.54,32167.5,763.0,2336.25,7.831552482715273,202445.88,202445.88,3903379.16,-379291.63,205318.98,0.207294,433.3,566,566,0,39.25,0.7858131359813901,CALL WALL + VOL SENSITIVE
2026-07-10T09:02:04 ET,2026-07-10T09:00:00 ET,2026-07-10,Fri,0902ET,AGGREGATE,29831.25,707.585,29847.5,NEAR_FLIP,EXPANSION,,24.183127962085305,,23.94,25.04,29.77,23.54,32204.43,764.0,2373.1800000000003,7.955348837209303,16257.92,16257.92,508110.35,-12541.79,15927.86,0.013785,54.19,53,53,0,24.46,0.07483939252332318,CALL WALL + VOL SENSITIVE
2026-07-10T09:02:04 ET,2026-07-10T09:00:00 ET,2026-07-10,Fri,0902ET,AGGREGATE,29831.25,707.585,29847.5,NEAR_FLIP,EXPANSION,,24.183127962085305,,23.94,25.04,29.77,23.54,32205.34,764.0,2374.09,7.958399329562122,4006.96,4006.96,135245.92,-2585.13,4021.17,0.003789,14.82,12,12,0,22.61,0.016762793915714308,CALL WALL + VOL SENSITIVE
2026-07-10T09:02:04 ET,2026-07-10T09:00:00 ET,2026-07-10,Fri,0902ET,AGGREGATE,29831.25,707.585,29847.5,NEAR_FLIP,EXPANSION,,24.183127962085305,,23.94,25.04,29.77,23.54,32209.66,764.0,2378.41,7.972880787764508,309110.51,309110.51,6006016.46,-589779.6,314564.0,0.298981,668.02,918,918,0,39.63,1.2443992504283015,CALL WALL + VOL SENSITIVE
2026-07-10T09:02:04 ET,2026-07-10T09:00:00 ET,2026-07-10,Fri,0902ET,AGGREGATE,29831.25,707.585,29847.5,NEAR_FLIP,EXPANSION,,24.183127962085305,,23.94,25.04,29.77,23.54,32246.58,765.0,2415.3300000000017,8.096643620364556,59844.08,59844.08,1885160.53,-46989.14,58792.17,0.047723,201.32,208,208,0,24.68,,
2026-07-10T09:02:04 ET,2026-07-10T09:00:00 ET,2026-07-10,Fri,0902ET,AGGREGATE,29831.25,707.585,29847.5,NEAR_FLIP,EXPANSION,,24.183127962085305,,23.94,25.04,29.77,23.54,32247.49,765.0,2416.2400000000016,8.099694112717373,61318.64,61318.64,2088821.38,-40256.18,61566.66,0.054071,228.64,197,197,0,22.79,,
2026-07-10T09:02:04 ET,2026-07-10T09:00:00 ET,2026-07-10,Fri,0902ET,AGGREGATE,29831.25,707.585,29847.5,NEAR_FLIP,EXPANSION,,24.183127962085305,,23.94,25.04,29.77,23.54,32251.82,765.0,2420.5699999999997,8.114209092813743,581343.78,581343.78,11344136.620000001,-1171191.5,-2973329.83,0.426948,1275.48,2220,2170,50,38.9636036036036,,
2026-07-10T09:02:04 ET,2026-07-10T09:00:00 ET,2026-07-10,Fri,0902ET,AGGREGATE,29831.25,707.585,29847.5,NEAR_FLIP,EXPANSION,,24.183127962085305,,23.94,25.04,29.77,23.54,32288.73,766.0,2457.4799999999996,8.237938403519797,9386.36,9386.36,292392.56,-7483.68,9565.8,0.008172,32.48,31,31,0,25.38,,
2026-07-10T09:02:04 ET,2026-07-10T09:00:00 ET,2026-07-10,Fri,0902ET,AGGREGATE,29831.25,707.585,29847.5,NEAR_FLIP,EXPANSION,,24.183127962085305,,23.94,25.04,29.77,23.54,32289.65,766.0,2458.4000000000015,8.241022417766608,2323.24,2323.24,79850.37,-1551.63,2334.24,0.001913,8.73,8,8,0,22.98,,
2026-07-10T09:02:04 ET,2026-07-10T09:00:00 ET,2026-07-10,Fri,0902ET,AGGREGATE,29831.25,707.585,29847.5,NEAR_FLIP,EXPANSION,,24.183127962085305,,23.94,25.04,29.77,23.54,32293.98,766.0,2462.7299999999996,8.255537397862977,59189.79,59189.79,1200303.12,-117598.11,57683.41,0.04101,126.71,235,235,0,39.28,,
2026-07-10T09:02:04 ET,2026-07-10T09:00:00 ET,2026-07-10,Fri,0902ET,AGGREGATE,29831.25,707.585,29847.5,NEAR_FLIP,EXPANSION,,24.183127962085305,,23.94,25.04,29.77,23.54,32330.89,767.0,2499.6399999999994,8.379266708569032,31902.29,31902.29,1032927.21,-25973.09,30836.09,0.020408,107.94,136,136,0,24.83,,
2026-07-10T09:02:04 ET,2026-07-10T09:00:00 ET,2026-07-10,Fri,0902ET,AGGREGATE,29831.25,707.585,29847.5,NEAR_FLIP,EXPANSION,,24.183127962085305,,23.94,25.04,29.77,23.54,32331.8,767.0,2500.5499999999993,8.38231720092185,149425.12,149425.12,5180355.09,-101497.56,150263.0,0.114978,566.08,551,551,0,23.16,,
2026-07-10T09:02:04 ET,2026-07-10T09:00:00 ET,2026-07-10,Fri,0902ET,AGGREGATE,29831.25,707.585,29847.5,NEAR_FLIP,EXPANSION,,24.183127962085305,,23.94,25.04,29.77,23.54,32336.14,767.0,2504.8899999999994,8.396865702912212,88144.72,88144.72,1771448.11,-177700.64,88726.56,0.065701,193.61,336,336,0,40.29,,
2026-07-10T09:02:04 ET,2026-07-10T09:00:00 ET,2026-07-10,Fri,0902ET,AGGREGATE,29831.25,707.585,29847.5,NEAR_FLIP,EXPANSION,,24.183127962085305,,23.94,25.04,29.77,23.54,32373.04,768.0,2541.790000000001,8.520561491724285,28436.78,28436.78,927313.43,-23547.52,27574.72,0.01715,97.1,129,129,0,25.06,,
2026-07-10T09:02:04 ET,2026-07-10T09:00:00 ET,2026-07-10,Fri,0902ET,AGGREGATE,29831.25,707.585,29847.5,NEAR_FLIP,EXPANSION,,24.183127962085305,,23.94,25.04,29.77,23.54,32373.95,768.0,2542.7000000000007,8.523611984077101,15208.47,15208.47,531689.25,-10503.73,15309.76,0.010949,58.07,60,60,0,23.34,,
2026-07-10T09:02:04 ET,2026-07-10T09:00:00 ET,2026-07-10,Fri,0902ET,AGGREGATE,29831.25,707.585,29847.5,NEAR_FLIP,EXPANSION,,24.183127962085305,,23.94,25.04,29.77,23.54,32378.3,768.0,2547.0499999999993,8.538194007961447,95595.61,95595.61,1965554.27,-196707.39,93844.72,0.059165,208.53,428,428,0,40.02,,
2026-07-10T09:02:04 ET,2026-07-10T09:00:00 ET,2026-07-10,Fri,0902ET,AGGREGATE,29831.25,707.585,29847.5,NEAR_FLIP,EXPANSION,,24.183127962085305,,23.94,25.04,29.77,23.54,32415.19,769.0,2583.9399999999987,8.661856274879526,29036.41,29036.41,953406.31,-24448.83,28251.28,0.016531,100.06,140,140,0,25.29,,
2026-07-10T09:02:04 ET,2026-07-10T09:00:00 ET,2026-07-10,Fri,0902ET,AGGREGATE,29831.25,707.585,29847.5,NEAR_FLIP,EXPANSION,,24.183127962085305,,23.94,25.04,29.77,23.54,32420.46,769.0,2589.209999999999,8.679522313010683,79843.15,79843.15,1652486.83,-167135.0,78681.49,0.046788,175.8,379,379,0,40.4,,
2026-07-10T09:02:04 ET,2026-07-10T09:00:00 ET,2026-07-10,Fri,0902ET,AGGREGATE,29831.25,707.585,29847.5,NEAR_FLIP,EXPANSION,,24.183127962085305,,23.94,25.04,29.77,23.54,32457.34,770.0,2626.09,8.803151058034778,18560.0,18560.0,613474.7,-15886.68,18122.01,0.009989,64.54,95,95,0,25.52,,
2026-07-10T09:02:04 ET,2026-07-10T09:00:00 ET,2026-07-10,Fri,0902ET,AGGREGATE,29831.25,707.585,29847.5,NEAR_FLIP,EXPANSION,,24.183127962085305,,23.94,25.04,29.77,23.54,32458.26,770.0,2627.0099999999984,8.806235072281579,85490.27,85490.27,3036886.63,-60996.34,86283.59,0.05406,331.62,385,385,0,23.71,,
2026-07-10T09:02:04 ET,2026-07-10T09:00:00 ET,2026-07-10,Fri,0902ET,AGGREGATE,29831.25,707.585,29847.5,NEAR_FLIP,EXPANSION,,24.183127962085305,,23.94,25.04,29.77,23.54,32462.62,770.0,2631.369999999999,8.820850618059916,598728.0,598728.0,12470656.65,-1274671.33,592348.54,0.332586,1330.54,3010,3010,0,40.77,,
2026-07-10T09:02:04 ET,2026-07-10T09:00:00 ET,2026-07-10,Fri,0902ET,AGGREGATE,29831.25,707.585,29847.5,NEAR_FLIP,EXPANSION,,24.183127962085305,,23.94,25.04,29.77,23.54,32499.5,771.0,2668.25,8.944479363084014,2761.49,2761.49,75406.78,-2365.55,3862.45,0.006019,11.85,5,5,0,31.380000000000003,,
2026-07-10T09:02:04 ET,2026-07-10T09:00:00 ET,2026-07-10,Fri,0902ET,AGGREGATE,29831.25,707.585,29847.5,NEAR_FLIP,EXPANSION,,24.183127962085305,,23.94,25.04,29.77,23.54,32500.42,771.0,2669.1699999999983,8.947563377330814,674.55,674.55,22298.34,-486.02,787.03,0.000749,2.86,2,2,0,25.88,,
2026-07-10T09:02:04 ET,2026-07-10T09:00:00 ET,2026-07-10,Fri,0902ET,AGGREGATE,29831.25,707.585,29847.5,NEAR_FLIP,EXPANSION,,24.183127962085305,,23.94,25.04,29.77,23.54,32504.78,771.0,2673.529999999999,8.962178923109152,141384.74,141384.74,2962997.56,-306058.5,140446.47,0.074535,317.1,752,752,0,41.15,,
2026-07-10T09:02:04 ET,2026-07-10T09:00:00 ET,2026-07-10,Fri,0902ET,AGGREGATE,29831.25,707.585,29847.5,NEAR_FLIP,EXPANSION,,24.183127962085305,,23.94,25.04,29.77,23.54,32541.65,772.0,2710.4000000000015,9.085774146239267,8406.33,8406.33,265465.59,-7369.25,9185.01,0.006601,31.58,33,33,0,27.54,,
2026-07-10T09:02:04 ET,2026-07-10T09:00:00 ET,2026-07-10,Fri,0902ET,AGGREGATE,29831.25,707.585,29847.5,NEAR_FLIP,EXPANSION,,24.183127962085305,,23.94,25.04,29.77,23.54,32542.57,772.0,2711.3199999999997,9.088858160486067,7810.03,7810.03,281633.94,-5751.18,7908.05,0.004357,30.77,40,40,0,24.09,,
2026-07-10T09:02:04 ET,2026-07-10T09:00:00 ET,2026-07-10,Fri,0902ET,AGGREGATE,29831.25,707.585,29847.5,NEAR_FLIP,EXPANSION,,24.183127962085305,,23.94,25.04,29.77,23.54,32546.94,772.0,2715.6899999999987,9.103507228158387,39424.55,39424.55,807751.12,-86193.04,41404.38,0.025178,91.87,183,183,0,42.72,,
2026-07-10T09:02:04 ET,2026-07-10T09:00:00 ET,2026-07-10,Fri,0902ET,AGGREGATE,29831.25,707.585,29847.5,NEAR_FLIP,EXPANSION,,24.183127962085305,,23.94,25.04,29.77,23.54,32583.8,773.0,2752.5499999999993,9.227068929394507,7355.66,7355.66,239937.19,-6570.8,7693.49,0.004435,27.14,36,36,0,27.06,,
2026-07-10T09:02:04 ET,2026-07-10T09:00:00 ET,2026-07-10,Fri,0902ET,AGGREGATE,29831.25,707.585,29847.5,NEAR_FLIP,EXPANSION,,24.183127962085305,,23.94,25.04,29.77,23.54,32584.72,773.0,2753.470000000001,9.230152943641318,181879.27,181879.27,6605837.58,-136018.99,184502.11,0.095447,722.25,992,992,0,24.28,,
2026-07-10T09:02:04 ET,2026-07-10T09:00:00 ET,2026-07-10,Fri,0902ET,AGGREGATE,29831.25,707.585,29847.5,NEAR_FLIP,EXPANSION,,24.183127962085305,,23.94,25.04,29.77,23.54,32589.1,773.0,2757.8499999999985,9.24483553320762,62679.73,62679.73,1329033.19,-140180.66,62790.19,0.029863,143.17,372,372,0,41.9,,
2026-07-10T09:02:04 ET,2026-07-10T09:00:00 ET,2026-07-10,Fri,0902ET,AGGREGATE,29831.25,707.585,29847.5,NEAR_FLIP,EXPANSION,,24.183127962085305,,23.94,25.04,29.77,23.54,32625.95,774.0,2794.7000000000007,9.368363712549762,41281.19,41281.19,1083426.23,-36965.67,64881.96,0.114495,192.92,66,66,0,34.17,,
2026-07-10T09:02:04 ET,2026-07-10T09:00:00 ET,2026-07-10,Fri,0902ET,AGGREGATE,29831.25,707.585,29847.5,NEAR_FLIP,EXPANSION,,24.183127962085305,,23.94,25.04,29.77,23.54,32626.88,774.0,2795.630000000001,9.371481248690554,6305.5,6305.5,233549.61,-4795.72,6264.44,0.002786,24.91,40,40,0,24.16,,
2026-07-10T09:02:04 ET,2026-07-10T09:00:00 ET,2026-07-10,Fri,0902ET,AGGREGATE,29831.25,707.585,29847.5,NEAR_FLIP,EXPANSION,,24.183127962085305,,23.94,25.04,29.77,23.54,32631.26,774.0,2800.0099999999984,9.386163838256856,24906.61,24906.61,516053.19,-56201.73,26391.3,0.014495,59.11,128,128,0,43.51,,
2026-07-10T09:02:04 ET,2026-07-10T09:00:00 ET,2026-07-10,Fri,0902ET,AGGREGATE,29831.25,707.585,29847.5,NEAR_FLIP,EXPANSION,,24.183127962085305,,23.94,25.04,29.77,23.54,32668.11,775.0,2836.8600000000006,9.509692017598995,4844.9,4844.9,162912.42,-4475.61,4937.17,0.00225,17.85,30,30,0,27.030000000000005,,
2026-07-10T09:02:04 ET,2026-07-10T09:00:00 ET,2026-07-10,Fri,0902ET,AGGREGATE,29831.25,707.585,29847.5,NEAR_FLIP,EXPANSION,,24.183127962085305,,23.94,25.04,29.77,23.54,32669.03,775.0,2837.779999999999,9.512776031845796,17671.95,17671.95,650689.27,-13622.03,18000.72,0.008234,71.27,109,109,0,24.66,,
2026-07-10T09:02:04 ET,2026-07-10T09:00:00 ET,2026-07-10,Fri,0902ET,AGGREGATE,29831.25,707.585,29847.5,NEAR_FLIP,EXPANSION,,24.183127962085305,,23.94,25.04,29.77,23.54,32673.42,775.0,2842.1699999999983,9.527492143306091,200939.6,200939.6,4237808.5,-461862.77,209157.02,0.100451,475.19,1181,1181,0,43.36,,
2026-07-10T12:10:52 ET,2026-07-10T12:10:00 ET,2026-07-10,Fri,1210ET,2026-07-13,29971.5,707.585,29987.6,NEAR_FLIP,EXPANSION,,24.183127962085305,,19.86,24.82,29.46,23.53,27104.37,640.0,-2867.130000000001,-9.566187878484564,-482714.14,518858.45999999996,11480536.780000001,503716.6,1080823.95,1.6861050000000002,2977.79,794,30,764,41.95032745591939,,
2026-07-10T12:10:52 ET,2026-07-10T12:10:00 ET,2026-07-10,Fri,1210ET,2026-07-14,29971.5,707.585,29987.6,NEAR_FLIP,EXPANSION,,24.183127962085305,,19.86,24.82,29.46,23.53,27104.45,640.0,-2867.0499999999993,-9.565920958243662,-295276.24,295276.24,7296963.05,239501.66,-650714.8,-1.408146,1960.05,385,0,385,40.43,,
2026-07-10T12:10:52 ET,2026-07-10T12:10:00 ET,2026-07-10,Fri,1210ET,2026-07-10,29971.5,707.585,29987.6,NEAR_FLIP,EXPANSION,,24.183127962085305,,19.86,24.82,29.46,23.53,27108.77,640.0,-2862.7299999999996,-9.551507265235305,-920257.5499999999,928249.37,17109990.650000002,2259880.1,902952.8299999998,-0.20060900000000004,2723.0299999999997,3396,31,3365,53.654042991755006,,
2026-07-10T12:10:52 ET,2026-07-10T12:10:00 ET,2026-07-10,Fri,1210ET,2026-07-13,29971.5,707.585,29987.6,NEAR_FLIP,EXPANSION,,24.183127962085305,,19.86,24.82,29.46,23.53,27316.12,645.0,-2655.380000000001,-8.85968336586424,-398427.28,441839.1,9156687.7,395863.0,1254659.59,2.403113,2419.3799999999997,561,30,531,40.019037433155084,,
2026-07-10T12:10:52 ET,2026-07-10T12:10:00 ET,2026-07-10,Fri,1210ET,2026-07-14,29971.5,707.585,29987.6,NEAR_FLIP,EXPANSION,,24.183127962085305,,19.86,24.82,29.46,23.53,27316.21,645.0,-2655.290000000001,-8.859383080593233,-381608.99,381608.99,9075534.19,285589.89,-829787.53,-2.16334,2429.63,413,0,413,38.78,,
2026-07-10T12:10:52 ET,2026-07-10T12:10:00 ET,2026-07-10,Fri,1210ET,2026-07-10,29971.5,707.585,29987.6,NEAR_FLIP,EXPANSION,,24.183127962085305,,19.86,24.82,29.46,23.53,27320.56,645.0,-2650.9399999999987,-8.844869292494533,-441666.75,445027.13,7983823.82,996911.8200000001,35561.929999999935,-0.251869,1239.19,1288,9,1279,50.943664596273294,,
2026-07-10T12:10:52 ET,2026-07-10T12:10:00 ET,2026-07-10,Fri,1210ET,2026-07-13,29971.5,707.585,29987.6,NEAR_FLIP,EXPANSION,,24.183127962085305,,19.86,24.82,29.46,23.53,27527.87,650.0,-2443.630000000001,-8.153178853243919,-604557.3200000001,631152.02,13370950.62,518612.89999999997,-158589.20999999996,-0.6679270000000002,3299.5,654,15,639,38.21316513761468,,
2026-07-10T12:10:52 ET,2026-07-10T12:10:00 ET,2026-07-10,Fri,1210ET,2026-07-14,29971.5,707.585,29987.6,NEAR_FLIP,EXPANSION,,24.183127962085305,,19.86,24.82,29.46,23.53,27527.96,650.0,-2443.540000000001,-8.152878567972909,-1078469.8,1080531.7,24476878.78,741403.8,-2264296.19,-7.233225,6611.0199999999995,957,1,956,37.26852664576803,,
2026-07-10T12:10:52 ET,2026-07-10T12:10:00 ET,2026-07-10,Fri,1210ET,2026-07-10,29971.5,707.585,29987.6,NEAR_FLIP,EXPANSION,,24.183127962085305,,19.86,24.82,29.46,23.53,27532.35,650.0,-2439.1500000000015,-8.138231319753771,-2226435.6199999996,2254799.1,38318734.300000004,4615774.7299999995,562770.6699999999,-1.2694609999999997,6041.12,4737,51,4686,49.00692210259658,,
2026-07-10T12:10:52 ET,2026-07-10T12:10:00 ET,2026-07-10,Fri,1210ET,2026-07-13,29971.5,707.585,29987.6,NEAR_FLIP,EXPANSION,,24.183127962085305,,19.86,24.82,29.46,23.53,27739.62,655.0,-2231.880000000001,-7.446674340623597,-976574.12,976574.12,20554407.83,730618.57,-1876185.85,-6.389766,4890.05,809,0,809,36.61,,
2026-07-10T12:10:52 ET,2026-07-10T12:10:00 ET,2026-07-10,Fri,1210ET,2026-07-14,29971.5,707.585,29987.6,NEAR_FLIP,EXPANSION,,24.183127962085305,,19.86,24.82,29.46,23.53,27739.71,655.0,-2231.790000000001,-7.446374055352588,-436130.66,438693.34,9381754.780000001,273910.69,-874447.12,-3.446759,2577.39,316,1,315,35.785601265822784,,
2026-07-10T12:10:52 ET,2026-07-10T12:10:00 ET,2026-07-10,Fri,1210ET,2026-07-10,29971.5,707.585,29987.6,NEAR_FLIP,EXPANSION,,24.183127962085305,,19.86,24.82,29.46,23.53,27744.13,655.0,-2227.369999999999,-7.431626712043105,-1060783.1,1087880.56,17140874.69,2022465.71,773358.1799999999,-0.15325500000000014,2819.9,1607,32,1575,47.39302426882389,,
2026-07-10T12:10:52 ET,2026-07-10T12:10:00 ET,2026-07-10,Fri,1210ET,2026-07-13,29971.5,707.585,29987.6,NEAR_FLIP,EXPANSION,,24.183127962085305,,19.86,24.82,29.46,23.53,27951.38,660.0,-2020.119999999999,-6.740136462973155,-1158366.01,1186467.1700000002,22862645.62,801195.37,-1582171.0799999998,-7.099421000000001,5708.84,774,10,764,35.171007751937985,,
2026-07-10T12:10:52 ET,2026-07-10T12:10:00 ET,2026-07-10,Fri,1210ET,2026-07-14,29971.5,707.585,29987.6,NEAR_FLIP,EXPANSION,,24.183127962085305,,19.86,24.82,29.46,23.53,27951.47,660.0,-2020.0299999999988,-6.739836177702147,-1532981.15,1532981.15,30890240.85,863107.16,-3326666.04,-16.204002,8675.0,888,0,888,34.47,,
2026-07-10T12:10:52 ET,2026-07-10T12:10:00 ET,2026-07-10,Fri,1210ET,2026-07-10,29971.5,707.585,29987.6,NEAR_FLIP,EXPANSION,,24.183127962085305,,19.86,24.82,29.46,23.53,27955.92,660.0,-2015.5800000000017,-6.724988739302343,-5685302.43,5783390.3100000005,86153613.33,9693878.09,-2703681.1099999994,-11.723231,14424.67,6087,75,6012,45.61578610152785,,
2026-07-10T12:10:52 ET,2026-07-10T12:10:00 ET,2026-07-10,Fri,1210ET,2026-07-10,29971.5,707.585,29987.6,NEAR_FLIP,EXPANSION,,24.183127962085305,,19.86,24.82,29.46,23.53,27998.28,661.0,-1973.2200000000012,-6.583654471748164,-125896.81,125896.81,1885937.21,206472.34,-174582.32,-0.500331,311.29,124,0,124,45.23,,
2026-07-10T12:10:52 ET,2026-07-10T12:10:00 ET,2026-07-10,Fri,1210ET,2026-07-10,29971.5,707.585,29987.6,NEAR_FLIP,EXPANSION,,24.183127962085305,,19.86,24.82,29.46,23.53,28040.64,662.0,-1930.8600000000006,-6.442320204193987,-234152.56,234152.56,3501421.14,375525.98,-318661.99,-0.940254,567.18,224,0,224,44.32,,
2026-07-10T12:10:52 ET,2026-07-10T12:10:00 ET,2026-07-10,Fri,1210ET,2026-07-10,29971.5,707.585,29987.6,NEAR_FLIP,EXPANSION,,24.183127962085305,,19.86,24.82,29.46,23.53,28082.99,663.0,-1888.5099999999984,-6.301019301669915,-194150.17,194150.17,2852888.07,304416.69,-266162.16,-0.848047,467.71,172,0,172,44.07,,
2026-07-10T12:10:52 ET,2026-07-10T12:10:00 ET,2026-07-10,Fri,1210ET,2026-07-10,29971.5,707.585,29987.6,NEAR_FLIP,EXPANSION,,24.183127962085305,,19.86,24.82,29.46,23.53,28125.35,664.0,-1846.1500000000015,-6.159685034115748,-954236.3,954236.3,13674584.46,1462404.65,-1333906.96,-4.678261,2302.24,768,0,768,44.13,,
2026-07-10T12:10:52 ET,2026-07-10T12:10:00 ET,2026-07-10,Fri,1210ET,2026-07-13,29971.5,707.585,29987.6,NEAR_FLIP,EXPANSION,,24.183127962085305,,19.86,24.82,29.46,23.53,28163.13,665.0,-1808.369999999999,-6.033631950352832,-1392464.94,1399696.02,25899766.139999997,843701.33,-2527304.1799999997,-13.695905,6383.28,731,2,729,33.33696306429549,,
2026-07-10T12:10:52 ET,2026-07-10T12:10:00 ET,2026-07-10,Fri,1210ET,2026-07-14,29971.5,707.585,29987.6,NEAR_FLIP,EXPANSION,,24.183127962085305,,19.86,24.82,29.46,23.53,28163.22,665.0,-1808.2799999999988,-6.033331665081824,-1649963.19,1649963.19,30626256.12,828335.99,-3658556.33,-22.352097,9041.61,762,0,762,33.38,,
2026-07-10T12:10:52 ET,2026-07-10T12:10:00 ET,2026-07-10,Fri,1210ET,2026-07-10,29971.5,707.585,29987.6,NEAR_FLIP,EXPANSION,,24.183127962085305,,19.86,24.82,29.46,23.53,28167.71,665.0,-1803.7900000000009,-6.01835076656157,-12791965.18,13094420.04,181282983.6,19598790.869999997,-7618680.840000002,-36.775774999999996,31129.53,10033,149,9884,43.478318548789,,
2026-07-10T12:10:52 ET,2026-07-10T12:10:00 ET,2026-07-10,Fri,1210ET,2026-07-10,29971.5,707.585,29987.6,NEAR_FLIP,EXPANSION,,24.183127962085305,,19.86,24.82,29.46,23.53,28210.07,666.0,-1761.4300000000003,-5.877016499007391,-231512.3,231512.3,3238020.22,338278.32,-321603.28,-1.266049,545.24,166,0,166,43.08,,
2026-07-10T12:10:52 ET,2026-07-10T12:10:00 ET,2026-07-10,Fri,1210ET,2026-07-10,29971.5,707.585,29987.6,NEAR_FLIP,EXPANSION,,24.183127962085305,,19.86,24.82,29.46,23.53,28252.42,667.0,-1719.0800000000017,-5.735715596483332,-98269.75,98269.75,1336202.14,140163.52,-139655.16,-0.605287,232.13,64,0,64,43.2,,
2026-07-10T12:10:52 ET,2026-07-10T12:10:00 ET,2026-07-10,Fri,1210ET,2026-07-10,29971.5,707.585,29987.6,NEAR_FLIP,EXPANSION,,24.183127962085305,,19.86,24.82,29.46,23.53,28294.78,668.0,-1676.7200000000012,-5.594381328929153,-246400.57,246400.57,3330066.72,342620.95,-345021.99,-1.558231,570.79,154,0,154,42.37,,
2026-07-10T12:10:52 ET,2026-07-10T12:10:00 ET,2026-07-10,Fri,1210ET,2026-07-10,29971.5,707.585,29987.6,NEAR_FLIP,EXPANSION,,24.183127962085305,,19.86,24.82,29.46,23.53,28337.14,669.0,-1634.3600000000006,-5.453047061374975,-2504347.91,2504347.91,33216534.06,3394268.48,-3526523.14,-17.086388,5757.46,1459,0,1459,42.05,,
2026-07-10T12:10:52 ET,2026-07-10T12:10:00 ET,2026-07-10,Fri,1210ET,2026-07-13,29971.5,707.585,29987.6,NEAR_FLIP,EXPANSION,,24.183127962085305,,19.86,24.82,29.46,23.53,28374.88,670.0,-1596.619999999999,-5.327127437732509,-3484428.77,3751915.85,58668607.330000006,1991902.47,-3345041.11,-25.002979,16573.489999999998,1511,57,1454,32.294169424222375,,
2026-07-10T12:10:52 ET,2026-07-10T12:10:00 ET,2026-07-10,Fri,1210ET,2026-07-14,29971.5,707.585,29987.6,NEAR_FLIP,EXPANSION,,24.183127962085305,,19.86,24.82,29.46,23.53,28374.98,670.0,-1596.5200000000004,-5.326793787431395,-990486.2699999999,1314595.0499999998,16767829.01,580315.65,1539168.7800000003,10.384426999999999,6862.04,493,63,430,31.793651115618662,,
2026-07-10T12:10:52 ET,2026-07-10T12:10:00 ET,2026-07-10,Fri,1210ET,2026-07-10,29971.5,707.585,29987.6,NEAR_FLIP,EXPANSION,,24.183127962085305,,19.86,24.82,29.46,23.53,28379.5,670.0,-1592.0,-5.311712793820797,-15519369.97,16117714.290000001,201452388.07,21279783.69,-9298162.680000002,-58.684928,36753.8,8770,191,8579,41.689454960091226,,
2026-07-10T12:10:52 ET,2026-07-10T12:10:00 ET,2026-07-10,Fri,1210ET,2026-07-10,29971.5,707.585,29987.6,NEAR_FLIP,EXPANSION,,24.183127962085305,,19.86,24.82,29.46,23.53,28421.85,671.0,-1549.6500000000015,-5.1704118912967365,-158965.4,158965.4,2032746.67,204291.75,-225502.89,-1.249205,358.87,81,0,81,41.28,,
2026-07-10T12:10:52 ET,2026-07-10T12:10:00 ET,2026-07-10,Fri,1210ET,2026-07-10,29971.5,707.585,29987.6,NEAR_FLIP,EXPANSION,,24.183127962085305,,19.86,24.82,29.46,23.53,28464.21,672.0,-1507.2900000000009,-5.029077623742558,-381805.3,381805.3,4718095.53,477607.48,-557339.32,-3.393536,866.74,177,0,177,41.51,,
2026-07-10T12:10:52 ET,2026-07-10T12:10:00 ET,2026-07-10,Fri,1210ET,2026-07-10,29971.5,707.585,29987.6,NEAR_FLIP,EXPANSION,,24.183127962085305,,19.86,24.82,29.46,23.53,28506.57,673.0,-1464.9300000000003,-4.8877433561883805,-5649358.9,5653392.66,67665189.94,6877677.44,-8369958.929999999,-55.488166,12856.23,2410,1,2409,41.568680497925314,,
2026-07-10T12:10:52 ET,2026-07-10T12:10:00 ET,2026-07-10,Fri,1210ET,2026-07-10,29971.5,707.585,29987.6,NEAR_FLIP,EXPANSION,,24.183127962085305,,19.86,24.82,29.46,23.53,28548.92,674.0,-1422.5800000000017,-4.74644245366432,-1363514.96,1381036.46,16270928.32,1630583.34,-1729404.76,-12.063566,3057.31,568,4,564,40.47394366197183,,
2026-07-10T12:10:52 ET,2026-07-10T12:10:00 ET,2026-07-10,Fri,1210ET,2026-07-13,29971.5,707.585,29987.6,NEAR_FLIP,EXPANSION,,24.183127962085305,,19.86,24.82,29.46,23.53,28586.64,675.0,-1384.8600000000006,-4.62058956008208,-3427584.35,3647457.0900000003,52938890.32,1674434.95,-4613417.05,-41.36301900000001,15216.41,1164,36,1128,30.501855670103097,,
2026-07-10T12:10:52 ET,2026-07-10T12:10:00 ET,2026-07-10,Fri,1210ET,2026-07-14,29971.5,707.585,29987.6,NEAR_FLIP,EXPANSION,,24.183127962085305,,19.86,24.82,29.46,23.53,28586.73,675.0,-1384.7700000000004,-4.620289274811072,-1240270.8699999999,1266266.57,18833818.95,482266.39999999997,-2662269.85,-25.171292,6445.160000000001,379,4,375,31.013957783641164,,
2026-07-10T12:10:52 ET,2026-07-10T12:10:00 ET,2026-07-10,Fri,1210ET,2026-07-10,29971.5,707.585,29987.6,NEAR_FLIP,EXPANSION,,24.183127962085305,,19.86,24.82,29.46,23.53,28591.28,675.0,-1380.2200000000012,-4.605108186110142,-22037998.45,22408627.51,256726038.23,25678783.74,-27421654.39,-205.298652,49254.62,8600,78,8522,40.18031860465117,,
2026-07-10T12:10:52 ET,2026-07-10T12:10:00 ET,2026-07-10,Fri,1210ET,2026-07-10,29971.5,707.585,29987.6,NEAR_FLIP,EXPANSION,,24.183127962085305,,19.86,24.82,29.46,23.53,28633.64,676.0,-1337.8600000000006,-4.4637739185559635,-889715.83,889715.83,10102410.1,988719.53,-1323643.35,-10.453442,1945.01,318,0,318,39.96,,
2026-07-10T12:10:52 ET,2026-07-10T12:10:00 ET,2026-07-10,Fri,1210ET,2026-07-10,29971.5,707.585,29987.6,NEAR_FLIP,EXPANSION,,24.183127962085305,,19.86,24.82,29.46,23.53,28676.0,677.0,-1295.5,-4.322439651001785,-364237.07999999996,436660.9,3962013.29,470219.57,257982.74,1.599831,953.0,145,13,132,39.8748275862069,,
2026-07-10T12:10:52 ET,2026-07-10T12:10:00 ET,2026-07-10,Fri,1210ET,2026-07-10,29971.5,707.585,29987.6,NEAR_FLIP,EXPANSION,,24.183127962085305,,19.86,24.82,29.46,23.53,28718.35,678.0,-1253.1500000000015,-4.181138748477725,-851968.19,936251.51,9116508.04,975489.1,-433645.33999999997,-4.478733,2020.81,292,14,278,39.4436301369863,,
2026-07-10T12:10:52 ET,2026-07-10T12:10:00 ET,2026-07-10,Fri,1210ET,2026-07-10,29971.5,707.585,29987.6,NEAR_FLIP,EXPANSION,,24.183127962085305,,19.86,24.82,29.46,23.53,28760.71,679.0,-1210.7900000000009,-4.039804480923547,-946952.92,946952.92,9709883.26,954530.42,-1501875.72,-14.813485,2069.0,271,0,271,39.93,,
2026-07-10T12:10:52 ET,2026-07-10T12:10:00 ET,2026-07-10,Fri,1210ET,2026-07-13,29971.5,707.585,29987.6,NEAR_FLIP,EXPANSION,,24.183127962085305,,19.86,24.82,29.46,23.53,28798.39,680.0,-1173.1100000000006,-3.9140850474617572,-12160068.620000001,12603126.2,164877709.51000002,4883292.23,-21767189.369999997,-247.050883,50612.100000000006,3141,56,3085,29.364310729067178,,
2026-07-10T12:10:52 ET,2026-07-10T12:10:00 ET,2026-07-10,Fri,1210ET,2026-07-14,29971.5,707.585,29987.6,NEAR_FLIP,EXPANSION,,24.183127962085305,,19.86,24.82,29.46,23.53,28798.48,680.0,-1173.0200000000004,-3.9137847621907493,-2268546.69,2830440.4499999997,30114593.589999996,907522.16,-1872720.46,-22.212832,13788.86,689,69,620,29.679811320754716,,
2026-07-10T12:10:52 ET,2026-07-10T12:10:00 ET,2026-07-10,Fri,1210ET,2026-07-10,29971.5,707.585,29987.6,NEAR_FLIP,EXPANSION,,24.183127962085305,,19.86,24.82,29.46,23.53,28803.07,680.0,-1168.4300000000003,-3.8984702133693685,-33988884.04,35353620.220000006,345717269.7,34372769.160000004,-40878718.06,-426.7297,74983.65,9692,195,9497,38.75861328931077,,
2026-07-10T12:10:52 ET,2026-07-10T12:10:00 ET,2026-07-10,Fri,1210ET,2026-07-10,29971.5,707.585,29987.6,NEAR_FLIP,EXPANSION,,24.183127962085305,,19.86,24.82,29.46,23.53,28845.43,681.0,-1126.0699999999997,-3.7571359458151905,-1583306.65,1583306.65,15610124.08,1484429.3,-2486120.56,-27.366883,3341.58,406,0,406,38.57,,
2026-07-10T12:10:52 ET,2026-07-10T12:10:00 ET,2026-07-10,Fri,1210ET,2026-07-10,29971.5,707.585,29987.6,NEAR_FLIP,EXPANSION,,24.183127962085305,,19.86,24.82,29.46,23.53,28887.78,682.0,-1083.7200000000012,-3.6158350432911304,-2128604.78,2128604.78,20374169.44,1921349.38,-3370589.93,-39.477327,4449.82,513,0,513,38.2,,
2026-07-10T12:10:52 ET,2026-07-10T12:10:00 ET,2026-07-10,Fri,1210ET,2026-07-10,29971.5,707.585,29987.6,NEAR_FLIP,EXPANSION,,24.183127962085305,,19.86,24.82,29.46,23.53,28930.14,683.0,-1041.3600000000006,-3.4745007757369524,-1859816.88,1859816.88,16785524.87,1615386.02,-3101613.39,-39.235022,3957.22,415,0,415,38.87,,
2026-07-10T12:10:52 ET,2026-07-10T12:10:00 ET,2026-07-10,Fri,1210ET,2026-07-10,29971.5,707.585,29987.6,NEAR_FLIP,EXPANSION,,24.183127962085305,,19.86,24.82,29.46,23.53,28972.5,684.0,-999.0,-3.3331665081827735,-1883550.57,2031799.6500000001,16597691.870000001,1692847.66,-2226668.38,-29.995926,4232.5,430,16,414,38.05641860465116,,
2026-07-10T12:10:52 ET,2026-07-10T12:10:00 ET,2026-07-10,Fri,1210ET,2026-07-13,29971.5,707.585,29987.6,NEAR_FLIP,EXPANSION,,24.183127962085305,,19.86,24.82,29.46,23.53,29010.14,685.0,-961.3600000000006,-3.2075805348414343,-40935003.02,41228269.46,475337321.89,13020883.11,-85475040.55,-1222.5392410000002,158167.26,8133,29,8104,28.057967539653262,,
2026-07-10T12:10:52 ET,2026-07-10T12:10:00 ET,2026-07-10,Fri,1210ET,2026-07-14,29971.5,707.585,29987.6,NEAR_FLIP,EXPANSION,,24.183127962085305,,19.86,24.82,29.46,23.53,29010.24,685.0,-961.2599999999984,-3.207246884540308,-3066157.1100000003,3237118.83,34711139.029999994,842762.31,-6920975.8,-97.79577400000001,15229.83,646,17,629,28.68078947368421,,
2026-07-10T12:10:52 ET,2026-07-10T12:10:00 ET,2026-07-10,Fri,1210ET,2026-07-10,29971.5,707.585,29987.6,NEAR_FLIP,EXPANSION,,24.183127962085305,,19.86,24.82,29.46,23.53,29014.86,685.0,-956.6399999999994,-3.1918322406285955,-18535421.740000002,20256467.18,156415004.76,16170630.25,-21931683.32,-313.883793,42125.55,4031,174,3857,37.98525179856115,,
2026-07-10T12:10:52 ET,2026-07-10T12:10:00 ET,2026-07-10,Fri,1210ET,2026-07-10,29971.5,707.585,29987.6,NEAR_FLIP,EXPANSION,,24.183127962085305,,19.86,24.82,29.46,23.53,29057.21,686.0,-914.2900000000009,-3.0505313381045354,-5238259.680000001,5575431.28,42915667.480000004,4254069.7,-7189834.78,-108.16672000000001,11427.01,1049,32,1017,37.438274547187795,,
2026-07-10T12:10:52 ET,2026-07-10T12:10:00 ET,2026-07-10,Fri,1210ET,2026-07-10,29971.5,707.585,29987.6,NEAR_FLIP,EXPANSION,,24.183127962085305,,19.86,24.82,29.46,23.53,29099.57,687.0,-871.9300000000003,-2.909197070550357,-3685437.29,4099829.2699999996,29115467.5,2983617.1999999997,-4386760.350000001,-69.816287,8301.16,729,37,692,36.983964334705085,,
2026-07-10T12:10:52 ET,2026-07-10T12:10:00 ET,2026-07-10,Fri,1210ET,2026-07-10,29971.5,707.585,29987.6,NEAR_FLIP,EXPANSION,,24.183127962085305,,19.86,24.82,29.46,23.53,29141.93,688.0,-829.5699999999997,-2.7678628029961785,-3707997.81,4016819.03,28067486.36,2781736.23,-5135969.66,-86.333448,8076.7,675,26,649,36.72881481481482,,
2026-07-10T12:10:52 ET,2026-07-10T12:10:00 ET,2026-07-10,Fri,1210ET,2026-07-10,29971.5,707.585,29987.6,NEAR_FLIP,EXPANSION,,24.183127962085305,,19.86,24.82,29.46,23.53,29184.29,689.0,-787.2099999999991,-2.6265285354420005,-3462947.96,4015906.1399999997,24556379.64,2640148.23,-4148614.32,-73.604624,8145.110000000001,639,44,595,37.04045383411581,,
2026-07-10T12:10:52 ET,2026-07-10T12:10:00 ET,2026-07-10,Fri,1210ET,2026-07-13,29971.5,707.585,29987.6,NEAR_FLIP,EXPANSION,,24.183127962085305,,19.86,24.82,29.46,23.53,29221.89,690.0,-749.6100000000006,-2.501076022221112,-5121053.02,5512616.48,48044374.23,1345208.8900000001,-10276599.88,-182.567709,20337.31,875,31,844,26.985474285714286,,
2026-07-10T12:10:52 ET,2026-07-10T12:10:00 ET,2026-07-10,Fri,1210ET,2026-07-14,29971.5,707.585,29987.6,NEAR_FLIP,EXPANSION,,24.183127962085305,,19.86,24.82,29.46,23.53,29221.99,690.0,-749.5099999999984,-2.5007423719199853,-4255001.529999999,4716875.91,38471922.21,944298.9700000001,-10009750.94,-168.359841,21555.61,788,38,750,27.87406091370558,,
2026-07-10T12:10:52 ET,2026-07-10T12:10:00 ET,2026-07-10,Fri,1210ET,2026-07-10,29971.5,707.585,29987.6,NEAR_FLIP,EXPANSION,,24.183127962085305,,19.86,24.82,29.46,23.53,29226.64,690.0,-744.8600000000006,-2.4852276329179404,-66627026.43000001,70049295.93,457684138.61,43556024.01,-108121496.11,-2023.879096,139210.31,10563,258,10305,36.2926725362113,,
2026-07-10T12:10:52 ET,2026-07-10T12:10:00 ET,2026-07-10,Fri,1210ET,2026-07-13,29971.5,707.585,29987.6,NEAR_FLIP,EXPANSION,,24.183127962085305,,19.86,24.82,29.46,23.53,29264.25,691.0,-707.25,-2.359741754666934,-1436312.95,1515256.1700000002,12510214.09,347801.01,-3164551.89,-57.971349,5669.81,233,6,227,27.374763948497854,,
2026-07-10T12:10:52 ET,2026-07-10T12:10:00 ET,2026-07-10,Fri,1210ET,2026-07-14,29971.5,707.585,29987.6,NEAR_FLIP,EXPANSION,,24.183127962085305,,19.86,24.82,29.46,23.53,29264.34,691.0,-707.1599999999999,-2.3594414693959256,-2200973.6300000004,2276473.85,19052662.62,428406.24,-5751741.99,-100.559398,10284.16,367,6,361,27.554468664850134,,
2026-07-10T12:10:52 ET,2026-07-10T12:10:00 ET,2026-07-10,Fri,1210ET,2026-07-10,29971.5,707.585,29987.6,NEAR_FLIP,EXPANSION,,24.183127962085305,,19.86,24.82,29.46,23.53,29269.0,691.0,-702.5,-2.3438933653637624,-5035779.17,5817866.43,32841885.819999997,3410711.2800000003,-6718299.81,-132.461726,11472.98,833,56,777,36.011932773109244,,
2026-07-10T12:10:52 ET,2026-07-10T12:10:00 ET,2026-07-10,Fri,1210ET,2026-07-13,29971.5,707.585,29987.6,NEAR_FLIP,EXPANSION,,24.183127962085305,,19.86,24.82,29.46,23.53,29306.6,692.0,-664.9000000000015,-2.218440852142874,-1344771.94,1399515.3399999999,11376753.67,301231.88,-2975816.08,-57.304017,5079.0199999999995,205,4,201,26.55414634146341,,
2026-07-10T12:10:52 ET,2026-07-10T12:10:00 ET,2026-07-10,Fri,1210ET,2026-07-14,29971.5,707.585,29987.6,NEAR_FLIP,EXPANSION,,24.183127962085305,,19.86,24.82,29.46,23.53,29306.69,692.0,-664.8100000000013,-2.218140566871866,-1469597.98,1534655.3399999999,12085394.95,270417.69,-3849222.63,-69.653916,6858.71,239,5,234,27.263054393305442,,
2026-07-10T12:10:52 ET,2026-07-10T12:10:00 ET,2026-07-10,Fri,1210ET,2026-07-10,29971.5,707.585,29987.6,NEAR_FLIP,EXPANSION,,24.183127962085305,,19.86,24.82,29.46,23.53,29311.36,692.0,-660.1399999999994,-2.202559097809584,-10799343.0,11195339.719999999,64458530.54,6165724.67,-20012967.55,-410.616536,22617.34,1539,27,1512,36.890701754385965,,
2026-07-10T12:10:52 ET,2026-07-10T12:10:00 ET,2026-07-10,Fri,1210ET,2026-07-13,29971.5,707.585,29987.6,NEAR_FLIP,EXPANSION,,24.183127962085305,,19.86,24.82,29.46,23.53,29348.95,693.0,-622.5499999999993,-2.077139949618802,-1868391.3099999998,1925248.97,14518827.049999999,386403.0,-4435433.05,-87.522224,7109.12,275,4,271,27.026327272727272,,
2026-07-10T12:10:52 ET,2026-07-10T12:10:00 ET,2026-07-10,Fri,1210ET,2026-07-14,29971.5,707.585,29987.6,NEAR_FLIP,EXPANSION,,24.183127962085305,,19.86,24.82,29.46,23.53,29349.04,693.0,-622.4599999999991,-2.076839664347794,-2932517.36,2932517.36,22985677.24,481678.01,-8053363.68,-151.444833,12894.83,440,0,440,26.83,,
2026-07-10T12:10:52 ET,2026-07-10T12:10:00 ET,2026-07-10,Fri,1210ET,2026-07-10,29971.5,707.585,29987.6,NEAR_FLIP,EXPANSION,,24.183127962085305,,19.86,24.82,29.46,23.53,29353.72,693.0,-617.7799999999988,-2.0612248302554055,-46527044.59,48385848.31,267665177.20000002,24914344.2,-85089369.21,-1844.32445,94964.18000000001,6301,121,6180,35.83788763688303,,
2026-07-10T12:10:52 ET,2026-07-10T12:10:00 ET,2026-07-10,Fri,1210ET,2026-07-13,29971.5,707.585,29987.6,NEAR_FLIP,EXPANSION,,24.183127962085305,,19.86,24.82,29.46,23.53,29391.3,694.0,-580.2000000000007,-1.9358390470947424,-3059228.7100000004,3073968.77,22905804.25,573039.64,-7343042.2,-152.35,10999.099999999999,418,1,417,26.18942583732058,,
2026-07-10T12:10:52 ET,2026-07-10T12:10:00 ET,2026-07-10,Fri,1210ET,2026-07-14,29971.5,707.585,29987.6,NEAR_FLIP,EXPANSION,,24.183127962085305,,19.86,24.82,29.46,23.53,29391.39,694.0,-580.1100000000006,-1.9355387618237345,-606500.45,606500.45,4398418.05,92279.7,-1723457.13,-33.138347,2684.03,89,0,89,27.010000000000005,,
2026-07-10T12:10:52 ET,2026-07-10T12:10:00 ET,2026-07-10,Fri,1210ET,2026-07-10,29971.5,707.585,29987.6,NEAR_FLIP,EXPANSION,,24.183127962085305,,19.86,24.82,29.46,23.53,29396.07,694.0,-575.4300000000003,-1.9199239277313458,-9766864.15,11114835.709999999,53174395.63,5325019.47,-15771390.09,-359.785079,21485.890000000003,1378,84,1294,35.30194484760523,,
2026-07-10T12:10:52 ET,2026-07-10T12:10:00 ET,2026-07-10,Fri,1210ET,2026-07-13,29971.5,707.585,29987.6,NEAR_FLIP,EXPANSION,,24.183127962085305,,19.86,24.82,29.46,23.53,29433.65,695.0,-537.8499999999985,-1.7945381445706707,-12543051.76,12863505.979999999,86167161.10000001,2211403.08,-30818763.41,-655.235522,46442.270000000004,1706,21,1685,26.432121922626028,,
2026-07-10T12:10:52 ET,2026-07-10T12:10:00 ET,2026-07-10,Fri,1210ET,2026-07-14,29971.5,707.585,29987.6,NEAR_FLIP,EXPANSION,,24.183127962085305,,19.86,24.82,29.46,23.53,29433.74,695.0,-537.7599999999984,-1.7942378592996626,-4977833.130000001,5562997.25,33001750.75,779236.4299999999,-13478688.79,-262.54891,24803.03,801,41,760,27.21601747815231,,
2026-07-10T12:10:52 ET,2026-07-10T12:10:00 ET,2026-07-10,Fri,1210ET,2026-07-10,29971.5,707.585,29987.6,NEAR_FLIP,EXPANSION,,24.183127962085305,,19.86,24.82,29.46,23.53,29438.43,695.0,-533.0699999999997,-1.7785896601771674,-39090073.98,43386385.339999996,193736578.05,19225113.029999997,-71022145.89999999,-1671.0800169999998,85034.98,5202,257,4945,35.7886370626682,,
2026-07-10T12:10:52 ET,2026-07-10T12:10:00 ET,2026-07-10,Fri,1210ET,2026-07-13,29971.5,707.585,29987.6,NEAR_FLIP,EXPANSION,,24.183127962085305,,19.86,24.82,29.46,23.53,29476.0,696.0,-495.5,-1.653237242046611,-1731690.8399999999,1984013.46,11213481.25,312722.54,-3841581.4000000004,-85.29249200000001,7002.92,252,16,236,25.83730158730159,,
2026-07-10T12:10:52 ET,2026-07-10T12:10:00 ET,2026-07-10,Fri,1210ET,2026-07-14,29971.5,707.585,29987.6,NEAR_FLIP,EXPANSION,,24.183127962085305,,19.86,24.82,29.46,23.53,29476.09,696.0,-495.40999999999985,-1.6529369567756032,-1327706.95,1327706.95,8338348.03,170166.94,-3902709.88,-79.458417,5794.38,184,0,184,26.65,,
2026-07-10T12:10:52 ET,2026-07-10T12:10:00 ET,2026-07-10,Fri,1210ET,2026-07-10,29971.5,707.585,29987.6,NEAR_FLIP,EXPANSION,,24.183127962085305,,19.86,24.82,29.46,23.53,29480.79,696.0,-490.7099999999991,-1.637255392622989,-2848429.6599999997,7624173.779999999,13391130.739999998,3105018.0100000002,3629449.9399999995,86.72411200000005,14702.27,873,275,598,35.20545246277205,,
2026-07-10T12:10:52 ET,2026-07-10T12:10:00 ET,2026-07-10,Fri,1210ET,2026-07-13,29971.5,707.585,29987.6,NEAR_FLIP,EXPANSION,,24.183127962085305,,19.86,24.82,29.46,23.53,29518.35,697.0,-453.15000000000146,-1.5119363395225511,-1970871.58,1970871.58,11802085.16,282174.12,-5026601.62,-115.49677,6890.13,242,0,242,25.6,,
2026-07-10T12:10:52 ET,2026-07-10T12:10:00 ET,2026-07-10,Fri,1210ET,2026-07-14,29971.5,707.585,29987.6,NEAR_FLIP,EXPANSION,,24.183127962085305,,19.86,24.82,29.46,23.53,29518.44,697.0,-453.0600000000013,-1.5116360542515435,-2221224.89,2281512.0900000003,12657325.32,264854.73,-6660696.899999999,-137.709715,10018.18,311,4,307,26.81623794212219,,
2026-07-10T12:10:52 ET,2026-07-10T12:10:00 ET,2026-07-10,Fri,1210ET,2026-07-10,29971.5,707.585,29987.6,NEAR_FLIP,EXPANSION,,24.183127962085305,,19.86,24.82,29.46,23.53,29523.15,697.0,-448.34999999999854,-1.4959211250688105,-11921060.77,14745399.129999999,50554015.18,5470100.52,-20520018.009999998,-525.589649,28415.71,1630,157,1473,35.186006134969325,,
2026-07-10T12:10:52 ET,2026-07-10T12:10:00 ET,2026-07-10,Fri,1210ET,2026-07-13,29971.5,707.585,29987.6,NEAR_FLIP,EXPANSION,,24.183127962085305,,19.86,24.82,29.46,23.53,29560.7,698.0,-410.7999999999993,-1.3706354369984795,-2093910.4899999998,2194407.61,11477236.48,282589.1,-5278001.569999999,-125.23785699999999,7603.14,261,6,255,25.38,,
2026-07-10T12:10:52 ET,2026-07-10T12:10:00 ET,2026-07-10,Fri,1210ET,2026-07-14,29971.5,707.585,29987.6,NEAR_FLIP,EXPANSION,,24.183127962085305,,19.86,24.82,29.46,23.53,29560.8,698.0,-410.7000000000007,-1.3703017866973648,-2106566.1999999997,2199279.94,11079756.84,229170.49,-6307245.92,-134.790507,9494.300000000001,290,6,284,26.36427586206897,,
2026-07-10T12:10:52 ET,2026-07-10T12:10:00 ET,2026-07-10,Fri,1210ET,2026-07-10,29971.5,707.585,29987.6,NEAR_FLIP,EXPANSION,,24.183127962085305,,19.86,24.82,29.46,23.53,29565.5,698.0,-406.0,-1.3546202225447508,-11019412.799999999,17058237.08,41487988.410000004,5708432.24,-15468403.86,-401.864328,33273.26,1843,325,1518,35.61709712425393,,
2026-07-10T12:10:52 ET,2026-07-10T12:10:00 ET,2026-07-10,Fri,1210ET,2026-07-13,29971.5,707.585,29987.6,NEAR_FLIP,EXPANSION,,24.183127962085305,,19.86,24.82,29.46,23.53,29603.05,699.0,-368.4500000000007,-1.2293345344744198,-1504575.2999999998,3174061.58,7352692.34,363287.32,-1639982.58,-39.725939999999994,10998.19,369,97,272,25.360569105691056,,
2026-07-10T12:10:52 ET,2026-07-10T12:10:00 ET,2026-07-10,Fri,1210ET,2026-07-14,29971.5,707.585,29987.6,NEAR_FLIP,EXPANSION,,24.183127962085305,,19.86,24.82,29.46,23.53,29603.15,699.0,-368.34999999999854,-1.2290008841732931,-865438.16,960338.2999999999,4043759.35,88495.78,-2621084.92,-56.545733000000006,4170.81,125,6,119,26.52768,,
2026-07-10T12:10:52 ET,2026-07-10T12:10:00 ET,2026-07-10,Fri,1210ET,2026-07-10,29971.5,707.585,29987.6,NEAR_FLIP,EXPANSION,,24.183127962085305,,19.86,24.82,29.46,23.53,29607.86,699.0,-363.6399999999994,-1.2132859549905723,-9223791.149999999,14084281.59,32506754.84,4204808.18,-13681389.729999999,-384.254925,26682.64,1447,254,1193,34.59447131997236,,
2026-07-10T12:10:52 ET,2026-07-10T12:10:00 ET,2026-07-10,Fri,1210ET,2026-07-13,29971.5,707.585,29987.6,NEAR_FLIP,EXPANSION,,24.183127962085305,,19.86,24.82,29.46,23.53,29645.4,700.0,-326.09999999999854,-1.088033631950348,-16024444.88,18407093.080000002,71312792.96000001,1840566.49,-40222762.56999999,-1015.172223,62604.89,2063,135,1928,24.91439650993698,,
2026-07-10T12:10:52 ET,2026-07-10T12:10:00 ET,2026-07-10,Fri,1210ET,2026-07-14,29971.5,707.585,29987.6,NEAR_FLIP,EXPANSION,,24.183127962085305,,19.86,24.82,29.46,23.53,29645.5,700.0,-326.0,-1.0876999816492334,-18772653.52,20647505.2,79324300.39,1657702.58,-57732201.269999996,-1288.0787559999999,88110.98,2604,116,2488,26.07703533026114,,
2026-07-10T12:10:52 ET,2026-07-10T12:10:00 ET,2026-07-10,Fri,1210ET,2026-07-10,29971.5,707.585,29987.6,NEAR_FLIP,EXPANSION,,24.183127962085305,,19.86,24.82,29.46,23.53,29650.22,700.0,-321.27999999999884,-1.0719516874363941,-177954115.52,217447942.72,558233251.87,57018330.65,-356536917.79,-10267.789216,406865.21,21540,2010,19530,34.17197771587744,,
2026-07-10T12:10:52 ET,2026-07-10T12:10:00 ET,2026-07-10,Fri,1210ET,2026-07-13,29971.5,707.585,29987.6,NEAR_FLIP,EXPANSION,,24.183127962085305,,19.86,24.82,29.46,23.53,29687.75,701.0,-283.75,-0.9467327294262883,-1267828.9599999997,3651736.5999999996,4628738.0,312310.41,-1116186.4899999993,-25.4315,12679.25,409,132,277,25.409902200488997,,
2026-07-10T12:10:52 ET,2026-07-10T12:10:00 ET,2026-07-10,Fri,1210ET,2026-07-14,29971.5,707.585,29987.6,NEAR_FLIP,EXPANSION,,24.183127962085305,,19.86,24.82,29.46,23.53,29687.85,701.0,-283.65000000000146,-0.9463990791251738,-616322.1900000001,847144.11,2291816.2,57987.369999999995,-1749717.0699999998,-39.93941,3566.69,104,14,90,25.72596153846154,,
2026-07-10T12:10:52 ET,2026-07-10T12:10:00 ET,2026-07-10,Fri,1210ET,2026-07-10,29971.5,707.585,29987.6,NEAR_FLIP,EXPANSION,,24.183127962085305,,19.86,24.82,29.46,23.53,29692.58,701.0,-278.91999999999825,-0.9306174198822156,-7609501.02,13462903.64,21123119.729999997,3040399.62,-11373971.680000002,-349.75289000000004,25137.48,1300,291,1009,34.102338461538466,,
2026-07-10T12:10:52 ET,2026-07-10T12:10:00 ET,2026-07-10,Fri,1210ET,2026-07-13,29971.5,707.585,29987.6,NEAR_FLIP,EXPANSION,,24.183127962085305,,19.86,24.82,29.46,23.53,29730.1,702.0,-241.40000000000146,-0.8054318269022287,-444324.25,5146385.59,1528077.1800000006,366995.61,3285850.8600000003,82.56563700000001,17410.02,554,255,299,24.74586642599278,,
2026-07-10T12:10:52 ET,2026-07-10T12:10:00 ET,2026-07-10,Fri,1210ET,2026-07-14,29971.5,707.585,29987.6,NEAR_FLIP,EXPANSION,,24.183127962085305,,19.86,24.82,29.46,23.53,29730.2,702.0,-241.29999999999927,-0.805098176601102,-1626568.0699999998,1794453.23,5197428.63,101271.83,-5263894.21,-122.569719,7540.81,217,10,207,25.692811059907836,,
2026-07-10T12:10:52 ET,2026-07-10T12:10:00 ET,2026-07-10,Fri,1210ET,2026-07-10,29971.5,707.585,29987.6,NEAR_FLIP,EXPANSION,,24.183127962085305,,19.86,24.82,29.46,23.53,29734.93,702.0,-236.5699999999997,-0.789316517358156,-11200283.5,32633216.9,25480640.15,6170563.95,-8811858.850000001,-278.2184619999998,62303.89,3149,1044,2105,34.85913623372499,,
2026-07-10T12:10:52 ET,2026-07-10T12:10:00 ET,2026-07-10,Fri,1210ET,2026-07-13,29971.5,707.585,29987.6,NEAR_FLIP,EXPANSION,,24.183127962085305,,19.86,24.82,29.46,23.53,29772.45,703.0,-199.04999999999927,-0.6641309243781568,-1174209.25,5532157.03,3269806.9899999993,314471.9,62638.32999999821,-1.3202150000000188,18646.370000000003,585,232,353,24.66948717948718,,
2026-07-10T12:10:52 ET,2026-07-10T12:10:00 ET,2026-07-10,Fri,1210ET,2026-07-14,29971.5,707.585,29987.6,NEAR_FLIP,EXPANSION,,24.183127962085305,,19.86,24.82,29.46,23.53,29772.55,703.0,-198.95000000000073,-0.6637972740770424,-680713.4100000001,1926371.29,1711132.9699999997,85929.48,-1426447.6600000001,-31.421357999999998,8082.91,230,73,157,25.624347826086957,,
2026-07-10T12:10:52 ET,2026-07-10T12:10:00 ET,2026-07-10,Fri,1210ET,2026-07-10,29971.5,707.585,29987.6,NEAR_FLIP,EXPANSION,,24.183127962085305,,19.86,24.82,29.46,23.53,29777.29,703.0,-194.20999999999913,-0.6479822498039776,-15222744.21,26085090.57,29819736.52,3988346.73,-29221130.080000002,-941.175909,48149.34,2399,520,1879,33.722330137557314,,
2026-07-10T12:10:52 ET,2026-07-10T12:10:00 ET,2026-07-10,Fri,1210ET,2026-07-13,29971.5,707.585,29987.6,NEAR_FLIP,EXPANSION,,24.183127962085305,,19.86,24.82,29.46,23.53,29814.8,704.0,-156.70000000000073,-0.5228300218540972,-3076932.99,3573294.21,6934665.91,151581.93,-8861878.399999999,-245.228714,11797.51,366,26,340,24.222677595628415,,
2026-07-10T12:10:52 ET,2026-07-10T12:10:00 ET,2026-07-10,Fri,1210ET,2026-07-14,29971.5,707.585,29987.6,NEAR_FLIP,EXPANSION,,24.183127962085305,,19.86,24.82,29.46,23.53,29814.9,704.0,-156.59999999999854,-0.5224963715529705,-25689619.26,27091795.2,55181447.529999994,885249.87,-88257571.73,-2139.41201,111782.45999999999,3152,81,3071,25.250748730964467,,
2026-07-10T12:10:52 ET,2026-07-10T12:10:00 ET,2026-07-10,Fri,1210ET,2026-07-10,29971.5,707.585,29987.6,NEAR_FLIP,EXPANSION,,24.183127962085305,,19.86,24.82,29.46,23.53,29819.65,704.0,-151.84999999999854,-0.5066479822497991,-4826533.630000001,9573028.77,7509178.72,1114160.9100000001,-9282166.149999999,-311.00637500000005,17612.74,865,224,641,33.62050867052023,,
2026-07-10T12:10:52 ET,2026-07-10T12:10:00 ET,2026-07-10,Fri,1210ET,2026-07-13,29971.5,707.585,29987.6,NEAR_FLIP,EXPANSION,,24.183127962085305,,19.86,24.82,29.46,23.53,29857.15,705.0,-114.34999999999854,-0.38152911933002537,-34407540.58,39052941.78,57763430.7,1095252.15,-103771320.92,-2909.722968,128381.01,3944,240,3704,24.126774847870188,,
2026-07-10T12:10:52 ET,2026-07-10T12:10:00 ET,2026-07-10,Fri,1210ET,2026-07-14,29971.5,707.585,29987.6,NEAR_FLIP,EXPANSION,,24.183127962085305,,19.86,24.82,29.46,23.53,29857.25,705.0,-114.25,-0.3811954690289108,-22578609.36,26417090.68,36146186.83,550055.61,-78483624.22,-1928.703393,108293.62999999999,3030,219,2811,25.08687128712871,,
2026-07-10T12:10:52 ET,2026-07-10T12:10:00 ET,2026-07-10,Fri,1210ET,2026-07-10,29971.5,707.585,29987.6,NEAR_FLIP,EXPANSION,,24.183127962085305,,19.86,24.82,29.46,23.53,29862.01,705.0,-109.4900000000016,-0.36531371469563284,-27957729.549999997,68050231.77,32285772.06,5436153.67,-52982566.70999999,-1876.1355529999996,124684.01000000001,6055,1871,4184,33.49070189925681,,
2026-07-10T12:10:52 ET,2026-07-10T12:10:00 ET,2026-07-10,Fri,1210ET,2026-07-13,29971.5,707.585,29987.6,NEAR_FLIP,EXPANSION,,24.183127962085305,,19.86,24.82,29.46,23.53,29899.5,706.0,-72.0,-0.24022821680596568,-3792689.5300000003,6161420.55,4014507.56,83414.45000000001,-11635650.3,-320.861604,20664.64,630,121,509,24.6015873015873,,
2026-07-10T12:10:52 ET,2026-07-10T12:10:00 ET,2026-07-10,Fri,1210ET,2026-07-14,29971.5,707.585,29987.6,NEAR_FLIP,EXPANSION,,24.183127962085305,,19.86,24.82,29.46,23.53,29899.6,706.0,-71.90000000000146,-0.23989456650485114,144681.21999999997,3751786.34,-196271.57999999984,34120.79,1924154.9500000002,48.350340999999986,15243.91,424,220,204,24.79547169811321,,
2026-07-10T12:10:52 ET,2026-07-10T12:10:00 ET,2026-07-10,Fri,1210ET,2026-07-10,29971.5,707.585,29987.6,NEAR_FLIP,EXPANSION,,24.183127962085305,,19.86,24.82,29.46,23.53,29904.36,706.0,-67.13999999999942,-0.22401281217156102,1937284.2999999989,23229946.939999998,-1074203.71,993843.7,13541448.030000001,395.4902609999999,44299.28,2133,1165,968,34.80493670886076,,
2026-07-10T12:10:52 ET,2026-07-10T12:10:00 ET,2026-07-10,Fri,1210ET,2026-07-13,29971.5,707.585,29987.6,NEAR_FLIP,EXPANSION,,24.183127962085305,,19.86,24.82,29.46,23.53,29941.85,707.0,-29.650000000001455,-0.09892731428190599,-599307.8300000001,3739470.49,347917.26,-2253.6800000000003,-1136491.58,-38.824596000000014,12226.02,371,159,212,23.95714285714286,,
2026-07-10T12:10:52 ET,2026-07-10T12:10:00 ET,2026-07-10,Fri,1210ET,2026-07-14,29971.5,707.585,29987.6,NEAR_FLIP,EXPANSION,,24.183127962085305,,19.86,24.82,29.46,23.53,29941.95,707.0,-29.549999999999272,-0.0985936639807793,737074.23,4871159.1899999995,-389480.68999999994,-13396.59,4040358.9000000004,100.57129999999998,19639.47,544,314,230,24.591139705882355,,
2026-07-10T12:10:52 ET,2026-07-10T12:10:00 ET,2026-07-10,Fri,1210ET,2026-07-10,29971.5,707.585,29987.6,NEAR_FLIP,EXPANSION,,24.183127962085305,,19.86,24.82,29.46,23.53,29946.72,707.0,-24.779999999998836,-0.08267854461738264,-26402420.08,37149459.78,6685382.07,265004.02,-72679429.18,-2471.6356880000003,66462.89,3186,495,2691,32.71725988700565,,
2026-07-10T12:10:52 ET,2026-07-10T12:10:00 ET,2026-07-10,Fri,1210ET,2026-07-13,29971.5,707.585,29987.6,NEAR_FLIP,EXPANSION,,24.183127962085305,,19.86,24.82,29.46,23.53,29984.21,708.0,12.709999999999127,0.04240695327227242,-903515.1000000001,4225117.9,-62337.229999999996,-63541.46000000001,-2946054.4699999997,-83.46079599999999,13940.310000000001,422,166,256,24.183127962085305,,
2026-07-10T12:10:52 ET,2026-07-10T12:10:00 ET,2026-07-10,Fri,1210ET,2026-07-14,29971.5,707.585,29987.6,NEAR_FLIP,EXPANSION,,24.183127962085305,,19.86,24.82,29.46,23.53,29984.3,708.0,12.799999999999272,0.04270723854328036,-1525479.6400000001,3207849.8400000003,-83409.95000000001,-46994.96,-5604040.38,-146.36832199999998,12916.880000000001,357,96,261,24.639411764705883,,
2026-07-10T12:10:52 ET,2026-07-10T12:10:00 ET,2026-07-10,Fri,1210ET,2026-07-10,29971.5,707.585,29987.6,NEAR_FLIP,EXPANSION,,24.183127962085305,,19.86,24.82,29.46,23.53,29989.08,708.0,17.580000000001746,0.05865572293679578,695694.3500000015,38478717.71,141316.22999999998,-1172655.4300000002,2890034.9399999976,69.12314400000014,74094.44,3546,1814,1732,35.15300620417372,,
2026-07-10T12:10:52 ET,2026-07-10T12:10:00 ET,2026-07-10,Fri,1210ET,2026-07-13,29971.5,707.585,29987.6,NEAR_FLIP,EXPANSION,,24.183127962085305,,19.86,24.82,29.46,23.53,30026.56,709.0,55.06000000000131,0.18370785579634422,-227588.1299999999,5767513.41,-146657.96999999997,-169841.33000000002,-1008578.2200000007,-36.12026500000002,19190.84,581,283,298,24.379191049913945,,
2026-07-10T12:10:52 ET,2026-07-10T12:10:00 ET,2026-07-10,Fri,1210ET,2026-07-14,29971.5,707.585,29987.6,NEAR_FLIP,EXPANSION,,24.183127962085305,,19.86,24.82,29.46,23.53,30026.65,709.0,55.150000000001455,0.18400814106735217,1399128.65,5025320.85,892090.78,-133256.56,5382146.91,131.69352,20229.58,559,360,199,24.553881932021465,,
2026-07-10T12:10:52 ET,2026-07-10T12:10:00 ET,2026-07-10,Fri,1210ET,2026-07-10,29971.5,707.585,29987.6,NEAR_FLIP,EXPANSION,,24.183127962085305,,19.86,24.82,29.46,23.53,30031.44,709.0,59.93999999999869,0.19998999049096206,-10966762.32,42425467.86,-6208928.010000002,-2827591.35,-43072542.400000006,-1283.693495,80409.6,3854,1404,2450,34.620202387130256,,
2026-07-10T12:10:52 ET,2026-07-10T12:10:00 ET,2026-07-10,Fri,1210ET,2026-07-13,29971.5,707.585,29987.6,NEAR_FLIP,EXPANSION,,24.183127962085305,,19.86,24.82,29.46,23.53,30068.91,710.0,97.40999999999985,0.3250087583204039,-6068211.760000002,27218917.34,-7226960.539999999,-1186714.79,-27357513.479999997,-780.744067,89110.72,2705,1053,1652,24.011608133086877,,
2026-07-10T12:10:52 ET,2026-07-10T12:10:00 ET,2026-07-10,Fri,1210ET,2026-07-14,29971.5,707.585,29987.6,NEAR_FLIP,EXPANSION,,24.183127962085305,,19.86,24.82,29.46,23.53,30069.0,710.0,97.5,0.32530904359141183,-2580870.0800000005,7157426.720000001,-3097146.0600000005,-273529.32,-11299332.969999999,-296.028822,28500.16,789,256,533,24.374093789607098,,
2026-07-10T12:10:52 ET,2026-07-10T12:10:00 ET,2026-07-10,Fri,1210ET,2026-07-10,29971.5,707.585,29987.6,NEAR_FLIP,EXPANSION,,24.183127962085305,,19.86,24.82,29.46,23.53,30073.79,710.0,102.29000000000087,0.3412908930150339,-21385914.130000003,131561817.11000001,-19663206.629999995,-13550809.95,-111488085.82,-3294.341285999999,249256.19999999998,12001,4954,7047,34.609585034580455,,
2026-07-10T12:10:52 ET,2026-07-10T12:10:00 ET,2026-07-10,Fri,1210ET,2026-07-13,29971.5,707.585,29987.6,NEAR_FLIP,EXPANSION,,24.183127962085305,,19.86,24.82,29.46,23.53,30111.26,711.0,139.7599999999984,0.4663096608444636,-923112.9199999999,20352186.740000002,-1488491.1099999994,-1178031.6099999999,-10379738.96,-303.49677499999996,66595.4,2032,975,1057,23.989999999999995,,
2026-07-10T12:10:52 ET,2026-07-10T12:10:00 ET,2026-07-10,Fri,1210ET,2026-07-14,29971.5,707.585,29987.6,NEAR_FLIP,EXPANSION,,24.183127962085305,,19.86,24.82,29.46,23.53,30111.35,711.0,139.84999999999854,0.4666099461154715,1680222.1400000001,6359958.02,2961378.56,-319107.29,4771714.32,112.06433100000001,25513.1,709,453,256,24.483906911142455,,
2026-07-10T12:10:52 ET,2026-07-10T12:10:00 ET,2026-07-10,Fri,1210ET,2026-07-10,29971.5,707.585,29987.6,NEAR_FLIP,EXPANSION,,24.183127962085305,,19.86,24.82,29.46,23.53,30116.15,711.0,144.65000000000146,0.48262516056921223,1661877.63,12070136.489999998,2350598.41,-1683772.01,336082.58000000194,9.509690999999975,23115.26,1121,638,483,34.96446922390722,,
2026-07-10T12:10:52 ET,2026-07-10T12:10:00 ET,2026-07-10,Fri,1210ET,2026-07-13,29971.5,707.585,29987.6,NEAR_FLIP,EXPANSION,,24.183127962085305,,19.86,24.82,29.46,23.53,30153.61,712.0,182.11000000000058,0.6076105633685355,-6059415.58,9180177.66,-14415222.840000002,-659774.16,-26029646.74,-738.3283869999999,29853.71,918,158,760,23.928932461873636,,
2026-07-10T12:10:52 ET,2026-07-10T12:10:00 ET,2026-07-10,Fri,1210ET,2026-07-14,29971.5,707.585,29987.6,NEAR_FLIP,EXPANSION,,24.183127962085305,,19.86,24.82,29.46,23.53,30153.71,712.0,182.20999999999913,0.60794421366965,2555624.46,6844236.28,6152343.410000001,-423472.80999999994,6770206.879999999,169.57646799999998,27033.89,756,521,235,24.099999999999998,,
2026-07-10T12:10:52 ET,2026-07-10T12:10:00 ET,2026-07-10,Fri,1210ET,2026-07-10,29971.5,707.585,29987.6,NEAR_FLIP,EXPANSION,,24.183127962085305,,19.86,24.82,29.46,23.53,30158.51,712.0,187.0099999999984,0.6239594281233786,6965286.71,21213863.13,13813255.820000002,-3713275.58,8610617.650000002,315.9032430000001,39187.19,1924,1256,668,33.737027027027025,,
2026-07-10T12:10:52 ET,2026-07-10T12:10:00 ET,2026-07-10,Fri,1210ET,2026-07-13,29971.5,707.585,29987.6,NEAR_FLIP,EXPANSION,,24.183127962085305,,19.86,24.82,29.46,23.53,30195.96,713.0,224.45999999999913,0.748911465892595,-2633196.84,5415321.72,-7672383.76,-465521.54,-12991593.91,-363.771044,17436.47,542,138,404,23.68232472324723,,
2026-07-10T12:10:52 ET,2026-07-10T12:10:00 ET,2026-07-10,Fri,1210ET,2026-07-14,29971.5,707.585,29987.6,NEAR_FLIP,EXPANSION,,24.183127962085305,,19.86,24.82,29.46,23.53,30196.06,713.0,224.5600000000013,0.7492451161937218,1056265.58,3001329.34,3035213.4899999998,-221414.39,2524728.8500000006,58.008652,12032.94,339,232,107,24.468525073746314,,
2026-07-10T12:10:52 ET,2026-07-10T12:10:00 ET,2026-07-10,Fri,1210ET,2026-07-10,29971.5,707.585,29987.6,NEAR_FLIP,EXPANSION,,24.183127962085305,,19.86,24.82,29.46,23.53,30200.87,713.0,229.36999999999898,0.7652936956775569,-15377991.93,31372704.85,-33013517.43,-6631558.83,-74885542.52000001,-2212.4973739999996,59711.979999999996,2966,745,2221,34.796449763991916,,
2026-07-10T12:10:52 ET,2026-07-10T12:10:00 ET,2026-07-10,Fri,1210ET,2026-07-13,29971.5,707.585,29987.6,NEAR_FLIP,EXPANSION,,24.183127962085305,,19.86,24.82,29.46,23.53,30238.31,714.0,266.8100000000013,0.890212368416667,2983415.2800000003,7029804.88,10733437.540000001,-707276.49,5352273.039999999,142.335844,22910.379999999997,721,516,205,23.853037447988907,,
2026-07-10T12:10:52 ET,2026-07-10T12:10:00 ET,2026-07-10,Fri,1210ET,2026-07-14,29971.5,707.585,29987.6,NEAR_FLIP,EXPANSION,,24.183127962085305,,19.86,24.82,29.46,23.53,30238.41,714.0,266.90999999999985,0.8905460187177814,2277034.0900000003,6287782.890000001,8015430.380000001,-537068.06,4467032.1,104.44399200000001,24900.03,709,487,222,24.1772778561354,,
2026-07-10T12:10:52 ET,2026-07-10T12:10:00 ET,2026-07-10,Fri,1210ET,2026-07-10,29971.5,707.585,29987.6,NEAR_FLIP,EXPANSION,,24.183127962085305,,19.86,24.82,29.46,23.53,30243.22,714.0,271.72000000000116,0.9065945982016288,-1440113.2999999989,21630472.08,-2783000.289999999,-5347480.02,-24746809.07,-704.3237529999999,40837.64,2064,950,1114,34.501482558139536,,
2026-07-10T12:10:52 ET,2026-07-10T12:10:00 ET,2026-07-10,Fri,1210ET,2026-07-13,29971.5,707.585,29987.6,NEAR_FLIP,EXPANSION,,24.183127962085305,,19.86,24.82,29.46,23.53,30280.66,715.0,309.15999999999985,1.0315132709407264,-2032058.2000000002,10527487.379999999,-7860291.830000002,-1201907.74,-17565257.12,-482.09077099999996,33677.36,1078,434,644,23.518831168831166,,
2026-07-10T12:10:52 ET,2026-07-10T12:10:00 ET,2026-07-10,Fri,1210ET,2026-07-14,29971.5,707.585,29987.6,NEAR_FLIP,EXPANSION,,24.183127962085305,,19.86,24.82,29.46,23.53,30280.76,715.0,309.2599999999984,1.031846921241841,-2022282.1700000004,7400745.710000001,-8193475.470000001,-715054.47,-14718597.45,-375.96057399999995,28837.010000000002,832,306,526,23.8978125,,
2026-07-10T12:10:52 ET,2026-07-10T12:10:00 ET,2026-07-10,Fri,1210ET,2026-07-10,29971.5,707.585,29987.6,NEAR_FLIP,EXPANSION,,24.183127962085305,,19.86,24.82,29.46,23.53,30285.58,715.0,314.08000000000175,1.0479288657558072,-7727213.530000001,107273283.19,-17114483.97,-30347681.59,-142569845.43,-3994.464921,202303.34,10429,4768,5661,34.464801035573885,,
2026-07-10T12:10:52 ET,2026-07-10T12:10:00 ET,2026-07-10,Fri,1210ET,2026-07-13,29971.5,707.585,29987.6,NEAR_FLIP,EXPANSION,,24.183127962085305,,19.86,24.82,29.46,23.53,30323.01,716.0,351.5099999999984,1.1728141734647863,-568373.32,2352367.96,-2514587.55,-301222.27,-4762737.38,-128.540828,7477.99,244,92,152,23.394918032786887,,
2026-07-10T12:10:52 ET,2026-07-10T12:10:00 ET,2026-07-10,Fri,1210ET,2026-07-14,29971.5,707.585,29987.6,NEAR_FLIP,EXPANSION,,24.183127962085305,,19.86,24.82,29.46,23.53,30323.11,716.0,351.6100000000006,1.1731478237659128,43893.92000000004,1638960.8399999999,239436.56000000006,-177700.38,-1537223.15,-39.765874000000004,6387.08,187,97,90,23.863368983957223,,
2026-07-10T12:10:52 ET,2026-07-10T12:10:00 ET,2026-07-10,Fri,1210ET,2026-07-10,29971.5,707.585,29987.6,NEAR_FLIP,EXPANSION,,24.183127962085305,,19.86,24.82,29.46,23.53,30327.94,716.0,356.4399999999987,1.1892631333099735,4454455.11,14308877.190000001,16415764.379999999,-4556294.66,-2328005.8000000007,-46.91261900000006,26717.75,1412,916,496,34.106912181303116,,
2026-07-10T12:10:52 ET,2026-07-10T12:10:00 ET,2026-07-10,Fri,1210ET,2026-07-13,29971.5,707.585,29987.6,NEAR_FLIP,EXPANSION,,24.183127962085305,,19.86,24.82,29.46,23.53,30365.36,717.0,393.8600000000006,1.314115075988858,1996574.4500000002,4318760.87,11012498.030000001,-616199.3099999999,2032411.7999999998,52.57567599999999,13806.869999999999,460,337,123,23.4115,,
2026-07-10T12:10:52 ET,2026-07-10T12:10:00 ET,2026-07-10,Fri,1210ET,2026-07-14,29971.5,707.585,29987.6,NEAR_FLIP,EXPANSION,,24.183127962085305,,19.86,24.82,29.46,23.53,30365.46,717.0,393.9599999999991,1.3144487262899727,-1056067.68,2390003.7,-5486500.040000001,-285595.83,-7238946.34,-179.097121,9191.34,274,77,197,23.64941605839416,,
2026-07-10T12:10:52 ET,2026-07-10T12:10:00 ET,2026-07-10,Fri,1210ET,2026-07-10,29971.5,707.585,29987.6,NEAR_FLIP,EXPANSION,,24.183127962085305,,19.86,24.82,29.46,23.53,30370.3,717.0,398.7999999999993,1.330597400864152,1394577.17,23480621.130000003,8821427.270000003,-8297862.85,-29492408.32,-769.830616,43403.39,2361,1221,1140,33.80194409148666,,
2026-07-10T12:10:52 ET,2026-07-10T12:10:00 ET,2026-07-10,Fri,1210ET,2026-07-10,29971.5,707.585,29987.6,NEAR_FLIP,EXPANSION,,24.183127962085305,,19.86,24.82,29.46,23.53,30391.47,717.5,419.97000000000116,1.4012311696111346,-558509.7800000003,5709683.54,-1367946.5999999996,-2118197.4,-10925323.8,-287.186907,10593.59,584,256,328,33.945205479452056,,
2026-07-10T12:10:52 ET,2026-07-10T12:10:00 ET,2026-07-10,Fri,1210ET,2026-07-13,29971.5,707.585,29987.6,NEAR_FLIP,EXPANSION,,24.183127962085305,,19.86,24.82,29.46,23.53,30407.71,718.0,436.2099999999991,1.4554159785129177,797484.81,3331628.41,4959511.09,-521003.95999999996,-1695844.88,-45.851449,10645.73,363,226,137,23.45151515151515,,
2026-07-10T12:10:52 ET,2026-07-10T12:10:00 ET,2026-07-10,Fri,1210ET,2026-07-14,29971.5,707.585,29987.6,NEAR_FLIP,EXPANSION,,24.183127962085305,,19.86,24.82,29.46,23.53,30407.81,718.0,436.3100000000013,1.4557496288140443,54151.19000000006,1793883.65,478953.2700000005,-235704.78,-2291563.32,-56.090275,6868.22,209,108,101,23.469808612440193,,
2026-07-10T12:10:52 ET,2026-07-10T12:10:00 ET,2026-07-10,Fri,1210ET,2026-07-10,29971.5,707.585,29987.6,NEAR_FLIP,EXPANSION,,24.183127962085305,,19.86,24.82,29.46,23.53,30412.65,718.0,441.15000000000146,1.4718983033882238,7839003.290000001,22117333.33,37066819.32,-8593744.55,-7558892.870000001,-164.80353000000002,40576.04,2280,1522,758,33.52121929824562,,
2026-07-10T12:10:52 ET,2026-07-10T12:10:00 ET,2026-07-10,Fri,1210ET,2026-07-13,29971.5,707.585,29987.6,NEAR_FLIP,EXPANSION,,24.183127962085305,,19.86,24.82,29.46,23.53,30450.06,719.0,478.5600000000013,1.5967168810369896,-5480962.36,8362049.64,-35027112.92,-1412417.6300000001,-35213376.81,-896.961653,26354.68,924,158,766,23.31952380952381,,
2026-07-10T12:10:52 ET,2026-07-10T12:10:00 ET,2026-07-10,Fri,1210ET,2026-07-14,29971.5,707.585,29987.6,NEAR_FLIP,EXPANSION,,24.183127962085305,,19.86,24.82,29.46,23.53,30450.16,719.0,478.65999999999985,1.597050531338104,1237945.25,2303996.93,8202304.1,-330726.75,1661914.7800000003,37.717899,8885.03,276,213,63,23.544565217391302,,
2026-07-10T12:10:52 ET,2026-07-10T12:10:00 ET,2026-07-10,Fri,1210ET,2026-07-10,29971.5,707.585,29987.6,NEAR_FLIP,EXPANSION,,24.183127962085305,,19.86,24.82,29.46,23.53,30455.01,719.0,483.5099999999984,1.61323257094239,-2580143.969999999,34874950.19,-7151143.760000005,-14780181.51,-72941374.27,-1852.6977660000002,65328.35,3763,1712,2051,34.24643901142706,,
2026-07-10T12:10:52 ET,2026-07-10T12:10:00 ET,2026-07-10,Fri,1210ET,2026-07-13,29971.5,707.585,29987.6,NEAR_FLIP,EXPANSION,,24.183127962085305,,19.86,24.82,29.46,23.53,30492.41,720.0,520.9099999999999,1.738017783561049,-1351192.87,11958998.07,-7632359.210000001,-2191637.67,-27368571.5,-679.0128179999999,37458.04,1357,601,756,23.088975681650698,,
2026-07-10T12:10:52 ET,2026-07-10T12:10:00 ET,2026-07-10,Fri,1210ET,2026-07-14,29971.5,707.585,29987.6,NEAR_FLIP,EXPANSION,,24.183127962085305,,19.86,24.82,29.46,23.53,30492.51,720.0,521.0099999999984,1.7383514338621637,-1567895.2600000002,6773689.859999999,-10344220.45,-1042351.9000000001,-18585702.87,-435.84727799999996,25686.559999999998,819,316,503,23.334090354090353,,
2026-07-10T12:10:52 ET,2026-07-10T12:10:00 ET,2026-07-10,Fri,1210ET,2026-07-10,29971.5,707.585,29987.6,NEAR_FLIP,EXPANSION,,24.183127962085305,,19.86,24.82,29.46,23.53,30497.37,720.0,525.869999999999,1.7545668384965685,-15240846.629999995,133984860.91,-55103938.25,-61443563.84,-330005822.47,-8131.472608,250924.74,14970,6517,8453,34.23919772879091,,
2026-07-10T12:10:52 ET,2026-07-10T12:10:00 ET,2026-07-10,Fri,1210ET,2026-07-13,29971.5,707.585,29987.6,NEAR_FLIP,EXPANSION,,24.183127962085305,,19.86,24.82,29.46,23.53,30534.76,721.0,563.2599999999984,1.8793186860851088,993374.4999999998,4328553.14,8602337.200000001,-854711.27,-4658391.68,-112.75833,13519.77,507,312,195,22.955384615384617,,
2026-07-10T12:10:52 ET,2026-07-10T12:10:00 ET,2026-07-10,Fri,1210ET,2026-07-14,29971.5,707.585,29987.6,NEAR_FLIP,EXPANSION,,24.183127962085305,,19.86,24.82,29.46,23.53,30534.86,721.0,563.3600000000006,1.8796523363862356,16909.980000000214,2157121.74,382217.4799999995,-357224.18,-4069427.6799999997,-93.95021499999999,8188.56,268,136,132,23.31328358208955,,
2026-07-10T12:10:52 ET,2026-07-10T12:10:00 ET,2026-07-10,Fri,1210ET,2026-07-10,29971.5,707.585,29987.6,NEAR_FLIP,EXPANSION,,24.183127962085305,,19.86,24.82,29.46,23.53,30539.73,721.0,568.2299999999996,1.895901106050747,2452820.79,10859091.43,15561214.180000003,-5354324.7700000005,-14251937.18,-333.660851,20101.52,1254,760,494,33.81969696969697,,
2026-07-10T12:10:52 ET,2026-07-10T12:10:00 ET,2026-07-10,Fri,1210ET,2026-07-13,29971.5,707.585,29987.6,NEAR_FLIP,EXPANSION,,24.183127962085305,,19.86,24.82,29.46,23.53,30577.11,722.0,605.6100000000006,2.020619588609181,-48118277.46,82753770.32,-389592283.57000005,-17338081.15,-390009431.09999996,-9121.439664000001,259068.62,10005,2106,7899,23.209493253373314,,
2026-07-10T12:10:52 ET,2026-07-10T12:10:00 ET,2026-07-10,Fri,1210ET,2026-07-14,29971.5,707.585,29987.6,NEAR_FLIP,EXPANSION,,24.183127962085305,,19.86,24.82,29.46,23.53,30577.21,722.0,605.7099999999991,2.0209532389102955,988612.0200000001,2174632.2,8557245.629999999,-386448.89999999997,-147592.69999999972,-4.525017000000005,8237.029999999999,278,203,75,23.168237410071942,,
2026-07-10T12:10:52 ET,2026-07-10T12:10:00 ET,2026-07-10,Fri,1210ET,2026-07-10,29971.5,707.585,29987.6,NEAR_FLIP,EXPANSION,,24.183127962085305,,19.86,24.82,29.46,23.53,30582.08,722.0,610.5800000000017,2.0372020085748184,-697853.0700000003,19076997.09,86417.62999999523,-10065655.36,-49956788.650000006,-1143.4032809999999,35585.42,2304,1095,1209,34.083333333333336,,
2026-07-10T12:10:52 ET,2026-07-10T12:10:00 ET,2026-07-10,Fri,1210ET,2026-07-10,29971.5,707.585,29987.6,NEAR_FLIP,EXPANSION,,24.183127962085305,,19.86,24.82,29.46,23.53,30603.26,722.5,631.7599999999984,2.1078691423518956,2487033.01,16087171.65,19633166.189999998,-8757528.879999999,-31094162.400000002,-693.294015,29601.739999999998,1978,1129,849,33.61766430738119,,
2026-07-10T12:10:52 ET,2026-07-10T12:10:00 ET,2026-07-10,Fri,1210ET,2026-07-13,29971.5,707.585,29987.6,NEAR_FLIP,EXPANSION,,24.183127962085305,,19.86,24.82,29.46,23.53,30619.46,723.0,647.9599999999991,2.1619204911332406,2241402.93,4498004.93,21315687.619999997,-1012869.1699999999,-1106112.1400000006,-26.35006100000001,13969.039999999999,566,425,141,22.784381625441693,,
2026-07-10T12:10:52 ET,2026-07-10T12:10:00 ET,2026-07-10,Fri,1210ET,2026-07-14,29971.5,707.585,29987.6,NEAR_FLIP,EXPANSION,,24.183127962085305,,19.86,24.82,29.46,23.53,30619.56,723.0,648.0600000000013,2.162254141434367,2101422.42,3655422.1799999997,19573019.63,-691784.7200000001,1191177.8900000006,24.02801000000001,13731.869999999999,480,379,101,22.956791666666668,,
2026-07-10T12:10:52 ET,2026-07-10T12:10:00 ET,2026-07-10,Fri,1210ET,2026-07-10,29971.5,707.585,29987.6,NEAR_FLIP,EXPANSION,,24.183127962085305,,19.86,24.82,29.46,23.53,30624.44,723.0,652.9399999999987,2.178536276128985,5069119.259999999,13958163.32,36815359.09,-7829361.43,-15934126.479999999,-343.53277799999995,25270.21,1750,1183,567,33.0616,,
2026-07-10T12:10:52 ET,2026-07-10T12:10:00 ET,2026-07-10,Fri,1210ET,2026-07-13,29971.5,707.585,29987.6,NEAR_FLIP,EXPANSION,,24.183127962085305,,19.86,24.82,29.46,23.53,30661.81,724.0,690.3100000000013,2.303221393657312,-1318022.9099999997,7190992.109999999,-11176447.64,-1705151.0699999998,-25289046.0,-551.8360729999999,22440.239999999998,939,387,552,23.078051118210862,,
2026-07-10T12:10:52 ET,2026-07-10T12:10:00 ET,2026-07-10,Fri,1210ET,2026-07-14,29971.5,707.585,29987.6,NEAR_FLIP,EXPANSION,,24.183127962085305,,19.86,24.82,29.46,23.53,30661.91,724.0,690.4099999999999,2.3035550439584265,-4873173.22,8104553.44,-45067994.01,-1603997.1099999999,-43816777.419999994,-924.41263,30299.93,1089,220,869,23.18717171717172,,
2026-07-10T12:10:52 ET,2026-07-10T12:10:00 ET,2026-07-10,Fri,1210ET,2026-07-10,29971.5,707.585,29987.6,NEAR_FLIP,EXPANSION,,24.183127962085305,,19.86,24.82,29.46,23.53,30666.8,724.0,695.2999999999993,2.3198705436831633,12286380.33,27524587.310000002,90323988.05999999,-16386995.05,-25037438.359999996,-518.5929879999999,50318.51,3633,2616,1017,33.36501238645747,,
2026-07-10T12:10:52 ET,2026-07-10T12:10:00 ET,2026-07-10,Fri,1210ET,2026-07-13,29971.5,707.585,29987.6,NEAR_FLIP,EXPANSION,,24.183127962085305,,19.86,24.82,29.46,23.53,30704.16,725.0,732.6599999999999,2.444522296181372,842335.1600000001,9517540.24,12107594.079999998,-2388664.0700000003,-24145086.560000002,-506.77507099999997,29238.71,1295,709,586,22.658710424710424,,
2026-07-10T12:10:52 ET,2026-07-10T12:10:00 ET,2026-07-10,Fri,1210ET,2026-07-14,29971.5,707.585,29987.6,NEAR_FLIP,EXPANSION,,24.183127962085305,,19.86,24.82,29.46,23.53,30704.26,725.0,732.7599999999984,2.4448559464824866,-4772175.3100000005,10352107.35,-46261082.91,-2166141.84,-52168655.64,-1066.3828720000001,38569.05,1439,393,1046,23.088908964558723,,
2026-07-10T12:10:52 ET,2026-07-10T12:10:00 ET,2026-07-10,Fri,1210ET,2026-07-10,29971.5,707.585,29987.6,NEAR_FLIP,EXPANSION,,24.183127962085305,,19.86,24.82,29.46,23.53,30709.16,725.0,737.6599999999999,2.4612048112373417,26795672.62,64849763.86,217074152.85,-40770258.53,-83170887.63,-1663.514797,117179.6,9027,6362,2665,32.963954802259885,,
2026-07-10T12:10:52 ET,2026-07-10T12:10:00 ET,2026-07-10,Fri,1210ET,2026-07-13,29971.5,707.585,29987.6,NEAR_FLIP,EXPANSION,,24.183127962085305,,19.86,24.82,29.46,23.53,30746.52,726.0,775.0200000000004,2.5858565637355504,708750.69,2934408.59,8665454.38,-777097.95,-5889517.330000001,-119.019181,9045.6,419,262,157,22.704749403341292,,
2026-07-10T12:10:52 ET,2026-07-10T12:10:00 ET,2026-07-10,Fri,1210ET,2026-07-14,29971.5,707.585,29987.6,NEAR_FLIP,EXPANSION,,24.183127962085305,,19.86,24.82,29.46,23.53,30746.61,726.0,775.1100000000006,2.5861568490065583,1452924.26,4036299.9800000004,16573957.249999998,-898353.49,-4700135.97,-95.116239,15082.18,587,402,185,22.923458262350938,,
2026-07-10T12:10:52 ET,2026-07-10T12:10:00 ET,2026-07-10,Fri,1210ET,2026-07-10,29971.5,707.585,29987.6,NEAR_FLIP,EXPANSION,,24.183127962085305,,19.86,24.82,29.46,23.53,30751.51,726.0,780.0099999999984,2.6025057137614014,-332194.1500000004,16289488.75,2734244.9099999964,-10826071.99,-59714279.85000001,-1143.131391,30423.78,2399,1174,1225,34.01316381825761,,
2026-07-10T12:10:52 ET,2026-07-10T12:10:00 ET,2026-07-10,Fri,1210ET,2026-07-13,29971.5,707.585,29987.6,NEAR_FLIP,EXPANSION,,24.183127962085305,,19.86,24.82,29.46,23.53,30788.87,727.0,817.369999999999,2.72715746625961,644652.98,1456727.12,8138203.260000001,-405752.49,-1782416.1900000002,-34.825187,4419.28,219,159,60,22.295205479452054,,
2026-07-10T12:10:52 ET,2026-07-10T12:10:00 ET,2026-07-10,Fri,1210ET,2026-07-14,29971.5,707.585,29987.6,NEAR_FLIP,EXPANSION,,24.183127962085305,,19.86,24.82,29.46,23.53,30788.97,727.0,817.4700000000012,2.7274911165607367,3657271.7,4289524.78,43320451.52,-1008482.7000000001,5245348.51,96.23398,15828.16,651,604,47,22.48909370199693,,
2026-07-10T12:10:52 ET,2026-07-10T12:10:00 ET,2026-07-10,Fri,1210ET,2026-07-10,29971.5,707.585,29987.6,NEAR_FLIP,EXPANSION,,24.183127962085305,,19.86,24.82,29.46,23.53,30793.87,727.0,822.369999999999,2.74383998131558,9401805.71,17590754.77,82534459.54,-12236918.739999998,-18246174.67,-334.484972,31669.949999999997,2757,2120,637,32.795636561479874,,
2026-07-10T12:10:52 ET,2026-07-10T12:10:00 ET,2026-07-10,Fri,1210ET,2026-07-10,29971.5,707.585,29987.6,NEAR_FLIP,EXPANSION,,24.183127962085305,,19.86,24.82,29.46,23.53,30815.05,727.5,843.5499999999993,2.814507115092669,1373650.8199999998,5498282.24,13573312.750000002,-3926496.63,-14876058.4,-263.70029,10070.7,888,558,330,33.30614864864865,,
2026-07-10T12:10:52 ET,2026-07-10T12:10:00 ET,2026-07-10,Fri,1210ET,2026-07-13,29971.5,707.585,29987.6,NEAR_FLIP,EXPANSION,,24.183127962085305,,19.86,24.82,29.46,23.53,30831.22,728.0,859.7200000000012,2.8684583687836818,767376.1000000001,1849532.0,10103092.82,-539849.3500000001,-2877212.49,-53.396172,5645.780000000001,293,209,84,22.441023890784983,,
2026-07-10T12:10:52 ET,2026-07-10T12:10:00 ET,2026-07-10,Fri,1210ET,2026-07-14,29971.5,707.585,29987.6,NEAR_FLIP,EXPANSION,,24.183127962085305,,19.86,24.82,29.46,23.53,30831.32,728.0,859.8199999999997,2.868792019084796,1616305.51,2249660.5300000003,20243968.25,-553273.84,904755.46,14.726083000000003,8302.31,356,307,49,22.536713483146066,,
2026-07-10T12:10:52 ET,2026-07-10T12:10:00 ET,2026-07-10,Fri,1210ET,2026-07-10,29971.5,707.585,29987.6,NEAR_FLIP,EXPANSION,,24.183127962085305,,19.86,24.82,29.46,23.53,30836.23,728.0,864.7299999999996,2.8851742488697583,-29046421.15,50221648.089999996,-226158425.89000005,-37023936.89,-379469834.82,-6506.978563000001,97082.79000000001,8297,1769,6528,34.980012052549114,,
2026-07-10T12:10:52 ET,2026-07-10T12:10:00 ET,2026-07-10,Fri,1210ET,2026-07-13,29971.5,707.585,29987.6,NEAR_FLIP,EXPANSION,,24.183127962085305,,19.86,24.82,29.46,23.53,30873.57,729.0,902.0699999999997,3.0097592713077415,1082305.13,2720339.75,15133337.639999999,-829895.8300000001,-5126464.029999999,-90.18171199999999,8270.880000000001,456,322,134,22.353815789473686,,
2026-07-10T12:10:52 ET,2026-07-10T12:10:00 ET,2026-07-10,Fri,1210ET,2026-07-14,29971.5,707.585,29987.6,NEAR_FLIP,EXPANSION,,24.183127962085305,,19.86,24.82,29.46,23.53,30873.67,729.0,902.1699999999983,3.0100929216088557,619203.03,1040358.8300000001,8291090.050000001,-266960.21,-463082.47,-8.886383999999996,3809.7400000000002,172,138,34,22.406162790697675,,
2026-07-10T12:10:52 ET,2026-07-10T12:10:00 ET,2026-07-10,Fri,1210ET,2026-07-10,29971.5,707.585,29987.6,NEAR_FLIP,EXPANSION,,24.183127962085305,,19.86,24.82,29.46,23.53,30878.58,729.0,907.0800000000017,3.02647515139383,3254835.6399999997,10560823.04,33222737.720000003,-8078733.399999999,-29564053.65,-481.37104899999997,19372.53,1882,1243,639,33.28003719447396,,
2026-07-10T12:10:52 ET,2026-07-10T12:10:00 ET,2026-07-10,Fri,1210ET,2026-07-13,29971.5,707.585,29987.6,NEAR_FLIP,EXPANSION,,24.183127962085305,,19.86,24.82,29.46,23.53,30915.92,730.0,944.4199999999983,3.151060173831801,2838313.0999999996,8584418.94,42688787.0,-2730754.81,-21891537.61,-362.905783,26022.66,1527,1030,497,22.299862475442044,,
2026-07-10T12:10:52 ET,2026-07-10T12:10:00 ET,2026-07-10,Fri,1210ET,2026-07-14,29971.5,707.585,29987.6,NEAR_FLIP,EXPANSION,,24.183127962085305,,19.86,24.82,29.46,23.53,30916.02,730.0,944.5200000000004,3.1513938241329273,-340025.1699999999,7177458.33,-1616028.3700000048,-1904510.66,-32019170.129999995,-538.1869989999999,26316.11,1232,597,635,22.661103896103896,,
2026-07-10T12:10:52 ET,2026-07-10T12:10:00 ET,2026-07-10,Fri,1210ET,2026-07-10,29971.5,707.585,29987.6,NEAR_FLIP,EXPANSION,,24.183127962085305,,19.86,24.82,29.46,23.53,30920.94,730.0,949.4399999999987,3.1678094189479964,28536488.990000002,64932945.410000004,288236825.06999993,-51826855.7,-146251915.70999998,-2244.990347,119126.15,12383,8991,3392,33.26516918355811,,
2026-07-10T12:10:52 ET,2026-07-10T12:10:00 ET,2026-07-10,Fri,1210ET,2026-07-13,29971.5,707.585,29987.6,NEAR_FLIP,EXPANSION,,24.183127962085305,,19.86,24.82,29.46,23.53,30958.27,731.0,986.7700000000004,3.292361076355873,624975.1400000001,2782787.46,10200573.36,-921711.89,-9810177.7,-152.549692,8473.630000000001,525,327,198,22.41011428571429,,
2026-07-10T12:10:52 ET,2026-07-10T12:10:00 ET,2026-07-10,Fri,1210ET,2026-07-14,29971.5,707.585,29987.6,NEAR_FLIP,EXPANSION,,24.183127962085305,,19.86,24.82,29.46,23.53,30958.37,731.0,986.869999999999,3.2926947266569875,547038.74,648583.4199999999,7920967.12,-181472.27,512325.67999999993,7.535176999999999,2364.49,119,110,9,22.230504201680674,,
2026-07-10T12:10:52 ET,2026-07-10T12:10:00 ET,2026-07-10,Fri,1210ET,2026-07-10,29971.5,707.585,29987.6,NEAR_FLIP,EXPANSION,,24.183127962085305,,19.86,24.82,29.46,23.53,30963.3,731.0,991.7999999999993,3.3091436865021744,4889961.4399999995,12767305.639999999,52052831.79000001,-10639669.21,-37414777.24,-536.386714,23578.93,2616,1831,785,33.37827981651376,,
2026-07-10T12:10:52 ET,2026-07-10T12:10:00 ET,2026-07-10,Fri,1210ET,2026-07-13,29971.5,707.585,29987.6,NEAR_FLIP,EXPANSION,,24.183127962085305,,19.86,24.82,29.46,23.53,31000.62,732.0,1029.119999999999,3.4336619788799325,1052072.08,2157674.56,16837976.12,-744759.22,-4516722.51,-67.08743799999999,6483.39,440,332,108,22.035727272727275,,
2026-07-10T12:10:52 ET,2026-07-10T12:10:00 ET,2026-07-10,Fri,1210ET,2026-07-14,29971.5,707.585,29987.6,NEAR_FLIP,EXPANSION,,24.183127962085305,,19.86,24.82,29.46,23.53,31000.72,732.0,1029.2200000000012,3.4339956291810596,1532760.84,1811523.64,23199742.04,-527005.4,1280192.36,17.604685999999997,6587.450000000001,351,325,26,22.171481481481482,,
2026-07-10T12:10:52 ET,2026-07-10T12:10:00 ET,2026-07-10,Fri,1210ET,2026-07-10,29971.5,707.585,29987.6,NEAR_FLIP,EXPANSION,,24.183127962085305,,19.86,24.82,29.46,23.53,31005.66,732.0,1034.1599999999999,3.4504779540563533,15461551.8,18836817.080000002,165284069.6,-16172618.73,-1014886.1100000031,-29.938924999999983,33390.16,4253,3892,361,32.241408417587586,,
2026-07-10T12:10:52 ET,2026-07-10T12:10:00 ET,2026-07-10,Fri,1210ET,2026-07-10,29971.5,707.585,29987.6,NEAR_FLIP,EXPANSION,,24.183127962085305,,19.86,24.82,29.46,23.53,31026.84,732.5,1055.3400000000001,3.5211450878334425,2599317.95,5059554.53,28989177.66,-4465332.42,-12518786.99,-162.84082,9239.25,1176,903,273,32.931785714285716,,
2026-07-10T12:10:52 ET,2026-07-10T12:10:00 ET,2026-07-10,Fri,1210ET,2026-07-13,29971.5,707.585,29987.6,NEAR_FLIP,EXPANSION,,24.183127962085305,,19.86,24.82,29.46,23.53,31042.97,733.0,1071.4700000000012,3.574962881404004,425366.74,2735406.88,8045064.419999998,-979603.3099999999,-13164120.870000001,-179.677065,8332.07,590,349,241,22.371440677966103,,
2026-07-10T12:10:52 ET,2026-07-10T12:10:00 ET,2026-07-10,Fri,1210ET,2026-07-14,29971.5,707.585,29987.6,NEAR_FLIP,EXPANSION,,24.183127962085305,,19.86,24.82,29.46,23.53,31043.07,733.0,1071.5699999999997,3.575296531705119,648411.4600000001,739828.6,10243369.54,-223508.29,600568.42,7.867749,2679.88,152,143,9,22.082105263157896,,
2026-07-10T12:10:52 ET,2026-07-10T12:10:00 ET,2026-07-10,Fri,1210ET,2026-07-10,29971.5,707.585,29987.6,NEAR_FLIP,EXPANSION,,24.183127962085305,,19.86,24.82,29.46,23.53,31048.01,733.0,1076.5099999999984,3.5917788565804125,6199912.62,9471501.56,68712651.93,-8493143.27,-14170117.530000001,-180.03659499999998,17225.11,2285,1908,377,32.880157549234134,,
2026-07-10T12:10:52 ET,2026-07-10T12:10:00 ET,2026-07-10,Fri,1210ET,2026-07-13,29971.5,707.585,29987.6,NEAR_FLIP,EXPANSION,,24.183127962085305,,19.86,24.82,29.46,23.53,31085.32,734.0,1113.8199999999997,3.7162637839280643,611885.3,1451571.18,10480012.349999998,-540539.86,-4627132.88,-59.27721299999999,4415.53,338,244,94,22.260414201183433,,
2026-07-10T12:10:52 ET,2026-07-10T12:10:00 ET,2026-07-10,Fri,1210ET,2026-07-14,29971.5,707.585,29987.6,NEAR_FLIP,EXPANSION,,24.183127962085305,,19.86,24.82,29.46,23.53,31085.42,734.0,1113.9199999999983,3.716597434229178,312196.37,436907.97,5182718.21,-136564.07,-212267.96000000008,-3.267498,1580.1899999999998,95,82,13,22.095894736842105,,
2026-07-10T12:10:52 ET,2026-07-10T12:10:00 ET,2026-07-10,Fri,1210ET,2026-07-10,29971.5,707.585,29987.6,NEAR_FLIP,EXPANSION,,24.183127962085305,,19.86,24.82,29.46,23.53,31090.37,734.0,1118.869999999999,3.7331131241345914,1404519.9699999997,4077120.55,16638090.5,-3839835.27,-18049111.689999998,-206.666913,7663.120000000001,1058,725,333,33.52694706994329,,
2026-07-10T12:10:52 ET,2026-07-10T12:10:00 ET,2026-07-10,Fri,1210ET,2026-07-13,29971.5,707.585,29987.6,NEAR_FLIP,EXPANSION,,24.183127962085305,,19.86,24.82,29.46,23.53,31127.67,735.0,1156.1699999999983,3.8575646864521236,3977581.54,4314120.76,69193589.36000001,-1663904.6300000001,2839674.76,28.920557,12758.93,1118,1077,41,21.60014311270125,,
2026-07-10T12:10:52 ET,2026-07-10T12:10:00 ET,2026-07-10,Fri,1210ET,2026-07-14,29971.5,707.585,29987.6,NEAR_FLIP,EXPANSION,,24.183127962085305,,19.86,24.82,29.46,23.53,31127.77,735.0,1156.2700000000004,3.8578983367532502,-544691.5899999999,3799908.09,-6914615.75,-1218858.46,-28198554.49,-361.024767,13822.18,861,380,481,22.43747967479675,,
2026-07-10T12:10:52 ET,2026-07-10T12:10:00 ET,2026-07-10,Fri,1210ET,2026-07-10,29971.5,707.585,29987.6,NEAR_FLIP,EXPANSION,,24.183127962085305,,19.86,24.82,29.46,23.53,31132.73,735.0,1161.2299999999996,3.8744473916887694,12785771.16,27591263.94,154597260.38,-26936650.380000003,-106994677.67,-1123.360608,51407.47,7923,5903,2020,33.11140098447558,,
2026-07-10T12:10:52 ET,2026-07-10T12:10:00 ET,2026-07-10,Fri,1210ET,2026-07-13,29971.5,707.585,29987.6,NEAR_FLIP,EXPANSION,,24.183127962085305,,19.86,24.82,29.46,23.53,31170.02,736.0,1198.5200000000004,3.9988655889761957,3417257.85,3910311.69,61355854.69,-1559592.51,600549.54,2.858554000000005,11649.449999999999,1087,1023,64,21.760082796688135,,
2026-07-10T12:10:52 ET,2026-07-10T12:10:00 ET,2026-07-10,Fri,1210ET,2026-07-14,29971.5,707.585,29987.6,NEAR_FLIP,EXPANSION,,24.183127962085305,,19.86,24.82,29.46,23.53,31170.12,736.0,1198.619999999999,3.9991992392773104,44429.76999999999,179590.03,862292.52,-59961.95999999999,-861160.0,-10.371636,650.45,44,28,16,22.175454545454546,,
2026-07-10T12:10:52 ET,2026-07-10T12:10:00 ET,2026-07-10,Fri,1210ET,2026-07-10,29971.5,707.585,29987.6,NEAR_FLIP,EXPANSION,,24.183127962085305,,19.86,24.82,29.46,23.53,31175.09,736.0,1203.5900000000001,4.015781659242948,3774855.8600000003,4834957.86,45659258.54,-4816631.07,-5194540.959999999,-51.45044,8827.65,1504,1346,158,32.913909574468086,,
2026-07-10T12:10:52 ET,2026-07-10T12:10:00 ET,2026-07-10,Fri,1210ET,2026-07-13,29971.5,707.585,29987.6,NEAR_FLIP,EXPANSION,,24.183127962085305,,19.86,24.82,29.46,23.53,31212.37,737.0,1240.869999999999,4.140166491500255,654581.2200000001,838277.88,12342585.33,-345806.49,-781539.0200000001,-8.550500000000001,2486.0,256,230,26,21.61078125,,
2026-07-10T12:10:52 ET,2026-07-10T12:10:00 ET,2026-07-10,Fri,1210ET,2026-07-14,29971.5,707.585,29987.6,NEAR_FLIP,EXPANSION,,24.183127962085305,,19.86,24.82,29.46,23.53,31212.47,737.0,1240.9700000000012,4.1405001418013825,2118020.1199999996,2274477.1,39201597.980000004,-788141.4,1979076.4100000001,20.091607000000003,8116.799999999999,610,590,20,21.72737704918033,,
2026-07-10T12:10:52 ET,2026-07-10T12:10:00 ET,2026-07-10,Fri,1210ET,2026-07-10,29971.5,707.585,29987.6,NEAR_FLIP,EXPANSION,,24.183127962085305,,19.86,24.82,29.46,23.53,31217.44,737.0,1245.9399999999987,4.157082561767007,1292235.9700000002,9361644.53,16065418.440000005,-10107510.370000001,-80603774.58000001,-698.771811,18565.78,3181,1861,1320,33.98754165356806,,
2026-07-10T12:10:52 ET,2026-07-10T12:10:00 ET,2026-07-10,Fri,1210ET,2026-07-10,29971.5,707.585,29987.6,NEAR_FLIP,EXPANSION,,24.183127962085305,,19.86,24.82,29.46,23.53,31238.62,737.5,1267.119999999999,4.227749695544096,1246597.98,2171459.98,15805605.580000002,-2312475.4699999997,-8454635.62,-70.760158,4088.91,777,619,158,33.24015444015444,,
2026-07-10T12:10:52 ET,2026-07-10T12:10:00 ET,2026-07-10,Fri,1210ET,2026-07-13,29971.5,707.585,29987.6,NEAR_FLIP,EXPANSION,,24.183127962085305,,19.86,24.82,29.46,23.53,31254.72,738.0,1283.2200000000012,4.281467394024327,1095494.55,1265403.99,21025002.79,-539685.1599999999,-325922.42999999993,-3.4227399999999992,3777.46,418,391,27,21.724641148325357,,
2026-07-10T12:10:52 ET,2026-07-10T12:10:00 ET,2026-07-10,Fri,1210ET,2026-07-14,29971.5,707.585,29987.6,NEAR_FLIP,EXPANSION,,24.183127962085305,,19.86,24.82,29.46,23.53,31254.82,738.0,1283.3199999999997,4.281801044325442,2538075.42,2722559.42,48186870.980000004,-973426.46,2254975.67,21.416565,9787.05,776,751,25,21.890605670103092,,
2026-07-10T12:10:52 ET,2026-07-10T12:10:00 ET,2026-07-10,Fri,1210ET,2026-07-10,29971.5,707.585,29987.6,NEAR_FLIP,EXPANSION,,24.183127962085305,,19.86,24.82,29.46,23.53,31259.8,738.0,1288.2999999999993,4.298416829321186,2650755.14,2765552.6,34425508.76,-2903236.88,1658403.53,11.813635999999999,4919.07,1055,1034,21,32.39658767772512,,
2026-07-10T12:10:52 ET,2026-07-10T12:10:00 ET,2026-07-10,Fri,1210ET,2026-07-13,29971.5,707.585,29987.6,NEAR_FLIP,EXPANSION,,24.183127962085305,,19.86,24.82,29.46,23.53,31297.07,739.0,1325.5699999999997,4.422768296548386,591066.13,636925.8099999999,11791051.72,-279404.27,204229.20999999996,1.3646150000000006,1880.8,233,225,8,21.521802575107294,,
2026-07-10T12:10:52 ET,2026-07-10T12:10:00 ET,2026-07-10,Fri,1210ET,2026-07-14,29971.5,707.585,29987.6,NEAR_FLIP,EXPANSION,,24.183127962085305,,19.86,24.82,29.46,23.53,31297.17,739.0,1325.6699999999983,4.423101946849501,1061694.14,1225415.34,21044801.18,-451679.75,44873.070000000065,-0.4417080000000002,4374.78,379,355,24,21.732189973614776,,
2026-07-10T12:10:52 ET,2026-07-10T12:10:00 ET,2026-07-10,Fri,1210ET,2026-07-10,29971.5,707.585,29987.6,NEAR_FLIP,EXPANSION,,24.183127962085305,,19.86,24.82,29.46,23.53,31302.16,739.0,1330.6599999999999,4.439751096875365,2734380.29,2827009.25,36418426.019999996,-3058348.5,1828767.2600000002,12.284489,5055.41,1176,1157,19,32.578988095238095,,
2026-07-10T12:10:52 ET,2026-07-10T12:10:00 ET,2026-07-10,Fri,1210ET,2026-07-13,29971.5,707.585,29987.6,NEAR_FLIP,EXPANSION,,24.183127962085305,,19.86,24.82,29.46,23.53,31339.42,740.0,1367.9199999999983,4.5640691990724465,2031665.8200000003,2282537.16,41654218.25,-1035077.23,-749590.7200000002,-5.869140000000002,6787.53,913,864,49,21.586604600219054,,
2026-07-10T12:10:52 ET,2026-07-10T12:10:00 ET,2026-07-10,Fri,1210ET,2026-07-14,29971.5,707.585,29987.6,NEAR_FLIP,EXPANSION,,24.183127962085305,,19.86,24.82,29.46,23.53,31339.52,740.0,1368.0200000000004,4.564402849373573,226248.45999999996,2146944.92,4819352.25,-831645.9299999999,-19203201.01,-166.683505,7959.85,712,399,313,22.11192415730337,,
2026-07-10T12:10:52 ET,2026-07-10T12:10:00 ET,2026-07-10,Fri,1210ET,2026-07-10,29971.5,707.585,29987.6,NEAR_FLIP,EXPANSION,,24.183127962085305,,19.86,24.82,29.46,23.53,31344.52,740.0,1373.0200000000004,4.581085364429542,14600265.209999999,14690302.17,199714957.03,-16312524.09,14665066.520000001,91.27546000000001,26272.86,6679,6658,21,32.69329989519389,,
2026-07-10T12:10:52 ET,2026-07-10T12:10:00 ET,2026-07-10,Fri,1210ET,2026-07-13,29971.5,707.585,29987.6,NEAR_FLIP,EXPANSION,,24.183127962085305,,19.86,24.82,29.46,23.53,31381.77,741.0,1410.2700000000004,4.705370101596518,468402.51,495402.17000000004,9873014.76,-230652.66999999998,154132.87,1.0320319999999996,1469.8999999999999,217,211,6,21.58921658986175,,
2026-07-10T12:10:52 ET,2026-07-10T12:10:00 ET,2026-07-10,Fri,1210ET,2026-07-14,29971.5,707.585,29987.6,NEAR_FLIP,EXPANSION,,24.183127962085305,,19.86,24.82,29.46,23.53,31381.88,741.0,1410.380000000001,4.705737116927752,463196.18,474485.01999999996,9748026.94,-185266.7,506233.26,3.9149439999999998,1685.79,172,170,2,21.623720930232558,,
2026-07-10T12:10:52 ET,2026-07-10T12:10:00 ET,2026-07-10,Fri,1210ET,2026-07-10,29971.5,707.585,29987.6,NEAR_FLIP,EXPANSION,,24.183127962085305,,19.86,24.82,29.46,23.53,31386.87,741.0,1415.369999999999,4.7223862669536025,2167396.93,2174902.97,30416043.779999997,-2483792.86,2215089.55,12.595468,3904.52,1084,1082,2,32.837767527675275,,
2026-07-10T12:10:52 ET,2026-07-10T12:10:00 ET,2026-07-10,Fri,1210ET,2026-07-13,29971.5,707.585,29987.6,NEAR_FLIP,EXPANSION,,24.183127962085305,,19.86,24.82,29.46,23.53,31424.12,742.0,1452.619999999999,4.846671004120577,948383.85,948383.85,20617999.6,-451543.18,1081852.21,6.34804,2795.12,456,456,0,21.57,,
2026-07-10T12:10:52 ET,2026-07-10T12:10:00 ET,2026-07-10,Fri,1210ET,2026-07-14,29971.5,707.585,29987.6,NEAR_FLIP,EXPANSION,,24.183127962085305,,19.86,24.82,29.46,23.53,31424.23,742.0,1452.7299999999996,4.847038019451811,1482855.96,1487956.48,32303754.73,-596729.9600000001,1902941.27,13.535417,5251.629999999999,590,589,1,21.502169491525425,,
2026-07-10T12:10:52 ET,2026-07-10T12:10:00 ET,2026-07-10,Fri,1210ET,2026-07-10,29971.5,707.585,29987.6,NEAR_FLIP,EXPANSION,,24.183127962085305,,19.86,24.82,29.46,23.53,31429.23,742.0,1457.7299999999996,4.863720534507781,2099065.41,2115020.37,30197305.009999998,-2486124.94,1909618.0300000003,10.039878999999999,3815.46,1161,1156,5,32.958217054263564,,
2026-07-10T12:10:52 ET,2026-07-10T12:10:00 ET,2026-07-10,Fri,1210ET,2026-07-10,29971.5,707.585,29987.6,NEAR_FLIP,EXPANSION,,24.183127962085305,,19.86,24.82,29.46,23.53,31450.41,742.5,1478.9099999999999,4.93438766828487,815542.11,841786.5299999999,11823163.33,-1010406.1900000001,271239.4199999999,1.797365,1535.03,487,478,9,33.05872689938398,,
2026-07-10T12:10:52 ET,2026-07-10T12:10:00 ET,2026-07-10,Fri,1210ET,2026-07-13,29971.5,707.585,29987.6,NEAR_FLIP,EXPANSION,,24.183127962085305,,19.86,24.82,29.46,23.53,31466.48,743.0,1494.9799999999996,4.988005271674757,269223.25,269223.25,6023186.7,-131668.85,300781.04,1.597642,793.15,143,143,0,21.57,,
2026-07-10T12:10:52 ET,2026-07-10T12:10:00 ET,2026-07-10,Fri,1210ET,2026-07-14,29971.5,707.585,29987.6,NEAR_FLIP,EXPANSION,,24.183127962085305,,19.86,24.82,29.46,23.53,31466.58,743.0,1495.0800000000017,4.988338921975883,1159663.98,1159663.98,26155663.93,-477503.52,1491937.16,9.647647,4065.25,506,506,0,21.37,,
2026-07-10T12:10:52 ET,2026-07-10T12:10:00 ET,2026-07-10,Fri,1210ET,2026-07-10,29971.5,707.585,29987.6,NEAR_FLIP,EXPANSION,,24.183127962085305,,19.86,24.82,29.46,23.53,31471.59,743.0,1500.0900000000001,5.005054802061959,1286743.05,1384581.03,18481155.62,-1710600.79,-1065126.71,-2.486892,2599.56,826,789,37,33.498728813559325,,
2026-07-10T12:10:52 ET,2026-07-10T12:10:00 ET,2026-07-10,Fri,1210ET,2026-07-13,29971.5,707.585,29987.6,NEAR_FLIP,EXPANSION,,24.183127962085305,,19.86,24.82,29.46,23.53,31508.83,744.0,1537.3300000000017,5.1293061741988275,377101.53,377101.53,8634765.41,-189352.15,416123.28,2.021569,1115.8,219,219,0,21.66,,
2026-07-10T12:10:52 ET,2026-07-10T12:10:00 ET,2026-07-10,Fri,1210ET,2026-07-14,29971.5,707.585,29987.6,NEAR_FLIP,EXPANSION,,24.183127962085305,,19.86,24.82,29.46,23.53,31508.93,744.0,1537.4300000000003,5.129639824499942,253730.12,257717.74,5863601.68,-109104.85,255910.07,1.548978,907.39,122,121,1,21.431229508196722,,
2026-07-10T12:10:52 ET,2026-07-10T12:10:00 ET,2026-07-10,Fri,1210ET,2026-07-10,29971.5,707.585,29987.6,NEAR_FLIP,EXPANSION,,24.183127962085305,,19.86,24.82,29.46,23.53,31513.95,744.0,1542.4500000000007,5.146389069616138,1335748.01,1377091.49,20219360.26,-1704113.27,729878.82,2.0159970000000005,2500.96,913,903,10,33.24654983570647,,
2026-07-10T12:10:52 ET,2026-07-10T12:10:00 ET,2026-07-10,Fri,1210ET,2026-07-13,29971.5,707.585,29987.6,NEAR_FLIP,EXPANSION,,24.183127962085305,,19.86,24.82,29.46,23.53,31551.18,745.0,1579.6800000000003,5.270607076722888,867013.74,867013.74,20388584.98,-446633.89,938478.43,4.11404,2565.54,558,558,0,21.67,,
2026-07-10T12:10:52 ET,2026-07-10T12:10:00 ET,2026-07-10,Fri,1210ET,2026-07-14,29971.5,707.585,29987.6,NEAR_FLIP,EXPANSION,,24.183127962085305,,19.86,24.82,29.46,23.53,31551.28,745.0,1579.7799999999988,5.270940727024002,1275054.53,1275054.53,30377984.72,-552767.56,1577233.51,8.558555,4467.06,663,663,0,21.36,,
2026-07-10T12:10:52 ET,2026-07-10T12:10:00 ET,2026-07-10,Fri,1210ET,2026-07-10,29971.5,707.585,29987.6,NEAR_FLIP,EXPANSION,,24.183127962085305,,19.86,24.82,29.46,23.53,31556.3,745.0,1584.7999999999993,5.287689972140197,10385345.44,10408281.459999999,158515216.14000002,-13219994.42,10469568.620000001,41.370216,19188.4,7332,7326,6,33.76313420621931,,
2026-07-10T12:10:52 ET,2026-07-10T12:10:00 ET,2026-07-10,Fri,1210ET,2026-07-13,29971.5,707.585,29987.6,NEAR_FLIP,EXPANSION,,24.183127962085305,,19.86,24.82,29.46,23.53,31593.53,746.0,1622.0299999999988,5.411907979246947,176135.67,176135.67,4240729.48,-93039.96,187853.46,0.746808,522.48,125,125,0,21.73,,
2026-07-10T12:10:52 ET,2026-07-10T12:10:00 ET,2026-07-10,Fri,1210ET,2026-07-14,29971.5,707.585,29987.6,NEAR_FLIP,EXPANSION,,24.183127962085305,,19.86,24.82,29.46,23.53,31593.63,746.0,1622.130000000001,5.412241629548074,67964.5,67964.5,1650456.4,-30211.01,83515.61,0.421459,239.79,38,38,0,21.51,,
2026-07-10T12:10:52 ET,2026-07-10T12:10:00 ET,2026-07-10,Fri,1210ET,2026-07-10,29971.5,707.585,29987.6,NEAR_FLIP,EXPANSION,,24.183127962085305,,19.86,24.82,29.46,23.53,31598.66,746.0,1627.1599999999999,5.4290242396943755,1312929.16,1312929.16,20573785.88,-1709917.64,1346446.14,4.821188,2418.38,1035,1035,0,33.75,,
2026-07-10T12:10:52 ET,2026-07-10T12:10:00 ET,2026-07-10,Fri,1210ET,2026-07-13,29971.5,707.585,29987.6,NEAR_FLIP,EXPANSION,,24.183127962085305,,19.86,24.82,29.46,23.53,31635.88,747.0,1664.380000000001,5.5532088817710195,359739.51,359739.51,8871349.52,-194745.34,377455.28,1.353691,1068.53,283,283,0,21.76,,
2026-07-10T12:10:52 ET,2026-07-10T12:10:00 ET,2026-07-10,Fri,1210ET,2026-07-14,29971.5,707.585,29987.6,NEAR_FLIP,EXPANSION,,24.183127962085305,,19.86,24.82,29.46,23.53,31635.98,747.0,1664.4799999999996,5.553542532072134,215546.98,215546.98,5411582.94,-98139.9,256479.62,1.155448,754.3,135,135,0,21.34,,
2026-07-10T12:10:52 ET,2026-07-10T12:10:00 ET,2026-07-10,Fri,1210ET,2026-07-10,29971.5,707.585,29987.6,NEAR_FLIP,EXPANSION,,24.183127962085305,,19.86,24.82,29.46,23.53,31641.02,747.0,1669.5200000000004,5.570358507248555,1060149.54,1150358.96,17428049.759999998,-1488726.51,715969.94,-5.094307,2078.59,944,938,6,34.143961864406776,,
2026-07-10T12:10:52 ET,2026-07-10T12:10:00 ET,2026-07-10,Fri,1210ET,2026-07-13,29971.5,707.585,29987.6,NEAR_FLIP,EXPANSION,,24.183127962085305,,19.86,24.82,29.46,23.53,31678.23,748.0,1706.7299999999996,5.694509784295079,165879.69,165879.69,4171437.95,-91988.41,172420.3,0.564284,495.27,143,143,0,21.88,,
2026-07-10T12:10:52 ET,2026-07-10T12:10:00 ET,2026-07-10,Fri,1210ET,2026-07-14,29971.5,707.585,29987.6,NEAR_FLIP,EXPANSION,,24.183127962085305,,19.86,24.82,29.46,23.53,31678.33,748.0,1706.8300000000017,5.694843434596206,99688.29,99688.29,2556978.16,-46480.7,117165.5,0.484646,350.01,68,68,0,21.42,,
2026-07-10T12:10:52 ET,2026-07-10T12:10:00 ET,2026-07-10,Fri,1210ET,2026-07-10,29971.5,707.585,29987.6,NEAR_FLIP,EXPANSION,,24.183127962085305,,19.86,24.82,29.46,23.53,31683.38,748.0,1711.880000000001,5.711692774802732,846447.0900000001,969857.53,14238246.89,-1279406.6,-332329.12,-9.352659,1766.11,847,829,18,34.57544273907911,,
2026-07-10T12:10:52 ET,2026-07-10T12:10:00 ET,2026-07-10,Fri,1210ET,2026-07-13,29971.5,707.585,29987.6,NEAR_FLIP,EXPANSION,,24.183127962085305,,19.86,24.82,29.46,23.53,31720.58,749.0,1749.0800000000017,5.83581068681915,177800.12,177800.12,4584940.53,-100951.44,181172.09,0.528381,530.25,172,172,0,21.86,,
2026-07-10T12:10:52 ET,2026-07-10T12:10:00 ET,2026-07-10,Fri,1210ET,2026-07-14,29971.5,707.585,29987.6,NEAR_FLIP,EXPANSION,,24.183127962085305,,19.86,24.82,29.46,23.53,31720.68,749.0,1749.1800000000003,5.836144337120265,536856.47,536856.47,14112571.9,-256182.48,619360.64,2.322254,1883.88,404,404,0,21.41,,
2026-07-10T12:10:52 ET,2026-07-10T12:10:00 ET,2026-07-10,Fri,1210ET,2026-07-10,29971.5,707.585,29987.6,NEAR_FLIP,EXPANSION,,24.183127962085305,,19.86,24.82,29.46,23.53,31725.73,749.0,1754.2299999999996,5.8529936773267925,1415942.89,1415942.89,23098375.81,-1985268.32,1383638.06,4.184952,2697.67,1390,1389,1,34.87240287769784,,
2026-07-10T12:10:52 ET,2026-07-10T12:10:00 ET,2026-07-10,Fri,1210ET,2026-07-13,29971.5,707.585,29987.6,NEAR_FLIP,EXPANSION,,24.183127962085305,,19.86,24.82,29.46,23.53,31762.93,750.0,1791.4300000000003,5.9771115893432105,2352987.95,2352987.95,61209968.37,-1374509.16,1688647.98,6.482573,7127.63,2464,2454,10,22.086818181818177,,
2026-07-10T12:10:52 ET,2026-07-10T12:10:00 ET,2026-07-10,Fri,1210ET,2026-07-14,29971.5,707.585,29987.6,NEAR_FLIP,EXPANSION,,24.183127962085305,,19.86,24.82,29.46,23.53,31763.03,750.0,1791.5299999999988,5.977445239644325,454389.17,454389.17,12252421.17,-221804.15,513396.83,1.732155,1591.23,380,380,0,21.37,,
2026-07-10T12:10:52 ET,2026-07-10T12:10:00 ET,2026-07-10,Fri,1210ET,2026-07-10,29971.5,707.585,29987.6,NEAR_FLIP,EXPANSION,,24.183127962085305,,19.86,24.82,29.46,23.53,31768.09,750.0,1796.5900000000001,5.994327944880971,9701372.74,9701372.74,162653515.71,-13926472.26,9080356.51,24.538511,18404.83,10853,10844,9,34.73301852022482,,
2026-07-10T12:10:52 ET,2026-07-10T12:10:00 ET,2026-07-10,Fri,1210ET,2026-07-13,29971.5,707.585,29987.6,NEAR_FLIP,EXPANSION,,24.183127962085305,,19.86,24.82,29.46,23.53,31805.28,751.0,1833.7799999999988,6.11841249186727,84138.08,84138.08,2242921.7,-50013.28,84716.98,0.207321,254.28,97,97,0,22.16,,
2026-07-10T12:10:52 ET,2026-07-10T12:10:00 ET,2026-07-10,Fri,1210ET,2026-07-14,29971.5,707.585,29987.6,NEAR_FLIP,EXPANSION,,24.183127962085305,,19.86,24.82,29.46,23.53,31805.38,751.0,1833.880000000001,6.118746142168396,17818.61,17818.61,487405.74,-8894.63,20091.24,0.063132,62.94,16,16,0,21.56,,
2026-07-10T12:10:52 ET,2026-07-10T12:10:00 ET,2026-07-10,Fri,1210ET,2026-07-10,29971.5,707.585,29987.6,NEAR_FLIP,EXPANSION,,24.183127962085305,,19.86,24.82,29.46,23.53,31810.45,751.0,1838.9500000000007,6.135662212435149,530971.92,530971.92,9021763.7,-778908.65,532423.66,1.250755,1016.69,638,638,0,35.1,,
2026-07-10T12:10:52 ET,2026-07-10T12:10:00 ET,2026-07-10,Fri,1210ET,2026-07-13,29971.5,707.585,29987.6,NEAR_FLIP,EXPANSION,,24.183127962085305,,19.86,24.82,29.46,23.53,31847.63,752.0,1876.130000000001,6.259713394391342,94506.53,94506.53,2569786.77,-57445.7,93966.31,0.207062,286.34,121,121,0,22.22,,
2026-07-10T12:10:52 ET,2026-07-10T12:10:00 ET,2026-07-10,Fri,1210ET,2026-07-14,29971.5,707.585,29987.6,NEAR_FLIP,EXPANSION,,24.183127962085305,,19.86,24.82,29.46,23.53,31847.73,752.0,1876.2299999999996,6.260047044692456,112910.2,112910.2,3171468.62,-57604.3,124279.93,0.347311,397.16,114,114,0,21.47,,
2026-07-10T12:10:52 ET,2026-07-10T12:10:00 ET,2026-07-10,Fri,1210ET,2026-07-10,29971.5,707.585,29987.6,NEAR_FLIP,EXPANSION,,24.183127962085305,,19.86,24.82,29.46,23.53,31852.81,752.0,1881.3100000000013,6.276996479989327,526974.37,526974.37,9060066.99,-790551.75,529124.0,1.15745,1019.68,680,680,0,35.47,,
2026-07-10T12:10:52 ET,2026-07-10T12:10:00 ET,2026-07-10,Fri,1210ET,2026-07-13,29971.5,707.585,29987.6,NEAR_FLIP,EXPANSION,,24.183127962085305,,19.86,24.82,29.46,23.53,31889.98,753.0,1918.4799999999996,6.401014296915402,142817.47,142817.47,3931303.19,-88724.17,142028.56,0.290498,436.93,197,197,0,22.44,,
2026-07-10T12:10:52 ET,2026-07-10T12:10:00 ET,2026-07-10,Fri,1210ET,2026-07-14,29971.5,707.585,29987.6,NEAR_FLIP,EXPANSION,,24.183127962085305,,19.86,24.82,29.46,23.53,31890.08,753.0,1918.5800000000017,6.401347947216528,87740.9,87740.9,2509921.45,-45734.32,95594.9,0.24398,309.74,97,97,0,21.55,,
2026-07-10T12:10:52 ET,2026-07-10T12:10:00 ET,2026-07-10,Fri,1210ET,2026-07-10,29971.5,707.585,29987.6,NEAR_FLIP,EXPANSION,,24.183127962085305,,19.86,24.82,29.46,23.53,31895.16,753.0,1923.6599999999999,6.418297382513387,843685.52,843685.52,14670803.01,-1293773.6,848456.08,1.729941,1649.6,1168,1168,0,35.84,,
2026-07-10T12:10:52 ET,2026-07-10T12:10:00 ET,2026-07-10,Fri,1210ET,2026-07-13,29971.5,707.585,29987.6,NEAR_FLIP,EXPANSION,,24.183127962085305,,19.86,24.82,29.46,23.53,31932.33,754.0,1960.8300000000017,6.542315199439473,66683.57,66683.57,1857345.95,-42321.15,66346.8,0.126083,206.0,99,99,0,22.65,,
2026-07-10T12:10:52 ET,2026-07-10T12:10:00 ET,2026-07-10,Fri,1210ET,2026-07-14,29971.5,707.585,29987.6,NEAR_FLIP,EXPANSION,,24.183127962085305,,19.86,24.82,29.46,23.53,31932.43,754.0,1960.9300000000003,6.542648849740589,97198.42,97198.42,2865865.48,-51747.12,102566.3,0.226846,340.02,124,124,0,21.36,,
2026-07-10T12:10:52 ET,2026-07-10T12:10:00 ET,2026-07-10,Fri,1210ET,2026-07-10,29971.5,707.585,29987.6,NEAR_FLIP,EXPANSION,,24.183127962085305,,19.86,24.82,29.46,23.53,31937.52,754.0,1966.0200000000004,6.5596316500675655,547245.93,547245.93,9500331.39,-869024.5700000001,-14745.050000000047,1.04881,1096.87,820,812,8,36.24780487804878,,
2026-07-10T12:10:52 ET,2026-07-10T12:10:00 ET,2026-07-10,Fri,1210ET,2026-07-13,29971.5,707.585,29987.6,NEAR_FLIP,EXPANSION,,24.183127962085305,,19.86,24.82,29.46,23.53,31974.68,755.0,2003.1800000000003,6.6836161019635325,179511.96,179511.96,5099050.53,-116379.4,176140.08,0.299356,555.22,298,298,0,22.69,,
2026-07-10T12:10:52 ET,2026-07-10T12:10:00 ET,2026-07-10,Fri,1210ET,2026-07-14,29971.5,707.585,29987.6,NEAR_FLIP,EXPANSION,,24.183127962085305,,19.86,24.82,29.46,23.53,31974.79,755.0,2003.2900000000009,6.6839831172947655,1549861.77,1549861.77,45987324.3,-842300.55,1651467.91,3.48548,5502.46,2072,2072,0,21.68,,
2026-07-10T12:10:52 ET,2026-07-10T12:10:00 ET,2026-07-10,Fri,1210ET,2026-07-10,29971.5,707.585,29987.6,NEAR_FLIP,EXPANSION,,24.183127962085305,,19.86,24.82,29.46,23.53,31979.88,755.0,2008.380000000001,6.700965917621744,2169353.96,2169353.96,38911284.02,-3473585.26,2153172.76,3.657364,4288.08,3605,3605,0,36.24,,
2026-07-10T12:10:52 ET,2026-07-10T12:10:00 ET,2026-07-10,Fri,1210ET,2026-07-13,29971.5,707.585,29987.6,NEAR_FLIP,EXPANSION,,24.183127962085305,,19.86,24.82,29.46,23.53,32017.03,756.0,2045.5299999999988,6.824917004487592,18146.27,18146.27,526232.55,-12015.44,17516.68,0.026376,56.11,34,34,0,22.68,,
2026-07-10T12:10:52 ET,2026-07-10T12:10:00 ET,2026-07-10,Fri,1210ET,2026-07-14,29971.5,707.585,29987.6,NEAR_FLIP,EXPANSION,,24.183127962085305,,19.86,24.82,29.46,23.53,32017.14,756.0,2045.6399999999994,6.825284019818826,816343.13,816343.13,24676385.69,-452782.64,859132.68,1.639513,2903.64,1207,1207,0,21.73,,
2026-07-10T12:10:52 ET,2026-07-10T12:10:00 ET,2026-07-10,Fri,1210ET,2026-07-10,29971.5,707.585,29987.6,NEAR_FLIP,EXPANSION,,24.183127962085305,,19.86,24.82,29.46,23.53,32022.24,756.0,2050.7400000000016,6.842300185175923,244207.76,244207.76,4383000.77,-399015.79,247056.89,0.410367,492.43,415,415,0,36.97,,
2026-07-10T12:10:52 ET,2026-07-10T12:10:00 ET,2026-07-10,Fri,1210ET,2026-07-13,29971.5,707.585,29987.6,NEAR_FLIP,EXPANSION,,24.183127962085305,,19.86,24.82,29.46,23.53,32059.38,757.0,2087.880000000001,6.966217907011664,22322.98,22322.98,654261.92,-15083.99,21571.08,0.03019,69.68,45,45,0,22.9,,
2026-07-10T12:10:52 ET,2026-07-10T12:10:00 ET,2026-07-10,Fri,1210ET,2026-07-14,29971.5,707.585,29987.6,NEAR_FLIP,EXPANSION,,24.183127962085305,,19.86,24.82,29.46,23.53,32059.49,757.0,2087.9900000000016,6.966584922342897,12166.98,12166.98,374833.04,-6885.17,12630.96,0.021681,43.32,20,20,0,21.75,,
2026-07-10T12:10:52 ET,2026-07-10T12:10:00 ET,2026-07-10,Fri,1210ET,2026-07-10,29971.5,707.585,29987.6,NEAR_FLIP,EXPANSION,,24.183127962085305,,19.86,24.82,29.46,23.53,32064.59,757.0,2093.09,6.983601087699983,241548.25,241548.25,4420323.1,-403080.27,240793.87,0.356907,487.23,460,460,0,36.99,,
2026-07-10T12:10:52 ET,2026-07-10T12:10:00 ET,2026-07-10,Fri,1210ET,2026-07-13,29971.5,707.585,29987.6,NEAR_FLIP,EXPANSION,,24.183127962085305,,19.86,24.82,29.46,23.53,32101.73,758.0,2130.2299999999996,7.1075188095357245,32772.24,32772.24,970387.14,-22590.35,31709.45,0.041294,103.27,71,71,0,23.12,,
2026-07-10T12:10:52 ET,2026-07-10T12:10:00 ET,2026-07-10,Fri,1210ET,2026-07-14,29971.5,707.585,29987.6,NEAR_FLIP,EXPANSION,,24.183127962085305,,19.86,24.82,29.46,23.53,32101.84,758.0,2130.34,7.107885824866958,74441.74,74441.74,2338947.28,-42969.02,76100.29,0.116673,265.0,137,137,0,21.75,,
2026-07-10T12:10:52 ET,2026-07-10T12:10:00 ET,2026-07-10,Fri,1210ET,2026-07-10,29971.5,707.585,29987.6,NEAR_FLIP,EXPANSION,,24.183127962085305,,19.86,24.82,29.46,23.53,32106.95,758.0,2135.4500000000007,7.124935355254161,921149.92,921149.92,17017760.22,-1568388.59,920533.31,1.276535,1876.81,1875,1875,0,37.36,,
2026-07-10T12:10:52 ET,2026-07-10T12:10:00 ET,2026-07-10,Fri,1210ET,2026-07-13,29971.5,707.585,29987.6,NEAR_FLIP,EXPANSION,,24.183127962085305,,19.86,24.82,29.46,23.53,32144.08,759.0,2172.5800000000017,7.248819712059797,34397.64,34397.64,1028595.87,-24179.4,33333.25,0.040436,109.41,80,80,0,23.34,,
2026-07-10T12:10:52 ET,2026-07-10T12:10:00 ET,2026-07-10,Fri,1210ET,2026-07-14,29971.5,707.585,29987.6,NEAR_FLIP,EXPANSION,,24.183127962085305,,19.86,24.82,29.46,23.53,32144.19,759.0,2172.6899999999987,7.2491867273910175,525.96,525.96,16573.48,-309.4,545.28,0.000809,1.9,1,1,0,22.11,,
2026-07-10T12:10:52 ET,2026-07-10T12:10:00 ET,2026-07-10,Fri,1210ET,2026-07-10,29971.5,707.585,29987.6,NEAR_FLIP,EXPANSION,,24.183127962085305,,19.86,24.82,29.46,23.53,32149.31,759.0,2177.8100000000013,7.2662696228083385,594922.5,594922.5,11091997.99,-1033167.09,596091.8,0.774175,1224.28,1293,1293,0,37.74,,
2026-07-10T12:10:52 ET,2026-07-10T12:10:00 ET,2026-07-10,Fri,1210ET,2026-07-13,29971.5,707.585,29987.6,NEAR_FLIP,EXPANSION,,24.183127962085305,,19.86,24.82,29.46,23.53,32186.43,760.0,2214.9300000000003,7.390120614583856,149162.83,149162.83,4502963.24,-106888.17,144802.17,0.163812,478.95,372,372,0,23.56,,
2026-07-10T12:10:52 ET,2026-07-10T12:10:00 ET,2026-07-10,Fri,1210ET,2026-07-14,29971.5,707.585,29987.6,NEAR_FLIP,EXPANSION,,24.183127962085305,,19.86,24.82,29.46,23.53,32186.54,760.0,2215.040000000001,7.390487629915089,279571.26,279571.26,8000673.520000001,-185292.93,-3248662.29,0.400268,1132.04,621,571,50,22.36085346215781,,
2026-07-10T12:10:52 ET,2026-07-10T12:10:00 ET,2026-07-10,Fri,1210ET,2026-07-10,29971.5,707.585,29987.6,NEAR_FLIP,EXPANSION,,24.183127962085305,,19.86,24.82,29.46,23.53,32191.67,760.0,2220.1699999999983,7.4076038903625046,1759916.76,1759916.76,33490636.31,-3121390.54,1660428.75,1.976566,3614.9399999999996,4352,4351,1,37.660588235294114,,
2026-07-10T12:10:52 ET,2026-07-10T12:10:00 ET,2026-07-10,Fri,1210ET,2026-07-13,29971.5,707.585,29987.6,NEAR_FLIP,EXPANSION,,24.183127962085305,,19.86,24.82,29.46,23.53,32228.79,761.0,2257.290000000001,7.531454882138034,19466.7,19466.7,593065.71,-14215.79,18935.1,0.019999,63.09,52,52,0,23.779999999999998,,
2026-07-10T12:10:52 ET,2026-07-10T12:10:00 ET,2026-07-10,Fri,1210ET,2026-07-14,29971.5,707.585,29987.6,NEAR_FLIP,EXPANSION,,24.183127962085305,,19.86,24.82,29.46,23.53,32228.89,761.0,2257.3899999999994,7.5317885324391485,1309.89,1309.89,42510.05,-800.23,1337.3,0.001648,4.78,3,3,0,22.290000000000003,,
2026-07-10T12:10:52 ET,2026-07-10T12:10:00 ET,2026-07-10,Fri,1210ET,2026-07-10,29971.5,707.585,29987.6,NEAR_FLIP,EXPANSION,,24.183127962085305,,19.86,24.82,29.46,23.53,32234.02,761.0,2262.5200000000004,7.548904792886576,198369.23,198369.23,3763301.12,-358039.71,199907.17,0.228439,416.37,490,490,0,38.49,,
2026-07-10T12:10:52 ET,2026-07-10T12:10:00 ET,2026-07-10,Fri,1210ET,2026-07-13,29971.5,707.585,29987.6,NEAR_FLIP,EXPANSION,,24.183127962085305,,19.86,24.82,29.46,23.53,32271.14,762.0,2299.6399999999994,7.672755784662094,28692.62,28692.62,881881.57,-21346.17,27970.34,0.027613,93.87,82,82,0,24.01,,
2026-07-10T12:10:52 ET,2026-07-10T12:10:00 ET,2026-07-10,Fri,1210ET,2026-07-14,29971.5,707.585,29987.6,NEAR_FLIP,EXPANSION,,24.183127962085305,,19.86,24.82,29.46,23.53,32271.24,762.0,2299.7400000000016,7.67308943496322,29281.72,29281.72,969414.37,-18228.21,29373.98,0.031933,106.6,76,76,0,22.25,,
2026-07-10T12:10:52 ET,2026-07-10T12:10:00 ET,2026-07-10,Fri,1210ET,2026-07-10,29971.5,707.585,29987.6,NEAR_FLIP,EXPANSION,,24.183127962085305,,19.86,24.82,29.46,23.53,32276.38,762.0,2304.880000000001,7.690239060440756,147547.62,147547.62,2856394.96,-271781.05,145992.6,0.146514,308.95,415,415,0,38.41,,
2026-07-10T12:10:52 ET,2026-07-10T12:10:00 ET,2026-07-10,Fri,1210ET,2026-07-13,29971.5,707.585,29987.6,NEAR_FLIP,EXPANSION,,24.183127962085305,,19.86,24.82,29.46,23.53,32313.49,763.0,2341.9900000000016,7.8140566871861665,36672.49,36672.49,1136770.62,-27786.1,35835.06,0.033104,121.1,112,112,0,24.23,,
2026-07-10T12:10:52 ET,2026-07-10T12:10:00 ET,2026-07-10,Fri,1210ET,2026-07-14,29971.5,707.585,29987.6,NEAR_FLIP,EXPANSION,,24.183127962085305,,19.86,24.82,29.46,23.53,32313.59,763.0,2342.09,7.81439033748728,5019.37,5019.37,167814.03,-3181.41,5035.67,0.005094,18.42,14,14,0,22.43,,
2026-07-10T12:10:52 ET,2026-07-10T12:10:00 ET,2026-07-10,Fri,1210ET,2026-07-10,29971.5,707.585,29987.6,NEAR_FLIP,EXPANSION,,24.183127962085305,,19.86,24.82,29.46,23.53,32318.74,763.0,2347.2400000000016,7.831573327994934,202445.88,202445.88,3903379.16,-379291.63,205318.98,0.207294,433.3,566,566,0,39.25,,
2026-07-10T12:10:52 ET,2026-07-10T12:10:00 ET,2026-07-10,Fri,1210ET,2026-07-13,29971.5,707.585,29987.6,NEAR_FLIP,EXPANSION,,24.183127962085305,,19.86,24.82,29.46,23.53,32355.84,764.0,2384.34,7.955357589710226,16257.92,16257.92,508110.35,-12541.79,15927.86,0.013785,54.19,53,53,0,24.46,,
2026-07-10T12:10:52 ET,2026-07-10T12:10:00 ET,2026-07-10,Fri,1210ET,2026-07-14,29971.5,707.585,29987.6,NEAR_FLIP,EXPANSION,,24.183127962085305,,19.86,24.82,29.46,23.53,32355.94,764.0,2384.4399999999987,7.9556912400113395,4006.96,4006.96,135245.92,-2585.13,4021.17,0.003789,14.82,12,12,0,22.61,,
2026-07-10T12:10:52 ET,2026-07-10T12:10:00 ET,2026-07-10,Fri,1210ET,2026-07-10,29971.5,707.585,29987.6,NEAR_FLIP,EXPANSION,,24.183127962085305,,19.86,24.82,29.46,23.53,32361.1,764.0,2389.5999999999985,7.9729075955491,309110.51,309110.51,6006016.46,-589779.6,314564.0,0.298981,668.02,918,918,0,39.63,,
2026-07-10T12:10:52 ET,2026-07-10T12:10:00 ET,2026-07-10,Fri,1210ET,2026-07-13,29971.5,707.585,29987.6,NEAR_FLIP,EXPANSION,,24.183127962085305,,19.86,24.82,29.46,23.53,32398.19,765.0,2426.6899999999987,8.096658492234285,59844.08,59844.08,1885160.53,-46989.14,58792.17,0.047723,201.32,208,208,0,24.68,,
2026-07-10T12:10:52 ET,2026-07-10T12:10:00 ET,2026-07-10,Fri,1210ET,2026-07-14,29971.5,707.585,29987.6,NEAR_FLIP,EXPANSION,,24.183127962085305,,19.86,24.82,29.46,23.53,32398.29,765.0,2426.790000000001,8.096992142535411,61318.64,61318.64,2088821.38,-40256.18,61566.66,0.054071,228.64,197,197,0,22.79,,
2026-07-10T12:10:52 ET,2026-07-10T12:10:00 ET,2026-07-10,Fri,1210ET,2026-07-10,29971.5,707.585,29987.6,NEAR_FLIP,EXPANSION,,24.183127962085305,,19.86,24.82,29.46,23.53,32403.45,765.0,2431.9500000000007,8.114208498073172,581343.78,581343.78,11344136.620000001,-1171191.5,-2973329.83,0.426948,1275.48,2220,2170,50,38.9636036036036,,
2026-07-10T12:10:52 ET,2026-07-10T12:10:00 ET,2026-07-10,Fri,1210ET,2026-07-13,29971.5,707.585,29987.6,NEAR_FLIP,EXPANSION,,24.183127962085305,,19.86,24.82,29.46,23.53,32440.54,766.0,2469.040000000001,8.237959394758358,9386.36,9386.36,292392.56,-7483.68,9565.8,0.008172,32.48,31,31,0,25.38,,
2026-07-10T12:10:52 ET,2026-07-10T12:10:00 ET,2026-07-10,Fri,1210ET,2026-07-14,29971.5,707.585,29987.6,NEAR_FLIP,EXPANSION,,24.183127962085305,,19.86,24.82,29.46,23.53,32440.64,766.0,2469.1399999999994,8.238293045059471,2323.24,2323.24,79850.37,-1551.63,2334.24,0.001913,8.73,8,8,0,22.98,,
2026-07-10T12:10:52 ET,2026-07-10T12:10:00 ET,2026-07-10,Fri,1210ET,2026-07-10,29971.5,707.585,29987.6,NEAR_FLIP,EXPANSION,,24.183127962085305,,19.86,24.82,29.46,23.53,32445.81,766.0,2474.3100000000013,8.25554276562735,59189.79,59189.79,1200303.12,-117598.11,57683.41,0.04101,126.71,235,235,0,39.28,,
2026-07-10T12:10:52 ET,2026-07-10T12:10:00 ET,2026-07-10,Fri,1210ET,2026-07-13,29971.5,707.585,29987.6,NEAR_FLIP,EXPANSION,,24.183127962085305,,19.86,24.82,29.46,23.53,32482.89,767.0,2511.3899999999994,8.379260297282416,31902.29,31902.29,1032927.21,-25973.09,30836.09,0.020408,107.94,136,136,0,24.83,,
2026-07-10T12:10:52 ET,2026-07-10T12:10:00 ET,2026-07-10,Fri,1210ET,2026-07-14,29971.5,707.585,29987.6,NEAR_FLIP,EXPANSION,,24.183127962085305,,19.86,24.82,29.46,23.53,32482.99,767.0,2511.4900000000016,8.379593947583542,149425.12,149425.12,5180355.09,-101497.56,150263.0,0.114978,566.08,551,551,0,23.16,,
2026-07-10T12:10:52 ET,2026-07-10T12:10:00 ET,2026-07-10,Fri,1210ET,2026-07-10,29971.5,707.585,29987.6,NEAR_FLIP,EXPANSION,,24.183127962085305,,19.86,24.82,29.46,23.53,32488.17,767.0,2516.6699999999983,8.396877033181518,88144.72,88144.72,1771448.11,-177700.64,88726.56,0.065701,193.61,336,336,0,40.29,,
2026-07-10T12:10:52 ET,2026-07-10T12:10:00 ET,2026-07-10,Fri,1210ET,2026-07-13,29971.5,707.585,29987.6,NEAR_FLIP,EXPANSION,,24.183127962085305,,19.86,24.82,29.46,23.53,32525.24,768.0,2553.7400000000016,8.520561199806489,28436.78,28436.78,927313.43,-23547.52,27574.72,0.01715,97.1,129,129,0,25.06,,
2026-07-10T12:10:52 ET,2026-07-10T12:10:00 ET,2026-07-10,Fri,1210ET,2026-07-14,29971.5,707.585,29987.6,NEAR_FLIP,EXPANSION,,24.183127962085305,,19.86,24.82,29.46,23.53,32525.34,768.0,2553.84,8.520894850107602,15208.47,15208.47,531689.25,-10503.73,15309.76,0.010949,58.07,60,60,0,23.34,,
2026-07-10T12:10:52 ET,2026-07-10T12:10:00 ET,2026-07-10,Fri,1210ET,2026-07-10,29971.5,707.585,29987.6,NEAR_FLIP,EXPANSION,,24.183127962085305,,19.86,24.82,29.46,23.53,32530.53,768.0,2559.029999999999,8.538211300735695,95595.61,95595.61,1965554.27,-196707.39,93844.72,0.059165,208.53,428,428,0,40.02,,
2026-07-10T12:10:52 ET,2026-07-10T12:10:00 ET,2026-07-10,Fri,1210ET,2026-07-13,29971.5,707.585,29987.6,NEAR_FLIP,EXPANSION,,24.183127962085305,,19.86,24.82,29.46,23.53,32567.59,769.0,2596.09,8.661862102330547,29036.41,29036.41,953406.31,-24448.83,28251.28,0.016531,100.06,140,140,0,25.29,,
2026-07-10T12:10:52 ET,2026-07-10T12:10:00 ET,2026-07-10,Fri,1210ET,2026-07-10,29971.5,707.585,29987.6,NEAR_FLIP,EXPANSION,,24.183127962085305,,19.86,24.82,29.46,23.53,32572.88,769.0,2601.380000000001,8.679512203259767,79843.15,79843.15,1652486.83,-167135.0,78681.49,0.046788,175.8,379,379,0,40.4,,
2026-07-10T12:10:52 ET,2026-07-10T12:10:00 ET,2026-07-10,Fri,1210ET,2026-07-13,29971.5,707.585,29987.6,NEAR_FLIP,EXPANSION,,24.183127962085305,,19.86,24.82,29.46,23.53,32609.94,770.0,2638.4399999999987,8.803163004854607,18560.0,18560.0,613474.7,-15886.68,18122.01,0.009989,64.54,95,95,0,25.52,,
2026-07-10T12:10:52 ET,2026-07-10T12:10:00 ET,2026-07-10,Fri,1210ET,2026-07-14,29971.5,707.585,29987.6,NEAR_FLIP,EXPANSION,,24.183127962085305,,19.86,24.82,29.46,23.53,32610.05,770.0,2638.5499999999993,8.80353002018584,85490.27,85490.27,3036886.63,-60996.34,86283.59,0.05406,331.62,385,385,0,23.71,,
2026-07-10T12:10:52 ET,2026-07-10T12:10:00 ET,2026-07-10,Fri,1210ET,2026-07-10,29971.5,707.585,29987.6,NEAR_FLIP,EXPANSION,,24.183127962085305,,19.86,24.82,29.46,23.53,32615.24,770.0,2643.7400000000016,8.820846470813946,598728.0,598728.0,12470656.65,-1274671.33,592348.54,0.332586,1330.54,3010,3010,0,40.77,,
2026-07-10T12:10:52 ET,2026-07-10T12:10:00 ET,2026-07-10,Fri,1210ET,2026-07-13,29971.5,707.585,29987.6,NEAR_FLIP,EXPANSION,,24.183127962085305,,19.86,24.82,29.46,23.53,32652.29,771.0,2680.790000000001,8.94446390737868,2761.49,2761.49,75406.78,-2365.55,3862.45,0.006019,11.85,5,5,0,31.380000000000003,,
2026-07-10T12:10:52 ET,2026-07-10T12:10:00 ET,2026-07-10,Fri,1210ET,2026-07-14,29971.5,707.585,29987.6,NEAR_FLIP,EXPANSION,,24.183127962085305,,19.86,24.82,29.46,23.53,32652.4,771.0,2680.9000000000015,8.944830922709912,674.55,674.55,22298.34,-486.02,787.03,0.000749,2.86,2,2,0,25.88,,
2026-07-10T12:10:52 ET,2026-07-10T12:10:00 ET,2026-07-10,Fri,1210ET,2026-07-10,29971.5,707.585,29987.6,NEAR_FLIP,EXPANSION,,24.183127962085305,,19.86,24.82,29.46,23.53,32657.6,771.0,2686.0999999999985,8.962180738368112,141384.74,141384.74,2962997.56,-306058.5,140446.47,0.074535,317.1,752,752,0,41.15,,
2026-07-10T12:10:52 ET,2026-07-10T12:10:00 ET,2026-07-10,Fri,1210ET,2026-07-13,29971.5,707.585,29987.6,NEAR_FLIP,EXPANSION,,24.183127962085305,,19.86,24.82,29.46,23.53,32694.64,772.0,2723.1399999999994,9.08576480990274,8406.33,8406.33,265465.59,-7369.25,9185.01,0.006601,31.58,33,33,0,27.54,,
2026-07-10T12:10:52 ET,2026-07-10T12:10:00 ET,2026-07-10,Fri,1210ET,2026-07-14,29971.5,707.585,29987.6,NEAR_FLIP,EXPANSION,,24.183127962085305,,19.86,24.82,29.46,23.53,32694.75,772.0,2723.25,9.086131825233974,7810.03,7810.03,281633.94,-5751.18,7908.05,0.004357,30.77,40,40,0,24.09,,
2026-07-10T12:10:52 ET,2026-07-10T12:10:00 ET,2026-07-10,Fri,1210ET,2026-07-10,29971.5,707.585,29987.6,NEAR_FLIP,EXPANSION,,24.183127962085305,,19.86,24.82,29.46,23.53,32699.96,772.0,2728.459999999999,9.10351500592229,39424.55,39424.55,807751.12,-86193.04,41404.38,0.025178,91.87,183,183,0,42.72,,
2026-07-10T12:10:52 ET,2026-07-10T12:10:00 ET,2026-07-10,Fri,1210ET,2026-07-13,29971.5,707.585,29987.6,NEAR_FLIP,EXPANSION,,24.183127962085305,,19.86,24.82,29.46,23.53,32736.99,773.0,2765.4900000000016,9.22706571242681,7355.66,7355.66,239937.19,-6570.8,7693.49,0.004435,27.14,36,36,0,27.06,,
2026-07-10T12:10:52 ET,2026-07-10T12:10:00 ET,2026-07-10,Fri,1210ET,2026-07-14,29971.5,707.585,29987.6,NEAR_FLIP,EXPANSION,,24.183127962085305,,19.86,24.82,29.46,23.53,32737.1,773.0,2765.5999999999985,9.227432727758032,181879.27,181879.27,6605837.58,-136018.99,184502.11,0.095447,722.25,992,992,0,24.28,,
2026-07-10T12:10:52 ET,2026-07-10T12:10:00 ET,2026-07-10,Fri,1210ET,2026-07-10,29971.5,707.585,29987.6,NEAR_FLIP,EXPANSION,,24.183127962085305,,19.86,24.82,29.46,23.53,32742.31,773.0,2770.8100000000013,9.244815908446363,62679.73,62679.73,1329033.19,-140180.66,62790.19,0.029863,143.17,372,372,0,41.9,,
2026-07-10T12:10:52 ET,2026-07-10T12:10:00 ET,2026-07-10,Fri,1210ET,2026-07-13,29971.5,707.585,29987.6,NEAR_FLIP,EXPANSION,,24.183127962085305,,19.86,24.82,29.46,23.53,32779.34,774.0,2807.8399999999965,9.368366614950858,41281.19,41281.19,1083426.23,-36965.67,64881.96,0.114495,192.92,66,66,0,34.17,,
2026-07-10T12:10:52 ET,2026-07-10T12:10:00 ET,2026-07-10,Fri,1210ET,2026-07-14,29971.5,707.585,29987.6,NEAR_FLIP,EXPANSION,,24.183127962085305,,19.86,24.82,29.46,23.53,32779.45,774.0,2807.949999999997,9.368733630282092,6305.5,6305.5,233549.61,-4795.72,6264.44,0.002786,24.91,40,40,0,24.16,,
2026-07-10T12:10:52 ET,2026-07-10T12:10:00 ET,2026-07-10,Fri,1210ET,2026-07-10,29971.5,707.585,29987.6,NEAR_FLIP,EXPANSION,,24.183127962085305,,19.86,24.82,29.46,23.53,32784.67,774.0,2813.1699999999983,9.386150176000529,24906.61,24906.61,516053.19,-56201.73,26391.3,0.014495,59.11,128,128,0,43.51,,
2026-07-10T12:10:52 ET,2026-07-10T12:10:00 ET,2026-07-10,Fri,1210ET,2026-07-13,29971.5,707.585,29987.6,NEAR_FLIP,EXPANSION,,24.183127962085305,,19.86,24.82,29.46,23.53,32821.69,775.0,2850.1900000000023,9.509667517474943,4844.9,4844.9,162912.42,-4475.61,4937.17,0.00225,17.85,30,30,0,27.030000000000005,,
2026-07-10T12:10:52 ET,2026-07-10T12:10:00 ET,2026-07-10,Fri,1210ET,2026-07-14,29971.5,707.585,29987.6,NEAR_FLIP,EXPANSION,,24.183127962085305,,19.86,24.82,29.46,23.53,32821.8,775.0,2850.300000000003,9.510034532806175,17671.95,17671.95,650689.27,-13622.03,18000.72,0.008234,71.27,109,109,0,24.66,,
2026-07-10T12:10:52 ET,2026-07-10T12:10:00 ET,2026-07-10,Fri,1210ET,2026-07-10,29971.5,707.585,29987.6,NEAR_FLIP,EXPANSION,,24.183127962085305,,19.86,24.82,29.46,23.53,32827.03,775.0,2855.529999999999,9.527484443554707,200939.6,200939.6,4237808.5,-461862.77,209157.02,0.100451,475.19,1181,1181,0,43.36,,
2026-07-10T12:10:52 ET,2026-07-10T12:10:00 ET,2026-07-10,Fri,1210ET,AGGREGATE,29971.5,707.585,29987.6,NEAR_FLIP,EXPANSION,,24.183127962085305,,19.86,24.82,29.46,23.53,27104.37,640.0,-2867.130000000001,-9.566187878484564,-482714.14,518858.45999999996,11480536.780000001,503716.6,1080823.95,1.6861050000000002,2977.79,794,30,764,41.95032745591939,,
2026-07-10T12:10:52 ET,2026-07-10T12:10:00 ET,2026-07-10,Fri,1210ET,AGGREGATE,29971.5,707.585,29987.6,NEAR_FLIP,EXPANSION,,24.183127962085305,,19.86,24.82,29.46,23.53,27104.45,640.0,-2867.0499999999993,-9.565920958243662,-295276.24,295276.24,7296963.05,239501.66,-650714.8,-1.408146,1960.05,385,0,385,40.43,,
2026-07-10T12:10:52 ET,2026-07-10T12:10:00 ET,2026-07-10,Fri,1210ET,AGGREGATE,29971.5,707.585,29987.6,NEAR_FLIP,EXPANSION,,24.183127962085305,,19.86,24.82,29.46,23.53,27108.77,640.0,-2862.7299999999996,-9.551507265235305,-920257.5499999999,928249.37,17109990.650000002,2259880.1,902952.8299999998,-0.20060900000000004,2723.0299999999997,3396,31,3365,53.654042991755006,,
2026-07-10T12:10:52 ET,2026-07-10T12:10:00 ET,2026-07-10,Fri,1210ET,AGGREGATE,29971.5,707.585,29987.6,NEAR_FLIP,EXPANSION,,24.183127962085305,,19.86,24.82,29.46,23.53,27316.12,645.0,-2655.380000000001,-8.85968336586424,-398427.28,441839.1,9156687.7,395863.0,1254659.59,2.403113,2419.3799999999997,561,30,531,40.019037433155084,,
2026-07-10T12:10:52 ET,2026-07-10T12:10:00 ET,2026-07-10,Fri,1210ET,AGGREGATE,29971.5,707.585,29987.6,NEAR_FLIP,EXPANSION,,24.183127962085305,,19.86,24.82,29.46,23.53,27316.21,645.0,-2655.290000000001,-8.859383080593233,-381608.99,381608.99,9075534.19,285589.89,-829787.53,-2.16334,2429.63,413,0,413,38.78,,
2026-07-10T12:10:52 ET,2026-07-10T12:10:00 ET,2026-07-10,Fri,1210ET,AGGREGATE,29971.5,707.585,29987.6,NEAR_FLIP,EXPANSION,,24.183127962085305,,19.86,24.82,29.46,23.53,27320.56,645.0,-2650.9399999999987,-8.844869292494533,-441666.75,445027.13,7983823.82,996911.8200000001,35561.929999999935,-0.251869,1239.19,1288,9,1279,50.943664596273294,,
2026-07-10T12:10:52 ET,2026-07-10T12:10:00 ET,2026-07-10,Fri,1210ET,AGGREGATE,29971.5,707.585,29987.6,NEAR_FLIP,EXPANSION,,24.183127962085305,,19.86,24.82,29.46,23.53,27527.87,650.0,-2443.630000000001,-8.153178853243919,-604557.3200000001,631152.02,13370950.62,518612.89999999997,-158589.20999999996,-0.6679270000000002,3299.5,654,15,639,38.21316513761468,,
2026-07-10T12:10:52 ET,2026-07-10T12:10:00 ET,2026-07-10,Fri,1210ET,AGGREGATE,29971.5,707.585,29987.6,NEAR_FLIP,EXPANSION,,24.183127962085305,,19.86,24.82,29.46,23.53,27527.96,650.0,-2443.540000000001,-8.152878567972909,-1078469.8,1080531.7,24476878.78,741403.8,-2264296.19,-7.233225,6611.0199999999995,957,1,956,37.26852664576803,,
2026-07-10T12:10:52 ET,2026-07-10T12:10:00 ET,2026-07-10,Fri,1210ET,AGGREGATE,29971.5,707.585,29987.6,NEAR_FLIP,EXPANSION,,24.183127962085305,,19.86,24.82,29.46,23.53,27532.35,650.0,-2439.1500000000015,-8.138231319753771,-2226435.6199999996,2254799.1,38318734.300000004,4615774.7299999995,562770.6699999999,-1.2694609999999997,6041.12,4737,51,4686,49.00692210259658,,
2026-07-10T12:10:52 ET,2026-07-10T12:10:00 ET,2026-07-10,Fri,1210ET,AGGREGATE,29971.5,707.585,29987.6,NEAR_FLIP,EXPANSION,,24.183127962085305,,19.86,24.82,29.46,23.53,27739.62,655.0,-2231.880000000001,-7.446674340623597,-976574.12,976574.12,20554407.83,730618.57,-1876185.85,-6.389766,4890.05,809,0,809,36.61,2.2787709859597456,PUT WALL + VOL SENSITIVE
2026-07-10T12:10:52 ET,2026-07-10T12:10:00 ET,2026-07-10,Fri,1210ET,AGGREGATE,29971.5,707.585,29987.6,NEAR_FLIP,EXPANSION,,24.183127962085305,,19.86,24.82,29.46,23.53,27739.71,655.0,-2231.790000000001,-7.446374055352588,-436130.66,438693.34,9381754.780000001,273910.69,-874447.12,-3.446759,2577.39,316,1,315,35.785601265822784,0.9849068235190742,PUT WALL + VOL SENSITIVE
2026-07-10T12:10:52 ET,2026-07-10T12:10:00 ET,2026-07-10,Fri,1210ET,AGGREGATE,29971.5,707.585,29987.6,NEAR_FLIP,EXPANSION,,24.183127962085305,,19.86,24.82,29.46,23.53,27744.13,655.0,-2227.369999999999,-7.431626712043105,-1060783.1,1087880.56,17140874.69,2022465.71,773358.1799999999,-0.15325500000000014,2819.9,1607,32,1575,47.39302426882389,2.962950537408075,PUT WALL + VOL SENSITIVE
2026-07-10T12:10:52 ET,2026-07-10T12:10:00 ET,2026-07-10,Fri,1210ET,AGGREGATE,29971.5,707.585,29987.6,NEAR_FLIP,EXPANSION,,24.183127962085305,,19.86,24.82,29.46,23.53,27951.38,660.0,-2020.119999999999,-6.740136462973155,-1158366.01,1186467.1700000002,22862645.62,801195.37,-1582171.0799999998,-7.099421000000001,5708.84,774,10,764,35.171007751937985,2.4521769809606764,PUT WALL + VOL SENSITIVE
2026-07-10T12:10:52 ET,2026-07-10T12:10:00 ET,2026-07-10,Fri,1210ET,AGGREGATE,29971.5,707.585,29987.6,NEAR_FLIP,EXPANSION,,24.183127962085305,,19.86,24.82,29.46,23.53,27951.47,660.0,-2020.0299999999988,-6.739836177702147,-1532981.15,1532981.15,30890240.85,863107.16,-3326666.04,-16.204002,8675.0,888,0,888,34.47,3.14613709399803,PUT WALL + VOL SENSITIVE
2026-07-10T12:10:52 ET,2026-07-10T12:10:00 ET,2026-07-10,Fri,1210ET,AGGREGATE,29971.5,707.585,29987.6,NEAR_FLIP,EXPANSION,,24.183127962085305,,19.86,24.82,29.46,23.53,27955.92,660.0,-2015.5800000000017,-6.724988739302343,-5685302.43,5783390.3100000005,86153613.33,9693878.09,-2703681.1099999994,-11.723231,14424.67,6087,75,6012,45.61578610152785,13.434364590565828,PUT WALL + VOL SENSITIVE
2026-07-10T12:10:52 ET,2026-07-10T12:10:00 ET,2026-07-10,Fri,1210ET,AGGREGATE,29971.5,707.585,29987.6,NEAR_FLIP,EXPANSION,,24.183127962085305,,19.86,24.82,29.46,23.53,27998.28,661.0,-1973.2200000000012,-6.583654471748164,-125896.81,125896.81,1885937.21,206472.34,-174582.32,-0.500331,311.29,124,0,124,45.23,0.28453103939471186,PUT WALL + VOL SENSITIVE
2026-07-10T12:10:52 ET,2026-07-10T12:10:00 ET,2026-07-10,Fri,1210ET,AGGREGATE,29971.5,707.585,29987.6,NEAR_FLIP,EXPANSION,,24.183127962085305,,19.86,24.82,29.46,23.53,28040.64,662.0,-1930.8600000000006,-6.442320204193987,-234152.56,234152.56,3501421.14,375525.98,-318661.99,-0.940254,567.18,224,0,224,44.32,0.5235131077798801,PUT WALL + VOL SENSITIVE
2026-07-10T12:10:52 ET,2026-07-10T12:10:00 ET,2026-07-10,Fri,1210ET,AGGREGATE,29971.5,707.585,29987.6,NEAR_FLIP,EXPANSION,,24.183127962085305,,19.86,24.82,29.46,23.53,28082.99,663.0,-1888.5099999999984,-6.301019301669915,-194150.17,194150.17,2852888.07,304416.69,-266162.16,-0.848047,467.71,172,0,172,44.07,0.41889153131056556,PUT WALL + VOL SENSITIVE
2026-07-10T12:10:52 ET,2026-07-10T12:10:00 ET,2026-07-10,Fri,1210ET,AGGREGATE,29971.5,707.585,29987.6,NEAR_FLIP,EXPANSION,,24.183127962085305,,19.86,24.82,29.46,23.53,28125.35,664.0,-1846.1500000000015,-6.159685034115748,-954236.3,954236.3,13674584.46,1462404.65,-1333906.96,-4.678261,2302.24,768,0,768,44.13,1.9801733094617402,PUT WALL + VOL SENSITIVE
2026-07-10T12:10:52 ET,2026-07-10T12:10:00 ET,2026-07-10,Fri,1210ET,AGGREGATE,29971.5,707.585,29987.6,NEAR_FLIP,EXPANSION,,24.183127962085305,,19.86,24.82,29.46,23.53,28163.13,665.0,-1808.369999999999,-6.033631950352832,-1392464.94,1399696.02,25899766.139999997,843701.33,-2527304.1799999997,-13.695905,6383.28,731,2,729,33.33696306429549,2.67347503543614,PUT WALL + VOL SENSITIVE
2026-07-10T12:10:52 ET,2026-07-10T12:10:00 ET,2026-07-10,Fri,1210ET,AGGREGATE,29971.5,707.585,29987.6,NEAR_FLIP,EXPANSION,,24.183127962085305,,19.86,24.82,29.46,23.53,28163.22,665.0,-1808.2799999999988,-6.033331665081824,-1649963.19,1649963.19,30626256.12,828335.99,-3658556.33,-22.352097,9041.61,762,0,762,33.38,3.0499336189254254,PUT WALL + VOL SENSITIVE
2026-07-10T12:10:52 ET,2026-07-10T12:10:00 ET,2026-07-10,Fri,1210ET,AGGREGATE,29971.5,707.585,29987.6,NEAR_FLIP,EXPANSION,,24.183127962085305,,19.86,24.82,29.46,23.53,28167.71,665.0,-1803.7900000000009,-6.01835076656157,-12791965.18,13094420.04,181282983.6,19598790.869999997,-7618680.840000002,-36.775774999999996,31129.53,10033,149,9884,43.478318548789,26.221813425511048,PUT WALL + VOL SENSITIVE
2026-07-10T12:10:52 ET,2026-07-10T12:10:00 ET,2026-07-10,Fri,1210ET,AGGREGATE,29971.5,707.585,29987.6,NEAR_FLIP,EXPANSION,,24.183127962085305,,19.86,24.82,29.46,23.53,28210.07,666.0,-1761.4300000000003,-5.877016499007391,-231512.3,231512.3,3238020.22,338278.32,-321603.28,-1.266049,545.24,166,0,166,43.08,0.45490547838690126,PUT WALL + VOL SENSITIVE
2026-07-10T12:10:52 ET,2026-07-10T12:10:00 ET,2026-07-10,Fri,1210ET,AGGREGATE,29971.5,707.585,29987.6,NEAR_FLIP,EXPANSION,,24.183127962085305,,19.86,24.82,29.46,23.53,28252.42,667.0,-1719.0800000000017,-5.735715596483332,-98269.75,98269.75,1336202.14,140163.52,-139655.16,-0.605287,232.13,64,0,64,43.2,0.1839747959776439,PUT WALL + VOL SENSITIVE
2026-07-10T12:10:52 ET,2026-07-10T12:10:00 ET,2026-07-10,Fri,1210ET,AGGREGATE,29971.5,707.585,29987.6,NEAR_FLIP,EXPANSION,,24.183127962085305,,19.86,24.82,29.46,23.53,28294.78,668.0,-1676.7200000000012,-5.594381328929153,-246400.57,246400.57,3330066.72,342620.95,-345021.99,-1.558231,570.79,154,0,154,42.37,0.4559738587236014,PUT WALL + VOL SENSITIVE
2026-07-10T12:10:52 ET,2026-07-10T12:10:00 ET,2026-07-10,Fri,1210ET,AGGREGATE,29971.5,707.585,29987.6,NEAR_FLIP,EXPANSION,,24.183127962085305,,19.86,24.82,29.46,23.53,28337.14,669.0,-1634.3600000000006,-5.453047061374975,-2504347.91,2504347.91,33216534.06,3394268.48,-3526523.14,-17.086388,5757.46,1459,0,1459,42.05,4.512494730755334,PUT WALL + VOL SENSITIVE
2026-07-10T12:10:52 ET,2026-07-10T12:10:00 ET,2026-07-10,Fri,1210ET,AGGREGATE,29971.5,707.585,29987.6,NEAR_FLIP,EXPANSION,,24.183127962085305,,19.86,24.82,29.46,23.53,28374.88,670.0,-1596.619999999999,-5.327127437732509,-3484428.77,3751915.85,58668607.330000006,1991902.47,-3345041.11,-25.002979,16573.489999999998,1511,57,1454,32.294169424222375,6.011187014909415,PUT WALL + VOL SENSITIVE
2026-07-10T12:10:52 ET,2026-07-10T12:10:00 ET,2026-07-10,Fri,1210ET,AGGREGATE,29971.5,707.585,29987.6,NEAR_FLIP,EXPANSION,,24.183127962085305,,19.86,24.82,29.46,23.53,28374.98,670.0,-1596.5200000000004,-5.326793787431395,-990486.2699999999,1314595.0499999998,16767829.01,580315.65,1539168.7800000003,10.384426999999999,6862.04,493,63,430,31.793651115618662,1.7648063083082939,PUT WALL + VOL SENSITIVE
2026-07-10T12:10:52 ET,2026-07-10T12:10:00 ET,2026-07-10,Fri,1210ET,AGGREGATE,29971.5,707.585,29987.6,NEAR_FLIP,EXPANSION,,24.183127962085305,,19.86,24.82,29.46,23.53,28379.5,670.0,-1592.0,-5.311712793820797,-15519369.97,16117714.290000001,201452388.07,21279783.69,-9298162.680000002,-58.684928,36753.8,8770,191,8579,41.689454960091226,27.508218117219034,PUT WALL + VOL SENSITIVE
2026-07-10T12:10:52 ET,2026-07-10T12:10:00 ET,2026-07-10,Fri,1210ET,AGGREGATE,29971.5,707.585,29987.6,NEAR_FLIP,EXPANSION,,24.183127962085305,,19.86,24.82,29.46,23.53,28421.85,671.0,-1549.6500000000015,-5.1704118912967365,-158965.4,158965.4,2032746.67,204291.75,-225502.89,-1.249205,358.87,81,0,81,41.28,0.26842181813403787,PUT WALL + VOL SENSITIVE
2026-07-10T12:10:52 ET,2026-07-10T12:10:00 ET,2026-07-10,Fri,1210ET,AGGREGATE,29971.5,707.585,29987.6,NEAR_FLIP,EXPANSION,,24.183127962085305,,19.86,24.82,29.46,23.53,28464.21,672.0,-1507.2900000000009,-5.029077623742558,-381805.3,381805.3,4718095.53,477607.48,-557339.32,-3.393536,866.74,177,0,177,41.51,0.6208331159586603,PUT WALL + VOL SENSITIVE
2026-07-10T12:10:52 ET,2026-07-10T12:10:00 ET,2026-07-10,Fri,1210ET,AGGREGATE,29971.5,707.585,29987.6,NEAR_FLIP,EXPANSION,,24.183127962085305,,19.86,24.82,29.46,23.53,28506.57,673.0,-1464.9300000000003,-4.8877433561883805,-5649358.9,5653392.66,67665189.94,6877677.44,-8369958.929999999,-55.488166,12856.23,2410,1,2409,41.568680497925314,8.874484175603788,PUT WALL + VOL SENSITIVE
2026-07-10T12:10:52 ET,2026-07-10T12:10:00 ET,2026-07-10,Fri,1210ET,AGGREGATE,29971.5,707.585,29987.6,NEAR_FLIP,EXPANSION,,24.183127962085305,,19.86,24.82,29.46,23.53,28548.92,674.0,-1422.5800000000017,-4.74644245366432,-1363514.96,1381036.46,16270928.32,1630583.34,-1729404.76,-12.063566,3057.31,568,4,564,40.47394366197183,2.1173567981187023,PUT WALL + VOL SENSITIVE
2026-07-10T12:10:52 ET,2026-07-10T12:10:00 ET,2026-07-10,Fri,1210ET,AGGREGATE,29971.5,707.585,29987.6,NEAR_FLIP,EXPANSION,,24.183127962085305,,19.86,24.82,29.46,23.53,28586.64,675.0,-1384.8600000000006,-4.62058956008208,-3427584.35,3647457.0900000003,52938890.32,1674434.95,-4613417.05,-41.36301900000001,15216.41,1164,36,1128,30.501855670103097,5.301196407552146,PUT WALL + VOL SENSITIVE
2026-07-10T12:10:52 ET,2026-07-10T12:10:00 ET,2026-07-10,Fri,1210ET,AGGREGATE,29971.5,707.585,29987.6,NEAR_FLIP,EXPANSION,,24.183127962085305,,19.86,24.82,29.46,23.53,28586.73,675.0,-1384.7700000000004,-4.620289274811072,-1240270.8699999999,1266266.57,18833818.95,482266.39999999997,-2662269.85,-25.171292,6445.160000000001,379,4,375,31.013957783641164,1.8414016255323213,PUT WALL + VOL SENSITIVE
2026-07-10T12:10:52 ET,2026-07-10T12:10:00 ET,2026-07-10,Fri,1210ET,AGGREGATE,29971.5,707.585,29987.6,NEAR_FLIP,EXPANSION,,24.183127962085305,,19.86,24.82,29.46,23.53,28591.28,675.0,-1380.2200000000012,-4.605108186110142,-22037998.45,22408627.51,256726038.23,25678783.74,-27421654.39,-205.298652,49254.62,8600,78,8522,40.18031860465117,33.24504043281753,PUT WALL + VOL SENSITIVE
2026-07-10T12:10:52 ET,2026-07-10T12:10:00 ET,2026-07-10,Fri,1210ET,AGGREGATE,29971.5,707.585,29987.6,NEAR_FLIP,EXPANSION,,24.183127962085305,,19.86,24.82,29.46,23.53,28633.64,676.0,-1337.8600000000006,-4.4637739185559635,-889715.83,889715.83,10102410.1,988719.53,-1323643.35,-10.453442,1945.01,318,0,318,39.96,1.290931262785645,PUT WALL + VOL SENSITIVE
2026-07-10T12:10:52 ET,2026-07-10T12:10:00 ET,2026-07-10,Fri,1210ET,AGGREGATE,29971.5,707.585,29987.6,NEAR_FLIP,EXPANSION,,24.183127962085305,,19.86,24.82,29.46,23.53,28676.0,677.0,-1295.5,-4.322439651001785,-364237.07999999996,436660.9,3962013.29,470219.57,257982.74,1.599831,953.0,145,13,132,39.8748275862069,0.5413130044499493,PUT WALL + VOL SENSITIVE
2026-07-10T12:10:52 ET,2026-07-10T12:10:00 ET,2026-07-10,Fri,1210ET,AGGREGATE,29971.5,707.585,29987.6,NEAR_FLIP,EXPANSION,,24.183127962085305,,19.86,24.82,29.46,23.53,28718.35,678.0,-1253.1500000000015,-4.181138748477725,-851968.19,936251.51,9116508.04,975489.1,-433645.33999999997,-4.478733,2020.81,292,14,278,39.4436301369863,1.191988480641187,PUT WALL + VOL SENSITIVE
2026-07-10T12:10:52 ET,2026-07-10T12:10:00 ET,2026-07-10,Fri,1210ET,AGGREGATE,29971.5,707.585,29987.6,NEAR_FLIP,EXPANSION,,24.183127962085305,,19.86,24.82,29.46,23.53,28760.71,679.0,-1210.7900000000009,-4.039804480923547,-946952.92,946952.92,9709883.26,954530.42,-1501875.72,-14.813485,2069.0,271,0,271,39.93,1.2326988614976113,PUT WALL + VOL SENSITIVE
2026-07-10T12:10:52 ET,2026-07-10T12:10:00 ET,2026-07-10,Fri,1210ET,AGGREGATE,29971.5,707.585,29987.6,NEAR_FLIP,EXPANSION,,24.183127962085305,,19.86,24.82,29.46,23.53,28798.39,680.0,-1173.1100000000006,-3.9140850474617572,-12160068.620000001,12603126.2,164877709.51000002,4883292.23,-21767189.369999997,-247.050883,50612.100000000006,3141,56,3085,29.364310729067178,16.3676937141034,PUT WALL + VOL SENSITIVE
2026-07-10T12:10:52 ET,2026-07-10T12:10:00 ET,2026-07-10,Fri,1210ET,AGGREGATE,29971.5,707.585,29987.6,NEAR_FLIP,EXPANSION,,24.183127962085305,,19.86,24.82,29.46,23.53,28798.48,680.0,-1173.0200000000004,-3.9137847621907493,-2268546.69,2830440.4499999997,30114593.589999996,907522.16,-1872720.46,-22.212832,13788.86,689,69,620,29.679811320754716,3.055560060846626,PUT WALL + VOL SENSITIVE
2026-07-10T12:10:52 ET,2026-07-10T12:10:00 ET,2026-07-10,Fri,1210ET,AGGREGATE,29971.5,707.585,29987.6,NEAR_FLIP,EXPANSION,,24.183127962085305,,19.86,24.82,29.46,23.53,28803.07,680.0,-1168.4300000000003,-3.8984702133693685,-33988884.04,35353620.220000006,345717269.7,34372769.160000004,-40878718.06,-426.7297,74983.65,9692,195,9497,38.75861328931077,44.02774111314227,PUT WALL + VOL SENSITIVE
2026-07-10T12:10:52 ET,2026-07-10T12:10:00 ET,2026-07-10,Fri,1210ET,AGGREGATE,29971.5,707.585,29987.6,NEAR_FLIP,EXPANSION,,24.183127962085305,,19.86,24.82,29.46,23.53,28845.43,681.0,-1126.0699999999997,-3.7571359458151905,-1583306.65,1583306.65,15610124.08,1484429.3,-2486120.56,-27.366883,3341.58,406,0,406,38.57,1.9587233728577138,PUT WALL + VOL SENSITIVE
2026-07-10T12:10:52 ET,2026-07-10T12:10:00 ET,2026-07-10,Fri,1210ET,AGGREGATE,29971.5,707.585,29987.6,NEAR_FLIP,EXPANSION,,24.183127962085305,,19.86,24.82,29.46,23.53,28887.78,682.0,-1083.7200000000012,-3.6158350432911304,-2128604.78,2128604.78,20374169.44,1921349.38,-3370589.93,-39.477327,4449.82,513,0,513,38.2,2.5515128583396596,PUT WALL + VOL SENSITIVE
2026-07-10T12:10:52 ET,2026-07-10T12:10:00 ET,2026-07-10,Fri,1210ET,AGGREGATE,29971.5,707.585,29987.6,NEAR_FLIP,EXPANSION,,24.183127962085305,,19.86,24.82,29.46,23.53,28930.14,683.0,-1041.3600000000006,-3.4745007757369524,-1859816.88,1859816.88,16785524.87,1615386.02,-3101613.39,-39.235022,3957.22,415,0,415,38.87,2.123873348827755,PUT WALL + VOL SENSITIVE
2026-07-10T12:10:52 ET,2026-07-10T12:10:00 ET,2026-07-10,Fri,1210ET,AGGREGATE,29971.5,707.585,29987.6,NEAR_FLIP,EXPANSION,,24.183127962085305,,19.86,24.82,29.46,23.53,28972.5,684.0,-999.0,-3.3331665081827735,-1883550.57,2031799.6500000001,16597691.870000001,1692847.66,-2226668.38,-29.995926,4232.5,430,16,414,38.05641860465116,2.1366341883981494,PUT WALL + VOL SENSITIVE
2026-07-10T12:10:52 ET,2026-07-10T12:10:00 ET,2026-07-10,Fri,1210ET,AGGREGATE,29971.5,707.585,29987.6,NEAR_FLIP,EXPANSION,,24.183127962085305,,19.86,24.82,29.46,23.53,29010.14,685.0,-961.3600000000006,-3.2075805348414343,-40935003.02,41228269.46,475337321.89,13020883.11,-85475040.55,-1222.5392410000002,158167.26,8133,29,8104,28.057967539653262,47.41390433022892,PUT WALL + VOL SENSITIVE
2026-07-10T12:10:52 ET,2026-07-10T12:10:00 ET,2026-07-10,Fri,1210ET,AGGREGATE,29971.5,707.585,29987.6,NEAR_FLIP,EXPANSION,,24.183127962085305,,19.86,24.82,29.46,23.53,29010.24,685.0,-961.2599999999984,-3.207246884540308,-3066157.1100000003,3237118.83,34711139.029999994,842762.31,-6920975.8,-97.79577400000001,15229.83,646,17,629,28.68078947368421,3.483855865715646,PUT WALL + VOL SENSITIVE
2026-07-10T12:10:52 ET,2026-07-10T12:10:00 ET,2026-07-10,Fri,1210ET,AGGREGATE,29971.5,707.585,29987.6,NEAR_FLIP,EXPANSION,,24.183127962085305,,19.86,24.82,29.46,23.53,29014.86,685.0,-956.6399999999994,-3.1918322406285955,-18535421.740000002,20256467.18,156415004.76,16170630.25,-21931683.32,-313.883793,42125.55,4031,174,3857,37.98525179856115,20.31597733864172,PUT WALL + VOL SENSITIVE
2026-07-10T12:10:52 ET,2026-07-10T12:10:00 ET,2026-07-10,Fri,1210ET,AGGREGATE,29971.5,707.585,29987.6,NEAR_FLIP,EXPANSION,,24.183127962085305,,19.86,24.82,29.46,23.53,29057.21,686.0,-914.2900000000009,-3.0505313381045354,-5238259.680000001,5575431.28,42915667.480000004,4254069.7,-7189834.78,-108.16672000000001,11427.01,1049,32,1017,37.438274547187795,5.52107848588022,PUT WALL + VOL SENSITIVE
2026-07-10T12:10:52 ET,2026-07-10T12:10:00 ET,2026-07-10,Fri,1210ET,AGGREGATE,29971.5,707.585,29987.6,NEAR_FLIP,EXPANSION,,24.183127962085305,,19.86,24.82,29.46,23.53,29099.57,687.0,-871.9300000000003,-2.909197070550357,-3685437.29,4099829.2699999996,29115467.5,2983617.1999999997,-4386760.350000001,-69.816287,8301.16,729,37,692,36.983964334705085,3.795416653444714,PUT WALL + VOL SENSITIVE
2026-07-10T12:10:52 ET,2026-07-10T12:10:00 ET,2026-07-10,Fri,1210ET,AGGREGATE,29971.5,707.585,29987.6,NEAR_FLIP,EXPANSION,,24.183127962085305,,19.86,24.82,29.46,23.53,29141.93,688.0,-829.5699999999997,-2.7678628029961785,-3707997.81,4016819.03,28067486.36,2781736.23,-5135969.66,-86.333448,8076.7,675,26,649,36.72881481481482,3.6492361653023844,PUT WALL + VOL SENSITIVE
2026-07-10T12:10:52 ET,2026-07-10T12:10:00 ET,2026-07-10,Fri,1210ET,AGGREGATE,29971.5,707.585,29987.6,NEAR_FLIP,EXPANSION,,24.183127962085305,,19.86,24.82,29.46,23.53,29184.29,689.0,-787.2099999999991,-2.6265285354420005,-3462947.96,4015906.1399999997,24556379.64,2640148.23,-4148614.32,-73.604624,8145.110000000001,639,44,595,37.04045383411581,3.3060385351755794,PUT WALL + VOL SENSITIVE
2026-07-10T12:10:52 ET,2026-07-10T12:10:00 ET,2026-07-10,Fri,1210ET,AGGREGATE,29971.5,707.585,29987.6,NEAR_FLIP,EXPANSION,,24.183127962085305,,19.86,24.82,29.46,23.53,29221.89,690.0,-749.6100000000006,-2.501076022221112,-5121053.02,5512616.48,48044374.23,1345208.8900000001,-10276599.88,-182.567709,20337.31,875,31,844,26.985474285714286,5.003504051289845,PUT WALL + VOL SENSITIVE
2026-07-10T12:10:52 ET,2026-07-10T12:10:00 ET,2026-07-10,Fri,1210ET,AGGREGATE,29971.5,707.585,29987.6,NEAR_FLIP,EXPANSION,,24.183127962085305,,19.86,24.82,29.46,23.53,29221.99,690.0,-749.5099999999984,-2.5007423719199853,-4255001.529999999,4716875.91,38471922.21,944298.9700000001,-10009750.94,-168.359841,21555.61,788,38,750,27.87406091370558,4.0691870733911975,PUT WALL + VOL SENSITIVE
2026-07-10T12:10:52 ET,2026-07-10T12:10:00 ET,2026-07-10,Fri,1210ET,AGGREGATE,29971.5,707.585,29987.6,NEAR_FLIP,EXPANSION,,24.183127962085305,,19.86,24.82,29.46,23.53,29226.64,690.0,-744.8600000000006,-2.4852276329179404,-66627026.43000001,70049295.93,457684138.61,43556024.01,-108121496.11,-2023.879096,139210.31,10563,258,10305,36.2926725362113,60.0208029448636,PUT WALL + VOL SENSITIVE
2026-07-10T12:10:52 ET,2026-07-10T12:10:00 ET,2026-07-10,Fri,1210ET,AGGREGATE,29971.5,707.585,29987.6,NEAR_FLIP,EXPANSION,,24.183127962085305,,19.86,24.82,29.46,23.53,29264.25,691.0,-707.25,-2.359741754666934,-1436312.95,1515256.1700000002,12510214.09,347801.01,-3164551.89,-57.971349,5669.81,233,6,227,27.374763948497854,1.3260269360304797,PUT WALL + VOL SENSITIVE
2026-07-10T12:10:52 ET,2026-07-10T12:10:00 ET,2026-07-10,Fri,1210ET,AGGREGATE,29971.5,707.585,29987.6,NEAR_FLIP,EXPANSION,,24.183127962085305,,19.86,24.82,29.46,23.53,29264.34,691.0,-707.1599999999999,-2.3594414693959256,-2200973.6300000004,2276473.85,19052662.62,428406.24,-5751741.99,-100.559398,10284.16,367,6,361,27.554468664850134,2.0144345483809136,PUT WALL + VOL SENSITIVE
2026-07-10T12:10:52 ET,2026-07-10T12:10:00 ET,2026-07-10,Fri,1210ET,AGGREGATE,29971.5,707.585,29987.6,NEAR_FLIP,EXPANSION,,24.183127962085305,,19.86,24.82,29.46,23.53,29269.0,691.0,-702.5,-2.3438933653637624,-5035779.17,5817866.43,32841885.819999997,3410711.2800000003,-6718299.81,-132.461726,11472.98,833,56,777,36.011932773109244,4.452457886907727,PUT WALL + VOL SENSITIVE
2026-07-10T12:10:52 ET,2026-07-10T12:10:00 ET,2026-07-10,Fri,1210ET,AGGREGATE,29971.5,707.585,29987.6,NEAR_FLIP,EXPANSION,,24.183127962085305,,19.86,24.82,29.46,23.53,29306.6,692.0,-664.9000000000015,-2.218440852142874,-1344771.94,1399515.3399999999,11376753.67,301231.88,-2975816.08,-57.304017,5079.0199999999995,205,4,201,26.55414634146341,1.205545551390913,PUT WALL + VOL SENSITIVE
2026-07-10T12:10:52 ET,2026-07-10T12:10:00 ET,2026-07-10,Fri,1210ET,AGGREGATE,29971.5,707.585,29987.6,NEAR_FLIP,EXPANSION,,24.183127962085305,,19.86,24.82,29.46,23.53,29306.69,692.0,-664.8100000000013,-2.218140566871866,-1469597.98,1534655.3399999999,12085394.95,270417.69,-3849222.63,-69.653916,6858.71,239,5,234,27.263054393305442,1.294994777575056,PUT WALL + VOL SENSITIVE
2026-07-10T12:10:52 ET,2026-07-10T12:10:00 ET,2026-07-10,Fri,1210ET,AGGREGATE,29971.5,707.585,29987.6,NEAR_FLIP,EXPANSION,,24.183127962085305,,19.86,24.82,29.46,23.53,29311.36,692.0,-660.1399999999994,-2.202559097809584,-10799343.0,11195339.719999999,64458530.54,6165724.67,-20012967.55,-410.616536,22617.34,1539,27,1512,36.890701754385965,8.77730573654232,PUT WALL + VOL SENSITIVE
2026-07-10T12:10:52 ET,2026-07-10T12:10:00 ET,2026-07-10,Fri,1210ET,AGGREGATE,29971.5,707.585,29987.6,NEAR_FLIP,EXPANSION,,24.183127962085305,,19.86,24.82,29.46,23.53,29348.95,693.0,-622.5499999999993,-2.077139949618802,-1868391.3099999998,1925248.97,14518827.049999999,386403.0,-4435433.05,-87.522224,7109.12,275,4,271,27.026327272727272,1.5800316621474846,PUT WALL + VOL SENSITIVE
2026-07-10T12:10:52 ET,2026-07-10T12:10:00 ET,2026-07-10,Fri,1210ET,AGGREGATE,29971.5,707.585,29987.6,NEAR_FLIP,EXPANSION,,24.183127962085305,,19.86,24.82,29.46,23.53,29349.04,693.0,-622.4599999999991,-2.076839664347794,-2932517.36,2932517.36,22985677.24,481678.01,-8053363.68,-151.444833,12894.83,440,0,440,26.83,2.479523115013124,PUT WALL + VOL SENSITIVE
2026-07-10T12:10:52 ET,2026-07-10T12:10:00 ET,2026-07-10,Fri,1210ET,AGGREGATE,29971.5,707.585,29987.6,NEAR_FLIP,EXPANSION,,24.183127962085305,,19.86,24.82,29.46,23.53,29353.72,693.0,-617.7799999999988,-2.0612248302554055,-46527044.59,48385848.31,267665177.20000002,24914344.2,-85089369.21,-1844.32445,94964.18000000001,6301,121,6180,35.83788763688303,36.52573277083841,PUT WALL + VOL SENSITIVE
2026-07-10T12:10:52 ET,2026-07-10T12:10:00 ET,2026-07-10,Fri,1210ET,AGGREGATE,29971.5,707.585,29987.6,NEAR_FLIP,EXPANSION,,24.183127962085305,,19.86,24.82,29.46,23.53,29391.3,694.0,-580.2000000000007,-1.9358390470947424,-3059228.7100000004,3073968.77,22905804.25,573039.64,-7343042.2,-152.35,10999.099999999999,418,1,417,26.18942583732058,2.499165062741996,PUT WALL + VOL SENSITIVE
2026-07-10T12:10:52 ET,2026-07-10T12:10:00 ET,2026-07-10,Fri,1210ET,AGGREGATE,29971.5,707.585,29987.6,NEAR_FLIP,EXPANSION,,24.183127962085305,,19.86,24.82,29.46,23.53,29391.39,694.0,-580.1100000000006,-1.9355387618237345,-606500.45,606500.45,4398418.05,92279.7,-1723457.13,-33.138347,2684.03,89,0,89,27.010000000000005,0.48539777701506936,PUT WALL + VOL SENSITIVE
2026-07-10T12:10:52 ET,2026-07-10T12:10:00 ET,2026-07-10,Fri,1210ET,AGGREGATE,29971.5,707.585,29987.6,NEAR_FLIP,EXPANSION,,24.183127962085305,,19.86,24.82,29.46,23.53,29396.07,694.0,-575.4300000000003,-1.9199239277313458,-9766864.15,11114835.709999999,53174395.63,5325019.47,-15771390.09,-359.785079,21485.890000000003,1378,84,1294,35.30194484760523,7.4988786491587165,PUT WALL + VOL SENSITIVE
2026-07-10T12:10:52 ET,2026-07-10T12:10:00 ET,2026-07-10,Fri,1210ET,AGGREGATE,29971.5,707.585,29987.6,NEAR_FLIP,EXPANSION,,24.183127962085305,,19.86,24.82,29.46,23.53,29433.65,695.0,-537.8499999999985,-1.7945381445706707,-12543051.76,12863505.979999999,86167161.10000001,2211403.08,-30818763.41,-655.235522,46442.270000000004,1706,21,1685,26.432121922626028,9.711536724801038,PUT WALL + VOL SENSITIVE
2026-07-10T12:10:52 ET,2026-07-10T12:10:00 ET,2026-07-10,Fri,1210ET,AGGREGATE,29971.5,707.585,29987.6,NEAR_FLIP,EXPANSION,,24.183127962085305,,19.86,24.82,29.46,23.53,29433.74,695.0,-537.7599999999984,-1.7942378592996626,-4977833.130000001,5562997.25,33001750.75,779236.4299999999,-13478688.79,-262.54891,24803.03,801,41,760,27.21601747815231,3.83316598964918,PUT WALL + VOL SENSITIVE
2026-07-10T12:10:52 ET,2026-07-10T12:10:00 ET,2026-07-10,Fri,1210ET,AGGREGATE,29971.5,707.585,29987.6,NEAR_FLIP,EXPANSION,,24.183127962085305,,19.86,24.82,29.46,23.53,29438.43,695.0,-533.0699999999997,-1.7785896601771674,-39090073.98,43386385.339999996,193736578.05,19225113.029999997,-71022145.89999999,-1671.0800169999998,85034.98,5202,257,4945,35.7886370626682,28.149122881199112,PUT WALL + VOL SENSITIVE
2026-07-10T12:10:52 ET,2026-07-10T12:10:00 ET,2026-07-10,Fri,1210ET,AGGREGATE,29971.5,707.585,29987.6,NEAR_FLIP,EXPANSION,,24.183127962085305,,19.86,24.82,29.46,23.53,29476.0,696.0,-495.5,-1.653237242046611,-1731690.8399999999,1984013.46,11213481.25,312722.54,-3841581.4000000004,-85.29249200000001,7002.92,252,16,236,25.83730158730159,1.301085390130106,PUT WALL + VOL SENSITIVE
2026-07-10T12:10:52 ET,2026-07-10T12:10:00 ET,2026-07-10,Fri,1210ET,AGGREGATE,29971.5,707.585,29987.6,NEAR_FLIP,EXPANSION,,24.183127962085305,,19.86,24.82,29.46,23.53,29476.09,696.0,-495.40999999999985,-1.6529369567756032,-1327706.95,1327706.95,8338348.03,170166.94,-3902709.88,-79.458417,5794.38,184,0,184,26.65,0.9674806174767995,PUT WALL + VOL SENSITIVE
2026-07-10T12:10:52 ET,2026-07-10T12:10:00 ET,2026-07-10,Fri,1210ET,AGGREGATE,29971.5,707.585,29987.6,NEAR_FLIP,EXPANSION,,24.183127962085305,,19.86,24.82,29.46,23.53,29480.79,696.0,-490.7099999999991,-1.637255392622989,-2848429.6599999997,7624173.779999999,13391130.739999998,3105018.0100000002,3629449.9399999995,86.72411200000005,14702.27,873,275,598,35.20545246277205,2.7812680207030667,PUT WALL + VOL SENSITIVE
2026-07-10T12:10:52 ET,2026-07-10T12:10:00 ET,2026-07-10,Fri,1210ET,AGGREGATE,29971.5,707.585,29987.6,NEAR_FLIP,EXPANSION,,24.183127962085305,,19.86,24.82,29.46,23.53,29518.35,697.0,-453.15000000000146,-1.5119363395225511,-1970871.58,1970871.58,11802085.16,282174.12,-5026601.62,-115.49677,6890.13,242,0,242,25.6,1.382035565772808,PUT WALL + VOL SENSITIVE
2026-07-10T12:10:52 ET,2026-07-10T12:10:00 ET,2026-07-10,Fri,1210ET,AGGREGATE,29971.5,707.585,29987.6,NEAR_FLIP,EXPANSION,,24.183127962085305,,19.86,24.82,29.46,23.53,29518.44,697.0,-453.0600000000013,-1.5116360542515435,-2221224.89,2281512.0900000003,12657325.32,264854.73,-6660696.899999999,-137.709715,10018.18,311,4,307,26.81623794212219,1.533286138144543,PUT WALL + VOL SENSITIVE
2026-07-10T12:10:52 ET,2026-07-10T12:10:00 ET,2026-07-10,Fri,1210ET,AGGREGATE,29971.5,707.585,29987.6,NEAR_FLIP,EXPANSION,,24.183127962085305,,19.86,24.82,29.46,23.53,29523.15,697.0,-448.34999999999854,-1.4959211250688105,-11921060.77,14745399.129999999,50554015.18,5470100.52,-20520018.009999998,-525.589649,28415.71,1630,157,1473,35.186006134969325,7.93972342721377,PUT WALL + VOL SENSITIVE
2026-07-10T12:10:52 ET,2026-07-10T12:10:00 ET,2026-07-10,Fri,1210ET,AGGREGATE,29971.5,707.585,29987.6,NEAR_FLIP,EXPANSION,,24.183127962085305,,19.86,24.82,29.46,23.53,29560.7,698.0,-410.7999999999993,-1.3706354369984795,-2093910.4899999998,2194407.61,11477236.48,282589.1,-5278001.569999999,-125.23785699999999,7603.14,261,6,255,25.38,1.3965837064790152,PUT WALL + VOL SENSITIVE
2026-07-10T12:10:52 ET,2026-07-10T12:10:00 ET,2026-07-10,Fri,1210ET,AGGREGATE,29971.5,707.585,29987.6,NEAR_FLIP,EXPANSION,,24.183127962085305,,19.86,24.82,29.46,23.53,29560.8,698.0,-410.7000000000007,-1.3703017866973648,-2106566.1999999997,2199279.94,11079756.84,229170.49,-6307245.92,-134.790507,9494.300000000001,290,6,284,26.36427586206897,1.3856677476198707,PUT WALL + VOL SENSITIVE
2026-07-10T12:10:52 ET,2026-07-10T12:10:00 ET,2026-07-10,Fri,1210ET,AGGREGATE,29971.5,707.585,29987.6,NEAR_FLIP,EXPANSION,,24.183127962085305,,19.86,24.82,29.46,23.53,29565.5,698.0,-406.0,-1.3546202225447508,-11019412.799999999,17058237.08,41487988.410000004,5708432.24,-15468403.86,-401.864328,33273.26,1843,325,1518,35.61709712425393,7.3150064465607025,PUT WALL + VOL SENSITIVE
2026-07-10T12:10:52 ET,2026-07-10T12:10:00 ET,2026-07-10,Fri,1210ET,AGGREGATE,29971.5,707.585,29987.6,NEAR_FLIP,EXPANSION,,24.183127962085305,,19.86,24.82,29.46,23.53,29603.05,699.0,-368.4500000000007,-1.2293345344744198,-1504575.2999999998,3174061.58,7352692.34,363287.32,-1639982.58,-39.725939999999994,10998.19,369,97,272,25.360569105691056,1.06383319653235,PUT WALL + VOL SENSITIVE
2026-07-10T12:10:52 ET,2026-07-10T12:10:00 ET,2026-07-10,Fri,1210ET,AGGREGATE,29971.5,707.585,29987.6,NEAR_FLIP,EXPANSION,,24.183127962085305,,19.86,24.82,29.46,23.53,29603.15,699.0,-368.34999999999854,-1.2290008841732931,-865438.16,960338.2999999999,4043759.35,88495.78,-2621084.92,-56.545733000000006,4170.81,125,6,119,26.52768,0.5371772652821614,PUT WALL + VOL SENSITIVE
2026-07-10T12:10:52 ET,2026-07-10T12:10:00 ET,2026-07-10,Fri,1210ET,AGGREGATE,29971.5,707.585,29987.6,NEAR_FLIP,EXPANSION,,24.183127962085305,,19.86,24.82,29.46,23.53,29607.86,699.0,-363.6399999999994,-1.2132859549905723,-9223791.149999999,14084281.59,32506754.84,4204808.18,-13681389.729999999,-384.254925,26682.64,1447,254,1193,34.59447131997236,5.792862032357358,PUT WALL + VOL SENSITIVE
2026-07-10T12:10:52 ET,2026-07-10T12:10:00 ET,2026-07-10,Fri,1210ET,AGGREGATE,29971.5,707.585,29987.6,NEAR_FLIP,EXPANSION,,24.183127962085305,,19.86,24.82,29.46,23.53,29645.4,700.0,-326.09999999999854,-1.088033631950348,-16024444.88,18407093.080000002,71312792.96000001,1840566.49,-40222762.56999999,-1015.172223,62604.89,2063,135,1928,24.91439650993698,9.588177206703852,PUT WALL + VOL SENSITIVE
2026-07-10T12:10:52 ET,2026-07-10T12:10:00 ET,2026-07-10,Fri,1210ET,AGGREGATE,29971.5,707.585,29987.6,NEAR_FLIP,EXPANSION,,24.183127962085305,,19.86,24.82,29.46,23.53,29645.5,700.0,-326.0,-1.0876999816492334,-18772653.52,20647505.2,79324300.39,1657702.58,-57732201.269999996,-1288.0787559999999,88110.98,2604,116,2488,26.07703533026114,11.034372997041878,PUT WALL + VOL SENSITIVE
2026-07-10T12:10:52 ET,2026-07-10T12:10:00 ET,2026-07-10,Fri,1210ET,AGGREGATE,29971.5,707.585,29987.6,NEAR_FLIP,EXPANSION,,24.183127962085305,,19.86,24.82,29.46,23.53,29650.22,700.0,-321.27999999999884,-1.0719516874363941,-177954115.52,217447942.72,558233251.87,57018330.65,-356536917.79,-10267.789216,406865.21,21540,2010,19530,34.17197771587744,98.7756350975279,PUT WALL + VOL SENSITIVE
2026-07-10T12:10:52 ET,2026-07-10T12:10:00 ET,2026-07-10,Fri,1210ET,AGGREGATE,29971.5,707.585,29987.6,NEAR_FLIP,EXPANSION,,24.183127962085305,,19.86,24.82,29.46,23.53,29687.75,701.0,-283.75,-0.9467327294262883,-1267828.9599999997,3651736.5999999996,4628738.0,312310.41,-1116186.4899999993,-25.4315,12679.25,409,132,277,25.409902200488997,0.8516259041831514,PUT WALL + VOL SENSITIVE
2026-07-10T12:10:52 ET,2026-07-10T12:10:00 ET,2026-07-10,Fri,1210ET,AGGREGATE,29971.5,707.585,29987.6,NEAR_FLIP,EXPANSION,,24.183127962085305,,19.86,24.82,29.46,23.53,29687.85,701.0,-283.65000000000146,-0.9463990791251738,-616322.1900000001,847144.11,2291816.2,57987.369999999995,-1749717.0699999998,-39.93941,3566.69,104,14,90,25.72596153846154,0.3506788965335208,PUT WALL + VOL SENSITIVE
2026-07-10T12:10:52 ET,2026-07-10T12:10:00 ET,2026-07-10,Fri,1210ET,AGGREGATE,29971.5,707.585,29987.6,NEAR_FLIP,EXPANSION,,24.183127962085305,,19.86,24.82,29.46,23.53,29692.58,701.0,-278.91999999999825,-0.9306174198822156,-7609501.02,13462903.64,21123119.729999997,3040399.62,-11373971.680000002,-349.75289000000004,25137.48,1300,291,1009,34.102338461538466,4.3783641573047465,PUT WALL + VOL SENSITIVE
2026-07-10T12:10:52 ET,2026-07-10T12:10:00 ET,2026-07-10,Fri,1210ET,AGGREGATE,29971.5,707.585,29987.6,NEAR_FLIP,EXPANSION,,24.183127962085305,,19.86,24.82,29.46,23.53,29730.1,702.0,-241.40000000000146,-0.8054318269022287,-444324.25,5146385.59,1528077.1800000006,366995.61,3285850.8600000003,82.56563700000001,17410.02,554,255,299,24.74586642599278,0.7197528698619764,PUT WALL + VOL SENSITIVE
2026-07-10T12:10:52 ET,2026-07-10T12:10:00 ET,2026-07-10,Fri,1210ET,AGGREGATE,29971.5,707.585,29987.6,NEAR_FLIP,EXPANSION,,24.183127962085305,,19.86,24.82,29.46,23.53,29730.2,702.0,-241.29999999999927,-0.805098176601102,-1626568.0699999998,1794453.23,5197428.63,101271.83,-5263894.21,-122.569719,7540.81,217,10,207,25.692811059907836,0.8331613101211357,PUT WALL + VOL SENSITIVE
2026-07-10T12:10:52 ET,2026-07-10T12:10:00 ET,2026-07-10,Fri,1210ET,AGGREGATE,29971.5,707.585,29987.6,NEAR_FLIP,EXPANSION,,24.183127962085305,,19.86,24.82,29.46,23.53,29734.93,702.0,-236.5699999999997,-0.789316517358156,-11200283.5,32633216.9,25480640.15,6170563.95,-8811858.850000001,-278.2184619999998,62303.89,3149,1044,2105,34.85913623372499,7.162604831267356,PUT WALL + VOL SENSITIVE
2026-07-10T12:10:52 ET,2026-07-10T12:10:00 ET,2026-07-10,Fri,1210ET,AGGREGATE,29971.5,707.585,29987.6,NEAR_FLIP,EXPANSION,,24.183127962085305,,19.86,24.82,29.46,23.53,29772.45,703.0,-199.04999999999927,-0.6641309243781568,-1174209.25,5532157.03,3269806.9899999993,314471.9,62638.32999999821,-1.3202150000000188,18646.370000000003,585,232,353,24.66948717948718,0.8482802743862256,PUT WALL + VOL SENSITIVE
2026-07-10T12:10:52 ET,2026-07-10T12:10:00 ET,2026-07-10,Fri,1210ET,AGGREGATE,29971.5,707.585,29987.6,NEAR_FLIP,EXPANSION,,24.183127962085305,,19.86,24.82,29.46,23.53,29772.55,703.0,-198.95000000000073,-0.6637972740770424,-680713.4100000001,1926371.29,1711132.9699999997,85929.48,-1426447.6600000001,-31.421357999999998,8082.91,230,73,157,25.624347826086957,0.4055692430308659,PUT WALL + VOL SENSITIVE
2026-07-10T12:10:52 ET,2026-07-10T12:10:00 ET,2026-07-10,Fri,1210ET,AGGREGATE,29971.5,707.585,29987.6,NEAR_FLIP,EXPANSION,,24.183127962085305,,19.86,24.82,29.46,23.53,29777.29,703.0,-194.20999999999913,-0.6479822498039776,-15222744.21,26085090.57,29819736.52,3988346.73,-29221130.080000002,-941.175909,48149.34,2399,520,1879,33.722330137557314,7.429651144320748,PUT WALL
2026-07-10T12:10:52 ET,2026-07-10T12:10:00 ET,2026-07-10,Fri,1210ET,AGGREGATE,29971.5,707.585,29987.6,NEAR_FLIP,EXPANSION,,24.183127962085305,,19.86,24.82,29.46,23.53,29814.8,704.0,-156.70000000000073,-0.5228300218540972,-3076932.99,3573294.21,6934665.91,151581.93,-8861878.399999999,-245.228714,11797.51,366,26,340,24.222677595628415,1.3515716791198047,PUT WALL + VOL SENSITIVE
2026-07-10T12:10:52 ET,2026-07-10T12:10:00 ET,2026-07-10,Fri,1210ET,AGGREGATE,29971.5,707.585,29987.6,NEAR_FLIP,EXPANSION,,24.183127962085305,,19.86,24.82,29.46,23.53,29814.9,704.0,-156.59999999999854,-0.5224963715529705,-25689619.26,27091795.2,55181447.529999994,885249.87,-88257571.73,-2139.41201,111782.45999999999,3152,81,3071,25.250748730964467,11.165306823331681,PUT WALL + VOL SENSITIVE
2026-07-10T12:10:52 ET,2026-07-10T12:10:00 ET,2026-07-10,Fri,1210ET,AGGREGATE,29971.5,707.585,29987.6,NEAR_FLIP,EXPANSION,,24.183127962085305,,19.86,24.82,29.46,23.53,29819.65,704.0,-151.84999999999854,-0.5066479822497991,-4826533.630000001,9573028.77,7509178.72,1114160.9100000001,-9282166.149999999,-311.00637500000005,17612.74,865,224,641,33.62050867052023,2.265212429873833,PUT WALL
2026-07-10T12:10:52 ET,2026-07-10T12:10:00 ET,2026-07-10,Fri,1210ET,AGGREGATE,29971.5,707.585,29987.6,NEAR_FLIP,EXPANSION,,24.183127962085305,,19.86,24.82,29.46,23.53,29857.15,705.0,-114.34999999999854,-0.38152911933002537,-34407540.58,39052941.78,57763430.7,1095252.15,-103771320.92,-2909.722968,128381.01,3944,240,3704,24.126774847870188,13.680751310510908,PUT WALL
2026-07-10T12:10:52 ET,2026-07-10T12:10:00 ET,2026-07-10,Fri,1210ET,AGGREGATE,29971.5,707.585,29987.6,NEAR_FLIP,EXPANSION,,24.183127962085305,,19.86,24.82,29.46,23.53,29857.25,705.0,-114.25,-0.3811954690289108,-22578609.36,26417090.68,36146186.83,550055.61,-78483624.22,-1928.703393,108293.62999999999,3030,219,2811,25.08687128712871,9.136942785674654,PUT WALL
2026-07-10T12:10:52 ET,2026-07-10T12:10:00 ET,2026-07-10,Fri,1210ET,AGGREGATE,29971.5,707.585,29987.6,NEAR_FLIP,EXPANSION,,24.183127962085305,,19.86,24.82,29.46,23.53,29862.01,705.0,-109.4900000000016,-0.36531371469563284,-27957729.549999997,68050231.77,32285772.06,5436153.67,-52982566.70999999,-1876.1355529999996,124684.01000000001,6055,1871,4184,33.49070189925681,12.886025368069765,PUT WALL
2026-07-10T12:10:52 ET,2026-07-10T12:10:00 ET,2026-07-10,Fri,1210ET,AGGREGATE,29971.5,707.585,29987.6,NEAR_FLIP,EXPANSION,,24.183127962085305,,19.86,24.82,29.46,23.53,29899.5,706.0,-72.0,-0.24022821680596568,-3792689.5300000003,6161420.55,4014507.56,83414.45000000001,-11635650.3,-320.861604,20664.64,630,121,509,24.6015873015873,1.4718805495636211,PUT WALL
2026-07-10T12:10:52 ET,2026-07-10T12:10:00 ET,2026-07-10,Fri,1210ET,AGGREGATE,29971.5,707.585,29987.6,NEAR_FLIP,EXPANSION,,24.183127962085305,,19.86,24.82,29.46,23.53,29899.6,706.0,-71.90000000000146,-0.23989456650485114,144681.21999999997,3751786.34,-196271.57999999984,34120.79,1924154.9500000002,48.350340999999986,15243.91,424,220,204,24.79547169811321,0.37945954515943753,CALL WALL
2026-07-10T12:10:52 ET,2026-07-10T12:10:00 ET,2026-07-10,Fri,1210ET,AGGREGATE,29971.5,707.585,29987.6,NEAR_FLIP,EXPANSION,,24.183127962085305,,19.86,24.82,29.46,23.53,29904.36,706.0,-67.13999999999942,-0.22401281217156102,1937284.2999999989,23229946.939999998,-1074203.71,993843.7,13541448.030000001,395.4902609999999,44299.28,2133,1165,968,34.80493670886076,2.434479736216737,CALL WALL
2026-07-10T12:10:52 ET,2026-07-10T12:10:00 ET,2026-07-10,Fri,1210ET,AGGREGATE,29971.5,707.585,29987.6,NEAR_FLIP,EXPANSION,,24.183127962085305,,19.86,24.82,29.46,23.53,29941.85,707.0,-29.650000000001455,-0.09892731428190599,-599307.8300000001,3739470.49,347917.26,-2253.6800000000003,-1136491.58,-38.824596000000014,12226.02,371,159,212,23.95714285714286,0.38587359453640496,PUT WALL
2026-07-10T12:10:52 ET,2026-07-10T12:10:00 ET,2026-07-10,Fri,1210ET,AGGREGATE,29971.5,707.585,29987.6,NEAR_FLIP,EXPANSION,,24.183127962085305,,19.86,24.82,29.46,23.53,29941.95,707.0,-29.549999999999272,-0.0985936639807793,737074.23,4871159.1899999995,-389480.68999999994,-13396.59,4040358.9000000004,100.57129999999998,19639.47,544,314,230,24.591139705882355,0.5878848406570303,CALL WALL
2026-07-10T12:10:52 ET,2026-07-10T12:10:00 ET,2026-07-10,Fri,1210ET,AGGREGATE,29971.5,707.585,29987.6,NEAR_FLIP,EXPANSION,,24.183127962085305,,19.86,24.82,29.46,23.53,29946.72,707.0,-24.779999999998836,-0.08267854461738264,-26402420.08,37149459.78,6685382.07,265004.02,-72679429.18,-2471.6356880000003,66462.89,3186,495,2691,32.71725988700565,8.119728898404697,PUT WALL
2026-07-10T12:10:52 ET,2026-07-10T12:10:00 ET,2026-07-10,Fri,1210ET,AGGREGATE,29971.5,707.585,29987.6,NEAR_FLIP,EXPANSION,,24.183127962085305,,19.86,24.82,29.46,23.53,29984.21,708.0,12.709999999999127,0.04240695327227242,-903515.1000000001,4225117.9,-62337.229999999996,-63541.46000000001,-2946054.4699999997,-83.46079599999999,13940.310000000001,422,166,256,24.183127962085305,0.4965685688648446,PUT WALL
2026-07-10T12:10:52 ET,2026-07-10T12:10:00 ET,2026-07-10,Fri,1210ET,AGGREGATE,29971.5,707.585,29987.6,NEAR_FLIP,EXPANSION,,24.183127962085305,,19.86,24.82,29.46,23.53,29984.3,708.0,12.799999999999272,0.04270723854328036,-1525479.6400000001,3207849.8400000003,-83409.95000000001,-46994.96,-5604040.38,-146.36832199999998,12916.880000000001,357,96,261,24.639411764705883,0.5793270448733996,PUT WALL
2026-07-10T12:10:52 ET,2026-07-10T12:10:00 ET,2026-07-10,Fri,1210ET,AGGREGATE,29971.5,707.585,29987.6,NEAR_FLIP,EXPANSION,,24.183127962085305,,19.86,24.82,29.46,23.53,29989.08,708.0,17.580000000001746,0.05865572293679578,695694.3500000015,38478717.71,141316.22999999998,-1172655.4300000002,2890034.9399999976,69.12314400000014,74094.44,3546,1814,1732,35.15300620417372,2.947080484691247,CALL WALL
2026-07-10T12:10:52 ET,2026-07-10T12:10:00 ET,2026-07-10,Fri,1210ET,AGGREGATE,29971.5,707.585,29987.6,NEAR_FLIP,EXPANSION,,24.183127962085305,,19.86,24.82,29.46,23.53,30026.56,709.0,55.06000000000131,0.18370785579634422,-227588.1299999999,5767513.41,-146657.96999999997,-169841.33000000002,-1008578.2200000007,-36.12026500000002,19190.84,581,283,298,24.379191049913945,0.5203763013911297,PUT WALL
2026-07-10T12:10:52 ET,2026-07-10T12:10:00 ET,2026-07-10,Fri,1210ET,AGGREGATE,29971.5,707.585,29987.6,NEAR_FLIP,EXPANSION,,24.183127962085305,,19.86,24.82,29.46,23.53,30026.65,709.0,55.150000000001455,0.18400814106735217,1399128.65,5025320.85,892090.78,-133256.56,5382146.91,131.69352,20229.58,559,360,199,24.553881932021465,0.7704263489642146,CALL WALL
2026-07-10T12:10:52 ET,2026-07-10T12:10:00 ET,2026-07-10,Fri,1210ET,AGGREGATE,29971.5,707.585,29987.6,NEAR_FLIP,EXPANSION,,24.183127962085305,,19.86,24.82,29.46,23.53,30031.44,709.0,59.93999999999869,0.19998999049096206,-10966762.32,42425467.86,-6208928.010000002,-2827591.35,-43072542.400000006,-1283.693495,80409.6,3854,1404,2450,34.620202387130256,6.3697531007018355,PUT WALL
2026-07-10T12:10:52 ET,2026-07-10T12:10:00 ET,2026-07-10,Fri,1210ET,AGGREGATE,29971.5,707.585,29987.6,NEAR_FLIP,EXPANSION,,24.183127962085305,,19.86,24.82,29.46,23.53,30068.91,710.0,97.40999999999985,0.3250087583204039,-6068211.760000002,27218917.34,-7226960.539999999,-1186714.79,-27357513.479999997,-780.744067,89110.72,2705,1053,1652,24.011608133086877,4.144508843457624,PUT WALL
2026-07-10T12:10:52 ET,2026-07-10T12:10:00 ET,2026-07-10,Fri,1210ET,AGGREGATE,29971.5,707.585,29987.6,NEAR_FLIP,EXPANSION,,24.183127962085305,,19.86,24.82,29.46,23.53,30069.0,710.0,97.5,0.32530904359141183,-2580870.0800000005,7157426.720000001,-3097146.0600000005,-273529.32,-11299332.969999999,-296.028822,28500.16,789,256,533,24.374093789607098,1.4123820073134878,PUT WALL
2026-07-10T12:10:52 ET,2026-07-10T12:10:00 ET,2026-07-10,Fri,1210ET,AGGREGATE,29971.5,707.585,29987.6,NEAR_FLIP,EXPANSION,,24.183127962085305,,19.86,24.82,29.46,23.53,30073.79,710.0,102.29000000000087,0.3412908930150339,-21385914.130000003,131561817.11000001,-19663206.629999995,-13550809.95,-111488085.82,-3294.341285999999,249256.19999999998,12001,4954,7047,34.609585034580455,19.055385369876312,PUT WALL
2026-07-10T12:10:52 ET,2026-07-10T12:10:00 ET,2026-07-10,Fri,1210ET,AGGREGATE,29971.5,707.585,29987.6,NEAR_FLIP,EXPANSION,,24.183127962085305,,19.86,24.82,29.46,23.53,30111.26,711.0,139.7599999999984,0.4663096608444636,-923112.9199999999,20352186.740000002,-1488491.1099999994,-1178031.6099999999,-10379738.96,-303.49677499999996,66595.4,2032,975,1057,23.989999999999995,2.239729315534258,PUT WALL
2026-07-10T12:10:52 ET,2026-07-10T12:10:00 ET,2026-07-10,Fri,1210ET,AGGREGATE,29971.5,707.585,29987.6,NEAR_FLIP,EXPANSION,,24.183127962085305,,19.86,24.82,29.46,23.53,30111.35,711.0,139.84999999999854,0.4666099461154715,1680222.1400000001,6359958.02,2961378.56,-319107.29,4771714.32,112.06433100000001,25513.1,709,453,256,24.483906911142455,1.0796479053072645,CALL WALL
2026-07-10T12:10:52 ET,2026-07-10T12:10:00 ET,2026-07-10,Fri,1210ET,AGGREGATE,29971.5,707.585,29987.6,NEAR_FLIP,EXPANSION,,24.183127962085305,,19.86,24.82,29.46,23.53,30116.15,711.0,144.65000000000146,0.48262516056921223,1661877.63,12070136.489999998,2350598.41,-1683772.01,336082.58000000194,9.509690999999975,23115.26,1121,638,483,34.96446922390722,1.6006221907990323,CALL WALL
2026-07-10T12:10:52 ET,2026-07-10T12:10:00 ET,2026-07-10,Fri,1210ET,AGGREGATE,29971.5,707.585,29987.6,NEAR_FLIP,EXPANSION,,24.183127962085305,,19.86,24.82,29.46,23.53,30153.61,712.0,182.11000000000058,0.6076105633685355,-6059415.58,9180177.66,-14415222.840000002,-659774.16,-26029646.74,-738.3283869999999,29853.71,918,158,760,23.928932461873636,3.2012643627210133,PUT WALL + VOL SENSITIVE
2026-07-10T12:10:52 ET,2026-07-10T12:10:00 ET,2026-07-10,Fri,1210ET,AGGREGATE,29971.5,707.585,29987.6,NEAR_FLIP,EXPANSION,,24.183127962085305,,19.86,24.82,29.46,23.53,30153.71,712.0,182.20999999999913,0.60794421366965,2555624.46,6844236.28,6152343.410000001,-423472.80999999994,6770206.879999999,169.57646799999998,27033.89,756,521,235,24.099999999999998,1.5128740378091272,CALL WALL + VOL SENSITIVE
2026-07-10T12:10:52 ET,2026-07-10T12:10:00 ET,2026-07-10,Fri,1210ET,AGGREGATE,29971.5,707.585,29987.6,NEAR_FLIP,EXPANSION,,24.183127962085305,,19.86,24.82,29.46,23.53,30158.51,712.0,187.0099999999984,0.6239594281233786,6965286.71,21213863.13,13813255.820000002,-3713275.58,8610617.650000002,315.9032430000001,39187.19,1924,1256,668,33.737027027027025,4.396114267165979,CALL WALL
2026-07-10T12:10:52 ET,2026-07-10T12:10:00 ET,2026-07-10,Fri,1210ET,AGGREGATE,29971.5,707.585,29987.6,NEAR_FLIP,EXPANSION,,24.183127962085305,,19.86,24.82,29.46,23.53,30195.96,713.0,224.45999999999913,0.748911465892595,-2633196.84,5415321.72,-7672383.76,-465521.54,-12991593.91,-363.771044,17436.47,542,138,404,23.68232472324723,1.6767992895536974,PUT WALL + VOL SENSITIVE
2026-07-10T12:10:52 ET,2026-07-10T12:10:00 ET,2026-07-10,Fri,1210ET,AGGREGATE,29971.5,707.585,29987.6,NEAR_FLIP,EXPANSION,,24.183127962085305,,19.86,24.82,29.46,23.53,30196.06,713.0,224.5600000000013,0.7492451161937218,1056265.58,3001329.34,3035213.4899999998,-221414.39,2524728.8500000006,58.008652,12032.94,339,232,107,24.468525073746314,0.6772008817621861,CALL WALL + VOL SENSITIVE
2026-07-10T12:10:52 ET,2026-07-10T12:10:00 ET,2026-07-10,Fri,1210ET,AGGREGATE,29971.5,707.585,29987.6,NEAR_FLIP,EXPANSION,,24.183127962085305,,19.86,24.82,29.46,23.53,30200.87,713.0,229.36999999999898,0.7652936956775569,-15377991.93,31372704.85,-33013517.43,-6631558.83,-74885542.52000001,-2212.4973739999996,59711.979999999996,2966,745,2221,34.796449763991916,10.028861209423127,PUT WALL + VOL SENSITIVE
2026-07-10T12:10:52 ET,2026-07-10T12:10:00 ET,2026-07-10,Fri,1210ET,AGGREGATE,29971.5,707.585,29987.6,NEAR_FLIP,EXPANSION,,24.183127962085305,,19.86,24.82,29.46,23.53,30238.31,714.0,266.8100000000013,0.890212368416667,2983415.2800000003,7029804.88,10733437.540000001,-707276.49,5352273.039999999,142.335844,22910.379999999997,721,516,205,23.853037447988907,1.9004236959158043,CALL WALL + VOL SENSITIVE
2026-07-10T12:10:52 ET,2026-07-10T12:10:00 ET,2026-07-10,Fri,1210ET,AGGREGATE,29971.5,707.585,29987.6,NEAR_FLIP,EXPANSION,,24.183127962085305,,19.86,24.82,29.46,23.53,30238.41,714.0,266.90999999999985,0.8905460187177814,2277034.0900000003,6287782.890000001,8015430.380000001,-537068.06,4467032.1,104.44399200000001,24900.03,709,487,222,24.1772778561354,1.5436554224877017,CALL WALL + VOL SENSITIVE
2026-07-10T12:10:52 ET,2026-07-10T12:10:00 ET,2026-07-10,Fri,1210ET,AGGREGATE,29971.5,707.585,29987.6,NEAR_FLIP,EXPANSION,,24.183127962085305,,19.86,24.82,29.46,23.53,30243.22,714.0,271.72000000000116,0.9065945982016288,-1440113.2999999989,21630472.08,-2783000.289999999,-5347480.02,-24746809.07,-704.3237529999999,40837.64,2064,950,1114,34.501482558139536,3.9522099759755935,PUT WALL
2026-07-10T12:10:52 ET,2026-07-10T12:10:00 ET,2026-07-10,Fri,1210ET,AGGREGATE,29971.5,707.585,29987.6,NEAR_FLIP,EXPANSION,,24.183127962085305,,19.86,24.82,29.46,23.53,30280.66,715.0,309.15999999999985,1.0315132709407264,-2032058.2000000002,10527487.379999999,-7860291.830000002,-1201907.74,-17565257.12,-482.09077099999996,33677.36,1078,434,644,23.518831168831166,2.3142818256390063,PUT WALL + VOL SENSITIVE
2026-07-10T12:10:52 ET,2026-07-10T12:10:00 ET,2026-07-10,Fri,1210ET,AGGREGATE,29971.5,707.585,29987.6,NEAR_FLIP,EXPANSION,,24.183127962085305,,19.86,24.82,29.46,23.53,30280.76,715.0,309.2599999999984,1.031846921241841,-2022282.1700000004,7400745.710000001,-8193475.470000001,-715054.47,-14718597.45,-375.96057399999995,28837.010000000002,832,306,526,23.8978125,1.9264831912559843,PUT WALL + VOL SENSITIVE
2026-07-10T12:10:52 ET,2026-07-10T12:10:00 ET,2026-07-10,Fri,1210ET,AGGREGATE,29971.5,707.585,29987.6,NEAR_FLIP,EXPANSION,,24.183127962085305,,19.86,24.82,29.46,23.53,30285.58,715.0,314.08000000000175,1.0479288657558072,-7727213.530000001,107273283.19,-17114483.97,-30347681.59,-142569845.43,-3994.464921,202303.34,10429,4768,5661,34.464801035573885,21.58122960712423,PUT WALL + VOL SENSITIVE
2026-07-10T12:10:52 ET,2026-07-10T12:10:00 ET,2026-07-10,Fri,1210ET,AGGREGATE,29971.5,707.585,29987.6,NEAR_FLIP,EXPANSION,,24.183127962085305,,19.86,24.82,29.46,23.53,30323.01,716.0,351.5099999999984,1.1728141734647863,-568373.32,2352367.96,-2514587.55,-301222.27,-4762737.38,-128.540828,7477.99,244,92,152,23.394918032786887,0.6115408734308236,PUT WALL + VOL SENSITIVE
2026-07-10T12:10:52 ET,2026-07-10T12:10:00 ET,2026-07-10,Fri,1210ET,AGGREGATE,29971.5,707.585,29987.6,NEAR_FLIP,EXPANSION,,24.183127962085305,,19.86,24.82,29.46,23.53,30323.11,716.0,351.6100000000006,1.1731478237659128,43893.92000000004,1638960.8399999999,239436.56000000006,-177700.38,-1537223.15,-39.765874000000004,6387.08,187,97,90,23.863368983957223,0.23738588144932787,CALL WALL + VOL SENSITIVE
2026-07-10T12:10:52 ET,2026-07-10T12:10:00 ET,2026-07-10,Fri,1210ET,AGGREGATE,29971.5,707.585,29987.6,NEAR_FLIP,EXPANSION,,24.183127962085305,,19.86,24.82,29.46,23.53,30327.94,716.0,356.4399999999987,1.1892631333099735,4454455.11,14308877.190000001,16415764.379999999,-4556294.66,-2328005.8000000007,-46.91261900000006,26717.75,1412,916,496,34.106912181303116,3.9057948841807075,CALL WALL + VOL SENSITIVE
2026-07-10T12:10:52 ET,2026-07-10T12:10:00 ET,2026-07-10,Fri,1210ET,AGGREGATE,29971.5,707.585,29987.6,NEAR_FLIP,EXPANSION,,24.183127962085305,,19.86,24.82,29.46,23.53,30365.36,717.0,393.8600000000006,1.314115075988858,1996574.4500000002,4318760.87,11012498.030000001,-616199.3099999999,2032411.7999999998,52.57567599999999,13806.869999999999,460,337,123,23.4115,1.5141289751554279,CALL WALL + VOL SENSITIVE
2026-07-10T12:10:52 ET,2026-07-10T12:10:00 ET,2026-07-10,Fri,1210ET,AGGREGATE,29971.5,707.585,29987.6,NEAR_FLIP,EXPANSION,,24.183127962085305,,19.86,24.82,29.46,23.53,30365.46,717.0,393.9599999999991,1.3144487262899727,-1056067.68,2390003.7,-5486500.040000001,-285595.83,-7238946.34,-179.097121,9191.34,274,77,197,23.64941605839416,0.9344686346625237,PUT WALL + VOL SENSITIVE
2026-07-10T12:10:52 ET,2026-07-10T12:10:00 ET,2026-07-10,Fri,1210ET,AGGREGATE,29971.5,707.585,29987.6,NEAR_FLIP,EXPANSION,,24.183127962085305,,19.86,24.82,29.46,23.53,30370.3,717.0,398.7999999999993,1.330597400864152,1394577.17,23480621.130000003,8821427.270000003,-8297862.85,-29492408.32,-769.830616,43403.39,2361,1221,1140,33.80194409148666,5.445090351496279,CALL WALL + VOL SENSITIVE
2026-07-10T12:10:52 ET,2026-07-10T12:10:00 ET,2026-07-10,Fri,1210ET,AGGREGATE,29971.5,707.585,29987.6,NEAR_FLIP,EXPANSION,,24.183127962085305,,19.86,24.82,29.46,23.53,30391.47,717.5,419.97000000000116,1.4012311696111346,-558509.7800000003,5709683.54,-1367946.5999999996,-2118197.4,-10925323.8,-287.186907,10593.59,584,256,328,33.945205479452056,1.426381427870743,PUT WALL + VOL SENSITIVE
2026-07-10T12:10:52 ET,2026-07-10T12:10:00 ET,2026-07-10,Fri,1210ET,AGGREGATE,29971.5,707.585,29987.6,NEAR_FLIP,EXPANSION,,24.183127962085305,,19.86,24.82,29.46,23.53,30407.71,718.0,436.2099999999991,1.4554159785129177,797484.81,3331628.41,4959511.09,-521003.95999999996,-1695844.88,-45.851449,10645.73,363,226,137,23.45151515151515,0.8668748859678597,CALL WALL + VOL SENSITIVE
2026-07-10T12:10:52 ET,2026-07-10T12:10:00 ET,2026-07-10,Fri,1210ET,AGGREGATE,29971.5,707.585,29987.6,NEAR_FLIP,EXPANSION,,24.183127962085305,,19.86,24.82,29.46,23.53,30407.81,718.0,436.3100000000013,1.4557496288140443,54151.19000000006,1793883.65,478953.2700000005,-235704.78,-2291563.32,-56.090275,6868.22,209,108,101,23.469808612440193,0.3021117701803349,CALL WALL + VOL SENSITIVE
2026-07-10T12:10:52 ET,2026-07-10T12:10:00 ET,2026-07-10,Fri,1210ET,AGGREGATE,29971.5,707.585,29987.6,NEAR_FLIP,EXPANSION,,24.183127962085305,,19.86,24.82,29.46,23.53,30412.65,718.0,441.15000000000146,1.4718983033882238,7839003.290000001,22117333.33,37066819.32,-8593744.55,-7558892.870000001,-164.80353000000002,40576.04,2280,1522,758,33.52121929824562,7.528353656147896,CALL WALL + VOL SENSITIVE
2026-07-10T12:10:52 ET,2026-07-10T12:10:00 ET,2026-07-10,Fri,1210ET,AGGREGATE,29971.5,707.585,29987.6,NEAR_FLIP,EXPANSION,,24.183127962085305,,19.86,24.82,29.46,23.53,30450.06,719.0,478.5600000000013,1.5967168810369896,-5480962.36,8362049.64,-35027112.92,-1412417.6300000001,-35213376.81,-896.961653,26354.68,924,158,766,23.31952380952381,4.906299354484514,PUT WALL + VOL SENSITIVE
2026-07-10T12:10:52 ET,2026-07-10T12:10:00 ET,2026-07-10,Fri,1210ET,AGGREGATE,29971.5,707.585,29987.6,NEAR_FLIP,EXPANSION,,24.183127962085305,,19.86,24.82,29.46,23.53,30450.16,719.0,478.65999999999985,1.597050531338104,1237945.25,2303996.93,8202304.1,-330726.75,1661914.7800000003,37.717899,8885.03,276,213,63,23.544565217391302,1.0159726540315923,CALL WALL + VOL SENSITIVE
2026-07-10T12:10:52 ET,2026-07-10T12:10:00 ET,2026-07-10,Fri,1210ET,AGGREGATE,29971.5,707.585,29987.6,NEAR_FLIP,EXPANSION,,24.183127962085305,,19.86,24.82,29.46,23.53,30455.01,719.0,483.5099999999984,1.61323257094239,-2580143.969999999,34874950.19,-7151143.760000005,-14780181.51,-72941374.27,-1852.6977660000002,65328.35,3763,1712,2051,34.24643901142706,9.28914134652841,PUT WALL + VOL SENSITIVE
2026-07-10T12:10:52 ET,2026-07-10T12:10:00 ET,2026-07-10,Fri,1210ET,AGGREGATE,29971.5,707.585,29987.6,NEAR_FLIP,EXPANSION,,24.183127962085305,,19.86,24.82,29.46,23.53,30492.41,720.0,520.9099999999999,1.738017783561049,-1351192.87,11958998.07,-7632359.210000001,-2191637.67,-27368571.5,-679.0128179999999,37458.04,1357,601,756,23.088975681650698,2.882165381343417,PUT WALL + VOL SENSITIVE
2026-07-10T12:10:52 ET,2026-07-10T12:10:00 ET,2026-07-10,Fri,1210ET,AGGREGATE,29971.5,707.585,29987.6,NEAR_FLIP,EXPANSION,,24.183127962085305,,19.86,24.82,29.46,23.53,30492.51,720.0,521.0099999999984,1.7383514338621637,-1567895.2600000002,6773689.859999999,-10344220.45,-1042351.9000000001,-18585702.87,-435.84727799999996,25686.559999999998,819,316,503,23.334090354090353,2.161652321613888,PUT WALL + VOL SENSITIVE
2026-07-10T12:10:52 ET,2026-07-10T12:10:00 ET,2026-07-10,Fri,1210ET,AGGREGATE,29971.5,707.585,29987.6,NEAR_FLIP,EXPANSION,,24.183127962085305,,19.86,24.82,29.46,23.53,30497.37,720.0,525.869999999999,1.7545668384965685,-15240846.629999995,133984860.91,-55103938.25,-61443563.84,-330005822.47,-8131.472608,250924.74,14970,6517,8453,34.23919772879091,40.80683341700213,PUT WALL + VOL SENSITIVE
2026-07-10T12:10:52 ET,2026-07-10T12:10:00 ET,2026-07-10,Fri,1210ET,AGGREGATE,29971.5,707.585,29987.6,NEAR_FLIP,EXPANSION,,24.183127962085305,,19.86,24.82,29.46,23.53,30534.76,721.0,563.2599999999984,1.8793186860851088,993374.4999999998,4328553.14,8602337.200000001,-854711.27,-4658391.68,-112.75833,13519.77,507,312,195,22.955384615384617,1.3946467894728731,CALL WALL + VOL SENSITIVE
2026-07-10T12:10:52 ET,2026-07-10T12:10:00 ET,2026-07-10,Fri,1210ET,AGGREGATE,29971.5,707.585,29987.6,NEAR_FLIP,EXPANSION,,24.183127962085305,,19.86,24.82,29.46,23.53,30534.86,721.0,563.3600000000006,1.8796523363862356,16909.980000000214,2157121.74,382217.4799999995,-357224.18,-4069427.6799999997,-93.95021499999999,8188.56,268,136,132,23.31328358208955,0.4029236341154845,CALL WALL + VOL SENSITIVE
2026-07-10T12:10:52 ET,2026-07-10T12:10:00 ET,2026-07-10,Fri,1210ET,AGGREGATE,29971.5,707.585,29987.6,NEAR_FLIP,EXPANSION,,24.183127962085305,,19.86,24.82,29.46,23.53,30539.73,721.0,568.2299999999996,1.895901106050747,2452820.79,10859091.43,15561214.180000003,-5354324.7700000005,-14251937.18,-333.660851,20101.52,1254,760,494,33.81969696969697,4.012695077361587,CALL WALL + VOL SENSITIVE
2026-07-10T12:10:52 ET,2026-07-10T12:10:00 ET,2026-07-10,Fri,1210ET,AGGREGATE,29971.5,707.585,29987.6,NEAR_FLIP,EXPANSION,,24.183127962085305,,19.86,24.82,29.46,23.53,30577.11,722.0,605.6100000000006,2.020619588609181,-48118277.46,82753770.32,-389592283.57000005,-17338081.15,-390009431.09999996,-9121.439664000001,259068.62,10005,2106,7899,23.209493253373314,52.57527234144588,PUT WALL + VOL SENSITIVE
2026-07-10T12:10:52 ET,2026-07-10T12:10:00 ET,2026-07-10,Fri,1210ET,AGGREGATE,29971.5,707.585,29987.6,NEAR_FLIP,EXPANSION,,24.183127962085305,,19.86,24.82,29.46,23.53,30577.21,722.0,605.7099999999991,2.0209532389102955,988612.0200000001,2174632.2,8557245.629999999,-386448.89999999997,-147592.69999999972,-4.525017000000005,8237.029999999999,278,203,75,23.168237410071942,0.9965953620928024,CALL WALL + VOL SENSITIVE
2026-07-10T12:10:52 ET,2026-07-10T12:10:00 ET,2026-07-10,Fri,1210ET,AGGREGATE,29971.5,707.585,29987.6,NEAR_FLIP,EXPANSION,,24.183127962085305,,19.86,24.82,29.46,23.53,30582.08,722.0,610.5800000000017,2.0372020085748184,-697853.0700000003,19076997.09,86417.62999999523,-10065655.36,-49956788.650000006,-1143.4032809999999,35585.42,2304,1095,1209,34.083333333333336,5.585403621942579,PUT WALL
2026-07-10T12:10:52 ET,2026-07-10T12:10:00 ET,2026-07-10,Fri,1210ET,AGGREGATE,29971.5,707.585,29987.6,NEAR_FLIP,EXPANSION,,24.183127962085305,,19.86,24.82,29.46,23.53,30603.26,722.5,631.7599999999984,2.1078691423518956,2487033.01,16087171.65,19633166.189999998,-8757528.879999999,-31094162.400000002,-693.294015,29601.739999999998,1978,1129,849,33.61766430738119,6.089781244419113,CALL WALL + VOL SENSITIVE
2026-07-10T12:10:52 ET,2026-07-10T12:10:00 ET,2026-07-10,Fri,1210ET,AGGREGATE,29971.5,707.585,29987.6,NEAR_FLIP,EXPANSION,,24.183127962085305,,19.86,24.82,29.46,23.53,30619.46,723.0,647.9599999999991,2.1619204911332406,2241402.93,4498004.93,21315687.619999997,-1012869.1699999999,-1106112.1400000006,-26.35006100000001,13969.039999999999,566,425,141,22.784381625441693,2.401051305427838,CALL WALL + VOL SENSITIVE
2026-07-10T12:10:52 ET,2026-07-10T12:10:00 ET,2026-07-10,Fri,1210ET,AGGREGATE,29971.5,707.585,29987.6,NEAR_FLIP,EXPANSION,,24.183127962085305,,19.86,24.82,29.46,23.53,30619.56,723.0,648.0600000000013,2.162254141434367,2101422.42,3655422.1799999997,19573019.63,-691784.7200000001,1191177.8900000006,24.02801000000001,13731.869999999999,480,379,101,22.956791666666668,2.1156989360190632,CALL WALL + VOL SENSITIVE
2026-07-10T12:10:52 ET,2026-07-10T12:10:00 ET,2026-07-10,Fri,1210ET,AGGREGATE,29971.5,707.585,29987.6,NEAR_FLIP,EXPANSION,,24.183127962085305,,19.86,24.82,29.46,23.53,30624.44,723.0,652.9399999999987,2.178536276128985,5069119.259999999,13958163.32,36815359.09,-7829361.43,-15934126.479999999,-343.53277799999995,25270.21,1750,1183,567,33.0616,6.793413641980209,CALL WALL + VOL SENSITIVE
2026-07-10T12:10:52 ET,2026-07-10T12:10:00 ET,2026-07-10,Fri,1210ET,AGGREGATE,29971.5,707.585,29987.6,NEAR_FLIP,EXPANSION,,24.183127962085305,,19.86,24.82,29.46,23.53,30661.81,724.0,690.3100000000013,2.303221393657312,-1318022.9099999997,7190992.109999999,-11176447.64,-1705151.0699999998,-25289046.0,-551.8360729999999,22440.239999999998,939,387,552,23.078051118210862,2.5701375051060333,PUT WALL + VOL SENSITIVE
2026-07-10T12:10:52 ET,2026-07-10T12:10:00 ET,2026-07-10,Fri,1210ET,AGGREGATE,29971.5,707.585,29987.6,NEAR_FLIP,EXPANSION,,24.183127962085305,,19.86,24.82,29.46,23.53,30661.91,724.0,690.4099999999999,2.3035550439584265,-4873173.22,8104553.44,-45067994.01,-1603997.1099999999,-43816777.419999994,-924.41263,30299.93,1089,220,869,23.18717171717172,5.716161533050665,PUT WALL + VOL SENSITIVE
2026-07-10T12:10:52 ET,2026-07-10T12:10:00 ET,2026-07-10,Fri,1210ET,AGGREGATE,29971.5,707.585,29987.6,NEAR_FLIP,EXPANSION,,24.183127962085305,,19.86,24.82,29.46,23.53,30666.8,724.0,695.2999999999993,2.3198705436831633,12286380.33,27524587.310000002,90323988.05999999,-16386995.05,-25037438.359999996,-518.5929879999999,50318.51,3633,2616,1017,33.36501238645747,15.096641896359747,CALL WALL + VOL SENSITIVE
2026-07-10T12:10:52 ET,2026-07-10T12:10:00 ET,2026-07-10,Fri,1210ET,AGGREGATE,29971.5,707.585,29987.6,NEAR_FLIP,EXPANSION,,24.183127962085305,,19.86,24.82,29.46,23.53,30704.16,725.0,732.6599999999999,2.444522296181372,842335.1600000001,9517540.24,12107594.079999998,-2388664.0700000003,-24145086.560000002,-506.77507099999997,29238.71,1295,709,586,22.658710424710424,2.973211924365228,CALL WALL + VOL SENSITIVE
2026-07-10T12:10:52 ET,2026-07-10T12:10:00 ET,2026-07-10,Fri,1210ET,AGGREGATE,29971.5,707.585,29987.6,NEAR_FLIP,EXPANSION,,24.183127962085305,,19.86,24.82,29.46,23.53,30704.26,725.0,732.7599999999984,2.4448559464824866,-4772175.3100000005,10352107.35,-46261082.91,-2166141.84,-52168655.64,-1066.3828720000001,38569.05,1439,393,1046,23.088908964558723,6.323573349142567,PUT WALL + VOL SENSITIVE
2026-07-10T12:10:52 ET,2026-07-10T12:10:00 ET,2026-07-10,Fri,1210ET,AGGREGATE,29971.5,707.585,29987.6,NEAR_FLIP,EXPANSION,,24.183127962085305,,19.86,24.82,29.46,23.53,30709.16,725.0,737.6599999999999,2.4612048112373417,26795672.62,64849763.86,217074152.85,-40770258.53,-83170887.63,-1663.514797,117179.6,9027,6362,2665,32.963954802259885,36.97352318680435,CALL WALL + VOL SENSITIVE
2026-07-10T12:10:52 ET,2026-07-10T12:10:00 ET,2026-07-10,Fri,1210ET,AGGREGATE,29971.5,707.585,29987.6,NEAR_FLIP,EXPANSION,,24.183127962085305,,19.86,24.82,29.46,23.53,30746.52,726.0,775.0200000000004,2.5858565637355504,708750.69,2934408.59,8665454.38,-777097.95,-5889517.330000001,-119.019181,9045.6,419,262,157,22.704749403341292,1.2902943606189714,CALL WALL + VOL SENSITIVE
2026-07-10T12:10:52 ET,2026-07-10T12:10:00 ET,2026-07-10,Fri,1210ET,AGGREGATE,29971.5,707.585,29987.6,NEAR_FLIP,EXPANSION,,24.183127962085305,,19.86,24.82,29.46,23.53,30746.61,726.0,775.1100000000006,2.5861568490065583,1452924.26,4036299.9800000004,16573957.249999998,-898353.49,-4700135.97,-95.116239,15082.18,587,402,185,22.923458262350938,2.039560281300051,CALL WALL + VOL SENSITIVE
2026-07-10T12:10:52 ET,2026-07-10T12:10:00 ET,2026-07-10,Fri,1210ET,AGGREGATE,29971.5,707.585,29987.6,NEAR_FLIP,EXPANSION,,24.183127962085305,,19.86,24.82,29.46,23.53,30751.51,726.0,780.0099999999984,2.6025057137614014,-332194.1500000004,16289488.75,2734244.9099999964,-10826071.99,-59714279.85000001,-1143.131391,30423.78,2399,1174,1225,34.01316381825761,6.000840483088175,PUT WALL + VOL SENSITIVE
2026-07-10T12:10:52 ET,2026-07-10T12:10:00 ET,2026-07-10,Fri,1210ET,AGGREGATE,29971.5,707.585,29987.6,NEAR_FLIP,EXPANSION,,24.183127962085305,,19.86,24.82,29.46,23.53,30788.87,727.0,817.369999999999,2.72715746625961,644652.98,1456727.12,8138203.260000001,-405752.49,-1782416.1900000002,-34.825187,4419.28,219,159,60,22.295205479452054,0.9231748906298772,CALL WALL + VOL SENSITIVE
2026-07-10T12:10:52 ET,2026-07-10T12:10:00 ET,2026-07-10,Fri,1210ET,AGGREGATE,29971.5,707.585,29987.6,NEAR_FLIP,EXPANSION,,24.183127962085305,,19.86,24.82,29.46,23.53,30788.97,727.0,817.4700000000012,2.7274911165607367,3657271.7,4289524.78,43320451.52,-1008482.7000000001,5245348.51,96.23398,15828.16,651,604,47,22.48909370199693,4.184172434125163,CALL WALL + VOL SENSITIVE
2026-07-10T12:10:52 ET,2026-07-10T12:10:00 ET,2026-07-10,Fri,1210ET,AGGREGATE,29971.5,707.585,29987.6,NEAR_FLIP,EXPANSION,,24.183127962085305,,19.86,24.82,29.46,23.53,30793.87,727.0,822.369999999999,2.74383998131558,9401805.71,17590754.77,82534459.54,-12236918.739999998,-18246174.67,-334.484972,31669.949999999997,2757,2120,637,32.795636561479874,12.304586476015471,CALL WALL + VOL SENSITIVE
2026-07-10T12:10:52 ET,2026-07-10T12:10:00 ET,2026-07-10,Fri,1210ET,AGGREGATE,29971.5,707.585,29987.6,NEAR_FLIP,EXPANSION,,24.183127962085305,,19.86,24.82,29.46,23.53,30815.05,727.5,843.5499999999993,2.814507115092669,1373650.8199999998,5498282.24,13573312.750000002,-3926496.63,-14876058.4,-263.70029,10070.7,888,558,330,33.30614864864865,3.038012995760364,CALL WALL + VOL SENSITIVE
2026-07-10T12:10:52 ET,2026-07-10T12:10:00 ET,2026-07-10,Fri,1210ET,AGGREGATE,29971.5,707.585,29987.6,NEAR_FLIP,EXPANSION,,24.183127962085305,,19.86,24.82,29.46,23.53,30831.22,728.0,859.7200000000012,2.8684583687836818,767376.1000000001,1849532.0,10103092.82,-539849.3500000001,-2877212.49,-53.396172,5645.780000000001,293,209,84,22.441023890784983,1.177448074582549,CALL WALL + VOL SENSITIVE
2026-07-10T12:10:52 ET,2026-07-10T12:10:00 ET,2026-07-10,Fri,1210ET,AGGREGATE,29971.5,707.585,29987.6,NEAR_FLIP,EXPANSION,,24.183127962085305,,19.86,24.82,29.46,23.53,30831.32,728.0,859.8199999999997,2.868792019084796,1616305.51,2249660.5300000003,20243968.25,-553273.84,904755.46,14.726083000000003,8302.31,356,307,49,22.536713483146066,1.9731140748731297,CALL WALL + VOL SENSITIVE
2026-07-10T12:10:52 ET,2026-07-10T12:10:00 ET,2026-07-10,Fri,1210ET,AGGREGATE,29971.5,707.585,29987.6,NEAR_FLIP,EXPANSION,,24.183127962085305,,19.86,24.82,29.46,23.53,30836.23,728.0,864.7299999999996,2.8851742488697583,-29046421.15,50221648.089999996,-226158425.89000005,-37023936.89,-379469834.82,-6506.978563000001,97082.79000000001,8297,1769,6528,34.980012052549114,41.01712334232246,PUT WALL + VOL SENSITIVE
2026-07-10T12:10:52 ET,2026-07-10T12:10:00 ET,2026-07-10,Fri,1210ET,AGGREGATE,29971.5,707.585,29987.6,NEAR_FLIP,EXPANSION,,24.183127962085305,,19.86,24.82,29.46,23.53,30873.57,729.0,902.0699999999997,3.0097592713077415,1082305.13,2720339.75,15133337.639999999,-829895.8300000001,-5126464.029999999,-90.18171199999999,8270.880000000001,456,322,134,22.353815789473686,1.78486176492263,CALL WALL + VOL SENSITIVE
2026-07-10T12:10:52 ET,2026-07-10T12:10:00 ET,2026-07-10,Fri,1210ET,AGGREGATE,29971.5,707.585,29987.6,NEAR_FLIP,EXPANSION,,24.183127962085305,,19.86,24.82,29.46,23.53,30873.67,729.0,902.1699999999983,3.0100929216088557,619203.03,1040358.8300000001,8291090.050000001,-266960.21,-463082.47,-8.886383999999996,3809.7400000000002,172,138,34,22.406162790697675,0.8343277936650982,CALL WALL + VOL SENSITIVE
2026-07-10T12:10:52 ET,2026-07-10T12:10:00 ET,2026-07-10,Fri,1210ET,AGGREGATE,29971.5,707.585,29987.6,NEAR_FLIP,EXPANSION,,24.183127962085305,,19.86,24.82,29.46,23.53,30878.58,729.0,907.0800000000017,3.02647515139383,3254835.6399999997,10560823.04,33222737.720000003,-8078733.399999999,-29564053.65,-481.37104899999997,19372.53,1882,1243,639,33.28003719447396,6.640109962330485,CALL WALL + VOL SENSITIVE
2026-07-10T12:10:52 ET,2026-07-10T12:10:00 ET,2026-07-10,Fri,1210ET,AGGREGATE,29971.5,707.585,29987.6,NEAR_FLIP,EXPANSION,,24.183127962085305,,19.86,24.82,29.46,23.53,30915.92,730.0,944.4199999999983,3.151060173831801,2838313.0999999996,8584418.94,42688787.0,-2730754.81,-21891537.61,-362.905783,26022.66,1527,1030,497,22.299862475442044,5.395418689703762,CALL WALL + VOL SENSITIVE
2026-07-10T12:10:52 ET,2026-07-10T12:10:00 ET,2026-07-10,Fri,1210ET,AGGREGATE,29971.5,707.585,29987.6,NEAR_FLIP,EXPANSION,,24.183127962085305,,19.86,24.82,29.46,23.53,30916.02,730.0,944.5200000000004,3.1513938241329273,-340025.1699999999,7177458.33,-1616028.3700000048,-1904510.66,-32019170.129999995,-538.1869989999999,26316.11,1232,597,635,22.661103896103896,2.055319993837064,PUT WALL + VOL SENSITIVE
2026-07-10T12:10:52 ET,2026-07-10T12:10:00 ET,2026-07-10,Fri,1210ET,AGGREGATE,29971.5,707.585,29987.6,NEAR_FLIP,EXPANSION,,24.183127962085305,,19.86,24.82,29.46,23.53,30920.94,730.0,949.4399999999987,3.1678094189479964,28536488.990000002,64932945.410000004,288236825.06999993,-51826855.7,-146251915.70999998,-2244.990347,119126.15,12383,8991,3392,33.26516918355811,47.97607796389382,CALL WALL + VOL SENSITIVE
2026-07-10T12:10:52 ET,2026-07-10T12:10:00 ET,2026-07-10,Fri,1210ET,AGGREGATE,29971.5,707.585,29987.6,NEAR_FLIP,EXPANSION,,24.183127962085305,,19.86,24.82,29.46,23.53,30958.27,731.0,986.7700000000004,3.292361076355873,624975.1400000001,2782787.46,10200573.36,-921711.89,-9810177.7,-152.549692,8473.630000000001,525,327,198,22.41011428571429,1.5318676030926883,CALL WALL + VOL SENSITIVE
2026-07-10T12:10:52 ET,2026-07-10T12:10:00 ET,2026-07-10,Fri,1210ET,AGGREGATE,29971.5,707.585,29987.6,NEAR_FLIP,EXPANSION,,24.183127962085305,,19.86,24.82,29.46,23.53,30958.37,731.0,986.869999999999,3.2926947266569875,547038.74,648583.4199999999,7920967.12,-181472.27,512325.67999999993,7.535176999999999,2364.49,119,110,9,22.230504201680674,0.7391432161763413,CALL WALL + VOL SENSITIVE
2026-07-10T12:10:52 ET,2026-07-10T12:10:00 ET,2026-07-10,Fri,1210ET,AGGREGATE,29971.5,707.585,29987.6,NEAR_FLIP,EXPANSION,,24.183127962085305,,19.86,24.82,29.46,23.53,30963.3,731.0,991.7999999999993,3.3091436865021744,4889961.4399999995,12767305.639999999,52052831.79000001,-10639669.21,-37414777.24,-536.386714,23578.93,2616,1831,785,33.37827981651376,9.379019636697146,CALL WALL + VOL SENSITIVE
2026-07-10T12:10:52 ET,2026-07-10T12:10:00 ET,2026-07-10,Fri,1210ET,AGGREGATE,29971.5,707.585,29987.6,NEAR_FLIP,EXPANSION,,24.183127962085305,,19.86,24.82,29.46,23.53,31000.62,732.0,1029.119999999999,3.4336619788799325,1052072.08,2157674.56,16837976.12,-744759.22,-4516722.51,-67.08743799999999,6483.39,440,332,108,22.035727272727275,1.8403153629015165,CALL WALL + VOL SENSITIVE
2026-07-10T12:10:52 ET,2026-07-10T12:10:00 ET,2026-07-10,Fri,1210ET,AGGREGATE,29971.5,707.585,29987.6,NEAR_FLIP,EXPANSION,,24.183127962085305,,19.86,24.82,29.46,23.53,31000.72,732.0,1029.2200000000012,3.4339956291810596,1532760.84,1811523.64,23199742.04,-527005.4,1280192.36,17.604685999999997,6587.450000000001,351,325,26,22.171481481481482,2.15698927800868,CALL WALL + VOL SENSITIVE
2026-07-10T12:10:52 ET,2026-07-10T12:10:00 ET,2026-07-10,Fri,1210ET,AGGREGATE,29971.5,707.585,29987.6,NEAR_FLIP,EXPANSION,,24.183127962085305,,19.86,24.82,29.46,23.53,31005.66,732.0,1034.1599999999999,3.4504779540563533,15461551.8,18836817.080000002,165284069.6,-16172618.73,-1014886.1100000031,-29.938924999999983,33390.16,4253,3892,361,32.241408417587586,20.452874653408966,CALL WALL + VOL SENSITIVE
2026-07-10T12:10:52 ET,2026-07-10T12:10:00 ET,2026-07-10,Fri,1210ET,AGGREGATE,29971.5,707.585,29987.6,NEAR_FLIP,EXPANSION,,24.183127962085305,,19.86,24.82,29.46,23.53,31026.84,732.5,1055.3400000000001,3.5211450878334425,2599317.95,5059554.53,28989177.66,-4465332.42,-12518786.99,-162.84082,9239.25,1176,903,273,32.931785714285716,4.476604184003713,CALL WALL + VOL SENSITIVE
2026-07-10T12:10:52 ET,2026-07-10T12:10:00 ET,2026-07-10,Fri,1210ET,AGGREGATE,29971.5,707.585,29987.6,NEAR_FLIP,EXPANSION,,24.183127962085305,,19.86,24.82,29.46,23.53,31042.97,733.0,1071.4700000000012,3.574962881404004,425366.74,2735406.88,8045064.419999998,-979603.3099999999,-13164120.870000001,-179.677065,8332.07,590,349,241,22.371440677966103,1.4504037810970734,CALL WALL + VOL SENSITIVE
2026-07-10T12:10:52 ET,2026-07-10T12:10:00 ET,2026-07-10,Fri,1210ET,AGGREGATE,29971.5,707.585,29987.6,NEAR_FLIP,EXPANSION,,24.183127962085305,,19.86,24.82,29.46,23.53,31043.07,733.0,1071.5699999999997,3.575296531705119,648411.4600000001,739828.6,10243369.54,-223508.29,600568.42,7.867749,2679.88,152,143,9,22.082105263157896,0.9435673377821101,CALL WALL + VOL SENSITIVE
2026-07-10T12:10:52 ET,2026-07-10T12:10:00 ET,2026-07-10,Fri,1210ET,AGGREGATE,29971.5,707.585,29987.6,NEAR_FLIP,EXPANSION,,24.183127962085305,,19.86,24.82,29.46,23.53,31048.01,733.0,1076.5099999999984,3.5917788565804125,6199912.62,9471501.56,68712651.93,-8493143.27,-14170117.530000001,-180.03659499999998,17225.11,2285,1908,377,32.880157549234134,9.48887782239159,CALL WALL + VOL SENSITIVE
2026-07-10T12:10:52 ET,2026-07-10T12:10:00 ET,2026-07-10,Fri,1210ET,AGGREGATE,29971.5,707.585,29987.6,NEAR_FLIP,EXPANSION,,24.183127962085305,,19.86,24.82,29.46,23.53,31085.32,734.0,1113.8199999999997,3.7162637839280643,611885.3,1451571.18,10480012.349999998,-540539.86,-4627132.88,-59.27721299999999,4415.53,338,244,94,22.260414201183433,1.222888245469766,CALL WALL + VOL SENSITIVE
2026-07-10T12:10:52 ET,2026-07-10T12:10:00 ET,2026-07-10,Fri,1210ET,AGGREGATE,29971.5,707.585,29987.6,NEAR_FLIP,EXPANSION,,24.183127962085305,,19.86,24.82,29.46,23.53,31085.42,734.0,1113.9199999999983,3.716597434229178,312196.37,436907.97,5182718.21,-136564.07,-212267.96000000008,-3.267498,1580.1899999999998,95,82,13,22.095894736842105,0.49305084460077403,CALL WALL + VOL SENSITIVE
2026-07-10T12:10:52 ET,2026-07-10T12:10:00 ET,2026-07-10,Fri,1210ET,AGGREGATE,29971.5,707.585,29987.6,NEAR_FLIP,EXPANSION,,24.183127962085305,,19.86,24.82,29.46,23.53,31090.37,734.0,1118.869999999999,3.7331131241345914,1404519.9699999997,4077120.55,16638090.5,-3839835.27,-18049111.689999998,-206.666913,7663.120000000001,1058,725,333,33.52694706994329,3.2889804726486416,CALL WALL + VOL SENSITIVE
2026-07-10T12:10:52 ET,2026-07-10T12:10:00 ET,2026-07-10,Fri,1210ET,AGGREGATE,29971.5,707.585,29987.6,NEAR_FLIP,EXPANSION,,24.183127962085305,,19.86,24.82,29.46,23.53,31127.67,735.0,1156.1699999999983,3.8575646864521236,3977581.54,4314120.76,69193589.36000001,-1663904.6300000001,2839674.76,28.920557,12758.93,1118,1077,41,21.60014311270125,6.422464737105516,CALL WALL + VOL SENSITIVE
2026-07-10T12:10:52 ET,2026-07-10T12:10:00 ET,2026-07-10,Fri,1210ET,AGGREGATE,29971.5,707.585,29987.6,NEAR_FLIP,EXPANSION,,24.183127962085305,,19.86,24.82,29.46,23.53,31127.77,735.0,1156.2700000000004,3.8578983367532502,-544691.5899999999,3799908.09,-6914615.75,-1218858.46,-28198554.49,-361.024767,13822.18,861,380,481,22.43747967479675,1.818402635294998,PUT WALL + VOL SENSITIVE
2026-07-10T12:10:52 ET,2026-07-10T12:10:00 ET,2026-07-10,Fri,1210ET,AGGREGATE,29971.5,707.585,29987.6,NEAR_FLIP,EXPANSION,,24.183127962085305,,19.86,24.82,29.46,23.53,31132.73,735.0,1161.2299999999996,3.8744473916887694,12785771.16,27591263.94,154597260.38,-26936650.380000003,-106994677.67,-1123.360608,51407.47,7923,5903,2020,33.11140098447558,26.02355873719675,CALL WALL + VOL SENSITIVE
2026-07-10T12:10:52 ET,2026-07-10T12:10:00 ET,2026-07-10,Fri,1210ET,AGGREGATE,29971.5,707.585,29987.6,NEAR_FLIP,EXPANSION,,24.183127962085305,,19.86,24.82,29.46,23.53,31170.02,736.0,1198.5200000000004,3.9988655889761957,3417257.85,3910311.69,61355854.69,-1559592.51,600549.54,2.858554000000005,11649.449999999999,1087,1023,64,21.760082796688135,5.750113326975357,CALL WALL + VOL SENSITIVE
2026-07-10T12:10:52 ET,2026-07-10T12:10:00 ET,2026-07-10,Fri,1210ET,AGGREGATE,29971.5,707.585,29987.6,NEAR_FLIP,EXPANSION,,24.183127962085305,,19.86,24.82,29.46,23.53,31170.12,736.0,1198.619999999999,3.9991992392773104,44429.76999999999,179590.03,862292.52,-59961.95999999999,-861160.0,-10.371636,650.45,44,28,16,22.175454545454546,0.11905629832098305,CALL WALL + VOL SENSITIVE
2026-07-10T12:10:52 ET,2026-07-10T12:10:00 ET,2026-07-10,Fri,1210ET,AGGREGATE,29971.5,707.585,29987.6,NEAR_FLIP,EXPANSION,,24.183127962085305,,19.86,24.82,29.46,23.53,31175.09,736.0,1203.5900000000001,4.015781659242948,3774855.8600000003,4834957.86,45659258.54,-4816631.07,-5194540.959999999,-51.45044,8827.65,1504,1346,158,32.913909574468086,5.960653586307598,CALL WALL + VOL SENSITIVE
2026-07-10T12:10:52 ET,2026-07-10T12:10:00 ET,2026-07-10,Fri,1210ET,AGGREGATE,29971.5,707.585,29987.6,NEAR_FLIP,EXPANSION,,24.183127962085305,,19.86,24.82,29.46,23.53,31212.37,737.0,1240.869999999999,4.140166491500255,654581.2200000001,838277.88,12342585.33,-345806.49,-781539.0200000001,-8.550500000000001,2486.0,256,230,26,21.61078125,1.1940915403227883,CALL WALL + VOL SENSITIVE
2026-07-10T12:10:52 ET,2026-07-10T12:10:00 ET,2026-07-10,Fri,1210ET,AGGREGATE,29971.5,707.585,29987.6,NEAR_FLIP,EXPANSION,,24.183127962085305,,19.86,24.82,29.46,23.53,31212.47,737.0,1240.9700000000012,4.1405001418013825,2118020.1199999996,2274477.1,39201597.980000004,-788141.4,1979076.4100000001,20.091607000000003,8116.799999999999,610,590,20,21.72737704918033,3.567118182122858,CALL WALL + VOL SENSITIVE
2026-07-10T12:10:52 ET,2026-07-10T12:10:00 ET,2026-07-10,Fri,1210ET,AGGREGATE,29971.5,707.585,29987.6,NEAR_FLIP,EXPANSION,,24.183127962085305,,19.86,24.82,29.46,23.53,31217.44,737.0,1245.9399999999987,4.157082561767007,1292235.9700000002,9361644.53,16065418.440000005,-10107510.370000001,-80603774.58000001,-698.771811,18565.78,3181,1861,1320,33.98754165356806,6.929256593062218,CALL WALL + VOL SENSITIVE
2026-07-10T12:10:52 ET,2026-07-10T12:10:00 ET,2026-07-10,Fri,1210ET,AGGREGATE,29971.5,707.585,29987.6,NEAR_FLIP,EXPANSION,,24.183127962085305,,19.86,24.82,29.46,23.53,31238.62,737.5,1267.119999999999,4.227749695544096,1246597.98,2171459.98,15805605.580000002,-2312475.4699999997,-8454635.62,-70.760158,4088.91,777,619,158,33.24015444015444,2.463920566376673,CALL WALL + VOL SENSITIVE
2026-07-10T12:10:52 ET,2026-07-10T12:10:00 ET,2026-07-10,Fri,1210ET,AGGREGATE,29971.5,707.585,29987.6,NEAR_FLIP,EXPANSION,,24.183127962085305,,19.86,24.82,29.46,23.53,31254.72,738.0,1283.2200000000012,4.281467394024327,1095494.55,1265403.99,21025002.79,-539685.1599999999,-325922.42999999993,-3.4227399999999992,3777.46,418,391,27,21.724641148325357,1.9961580697877137,CALL WALL + VOL SENSITIVE
2026-07-10T12:10:52 ET,2026-07-10T12:10:00 ET,2026-07-10,Fri,1210ET,AGGREGATE,29971.5,707.585,29987.6,NEAR_FLIP,EXPANSION,,24.183127962085305,,19.86,24.82,29.46,23.53,31254.82,738.0,1283.3199999999997,4.281801044325442,2538075.42,2722559.42,48186870.980000004,-973426.46,2254975.67,21.416565,9787.05,776,751,25,21.890605670103092,4.394149476311275,CALL WALL + VOL SENSITIVE
2026-07-10T12:10:52 ET,2026-07-10T12:10:00 ET,2026-07-10,Fri,1210ET,AGGREGATE,29971.5,707.585,29987.6,NEAR_FLIP,EXPANSION,,24.183127962085305,,19.86,24.82,29.46,23.53,31259.8,738.0,1288.2999999999993,4.298416829321186,2650755.14,2765552.6,34425508.76,-2903236.88,1658403.53,11.813635999999999,4919.07,1055,1034,21,32.39658767772512,4.188905911553125,CALL WALL + VOL SENSITIVE
2026-07-10T12:10:52 ET,2026-07-10T12:10:00 ET,2026-07-10,Fri,1210ET,AGGREGATE,29971.5,707.585,29987.6,NEAR_FLIP,EXPANSION,,24.183127962085305,,19.86,24.82,29.46,23.53,31297.07,739.0,1325.5699999999997,4.422768296548386,591066.13,636925.8099999999,11791051.72,-279404.27,204229.20999999996,1.3646150000000006,1880.8,233,225,8,21.521802575107294,1.1080201272153367,CALL WALL + VOL SENSITIVE
2026-07-10T12:10:52 ET,2026-07-10T12:10:00 ET,2026-07-10,Fri,1210ET,AGGREGATE,29971.5,707.585,29987.6,NEAR_FLIP,EXPANSION,,24.183127962085305,,19.86,24.82,29.46,23.53,31297.17,739.0,1325.6699999999983,4.423101946849501,1061694.14,1225415.34,21044801.18,-451679.75,44873.070000000065,-0.4417080000000002,4374.78,379,355,24,21.732189973614776,1.9392945483994655,CALL WALL + VOL SENSITIVE
2026-07-10T12:10:52 ET,2026-07-10T12:10:00 ET,2026-07-10,Fri,1210ET,AGGREGATE,29971.5,707.585,29987.6,NEAR_FLIP,EXPANSION,,24.183127962085305,,19.86,24.82,29.46,23.53,31302.16,739.0,1330.6599999999999,4.439751096875365,2734380.29,2827009.25,36418426.019999996,-3058348.5,1828767.2600000002,12.284489,5055.41,1176,1157,19,32.578988095238095,4.461610449797154,CALL WALL + VOL SENSITIVE
2026-07-10T12:10:52 ET,2026-07-10T12:10:00 ET,2026-07-10,Fri,1210ET,AGGREGATE,29971.5,707.585,29987.6,NEAR_FLIP,EXPANSION,,24.183127962085305,,19.86,24.82,29.46,23.53,31339.42,740.0,1367.9199999999983,4.5640691990724465,2031665.8200000003,2282537.16,41654218.25,-1035077.23,-749590.7200000002,-5.869140000000002,6787.53,913,864,49,21.586604600219054,3.9898551759149186,CALL WALL + VOL SENSITIVE
2026-07-10T12:10:52 ET,2026-07-10T12:10:00 ET,2026-07-10,Fri,1210ET,AGGREGATE,29971.5,707.585,29987.6,NEAR_FLIP,EXPANSION,,24.183127962085305,,19.86,24.82,29.46,23.53,31339.52,740.0,1368.0200000000004,4.564402849373573,226248.45999999996,2146944.92,4819352.25,-831645.9299999999,-19203201.01,-166.683505,7959.85,712,399,313,22.11192415730337,1.2398091387613897,CALL WALL + VOL SENSITIVE
2026-07-10T12:10:52 ET,2026-07-10T12:10:00 ET,2026-07-10,Fri,1210ET,AGGREGATE,29971.5,707.585,29987.6,NEAR_FLIP,EXPANSION,,24.183127962085305,,19.86,24.82,29.46,23.53,31344.52,740.0,1373.0200000000004,4.581085364429542,14600265.209999999,14690302.17,199714957.03,-16312524.09,14665066.520000001,91.27546000000001,26272.86,6679,6658,21,32.69329989519389,24.48786034166851,CALL WALL + VOL SENSITIVE
2026-07-10T12:10:52 ET,2026-07-10T12:10:00 ET,2026-07-10,Fri,1210ET,AGGREGATE,29971.5,707.585,29987.6,NEAR_FLIP,EXPANSION,,24.183127962085305,,19.86,24.82,29.46,23.53,31381.77,741.0,1410.2700000000004,4.705370101596518,468402.51,495402.17000000004,9873014.76,-230652.66999999998,154132.87,1.0320319999999996,1469.8999999999999,217,211,6,21.58921658986175,0.938710814966047,CALL WALL + VOL SENSITIVE
2026-07-10T12:10:52 ET,2026-07-10T12:10:00 ET,2026-07-10,Fri,1210ET,AGGREGATE,29971.5,707.585,29987.6,NEAR_FLIP,EXPANSION,,24.183127962085305,,19.86,24.82,29.46,23.53,31381.88,741.0,1410.380000000001,4.705737116927752,463196.18,474485.01999999996,9748026.94,-185266.7,506233.26,3.9149439999999998,1685.79,172,170,2,21.623720930232558,0.8885291904229841,CALL WALL + VOL SENSITIVE
2026-07-10T12:10:52 ET,2026-07-10T12:10:00 ET,2026-07-10,Fri,1210ET,AGGREGATE,29971.5,707.585,29987.6,NEAR_FLIP,EXPANSION,,24.183127962085305,,19.86,24.82,29.46,23.53,31386.87,741.0,1415.369999999999,4.7223862669536025,2167396.93,2174902.97,30416043.779999997,-2483792.86,2215089.55,12.595468,3904.52,1084,1082,2,32.837767527675275,3.7665482304683584,CALL WALL + VOL SENSITIVE
2026-07-10T12:10:52 ET,2026-07-10T12:10:00 ET,2026-07-10,Fri,1210ET,AGGREGATE,29971.5,707.585,29987.6,NEAR_FLIP,EXPANSION,,24.183127962085305,,19.86,24.82,29.46,23.53,31424.12,742.0,1452.619999999999,4.846671004120577,948383.85,948383.85,20617999.6,-451543.18,1081852.21,6.34804,2795.12,456,456,0,21.57,1.956843842006882,CALL WALL + VOL SENSITIVE
2026-07-10T12:10:52 ET,2026-07-10T12:10:00 ET,2026-07-10,Fri,1210ET,AGGREGATE,29971.5,707.585,29987.6,NEAR_FLIP,EXPANSION,,24.183127962085305,,19.86,24.82,29.46,23.53,31424.23,742.0,1452.7299999999996,4.847038019451811,1482855.96,1487956.48,32303754.73,-596729.9600000001,1902941.27,13.535417,5251.629999999999,590,589,1,21.502169491525425,2.952896780251003,CALL WALL + VOL SENSITIVE
2026-07-10T12:10:52 ET,2026-07-10T12:10:00 ET,2026-07-10,Fri,1210ET,AGGREGATE,29971.5,707.585,29987.6,NEAR_FLIP,EXPANSION,,24.183127962085305,,19.86,24.82,29.46,23.53,31429.23,742.0,1457.7299999999996,4.863720534507781,2099065.41,2115020.37,30197305.009999998,-2486124.94,1909618.0300000003,10.039878999999999,3815.46,1161,1156,5,32.958217054263564,3.795758079374795,CALL WALL + VOL SENSITIVE
2026-07-10T12:10:52 ET,2026-07-10T12:10:00 ET,2026-07-10,Fri,1210ET,AGGREGATE,29971.5,707.585,29987.6,NEAR_FLIP,EXPANSION,,24.183127962085305,,19.86,24.82,29.46,23.53,31450.41,742.5,1478.9099999999999,4.93438766828487,815542.11,841786.5299999999,11823163.33,-1010406.1900000001,271239.4199999999,1.797365,1535.03,487,478,9,33.05872689938398,1.5149967751642763,CALL WALL + VOL SENSITIVE
2026-07-10T12:10:52 ET,2026-07-10T12:10:00 ET,2026-07-10,Fri,1210ET,AGGREGATE,29971.5,707.585,29987.6,NEAR_FLIP,EXPANSION,,24.183127962085305,,19.86,24.82,29.46,23.53,31466.48,743.0,1494.9799999999996,4.988005271674757,269223.25,269223.25,6023186.7,-131668.85,300781.04,1.597642,793.15,143,143,0,21.57,0.5758821637650795,CALL WALL + VOL SENSITIVE
2026-07-10T12:10:52 ET,2026-07-10T12:10:00 ET,2026-07-10,Fri,1210ET,AGGREGATE,29971.5,707.585,29987.6,NEAR_FLIP,EXPANSION,,24.183127962085305,,19.86,24.82,29.46,23.53,31466.58,743.0,1495.0800000000017,4.988338921975883,1159663.98,1159663.98,26155663.93,-477503.52,1491937.16,9.647647,4065.25,506,506,0,21.37,2.402776683198567,CALL WALL + VOL SENSITIVE
2026-07-10T12:10:52 ET,2026-07-10T12:10:00 ET,2026-07-10,Fri,1210ET,AGGREGATE,29971.5,707.585,29987.6,NEAR_FLIP,EXPANSION,,24.183127962085305,,19.86,24.82,29.46,23.53,31471.59,743.0,1500.0900000000001,5.005054802061959,1286743.05,1384581.03,18481155.62,-1710600.79,-1065126.71,-2.486892,2599.56,826,789,37,33.498728813559325,2.451673579082965,CALL WALL + VOL SENSITIVE
2026-07-10T12:10:52 ET,2026-07-10T12:10:00 ET,2026-07-10,Fri,1210ET,AGGREGATE,29971.5,707.585,29987.6,NEAR_FLIP,EXPANSION,,24.183127962085305,,19.86,24.82,29.46,23.53,31508.83,744.0,1537.3300000000017,5.1293061741988275,377101.53,377101.53,8634765.41,-189352.15,416123.28,2.021569,1115.8,219,219,0,21.66,0.835086714040768,CALL WALL + VOL SENSITIVE
2026-07-10T12:10:52 ET,2026-07-10T12:10:00 ET,2026-07-10,Fri,1210ET,AGGREGATE,29971.5,707.585,29987.6,NEAR_FLIP,EXPANSION,,24.183127962085305,,19.86,24.82,29.46,23.53,31508.93,744.0,1537.4300000000003,5.129639824499942,253730.12,257717.74,5863601.68,-109104.85,255910.07,1.548978,907.39,122,121,1,21.431229508196722,0.5423623372513143,CALL WALL + VOL SENSITIVE
2026-07-10T12:10:52 ET,2026-07-10T12:10:00 ET,2026-07-10,Fri,1210ET,AGGREGATE,29971.5,707.585,29987.6,NEAR_FLIP,EXPANSION,,24.183127962085305,,19.86,24.82,29.46,23.53,31513.95,744.0,1542.4500000000007,5.146389069616138,1335748.01,1377091.49,20219360.26,-1704113.27,729878.82,2.0159970000000005,2500.96,913,903,10,33.24654983570647,2.6338418045132554,CALL WALL + VOL SENSITIVE
2026-07-10T12:10:52 ET,2026-07-10T12:10:00 ET,2026-07-10,Fri,1210ET,AGGREGATE,29971.5,707.585,29987.6,NEAR_FLIP,EXPANSION,,24.183127962085305,,19.86,24.82,29.46,23.53,31551.18,745.0,1579.6800000000003,5.270607076722888,867013.74,867013.74,20388584.98,-446633.89,938478.43,4.11404,2565.54,558,558,0,21.67,1.9995815044141125,CALL WALL + VOL SENSITIVE
2026-07-10T12:10:52 ET,2026-07-10T12:10:00 ET,2026-07-10,Fri,1210ET,AGGREGATE,29971.5,707.585,29987.6,NEAR_FLIP,EXPANSION,,24.183127962085305,,19.86,24.82,29.46,23.53,31551.28,745.0,1579.7799999999988,5.270940727024002,1275054.53,1275054.53,30377984.72,-552767.56,1577233.51,8.558555,4467.06,663,663,0,21.36,2.832275013738353,CALL WALL + VOL SENSITIVE
2026-07-10T12:10:52 ET,2026-07-10T12:10:00 ET,2026-07-10,Fri,1210ET,AGGREGATE,29971.5,707.585,29987.6,NEAR_FLIP,EXPANSION,,24.183127962085305,,19.86,24.82,29.46,23.53,31556.3,745.0,1584.7999999999993,5.287689972140197,10385345.44,10408281.459999999,158515216.14000002,-13219994.42,10469568.620000001,41.370216,19188.4,7332,7326,6,33.76313420621931,20.760039996860407,CALL WALL + VOL SENSITIVE
2026-07-10T12:10:52 ET,2026-07-10T12:10:00 ET,2026-07-10,Fri,1210ET,AGGREGATE,29971.5,707.585,29987.6,NEAR_FLIP,EXPANSION,,24.183127962085305,,19.86,24.82,29.46,23.53,31593.53,746.0,1622.0299999999988,5.411907979246947,176135.67,176135.67,4240729.48,-93039.96,187853.46,0.746808,522.48,125,125,0,21.73,0.4200294883203921,CALL WALL + VOL SENSITIVE
2026-07-10T12:10:52 ET,2026-07-10T12:10:00 ET,2026-07-10,Fri,1210ET,AGGREGATE,29971.5,707.585,29987.6,NEAR_FLIP,EXPANSION,,24.183127962085305,,19.86,24.82,29.46,23.53,31593.63,746.0,1622.130000000001,5.412241629548074,67964.5,67964.5,1650456.4,-30211.01,83515.61,0.421459,239.79,38,38,0,21.51,0.15325417416789464,CALL WALL + VOL SENSITIVE
2026-07-10T12:10:52 ET,2026-07-10T12:10:00 ET,2026-07-10,Fri,1210ET,AGGREGATE,29971.5,707.585,29987.6,NEAR_FLIP,EXPANSION,,24.183127962085305,,19.86,24.82,29.46,23.53,31598.66,746.0,1627.1599999999999,5.4290242396943755,1312929.16,1312929.16,20573785.88,-1709917.64,1346446.14,4.821188,2418.38,1035,1035,0,33.75,2.7447044968393235,CALL WALL + VOL SENSITIVE
2026-07-10T12:10:52 ET,2026-07-10T12:10:00 ET,2026-07-10,Fri,1210ET,AGGREGATE,29971.5,707.585,29987.6,NEAR_FLIP,EXPANSION,,24.183127962085305,,19.86,24.82,29.46,23.53,31635.88,747.0,1664.380000000001,5.5532088817710195,359739.51,359739.51,8871349.52,-194745.34,377455.28,1.353691,1068.53,283,283,0,21.76,0.8946526575147525,CALL WALL + VOL SENSITIVE
2026-07-10T12:10:52 ET,2026-07-10T12:10:00 ET,2026-07-10,Fri,1210ET,AGGREGATE,29971.5,707.585,29987.6,NEAR_FLIP,EXPANSION,,24.183127962085305,,19.86,24.82,29.46,23.53,31635.98,747.0,1664.4799999999996,5.553542532072134,215546.98,215546.98,5411582.94,-98139.9,256479.62,1.155448,754.3,135,135,0,21.34,0.5129366058535488,CALL WALL + VOL SENSITIVE
2026-07-10T12:10:52 ET,2026-07-10T12:10:00 ET,2026-07-10,Fri,1210ET,AGGREGATE,29971.5,707.585,29987.6,NEAR_FLIP,EXPANSION,,24.183127962085305,,19.86,24.82,29.46,23.53,31641.02,747.0,1669.5200000000004,5.570358507248555,1060149.54,1150358.96,17428049.759999998,-1488726.51,715969.94,-5.094307,2078.59,944,938,6,34.143961864406776,2.377846131120045,CALL WALL + VOL SENSITIVE
2026-07-10T12:10:52 ET,2026-07-10T12:10:00 ET,2026-07-10,Fri,1210ET,AGGREGATE,29971.5,707.585,29987.6,NEAR_FLIP,EXPANSION,,24.183127962085305,,19.86,24.82,29.46,23.53,31678.23,748.0,1706.7299999999996,5.694509784295079,165879.69,165879.69,4171437.95,-91988.41,172420.3,0.564284,495.27,143,143,0,21.88,0.42622658050185624,CALL WALL + VOL SENSITIVE
2026-07-10T12:10:52 ET,2026-07-10T12:10:00 ET,2026-07-10,Fri,1210ET,AGGREGATE,29971.5,707.585,29987.6,NEAR_FLIP,EXPANSION,,24.183127962085305,,19.86,24.82,29.46,23.53,31678.33,748.0,1706.8300000000017,5.694843434596206,99688.29,99688.29,2556978.16,-46480.7,117165.5,0.484646,350.01,68,68,0,21.42,0.24398540842748032,CALL WALL + VOL SENSITIVE
2026-07-10T12:10:52 ET,2026-07-10T12:10:00 ET,2026-07-10,Fri,1210ET,AGGREGATE,29971.5,707.585,29987.6,NEAR_FLIP,EXPANSION,,24.183127962085305,,19.86,24.82,29.46,23.53,31683.38,748.0,1711.880000000001,5.711692774802732,846447.0900000001,969857.53,14238246.89,-1279406.6,-332329.12,-9.352659,1766.11,847,829,18,34.57544273907911,2.015367142594883,CALL WALL + VOL SENSITIVE
2026-07-10T12:10:52 ET,2026-07-10T12:10:00 ET,2026-07-10,Fri,1210ET,AGGREGATE,29971.5,707.585,29987.6,NEAR_FLIP,EXPANSION,,24.183127962085305,,19.86,24.82,29.46,23.53,31720.58,749.0,1749.0800000000017,5.83581068681915,177800.12,177800.12,4584940.53,-100951.44,181172.09,0.528381,530.25,172,172,0,21.86,0.4783558780935649,CALL WALL + VOL SENSITIVE
2026-07-10T12:10:52 ET,2026-07-10T12:10:00 ET,2026-07-10,Fri,1210ET,AGGREGATE,29971.5,707.585,29987.6,NEAR_FLIP,EXPANSION,,24.183127962085305,,19.86,24.82,29.46,23.53,31720.68,749.0,1749.1800000000003,5.836144337120265,536856.47,536856.47,14112571.9,-256182.48,619360.64,2.322254,1883.88,404,404,0,21.41,1.373556567300899,CALL WALL + VOL SENSITIVE
2026-07-10T12:10:52 ET,2026-07-10T12:10:00 ET,2026-07-10,Fri,1210ET,AGGREGATE,29971.5,707.585,29987.6,NEAR_FLIP,EXPANSION,,24.183127962085305,,19.86,24.82,29.46,23.53,31725.73,749.0,1754.2299999999996,5.8529936773267925,1415942.89,1415942.89,23098375.81,-1985268.32,1383638.06,4.184952,2697.67,1390,1389,1,34.87240287769784,3.250930645621105,CALL WALL + VOL SENSITIVE
2026-07-10T12:10:52 ET,2026-07-10T12:10:00 ET,2026-07-10,Fri,1210ET,AGGREGATE,29971.5,707.585,29987.6,NEAR_FLIP,EXPANSION,,24.183127962085305,,19.86,24.82,29.46,23.53,31762.93,750.0,1791.4300000000003,5.9771115893432105,2352987.95,2352987.95,61209968.37,-1374509.16,1688647.98,6.482573,7127.63,2464,2454,10,22.086818181818177,6.5318493692235595,CALL WALL + VOL SENSITIVE
2026-07-10T12:10:52 ET,2026-07-10T12:10:00 ET,2026-07-10,Fri,1210ET,AGGREGATE,29971.5,707.585,29987.6,NEAR_FLIP,EXPANSION,,24.183127962085305,,19.86,24.82,29.46,23.53,31763.03,750.0,1791.5299999999988,5.977445239644325,454389.17,454389.17,12252421.17,-221804.15,513396.83,1.732155,1591.23,380,380,0,21.37,1.2108600954384139,CALL WALL + VOL SENSITIVE
2026-07-10T12:10:52 ET,2026-07-10T12:10:00 ET,2026-07-10,Fri,1210ET,AGGREGATE,29971.5,707.585,29987.6,NEAR_FLIP,EXPANSION,,24.183127962085305,,19.86,24.82,29.46,23.53,31768.09,750.0,1796.5900000000001,5.994327944880971,9701372.74,9701372.74,162653515.71,-13926472.26,9080356.51,24.538511,18404.83,10853,10844,9,34.73301852022482,23.596017266055558,CALL WALL + VOL SENSITIVE
2026-07-10T12:10:52 ET,2026-07-10T12:10:00 ET,2026-07-10,Fri,1210ET,AGGREGATE,29971.5,707.585,29987.6,NEAR_FLIP,EXPANSION,,24.183127962085305,,19.86,24.82,29.46,23.53,31805.28,751.0,1833.7799999999988,6.11841249186727,84138.08,84138.08,2242921.7,-50013.28,84716.98,0.207321,254.28,97,97,0,22.16,0.24176190119633645,CALL WALL + VOL SENSITIVE
2026-07-10T12:10:52 ET,2026-07-10T12:10:00 ET,2026-07-10,Fri,1210ET,AGGREGATE,29971.5,707.585,29987.6,NEAR_FLIP,EXPANSION,,24.183127962085305,,19.86,24.82,29.46,23.53,31805.38,751.0,1833.880000000001,6.118746142168396,17818.61,17818.61,487405.74,-8894.63,20091.24,0.063132,62.94,16,16,0,21.56,0.04687711054555718,CALL WALL + VOL SENSITIVE
2026-07-10T12:10:52 ET,2026-07-10T12:10:00 ET,2026-07-10,Fri,1210ET,AGGREGATE,29971.5,707.585,29987.6,NEAR_FLIP,EXPANSION,,24.183127962085305,,19.86,24.82,29.46,23.53,31810.45,751.0,1838.9500000000007,6.135662212435149,530971.92,530971.92,9021763.7,-778908.65,532423.66,1.250755,1016.69,638,638,0,35.1,1.3328874333626517,CALL WALL + VOL SENSITIVE
2026-07-10T12:10:52 ET,2026-07-10T12:10:00 ET,2026-07-10,Fri,1210ET,AGGREGATE,29971.5,707.585,29987.6,NEAR_FLIP,EXPANSION,,24.183127962085305,,19.86,24.82,29.46,23.53,31847.63,752.0,1876.130000000001,6.259713394391342,94506.53,94506.53,2569786.77,-57445.7,93966.31,0.207062,286.34,121,121,0,22.22,0.28394819061144455,CALL WALL + VOL SENSITIVE
2026-07-10T12:10:52 ET,2026-07-10T12:10:00 ET,2026-07-10,Fri,1210ET,AGGREGATE,29971.5,707.585,29987.6,NEAR_FLIP,EXPANSION,,24.183127962085305,,19.86,24.82,29.46,23.53,31847.73,752.0,1876.2299999999996,6.260047044692456,112910.2,112910.2,3171468.62,-57604.3,124279.93,0.347311,397.16,114,114,0,21.47,0.32228099705757196,CALL WALL + VOL SENSITIVE
2026-07-10T12:10:52 ET,2026-07-10T12:10:00 ET,2026-07-10,Fri,1210ET,AGGREGATE,29971.5,707.585,29987.6,NEAR_FLIP,EXPANSION,,24.183127962085305,,19.86,24.82,29.46,23.53,31852.81,752.0,1881.3100000000013,6.276996479989327,526974.37,526974.37,9060066.99,-790551.75,529124.0,1.15745,1019.68,680,680,0,35.47,1.3674253960102074,CALL WALL + VOL SENSITIVE
2026-07-10T12:10:52 ET,2026-07-10T12:10:00 ET,2026-07-10,Fri,1210ET,AGGREGATE,29971.5,707.585,29987.6,NEAR_FLIP,EXPANSION,,24.183127962085305,,19.86,24.82,29.46,23.53,31889.98,753.0,1918.4799999999996,6.401014296915402,142817.47,142817.47,3931303.19,-88724.17,142028.56,0.290498,436.93,197,197,0,22.44,0.4437241421043628,CALL WALL + VOL SENSITIVE
2026-07-10T12:10:52 ET,2026-07-10T12:10:00 ET,2026-07-10,Fri,1210ET,AGGREGATE,29971.5,707.585,29987.6,NEAR_FLIP,EXPANSION,,24.183127962085305,,19.86,24.82,29.46,23.53,31890.08,753.0,1918.5800000000017,6.401347947216528,87740.9,87740.9,2509921.45,-45734.32,95594.9,0.24398,309.74,97,97,0,21.55,0.25919434741733627,CALL WALL + VOL SENSITIVE
2026-07-10T12:10:52 ET,2026-07-10T12:10:00 ET,2026-07-10,Fri,1210ET,AGGREGATE,29971.5,707.585,29987.6,NEAR_FLIP,EXPANSION,,24.183127962085305,,19.86,24.82,29.46,23.53,31895.16,753.0,1923.6599999999999,6.418297382513387,843685.52,843685.52,14670803.01,-1293773.6,848456.08,1.729941,1649.6,1168,1168,0,35.84,2.264601667676969,CALL WALL + VOL SENSITIVE
2026-07-10T12:10:52 ET,2026-07-10T12:10:00 ET,2026-07-10,Fri,1210ET,AGGREGATE,29971.5,707.585,29987.6,NEAR_FLIP,EXPANSION,,24.183127962085305,,19.86,24.82,29.46,23.53,31932.33,754.0,1960.8300000000017,6.542315199439473,66683.57,66683.57,1857345.95,-42321.15,66346.8,0.126083,206.0,99,99,0,22.65,0.21273801383280005,CALL WALL + VOL SENSITIVE
2026-07-10T12:10:52 ET,2026-07-10T12:10:00 ET,2026-07-10,Fri,1210ET,AGGREGATE,29971.5,707.585,29987.6,NEAR_FLIP,EXPANSION,,24.183127962085305,,19.86,24.82,29.46,23.53,31932.43,754.0,1960.9300000000003,6.542648849740589,97198.42,97198.42,2865865.48,-51747.12,102566.3,0.226846,340.02,124,124,0,21.36,0.30493779827363415,CALL WALL + VOL SENSITIVE
2026-07-10T12:10:52 ET,2026-07-10T12:10:00 ET,2026-07-10,Fri,1210ET,AGGREGATE,29971.5,707.585,29987.6,NEAR_FLIP,EXPANSION,,24.183127962085305,,19.86,24.82,29.46,23.53,31937.52,754.0,1966.0200000000004,6.5596316500675655,547245.93,547245.93,9500331.39,-869024.5700000001,-14745.050000000047,1.04881,1096.87,820,812,8,36.24780487804878,1.5187776818980723,CALL WALL + VOL SENSITIVE
2026-07-10T12:10:52 ET,2026-07-10T12:10:00 ET,2026-07-10,Fri,1210ET,AGGREGATE,29971.5,707.585,29987.6,NEAR_FLIP,EXPANSION,,24.183127962085305,,19.86,24.82,29.46,23.53,31974.68,755.0,2003.1800000000003,6.6836161019635325,179511.96,179511.96,5099050.53,-116379.4,176140.08,0.299356,555.22,298,298,0,22.69,0.6053390874456304,CALL WALL + VOL SENSITIVE
2026-07-10T12:10:52 ET,2026-07-10T12:10:00 ET,2026-07-10,Fri,1210ET,AGGREGATE,29971.5,707.585,29987.6,NEAR_FLIP,EXPANSION,,24.183127962085305,,19.86,24.82,29.46,23.53,31974.79,755.0,2003.2900000000009,6.6839831172947655,1549861.77,1549861.77,45987324.3,-842300.55,1651467.91,3.48548,5502.46,2072,2072,0,21.68,4.982159271026157,CALL WALL + VOL SENSITIVE
2026-07-10T12:10:52 ET,2026-07-10T12:10:00 ET,2026-07-10,Fri,1210ET,AGGREGATE,29971.5,707.585,29987.6,NEAR_FLIP,EXPANSION,,24.183127962085305,,19.86,24.82,29.46,23.53,31979.88,755.0,2008.380000000001,6.700965917621744,2169353.96,2169353.96,38911284.02,-3473585.26,2153172.76,3.657364,4288.08,3605,3605,0,36.24,6.365873898124814,CALL WALL + VOL SENSITIVE
2026-07-10T12:10:52 ET,2026-07-10T12:10:00 ET,2026-07-10,Fri,1210ET,AGGREGATE,29971.5,707.585,29987.6,NEAR_FLIP,EXPANSION,,24.183127962085305,,19.86,24.82,29.46,23.53,32017.03,756.0,2045.5299999999988,6.824917004487592,18146.27,18146.27,526232.55,-12015.44,17516.68,0.026376,56.11,34,34,0,22.68,0.06292009235601789,CALL WALL + VOL SENSITIVE
2026-07-10T12:10:52 ET,2026-07-10T12:10:00 ET,2026-07-10,Fri,1210ET,AGGREGATE,29971.5,707.585,29987.6,NEAR_FLIP,EXPANSION,,24.183127962085305,,19.86,24.82,29.46,23.53,32017.14,756.0,2045.6399999999994,6.825284019818826,816343.13,816343.13,24676385.69,-452782.64,859132.68,1.639513,2903.64,1207,1207,0,21.73,2.737036191787127,CALL WALL + VOL SENSITIVE
2026-07-10T12:10:52 ET,2026-07-10T12:10:00 ET,2026-07-10,Fri,1210ET,AGGREGATE,29971.5,707.585,29987.6,NEAR_FLIP,EXPANSION,,24.183127962085305,,19.86,24.82,29.46,23.53,32022.24,756.0,2050.7400000000016,6.842300185175923,244207.76,244207.76,4383000.77,-399015.79,247056.89,0.410367,492.43,415,415,0,36.97,0.7236533646845457,CALL WALL + VOL SENSITIVE
2026-07-10T12:10:52 ET,2026-07-10T12:10:00 ET,2026-07-10,Fri,1210ET,AGGREGATE,29971.5,707.585,29987.6,NEAR_FLIP,EXPANSION,,24.183127962085305,,19.86,24.82,29.46,23.53,32059.38,757.0,2087.880000000001,6.966217907011664,22322.98,22322.98,654261.92,-15083.99,21571.08,0.03019,69.68,45,45,0,22.9,0.08061820741019826,CALL WALL + VOL SENSITIVE
2026-07-10T12:10:52 ET,2026-07-10T12:10:00 ET,2026-07-10,Fri,1210ET,AGGREGATE,29971.5,707.585,29987.6,NEAR_FLIP,EXPANSION,,24.183127962085305,,19.86,24.82,29.46,23.53,32059.49,757.0,2087.9900000000016,6.966584922342897,12166.98,12166.98,374833.04,-6885.17,12630.96,0.021681,43.32,20,20,0,21.75,0.040767966074516514,CALL WALL + VOL SENSITIVE
2026-07-10T12:10:52 ET,2026-07-10T12:10:00 ET,2026-07-10,Fri,1210ET,AGGREGATE,29971.5,707.585,29987.6,NEAR_FLIP,EXPANSION,,24.183127962085305,,19.86,24.82,29.46,23.53,32064.59,757.0,2093.09,6.983601087699983,241548.25,241548.25,4420323.1,-403080.27,240793.87,0.356907,487.23,460,460,0,36.99,0.758306131800853,CALL WALL + VOL SENSITIVE
2026-07-10T12:10:52 ET,2026-07-10T12:10:00 ET,2026-07-10,Fri,1210ET,AGGREGATE,29971.5,707.585,29987.6,NEAR_FLIP,EXPANSION,,24.183127962085305,,19.86,24.82,29.46,23.53,32101.73,758.0,2130.2299999999996,7.1075188095357245,32772.24,32772.24,970387.14,-22590.35,31709.45,0.041294,103.27,71,71,0,23.12,0.12350682177645511,CALL WALL + VOL SENSITIVE
2026-07-10T12:10:52 ET,2026-07-10T12:10:00 ET,2026-07-10,Fri,1210ET,AGGREGATE,29971.5,707.585,29987.6,NEAR_FLIP,EXPANSION,,24.183127962085305,,19.86,24.82,29.46,23.53,32101.84,758.0,2130.34,7.107885824866958,74441.74,74441.74,2338947.28,-42969.02,76100.29,0.116673,265.0,137,137,0,21.75,0.27302814917993545,CALL WALL + VOL SENSITIVE
2026-07-10T12:10:52 ET,2026-07-10T12:10:00 ET,2026-07-10,Fri,1210ET,AGGREGATE,29971.5,707.585,29987.6,NEAR_FLIP,EXPANSION,,24.183127962085305,,19.86,24.82,29.46,23.53,32106.95,758.0,2135.4500000000007,7.124935355254161,921149.92,921149.92,17017760.22,-1568388.59,920533.31,1.276535,1876.81,1875,1875,0,37.36,3.0009754413367977,CALL WALL + VOL SENSITIVE
2026-07-10T12:10:52 ET,2026-07-10T12:10:00 ET,2026-07-10,Fri,1210ET,AGGREGATE,29971.5,707.585,29987.6,NEAR_FLIP,EXPANSION,,24.183127962085305,,19.86,24.82,29.46,23.53,32144.08,759.0,2172.5800000000017,7.248819712059797,34397.64,34397.64,1028595.87,-24179.4,33333.25,0.040436,109.41,80,80,0,23.34,0.13435851539628868,CALL WALL + VOL SENSITIVE
2026-07-10T12:10:52 ET,2026-07-10T12:10:00 ET,2026-07-10,Fri,1210ET,AGGREGATE,29971.5,707.585,29987.6,NEAR_FLIP,EXPANSION,,24.183127962085305,,19.86,24.82,29.46,23.53,32144.19,759.0,2172.6899999999987,7.2491867273910175,525.96,525.96,16573.48,-309.4,545.28,0.000809,1.9,1,1,0,22.11,0.0,CALL WALL + VOL SENSITIVE
2026-07-10T12:10:52 ET,2026-07-10T12:10:00 ET,2026-07-10,Fri,1210ET,AGGREGATE,29971.5,707.585,29987.6,NEAR_FLIP,EXPANSION,,24.183127962085305,,19.86,24.82,29.46,23.53,32149.31,759.0,2177.8100000000013,7.2662696228083385,594922.5,594922.5,11091997.99,-1033167.09,596091.8,0.774175,1224.28,1293,1293,0,37.74,2.0070366285165675,CALL WALL + VOL SENSITIVE
2026-07-10T12:10:52 ET,2026-07-10T12:10:00 ET,2026-07-10,Fri,1210ET,AGGREGATE,29971.5,707.585,29987.6,NEAR_FLIP,EXPANSION,,24.183127962085305,,19.86,24.82,29.46,23.53,32186.43,760.0,2214.9300000000003,7.390120614583856,149162.83,149162.83,4502963.24,-106888.17,144802.17,0.163812,478.95,372,372,0,23.56,0.6101265842862542,CALL WALL + VOL SENSITIVE
2026-07-10T12:10:52 ET,2026-07-10T12:10:00 ET,2026-07-10,Fri,1210ET,AGGREGATE,29971.5,707.585,29987.6,NEAR_FLIP,EXPANSION,,24.183127962085305,,19.86,24.82,29.46,23.53,32186.54,760.0,2215.040000000001,7.390487629915089,279571.26,279571.26,8000673.520000001,-185292.93,-3248662.29,0.400268,1132.04,621,571,50,22.36085346215781,1.0582154482736446,CALL WALL + VOL SENSITIVE
2026-07-10T12:10:52 ET,2026-07-10T12:10:00 ET,2026-07-10,Fri,1210ET,AGGREGATE,29971.5,707.585,29987.6,NEAR_FLIP,EXPANSION,,24.183127962085305,,19.86,24.82,29.46,23.53,32191.67,760.0,2220.1699999999983,7.4076038903625046,1759916.76,1759916.76,33490636.31,-3121390.54,1660428.75,1.976566,3614.9399999999996,4352,4351,1,37.660588235294114,6.371990583625334,CALL WALL + VOL SENSITIVE
2026-07-10T12:10:52 ET,2026-07-10T12:10:00 ET,2026-07-10,Fri,1210ET,AGGREGATE,29971.5,707.585,29987.6,NEAR_FLIP,EXPANSION,,24.183127962085305,,19.86,24.82,29.46,23.53,32228.79,761.0,2257.290000000001,7.531454882138034,19466.7,19466.7,593065.71,-14215.79,18935.1,0.019999,63.09,52,52,0,23.779999999999998,0.08075606822540801,CALL WALL + VOL SENSITIVE
2026-07-10T12:10:52 ET,2026-07-10T12:10:00 ET,2026-07-10,Fri,1210ET,AGGREGATE,29971.5,707.585,29987.6,NEAR_FLIP,EXPANSION,,24.183127962085305,,19.86,24.82,29.46,23.53,32228.89,761.0,2257.3899999999994,7.5317885324391485,1309.89,1309.89,42510.05,-800.23,1337.3,0.001648,4.78,3,3,0,22.290000000000003,0.0033831504309030547,CALL WALL + VOL SENSITIVE
2026-07-10T12:10:52 ET,2026-07-10T12:10:00 ET,2026-07-10,Fri,1210ET,AGGREGATE,29971.5,707.585,29987.6,NEAR_FLIP,EXPANSION,,24.183127962085305,,19.86,24.82,29.46,23.53,32234.02,761.0,2262.5200000000004,7.548904792886576,198369.23,198369.23,3763301.12,-358039.71,199907.17,0.228439,416.37,490,490,0,38.49,0.7170327094820327,CALL WALL + VOL SENSITIVE
2026-07-10T12:10:52 ET,2026-07-10T12:10:00 ET,2026-07-10,Fri,1210ET,AGGREGATE,29971.5,707.585,29987.6,NEAR_FLIP,EXPANSION,,24.183127962085305,,19.86,24.82,29.46,23.53,32271.14,762.0,2299.6399999999994,7.672755784662094,28692.62,28692.62,881881.57,-21346.17,27970.34,0.027613,93.87,82,82,0,24.01,0.12432635775215525,CALL WALL + VOL SENSITIVE
2026-07-10T12:10:52 ET,2026-07-10T12:10:00 ET,2026-07-10,Fri,1210ET,AGGREGATE,29971.5,707.585,29987.6,NEAR_FLIP,EXPANSION,,24.183127962085305,,19.86,24.82,29.46,23.53,32271.24,762.0,2299.7400000000016,7.67308943496322,29281.72,29281.72,969414.37,-18228.21,29373.98,0.031933,106.6,76,76,0,22.25,0.12531433650541016,CALL WALL + VOL SENSITIVE
2026-07-10T12:10:52 ET,2026-07-10T12:10:00 ET,2026-07-10,Fri,1210ET,AGGREGATE,29971.5,707.585,29987.6,NEAR_FLIP,EXPANSION,,24.183127962085305,,19.86,24.82,29.46,23.53,32276.38,762.0,2304.880000000001,7.690239060440756,147547.62,147547.62,2856394.96,-271781.05,145992.6,0.146514,308.95,415,415,0,38.41,0.573407762003775,CALL WALL + VOL SENSITIVE
2026-07-10T12:10:52 ET,2026-07-10T12:10:00 ET,2026-07-10,Fri,1210ET,AGGREGATE,29971.5,707.585,29987.6,NEAR_FLIP,EXPANSION,,24.183127962085305,,19.86,24.82,29.46,23.53,32313.49,763.0,2341.9900000000016,7.8140566871861665,36672.49,36672.49,1136770.62,-27786.1,35835.06,0.033104,121.1,112,112,0,24.23,0.16525397405322595,CALL WALL + VOL SENSITIVE
2026-07-10T12:10:52 ET,2026-07-10T12:10:00 ET,2026-07-10,Fri,1210ET,AGGREGATE,29971.5,707.585,29987.6,NEAR_FLIP,EXPANSION,,24.183127962085305,,19.86,24.82,29.46,23.53,32313.59,763.0,2342.09,7.81439033748728,5019.37,5019.37,167814.03,-3181.41,5035.67,0.005094,18.42,14,14,0,22.43,0.020652687452224143,CALL WALL + VOL SENSITIVE
2026-07-10T12:10:52 ET,2026-07-10T12:10:00 ET,2026-07-10,Fri,1210ET,AGGREGATE,29971.5,707.585,29987.6,NEAR_FLIP,EXPANSION,,24.183127962085305,,19.86,24.82,29.46,23.53,32318.74,763.0,2347.2400000000016,7.831573327994934,202445.88,202445.88,3903379.16,-379291.63,205318.98,0.207294,433.3,566,566,0,39.25,0.7858131359813901,CALL WALL + VOL SENSITIVE
2026-07-10T12:10:52 ET,2026-07-10T12:10:00 ET,2026-07-10,Fri,1210ET,AGGREGATE,29971.5,707.585,29987.6,NEAR_FLIP,EXPANSION,,24.183127962085305,,19.86,24.82,29.46,23.53,32355.84,764.0,2384.34,7.955357589710226,16257.92,16257.92,508110.35,-12541.79,15927.86,0.013785,54.19,53,53,0,24.46,0.07483939252332318,CALL WALL + VOL SENSITIVE
2026-07-10T12:10:52 ET,2026-07-10T12:10:00 ET,2026-07-10,Fri,1210ET,AGGREGATE,29971.5,707.585,29987.6,NEAR_FLIP,EXPANSION,,24.183127962085305,,19.86,24.82,29.46,23.53,32355.94,764.0,2384.4399999999987,7.9556912400113395,4006.96,4006.96,135245.92,-2585.13,4021.17,0.003789,14.82,12,12,0,22.61,0.016762793915714308,CALL WALL + VOL SENSITIVE
2026-07-10T12:10:52 ET,2026-07-10T12:10:00 ET,2026-07-10,Fri,1210ET,AGGREGATE,29971.5,707.585,29987.6,NEAR_FLIP,EXPANSION,,24.183127962085305,,19.86,24.82,29.46,23.53,32361.1,764.0,2389.5999999999985,7.9729075955491,309110.51,309110.51,6006016.46,-589779.6,314564.0,0.298981,668.02,918,918,0,39.63,1.2443992504283015,CALL WALL + VOL SENSITIVE
2026-07-10T12:10:52 ET,2026-07-10T12:10:00 ET,2026-07-10,Fri,1210ET,AGGREGATE,29971.5,707.585,29987.6,NEAR_FLIP,EXPANSION,,24.183127962085305,,19.86,24.82,29.46,23.53,32398.19,765.0,2426.6899999999987,8.096658492234285,59844.08,59844.08,1885160.53,-46989.14,58792.17,0.047723,201.32,208,208,0,24.68,,
2026-07-10T12:10:52 ET,2026-07-10T12:10:00 ET,2026-07-10,Fri,1210ET,AGGREGATE,29971.5,707.585,29987.6,NEAR_FLIP,EXPANSION,,24.183127962085305,,19.86,24.82,29.46,23.53,32398.29,765.0,2426.790000000001,8.096992142535411,61318.64,61318.64,2088821.38,-40256.18,61566.66,0.054071,228.64,197,197,0,22.79,,
2026-07-10T12:10:52 ET,2026-07-10T12:10:00 ET,2026-07-10,Fri,1210ET,AGGREGATE,29971.5,707.585,29987.6,NEAR_FLIP,EXPANSION,,24.183127962085305,,19.86,24.82,29.46,23.53,32403.45,765.0,2431.9500000000007,8.114208498073172,581343.78,581343.78,11344136.620000001,-1171191.5,-2973329.83,0.426948,1275.48,2220,2170,50,38.9636036036036,,
2026-07-10T12:10:52 ET,2026-07-10T12:10:00 ET,2026-07-10,Fri,1210ET,AGGREGATE,29971.5,707.585,29987.6,NEAR_FLIP,EXPANSION,,24.183127962085305,,19.86,24.82,29.46,23.53,32440.54,766.0,2469.040000000001,8.237959394758358,9386.36,9386.36,292392.56,-7483.68,9565.8,0.008172,32.48,31,31,0,25.38,,
2026-07-10T12:10:52 ET,2026-07-10T12:10:00 ET,2026-07-10,Fri,1210ET,AGGREGATE,29971.5,707.585,29987.6,NEAR_FLIP,EXPANSION,,24.183127962085305,,19.86,24.82,29.46,23.53,32440.64,766.0,2469.1399999999994,8.238293045059471,2323.24,2323.24,79850.37,-1551.63,2334.24,0.001913,8.73,8,8,0,22.98,,
2026-07-10T12:10:52 ET,2026-07-10T12:10:00 ET,2026-07-10,Fri,1210ET,AGGREGATE,29971.5,707.585,29987.6,NEAR_FLIP,EXPANSION,,24.183127962085305,,19.86,24.82,29.46,23.53,32445.81,766.0,2474.3100000000013,8.25554276562735,59189.79,59189.79,1200303.12,-117598.11,57683.41,0.04101,126.71,235,235,0,39.28,,
2026-07-10T12:10:52 ET,2026-07-10T12:10:00 ET,2026-07-10,Fri,1210ET,AGGREGATE,29971.5,707.585,29987.6,NEAR_FLIP,EXPANSION,,24.183127962085305,,19.86,24.82,29.46,23.53,32482.89,767.0,2511.3899999999994,8.379260297282416,31902.29,31902.29,1032927.21,-25973.09,30836.09,0.020408,107.94,136,136,0,24.83,,
2026-07-10T12:10:52 ET,2026-07-10T12:10:00 ET,2026-07-10,Fri,1210ET,AGGREGATE,29971.5,707.585,29987.6,NEAR_FLIP,EXPANSION,,24.183127962085305,,19.86,24.82,29.46,23.53,32482.99,767.0,2511.4900000000016,8.379593947583542,149425.12,149425.12,5180355.09,-101497.56,150263.0,0.114978,566.08,551,551,0,23.16,,
2026-07-10T12:10:52 ET,2026-07-10T12:10:00 ET,2026-07-10,Fri,1210ET,AGGREGATE,29971.5,707.585,29987.6,NEAR_FLIP,EXPANSION,,24.183127962085305,,19.86,24.82,29.46,23.53,32488.17,767.0,2516.6699999999983,8.396877033181518,88144.72,88144.72,1771448.11,-177700.64,88726.56,0.065701,193.61,336,336,0,40.29,,
2026-07-10T12:10:52 ET,2026-07-10T12:10:00 ET,2026-07-10,Fri,1210ET,AGGREGATE,29971.5,707.585,29987.6,NEAR_FLIP,EXPANSION,,24.183127962085305,,19.86,24.82,29.46,23.53,32525.24,768.0,2553.7400000000016,8.520561199806489,28436.78,28436.78,927313.43,-23547.52,27574.72,0.01715,97.1,129,129,0,25.06,,
2026-07-10T12:10:52 ET,2026-07-10T12:10:00 ET,2026-07-10,Fri,1210ET,AGGREGATE,29971.5,707.585,29987.6,NEAR_FLIP,EXPANSION,,24.183127962085305,,19.86,24.82,29.46,23.53,32525.34,768.0,2553.84,8.520894850107602,15208.47,15208.47,531689.25,-10503.73,15309.76,0.010949,58.07,60,60,0,23.34,,
2026-07-10T12:10:52 ET,2026-07-10T12:10:00 ET,2026-07-10,Fri,1210ET,AGGREGATE,29971.5,707.585,29987.6,NEAR_FLIP,EXPANSION,,24.183127962085305,,19.86,24.82,29.46,23.53,32530.53,768.0,2559.029999999999,8.538211300735695,95595.61,95595.61,1965554.27,-196707.39,93844.72,0.059165,208.53,428,428,0,40.02,,
2026-07-10T12:10:52 ET,2026-07-10T12:10:00 ET,2026-07-10,Fri,1210ET,AGGREGATE,29971.5,707.585,29987.6,NEAR_FLIP,EXPANSION,,24.183127962085305,,19.86,24.82,29.46,23.53,32567.59,769.0,2596.09,8.661862102330547,29036.41,29036.41,953406.31,-24448.83,28251.28,0.016531,100.06,140,140,0,25.29,,
2026-07-10T12:10:52 ET,2026-07-10T12:10:00 ET,2026-07-10,Fri,1210ET,AGGREGATE,29971.5,707.585,29987.6,NEAR_FLIP,EXPANSION,,24.183127962085305,,19.86,24.82,29.46,23.53,32572.88,769.0,2601.380000000001,8.679512203259767,79843.15,79843.15,1652486.83,-167135.0,78681.49,0.046788,175.8,379,379,0,40.4,,
2026-07-10T12:10:52 ET,2026-07-10T12:10:00 ET,2026-07-10,Fri,1210ET,AGGREGATE,29971.5,707.585,29987.6,NEAR_FLIP,EXPANSION,,24.183127962085305,,19.86,24.82,29.46,23.53,32609.94,770.0,2638.4399999999987,8.803163004854607,18560.0,18560.0,613474.7,-15886.68,18122.01,0.009989,64.54,95,95,0,25.52,,
2026-07-10T12:10:52 ET,2026-07-10T12:10:00 ET,2026-07-10,Fri,1210ET,AGGREGATE,29971.5,707.585,29987.6,NEAR_FLIP,EXPANSION,,24.183127962085305,,19.86,24.82,29.46,23.53,32610.05,770.0,2638.5499999999993,8.80353002018584,85490.27,85490.27,3036886.63,-60996.34,86283.59,0.05406,331.62,385,385,0,23.71,,
2026-07-10T12:10:52 ET,2026-07-10T12:10:00 ET,2026-07-10,Fri,1210ET,AGGREGATE,29971.5,707.585,29987.6,NEAR_FLIP,EXPANSION,,24.183127962085305,,19.86,24.82,29.46,23.53,32615.24,770.0,2643.7400000000016,8.820846470813946,598728.0,598728.0,12470656.65,-1274671.33,592348.54,0.332586,1330.54,3010,3010,0,40.77,,
2026-07-10T12:10:52 ET,2026-07-10T12:10:00 ET,2026-07-10,Fri,1210ET,AGGREGATE,29971.5,707.585,29987.6,NEAR_FLIP,EXPANSION,,24.183127962085305,,19.86,24.82,29.46,23.53,32652.29,771.0,2680.790000000001,8.94446390737868,2761.49,2761.49,75406.78,-2365.55,3862.45,0.006019,11.85,5,5,0,31.380000000000003,,
2026-07-10T12:10:52 ET,2026-07-10T12:10:00 ET,2026-07-10,Fri,1210ET,AGGREGATE,29971.5,707.585,29987.6,NEAR_FLIP,EXPANSION,,24.183127962085305,,19.86,24.82,29.46,23.53,32652.4,771.0,2680.9000000000015,8.944830922709912,674.55,674.55,22298.34,-486.02,787.03,0.000749,2.86,2,2,0,25.88,,
2026-07-10T12:10:52 ET,2026-07-10T12:10:00 ET,2026-07-10,Fri,1210ET,AGGREGATE,29971.5,707.585,29987.6,NEAR_FLIP,EXPANSION,,24.183127962085305,,19.86,24.82,29.46,23.53,32657.6,771.0,2686.0999999999985,8.962180738368112,141384.74,141384.74,2962997.56,-306058.5,140446.47,0.074535,317.1,752,752,0,41.15,,
2026-07-10T12:10:52 ET,2026-07-10T12:10:00 ET,2026-07-10,Fri,1210ET,AGGREGATE,29971.5,707.585,29987.6,NEAR_FLIP,EXPANSION,,24.183127962085305,,19.86,24.82,29.46,23.53,32694.64,772.0,2723.1399999999994,9.08576480990274,8406.33,8406.33,265465.59,-7369.25,9185.01,0.006601,31.58,33,33,0,27.54,,
2026-07-10T12:10:52 ET,2026-07-10T12:10:00 ET,2026-07-10,Fri,1210ET,AGGREGATE,29971.5,707.585,29987.6,NEAR_FLIP,EXPANSION,,24.183127962085305,,19.86,24.82,29.46,23.53,32694.75,772.0,2723.25,9.086131825233974,7810.03,7810.03,281633.94,-5751.18,7908.05,0.004357,30.77,40,40,0,24.09,,
2026-07-10T12:10:52 ET,2026-07-10T12:10:00 ET,2026-07-10,Fri,1210ET,AGGREGATE,29971.5,707.585,29987.6,NEAR_FLIP,EXPANSION,,24.183127962085305,,19.86,24.82,29.46,23.53,32699.96,772.0,2728.459999999999,9.10351500592229,39424.55,39424.55,807751.12,-86193.04,41404.38,0.025178,91.87,183,183,0,42.72,,
2026-07-10T12:10:52 ET,2026-07-10T12:10:00 ET,2026-07-10,Fri,1210ET,AGGREGATE,29971.5,707.585,29987.6,NEAR_FLIP,EXPANSION,,24.183127962085305,,19.86,24.82,29.46,23.53,32736.99,773.0,2765.4900000000016,9.22706571242681,7355.66,7355.66,239937.19,-6570.8,7693.49,0.004435,27.14,36,36,0,27.06,,
2026-07-10T12:10:52 ET,2026-07-10T12:10:00 ET,2026-07-10,Fri,1210ET,AGGREGATE,29971.5,707.585,29987.6,NEAR_FLIP,EXPANSION,,24.183127962085305,,19.86,24.82,29.46,23.53,32737.1,773.0,2765.5999999999985,9.227432727758032,181879.27,181879.27,6605837.58,-136018.99,184502.11,0.095447,722.25,992,992,0,24.28,,
2026-07-10T12:10:52 ET,2026-07-10T12:10:00 ET,2026-07-10,Fri,1210ET,AGGREGATE,29971.5,707.585,29987.6,NEAR_FLIP,EXPANSION,,24.183127962085305,,19.86,24.82,29.46,23.53,32742.31,773.0,2770.8100000000013,9.244815908446363,62679.73,62679.73,1329033.19,-140180.66,62790.19,0.029863,143.17,372,372,0,41.9,,
2026-07-10T12:10:52 ET,2026-07-10T12:10:00 ET,2026-07-10,Fri,1210ET,AGGREGATE,29971.5,707.585,29987.6,NEAR_FLIP,EXPANSION,,24.183127962085305,,19.86,24.82,29.46,23.53,32779.34,774.0,2807.8399999999965,9.368366614950858,41281.19,41281.19,1083426.23,-36965.67,64881.96,0.114495,192.92,66,66,0,34.17,,
2026-07-10T12:10:52 ET,2026-07-10T12:10:00 ET,2026-07-10,Fri,1210ET,AGGREGATE,29971.5,707.585,29987.6,NEAR_FLIP,EXPANSION,,24.183127962085305,,19.86,24.82,29.46,23.53,32779.45,774.0,2807.949999999997,9.368733630282092,6305.5,6305.5,233549.61,-4795.72,6264.44,0.002786,24.91,40,40,0,24.16,,
2026-07-10T12:10:52 ET,2026-07-10T12:10:00 ET,2026-07-10,Fri,1210ET,AGGREGATE,29971.5,707.585,29987.6,NEAR_FLIP,EXPANSION,,24.183127962085305,,19.86,24.82,29.46,23.53,32784.67,774.0,2813.1699999999983,9.386150176000529,24906.61,24906.61,516053.19,-56201.73,26391.3,0.014495,59.11,128,128,0,43.51,,
2026-07-10T12:10:52 ET,2026-07-10T12:10:00 ET,2026-07-10,Fri,1210ET,AGGREGATE,29971.5,707.585,29987.6,NEAR_FLIP,EXPANSION,,24.183127962085305,,19.86,24.82,29.46,23.53,32821.69,775.0,2850.1900000000023,9.509667517474943,4844.9,4844.9,162912.42,-4475.61,4937.17,0.00225,17.85,30,30,0,27.030000000000005,,
2026-07-10T12:10:52 ET,2026-07-10T12:10:00 ET,2026-07-10,Fri,1210ET,AGGREGATE,29971.5,707.585,29987.6,NEAR_FLIP,EXPANSION,,24.183127962085305,,19.86,24.82,29.46,23.53,32821.8,775.0,2850.300000000003,9.510034532806175,17671.95,17671.95,650689.27,-13622.03,18000.72,0.008234,71.27,109,109,0,24.66,,
2026-07-10T12:10:52 ET,2026-07-10T12:10:00 ET,2026-07-10,Fri,1210ET,AGGREGATE,29971.5,707.585,29987.6,NEAR_FLIP,EXPANSION,,24.183127962085305,,19.86,24.82,29.46,23.53,32827.03,775.0,2855.529999999999,9.527484443554707,200939.6,200939.6,4237808.5,-461862.77,209157.02,0.100451,475.19,1181,1181,0,43.36,,
